direction,seed,method,access,draw,strategy,k,pool_rows,candidate_rows,balanced_accuracy,fpr_argmax,detection_argmax,balanced_accuracy_unranked,predicted_attack_share,degenerate,auroc,n_eval,n_attack,fpr_at_threshold,detection_at_threshold,fpr_at_95_threshold_free,threshold_source,n_fit,n_threshold,attack_share_fit
UNSW_to_CIC,42,zero_shot,zero-shot,0,none,0,100000,858143,0.48139035306853695,0.6773043550006188,0.6400850611376927,0.48139035306853695,0.6702760736196319,False,0.5019077741438791,358600,67716,0.7677871591424761,0.8229517396184063,0.9906457556964288,source validation,,,
UNSW_to_CIC,42,within_dataset_reference,"reference (target labels, leak-free)",0,none,200000,100000,858143,0.9689291527011489,0.013039562162236493,0.9508978675645342,0.9689291527011489,0.19013943112102621,False,0.9959831366819099,358600,67716,0.012757662848420677,0.9462903892728454,0.012970806232037514,reference validation blocks,,,
UNSW_to_CIC,42,source+target,few-shot,0,random,100,100000,858143,0.7293735202676176,0.1542986207560402,0.6130456612912754,0.7293735202676176,0.24092582264361406,False,0.7607680891653725,358600,67716,0.21477977475557267,0.6839594778191269,0.900200767316181,held-out labelled half,50.0,50.0,0.18
UNSW_to_CIC,42,target_only,few-shot (no source data),0,random,100,100000,858143,0.7057806320468629,0.03217433753661253,0.4437356016303385,0.7057806320468629,0.10989124372559955,False,0.8111377223396872,358600,67716,1.0,1.0,1.0,held-out labelled half,50.0,50.0,0.18
UNSW_to_CIC,42,source+target,few-shot,0,random,500,100000,858143,0.8917727623386985,0.0917719778330881,0.875317502510485,0.8917727623386985,0.23973229224762968,False,0.9521361276143417,358600,67716,0.0799322066528238,0.8713745643570205,0.3666788135476685,held-out labelled half,250.0,250.0,0.228
UNSW_to_CIC,42,target_only,few-shot (no source data),0,random,500,100000,858143,0.9238425408246043,0.058260337454105415,0.9059454191033138,0.9238425408246043,0.2183324037925265,False,0.9707668855233436,358600,67716,0.05043247480095158,0.887116781853624,0.12464418806122028,held-out labelled half,250.0,250.0,0.228
UNSW_to_CIC,42,source+target,few-shot,0,random,1000,100000,858143,0.9137829049061524,0.056582692757250315,0.8841485025695552,0.9137829049061524,0.21285554935861684,False,0.9700504984527138,358600,67716,0.04181048115399953,0.8793195108984583,0.2643459248360171,held-out labelled half,500.0,500.0,0.216
UNSW_to_CIC,42,target_only,few-shot (no source data),0,random,1000,100000,858143,0.942723256558916,0.030348867589829624,0.9157953807076614,0.942723256558916,0.1975515895147797,False,0.9841561224245016,358600,67716,0.026460719737077323,0.8872496898812688,0.05267735592194827,held-out labelled half,500.0,500.0,0.216
UNSW_to_CIC,42,source+target,few-shot,0,random,5000,100000,858143,0.9569243706390859,0.0319543185599758,0.9458030598381476,0.9569243706390859,0.20452035694366982,False,0.9915214657445734,358600,67716,0.02480713961579186,0.9278014058715813,0.035436806424554115,held-out labelled half,2500.0,2500.0,0.2196
UNSW_to_CIC,42,target_only,few-shot (no source data),0,random,5000,100000,858143,0.9637242561870443,0.020200492292460223,0.9476490046665486,0.9637242561870443,0.19533463469046292,False,0.9929924848897116,358600,67716,0.016917396625458946,0.9351999527438124,0.021018687861828082,held-out labelled half,2500.0,2500.0,0.2196
UNSW_to_CIC,42,source+target,few-shot,0,random,10000,100000,858143,0.9610074866764275,0.02335982728510334,0.9453748006379585,0.9610074866764275,0.19746793084216396,False,0.9942607202395166,358600,67716,0.018072496252801804,0.9291157185894028,0.025615021795629873,held-out labelled half,5000.0,5000.0,0.2032
UNSW_to_CIC,42,target_only,few-shot (no source data),0,random,10000,100000,858143,0.9610721815838488,0.016319220032727823,0.9384635832004253,0.9610721815838488,0.19045175683212492,False,0.9951739829702124,358600,67716,0.01682801391620027,0.9421997755331089,0.02284759560512094,held-out labelled half,5000.0,5000.0,0.2032
UNSW_to_CIC,42,source+target,few-shot,0,diverse,100,100000,858143,0.6889922957528252,0.12109981985946287,0.4990844113651131,0.6889922957528252,0.19247629670942554,False,0.5952318125701824,358600,67716,0.9756947786746607,0.9301494476933073,0.9756982164711706,held-out labelled half,50.0,50.0,0.22
UNSW_to_CIC,42,target_only,few-shot (no source data),0,diverse,100,100000,858143,0.7183539695836453,0.0064664952352140375,0.4431744344025046,0.7183539695836453,0.0889319576129392,False,0.8124362953704855,358600,67716,0.8745651187414915,0.99317738791423,0.8745651187414915,held-out labelled half,50.0,50.0,0.22
UNSW_to_CIC,42,source+target,few-shot,0,diverse,500,100000,858143,0.9136593609090272,0.04554736596031408,0.8728660877783685,0.9136593609090272,0.20177356385945344,False,0.9591938698830302,358600,67716,0.5046135229163515,0.9629334278457086,0.2621457350696498,held-out labelled half,250.0,250.0,0.232
UNSW_to_CIC,42,target_only,few-shot (no source data),0,diverse,500,100000,858143,0.9400785556829975,0.0417520386133304,0.9219091499793254,0.9400785556829975,0.20795593976575572,False,0.9717708756008779,358600,67716,0.4978891929428913,0.9802114714395416,0.10923598410362893,held-out labelled half,250.0,250.0,0.232
UNSW_to_CIC,42,source+target,few-shot,0,diverse,1000,100000,858143,0.9134644441015136,0.036426891819419424,0.8633557800224467,0.9134644441015136,0.19257947573898493,False,0.9711285831833796,358600,67716,0.09729651682457612,0.9104199893673578,0.18636294880433438,held-out labelled half,500.0,500.0,0.204
UNSW_to_CIC,42,target_only,few-shot (no source data),0,diverse,1000,100000,858143,0.934259389265599,0.020503018385335737,0.8890217969165337,0.934259389265599,0.18450920245398772,False,0.985435182015443,358600,67716,0.06368861814331486,0.9542501033729104,0.06368861814331486,held-out labelled half,500.0,500.0,0.204
UNSW_to_CIC,42,source+target,few-shot,0,diverse,5000,100000,858143,0.938659596796819,0.023236066610745176,0.900555260204383,0.938659596796819,0.18890407138873397,False,0.9875071994310549,358600,67716,0.026216636184870946,0.905531927461752,0.07618157066046946,held-out labelled half,2500.0,2500.0,0.1868
UNSW_to_CIC,42,target_only,few-shot (no source data),0,diverse,5000,100000,858143,0.9552039746306611,0.017319618817122975,0.9277275680784453,0.9552039746306611,0.18923591745677634,False,0.9916917385121462,358600,67716,0.020059542635552315,0.9364994979030067,0.04161796454944239,held-out labelled half,2500.0,2500.0,0.1868
UNSW_to_CIC,42,source+target,few-shot,0,diverse,10000,100000,858143,0.9500315026358808,0.017415877119401547,0.917478882391163,0.9500315026358808,0.18737869492470718,False,0.9928135798088072,358600,67716,0.01085312358190894,0.8987388504932364,0.024294907935809462,held-out labelled half,5000.0,5000.0,0.1802
UNSW_to_CIC,42,target_only,few-shot (no source data),0,diverse,10000,100000,858143,0.9689753965369831,0.01598919156777272,0.953939984641739,0.9689753965369831,0.19310652537646403,False,0.9953314233231191,358600,67716,0.008989837873516591,0.8926693838974541,0.015566342597048996,held-out labelled half,5000.0,5000.0,0.1802
UNSW_to_CIC,42,zero_shot,zero-shot,1,none,0,100000,856343,0.46613462257015265,0.6758754245947364,0.6081446697350417,0.46613462257015265,0.6635706214689265,False,0.49923214070839844,354000,64312,0.7714506641628235,0.8102220425426048,0.9907417635525116,source validation,,,
UNSW_to_CIC,42,within_dataset_reference,"reference (target labels, leak-free)",1,none,200143,100000,856343,0.977071991370711,0.014384441191903012,0.9685284239333251,0.977071991370711,0.18772598870056498,False,0.9980972796282565,354000,64312,0.005844218607605423,0.9321588506033088,0.013331584325205047,reference validation blocks,,,
UNSW_to_CIC,42,source+target,few-shot,1,random,100,100000,856343,0.7548997902454415,0.18147109994200658,0.6912706804328896,0.7548997902454415,0.27408757062146893,False,0.8450048074442602,354000,64312,0.6790374471845572,0.9686061699216321,0.6306232912650852,held-out labelled half,50.0,50.0,0.18
UNSW_to_CIC,42,target_only,few-shot (no source data),1,random,100,100000,856343,0.6728596125992742,0.10220651183342079,0.44792573703196914,0.6728596125992742,0.1650141242937853,False,0.8948080131770525,354000,64312,0.3323920908011378,0.9589190197785794,0.29463422716853993,held-out labelled half,50.0,50.0,0.18
UNSW_to_CIC,42,source+target,few-shot,1,random,500,100000,856343,0.9043771829616114,0.06425533677611775,0.8730097026993408,0.9043771829616114,0.21118361581920905,False,0.9539636181300032,354000,64312,0.1813537322912927,0.9118826968528424,0.33977934881665794,held-out labelled half,250.0,250.0,0.248
UNSW_to_CIC,42,target_only,few-shot (no source data),1,random,500,100000,856343,0.9052162575763553,0.019054983292369723,0.8294874984450802,0.9052162575763553,0.16628813559322034,False,0.9793808281730174,354000,64312,0.08485681146612907,0.9367458639134221,0.10354588384744967,held-out labelled half,250.0,250.0,0.248
UNSW_to_CIC,42,source+target,few-shot,1,random,1000,100000,856343,0.9151743781778338,0.06074466322388224,0.8910934195795497,0.9151743781778338,0.2115960451977401,False,0.9640178847396664,354000,64312,0.34421170362597003,0.9643612389600696,0.25119784043522686,held-out labelled half,500.0,500.0,0.182
UNSW_to_CIC,42,target_only,few-shot (no source data),1,random,1000,100000,856343,0.9389132692420521,0.028209660048051696,0.9060361985321558,0.9389132692420521,0.1876864406779661,False,0.9796052341820727,354000,64312,0.12690895031896385,0.9560268690135589,0.10695299770787882,held-out labelled half,500.0,500.0,0.182
UNSW_to_CIC,42,source+target,few-shot,1,random,5000,100000,856343,0.9604133328421395,0.029649139764160063,0.9504758054484389,0.9604133328421395,0.19693785310734463,False,0.9897944715396463,354000,64312,0.02329402667697661,0.9442872247792014,0.029328104719560353,held-out labelled half,2500.0,2500.0,0.2188
UNSW_to_CIC,42,target_only,few-shot (no source data),1,random,5000,100000,856343,0.9624856751229144,0.02256565684460523,0.9475370070904341,0.9624856751229144,0.19060734463276835,False,0.9921553459921016,354000,64312,0.01795034657976858,0.9374766762035079,0.023276766728342217,held-out labelled half,2500.0,2500.0,0.2188
UNSW_to_CIC,42,source+target,few-shot,1,random,10000,100000,856343,0.9661687583643227,0.021854546960868245,0.9541920636895136,0.9661687583643227,0.19123446327683616,False,0.9910281845258786,354000,64312,0.019317334511612494,0.9526371439233735,0.019317334511612494,held-out labelled half,5000.0,5000.0,0.193
UNSW_to_CIC,42,target_only,few-shot (no source data),1,random,10000,100000,856343,0.9655772045957408,0.01869942835050123,0.9498538375419828,0.9655772045957408,0.18786440677966101,False,0.9948895254744459,354000,64312,0.01591367264091022,0.9456089065804204,0.018730496258043135,held-out labelled half,5000.0,5000.0,0.193
UNSW_to_CIC,42,source+target,few-shot,1,diverse,100,100000,856343,0.6980033503340184,0.1669830990582972,0.5629897997263341,0.6980033503340184,0.23892655367231638,False,0.6213979302533459,354000,64312,0.9776103946314656,0.9642679437741013,0.9776103946314656,held-out labelled half,50.0,50.0,0.2
UNSW_to_CIC,42,target_only,few-shot (no source data),1,diverse,100,100000,856343,0.65398356509881,0.03316671729584933,0.3411338474934693,0.65398356509881,0.08911581920903955,False,0.889425635551458,354000,64312,0.499913700256828,0.9945422316208483,0.3243834746347795,held-out labelled half,50.0,50.0,0.2
UNSW_to_CIC,42,source+target,few-shot,1,diverse,500,100000,856343,0.9063561742337207,0.051776393913451714,0.8644887423808931,0.9063561742337207,0.19942372881355933,False,0.9367436092937168,354000,64312,0.25884054569053605,0.9097835551685532,0.5581625749081771,held-out labelled half,250.0,250.0,0.224
UNSW_to_CIC,42,target_only,few-shot (no source data),1,diverse,500,100000,856343,0.9124329282990705,0.008726630029549032,0.83359248662769,0.9124329282990705,0.15858192090395481,False,0.9750969882277644,354000,64312,0.3007580569440225,0.9683418335613883,0.09185054265278507,held-out labelled half,250.0,250.0,0.224
UNSW_to_CIC,42,source+target,few-shot,1,diverse,1000,100000,856343,0.9422076427239774,0.03810306260528569,0.9225183480532404,0.9422076427239774,0.19877683615819208,False,0.9730500334925021,354000,64312,0.20376750158791526,0.9608782186839159,0.17487089558421473,held-out labelled half,500.0,500.0,0.194
UNSW_to_CIC,42,target_only,few-shot (no source data),1,diverse,1000,100000,856343,0.9458233954189023,0.023407942337963603,0.9150547331757681,0.9458233954189023,0.1853954802259887,False,0.9807044316705948,354000,64312,0.12760280025406645,0.9652319940291081,0.054503465797685786,held-out labelled half,500.0,500.0,0.194
UNSW_to_CIC,42,source+target,few-shot,1,diverse,5000,100000,856343,0.9602422985383499,0.022620888680235287,0.943105485756935,0.9602422985383499,0.18984745762711863,False,0.984260814484579,354000,64312,0.03565560188892878,0.9512377161338474,0.03168581370301842,held-out labelled half,2500.0,2500.0,0.1984
UNSW_to_CIC,42,target_only,few-shot (no source data),1,diverse,5000,100000,856343,0.9617125582457031,0.017332440418657315,0.9407575569100635,0.9617125582457031,0.18509322033898304,False,0.9883461809890486,354000,64312,0.03682927839606749,0.9555914914790397,0.024167380077876888,held-out labelled half,2500.0,2500.0,0.1984
UNSW_to_CIC,42,source+target,few-shot,1,diverse,10000,100000,856343,0.9659462117341723,0.022517328988428932,0.9544097524567733,0.9659462117341723,0.19181638418079097,False,0.990317684129381,354000,64312,0.009392864046836596,0.9201237716133848,0.020232111789235317,held-out labelled half,5000.0,5000.0,0.1704
UNSW_to_CIC,42,target_only,few-shot (no source data),1,diverse,10000,100000,856343,0.9711851040402307,0.01833696942917898,0.9607071775096405,0.9711851040402307,0.18953954802259887,False,0.9941966801600317,354000,64312,0.014719284195410234,0.9465418584401045,0.015854988815553285,held-out labelled half,5000.0,5000.0,0.1704
UNSW_to_CIC,42,zero_shot,zero-shot,2,none,0,100000,858343,0.5021376209288846,0.6866035621401033,0.6908788039978723,0.5021376209288846,0.6874634009009009,False,0.5202130159023124,355200,71438,0.7742650531078862,0.8274307791371539,0.9914822985459646,source validation,,,
UNSW_to_CIC,42,within_dataset_reference,"reference (target labels, leak-free)",2,none,200200,100000,858343,0.9708517317208056,0.01525221840838449,0.9569556818499958,0.9708517317208056,0.2046480855855856,False,0.9971275844329932,355200,71438,0.00020439664225653894,0.78202077325793,0.01499848464558327,reference validation blocks,,,
UNSW_to_CIC,42,source+target,few-shot,2,random,100,100000,858343,0.7726839255490066,0.21107829801030442,0.7564461491083178,0.7726839255490066,0.32076295045045045,False,0.8008312096458514,355200,71438,0.9690339086981343,0.9837341470925838,0.9444640226668828,held-out labelled half,50.0,50.0,0.24
UNSW_to_CIC,42,target_only,few-shot (no source data),2,random,100,100000,858343,0.7271572141538573,0.03504697598691862,0.4893614042946331,0.7271572141538573,0.12641891891891893,False,0.8208915353262669,355200,71438,0.9990132575891064,0.996360480416585,0.9990132575891064,held-out labelled half,50.0,50.0,0.24
UNSW_to_CIC,42,source+target,few-shot,2,random,500,100000,858343,0.838427059347001,0.06461400751333864,0.7414681262073406,0.838427059347001,0.20074324324324325,False,0.8702594004823198,355200,71438,0.7955152557424884,0.94470729863658,0.8052558129700241,held-out labelled half,250.0,250.0,0.164
UNSW_to_CIC,42,target_only,few-shot (no source data),2,random,500,100000,858343,0.7823571001739462,0.011953679491968622,0.5766678798398611,0.7823571001739462,0.1255292792792793,False,0.9313699332041001,355200,71438,0.45415171869383497,0.9482068366975559,0.45738682416955057,held-out labelled half,250.0,250.0,0.164
UNSW_to_CIC,42,source+target,few-shot,2,random,1000,100000,858343,0.9140179557504631,0.06034282250618476,0.8883787340071111,0.9140179557504631,0.2268778153153153,False,0.9650469378257461,355200,71438,0.15726911989625109,0.9159550939276015,0.21667101303204797,held-out labelled half,500.0,500.0,0.204
UNSW_to_CIC,42,target_only,few-shot (no source data),2,random,1000,100000,858343,0.926129243627375,0.025845603005335456,0.8781040902600856,0.926129243627375,0.19725225225225226,False,0.9752715573755062,355200,71438,0.07328324440904702,0.9197205968812117,0.12518589522205228,held-out labelled half,500.0,500.0,0.204
UNSW_to_CIC,42,source+target,few-shot,2,random,5000,100000,858343,0.9574432275545065,0.0288269747182498,0.9437134298272628,0.9574432275545065,0.2128293918918919,False,0.9904112605085467,355200,71438,0.022991098173821722,0.9347966068478961,0.036361457841430495,held-out labelled half,2500.0,2500.0,0.1944
UNSW_to_CIC,42,target_only,few-shot (no source data),2,random,5000,100000,858343,0.9551466236432615,0.021549749437909233,0.9318429967244324,0.9551466236432615,0.20462837837837838,False,0.993533518442602,355200,71438,0.01934015125351527,0.9263557210448221,0.03335189348820491,held-out labelled half,2500.0,2500.0,0.1944
UNSW_to_CIC,42,source+target,few-shot,2,random,10000,100000,858343,0.9616356649267318,0.02480952347389714,0.9480808533273608,0.9616356649267318,0.2104983108108108,False,0.99323628625613,355200,71438,0.021701284879582186,0.9444553318961897,0.02753011326393245,held-out labelled half,5000.0,5000.0,0.1864
UNSW_to_CIC,42,target_only,few-shot (no source data),2,random,10000,100000,858343,0.964926743081857,0.020355086304720153,0.9502085724684342,0.964926743081857,0.20736768018018018,False,0.9946867029445714,355200,71438,0.01644688154157357,0.9443153503737507,0.020337465904525624,held-out labelled half,5000.0,5000.0,0.1864
UNSW_to_CIC,42,source+target,few-shot,2,diverse,100,100000,858343,0.7298625472691542,0.1767008972307779,0.6364259917690864,0.7298625472691542,0.269161036036036,False,0.79416994904037,355200,71438,0.631148638647881,0.8720708866429632,0.9526575087573389,held-out labelled half,50.0,50.0,0.24
UNSW_to_CIC,42,target_only,few-shot (no source data),2,diverse,100,100000,858343,0.7567513737660484,0.038976325230298633,0.5524790727623954,0.7567513737660484,0.14225225225225224,False,0.9138928247638592,355200,71438,0.285873372756042,0.9671743329880456,0.285873372756042,held-out labelled half,50.0,50.0,0.24
UNSW_to_CIC,42,source+target,few-shot,2,diverse,500,100000,858343,0.9102487273985992,0.0609101993924486,0.881407654189647,0.9102487273985992,0.22592905405405406,False,0.957002029214992,355200,71438,0.10591974964935404,0.9136174025028696,0.3031589853468752,held-out labelled half,250.0,250.0,0.22
UNSW_to_CIC,42,target_only,few-shot (no source data),2,diverse,500,100000,858343,0.9299660255123952,0.04406862088651758,0.9040006719113077,0.9299660255123952,0.21701858108108107,False,0.9728054547993271,355200,71438,0.42977918114476216,0.9855119124275595,0.119956160444316,held-out labelled half,250.0,250.0,0.22
UNSW_to_CIC,42,source+target,few-shot,2,diverse,1000,100000,858343,0.8809102187833244,0.0358222735954779,0.7976427111621266,0.8809102187833244,0.18903997747747747,False,0.9577280230504981,355200,71438,0.2703251316243895,0.9332708082533105,0.323602173652568,held-out labelled half,500.0,500.0,0.186
UNSW_to_CIC,42,target_only,few-shot (no source data),2,diverse,1000,100000,858343,0.8824438887178585,0.011953679491968622,0.7768414569276856,0.8824438887178585,0.1657882882882883,False,0.9722608831822414,355200,71438,0.4539402738915006,0.9791567513088273,0.11511759855089829,held-out labelled half,500.0,500.0,0.186
UNSW_to_CIC,42,source+target,few-shot,2,diverse,5000,100000,858343,0.9418505422080841,0.030476244176457737,0.9141773285926258,0.9418505422080841,0.20820664414414414,False,0.98488812002101,355200,71438,0.037140279530028686,0.9194546319885775,0.10447840091344154,held-out labelled half,2500.0,2500.0,0.1744
UNSW_to_CIC,42,target_only,few-shot (no source data),2,diverse,5000,100000,858343,0.9629503872186315,0.022614021609658797,0.9485147960469218,0.9629503872186315,0.20883164414414415,False,0.9936615815666033,355200,71438,0.020104876621957837,0.9453512136397996,0.02367124562133055,held-out labelled half,2500.0,2500.0,0.1744
UNSW_to_CIC,42,source+target,few-shot,2,diverse,10000,100000,858343,0.9463634902151601,0.019336627173476364,0.9120636076037963,0.9463634902151601,0.19888231981981982,False,0.9917282980832447,355200,71438,0.00986037594885855,0.8988353537333073,0.05492631148638648,held-out labelled half,5000.0,5000.0,0.1644
UNSW_to_CIC,42,target_only,few-shot (no source data),2,diverse,10000,100000,858343,0.9662616032629154,0.020918939110945087,0.953442145636776,0.9662616032629154,0.20846846846846848,False,0.9934914151625469,355200,71438,0.008369690092401379,0.8762563341638904,0.018825635567835015,held-out labelled half,5000.0,5000.0,0.1644
UNSW_to_CIC,42,zero_shot,zero-shot,3,none,0,100000,863200,0.47032187440157885,0.6671558210525587,0.6077995698557165,0.47032187440157885,0.6555522452059486,False,0.4999909343088614,359143,70209,0.763530771733337,0.8325428363884972,0.9926176912374453,source validation,,,
UNSW_to_CIC,42,within_dataset_reference,"reference (target labels, leak-free)",3,none,200600,100000,863200,0.9792655665803167,0.014948050419819059,0.9734791835804526,0.9792655665803167,0.20233166176147105,False,0.9981108951852378,359143,70209,0.014740390539015831,0.9730234015582048,0.0141831698588605,reference validation blocks,,,
UNSW_to_CIC,42,source+target,few-shot,3,random,100,100000,863200,0.7156409492467287,0.21295174676569736,0.6442336452591548,0.7156409492467287,0.29726320713476245,False,0.7484243477618857,359143,70209,0.8130265043227866,0.9449785640017662,0.8146116414129179,held-out labelled half,50.0,50.0,0.24
UNSW_to_CIC,42,target_only,few-shot (no source data),3,random,100,100000,863200,0.7938746595562208,0.16154208227484476,0.7492914013872866,0.7938746595562208,0.27644141748551415,False,0.8893532282162777,359143,70209,0.4759010708327853,0.9860559187568545,0.3711055119854361,held-out labelled half,50.0,50.0,0.24
UNSW_to_CIC,42,source+target,few-shot,3,random,500,100000,863200,0.8862329568774014,0.07152844594267203,0.8439943596974747,0.8862329568774014,0.2225380976379882,False,0.9429520411898589,359143,70209,0.36878318231845336,0.9602472617470694,0.36878318231845336,held-out labelled half,250.0,250.0,0.176
UNSW_to_CIC,42,target_only,few-shot (no source data),3,random,500,100000,863200,0.8827331521237017,0.05390158306049132,0.819367887307895,0.8827331521237017,0.2035428784634533,False,0.9654409944725852,359143,70209,0.28441789474412843,0.965616943696677,0.14791267209812622,held-out labelled half,250.0,250.0,0.176
UNSW_to_CIC,42,source+target,few-shot,3,random,1000,100000,863200,0.9302935604731892,0.05258640381540421,0.9131735247617827,0.9302935604731892,0.22082290341173294,False,0.9742283997597404,359143,70209,0.2124533630517696,0.962768306057628,0.20783293070389777,held-out labelled half,500.0,500.0,0.198
UNSW_to_CIC,42,target_only,few-shot (no source data),3,random,1000,100000,863200,0.9418812375678212,0.03140509597347491,0.9151675711091171,0.9418812375678212,0.20417215426724175,False,0.9839215757438284,359143,70209,0.09063315497656904,0.9556039823954194,0.07597236739186111,held-out labelled half,500.0,500.0,0.198
UNSW_to_CIC,42,source+target,few-shot,3,random,5000,100000,863200,0.9638494252619099,0.03139471297943475,0.9590935635032546,0.9638494252619099,0.2127509098047296,False,0.9925211021126612,359143,70209,0.02724497636138357,0.9540514748821376,0.02724497636138357,held-out labelled half,2500.0,2500.0,0.1904
UNSW_to_CIC,42,target_only,few-shot (no source data),3,random,5000,100000,863200,0.9687228940834766,0.02463884485730305,0.9620846330242562,0.9687228940834766,0.20790047418437782,False,0.9946590994858724,359143,70209,0.022008486367128825,0.9569855716503582,0.022008486367128825,held-out labelled half,2500.0,2500.0,0.1904
UNSW_to_CIC,42,source+target,few-shot,3,random,10000,100000,863200,0.9653192430261196,0.0236836094056082,0.9543220954578473,0.9653192430261196,0.2056144766847746,False,0.9900833596552119,359143,70209,0.01895242512130798,0.9404065005910923,0.02229228820422657,held-out labelled half,5000.0,5000.0,0.1988
UNSW_to_CIC,42,target_only,few-shot (no source data),3,random,10000,100000,863200,0.966508235399692,0.020080710473672186,0.9530971812730562,0.966508235399692,0.20247645088446664,False,0.9935823055062224,359143,70209,0.015761384952965037,0.9420159808571551,0.019405815861061694,held-out labelled half,5000.0,5000.0,0.1988
UNSW_to_CIC,42,source+target,few-shot,3,diverse,100,100000,863200,0.8237657143456426,0.2513134487460804,0.8988448774373656,0.8237657143456426,0.37789961101845226,False,0.8873114520005007,359143,70209,0.10689984563948861,0.794784144482901,0.8707351851980037,held-out labelled half,50.0,50.0,0.18
UNSW_to_CIC,42,target_only,few-shot (no source data),3,diverse,100,100000,863200,0.6393319302295852,0.011712017277302082,0.29037587773647255,0.6393319302295852,0.06618812005245821,False,0.8588371820044833,359143,70209,0.9850796375642881,0.9956985571650359,0.3965992233520458,held-out labelled half,50.0,50.0,0.18
UNSW_to_CIC,42,source+target,few-shot,3,diverse,500,100000,863200,0.905228980078635,0.09629188672845702,0.9067498468857269,0.905228980078635,0.2547286178486007,False,0.9577588967033718,359143,70209,0.09730595914637945,0.9072626016607558,0.3105103587670541,held-out labelled half,250.0,250.0,0.244
UNSW_to_CIC,42,target_only,few-shot (no source data),3,diverse,500,100000,863200,0.9194197327170096,0.06882194549620328,0.9076614109302226,0.9194197327170096,0.23280698774582825,False,0.9690784235257087,359143,70209,0.0808766015768307,0.9145123844521358,0.18945157025479867,held-out labelled half,250.0,250.0,0.244
UNSW_to_CIC,42,source+target,few-shot,3,diverse,1000,100000,863200,0.9421562918185841,0.036281642174337395,0.9205942258115056,0.9421562918185841,0.2091562413857433,False,0.9735723819535189,359143,70209,0.0634366325873729,0.9324730447663405,0.19814905826244056,held-out labelled half,500.0,500.0,0.204
UNSW_to_CIC,42,target_only,few-shot (no source data),3,diverse,1000,100000,863200,0.9469296360809278,0.021222839818089943,0.9150821119799456,0.9469296360809278,0.19596372475587717,False,0.9793278086925908,359143,70209,0.11617532031536613,0.954948795738438,0.11617532031536613,held-out labelled half,500.0,500.0,0.204
UNSW_to_CIC,42,source+target,few-shot,3,diverse,5000,100000,863200,0.958243785290533,0.021326669758491557,0.9378142403395576,0.958243785290533,0.20049116925570037,False,0.9920104583497309,359143,70209,0.030179902676735863,0.9595351023373072,0.030179902676735863,held-out labelled half,2500.0,2500.0,0.174
UNSW_to_CIC,42,target_only,few-shot (no source data),3,diverse,5000,100000,863200,0.9664628607539784,0.016810067351021342,0.9497357888589782,0.9664628607539784,0.19918806714874018,False,0.994686564555068,359143,70209,0.018049104639813938,0.9592787249497927,0.01682391134307489,held-out labelled half,2500.0,2500.0,0.174
UNSW_to_CIC,42,source+target,few-shot,3,diverse,10000,100000,863200,0.9660018502383282,0.023856659306277558,0.9558603597829338,0.9660018502383282,0.20605441286618423,False,0.9941277311185566,359143,70209,0.01008188721299674,0.9183865316412426,0.02338250257844352,held-out labelled half,5000.0,5000.0,0.1746
UNSW_to_CIC,42,target_only,few-shot (no source data),3,diverse,10000,100000,863200,0.9694541957566818,0.016951968269570215,0.9558603597829338,0.9694541957566818,0.20049952247433472,False,0.9960819993548733,359143,70209,0.014878830459551316,0.9501630845048356,0.014878830459551316,held-out labelled half,5000.0,5000.0,0.1746
UNSW_to_CIC,42,zero_shot,zero-shot,4,none,0,100000,858200,0.47334495128723886,0.6821955719557196,0.6288854745301974,0.47334495128723886,0.6721217197096594,False,0.5006058988357758,358200,67688,0.7690938756402489,0.8249024937950596,0.9928918598887482,source validation,,,
UNSW_to_CIC,42,within_dataset_reference,"reference (target labels, leak-free)",4,none,200200,100000,858200,0.9779572223948235,0.017699785206807293,0.9736142299964543,0.9779572223948235,0.19833612506979342,False,0.9970132274174425,358200,67688,0.016047529878283857,0.9699946814797306,0.014897835545519635,reference validation blocks,,,
UNSW_to_CIC,42,source+target,few-shot,4,random,100,100000,858200,0.772423547585191,0.1930384975491546,0.7378855927195367,0.772423547585191,0.2959966499162479,False,0.838922956127718,358200,67688,0.6716176956545685,0.8953581136981444,0.9636813625598942,held-out labelled half,50.0,50.0,0.22
UNSW_to_CIC,42,target_only,few-shot (no source data),4,random,100,100000,858200,0.8666043335937031,0.0804510657046869,0.8136597328920931,0.8666043335937031,0.2190033500837521,False,0.9308261095562059,358200,67688,0.4221477942391364,0.9799225859827444,0.2857919810541389,held-out labelled half,50.0,50.0,0.22
UNSW_to_CIC,42,source+target,few-shot,4,random,500,100000,858200,0.9187533315812036,0.09800627857024839,0.9355129417326558,0.9187533315812036,0.2562674483528755,False,0.9739693477959029,358200,67688,0.026966183840942886,0.9098363077650395,0.1826464999724624,held-out labelled half,250.0,250.0,0.192
UNSW_to_CIC,42,target_only,few-shot (no source data),4,random,500,100000,858200,0.9475974737723587,0.05525417194470452,0.950449119489422,0.9475974737723587,0.22441652707984366,False,0.9746754207490359,358200,67688,0.03799498815883681,0.9163662687625577,0.05476193754474858,held-out labelled half,250.0,250.0,0.192
UNSW_to_CIC,42,source+target,few-shot,4,random,1000,100000,858200,0.9332811924120297,0.05918516274714986,0.925747547571209,0.9332811924120297,0.22293690675600222,False,0.9766130563257294,358200,67688,0.24609998898496446,0.9643363668597092,0.18209230599768683,held-out labelled half,500.0,500.0,0.184
UNSW_to_CIC,42,target_only,few-shot (no source data),4,random,1000,100000,858200,0.9466996736423069,0.032422068623671314,0.925821415908285,0.9466996736423069,0.20124511446119486,False,0.9853433169918796,358200,67688,0.13935741036514843,0.9629919631249262,0.07353568871509611,held-out labelled half,500.0,500.0,0.184
UNSW_to_CIC,42,source+target,few-shot,4,random,5000,100000,858200,0.9644860361853747,0.0328970920306218,0.961869164401371,0.9644860361853747,0.20844221105527638,False,0.9925574800289259,358200,67688,0.03158905656220741,0.9613225387070087,0.025334581704025996,held-out labelled half,2500.0,2500.0,0.1916
UNSW_to_CIC,42,target_only,few-shot (no source data),4,random,5000,100000,858200,0.9673327008649042,0.021382937709974115,0.9560483394397825,0.9673327008649042,0.19800390843104412,False,0.9951570418582398,358200,67688,0.022012860053973675,0.9628590001181894,0.018560334857079915,held-out labelled half,2500.0,2500.0,0.1916
UNSW_to_CIC,42,source+target,few-shot,4,random,10000,100000,858200,0.9711620750029144,0.025513576031282702,0.9678377260371115,0.9711620750029144,0.2035817978782803,False,0.9941946892657063,358200,67688,0.02141735969598502,0.9653409762439428,0.02141735969598502,held-out labelled half,5000.0,5000.0,0.2026
UNSW_to_CIC,42,target_only,few-shot (no source data),4,random,10000,100000,858200,0.9739958386589433,0.021338189128159938,0.9693298664460466,0.9739958386589433,0.20047738693467337,False,0.9956437752904161,358200,67688,0.018267747975987222,0.9631544734664933,0.018267747975987222,held-out labelled half,5000.0,5000.0,0.2026
UNSW_to_CIC,42,source+target,few-shot,4,diverse,100,100000,858200,0.8347710648185109,0.2775238200143195,0.9470659496513415,0.8347710648185109,0.40404522613065325,False,0.9031917176841235,358200,67688,0.2531633805144022,0.9231769294409644,0.28295216720823924,held-out labelled half,50.0,50.0,0.28
UNSW_to_CIC,42,target_only,few-shot (no source data),4,diverse,100,100000,858200,0.7614484486443366,0.04257999669548934,0.5654768939841627,0.7614484486443366,0.14139028475711893,False,0.8593211527914408,358200,67688,0.8440993831580107,0.9881219713981799,0.8440993831580107,held-out labelled half,50.0,50.0,0.28
UNSW_to_CIC,42,source+target,few-shot,4,diverse,500,100000,858200,0.8903218539173777,0.041894999173872335,0.8225387070086279,0.8903218539173777,0.1894109436069235,False,0.9374484832984198,358200,67688,0.28786418461199537,0.8831846117480203,0.4299168364817976,held-out labelled half,250.0,250.0,0.212
UNSW_to_CIC,42,target_only,few-shot (no source data),4,diverse,500,100000,858200,0.9005296735273527,0.025527344825687064,0.8265866918803924,0.9005296735273527,0.17690117252931323,False,0.9656315881630795,358200,67688,0.21742303243927963,0.964173856518142,0.15824131189073085,held-out labelled half,250.0,250.0,0.212
UNSW_to_CIC,42,source+target,few-shot,4,diverse,1000,100000,858200,0.9180399547370697,0.026938646252134164,0.8630185557262735,0.9180399547370697,0.18493020658849804,False,0.9622446420162926,358200,67688,0.16920471443520405,0.9133081196076114,0.2321935066365589,held-out labelled half,500.0,500.0,0.206
UNSW_to_CIC,42,target_only,few-shot (no source data),4,diverse,1000,100000,858200,0.9157676478060145,0.004698601090488517,0.8362338967025175,0.9157676478060145,0.16183137911781129,False,0.977416702829619,358200,67688,0.047956710910392684,0.9313615411889847,0.09905614914358099,held-out labelled half,500.0,500.0,0.206
UNSW_to_CIC,42,source+target,few-shot,4,diverse,5000,100000,858200,0.9596462898994877,0.025572093407501238,0.9448646732064768,0.9596462898994877,0.19928810720268006,False,0.9923443138405523,358200,67688,0.030060720383323237,0.9509366505141236,0.03000908740430688,held-out labelled half,2500.0,2500.0,0.1592
UNSW_to_CIC,42,target_only,few-shot (no source data),4,diverse,5000,100000,858200,0.9613488409529439,0.018281516770391585,0.9409791986762794,0.9613488409529439,0.19264098269123395,False,0.9946012489097982,358200,67688,0.02198532246516495,0.9515275972107315,0.021620449413449358,held-out labelled half,2500.0,2500.0,0.1592
UNSW_to_CIC,42,source+target,few-shot,4,diverse,10000,100000,858200,0.9698532694030791,0.026387894475959683,0.966094433282118,0.9698532694030791,0.20396147403685091,False,0.9934233781869943,358200,67688,0.01593393732444787,0.9370789504786669,0.02009899763176736,held-out labelled half,5000.0,5000.0,0.1628
UNSW_to_CIC,42,target_only,few-shot (no source data),4,diverse,10000,100000,858200,0.9742667992082505,0.01945186429476235,0.9679854627112634,0.9742667992082505,0.19869346733668342,False,0.9957589414418234,358200,67688,0.013070028088340586,0.9392211322538707,0.017417524921517873,held-out labelled half,5000.0,5000.0,0.1628
UNSW_to_CIC,43,zero_shot,zero-shot,0,none,0,100000,862943,0.4702359242946562,0.5190423214511735,0.45951417004048584,0.4702359242946562,0.5091583333333334,False,0.4575890250854266,360000,59774,0.6536176080685884,0.7193595877806405,0.958298082111476,source validation,,,
UNSW_to_CIC,43,within_dataset_reference,"reference (target labels, leak-free)",0,none,200400,100000,862943,0.9590674066368245,0.013976137976058036,0.9321109512497072,0.9590674066368245,0.16642222222222222,False,0.9948666062795214,360000,59774,0.021793582168100033,0.9518017867300164,0.02090092130594952,reference validation blocks,,,
UNSW_to_CIC,43,source+target,few-shot,0,random,100,100000,862943,0.74952239178534,0.24964193640790605,0.748686719978586,0.74952239178534,0.33250277777777776,False,0.8370996420993773,360000,59774,0.46935641816498236,0.8705457222203634,0.6967151412602506,held-out labelled half,50.0,50.0,0.24
UNSW_to_CIC,43,target_only,few-shot (no source data),0,random,100,100000,862943,0.7888749605242399,0.19404048949791158,0.7717904105463914,0.7888749605242399,0.28996944444444445,False,0.8776285473424188,360000,59774,0.3580469379733934,0.8536487436008967,0.4216290394569424,held-out labelled half,50.0,50.0,0.24
UNSW_to_CIC,43,source+target,few-shot,0,random,500,100000,862943,0.9013089418478524,0.06740921838881377,0.8700271020845184,0.9013089418478524,0.200675,False,0.9541980463975568,360000,59774,0.32685043933570046,0.9321276809315087,0.36033188331456967,held-out labelled half,250.0,250.0,0.208
UNSW_to_CIC,43,target_only,few-shot (no source data),0,random,500,100000,862943,0.9018532171418162,0.04184514332536156,0.8455515776089939,0.9018532171418162,0.17529166666666668,False,0.9734534930039525,360000,59774,0.19675178032548812,0.9719610533007662,0.13830247879930452,held-out labelled half,250.0,250.0,0.208
UNSW_to_CIC,43,source+target,few-shot,0,random,1000,100000,862943,0.9334495023262754,0.05759994137749562,0.9244989460300465,0.9334495023262754,0.20153888888888888,False,0.9619374743905214,360000,59774,0.05271362240445531,0.9193963930806036,0.22360155349636607,held-out labelled half,500.0,500.0,0.216
UNSW_to_CIC,43,target_only,few-shot (no source data),0,random,1000,100000,862943,0.9195070331232127,0.0443465922338505,0.8833606584802757,0.9195070331232127,0.18365555555555554,False,0.9684465274457495,360000,59774,0.08246787420143492,0.9227088700772911,0.23732787966398647,held-out labelled half,500.0,500.0,0.216
UNSW_to_CIC,43,source+target,few-shot,0,random,5000,100000,862943,0.9473198595829404,0.02726612618494068,0.9219058453508214,0.9473198595829404,0.1758111111111111,False,0.9849792871855008,360000,59774,0.01758675131401011,0.9145113259945796,0.073907656232305,held-out labelled half,2500.0,2500.0,0.1912
UNSW_to_CIC,43,target_only,few-shot (no source data),0,random,5000,100000,862943,0.9510719921002547,0.020481237467774277,0.9226252216682839,0.9510719921002547,0.1702722222222222,False,0.9923781499198912,360000,59774,0.01862929926122321,0.9167029143105698,0.03874414607662228,held-out labelled half,2500.0,2500.0,0.1912
UNSW_to_CIC,43,source+target,few-shot,0,random,10000,100000,862943,0.9546682600032569,0.02242310792536289,0.9317596279318767,0.9546682600032569,0.17340833333333333,False,0.9925558106918061,360000,59774,0.020537861477686808,0.9301703081607388,0.05226729197338005,held-out labelled half,5000.0,5000.0,0.1912
UNSW_to_CIC,43,target_only,few-shot (no source data),0,random,10000,100000,862943,0.9658642574893911,0.018216277071272973,0.9499447920500552,0.9658642574893911,0.17291944444444443,False,0.9942325602494543,360000,59774,0.017330277857347465,0.9479539599156824,0.01867926162291074,held-out labelled half,5000.0,5000.0,0.1912
UNSW_to_CIC,43,source+target,few-shot,0,diverse,100,100000,862943,0.7787578895425976,0.2586584772804487,0.8161742563656439,0.7787578895425976,0.3512277777777778,False,0.8285047389861476,360000,59774,0.8227868339184481,0.9893599223742764,0.7671887178325661,held-out labelled half,50.0,50.0,0.24
UNSW_to_CIC,43,target_only,few-shot (no source data),0,diverse,100,100000,862943,0.7388103440855741,0.23561583607016048,0.7132365242413089,0.7388103440855741,0.3149194444444444,False,0.8329532371947214,360000,59774,0.7111842412049589,0.9978084116840098,0.37105713695682585,held-out labelled half,50.0,50.0,0.24
UNSW_to_CIC,43,source+target,few-shot,0,diverse,500,100000,862943,0.9287018792392846,0.0459154103908389,0.9033191688694081,0.9287018792392846,0.18827777777777777,False,0.944711816278649,360000,59774,0.01919887018446104,0.8764011108508716,0.5952282613764297,held-out labelled half,250.0,250.0,0.224
UNSW_to_CIC,43,target_only,few-shot (no source data),0,diverse,500,100000,862943,0.935618255879831,0.023935302072438762,0.8951718138321009,0.935618255879831,0.16859444444444444,False,0.9647031863058428,360000,59774,0.03769826730529668,0.9021480911433064,0.2551777660828842,held-out labelled half,250.0,250.0,0.224
UNSW_to_CIC,43,source+target,few-shot,0,diverse,1000,100000,862943,0.9118534201853412,0.03780485367689674,0.8615116940475792,0.9118534201853412,0.1745722222222222,False,0.9473251276111024,360000,59774,0.14455110483435812,0.8996720982366916,0.43172809816604824,held-out labelled half,500.0,500.0,0.2
UNSW_to_CIC,43,target_only,few-shot (no source data),0,diverse,1000,100000,862943,0.9289198818279017,0.02180690546455004,0.8796466691203534,0.9289198818279017,0.16424166666666667,False,0.9731920500584622,360000,59774,0.02165035673126245,0.8795295613477432,0.21484481690459853,held-out labelled half,500.0,500.0,0.2
UNSW_to_CIC,43,source+target,few-shot,0,diverse,5000,100000,862943,0.9533309994859025,0.01848940464849813,0.9251514036203031,0.9533309994859025,0.16903055555555555,False,0.9889460757532569,360000,59774,0.027712456616015936,0.9517683273664135,0.027712456616015936,held-out labelled half,2500.0,2500.0,0.1608
UNSW_to_CIC,43,target_only,few-shot (no source data),0,diverse,5000,100000,862943,0.9603613194656984,0.020188124945874106,0.940910763877271,0.9603613194656984,0.17306388888888888,False,0.9916667321344993,360000,59774,0.01768667603738517,0.9329976243851842,0.02784235875640351,held-out labelled half,2500.0,2500.0,0.1608
UNSW_to_CIC,43,source+target,few-shot,0,diverse,10000,100000,862943,0.9527356447944135,0.021537108711437384,0.9270083983002644,0.9527356447944135,0.17188055555555556,False,0.9911365889097153,360000,59774,0.01728697714388494,0.9208686050791314,0.052830201248392876,held-out labelled half,5000.0,5000.0,0.1576
UNSW_to_CIC,43,target_only,few-shot (no source data),0,diverse,10000,100000,862943,0.948009081839491,0.024298361900701473,0.9203165255796835,0.948009081839491,0.1730722222222222,False,0.9929342531110363,360000,59774,0.014515731482283347,0.9137417606317128,0.036945501055871244,held-out labelled half,5000.0,5000.0,0.1576
UNSW_to_CIC,43,zero_shot,zero-shot,1,none,0,100000,852600,0.4967169516870569,0.5012957286514581,0.49472963202557174,0.4967169516870569,0.49983012457531145,False,0.48669347382173117,353200,78837,0.6475654516097287,0.7696513058589242,0.9783425607680336,source validation,,,
UNSW_to_CIC,43,within_dataset_reference,"reference (target labels, leak-free)",1,none,200600,100000,852600,0.979661060871447,0.014827072163520591,0.9741491939064145,0.979661060871447,0.22895526613816536,False,0.9982545389461271,353200,78837,0.013591482816560542,0.9706482996562528,0.013489428239230508,reference validation blocks,,,
UNSW_to_CIC,43,source+target,few-shot,1,random,100,100000,852600,0.7583395470688605,0.16948349449452002,0.6861625886322412,0.7583395470688605,0.28481030577576444,False,0.8891309715453481,353200,78837,0.16841192143255468,0.681304463640169,0.384753046146893,held-out labelled half,50.0,50.0,0.12
UNSW_to_CIC,43,target_only,few-shot (no source data),1,random,100,100000,852600,0.5996441037300239,0.0341554801485623,0.23344368760861017,0.5996441037300239,0.07863816534541336,False,0.8123372086972802,353200,78837,0.5292841964842198,0.9929094207034768,0.39924479612775776,held-out labelled half,50.0,50.0,0.12
UNSW_to_CIC,43,source+target,few-shot,1,random,500,100000,852600,0.9285914672194412,0.060926582666030044,0.9181095171049126,0.9285914672194412,0.25225651189127973,False,0.9686462110325702,353200,78837,0.13769349365621458,0.9421464540761317,0.16957461465285043,held-out labelled half,250.0,250.0,0.148
UNSW_to_CIC,43,target_only,few-shot (no source data),1,random,500,100000,852600,0.9252897686603695,0.031607760521644684,0.8821872978423837,0.9252897686603695,0.22146375990939976,False,0.9733677975581253,353200,78837,0.4733364192693621,0.9835990715019597,0.10114702055306292,held-out labelled half,250.0,250.0,0.148
UNSW_to_CIC,43,source+target,few-shot,1,random,1000,100000,852600,0.9494304453718605,0.04357730451992434,0.9424381952636453,0.9494304453718605,0.2442100792751982,False,0.9823718982378351,353200,78837,0.06346701268028124,0.9486154977992567,0.06974701399241151,held-out labelled half,500.0,500.0,0.168
UNSW_to_CIC,43,target_only,few-shot (no source data),1,random,1000,100000,852600,0.9441437701750431,0.03304381421693158,0.921331354567018,0.9441437701750431,0.23131653454133635,False,0.9848466938600844,353200,78837,0.06525661258989003,0.9626063904004465,0.05014160072604542,held-out labelled half,500.0,500.0,0.168
UNSW_to_CIC,43,source+target,few-shot,1,random,5000,100000,852600,0.9688517933756293,0.028035850315093508,0.9657394370663521,0.9688517933756293,0.23733861834654588,False,0.9943966662046393,353200,78837,0.019984473125020503,0.9547420627370398,0.019984473125020503,held-out labelled half,2500.0,2500.0,0.176
UNSW_to_CIC,43,target_only,few-shot (no source data),1,random,5000,100000,852600,0.9712359681702024,0.021187259214981612,0.9636591955553865,0.9712359681702024,0.23155436013590033,False,0.9961074027077146,353200,78837,0.015012957286514582,0.9467128378806905,0.015443044433834008,held-out labelled half,2500.0,2500.0,0.176
UNSW_to_CIC,43,source+target,few-shot,1,random,10000,100000,852600,0.9698295798845452,0.023822454193896406,0.9634816139629869,0.9698295798845452,0.2335617214043035,False,0.9948725753595369,353200,78837,0.017487780786767895,0.9568476730469196,0.017487780786767895,held-out labelled half,5000.0,5000.0,0.1816
UNSW_to_CIC,43,target_only,few-shot (no source data),1,random,10000,100000,852600,0.9741806259169702,0.020206806311346647,0.9685680581452871,0.9741806259169702,0.23188844847112117,False,0.9967951718883933,353200,78837,0.015122301476511045,0.9580400065958877,0.015122301476511045,held-out labelled half,5000.0,5000.0,0.1816
UNSW_to_CIC,43,source+target,few-shot,1,diverse,100,100000,852600,0.7750934333611585,0.24271494334148555,0.7929018100638026,0.7750934333611585,0.36552095130237827,False,0.8227228238716786,353200,78837,0.9831974428038767,0.9941271230513591,0.9757948411411159,held-out labelled half,50.0,50.0,0.2
UNSW_to_CIC,43,target_only,few-shot (no source data),1,diverse,100,100000,852600,0.6920138424669168,0.021023242929986915,0.4050509278638203,0.6920138424669168,0.10674122310305775,False,0.85017860416268,353200,78837,0.3884014972864417,0.9823560003551632,0.3884014972864417,held-out labelled half,50.0,50.0,0.2
UNSW_to_CIC,43,source+target,few-shot,1,diverse,500,100000,852600,0.8814120485940257,0.04457598145522538,0.8074000786432767,0.8814120485940257,0.21484428086070215,False,0.9547494745182405,353200,78837,0.11979384975379333,0.9073024087674569,0.24833523470730381,held-out labelled half,250.0,250.0,0.24
UNSW_to_CIC,43,target_only,few-shot (no source data),1,diverse,500,100000,852600,0.8921821010305695,0.0237969405495639,0.808161142610703,0.8921821010305695,0.1988731596828992,False,0.9774697370485814,353200,78837,0.046434832685165274,0.8891129799459645,0.11043398709009597,held-out labelled half,250.0,250.0,0.24
UNSW_to_CIC,43,source+target,few-shot,1,diverse,1000,100000,852600,0.9341204696332419,0.03301101095993264,0.9012519502264166,0.9341204696332419,0.22680917327293318,False,0.9736644747242804,353200,78837,0.10342137970498938,0.9423874576658168,0.11247872344302985,held-out labelled half,500.0,500.0,0.176
UNSW_to_CIC,43,target_only,few-shot (no source data),1,diverse,1000,100000,852600,0.9457629287518632,0.02535327285384691,0.9168791303575732,0.9457629287518632,0.22434881087202718,False,0.9779140759124743,353200,78837,0.18333740336707208,0.9686949021398582,0.0424401249439611,held-out labelled half,500.0,500.0,0.176
UNSW_to_CIC,43,source+target,few-shot,1,diverse,5000,100000,852600,0.9440091693453999,0.023647503489902064,0.9116658421807019,0.9440091693453999,0.22186013590033976,False,0.9905756700063231,353200,78837,0.07069830844538076,0.9670839834088055,0.05810185775778804,held-out labelled half,2500.0,2500.0,0.1672
UNSW_to_CIC,43,target_only,few-shot (no source data),1,diverse,5000,100000,852600,0.9520758175791394,0.013336346373235459,0.9174879815315143,0.9520758175791394,0.21515005662514156,False,0.9945043533408591,353200,78837,0.06310253204695969,0.9757601126374672,0.01792880235308697,held-out labelled half,2500.0,2500.0,0.1672
UNSW_to_CIC,43,source+target,few-shot,1,diverse,10000,100000,852600,0.9729521872549773,0.023031531219588647,0.9689359057295432,0.9729521872549773,0.23416477916194792,False,0.9957777197182663,353200,78837,0.008845944970713981,0.9314408209343329,0.01832244143707424,held-out labelled half,5000.0,5000.0,0.164
UNSW_to_CIC,43,target_only,few-shot (no source data),1,diverse,10000,100000,852600,0.9768761701407102,0.018253190116743145,0.9720055303981633,0.9768761701407102,0.23113816534541337,False,0.9965557687180651,353200,78837,0.014032504382879616,0.9534228851935005,0.013708116619223438,held-out labelled half,5000.0,5000.0,0.164
UNSW_to_CIC,43,zero_shot,zero-shot,2,none,0,100000,865143,0.48649181545330494,0.5230008649897945,0.4959844958964044,0.48649181545330494,0.51789794786467,False,0.4824022112154074,360600,68111,0.6537579191012312,0.7773927853063382,0.9563368195043233,source validation,,,
UNSW_to_CIC,43,within_dataset_reference,"reference (target labels, leak-free)",2,none,200600,100000,865143,0.9780603021848405,0.014882610969985196,0.9710032153396662,0.9780603021848405,0.19547698280643372,False,0.9969651095526366,360600,68111,0.00013675727976094829,0.8322737883748587,0.013354348368656599,reference validation blocks,,,
UNSW_to_CIC,43,source+target,few-shot,2,random,100,100000,865143,0.6899210782429517,0.23964661918909771,0.619488775675001,0.6899210782429517,0.31139212423738216,False,0.6733028331014681,360600,68111,0.9374779906252885,0.9028644418669525,0.9465928633213557,held-out labelled half,50.0,50.0,0.28
UNSW_to_CIC,43,target_only,few-shot (no source data),2,random,100,100000,865143,0.6933231487647221,0.11531373829443159,0.5019600358238757,0.6933231487647221,0.18834442595673878,False,0.7037583558883537,360600,68111,0.596914755768593,0.8129670684617756,0.8077329403840828,held-out labelled half,50.0,50.0,0.28
UNSW_to_CIC,43,source+target,few-shot,2,random,500,100000,865143,0.9011628758160093,0.05846031816581136,0.86078606979783,0.9011628758160093,0.2100055463117027,False,0.9540052421850636,360600,68111,0.21244217731265108,0.949347388821189,0.23068559843276157,held-out labelled half,250.0,250.0,0.2
UNSW_to_CIC,43,target_only,few-shot (no source data),2,random,500,100000,865143,0.9303136490508745,0.026527493341629942,0.8871547914433792,0.9303136490508745,0.18908485856905158,False,0.9711634883369691,360600,68111,0.08010899555196947,0.9310243572991147,0.1676781007148987,held-out labelled half,250.0,250.0,0.2
UNSW_to_CIC,43,source+target,few-shot,2,random,1000,100000,865143,0.9338257143265769,0.04891124110650315,0.9165626697596571,0.9338257143265769,0.21279534109816972,False,0.9679431925973377,360600,68111,0.06473747730683889,0.9328449149182951,0.1659652157858928,held-out labelled half,500.0,500.0,0.228
UNSW_to_CIC,43,target_only,few-shot (no source data),2,random,1000,100000,865143,0.9446580366934423,0.02912588165708796,0.9184419550439723,0.9446580366934423,0.19710205213533,False,0.982172901828736,360600,68111,0.02986437096779708,0.921070018058757,0.09531640506138693,held-out labelled half,500.0,500.0,0.228
UNSW_to_CIC,43,source+target,few-shot,2,random,5000,100000,865143,0.9640853859350975,0.03180632434040254,0.9599770962105975,0.9640853859350975,0.20712146422628952,False,0.994449077737608,360600,68111,0.02442485016530536,0.9554844298277811,0.02442485016530536,held-out labelled half,2500.0,2500.0,0.232
UNSW_to_CIC,43,target_only,few-shot (no source data),2,random,5000,100000,865143,0.9693932146082628,0.01819555607219417,0.9569819852887199,0.9693932146082628,0.19551580698835275,False,0.9952421776740055,360600,68111,0.017703229865054754,0.9562625713908179,0.016267278427564796,held-out labelled half,2500.0,2500.0,0.232
UNSW_to_CIC,43,source+target,few-shot,2,random,10000,100000,865143,0.9665608743849058,0.021173445838988815,0.9542951946088003,0.9665608743849058,0.19742373821408762,False,0.9932396724211301,360600,68111,0.018304961896002926,0.95093303577983,0.018304961896002926,held-out labelled half,5000.0,5000.0,0.2268
UNSW_to_CIC,43,target_only,few-shot (no source data),2,random,10000,100000,865143,0.9695789669338492,0.01895455897486743,0.9581124928425658,0.9695789669338492,0.19634498058790903,False,0.9946555150259185,360600,68111,0.01512535514156088,0.9488775675001101,0.015156125529507092,held-out labelled half,5000.0,5000.0,0.2268
UNSW_to_CIC,43,source+target,few-shot,2,diverse,100,100000,865143,0.6915485332167617,0.10034907295658982,0.4834461393901132,0.6915485332167617,0.1727093732667776,False,0.5877231534712639,360600,68111,0.9339975178553723,0.8108381906006372,0.9344112086266492,held-out labelled half,50.0,50.0,0.2
UNSW_to_CIC,43,target_only,few-shot (no source data),2,diverse,100,100000,865143,0.7110158684419974,0.029833600579850867,0.4518653374638458,0.7110158684419974,0.1095479755962285,False,0.8474778618517579,360600,68111,0.8717285094482186,0.9912642598111906,0.5496514398832093,held-out labelled half,50.0,50.0,0.2
UNSW_to_CIC,43,source+target,few-shot,2,diverse,500,100000,865143,0.8959970351461067,0.0337756291689602,0.8257696994611736,0.8959970351461067,0.183369384359401,False,0.88702919534946,360600,68111,0.6508142186543767,0.9189264582813349,0.8355767225434119,held-out labelled half,250.0,250.0,0.28
UNSW_to_CIC,43,target_only,few-shot (no source data),2,diverse,500,100000,865143,0.9054824536403133,0.009754212978949635,0.8207191202595763,0.9054824536403133,0.1629312257348863,False,0.9632082966069937,360600,68111,0.22370755823295918,0.9628987975510563,0.22370755823295918,held-out labelled half,250.0,250.0,0.28
UNSW_to_CIC,43,source+target,few-shot,2,diverse,1000,100000,865143,0.9447554948530653,0.044097384858917774,0.9336083745650482,0.9447554948530653,0.2121103716028841,False,0.9768086797770341,360600,68111,0.14972528881428018,0.954368604190219,0.13214855943300433,held-out labelled half,500.0,500.0,0.23
UNSW_to_CIC,43,target_only,few-shot (no source data),2,diverse,1000,100000,865143,0.9470967098701034,0.03230890734352403,0.9265023270837309,0.9470967098701034,0.2012063227953411,False,0.9758801855959123,360600,68111,0.11462995189562684,0.9613425144249828,0.06287074043810195,held-out labelled half,500.0,500.0,0.23
UNSW_to_CIC,43,source+target,few-shot,2,diverse,5000,100000,865143,0.9672927708657113,0.026551425865588108,0.9611369675970107,0.9672927708657113,0.2030782029950083,False,0.9934835956325692,360600,68111,0.012547480418067004,0.9190292316953209,0.025296677823781408,held-out labelled half,2500.0,2500.0,0.2076
UNSW_to_CIC,43,target_only,few-shot (no source data),2,diverse,5000,100000,865143,0.9687315696228554,0.020414442936315554,0.9578775821820263,0.9687315696228554,0.19748474764281754,False,0.993449738889363,360600,68111,0.008564424645029385,0.9104403106693486,0.016964740554345634,held-out labelled half,2500.0,2500.0,0.2076
UNSW_to_CIC,43,source+target,few-shot,2,diverse,10000,100000,865143,0.9535725806606262,0.024657337540898973,0.9318024988621515,0.9535725806606262,0.19600110926234054,False,0.99440060438373,360600,68111,0.007607123686702748,0.8889753490625596,0.03480814663115536,held-out labelled half,5000.0,5000.0,0.1948
UNSW_to_CIC,43,target_only,few-shot (no source data),2,diverse,10000,100000,865143,0.9666646039664136,0.023594049690757603,0.956923257623585,0.9666646039664136,0.19988352745424293,False,0.9939162161213895,360600,68111,0.002646253363374349,0.8665413809810456,0.02266068125638913,held-out labelled half,5000.0,5000.0,0.1948
UNSW_to_CIC,43,zero_shot,zero-shot,3,none,0,100000,862343,0.4616055461106187,0.5231569112166127,0.4463680034378501,0.4616055461106187,0.5090709459459459,False,0.4527666259508453,355200,65157,0.6584161658788524,0.721150451985205,0.961681543771096,source validation,,,
UNSW_to_CIC,43,within_dataset_reference,"reference (target labels, leak-free)",3,none,200400,100000,862343,0.9796828310266232,0.01620104605179232,0.9755667081050386,0.9796828310266232,0.1921846846846847,False,0.9984087405493657,355200,65157,6.550752819409536e-05,0.8487959850821861,0.01491158207576118,reference validation blocks,,,
UNSW_to_CIC,43,source+target,few-shot,3,random,100,100000,862343,0.6206432963787587,0.24188482397437622,0.48317141673189373,0.6206432963787587,0.2861458333333333,False,0.5713778915130233,355200,65157,0.8672334791737777,0.7474714919348651,0.9323410666694248,held-out labelled half,50.0,50.0,0.2
UNSW_to_CIC,43,target_only,few-shot (no source data),3,random,100,100000,862343,0.6180493644832937,0.20145978354933577,0.4375585125159231,0.6180493644832937,0.24476914414414414,False,0.8128299658347975,355200,65157,0.9376644152763556,1.0,0.484531603934589,held-out labelled half,50.0,50.0,0.2
UNSW_to_CIC,43,source+target,few-shot,3,random,500,100000,862343,0.9264283147677081,0.06018417958716466,0.9130408091225809,0.9264283147677081,0.21663006756756756,False,0.9643655883030858,355200,65157,0.19968073699416983,0.9480946022683672,0.21774012818788938,held-out labelled half,250.0,250.0,0.236
UNSW_to_CIC,43,target_only,few-shot (no source data),3,random,500,100000,862343,0.9403378366484472,0.03150567329671807,0.9121813465936124,0.9403378366484472,0.1930546171171171,False,0.9768890782131132,355200,65157,0.20511441406963796,0.9625366422640699,0.13707967439310723,held-out labelled half,250.0,250.0,0.236
UNSW_to_CIC,43,source+target,few-shot,3,random,1000,100000,862343,0.9344491897315513,0.05100278234606593,0.9199011618091686,0.9344491897315513,0.21039132882882883,False,0.9758337830017279,355200,65157,0.31410170216140365,0.9747225931212302,0.18909954730850254,held-out labelled half,500.0,500.0,0.17
UNSW_to_CIC,43,target_only,few-shot (no source data),3,random,1000,100000,862343,0.9434671000818118,0.02675120585568347,0.9136854060193073,0.9434671000818118,0.1894481981981982,False,0.9813952704062678,355200,65157,0.18251431684267505,0.968015715886244,0.04679995724771844,held-out labelled half,500.0,500.0,0.17
UNSW_to_CIC,43,source+target,few-shot,3,random,5000,100000,862343,0.9573062658317812,0.02881641687611837,0.9434289485396811,0.9573062658317812,0.19659065315315316,False,0.9897312018564957,355200,65157,0.03936312891536772,0.9543103580582286,0.03197112152336033,held-out labelled half,2500.0,2500.0,0.1784
UNSW_to_CIC,43,target_only,few-shot (no source data),3,random,5000,100000,862343,0.9648086222496963,0.018707570946376918,0.9483248154457694,0.9648086222496963,0.18923423423423424,False,0.9916017832107534,355200,65157,0.017435345793554748,0.9467440182942738,0.021955365238947328,held-out labelled half,2500.0,2500.0,0.1784
UNSW_to_CIC,43,source+target,few-shot,3,random,10000,100000,862343,0.9702213895430096,0.02293797816185876,0.9633807572478782,0.9702213895430096,0.19545045045045045,False,0.9948813012294124,355200,65157,0.0187179142403023,0.9582239820740672,0.0187179142403023,held-out labelled half,5000.0,5000.0,0.1996
UNSW_to_CIC,43,target_only,few-shot (no source data),3,random,10000,100000,862343,0.9723594558830644,0.018262809307585427,0.9629817210737143,0.9723594558830644,0.19155968468468468,False,0.9959842428157192,355200,65157,0.016549270280613565,0.9553539911291189,0.016321717814255128,held-out labelled half,5000.0,5000.0,0.1996
UNSW_to_CIC,43,source+target,few-shot,3,diverse,100,100000,862343,0.8197154559253773,0.1916233110262961,0.8310542228770508,0.8197154559253773,0.3089189189189189,False,0.8938739295126473,355200,65157,0.08608723534096668,0.8048866583789923,0.6799888292425605,held-out labelled half,50.0,50.0,0.24
UNSW_to_CIC,43,target_only,few-shot (no source data),3,diverse,100,100000,862343,0.7219198056875089,0.02539623435145823,0.46923584572647603,0.7219198056875089,0.10681306306306307,False,0.8923440918592009,355200,65157,0.34990673796643945,0.9769633347146124,0.34990673796643945,held-out labelled half,50.0,50.0,0.24
UNSW_to_CIC,43,source+target,few-shot,3,diverse,500,100000,862343,0.9208872694849963,0.046541374899583855,0.8883159138695765,0.9208872694849963,0.2009543918918919,False,0.9469204319345847,355200,65157,0.1936816265174474,0.914176527464432,0.5076212837406867,held-out labelled half,250.0,250.0,0.224
UNSW_to_CIC,43,target_only,few-shot (no source data),3,diverse,500,100000,862343,0.92357061419331,0.027085639025937535,0.8742268674125574,0.92357061419331,0.1824831081081081,False,0.9683325661288418,355200,65157,0.5365928500256858,0.9810764768175331,0.22907293056546787,held-out labelled half,250.0,250.0,0.224
UNSW_to_CIC,43,source+target,few-shot,3,diverse,1000,100000,862343,0.9391178507098058,0.05676744482714632,0.9350031462467578,0.9391178507098058,0.2178688063063063,False,0.9814597419700043,355200,65157,0.07882969076998927,0.9457617754040242,0.09113476277655382,held-out labelled half,500.0,500.0,0.198
UNSW_to_CIC,43,target_only,few-shot (no source data),3,diverse,1000,100000,862343,0.9454457704476774,0.02649262350754888,0.9173841644029037,0.9454457704476774,0.18991554054054055,False,0.9879318638277195,355200,65157,0.04640001654927028,0.9536964562518225,0.04124905617442931,held-out labelled half,500.0,500.0,0.198
UNSW_to_CIC,43,source+target,few-shot,3,diverse,5000,100000,862343,0.9462956414951127,0.018945466706660738,0.911536749696886,0.9462956414951127,0.18268018018018017,False,0.9911087358284358,355200,65157,0.06425943739376576,0.951824055742284,0.05174060397940995,held-out labelled half,2500.0,2500.0,0.1892
UNSW_to_CIC,43,target_only,few-shot (no source data),3,diverse,5000,100000,862343,0.9634605462747546,0.02140372289626021,0.9483248154457694,0.9634605462747546,0.19143581081081082,False,0.9950409993466731,355200,65157,0.025244532707219273,0.953849931703424,0.02211051464782808,held-out labelled half,2500.0,2500.0,0.1892
UNSW_to_CIC,43,source+target,few-shot,3,diverse,10000,100000,862343,0.9710188892217421,0.02683739997172833,0.9688751784152125,0.9710188892217421,0.19964245495495495,False,0.9956762088539546,355200,65157,0.022069141472126547,0.9628896358027533,0.02174160383115607,held-out labelled half,5000.0,5000.0,0.172
UNSW_to_CIC,43,target_only,few-shot (no source data),3,diverse,10000,100000,862343,0.9738471868833689,0.02018321421306496,0.9678775879798026,0.9738471868833689,0.1940259009009009,False,0.9965868453708044,355200,65157,0.017393972617853214,0.9586844084288718,0.016818195922673536,held-out labelled half,5000.0,5000.0,0.172
UNSW_to_CIC,43,zero_shot,zero-shot,4,none,0,100000,859800,0.45823241206606613,0.5096232539429333,0.42608807807506555,0.45823241206606613,0.49334762929891135,False,0.45656224811903245,358143,69779,0.6542841686202161,0.7334298284584188,0.9578033318999598,source validation,,,
UNSW_to_CIC,43,within_dataset_reference,"reference (target labels, leak-free)",4,none,200000,100000,859800,0.9736947982372753,0.015851493251584803,0.9632410897261354,0.9736947982372753,0.20043669707351533,False,0.9966601206255347,358143,69779,0.0076153750121374375,0.930193897877585,0.014436614834029212,reference validation blocks,,,
UNSW_to_CIC,43,source+target,few-shot,4,random,100,100000,859800,0.7498340353974302,0.1360676089941879,0.6357356797890483,0.7498340353974302,0.23342072859165194,False,0.8513298162849059,358143,69779,0.5779050089470252,0.9008154315768354,0.6879256772690072,held-out labelled half,50.0,50.0,0.22
UNSW_to_CIC,43,target_only,few-shot (no source data),4,random,100,100000,859800,0.5823379616028492,0.1991441372709492,0.3638200604766477,0.5823379616028492,0.23122886668174444,False,0.7078217606137309,358143,69779,0.8178309359004592,0.9959300075954084,0.8178309359004592,held-out labelled half,50.0,50.0,0.22
UNSW_to_CIC,43,source+target,few-shot,4,random,500,100000,859800,0.9056617381087796,0.06070105838454176,0.8720245346021009,0.9056617381087796,0.21877574041653752,False,0.9516334132348533,358143,69779,0.3797596093825859,0.9668238295189097,0.3797596093825859,held-out labelled half,250.0,250.0,0.184
UNSW_to_CIC,43,target_only,few-shot (no source data),4,random,500,100000,859800,0.8915265586385217,0.038024857471806464,0.8210779747488499,0.8915265586385217,0.1905914676539818,False,0.9637678910073507,358143,69779,0.08483375178593722,0.9158486077473166,0.14706412728357215,held-out labelled half,250.0,250.0,0.184
UNSW_to_CIC,43,source+target,few-shot,4,random,1000,100000,859800,0.9139117080002178,0.047984491822835026,0.8758079078232706,0.9139117080002178,0.20927394923256912,False,0.9688213424783625,358143,69779,0.10492294461167136,0.9317989653047478,0.1934430095296223,held-out labelled half,500.0,500.0,0.18
UNSW_to_CIC,43,target_only,few-shot (no source data),4,random,1000,100000,859800,0.9138372461177207,0.023269201425975505,0.8509436936614168,0.9138372461177207,0.1845296431872185,False,0.9837413833438149,358143,69779,0.04415252944195531,0.9386634947477035,0.06225811821170465,held-out labelled half,500.0,500.0,0.18
UNSW_to_CIC,43,source+target,few-shot,4,random,5000,100000,859800,0.9520408483419405,0.028835083436212564,0.9329167801200935,0.9520408483419405,0.20498236737839354,False,0.9907283733982705,358143,69779,0.02207279688171894,0.9264678484930996,0.04145108265941657,held-out labelled half,2500.0,2500.0,0.202
UNSW_to_CIC,43,target_only,few-shot (no source data),4,random,5000,100000,859800,0.959626936365897,0.01886504556740786,0.9381189182992018,0.959626936365897,0.19796840926668957,False,0.9935951246768291,358143,69779,0.01637513697965072,0.923272044597945,0.028044416085225617,held-out labelled half,2500.0,2500.0,0.202
UNSW_to_CIC,43,source+target,few-shot,4,random,10000,100000,859800,0.9667987689520601,0.02606081202924082,0.9596583499333611,0.9667987689520601,0.2079588320866246,False,0.9939836060909965,358143,69779,0.01994007573760941,0.954785823815188,0.01994007573760941,held-out labelled half,5000.0,5000.0,0.2054
UNSW_to_CIC,43,target_only,few-shot (no source data),4,random,10000,100000,859800,0.9686803223742179,0.022097071756529942,0.9594577165049657,0.9686803223742179,0.20472827892769088,False,0.9953171560021621,358143,69779,0.017380810364677975,0.9478353086172058,0.020401298359018463,held-out labelled half,5000.0,5000.0,0.2054
UNSW_to_CIC,43,source+target,few-shot,4,diverse,100,100000,859800,0.8007688877957241,0.30826316738566534,0.9098009429771134,0.8007688877957241,0.4254641302496489,False,0.8889666255801771,358143,69779,0.6012366314796577,0.9623812321758696,0.6007303269478853,held-out labelled half,50.0,50.0,0.28
UNSW_to_CIC,43,target_only,few-shot (no source data),4,diverse,100,100000,859800,0.7597161989827721,0.2227393155872439,0.7421717135527881,0.7597161989827721,0.323943229380443,False,0.8462544823500953,358143,69779,0.4496296347671693,0.9905415669470757,0.4496296347671693,held-out labelled half,50.0,50.0,0.28
UNSW_to_CIC,43,source+target,few-shot,4,diverse,500,100000,859800,0.9042973683160408,0.047981023983576315,0.856575760615658,0.9042973683160408,0.20552405044912228,False,0.9325776851371835,358143,69779,0.16581820199470115,0.9042405308187277,0.7743060853643312,held-out labelled half,250.0,250.0,0.18
UNSW_to_CIC,43,target_only,few-shot (no source data),4,diverse,500,100000,859800,0.8842040189436081,0.023678406458503835,0.7920864443457201,0.8842040189436081,0.1733916340679561,False,0.9662489298652783,358143,69779,0.09879527264152252,0.9102595336705885,0.23836539928701225,held-out labelled half,250.0,250.0,0.18
UNSW_to_CIC,43,source+target,few-shot,4,diverse,1000,100000,859800,0.9277766971749206,0.0322925191771511,0.8878459135269924,0.9277766971749206,0.19898476306950016,False,0.96632103094435,358143,69779,0.11694941116089387,0.9206924719471474,0.23821628219888752,held-out labelled half,500.0,500.0,0.206
UNSW_to_CIC,43,target_only,few-shot (no source data),4,diverse,1000,100000,859800,0.9443556290373671,0.02179190190176305,0.9105031599764972,0.9443556290373671,0.19494447748525032,False,0.9770711924746718,358143,69779,0.0619148021250919,0.9436076756617321,0.15341720880553744,held-out labelled half,500.0,500.0,0.206
UNSW_to_CIC,43,source+target,few-shot,4,diverse,5000,100000,859800,0.9526207304892538,0.030641827690002912,0.9358832886685106,0.9526207304892538,0.20701507498401475,False,0.9917744620770528,358143,69779,0.02692777184391949,0.932415196549105,0.04342081535836651,held-out labelled half,2500.0,2500.0,0.2032
UNSW_to_CIC,43,target_only,few-shot (no source data),4,diverse,5000,100000,859800,0.9604906603787708,0.02428874616803762,0.9452700669255794,0.9604906603787708,0.203728678209542,False,0.990536664540855,358143,69779,0.02428874616803762,0.9452700669255794,0.02606081202924082,held-out labelled half,2500.0,2500.0,0.2032
UNSW_to_CIC,43,source+target,few-shot,4,diverse,10000,100000,859800,0.9542066366620434,0.016076902803401256,0.9244901761274882,0.9542066366620434,0.1930681320031384,False,0.9925575249210675,358143,69779,0.031220956846208264,0.9529514610412875,0.031220956846208264,held-out labelled half,5000.0,5000.0,0.19
UNSW_to_CIC,43,target_only,few-shot (no source data),4,diverse,10000,100000,859800,0.9640144658637291,0.018244302340097933,0.9462732340675561,0.9640144658637291,0.19905735976970093,False,0.9946739196534785,358143,69779,0.020051046593888282,0.9514180484099801,0.020047578754629567,held-out labelled half,5000.0,5000.0,0.19
UNSW_to_CIC,44,zero_shot,zero-shot,0,none,0,100000,860800,0.5445214796316082,0.7990631061950555,0.888106065458272,0.5445214796316082,0.8148074745186863,False,0.5207060671033176,353200,62452,0.8117063573954078,0.898834304746045,0.8528760301016688,source validation,,,
UNSW_to_CIC,44,within_dataset_reference,"reference (target labels, leak-free)",0,none,200200,100000,860800,0.9757672794573141,0.014727530369942355,0.9662620892845706,0.9757672794573141,0.18297565118912798,False,0.9970201351709391,353200,62452,0.013093813199058979,0.9618266828924614,0.013093813199058979,reference validation blocks,,,
UNSW_to_CIC,44,source+target,few-shot,0,random,100,100000,860800,0.760999653093544,0.20028340693659114,0.722282713123679,0.760999653093544,0.2925821064552661,False,0.8086913115583112,353200,62452,0.8145816996161624,0.9896880804457824,0.7561806100127946,held-out labelled half,50.0,50.0,0.16
UNSW_to_CIC,44,target_only,few-shot (no source data),0,random,100,100000,860800,0.6685250220275435,0.06943813886939892,0.406488182924486,0.6685250220275435,0.12903454133635334,False,0.8109630524582196,353200,62452,0.22372638848762502,0.6753987062063664,0.4691794956457138,held-out labelled half,50.0,50.0,0.16
UNSW_to_CIC,44,source+target,few-shot,0,random,500,100000,860800,0.8903532079131469,0.0779850592265467,0.8586914750528406,0.8903532079131469,0.2160277463193658,False,0.95727133087323,353200,62452,0.3491717913794764,0.9629955806059053,0.32964629163399234,held-out labelled half,250.0,250.0,0.188
UNSW_to_CIC,44,target_only,few-shot (no source data),0,random,500,100000,860800,0.9202828064715819,0.021568506060230853,0.8621341190033946,0.9202828064715819,0.17019535673839184,False,0.9827392868405176,353200,62452,0.09263692269594288,0.9647249087299046,0.058198164733721296,held-out labelled half,250.0,250.0,0.188
UNSW_to_CIC,44,source+target,few-shot,0,random,1000,100000,860800,0.913524350496633,0.04038548846423707,0.8674341894575034,0.913524350496633,0.18662231030577575,False,0.9691799835904472,353200,62452,0.34194216297274616,0.9793281239992314,0.19254474665345936,held-out labelled half,500.0,500.0,0.192
UNSW_to_CIC,44,target_only,few-shot (no source data),0,random,1000,100000,860800,0.9207846133514168,0.0222942204245601,0.8638634471273938,0.9207846133514168,0.17109852774631937,False,0.9846792949612044,353200,62452,0.34818124286323554,0.9903766092358932,0.039910850633538324,held-out labelled half,500.0,500.0,0.192
UNSW_to_CIC,44,source+target,few-shot,0,random,5000,100000,860800,0.9635240766307673,0.03351355813281605,0.9605617113943509,0.9635240766307673,0.19743204983012458,False,0.9919671763966015,353200,62452,0.02987810750202925,0.9578716454236854,0.02987810750202925,held-out labelled half,2500.0,2500.0,0.1928
UNSW_to_CIC,44,target_only,few-shot (no source data),0,random,5000,100000,860800,0.9751365281700461,0.018070631612255285,0.9683436879523474,0.9751365281700461,0.18609569648924124,False,0.9952287407797468,353200,62452,0.016804930730391954,0.9623871133030167,0.016804930730391954,held-out labelled half,2500.0,2500.0,0.1928
UNSW_to_CIC,44,source+target,few-shot,0,random,10000,100000,860800,0.9686648572512814,0.024657091364343006,0.9619868058669058,0.9686648572512814,0.19039354473386183,False,0.9950142191545204,353200,62452,0.018820421808576498,0.9553897393197976,0.018820421808576498,held-out labelled half,5000.0,5000.0,0.1946
UNSW_to_CIC,44,target_only,few-shot (no source data),0,random,10000,100000,860800,0.9737240843531151,0.01705256785945217,0.9645007365656825,0.9737240843531151,0.18457814269535675,False,0.9965797854259356,353200,62452,0.014246013730103044,0.9565426247357971,0.014246013730103044,held-out labelled half,5000.0,5000.0,0.1946
UNSW_to_CIC,44,source+target,few-shot,0,diverse,100,100000,860800,0.8146674745727329,0.31181985774622695,0.9411548068916928,0.8146674745727329,0.4230973952434881,False,0.9126994997234161,353200,62452,0.6652358743654299,0.9903926215333376,0.32585262839297263,held-out labelled half,50.0,50.0,0.26
UNSW_to_CIC,44,target_only,few-shot (no source data),0,diverse,100,100000,860800,0.7388227742352961,0.11186319424381251,0.5895087427144047,0.7388227742352961,0.1963193657984145,False,0.8725764270281215,353200,62452,0.30293931514576194,0.9531800422724652,0.30293931514576194,held-out labelled half,50.0,50.0,0.26
UNSW_to_CIC,44,source+target,few-shot,0,diverse,500,100000,860800,0.9235666171417962,0.058394210794227304,0.9055274450778198,0.9235666171417962,0.20818233295583238,False,0.9643413829578211,353200,62452,0.06948972993795315,0.9152308973291488,0.2613362774636455,held-out labelled half,250.0,250.0,0.244
UNSW_to_CIC,44,target_only,few-shot (no source data),0,diverse,500,100000,860800,0.9464794303282642,0.029781804174061385,0.9227406648305899,0.9464794303282642,0.1876727066817667,False,0.9839901867504909,353200,62452,0.041431067453602435,0.9317235636969192,0.07242698144097294,held-out labelled half,250.0,250.0,0.244
UNSW_to_CIC,44,source+target,few-shot,0,diverse,1000,100000,860800,0.9141589892605201,0.030421533424133614,0.8587395119451738,0.9141589892605201,0.17688278595696488,False,0.96522245182089,353200,62452,0.13493128069668578,0.9022289118042657,0.23841608540729428,held-out labelled half,500.0,500.0,0.216
UNSW_to_CIC,44,target_only,few-shot (no source data),0,diverse,1000,100000,860800,0.9238026817197585,0.00858819321199114,0.8561935566515083,0.9238026817197585,0.15845979614949038,False,0.9909426939125702,353200,62452,0.02831661782712177,0.9359027733299173,0.03670188616946634,held-out labelled half,500.0,500.0,0.216
UNSW_to_CIC,44,source+target,few-shot,0,diverse,5000,100000,860800,0.9702770198215381,0.02220135650116252,0.9627553961442388,0.9702770198215381,0.1885079275198188,False,0.9929637453302687,353200,62452,0.017324280820504353,0.9490808941266893,0.01782643388776535,held-out labelled half,2500.0,2500.0,0.1716
UNSW_to_CIC,44,target_only,few-shot (no source data),0,diverse,5000,100000,860800,0.9702923528514497,0.01557362389423143,0.9561583295971307,0.9702923528514497,0.18188561721404303,False,0.994634799360267,353200,62452,0.018325147550456066,0.9607058220713508,0.014755045606504601,held-out labelled half,2500.0,2500.0,0.1716
UNSW_to_CIC,44,source+target,few-shot,0,diverse,10000,100000,860800,0.9736333528473337,0.02312655633056805,0.9703932620252353,0.9736333528473337,0.19062004530011326,False,0.9954918074812824,353200,62452,0.005186622091983436,0.9137097290719273,0.017510008667299518,held-out labelled half,5000.0,5000.0,0.17
UNSW_to_CIC,44,target_only,few-shot (no source data),0,diverse,10000,100000,860800,0.9767798545478119,0.016337171708833767,0.9698968808044578,0.9767798545478119,0.18494337485843715,False,0.9970488692504886,353200,62452,0.004326770949413238,0.9069365272529303,0.011549520547002904,held-out labelled half,5000.0,5000.0,0.17
UNSW_to_CIC,44,zero_shot,zero-shot,1,none,0,100000,864000,0.563477139179063,0.8021586027185013,0.9291128810766273,0.563477139179063,0.8280689461883408,False,0.5265913092229515,356800,72820,0.8147052609338686,0.9356220818456468,0.8558983026973731,source validation,,,
UNSW_to_CIC,44,within_dataset_reference,"reference (target labels, leak-free)",1,none,200200,100000,864000,0.9770843869168577,0.020920487358264666,0.9750892611919802,0.9770843869168577,0.21565863228699553,False,0.9973506848130913,356800,72820,0.005032044510176773,0.9021834660807471,0.018885132755827875,reference validation blocks,,,
UNSW_to_CIC,44,source+target,few-shot,1,random,100,100000,864000,0.6886107304267416,0.23108669624621453,0.6083081570996979,0.6886107304267416,0.30807455156950675,False,0.7202757671156753,356800,72820,0.9755299668990774,0.9924608624004394,0.9404676385660962,held-out labelled half,50.0,50.0,0.28
UNSW_to_CIC,44,target_only,few-shot (no source data),1,random,100,100000,864000,0.7385413102133079,0.04388689344320022,0.5209695138698159,0.7385413102133079,0.1412556053811659,False,0.8445251376832379,356800,72820,0.4439291499401366,0.998846470749794,0.4439291499401366,held-out labelled half,50.0,50.0,0.28
UNSW_to_CIC,44,source+target,few-shot,1,random,500,100000,864000,0.9057030400015599,0.12200507077963237,0.9334111507827519,0.9057030400015599,0.28760650224215245,False,0.9685155704726702,356800,72820,0.17636805408831607,0.956330678385059,0.15177829424607367,held-out labelled half,250.0,250.0,0.232
UNSW_to_CIC,44,target_only,few-shot (no source data),1,random,500,100000,864000,0.9210916565392083,0.08463624198887246,0.9268195550672892,0.9210916565392083,0.2565190582959641,False,0.9812146628690367,356800,72820,0.09626030002112825,0.9497802801428179,0.09664060849355588,held-out labelled half,250.0,250.0,0.232
UNSW_to_CIC,44,source+target,few-shot,1,random,1000,100000,864000,0.8994178619175826,0.052894570040143675,0.851730293875309,0.8994178619175826,0.2159304932735426,False,0.9608706224771177,356800,72820,0.11795548982322698,0.9177973084317496,0.2731776885696176,held-out labelled half,500.0,500.0,0.196
UNSW_to_CIC,44,target_only,few-shot (no source data),1,random,1000,100000,864000,0.904135239049893,0.01670892316360307,0.8249794012633892,0.904135239049893,0.18167040358744393,False,0.9777804873149366,356800,72820,0.08441439537995633,0.9481461137050261,0.09428833016409606,held-out labelled half,500.0,500.0,0.196
UNSW_to_CIC,44,source+target,few-shot,1,random,5000,100000,864000,0.9551299606822697,0.03349179519684485,0.9437517165613842,0.9551299606822697,0.21926849775784754,False,0.9894990040244642,356800,72820,0.03310796534967251,0.943326009338094,0.042383266427213184,held-out labelled half,2500.0,2500.0,0.1924
UNSW_to_CIC,44,target_only,few-shot (no source data),1,random,5000,100000,864000,0.9593167988492678,0.021973378406930064,0.9406069761054655,0.9593167988492678,0.20945908071748878,False,0.9922600506863256,356800,72820,0.02075498274526375,0.9367344136226311,0.024635537713923517,held-out labelled half,2500.0,2500.0,0.1924
UNSW_to_CIC,44,source+target,few-shot,1,random,10000,100000,864000,0.9670055972933405,0.027153320656384254,0.9611645152430651,0.9670055972933405,0.217777466367713,False,0.9937489336743408,356800,72820,0.023364321431086695,0.9575116726174128,0.023364321431086695,held-out labelled half,5000.0,5000.0,0.2044
UNSW_to_CIC,44,target_only,few-shot (no source data),1,random,10000,100000,864000,0.9696174331474112,0.020913444608775266,0.9601483109035979,0.9696174331474112,0.21260369955156952,False,0.9954545499759481,356800,72820,0.019719698570321853,0.9555479263938479,0.019719698570321853,held-out labelled half,5000.0,5000.0,0.2044
UNSW_to_CIC,44,source+target,few-shot,1,diverse,100,100000,864000,0.7271288480206963,0.30682442425522927,0.7610821202966218,0.7271288480206963,0.3995347533632287,False,0.847109338579437,356800,72820,0.544182688921755,0.9666849766547652,0.4914148883724206,held-out labelled half,50.0,50.0,0.28
UNSW_to_CIC,44,target_only,few-shot (no source data),1,diverse,100,100000,864000,0.7624992942259764,0.2806042679061906,0.8056028563581433,0.7624992942259764,0.38775224215246634,False,0.830823031837309,356800,72820,0.47202619902810056,0.9785773139247459,0.41850130290865556,held-out labelled half,50.0,50.0,0.28
UNSW_to_CIC,44,source+target,few-shot,1,diverse,500,100000,864000,0.912524407111618,0.060381012747376575,0.8854298269706125,0.912524407111618,0.22876681614349775,False,0.9555237824665481,356800,72820,0.10168673850271145,0.8992172480087888,0.2147792098035073,held-out labelled half,250.0,250.0,0.236
UNSW_to_CIC,44,target_only,few-shot (no source data),1,diverse,500,100000,864000,0.8931698512138413,0.01095499683076273,0.7972946992584454,0.8931698512138413,0.17144058295964126,False,0.971574820006105,356800,72820,0.06900133812240299,0.9328893161219445,0.17209662652299457,held-out labelled half,250.0,250.0,0.236
UNSW_to_CIC,44,source+target,few-shot,1,diverse,1000,100000,864000,0.9299938529234442,0.061750827523065,0.9217385333699533,0.9299938529234442,0.23726737668161435,False,0.9682248430995919,356800,72820,0.04447496302556518,0.9107388080197748,0.27183252341714204,held-out labelled half,500.0,500.0,0.222
UNSW_to_CIC,44,target_only,few-shot (no source data),1,diverse,1000,100000,864000,0.9341745110342436,0.04524614409465455,0.913595166163142,0.9341745110342436,0.22246917040358744,False,0.9843719814560016,356800,72820,0.07269878160433833,0.9302389453446855,0.1170892316360307,held-out labelled half,500.0,500.0,0.222
UNSW_to_CIC,44,source+target,few-shot,1,diverse,5000,100000,864000,0.9493640533578509,0.034174941897316714,0.9329030486130184,0.9493640533578509,0.2175980941704036,False,0.9896644609572193,356800,72820,0.043531234593985495,0.9438203790167536,0.052633988309035845,held-out labelled half,2500.0,2500.0,0.1764
UNSW_to_CIC,44,target_only,few-shot (no source data),1,diverse,5000,100000,864000,0.9590539225667779,0.02267765335587013,0.9407854984894259,0.9590539225667779,0.2100560538116592,False,0.9922975100476205,356800,72820,0.021001478977392775,0.9356083493545729,0.030234523557997044,held-out labelled half,2500.0,2500.0,0.1764
UNSW_to_CIC,44,source+target,few-shot,1,diverse,10000,100000,864000,0.9624860825424554,0.0308366786393408,0.9558088437242516,0.9624860825424554,0.21961603139013453,False,0.9937059479017588,356800,72820,0.010771885344038312,0.8944520736061522,0.023163603070638777,held-out labelled half,5000.0,5000.0,0.171
UNSW_to_CIC,44,target_only,few-shot (no source data),1,diverse,10000,100000,864000,0.9661451830794743,0.02225508838650609,0.9545454545454546,0.9661451830794743,0.2125280269058296,False,0.9951799299667135,356800,72820,0.008549897880132403,0.8842625652293326,0.020578914008028734,held-out labelled half,5000.0,5000.0,0.171
UNSW_to_CIC,44,zero_shot,zero-shot,2,none,0,100000,860400,0.5529370483883871,0.798484145183974,0.9043582419607482,0.5529370483883871,0.8179706048615036,False,0.5435604794359141,353800,65118,0.8117894430549878,0.9107773580269665,0.8538668846689437,source validation,,,
UNSW_to_CIC,44,within_dataset_reference,"reference (target labels, leak-free)",2,none,200200,100000,860400,0.9723360147770099,0.015477237929624986,0.960149267483645,0.9723360147770099,0.1893470887507066,False,0.9967687796647979,353800,65118,0.024670744971976084,0.973970330784115,0.014036205929015317,reference validation blocks,,,
UNSW_to_CIC,44,source+target,few-shot,2,random,100,100000,860400,0.5793501894485938,0.15632772393152328,0.31502810282871097,0.5793501894485938,0.18553702656868287,False,0.6296337652192164,353800,65118,0.8325458462945386,0.9208667342363095,0.8444655364726585,held-out labelled half,50.0,50.0,0.14
UNSW_to_CIC,44,target_only,few-shot (no source data),2,random,100,100000,860400,0.6227102810798575,0.16927276380238462,0.41469332596209957,0.6227102810798575,0.2144431882419446,False,0.7669625461582424,353800,65118,0.34607630541564766,0.9228016830983753,0.5003429379039912,held-out labelled half,50.0,50.0,0.14
UNSW_to_CIC,44,source+target,few-shot,2,random,500,100000,860400,0.8235589371084543,0.06884391822143397,0.7159617924383427,0.8235589371084543,0.1879479932165065,False,0.9190988683665711,353800,65118,0.2742637227121885,0.9119905402500077,0.43444343602995683,held-out labelled half,250.0,250.0,0.148
UNSW_to_CIC,44,target_only,few-shot (no source data),2,random,500,100000,860400,0.8756886848510668,0.02360036302921554,0.7749777327313493,0.8756886848510668,0.16189372526851328,False,0.9560172166534974,353800,65118,0.08467102209351467,0.8821216867839922,0.32785556425409274,held-out labelled half,250.0,250.0,0.148
UNSW_to_CIC,44,source+target,few-shot,2,random,1000,100000,860400,0.9068065634415406,0.05843454042856846,0.8720476673116496,0.9068065634415406,0.20818258903335218,False,0.9633861269174486,353800,65118,0.21769282463056236,0.9300807764366228,0.24458746994963315,held-out labelled half,500.0,500.0,0.212
UNSW_to_CIC,44,target_only,few-shot (no source data),2,random,1000,100000,860400,0.928407457045429,0.03510437089946723,0.8919192849903252,0.928407457045429,0.19280384397964953,False,0.9805321789864966,353800,65118,0.05399366777284347,0.9201603243342854,0.11304480362474972,held-out labelled half,500.0,500.0,0.212
UNSW_to_CIC,44,source+target,few-shot,2,random,5000,100000,860400,0.9523183027069487,0.030680818339903423,0.9353174237538008,0.9523183027069487,0.19718202374222724,False,0.9876002086615645,353800,65118,0.026832292972890585,0.9312325317116619,0.06378645014237119,held-out labelled half,2500.0,2500.0,0.2004
UNSW_to_CIC,44,target_only,few-shot (no source data),2,random,5000,100000,860400,0.9509622820620716,0.018542894950152763,0.920467459074296,0.9509622820620716,0.1845449406444319,False,0.992978213875205,353800,65118,0.016852453564822192,0.9153690223901225,0.027635945434769053,held-out labelled half,2500.0,2500.0,0.2004
UNSW_to_CIC,44,source+target,few-shot,2,random,10000,100000,860400,0.9608557666486114,0.0275805211270533,0.9492920544242759,0.9608557666486114,0.19722442057659695,False,0.9920437545509033,353800,65118,0.02272396616346014,0.942089744771031,0.02832874928121601,held-out labelled half,5000.0,5000.0,0.189
UNSW_to_CIC,44,target_only,few-shot (no source data),2,random,10000,100000,860400,0.9658300609224858,0.02039614523939837,0.95205626708437,0.9658300609224858,0.1918711136235161,False,0.9950422087046323,353800,65118,0.01692173394946689,0.9371295187198624,0.020261048489341214,held-out labelled half,5000.0,5000.0,0.189
UNSW_to_CIC,44,source+target,few-shot,2,diverse,100,100000,860400,0.7312446508423829,0.16102493401043363,0.6235142356951995,0.7312446508423829,0.24614754098360656,False,0.7355584929156265,353800,65118,0.6589638425672539,0.8013452501612457,0.8651249471737067,held-out labelled half,50.0,50.0,0.3
UNSW_to_CIC,44,target_only,few-shot (no source data),2,diverse,100,100000,860400,0.7569459972853908,0.10122210598513243,0.6151141005559139,0.7569459972853908,0.19580553985302432,False,0.899236200574558,353800,65118,0.5622137854109366,0.9969593660738966,0.3102514185158756,held-out labelled half,50.0,50.0,0.3
UNSW_to_CIC,44,source+target,few-shot,2,diverse,500,100000,860400,0.8702941697434352,0.04705870126990945,0.78764704075678,0.8702941697434352,0.1833663086489542,False,0.9205056244346896,353800,65118,0.16933511614856486,0.86294112227034,0.5415543747098884,held-out labelled half,250.0,250.0,0.216
UNSW_to_CIC,44,target_only,few-shot (no source data),2,diverse,500,100000,860400,0.8794810493581005,0.03634795380383952,0.7953100525200405,0.8794810493581005,0.17603730921424535,False,0.9609900670806626,353800,65118,0.10049119792713089,0.9013943917196474,0.22455504672961946,held-out labelled half,250.0,250.0,0.216
UNSW_to_CIC,44,source+target,few-shot,2,diverse,1000,100000,860400,0.8984465751882543,0.026811508857497175,0.8237046592340059,0.8984465751882543,0.17348219332956472,False,0.9535434558193276,353800,65118,0.2063724097796191,0.9181332350502165,0.2782369527715618,held-out labelled half,500.0,500.0,0.18
UNSW_to_CIC,44,target_only,few-shot (no source data),2,diverse,1000,100000,860400,0.8883777065813288,0.004503225001905211,0.7812586381645628,0.8883777065813288,0.14746749576031656,False,0.9773207066675667,353800,65118,0.05589541433134037,0.9291900856905925,0.16440581678109478,held-out labelled half,500.0,500.0,0.18
UNSW_to_CIC,44,source+target,few-shot,2,diverse,5000,100000,860400,0.9234770870014166,0.021653584220699594,0.8686077582235326,0.9234770870014166,0.17753815715093274,False,0.9851715339649946,353800,65118,0.03449470351459391,0.8852851746060997,0.0913773633271212,held-out labelled half,2500.0,2500.0,0.1776
UNSW_to_CIC,44,target_only,few-shot (no source data),2,diverse,5000,100000,860400,0.9562622447332028,0.019783013835292813,0.9323075033016984,0.9562622447332028,0.187736009044658,False,0.9908781403529474,353800,65118,0.02535662077995857,0.9415676157130133,0.03899446449726689,held-out labelled half,2500.0,2500.0,0.1776
UNSW_to_CIC,44,source+target,few-shot,2,diverse,10000,100000,860400,0.9502068071188188,0.022280571701734087,0.9226941859393716,0.9502068071188188,0.18800452232899945,False,0.9903129792955198,353800,65118,0.024244670606411205,0.9242298596394238,0.035904559342113465,held-out labelled half,5000.0,5000.0,0.1606
UNSW_to_CIC,44,target_only,few-shot (no source data),2,diverse,10000,100000,860400,0.9598763551343191,0.018037148142246485,0.9377898584108848,0.9598763551343191,0.18732052006783492,False,0.9941413391637989,353800,65118,0.020725227066460673,0.9484935041002488,0.02100581262427169,held-out labelled half,5000.0,5000.0,0.1606
UNSW_to_CIC,44,zero_shot,zero-shot,3,none,0,100000,861400,0.5534527984904138,0.8024931476508209,0.9093987446316485,0.5534527984904138,0.8239712389380531,False,0.5364601718144435,361600,72648,0.8141836706442592,0.9191030723488602,0.8536123646834076,source validation,,,
UNSW_to_CIC,44,within_dataset_reference,"reference (target labels, leak-free)",3,none,200400,100000,861400,0.9801764933252869,0.017746892217392507,0.9780998788679661,0.9801764933252869,0.21068860619469026,False,0.9977742115436357,361600,72648,0.0078075251252803235,0.9508176412289395,0.0078075251252803235,reference validation blocks,,,
UNSW_to_CIC,44,source+target,few-shot,3,random,100,100000,861400,0.7516403197808378,0.22967828566682355,0.732958925228499,0.7516403197808378,0.3307909292035398,False,0.8289476836634216,361600,72648,0.8844133281652315,0.9895798920823697,0.7607007392231235,held-out labelled half,50.0,50.0,0.24
UNSW_to_CIC,44,target_only,few-shot (no source data),3,random,100,100000,861400,0.6591897350585352,0.14662989008555055,0.46500936020262085,0.6591897350585352,0.2105945796460177,False,0.8028576843987874,361600,72648,0.584225061601927,0.9938332782733179,0.584225061601927,held-out labelled half,50.0,50.0,0.24
UNSW_to_CIC,44,source+target,few-shot,3,random,500,100000,861400,0.9122974597386042,0.08616656053600598,0.9107614800132144,0.9122974597386042,0.25183351769911505,False,0.969122620148251,361600,72648,0.3763877737478889,0.9806326395771391,0.23435034192530246,held-out labelled half,250.0,250.0,0.208
UNSW_to_CIC,44,target_only,few-shot (no source data),3,random,500,100000,861400,0.9329506008672851,0.06831584484620283,0.9342170465807731,0.9329506008672851,0.24228152654867258,False,0.9750870229667963,361600,72648,0.34227830227857914,0.9865378262305914,0.09876380852183061,held-out labelled half,250.0,250.0,0.208
UNSW_to_CIC,44,source+target,few-shot,3,random,1000,100000,861400,0.9389731225645273,0.06514922893767823,0.9430954740667328,0.9389731225645273,0.24153484513274337,False,0.9847207947733345,361600,72648,0.07316786179019352,0.9654773703336637,0.07316786179019352,held-out labelled half,500.0,500.0,0.23
UNSW_to_CIC,44,target_only,few-shot (no source data),3,random,1000,100000,861400,0.9621746905308991,0.02955162103048257,0.9539010020922806,0.9621746905308991,0.21525995575221238,False,0.9902462506159249,361600,72648,0.037483734322655664,0.9599713687919833,0.02837841579224231,held-out labelled half,500.0,500.0,0.23
UNSW_to_CIC,44,source+target,few-shot,3,random,5000,100000,861400,0.966475105595518,0.031178188764915973,0.964128399955952,0.966475105595518,0.21861449115044249,False,0.9900569621623851,361600,72648,0.02566516237991085,0.9611276291157361,0.02566516237991085,held-out labelled half,2500.0,2500.0,0.192
UNSW_to_CIC,44,target_only,few-shot (no source data),3,random,5000,100000,861400,0.9700489968282877,0.02014867521249204,0.9602466688690673,0.9700489968282877,0.20902101769911505,False,0.9938804759749382,361600,72648,0.018169107671862455,0.9577827331791653,0.018169107671862455,held-out labelled half,2500.0,2500.0,0.192
UNSW_to_CIC,44,source+target,few-shot,3,random,10000,100000,861400,0.9710676294079343,0.02745784767020128,0.9695931064860698,0.9710676294079343,0.21673949115044247,False,0.9943732592256838,361600,72648,0.020145214430078353,0.9654360753221011,0.020145214430078353,held-out labelled half,5000.0,5000.0,0.2014
UNSW_to_CIC,44,target_only,few-shot (no source data),3,random,10000,100000,861400,0.970723231824031,0.021456850964866138,0.9629033146129281,0.970723231824031,0.21060011061946904,False,0.9934715185640972,361600,72648,0.017480411971538524,0.9567641228939544,0.017193167031202414,held-out labelled half,5000.0,5000.0,0.2014
UNSW_to_CIC,44,source+target,few-shot,3,diverse,100,100000,861400,0.740914069816124,0.2271934438937955,0.7090215835260434,0.740914069816124,0.3239961283185841,False,0.8056993842730732,361600,72648,0.6028336886403278,0.8836581874242925,0.8188591876851519,held-out labelled half,50.0,50.0,0.22
UNSW_to_CIC,44,target_only,few-shot (no source data),3,diverse,100,100000,861400,0.7505361485960226,0.04414574046900523,0.5452180376610506,0.7505361485960226,0.14481471238938054,False,0.9288101692922379,361600,72648,0.29416650516348736,0.978499063979738,0.24770204047731112,held-out labelled half,50.0,50.0,0.22
UNSW_to_CIC,44,source+target,few-shot,3,diverse,500,100000,861400,0.9136101385859019,0.03744220493369141,0.864662482105495,0.9136101385859019,0.2036366150442478,False,0.9556332407361192,361600,72648,0.10779298983914283,0.902309767646735,0.32042000055372516,held-out labelled half,250.0,250.0,0.204
UNSW_to_CIC,44,target_only,few-shot (no source data),3,diverse,500,100000,861400,0.9162667258306876,0.011853179766881697,0.8443866314282568,0.9162667258306876,0.1791150442477876,False,0.9806991605998591,361600,72648,0.21185179545391622,0.974328267811915,0.07450372380187713,held-out labelled half,250.0,250.0,0.204
UNSW_to_CIC,44,source+target,few-shot,3,diverse,1000,100000,861400,0.9197734934716816,0.0361963232647637,0.8757433102081269,0.9197734934716816,0.20486725663716815,False,0.9549288153347891,361600,72648,0.03981976245189513,0.8760599052967735,0.46770397851546275,held-out labelled half,500.0,500.0,0.212
UNSW_to_CIC,44,target_only,few-shot (no source data),3,diverse,1000,100000,861400,0.9244338569655283,0.013922727650267173,0.8627904415813237,0.9244338569655283,0.1844662610619469,False,0.9835923798425721,361600,72648,0.04855823804645754,0.8892467789890981,0.06719109056175421,held-out labelled half,500.0,500.0,0.212
UNSW_to_CIC,44,source+target,few-shot,3,diverse,5000,100000,861400,0.9486529273551488,0.018961626844597027,0.9162674815548948,0.9486529273551488,0.1992367256637168,False,0.9899646928527673,361600,72648,0.02687297544228799,0.921828543111992,0.04985603145159057,held-out labelled half,2500.0,2500.0,0.1744
UNSW_to_CIC,44,target_only,few-shot (no source data),3,diverse,5000,100000,861400,0.9636718240121966,0.017899166643594783,0.9452428146679881,0.9636718240121966,0.20420907079646017,False,0.9934762051593766,361600,72648,0.026855671530219553,0.9634952097786588,0.019456518729754423,held-out labelled half,2500.0,2500.0,0.1744
UNSW_to_CIC,44,source+target,few-shot,3,diverse,10000,100000,861400,0.9651012401456346,0.016829784877765167,0.9470322651690343,0.9651012401456346,0.20371404867256637,False,0.9940312694408432,361600,72648,0.012434591212381295,0.9366534522629666,0.023159555912400674,held-out labelled half,5000.0,5000.0,0.1748
UNSW_to_CIC,44,target_only,few-shot (no source data),3,diverse,10000,100000,861400,0.9735477571463774,0.018670921121847227,0.9657664354146019,0.9735477571463774,0.2089491150442478,False,0.996283820414201,361600,72648,0.009922063180043744,0.9374105274749477,0.017746892217392507,held-out labelled half,5000.0,5000.0,0.1748
UNSW_to_CIC,44,zero_shot,zero-shot,4,none,0,100000,863600,0.5540301009765756,0.8062643733316271,0.9143245752847783,0.5540301009765756,0.829357182783678,False,0.5154765151771423,357800,76463,0.8182962070399556,0.921975334475498,0.8563964213736551,source validation,,,
UNSW_to_CIC,44,within_dataset_reference,"reference (target labels, leak-free)",4,none,200200,100000,863600,0.9719138653197887,0.016414478010357687,0.9602422086499353,0.9719138653197887,0.21811347121296815,False,0.9949065470947598,357800,76463,0.1596092941916634,0.9947556334436263,0.015252170884028762,reference validation blocks,,,
UNSW_to_CIC,44,source+target,few-shot,4,random,100,100000,863600,0.8012649064630774,0.24866619036955678,0.8511960032957117,0.8012649064630774,0.37742873113471215,False,0.8732754733155689,357800,76463,0.2115683326402144,0.8450100048389417,0.7057230296761535,held-out labelled half,50.0,50.0,0.28
UNSW_to_CIC,44,target_only,few-shot (no source data),4,random,100,100000,863600,0.7753115020523015,0.25159506214966393,0.8022180662542667,0.7753115020523015,0.36926495248742314,False,0.9034990660036745,357800,76463,0.2750366997586524,0.9438551979388724,0.27816106662116963,held-out labelled half,50.0,50.0,0.28
UNSW_to_CIC,44,source+target,few-shot,4,random,500,100000,863600,0.8819952167414051,0.09218837195249825,0.8561788054353086,0.8819952167414051,0.2554555617663499,False,0.947120149155751,357800,76463,0.11619161361641021,0.8771955063233198,0.33728588845406043,held-out labelled half,250.0,250.0,0.196
UNSW_to_CIC,44,target_only,few-shot (no source data),4,random,500,100000,863600,0.9237785134014084,0.05698503929451156,0.9045420660973281,0.9237785134014084,0.23811067635550587,False,0.9616566859613764,357800,76463,0.05697082147033629,0.9045420660973281,0.2419162783423439,held-out labelled half,250.0,250.0,0.196
UNSW_to_CIC,44,source+target,few-shot,4,random,1000,100000,863600,0.910565996503626,0.057358257179112596,0.8784902501863646,0.910565996503626,0.23283678032420346,False,0.95948792247108,357800,76463,0.32454671799301194,0.962517819075893,0.28011601744527026,held-out labelled half,500.0,500.0,0.224
UNSW_to_CIC,44,target_only,few-shot (no source data),4,random,1000,100000,863600,0.9283592772902395,0.023981914927649048,0.8807004695081281,0.9283592772902395,0.2070653996646171,False,0.9747751558096442,357800,76463,0.14607037112075555,0.9522514157174058,0.1264497737588728,held-out labelled half,500.0,500.0,0.224
UNSW_to_CIC,44,source+target,few-shot,4,random,5000,100000,863600,0.9574533787562666,0.030387044718611488,0.9452938022311445,0.9574533787562666,0.22590553381777528,False,0.9898052759713944,357800,76463,0.02680059857039778,0.9415665092920759,0.038562293619395956,held-out labelled half,2500.0,2500.0,0.2068
UNSW_to_CIC,44,target_only,few-shot (no source data),4,random,5000,100000,863600,0.9608466639054202,0.021181003565119413,0.9428743313759597,0.9608466639054202,0.21814980435997763,False,0.9920978039169613,357800,76463,0.021181003565119413,0.9419980905797575,0.0257200439330767,held-out labelled half,2500.0,2500.0,0.2068
UNSW_to_CIC,44,source+target,few-shot,4,random,10000,100000,863600,0.9669002769692182,0.030195104092245243,0.9639956580306815,0.9669002769692182,0.22975125768585802,False,0.9953432572715017,357800,76463,0.02172128088377995,0.9522252592757281,0.02172128088377995,held-out labelled half,5000.0,5000.0,0.2084
UNSW_to_CIC,44,target_only,few-shot (no source data),4,random,10000,100000,863600,0.9733631860904028,0.02087887480139477,0.9676052469822005,0.9733631860904028,0.22319731693683623,False,0.9958495346419967,357800,76463,0.01728887419713724,0.955364032277049,0.01728887419713724,held-out labelled half,5000.0,5000.0,0.2084
UNSW_to_CIC,44,source+target,few-shot,4,diverse,100,100000,863600,0.7864770377304332,0.23360596011189427,0.8065600355727607,0.7864770377304332,0.35604807154835105,False,0.901557593295893,357800,76463,0.001659930972463629,0.6225102337078063,0.5747128888130605,held-out labelled half,50.0,50.0,0.24
UNSW_to_CIC,44,target_only,few-shot (no source data),4,diverse,100,100000,863600,0.8256036540432158,0.29263481163160193,0.9438421197180336,0.8256036540432158,0.43179988820570153,False,0.808777184254587,357800,76463,0.29219405908216833,0.940598720950002,0.3009664565983145,held-out labelled half,50.0,50.0,0.24
UNSW_to_CIC,44,source+target,few-shot,4,diverse,500,100000,863600,0.9111620211116912,0.048319275459680025,0.8706433176830624,0.9111620211116912,0.22405254332029068,False,0.9549461242305084,357800,76463,0.08293612287043653,0.9122189817297255,0.2608686379679886,held-out labelled half,250.0,250.0,0.212
UNSW_to_CIC,44,target_only,few-shot (no source data),4,diverse,500,100000,863600,0.8785618373113424,0.015223735235678208,0.7723474098583629,0.8785618373113424,0.17702347680268307,False,0.9679163974158544,357800,76463,0.17055701880662694,0.9482625583615605,0.18853901193230893,held-out labelled half,250.0,250.0,0.212
UNSW_to_CIC,44,source+target,few-shot,4,diverse,1000,100000,863600,0.9325833088432854,0.03618436252608082,0.9013509802126519,0.9325833088432854,0.22107322526551146,False,0.9611397967059521,357800,76463,0.1754621681470976,0.9334187777094805,0.46206506787233814,held-out labelled half,500.0,500.0,0.204
UNSW_to_CIC,44,target_only,few-shot (no source data),4,diverse,1000,100000,863600,0.9104255819624805,0.004855386955857211,0.8257065508808181,0.9104255819624805,0.1802738960313024,False,0.9750375093256108,357800,76463,0.04087624450392234,0.9284621320115611,0.2036099055581029,held-out labelled half,500.0,500.0,0.204
UNSW_to_CIC,44,source+target,few-shot,4,diverse,5000,100000,863600,0.9497339573604846,0.0363834120645347,0.9358513267855041,0.9497339573604846,0.2286025712688653,False,0.9929457386676724,357800,76463,0.03376733241628367,0.9351189464185292,0.03898171943256664,held-out labelled half,2500.0,2500.0,0.1832
UNSW_to_CIC,44,target_only,few-shot (no source data),4,diverse,5000,100000,863600,0.965796309119756,0.021600429378290095,0.9531930476178021,0.965796309119756,0.220684740078256,False,0.9952499890942657,357800,76463,0.0049087037965145006,0.8753253207433661,0.019663250834408556,held-out labelled half,2500.0,2500.0,0.1832
UNSW_to_CIC,44,source+target,few-shot,4,diverse,10000,100000,863600,0.9593629368528543,0.02189900368597092,0.9406248773916797,0.9593629368528543,0.21823365008384574,False,0.9932540144792207,357800,76463,0.017196458339997937,0.9351974157435623,0.04034307609734944,held-out labelled half,5000.0,5000.0,0.1716
UNSW_to_CIC,44,target_only,few-shot (no source data),4,diverse,10000,100000,863600,0.9638569222835353,0.013578022087389856,0.9412918666544603,0.9638569222835353,0.21183342649524875,False,0.9948905904399665,357800,76463,0.012899120983020363,0.9320455645214025,0.021703508603560854,held-out labelled half,5000.0,5000.0,0.1716
UNSW_to_CIC,45,zero_shot,zero-shot,0,none,0,100000,858000,0.456738882854679,0.7063855480556467,0.6198633137650048,0.456738882854679,0.6896957746478873,False,0.4997880922325975,355000,68478,0.7596275329643098,0.7921814305324337,0.8468669072531952,source validation,,,
UNSW_to_CIC,45,within_dataset_reference,"reference (target labels, leak-free)",0,none,200400,100000,858000,0.9769749522542076,0.01525188292696547,0.9692017874353807,0.9769749522542076,0.19926478873239437,False,0.9979565199159488,355000,68478,0.0069104641179385876,0.9353368965215105,0.014260685043382359,reference validation blocks,,,
UNSW_to_CIC,45,source+target,few-shot,0,random,100,100000,858000,0.7751277467464224,0.16317071638478023,0.713426209877625,0.7751277467464224,0.269312676056338,False,0.8256313983155332,355000,68478,0.49429363190261133,0.8132100820701539,0.7557953664989076,held-out labelled half,50.0,50.0,0.2
UNSW_to_CIC,45,target_only,few-shot (no source data),0,random,100,100000,858000,0.690544058013302,0.2519911211006485,0.6330792371272526,0.690544058013302,0.32550140845070424,False,0.8251748797649964,355000,68478,0.4821898492960401,0.979832939046117,0.4821898492960401,held-out labelled half,50.0,50.0,0.2
UNSW_to_CIC,45,source+target,few-shot,0,random,500,100000,858000,0.9044668187984815,0.08395166863277514,0.892885306229738,0.9044668187984815,0.23999154929577465,False,0.9554618917301075,355000,68478,0.15740152588631937,0.9231870089663834,0.3101856052938343,held-out labelled half,250.0,250.0,0.168
UNSW_to_CIC,45,target_only,few-shot (no source data),0,random,500,100000,858000,0.9177759193647377,0.06571572165488165,0.9012675603843571,0.9177759193647377,0.22689014084507042,False,0.9717848130753677,355000,68478,0.15823217763382916,0.9480709132860189,0.20938706277353922,held-out labelled half,250.0,250.0,0.168
UNSW_to_CIC,45,source+target,few-shot,0,random,1000,100000,858000,0.9170343416031362,0.04523561890535456,0.8793043021116271,0.9170343416031362,0.20612394366197184,False,0.956276021713748,355000,68478,0.3033309833101821,0.9462016998159993,0.39475153740375957,held-out labelled half,500.0,500.0,0.198
UNSW_to_CIC,45,target_only,few-shot (no source data),0,random,1000,100000,858000,0.9409737445133172,0.023949295342067974,0.9058967843687024,0.9409737445133172,0.19407323943661972,False,0.9690591853034922,355000,68478,0.030430473052680075,0.9112415666345396,0.25568368223033483,held-out labelled half,500.0,500.0,0.198
UNSW_to_CIC,45,source+target,few-shot,0,random,5000,100000,858000,0.9561677398894637,0.032960819762531325,0.9452962995414586,0.9561677398894637,0.20894647887323944,False,0.9906742232868986,355000,68478,0.027948988210329397,0.9388562750080318,0.03565869287524169,held-out labelled half,2500.0,2500.0,0.2076
UNSW_to_CIC,45,target_only,few-shot (no source data),0,random,5000,100000,858000,0.962084145996251,0.02282198225616183,0.9469902742486638,0.962084145996251,0.20109014084507043,False,0.9943320976801421,355000,68478,0.02169117903686279,0.9415286661409504,0.023858551873852617,held-out labelled half,2500.0,2500.0,0.2076
UNSW_to_CIC,45,source+target,few-shot,0,random,10000,100000,858000,0.967439609462695,0.02526856576458352,0.9601477846899734,0.967439609462695,0.20560281690140844,False,0.9929057598548122,355000,68478,0.021233971562393116,0.954963637956716,0.021233971562393116,held-out labelled half,5000.0,5000.0,0.1932
UNSW_to_CIC,45,target_only,few-shot (no source data),0,random,10000,100000,858000,0.9706489659104779,0.019492394999336873,0.9607903268202926,0.9706489659104779,0.20106478873239436,False,0.9950804139964815,355000,68478,0.01737388402984762,0.9524518823563772,0.01737388402984762,held-out labelled half,5000.0,5000.0,0.1932
UNSW_to_CIC,45,source+target,few-shot,0,diverse,100,100000,858000,0.8278432300636939,0.23801662699548376,0.8937030871228716,0.8278432300636939,0.36449577464788735,False,0.9246020414719958,355000,68478,0.988678007273438,1.0,0.35898814052673095,held-out labelled half,50.0,50.0,0.28
UNSW_to_CIC,45,target_only,few-shot (no source data),0,diverse,100,100000,858000,0.7780053470503072,0.2075338019419102,0.7635444960425246,0.7780053470503072,0.31478591549295776,False,0.898292344625333,355000,68478,0.44101325552662624,0.9875580478401822,0.2718499801062397,held-out labelled half,50.0,50.0,0.28
UNSW_to_CIC,45,source+target,few-shot,0,diverse,500,100000,858000,0.8660761395827462,0.03927796120367721,0.7714302403691696,0.8660761395827462,0.18050704225352113,False,0.9341849613747735,355000,68478,0.04168266311138412,0.7739127895090394,0.5351735643336288,held-out labelled half,250.0,250.0,0.24
UNSW_to_CIC,45,target_only,few-shot (no source data),0,diverse,500,100000,858000,0.9234986745451129,0.019091029659153574,0.8660883787493794,0.9234986745451129,0.18247323943661972,False,0.9665021638534484,355000,68478,0.018396493113966815,0.8613569321533924,0.15226055939858021,held-out labelled half,250.0,250.0,0.24
UNSW_to_CIC,45,source+target,few-shot,0,diverse,1000,100000,858000,0.9166531547975457,0.037557325440978354,0.87086363503607,0.9166531547975457,0.19829859154929577,False,0.9627231228674928,355000,68478,0.0623826442646638,0.8961418265720378,0.36738540147004417,held-out labelled half,500.0,500.0,0.19
UNSW_to_CIC,45,target_only,few-shot (no source data),0,diverse,1000,100000,858000,0.9296673922509141,0.018961894723616337,0.8782966792254446,0.9296673922509141,0.18472394366197184,False,0.9814113094428435,355000,68478,0.05475321266778816,0.9178130202400772,0.11614814918226174,held-out labelled half,500.0,500.0,0.19
UNSW_to_CIC,45,source+target,few-shot,0,diverse,5000,100000,858000,0.9603283388752837,0.03163456907322998,0.9522912468237974,0.9603283388752837,0.20922535211267607,False,0.9923718376143574,355000,68478,0.01725521949448908,0.9115628376996991,0.0277395802067555,held-out labelled half,2500.0,2500.0,0.1776
UNSW_to_CIC,45,target_only,few-shot (no source data),0,diverse,5000,100000,858000,0.964539433686758,0.020686020619708086,0.9497648879932241,0.964539433686758,0.19990140845070423,False,0.993938173273976,355000,68478,0.015304234927858942,0.933467683051491,0.020891938489889083,held-out labelled half,2500.0,2500.0,0.1776
UNSW_to_CIC,45,source+target,few-shot,0,diverse,10000,100000,858000,0.9674447383451603,0.02715672793014149,0.9620462046204621,0.9674447383451603,0.20749295774647888,False,0.9947051438227316,355000,68478,0.007039599053475824,0.8992523146119922,0.024811358290113848,held-out labelled half,5000.0,5000.0,0.169
UNSW_to_CIC,45,target_only,few-shot (no source data),0,diverse,10000,100000,858000,0.9704830951778088,0.01950286539951557,0.9604690557551331,0.9704830951778088,0.20101126760563381,False,0.9963720485644253,355000,68478,0.007723665198483886,0.9196238207891586,0.015241412526786773,held-out labelled half,5000.0,5000.0,0.169
UNSW_to_CIC,45,zero_shot,zero-shot,1,none,0,100000,858400,0.4455011689022632,0.6941635990287989,0.5851659368333253,0.4455011689022632,0.6750758426966292,False,0.5010483688741508,356000,62343,0.7468338912404608,0.7917488731694016,0.8423364673752031,source validation,,,
UNSW_to_CIC,45,within_dataset_reference,"reference (target labels, leak-free)",1,none,200000,100000,858400,0.9766440288814507,0.016492029817099543,0.969780087580001,0.9766440288814507,0.1834325842696629,False,0.9972652279721141,356000,62343,0.001225920035960321,0.8333413534799416,0.015116275110077404,reference validation blocks,,,
UNSW_to_CIC,45,source+target,few-shot,1,random,100,100000,858400,0.8751330400063354,0.1228712409375564,0.873137320950227,0.8751330400063354,0.25425842696629214,False,0.9291695742446319,356000,62343,0.22082565714421928,0.9077843542979965,0.341854612694402,held-out labelled half,50.0,50.0,0.22
UNSW_to_CIC,45,target_only,few-shot (no source data),1,random,100,100000,858400,0.7480666813726184,0.23860830833251037,0.7347416710777473,0.7480666813726184,0.32549157303370785,False,0.8339710422264065,356000,62343,0.5071631188767848,0.9979628827614969,0.5071631188767848,held-out labelled half,50.0,50.0,0.22
UNSW_to_CIC,45,source+target,few-shot,1,random,500,100000,858400,0.9015931854133322,0.06826671933582376,0.8714530901624882,0.9015931854133322,0.20892134831460674,False,0.9625252447201376,356000,62343,0.28685166708098225,0.9498420031118169,0.28931372315320253,held-out labelled half,250.0,250.0,0.2
UNSW_to_CIC,45,target_only,few-shot (no source data),1,random,500,100000,858400,0.8718041906744634,0.02287703000439288,0.7664854113533195,0.8718041906744634,0.1530983146067416,False,0.9790913095001474,356000,62343,0.12251027559363475,0.9650161204946827,0.08601872252321587,held-out labelled half,250.0,250.0,0.2
UNSW_to_CIC,45,source+target,few-shot,1,random,1000,100000,858400,0.9304963617502647,0.05657620965956882,0.9175689331600981,0.9304963617502647,0.20735393258426965,False,0.9755124313596751,356000,62343,0.04903339610497962,0.9094846253789519,0.18147021865645974,held-out labelled half,500.0,500.0,0.196
UNSW_to_CIC,45,target_only,few-shot (no source data),1,random,1000,100000,858400,0.9443398053152289,0.031134963579958933,0.9198145742104166,0.9443398053152289,0.18676123595505617,False,0.9882642021147483,356000,62343,0.029183707522722088,0.9162857097027733,0.060059865761756065,held-out labelled half,500.0,500.0,0.196
UNSW_to_CIC,45,source+target,few-shot,1,random,5000,100000,858400,0.9482799751147171,0.03615101972709658,0.9327109699565308,0.9482799751147171,0.19315730337078652,False,0.9862815968123569,356000,62343,0.03865393980051557,0.9400093033700656,0.06700674596553122,held-out labelled half,2500.0,2500.0,0.2084
UNSW_to_CIC,45,target_only,few-shot (no source data),1,random,5000,100000,858400,0.9558431149479663,0.02185883530785917,0.9335450652037919,0.9558431149479663,0.18151404494382023,False,0.9910513671609117,356000,62343,0.03214975294305942,0.9448855525078999,0.039873049169609445,held-out labelled half,2500.0,2500.0,0.2084
UNSW_to_CIC,45,source+target,few-shot,1,random,10000,100000,858400,0.9662691291898382,0.026350470106280457,0.9588887284859567,0.9662691291898382,0.1896573033707865,False,0.9929177847621367,356000,62343,0.025168819404952036,0.9581669152912116,0.025168819404952036,held-out labelled half,5000.0,5000.0,0.212
UNSW_to_CIC,45,target_only,few-shot (no source data),1,random,10000,100000,858400,0.9686891470945944,0.019665800576863485,0.9570440947660523,0.9686891470945944,0.18382022471910112,False,0.994461625417574,356000,62343,0.01845009654120283,0.954830534302167,0.01845009654120283,held-out labelled half,5000.0,5000.0,0.212
UNSW_to_CIC,45,source+target,few-shot,1,diverse,100,100000,858400,0.7723173277751951,0.21498551030624163,0.7596201658566318,0.7723173277751951,0.3103623595505618,False,0.8422428902129803,356000,62343,0.7770187667925504,0.9769661389410198,0.7285234133700201,held-out labelled half,50.0,50.0,0.24
UNSW_to_CIC,45,target_only,few-shot (no source data),1,diverse,100,100000,858400,0.7243732852613933,0.07857806897162335,0.52732463949441,0.7243732852613933,0.1571629213483146,False,0.8488145749708169,356000,62343,0.4465209410979476,0.9765170107309562,0.4465209410979476,held-out labelled half,50.0,50.0,0.24
UNSW_to_CIC,45,source+target,few-shot,1,diverse,500,100000,858400,0.8971512115499555,0.03926349448506251,0.8335659175849734,0.8971512115499555,0.1783623595505618,False,0.9251056812632266,356000,62343,0.5186697405476457,0.9207609515101937,0.6497239977252373,held-out labelled half,250.0,250.0,0.228
UNSW_to_CIC,45,target_only,few-shot (no source data),1,diverse,500,100000,858400,0.8998582880348402,0.01679850982608962,0.8165150858957702,0.8998582880348402,0.15684550561797753,False,0.9676242837134393,356000,62343,0.2168959023622798,0.9734693550198098,0.20610440071239575,held-out labelled half,250.0,250.0,0.228
UNSW_to_CIC,45,source+target,few-shot,1,diverse,1000,100000,858400,0.9068754112497066,0.01975093391269406,0.8335017564121072,0.9068754112497066,0.16225561797752808,False,0.9548810370525911,356000,62343,0.11806291012984536,0.8920488266525513,0.26199954368531997,held-out labelled half,500.0,500.0,0.204
UNSW_to_CIC,45,target_only,few-shot (no source data),1,diverse,1000,100000,858400,0.9143656416995555,0.006037656177104582,0.8347689395762155,0.9143656416995555,0.15116573033707864,False,0.9789132038648656,356000,62343,0.09032306398280987,0.9484785781884093,0.09120504534201467,held-out labelled half,500.0,500.0,0.204
UNSW_to_CIC,45,source+target,few-shot,1,diverse,5000,100000,858400,0.950616727146583,0.021099445952250415,0.9223329002454165,0.950616727146583,0.17892415730337077,False,0.9894942783256697,356000,62343,0.016301331144839046,0.9186917536852574,0.03224850761262289,held-out labelled half,2500.0,2500.0,0.1708
UNSW_to_CIC,45,target_only,few-shot (no source data),1,diverse,5000,100000,858400,0.9651667527641723,0.01872252321586068,0.9490560287442055,0.9651667527641723,0.1816432584269663,False,0.9932680010443248,356000,62343,0.01695856049745111,0.9429927979083458,0.01924694456457704,held-out labelled half,2500.0,2500.0,0.1708
UNSW_to_CIC,45,source+target,few-shot,1,diverse,10000,100000,858400,0.9581035164032966,0.020850856611625126,0.9370578894182185,0.9581035164032966,0.18129775280898877,False,0.9938529525321109,356000,62343,0.006783424198980443,0.898031856022328,0.034015875664465685,held-out labelled half,5000.0,5000.0,0.182
UNSW_to_CIC,45,target_only,few-shot (no source data),1,diverse,10000,100000,858400,0.9594193608279098,0.016069768471379874,0.9349084901271996,0.9594193608279098,0.17697752808988765,False,0.9954633351114267,356000,62343,0.013182045720006674,0.9208411529762764,0.024508184718906752,held-out labelled half,5000.0,5000.0,0.182
UNSW_to_CIC,45,zero_shot,zero-shot,2,none,0,100000,870743,0.45318525064114884,0.6976516459842969,0.6040221472665945,0.45318525064114884,0.6771841958820256,False,0.5039141314303255,359400,78565,0.7511278864813858,0.7712721949977726,0.8435771894528816,source validation,,,
UNSW_to_CIC,45,within_dataset_reference,"reference (target labels, leak-free)",2,none,200200,100000,870743,0.9797376487035631,0.02059216265778838,0.9800674600649144,0.9797376487035631,0.2303338898163606,False,0.9972091281399305,359400,78565,0.018704933501878327,0.976592630306116,0.018704933501878327,reference validation blocks,,,
UNSW_to_CIC,45,source+target,few-shot,2,random,100,100000,870743,0.8029960350067548,0.17800843911905567,0.7840005091325654,0.8029960350067548,0.3104785754034502,False,0.849104190997927,359400,78565,0.13747930279345524,0.7699866352701584,0.8056581266580021,held-out labelled half,50.0,50.0,0.18
UNSW_to_CIC,45,target_only,few-shot (no source data),2,random,100,100000,870743,0.730765378035128,0.07854434098313956,0.5400750970533953,0.730765378035128,0.17943516972732332,False,0.8552855547035481,359400,78565,0.13059625758897572,0.7008973461465029,0.4736233019388609,held-out labelled half,50.0,50.0,0.18
UNSW_to_CIC,45,source+target,few-shot,2,random,500,100000,870743,0.8917760057015379,0.06865953317784464,0.8522115445809203,0.8917760057015379,0.23994435169727324,False,0.9317131251511165,359400,78565,0.33455231719693057,0.8972697766180869,0.5442234764185375,held-out labelled half,250.0,250.0,0.164
UNSW_to_CIC,45,target_only,few-shot (no source data),2,random,500,100000,870743,0.8977277574141005,0.026780849965282107,0.822236364793483,0.8977277574141005,0.2006677796327212,False,0.9741042111497125,359400,78565,0.06007442092331796,0.9326799465410807,0.14377125358306478,held-out labelled half,250.0,250.0,0.164
UNSW_to_CIC,45,source+target,few-shot,2,random,1000,100000,870743,0.9119672807384982,0.05957590756137946,0.8835104690383758,0.9119672807384982,0.2396883695047301,False,0.9736730596375202,359400,78565,0.1002937668025709,0.9219754343537199,0.2341374828636032,held-out labelled half,500.0,500.0,0.186
UNSW_to_CIC,45,target_only,few-shot (no source data),2,random,1000,100000,870743,0.9362809937817256,0.03651966457172361,0.9090816521351747,0.9362809937817256,0.22726210350584308,False,0.9810841844140888,359400,78565,0.08460839995014867,0.9579201934703748,0.07673901045097656,held-out labelled half,500.0,500.0,0.186
UNSW_to_CIC,45,source+target,few-shot,2,random,5000,100000,870743,0.9654401582612115,0.03331493581640465,0.9641952523388277,0.9654401582612115,0.23680578742348357,False,0.9920727572571749,359400,78565,0.03223244965905247,0.9612804684019601,0.03223244965905247,held-out labelled half,2500.0,2500.0,0.1716
UNSW_to_CIC,45,target_only,few-shot (no source data),2,random,5000,100000,870743,0.9670893631612134,0.025459789556145068,0.9596385158785719,0.9670893631612134,0.22967167501391209,False,0.9926361411937585,359400,78565,0.023469296918119182,0.9562909692611213,0.023469296918119182,held-out labelled half,2500.0,2500.0,0.1716
UNSW_to_CIC,45,source+target,few-shot,2,random,10000,100000,870743,0.9669503335174883,0.028283511670553884,0.9621841787055304,0.9669503335174883,0.23243461324429604,False,0.9925555215200441,359400,78565,0.023451492869478518,0.9580856615541271,0.023017074082646395,held-out labelled half,5000.0,5000.0,0.188
UNSW_to_CIC,45,target_only,few-shot (no source data),2,random,10000,100000,870743,0.9689448178746611,0.02237256752185447,0.9602622032711767,0.9689448178746611,0.22739565943238732,False,0.9944598341098903,359400,78565,0.02073459504691367,0.9579329217845096,0.01867644702405327,held-out labelled half,5000.0,5000.0,0.188
UNSW_to_CIC,45,source+target,few-shot,2,diverse,100,100000,870743,0.7630051372912138,0.11856428151761711,0.6445745561000445,0.7630051372912138,0.23355036171396773,False,0.8073112747587672,359400,78565,0.8922534584364484,0.9688538153121619,0.7444656114800505,held-out labelled half,50.0,50.0,0.28
UNSW_to_CIC,45,target_only,few-shot (no source data),2,diverse,100,100000,870743,0.7249870819236908,0.058432887638649025,0.5084070514860307,0.7249870819236908,0.15679744017807457,False,0.9138607170749022,359400,78565,0.31234710773229835,0.9823203716667728,0.2901917496038599,held-out labelled half,50.0,50.0,0.28
UNSW_to_CIC,45,source+target,few-shot,2,diverse,500,100000,870743,0.8907474178937143,0.036362988943685795,0.8178578247311143,0.8907474178937143,0.2071981079577073,False,0.9456154622745201,359400,78565,0.33238022326276995,0.9457646534716477,0.358755140919045,held-out labelled half,250.0,250.0,0.184
UNSW_to_CIC,45,target_only,few-shot (no source data),2,diverse,500,100000,870743,0.9010507399285226,0.013121583848167074,0.8152230637052122,0.9010507399285226,0.1884613244296049,False,0.9722271271175794,359400,78565,0.2941727348799117,0.9698084388722714,0.13039685224420033,held-out labelled half,250.0,250.0,0.184
UNSW_to_CIC,45,source+target,few-shot,2,diverse,1000,100000,870743,0.926922881698161,0.03361048302383962,0.8874562464201616,0.926922881698161,0.2202615470228158,False,0.9704334706841338,359400,78565,0.12231025335161215,0.9589766435435626,0.12231025335161215,held-out labelled half,500.0,500.0,0.192
UNSW_to_CIC,45,target_only,few-shot (no source data),2,diverse,1000,100000,870743,0.9089558930965332,0.019178521195719906,0.8370903073887863,0.9089558930965332,0.19797440178074568,False,0.9716160545047318,359400,78565,0.1266864885074866,0.9531725322980971,0.08767069631634233,held-out labelled half,500.0,500.0,0.192
UNSW_to_CIC,45,source+target,few-shot,2,diverse,5000,100000,870743,0.9351041928493757,0.018049744511902006,0.8882581302106536,0.9351041928493757,0.20827768503060656,False,0.9883869727614067,359400,78565,0.02975056527854434,0.8987971743142621,0.058500543023483544,held-out labelled half,2500.0,2500.0,0.1476
UNSW_to_CIC,45,target_only,few-shot (no source data),2,diverse,5000,100000,870743,0.9190118714253178,0.007199957270283263,0.845223700120919,0.9190118714253178,0.1903923205342237,False,0.9922111152124871,359400,78565,0.032435415813556,0.9557436517533253,0.026325066320081185,held-out labelled half,2500.0,2500.0,0.1476
UNSW_to_CIC,45,source+target,few-shot,2,diverse,10000,100000,870743,0.9589784963520867,0.01818505528157103,0.9361420479857443,0.9589784963520867,0.21885086254869227,False,0.9933878584711859,359400,78565,0.028443748108319834,0.9411060904983135,0.04530062136129756,held-out labelled half,5000.0,5000.0,0.158
UNSW_to_CIC,45,target_only,few-shot (no source data),2,diverse,10000,100000,870743,0.9615073191528436,0.013445617533427101,0.9364602558391141,0.9615073191528436,0.2152170283806344,False,0.993769908313999,359400,78565,0.025851478626239606,0.9724686565264431,0.025360086883757366,held-out labelled half,5000.0,5000.0,0.158
UNSW_to_CIC,45,zero_shot,zero-shot,3,none,0,100000,862943,0.4759851165785159,0.698078919134273,0.6500491522913048,0.4759851165785159,0.6881825749167592,False,0.5372436317599246,360400,74259,0.753223061357862,0.8224861632933382,0.8439825121181516,source validation,,,
UNSW_to_CIC,45,within_dataset_reference,"reference (target labels, leak-free)",3,none,200000,100000,862943,0.9812028048724536,0.01669456666468629,0.9791001764095935,0.9812028048724536,0.21499445061043285,False,0.9977996104411673,360400,74259,0.05004525740806106,0.9937919982763032,0.01507648327223292,reference validation blocks,,,
UNSW_to_CIC,45,source+target,few-shot,3,random,100,100000,862943,0.8219021359737774,0.24074844220157196,0.8845527141491267,0.8219021359737774,0.3734017758046615,False,0.8987955754768466,360400,74259,0.5810561925763872,0.9693505164357182,0.5799763053879031,held-out labelled half,50.0,50.0,0.18
UNSW_to_CIC,45,target_only,few-shot (no source data),3,random,100,100000,862943,0.7677432085013107,0.14779776403940714,0.6832841810420286,0.7677432085013107,0.2581326304106548,False,0.8700551904375828,360400,74259,0.41364222533646,0.9853889764203666,0.41364222533646,held-out labelled half,50.0,50.0,0.18
UNSW_to_CIC,45,source+target,few-shot,3,random,500,100000,862943,0.9332446264386887,0.05888006262646737,0.9253693155038446,0.9332446264386887,0.2374167591564928,False,0.9713204715995917,360400,74259,0.18324881789048056,0.9604492384761443,0.1337557358085699,held-out labelled half,250.0,250.0,0.164
UNSW_to_CIC,45,target_only,few-shot (no source data),3,random,500,100000,862943,0.9335210301940022,0.0272872464973562,0.8943293068853607,0.9335210301940022,0.20593784683684796,False,0.9801287233757379,360400,74259,0.3171932718484943,0.9791271091719522,0.05093642644710125,held-out labelled half,250.0,250.0,0.164
UNSW_to_CIC,45,source+target,few-shot,3,random,1000,100000,862943,0.9343646962382327,0.05416210889037223,0.9228915013668377,0.9343646962382327,0.23316037735849057,False,0.9823239546283202,360400,74259,0.4603814203487092,0.9942633216175817,0.0869536347465061,held-out labelled half,500.0,500.0,0.236
UNSW_to_CIC,45,target_only,few-shot (no source data),3,random,1000,100000,862943,0.9509338236758879,0.028255300708392016,0.9301229480601678,0.9509338236758879,0.21408157602663708,False,0.9877370885913147,360400,74259,0.2846114328250757,0.9865336188206143,0.046106639733557934,held-out labelled half,500.0,500.0,0.236
UNSW_to_CIC,45,source+target,few-shot,3,random,5000,100000,862943,0.9557253267554969,0.03380850699480326,0.9452591605057973,0.9557253267554969,0.2216093229744728,False,0.9914887180936893,360400,74259,0.055818634868823415,0.9642332915875517,0.03842161731454073,held-out labelled half,2500.0,2500.0,0.2036
UNSW_to_CIC,45,target_only,few-shot (no source data),3,random,5000,100000,862943,0.9645233709619054,0.02282441174106472,0.9518711536648756,0.9645233709619054,0.21425083240843507,False,0.9944010907950133,360400,74259,0.04014803890389703,0.970387427786531,0.020654153022460955,held-out labelled half,2500.0,2500.0,0.2036
UNSW_to_CIC,45,source+target,few-shot,3,random,10000,100000,862943,0.9686034965169747,0.02668963902411748,0.9638966320580671,0.9686034965169747,0.2197974472807991,False,0.9946648037281502,360400,74259,0.021852862749483646,0.9597489866548162,0.021852862749483646,held-out labelled half,5000.0,5000.0,0.1878
UNSW_to_CIC,45,target_only,few-shot (no source data),3,random,10000,100000,862943,0.9726954328574735,0.019906269985776243,0.9652971357007232,0.9726954328574735,0.21470033296337404,False,0.9964241266063161,360400,74259,0.018630675086757927,0.9631559810932008,0.017456428823552025,held-out labelled half,5000.0,5000.0,0.1878
UNSW_to_CIC,45,source+target,few-shot,3,diverse,100,100000,862943,0.7282081255572138,0.2530465749403266,0.7094628260547543,0.7282081255572138,0.34708934517203105,False,0.7793479925974406,360400,74259,0.6546877238843787,0.8577680819833287,0.8963517985888076,held-out labelled half,50.0,50.0,0.3
UNSW_to_CIC,45,target_only,few-shot (no source data),3,diverse,100,100000,862943,0.7149827809107266,0.05486455977996862,0.484830121601422,0.7149827809107266,0.14345726970033296,False,0.8745879145690582,360400,74259,0.23650927340017683,0.790288045893427,0.31857021538332503,held-out labelled half,50.0,50.0,0.3
UNSW_to_CIC,45,source+target,few-shot,3,diverse,500,100000,862943,0.8897233788928581,0.05169828860596699,0.8311450463916832,0.8897233788928581,0.21230022197558268,False,0.9299711948661025,360400,74259,0.8178869857867275,0.9753026569170067,0.7235453849675509,held-out labelled half,250.0,250.0,0.22
UNSW_to_CIC,45,target_only,few-shot (no source data),3,diverse,500,100000,862943,0.8910338249789466,0.01337801992723867,0.7954456698851318,0.8910338249789466,0.17451997780244174,False,0.9726093446551326,360400,74259,0.5584239937653115,0.9896712856354112,0.16950734078653532,held-out labelled half,250.0,250.0,0.22
UNSW_to_CIC,45,source+target,few-shot,3,diverse,1000,100000,862943,0.9353272133406024,0.032885884930855765,0.9035403116120605,0.9353272133406024,0.21228079911209766,False,0.968977483003103,360400,74259,0.4274990301983987,0.9751275939616747,0.17149237613624052,held-out labelled half,500.0,500.0,0.214
UNSW_to_CIC,45,target_only,few-shot (no source data),3,diverse,1000,100000,862943,0.9512435413365077,0.018801919333475456,0.9212890020064908,0.9512435413365077,0.2047558268590455,False,0.9795138826280188,360400,74259,0.27916306995502216,0.9724073849634388,0.05888705218755788,held-out labelled half,500.0,500.0,0.214
UNSW_to_CIC,45,source+target,few-shot,3,diverse,5000,100000,862943,0.9717370956178667,0.028838929059449712,0.9723131202951831,0.9717370956178667,0.22323806881243063,False,0.9940253778141612,360400,74259,0.025298716367105727,0.9693639828168976,0.023624716485928267,held-out labelled half,2500.0,2500.0,0.1776
UNSW_to_CIC,45,target_only,few-shot (no source data),3,diverse,5000,100000,862943,0.9726280953276619,0.024404052547520278,0.969660243202844,0.9726280953276619,0.21917036625971142,False,0.9956195965367524,360400,74259,0.02328222799249321,0.9686637309955696,0.01907101743546014,held-out labelled half,2500.0,2500.0,0.1776
UNSW_to_CIC,45,source+target,few-shot,3,diverse,10000,100000,862943,0.9703272145329194,0.030635246259711122,0.9712896753255498,0.9703272145329194,0.22445338512763596,False,0.9948373751245922,360400,74259,0.017729021706081968,0.9587120753040036,0.017708053022810432,held-out labelled half,5000.0,5000.0,0.1656
UNSW_to_CIC,45,target_only,few-shot (no source data),3,diverse,10000,100000,862943,0.9749362904822121,0.02199614875183913,0.9718687297162634,0.9749362904822121,0.2177136514983352,False,0.9961041435367031,360400,74259,0.016603702370509645,0.9591026003582057,0.015579731670749735,held-out labelled half,5000.0,5000.0,0.1656
UNSW_to_CIC,45,zero_shot,zero-shot,4,none,0,100000,859800,0.4817774620152958,0.7031858187678195,0.6667407427984111,0.4817774620152958,0.6957806419203991,False,0.538003933718861,354343,71998,0.7565212771609201,0.8168699130531404,0.8434751810728011,source validation,,,
UNSW_to_CIC,45,within_dataset_reference,"reference (target labels, leak-free)",4,none,200000,100000,859800,0.9770040808247987,0.015102091412987658,0.969110253062585,0.9770040808247987,0.2089444408383967,False,0.9973671378568121,354343,71998,0.014244983973507588,0.96706852968138,0.014244983973507588,reference validation blocks,,,
UNSW_to_CIC,45,source+target,few-shot,4,random,100,100000,859800,0.8284190522161912,0.20628309337866793,0.8631211978110503,0.8284190522161912,0.33974425909359013,False,0.9000973061152426,354343,71998,0.2502045370026032,0.86860746131837,0.6038463581788238,held-out labelled half,50.0,50.0,0.26
UNSW_to_CIC,45,target_only,few-shot (no source data),4,random,100,100000,859800,0.7560784724535492,0.17122314898439853,0.683380093891497,0.7560784724535492,0.2752869394908323,False,0.8469920103369556,354343,71998,0.4710230391896439,0.9693880385566266,0.4710230391896439,held-out labelled half,50.0,50.0,0.26
UNSW_to_CIC,45,source+target,few-shot,4,random,500,100000,859800,0.8898422048919014,0.07457543076732366,0.8542598405511265,0.8898422048919014,0.23299740646774453,False,0.9456494241566822,354343,71998,0.5778710442897873,0.9639712214228173,0.2864190972037755,held-out labelled half,250.0,250.0,0.188
UNSW_to_CIC,45,target_only,few-shot (no source data),4,random,500,100000,859800,0.9067835802298567,0.06324886220758293,0.8768160226672963,0.9067835802298567,0.22855538277883294,False,0.9613756899428768,354343,71998,0.12125236855619898,0.9322897858273841,0.1761001611503657,held-out labelled half,250.0,250.0,0.188
UNSW_to_CIC,45,source+target,few-shot,4,random,1000,100000,859800,0.9171344255815276,0.05015849404097823,0.8844273452040334,0.9171344255815276,0.21967133540100975,False,0.9734197101938009,354343,71998,0.21812321804884097,0.9684296786021834,0.16085285731994545,held-out labelled half,500.0,500.0,0.194
UNSW_to_CIC,45,target_only,few-shot (no source data),4,random,1000,100000,859800,0.9359354721126119,0.030306894048061767,0.9021778382732853,0.9359354721126119,0.20746000344299168,False,0.9823967722031013,354343,71998,0.09719315022401671,0.9649851384760688,0.07115762630823992,held-out labelled half,500.0,500.0,0.194
UNSW_to_CIC,45,source+target,few-shot,4,random,5000,100000,859800,0.958767773472269,0.02764348580637164,0.9451790327509098,0.958767773472269,0.21407506286281935,False,0.9900037535697858,354343,71998,0.033880536223414616,0.94819300536126,0.03576475588375923,held-out labelled half,2500.0,2500.0,0.2104
UNSW_to_CIC,45,target_only,few-shot (no source data),4,random,5000,100000,859800,0.9625299281230564,0.01879969540810002,0.9438595516542126,0.9625299281230564,0.20676011661017715,False,0.9934866194017519,354343,71998,0.020180984256848892,0.9488041334481513,0.02157998193699198,held-out labelled half,2500.0,2500.0,0.2104
UNSW_to_CIC,45,source+target,few-shot,4,random,10000,100000,859800,0.9668037611548858,0.024349643167047408,0.9579571654768188,0.9668037611548858,0.2140468416195607,False,0.9918028463330567,354343,71998,0.02117976234748269,0.9541653934831523,0.02117976234748269,held-out labelled half,5000.0,5000.0,0.218
UNSW_to_CIC,45,target_only,few-shot (no source data),4,random,10000,100000,859800,0.969853777378815,0.018902406630186473,0.9586099613878163,0.969853777378815,0.20983905424969593,False,0.995431260149536,354343,71998,0.015983991216419628,0.9531236978804967,0.015983991216419628,held-out labelled half,5000.0,5000.0,0.218
UNSW_to_CIC,45,source+target,few-shot,4,diverse,100,100000,859800,0.7936216018563947,0.15276346313906744,0.740006666851857,0.7936216018563947,0.2720838283809755,False,0.8695502930002378,354343,71998,0.265529759691158,0.8406900191671991,0.783934548159167,held-out labelled half,50.0,50.0,0.26
UNSW_to_CIC,45,target_only,few-shot (no source data),4,diverse,100,100000,859800,0.7328835813322129,0.032899466964175034,0.4986666296286008,0.7328835813322129,0.12753744253449342,False,0.9008757944404286,354343,71998,0.3559687616214206,0.9850690296952693,0.27420354530804514,held-out labelled half,50.0,50.0,0.26
UNSW_to_CIC,45,source+target,few-shot,4,diverse,500,100000,859800,0.89707626436116,0.04948201668171917,0.843634545404039,0.89707626436116,0.21084373050970387,False,0.9497058585684808,354343,71998,0.14919336272999345,0.8788438567737993,0.30165223396908036,held-out labelled half,250.0,250.0,0.252
UNSW_to_CIC,45,target_only,few-shot (no source data),4,diverse,500,100000,859800,0.915185106694622,0.015056048451362694,0.8454262618406067,0.915185106694622,0.18377673610033216,False,0.9771181853892356,354343,71998,0.29276594237546266,0.972249229145254,0.06339053285873665,held-out labelled half,250.0,250.0,0.252
UNSW_to_CIC,45,source+target,few-shot,4,diverse,1000,100000,859800,0.9034216185308049,0.02472152862632595,0.8315647656879358,0.9034216185308049,0.18866183330840458,False,0.9421528295161603,354343,71998,0.557045458570189,0.9774577071585322,0.5037879190352229,held-out labelled half,500.0,500.0,0.222
UNSW_to_CIC,45,target_only,few-shot (no source data),4,diverse,1000,100000,859800,0.9203190349501421,0.009732773734261277,0.8503708436345454,0.9203190349501421,0.18053975949856496,False,0.9804970651983953,354343,71998,0.15387911951690308,0.9799716658796077,0.15387911951690308,held-out labelled half,500.0,500.0,0.222
UNSW_to_CIC,45,source+target,few-shot,4,diverse,5000,100000,859800,0.9519785933822046,0.01869344241973472,0.922650629184144,0.9519785933822046,0.20236606903480525,False,0.9904270154731587,354343,71998,0.00868441091572367,0.8948304119558876,0.05626804087198286,held-out labelled half,2500.0,2500.0,0.1876
UNSW_to_CIC,45,target_only,few-shot (no source data),4,diverse,5000,100000,859800,0.9633991882167203,0.019741805238272327,0.946540181671713,0.9633991882167203,0.2080554716757492,False,0.9937869680740762,354343,71998,0.016756096265207458,0.9364704575127086,0.02109475995679045,held-out labelled half,2500.0,2500.0,0.1876
UNSW_to_CIC,45,source+target,few-shot,4,diverse,10000,100000,859800,0.966906750044404,0.024824239848412404,0.9586377399372205,0.966906750044404,0.214563290371194,False,0.9938900169539272,354343,71998,0.013391418300306364,0.9279424428456347,0.01955054985921479,held-out labelled half,5000.0,5000.0,0.1878
UNSW_to_CIC,45,target_only,few-shot (no source data),4,diverse,10000,100000,859800,0.97327244861089,0.019593051054560908,0.966137948276341,0.97327244861089,0.21191895987785847,False,0.9957422177149764,354343,71998,0.015473976872266199,0.9572349231923108,0.014719580654872584,held-out labelled half,5000.0,5000.0,0.1878
UNSW_to_CIC,46,zero_shot,zero-shot,0,none,0,100000,865200,0.5082310073000227,0.7770605967566361,0.7935226113566815,0.5082310073000227,0.7803135498320268,False,0.4432459353445153,357200,70584,0.9446157925586848,0.91318145755412,0.9714216931364613,source validation,,,
UNSW_to_CIC,46,within_dataset_reference,"reference (target labels, leak-free)",0,none,200400,100000,865200,0.9749365545012502,0.01433974376866609,0.9642128527711663,0.9749365545012502,0.2020380739081747,False,0.9957668870689689,357200,70584,0.013320959053228013,0.9603592882239601,0.013320959053228013,reference validation blocks,,,
UNSW_to_CIC,46,source+target,few-shot,0,random,100,100000,865200,0.6975168232370438,0.25495785301588186,0.6499914994899694,0.6975168232370438,0.3330179171332587,False,0.7532787878561686,357200,70584,0.731393222988249,0.9464751218406438,0.7517026265107322,held-out labelled half,50.0,50.0,0.14
UNSW_to_CIC,46,target_only,few-shot (no source data),0,random,100,100000,865200,0.5268647582322901,0.06279830853825327,0.1165278250028335,0.5268647582322901,0.07341545352743561,False,0.7029441576420293,357200,70584,0.5714579786194769,0.9565765612603423,0.5622400703380133,held-out labelled half,50.0,50.0,0.14
UNSW_to_CIC,46,source+target,few-shot,0,random,500,100000,865200,0.9091708167402913,0.06479052111535992,0.8831321545959424,0.9091708167402913,0.22649776035834265,False,0.9357288999100862,357200,70584,0.8986378987914143,0.9994332993312932,0.6813646132804868,held-out labelled half,250.0,250.0,0.212
UNSW_to_CIC,46,target_only,few-shot (no source data),0,random,500,100000,865200,0.8846954269889682,0.023069193624919753,0.7924600476028562,0.8846954269889682,0.17510358342665175,False,0.9726768570128196,357200,70584,0.1814134591230078,0.9729258755525332,0.1814134591230078,held-out labelled half,250.0,250.0,0.212
UNSW_to_CIC,46,source+target,few-shot,0,random,1000,100000,865200,0.9280431560963113,0.04859463533089569,0.9046809475235181,0.9280431560963113,0.21776035834266516,False,0.981098149366972,357200,70584,0.0657290590895135,0.944534172050323,0.07323387389399057,held-out labelled half,500.0,500.0,0.236
UNSW_to_CIC,46,target_only,few-shot (no source data),0,random,1000,100000,865200,0.9510364085573607,0.03659600301448628,0.9386688201292077,0.9510364085573607,0.2148488241881299,False,0.9835586303876072,357200,70584,0.03517598459262567,0.9376770939589709,0.05908253551790549,held-out labelled half,500.0,500.0,0.236
UNSW_to_CIC,46,source+target,few-shot,0,random,5000,100000,865200,0.964147314116431,0.031072933820861362,0.9593675620537232,0.964147314116431,0.21450727883538634,False,0.9938694786314066,357200,70584,0.02549404080721244,0.955301484755752,0.02549404080721244,held-out labelled half,2500.0,2500.0,0.2296
UNSW_to_CIC,46,target_only,few-shot (no source data),0,random,5000,100000,865200,0.9664623461389968,0.021781756775616154,0.9547064490536099,0.9664623461389968,0.20613101903695408,False,0.9946931210483654,357200,70584,0.01945460127836548,0.9499461634364729,0.01948949116588048,held-out labelled half,2500.0,2500.0,0.2296
UNSW_to_CIC,46,source+target,few-shot,0,random,10000,100000,865200,0.9652194629998434,0.021589862394283642,0.9520287883939703,0.9652194629998434,0.20544792833146697,False,0.9931140232955734,357200,70584,0.018125296564043877,0.947580188144622,0.019517403075892482,held-out labelled half,5000.0,5000.0,0.2244
UNSW_to_CIC,46,target_only,few-shot (no source data),0,random,10000,100000,865200,0.9702092671726603,0.017291428252435313,0.9577099625977559,0.9702092671726603,0.2031215005599104,False,0.9954358814210257,357200,70584,0.014318809836157088,0.9475093505610337,0.014950316800178637,held-out labelled half,5000.0,5000.0,0.2244
UNSW_to_CIC,46,source+target,few-shot,0,diverse,100,100000,865200,0.8547169368992259,0.19713135344851648,0.9065652272469682,0.8547169368992259,0.33731802911534153,False,0.9318778675291893,357200,70584,0.002327155497250677,0.6222231667233368,0.374546431462305,held-out labelled half,50.0,50.0,0.24
UNSW_to_CIC,46,target_only,few-shot (no source data),0,diverse,100,100000,865200,0.7250914087767364,0.15743363943394648,0.6076164569874193,0.7250914087767364,0.24639137737961925,False,0.8522517024625998,357200,70584,0.3222290451335585,0.8858239827722997,0.36805342339576297,held-out labelled half,50.0,50.0,0.24
UNSW_to_CIC,46,source+target,few-shot,0,diverse,500,100000,865200,0.8794956395130287,0.03914994278058447,0.7981412218066417,0.8794956395130287,0.18912933930571107,False,0.8465479295877291,357200,70584,0.014196695229854579,0.7797376175903887,0.9549501772406286,held-out labelled half,250.0,250.0,0.252
UNSW_to_CIC,46,target_only,few-shot (no source data),0,diverse,500,100000,865200,0.8892893638071537,0.012804588718005973,0.7913833163323133,0.8892893638071537,0.1666545352743561,False,0.9463687208816148,357200,70584,0.019534848019649984,0.8015839283690355,0.24560387417310967,held-out labelled half,250.0,250.0,0.252
UNSW_to_CIC,46,source+target,few-shot,0,diverse,1000,100000,865200,0.9054455103933176,0.025870851592374466,0.8367618723790095,0.9054455103933176,0.18610582306830908,False,0.9372991726725437,357200,70584,0.27442989923800487,0.8950470361555026,0.5349771122337902,held-out labelled half,500.0,500.0,0.214
UNSW_to_CIC,46,target_only,few-shot (no source data),0,diverse,1000,100000,865200,0.9007965967928396,0.008788762665029167,0.8103819562507084,0.9007965967928396,0.16718645016797312,False,0.9753374809241724,357200,70584,0.14967063946185838,0.9728550379689448,0.09231864236469702,held-out labelled half,500.0,500.0,0.214
UNSW_to_CIC,46,source+target,few-shot,0,diverse,5000,100000,865200,0.9396203416653784,0.02039662824127055,0.8996373115720276,0.9396203416653784,0.1941377379619261,False,0.99308070786218,357200,70584,0.022647025985988223,0.9201660432959311,0.03934183716191699,held-out labelled half,2500.0,2500.0,0.1976
UNSW_to_CIC,46,target_only,few-shot (no source data),0,diverse,5000,100000,865200,0.9371165103895497,0.009919195020515253,0.8841522157996147,0.9371165103895497,0.18267077267637177,False,0.9947233918467473,357200,70584,0.023766991375219808,0.9610393290264082,0.019848857007285007,held-out labelled half,2500.0,2500.0,0.1976
UNSW_to_CIC,46,source+target,few-shot,0,diverse,10000,100000,865200,0.9643301886531611,0.022022496999469673,0.9506828743057917,0.9643301886531611,0.20552911534154536,False,0.9944711341637664,357200,70584,0.02091997655399559,0.9481610563300464,0.021104892957825104,held-out labelled half,5000.0,5000.0,0.1838
UNSW_to_CIC,46,target_only,few-shot (no source data),0,diverse,10000,100000,865200,0.9721448292572976,0.0184497725179334,0.9627394310325286,0.9721448292572976,0.2050447928331467,False,0.9957927614617484,357200,70584,0.015724872303011696,0.9576674600476028,0.014765400396349122,held-out labelled half,5000.0,5000.0,0.1838
UNSW_to_CIC,46,zero_shot,zero-shot,1,none,0,100000,873400,0.49749703305357756,0.7710804745110612,0.7660745406182163,0.49749703305357756,0.7701673173452315,False,0.4442979938712943,358600,65414,0.942524540735233,0.8924847891888587,0.9724986868404357,source validation,,,
UNSW_to_CIC,46,within_dataset_reference,"reference (target labels, leak-free)",1,none,200400,100000,873400,0.9809920362817298,0.01655263211749538,0.9785367046809551,0.9809920362817298,0.1920329057445622,False,0.9977110891911736,358600,65414,0.015116683606993513,0.9743327116519399,0.015116683606993513,reference validation blocks,,,
UNSW_to_CIC,46,source+target,few-shot,1,random,100,100000,873400,0.843523178864064,0.1966635514656225,0.8837099091937506,0.843523178864064,0.3219910764082543,False,0.9072113067456612,358600,65414,0.5299059300239438,0.9730791573669245,0.41543934567134855,held-out labelled half,50.0,50.0,0.22
UNSW_to_CIC,46,target_only,few-shot (no source data),1,random,100,100000,873400,0.6835374850967432,0.13781694896754962,0.5048919191610358,0.6835374850967432,0.20477691020635805,False,0.8589206236725317,358600,65414,0.29761994092487365,0.9460513040022014,0.35993192035090354,held-out labelled half,50.0,50.0,0.22
UNSW_to_CIC,46,source+target,few-shot,1,random,500,100000,873400,0.8901363195070188,0.07358127605001603,0.8538539150640536,0.8901363195070188,0.21591466815393195,False,0.9484587776378899,358600,65414,0.31693532433335836,0.9337450698627205,0.3764572660358953,held-out labelled half,250.0,250.0,0.204
UNSW_to_CIC,46,target_only,few-shot (no source data),1,random,500,100000,873400,0.8984884840602263,0.05562339265858533,0.8526003607790381,0.8984884840602263,0.20100390407138874,False,0.9655262144563206,358600,65414,0.11262133935453944,0.955636408108356,0.09843580525673122,held-out labelled half,250.0,250.0,0.204
UNSW_to_CIC,46,source+target,few-shot,1,random,1000,100000,873400,0.9450544173896144,0.04536369403723234,0.9354725288164613,0.9450544173896144,0.20773284997211378,False,0.978795668600284,358600,65414,0.1734666730335009,0.95976396490048,0.13429017756645953,held-out labelled half,500.0,500.0,0.238
UNSW_to_CIC,46,target_only,few-shot (no source data),1,random,1000,100000,873400,0.947769846446498,0.02570040861432674,0.9212401015073226,0.947769846446498,0.18906023424428334,False,0.987086710339165,358600,65414,0.05574618160485153,0.9486654233038799,0.0647984555879203,held-out labelled half,500.0,500.0,0.238
UNSW_to_CIC,46,source+target,few-shot,1,random,5000,100000,873400,0.968938460683397,0.02908733704883589,0.9669642584156297,0.968938460683397,0.20017010596765197,False,0.9924779052243478,358600,65414,0.03936408969050364,0.973109731861681,0.02316277039149209,held-out labelled half,2500.0,2500.0,0.2088
UNSW_to_CIC,46,target_only,few-shot (no source data),1,random,5000,100000,873400,0.9741964942615187,0.022255496510747444,0.9706484850337849,0.9741964942615187,0.19525655326268823,False,0.9943279513877094,358600,65414,0.02675434706977823,0.9731555936038156,0.019526853260387604,held-out labelled half,2500.0,2500.0,0.2088
UNSW_to_CIC,46,source+target,few-shot,1,random,10000,100000,873400,0.9724180166367987,0.026958995313555216,0.9717950285871526,0.9724180166367987,0.1993112102621305,False,0.9960628762658661,358600,65414,0.018640044204020656,0.965695416883236,0.016805031618153665,held-out labelled half,5000.0,5000.0,0.2038
UNSW_to_CIC,46,target_only,few-shot (no source data),1,random,10000,100000,873400,0.9743064136195009,0.021225433683736604,0.9698382609227383,0.9743064136195009,0.19426659230340212,False,0.9964461657243973,358600,65414,0.020543272871146646,0.9693337817592564,0.015051878329797467,held-out labelled half,5000.0,5000.0,0.2038
UNSW_to_CIC,46,source+target,few-shot,1,diverse,100,100000,873400,0.8160793324397105,0.2535080119787439,0.8856666768581649,0.8160793324397105,0.36882320133853874,False,0.9018521637411512,358600,65414,0.707086968681997,0.9689057388326658,0.6612798701165813,held-out labelled half,50.0,50.0,0.28
UNSW_to_CIC,46,target_only,few-shot (no source data),1,diverse,100,100000,873400,0.8326661706244297,0.16166188017163166,0.8269942214204911,0.8326661706244297,0.28302844394868937,False,0.9192026663767159,358600,65414,0.5957685564795044,0.9954291130339071,0.27432755997898944,held-out labelled half,50.0,50.0,0.28
UNSW_to_CIC,46,source+target,few-shot,1,diverse,500,100000,873400,0.9236667911450769,0.06783748200800857,0.9151710642981624,0.9236667911450769,0.22240379252649192,False,0.97783217448633,358600,65414,0.062434768372296084,0.8890757330235118,0.09959206783407121,held-out labelled half,250.0,250.0,0.232
UNSW_to_CIC,46,target_only,few-shot (no source data),1,diverse,500,100000,873400,0.9441221555392931,0.042259862339948016,0.9305041734185343,0.9441221555392931,0.2042889012827663,False,0.9847951686894725,358600,65414,0.032327600908638204,0.9237013483352188,0.10315976888391669,held-out labelled half,250.0,250.0,0.232
UNSW_to_CIC,46,source+target,few-shot,1,diverse,1000,100000,873400,0.9489455352355924,0.0476557543675346,0.9455468248387195,0.9489455352355924,0.21144450641383156,False,0.9852199975951741,358600,65414,0.17464681123928155,0.9741798391781575,0.052052280804676894,held-out labelled half,500.0,500.0,0.254
UNSW_to_CIC,46,target_only,few-shot (no source data),1,diverse,1000,100000,873400,0.9567704850774542,0.030874598377821586,0.94441556853273,0.9567704850774542,0.1975181260457334,False,0.9795398780831691,358600,65414,0.12022402161085455,0.9740575411991317,0.043242173910077564,held-out labelled half,500.0,500.0,0.254
UNSW_to_CIC,46,source+target,few-shot,1,diverse,5000,100000,873400,0.9442641547780974,0.016262713772144645,0.9047910233283395,0.9442641547780974,0.17834355828220858,False,0.9889711296320949,358600,65414,0.07039558505522092,0.9444002812853518,0.11944976908856494,held-out labelled half,2500.0,2500.0,0.1872
UNSW_to_CIC,46,target_only,few-shot (no source data),1,diverse,5000,100000,873400,0.9347654195577831,0.007896011405728787,0.8774268505212951,0.9347654195577831,0.16651143335192414,False,0.993644976589394,358600,65414,0.052499096136923315,0.9785978536704681,0.03436385093421923,held-out labelled half,2500.0,2500.0,0.1872
UNSW_to_CIC,46,source+target,few-shot,1,diverse,10000,100000,873400,0.9755305334903362,0.022354409828572987,0.9734154768092457,0.9755305334903362,0.19584216397099832,False,0.9962694904382057,358600,65414,0.018261444953033227,0.9697006756963341,0.01705060951068605,held-out labelled half,5000.0,5000.0,0.1766
UNSW_to_CIC,46,target_only,few-shot (no source data),1,diverse,10000,100000,873400,0.9774719430988007,0.018991357022504485,0.9739352432201058,0.9774719430988007,0.19318739542665922,False,0.9967328395719736,358600,65414,0.015781790399268723,0.9656495551411013,0.015184899688252509,held-out labelled half,5000.0,5000.0,0.1766
UNSW_to_CIC,46,zero_shot,zero-shot,2,none,0,100000,872743,0.5172188529885107,0.7710758663583878,0.805513572335409,0.5172188529885107,0.7773701657458564,False,0.44431340742860354,362000,66164,0.9382968942251788,0.9125959736412551,0.9668025527657216,source validation,,,
UNSW_to_CIC,46,within_dataset_reference,"reference (target labels, leak-free)",2,none,200600,100000,872743,0.9760802155468393,0.01664435700861288,0.9688047881022913,0.9760802155468393,0.19067403314917128,False,0.9981828463432519,362000,66164,0.015498451844941115,0.9639683211414062,0.015498451844941115,reference validation blocks,,,
UNSW_to_CIC,46,source+target,few-shot,2,random,100,100000,872743,0.8579294450349935,0.1706655038602469,0.886524393930234,0.8579294450349935,0.3015055248618784,False,0.9188943257123217,362000,66164,0.10213091036925864,0.7772806964512423,0.5570383590908476,held-out labelled half,50.0,50.0,0.3
UNSW_to_CIC,46,target_only,few-shot (no source data),2,random,100,100000,872743,0.7857866618362814,0.19369177517273084,0.7652650988452935,0.7857866618362814,0.29816022099447514,False,0.8861387319624136,362000,66164,0.3184230452007193,0.9633939906898011,0.3184230452007193,held-out labelled half,50.0,50.0,0.3
UNSW_to_CIC,46,source+target,few-shot,2,random,500,100000,872743,0.9154361114581007,0.08163306696953718,0.9125052898857384,0.9154361114581007,0.23349447513812155,False,0.9509146142020762,362000,66164,0.8799334766559851,0.9986397436672511,0.3874173528576644,held-out labelled half,250.0,250.0,0.156
UNSW_to_CIC,46,target_only,few-shot (no source data),2,random,500,100000,872743,0.909186767128951,0.06130423613082924,0.8796777703887311,0.909186767128951,0.21088121546961325,False,0.9671197294204802,362000,66164,0.37397409375464785,0.9881808838643371,0.18934477210346273,held-out labelled half,250.0,250.0,0.156
UNSW_to_CIC,46,source+target,few-shot,2,random,1000,100000,872743,0.8927084692274636,0.04786097702781271,0.8332779154827399,0.8927084692274636,0.191414364640884,False,0.9624466545176501,362000,66164,0.2627198853418786,0.9687141043467746,0.2627198853418786,held-out labelled half,500.0,500.0,0.198
UNSW_to_CIC,46,target_only,few-shot (no source data),2,random,1000,100000,872743,0.901660537754797,0.016188023093876337,0.8195090986034702,0.901660537754797,0.16301381215469612,False,0.9829101002185612,362000,66164,0.06640841547343798,0.9456653164863068,0.09491745426520098,held-out labelled half,500.0,500.0,0.198
UNSW_to_CIC,46,source+target,few-shot,2,random,5000,100000,872743,0.9632916469987379,0.03440757717113536,0.9609908711686114,0.9632916469987379,0.20376243093922652,False,0.9928447155702376,362000,66164,0.02467245365675577,0.9454537210567681,0.028468475777119754,held-out labelled half,2500.0,2500.0,0.204
UNSW_to_CIC,46,target_only,few-shot (no source data),2,random,5000,100000,872743,0.9612846129765292,0.022914723022215013,0.9454839489752735,0.9612846129765292,0.19153591160220995,False,0.9931996815423247,362000,66164,0.018293919604104977,0.9306269270298048,0.024260063007882745,held-out labelled half,2500.0,2500.0,0.204
UNSW_to_CIC,46,source+target,few-shot,2,random,10000,100000,872743,0.9588933035924848,0.023949079895617842,0.9417356870805876,0.9588933035924848,0.19169613259668508,False,0.9933531514309166,362000,66164,0.02114685163401344,0.9394232513149144,0.03272083181222028,held-out labelled half,5000.0,5000.0,0.1964
UNSW_to_CIC,46,target_only,few-shot (no source data),2,random,10000,100000,872743,0.9601009884107968,0.019402642004353765,0.9396046188259476,0.9601009884107968,0.18759116022099448,False,0.9944122018303408,362000,66164,0.01722237996727917,0.9291759869415392,0.01971700536783894,held-out labelled half,5000.0,5000.0,0.1964
UNSW_to_CIC,46,source+target,few-shot,2,diverse,100,100000,872743,0.809340739932345,0.19191038277964817,0.8105918626443384,0.809340739932345,0.3049889502762431,False,0.8437832608923898,362000,66164,0.7716336078097324,0.8546339399068981,0.9402168769182926,held-out labelled half,50.0,50.0,0.24
UNSW_to_CIC,46,target_only,few-shot (no source data),2,diverse,100,100000,872743,0.7522647471667441,0.059357211427953326,0.5638867057614413,0.7522647471667441,0.1515718232044199,False,0.8953728897444758,362000,66164,0.29374045079030275,0.9199564717973521,0.3047465487635041,held-out labelled half,50.0,50.0,0.24
UNSW_to_CIC,46,source+target,few-shot,2,diverse,500,100000,872743,0.8926298822182657,0.052748820292324125,0.8380085847288555,0.8926298822182657,0.19627348066298342,False,0.9171929147254908,362000,66164,0.5295095931529631,0.8996433105616347,0.6035506158817723,held-out labelled half,250.0,250.0,0.164
UNSW_to_CIC,46,target_only,few-shot (no source data),2,diverse,500,100000,872743,0.8973926184839605,0.02667356237915602,0.821458799347077,0.8973926184839605,0.17193922651933702,False,0.9546511900802916,362000,66164,0.3962600900498925,0.9763315398101686,0.15904758041617653,held-out labelled half,250.0,250.0,0.164
UNSW_to_CIC,46,source+target,few-shot,2,diverse,1000,100000,872743,0.9172978747853572,0.028985654213821172,0.8635814037845354,0.9172978747853572,0.18152762430939226,False,0.9367637038690949,362000,66164,0.507416271177274,0.9222537936037725,0.5538913452047756,held-out labelled half,500.0,500.0,0.194
UNSW_to_CIC,46,target_only,few-shot (no source data),2,diverse,1000,100000,872743,0.9219043830983732,0.01738463202585216,0.8611933982225984,0.9219043830983732,0.17161049723756905,False,0.9793781806348281,362000,66164,0.12905123108749442,0.9742155855147815,0.12905123108749442,held-out labelled half,500.0,500.0,0.194
UNSW_to_CIC,46,source+target,few-shot,2,diverse,5000,100000,872743,0.94530269559702,0.017577306345407592,0.9081826975394475,0.94530269559702,0.18035635359116023,False,0.988803350020073,362000,66164,0.0170804094160278,0.90775950668037,0.05850876837166538,held-out labelled half,2500.0,2500.0,0.176
UNSW_to_CIC,46,target_only,few-shot (no source data),2,diverse,5000,100000,872743,0.9647855957310814,0.020416717370434972,0.9499879088325978,0.9647855957310814,0.19031767955801104,False,0.9948588844238374,362000,66164,0.004046160710664016,0.864639380932229,0.020460660636298488,held-out labelled half,2500.0,2500.0,0.176
UNSW_to_CIC,46,source+target,few-shot,2,diverse,10000,100000,872743,0.9598089804606553,0.023810489595586744,0.9434284505168974,0.9598089804606553,0.19189226519337016,False,0.993926864012407,362000,66164,0.01771251639421842,0.9323196904661145,0.02971916872861991,held-out labelled half,5000.0,5000.0,0.1596
UNSW_to_CIC,46,target_only,few-shot (no source data),2,diverse,10000,100000,872743,0.969145487119312,0.02056882867534715,0.9588598029139713,0.969145487119312,0.19206353591160222,False,0.9958806332268731,362000,66164,0.018932787084736138,0.9543860709751526,0.0172764639868035,held-out labelled half,5000.0,5000.0,0.1596
UNSW_to_CIC,46,zero_shot,zero-shot,3,none,0,100000,858800,0.505452969688283,0.7718263644090232,0.7827323037855891,0.505452969688283,0.7740242474474541,False,0.452030881850805,359543,72459,0.9399548564183305,0.9011026925571702,0.9679780134037425,source validation,,,
UNSW_to_CIC,46,within_dataset_reference,"reference (target labels, leak-free)",3,none,200600,100000,858800,0.9666077874038838,0.016907943319725238,0.9501235181274927,0.9666077874038838,0.20497965472836352,False,0.9944703590861204,359543,72459,0.014912011815357177,0.9448515712333871,0.016799960987028188,reference validation blocks,,,
UNSW_to_CIC,46,source+target,few-shot,3,random,100,100000,858800,0.6576755081049603,0.12787894832174554,0.4432299645316662,0.6576755081049603,0.191431901052169,False,0.5919505459054084,359543,72459,0.9836006186342673,0.972964021032584,0.9739623246157919,held-out labelled half,50.0,50.0,0.06
UNSW_to_CIC,46,target_only,few-shot (no source data),3,random,100,100000,858800,0.6224084475468661,0.04333226512100988,0.28814916021474213,0.6224084475468661,0.09267041772472277,False,0.6513028915584542,359543,72459,0.6594724888882696,0.8079051601595385,1.0,held-out labelled half,50.0,50.0,0.06
UNSW_to_CIC,46,source+target,few-shot,3,random,500,100000,858800,0.9023916775629202,0.08060010310571122,0.8853834582315516,0.9023916775629202,0.24278876240115924,False,0.9525269174486632,359543,72459,0.33591213721419516,0.9490194454795126,0.3614865335581224,held-out labelled half,250.0,250.0,0.188
UNSW_to_CIC,46,target_only,few-shot (no source data),3,random,500,100000,858800,0.9057611631413961,0.06054325563249781,0.87206558191529,0.9057611631413961,0.22409002539334655,False,0.965385717986756,359543,72459,0.1053315405943905,0.9233221545977726,0.21809644563960373,held-out labelled half,250.0,250.0,0.188
UNSW_to_CIC,46,source+target,few-shot,3,random,1000,100000,858800,0.9229906024476622,0.06402307338618662,0.9100042782815109,0.9229906024476622,0.23451436963033628,False,0.9701345129291439,359543,72459,0.12502264145685582,0.9334934238672905,0.19561870393334355,held-out labelled half,500.0,500.0,0.158
UNSW_to_CIC,46,target_only,few-shot (no source data),3,random,1000,100000,858800,0.9351824650785852,0.039211519973248246,0.9095764501304185,0.9351824650785852,0.21461688866143966,False,0.973242348656012,359543,72459,0.11190104638363685,0.9484812100636222,0.11349291496565465,held-out labelled half,500.0,500.0,0.158
UNSW_to_CIC,46,source+target,few-shot,3,random,5000,100000,858800,0.9560848709392582,0.032474815733374206,0.9446445576118908,0.9560848709392582,0.216305142917537,False,0.9902252589754174,359543,72459,0.045237630797954606,0.9520004416290592,0.041165651864959386,held-out labelled half,2500.0,2500.0,0.1892
UNSW_to_CIC,46,target_only,few-shot (no source data),3,random,5000,100000,858800,0.963130925257027,0.021791531398475707,0.9480533819125299,0.963130925257027,0.20846185296334513,False,0.9925886034351485,359543,72459,0.023501832216354795,0.9502615272084903,0.022296610051413524,held-out labelled half,2500.0,2500.0,0.1892
UNSW_to_CIC,46,source+target,few-shot,3,random,10000,100000,858800,0.9627084085162997,0.024306474760000557,0.9497232917926,0.9627084085162997,0.2108064960241195,False,0.9938182990601458,359543,72459,0.02074654108205264,0.9422708014187333,0.02459210544648953,held-out labelled half,5000.0,5000.0,0.1808
UNSW_to_CIC,46,target_only,few-shot (no source data),3,random,10000,100000,858800,0.9674128027995282,0.018127098688885485,0.9529527042879421,0.9674128027995282,0.20652328094275232,False,0.9963248963488894,359543,72459,0.016455114182608574,0.9468941056321506,0.017315489543130235,held-out labelled half,5000.0,5000.0,0.1808
UNSW_to_CIC,46,source+target,few-shot,3,diverse,100,100000,858800,0.7387602134337061,0.12041771746248485,0.5979381443298969,0.7387602134337061,0.21665280647933627,False,0.8261536654635134,359543,72459,0.4430062281422859,0.9466594901944548,0.47032924161569434,held-out labelled half,50.0,50.0,0.26
UNSW_to_CIC,46,target_only,few-shot (no source data),3,diverse,100,100000,858800,0.7381281103638471,0.0486199161221106,0.5248761368498047,0.7381281103638471,0.14460022862355823,False,0.8346952177552097,359543,72459,0.6427282607181174,0.9989649318925186,0.6427282607181174,held-out labelled half,50.0,50.0,0.26
UNSW_to_CIC,46,source+target,few-shot,3,diverse,500,100000,858800,0.9204718824934316,0.04659263490824985,0.8875363998951131,0.9204718824934316,0.21606873169551347,False,0.9532479071178421,359543,72459,0.039660865809310164,0.8783587960087774,0.4682915104986694,held-out labelled half,250.0,250.0,0.2
UNSW_to_CIC,46,target_only,few-shot (no source data),3,diverse,500,100000,858800,0.9194611063714969,0.01858341112705689,0.8575056238700507,0.9194611063714969,0.18765210280828717,False,0.9632533672623114,359543,72459,0.019851332710983546,0.8767578906692061,0.26613465048557217,held-out labelled half,250.0,250.0,0.2
UNSW_to_CIC,46,source+target,few-shot,3,diverse,1000,100000,858800,0.9054283672058596,0.041252734391327976,0.8521094688030473,0.9054283672058596,0.20466536686849696,False,0.9739138431357327,359543,72459,0.09610079279932006,0.9343766819856747,0.1616843850580318,held-out labelled half,500.0,500.0,0.186
UNSW_to_CIC,46,target_only,few-shot (no source data),3,diverse,1000,100000,858800,0.9420013952744817,0.03494447618118739,0.9189472667301508,0.9420013952744817,0.21309829422350038,False,0.9840892340639241,359543,72459,0.040448091847682215,0.9271174043252046,0.07567819871535857,held-out labelled half,500.0,500.0,0.186
UNSW_to_CIC,46,source+target,few-shot,3,diverse,5000,100000,858800,0.9541884179201463,0.027504145128255143,0.9358809809685478,0.9541884179201463,0.210570084802096,False,0.9892126093875632,359543,72459,0.03679062574020148,0.9526766861259471,0.03679062574020148,held-out labelled half,2500.0,2500.0,0.17
UNSW_to_CIC,46,target_only,few-shot (no source data),3,diverse,5000,100000,858800,0.9578118898860042,0.018628694040768556,0.9342524738127769,0.9578118898860042,0.20315511635604086,False,0.9934147962089936,359543,72459,0.020554959524041745,0.9446445576118908,0.0253653982806426,held-out labelled half,2500.0,2500.0,0.17
UNSW_to_CIC,46,source+target,few-shot,3,diverse,10000,100000,858800,0.9551592042711016,0.020332028256538157,0.9306504367987414,0.9551592042711016,0.20378925469276277,False,0.994156219643539,359543,72459,0.005527998773878029,0.8904345905960612,0.03974098173356927,held-out labelled half,5000.0,5000.0,0.1616
UNSW_to_CIC,46,target_only,few-shot (no source data),3,diverse,10000,100000,858800,0.9721082851700514,0.019638851346644188,0.963855421686747,0.9721082851700514,0.20992760253989093,False,0.9964610502556366,359543,72459,0.005106519346254058,0.8935673967347051,0.01739212216633459,held-out labelled half,5000.0,5000.0,0.1616
UNSW_to_CIC,46,zero_shot,zero-shot,4,none,0,100000,869000,0.5061333321160756,0.769972872277688,0.7822395365098391,0.5061333321160756,0.7723717220651722,False,0.42704248846509574,358343,70077,0.9390042530163113,0.902550052085563,0.9694275426168886,source validation,,,
UNSW_to_CIC,46,within_dataset_reference,"reference (target labels, leak-free)",4,none,200600,100000,869000,0.9799114904656655,0.016217660077844767,0.9760406410091756,0.9799114904656655,0.20391915008804415,False,0.9983871224943293,358343,70077,0.013123295844810002,0.9683776417369465,0.013123295844810002,reference validation blocks,,,
UNSW_to_CIC,46,source+target,few-shot,4,random,100,100000,869000,0.6965582141463464,0.16733849985777025,0.560454928150463,0.6965582141463464,0.24421573743592034,False,0.7801188166598186,358343,70077,0.9739546113658912,1.0,0.8884051535734356,held-out labelled half,50.0,50.0,0.16
UNSW_to_CIC,46,target_only,few-shot (no source data),4,random,100,100000,869000,0.6661654908845382,0.08482443298897546,0.41715541475805185,0.6661654908845382,0.14981456314201758,False,0.824901381107453,358343,70077,0.51278333206136,0.9843600610756739,0.51278333206136,held-out labelled half,50.0,50.0,0.16
UNSW_to_CIC,46,source+target,few-shot,4,random,500,100000,869000,0.8493791673613205,0.06139121505831419,0.7601495497809553,0.8493791673613205,0.19803930870702094,False,0.9048486390283916,358343,70077,0.18328210749793594,0.8360945816744438,0.5085407228046318,held-out labelled half,250.0,250.0,0.192
UNSW_to_CIC,46,target_only,few-shot (no source data),4,random,500,100000,869000,0.8878567954409874,0.04155883801766424,0.8172724288996389,0.8878567954409874,0.19325618192625502,False,0.9315846574205812,358343,70077,0.04053547764911575,0.815174736361431,0.3147925874019135,held-out labelled half,250.0,250.0,0.192
UNSW_to_CIC,46,source+target,few-shot,4,random,1000,100000,869000,0.9274294164888696,0.07046616666551032,0.9253249996432495,0.9274294164888696,0.2376410310791616,False,0.9724175331726574,358343,70077,0.23781507357787599,0.9650099176620004,0.15648394191475928,held-out labelled half,500.0,500.0,0.206
UNSW_to_CIC,46,target_only,few-shot (no source data),4,random,1000,100000,869000,0.9282947077020032,0.05502209764592425,0.9116115130499308,0.9282947077020032,0.22253539206849304,False,0.9768975965691367,358343,70077,0.07801821928357836,0.9433337614338513,0.08154274177322335,held-out labelled half,500.0,500.0,0.206
UNSW_to_CIC,46,source+target,few-shot,4,random,5000,100000,869000,0.9547797996772079,0.0315194993512936,0.9410790987057094,0.9547797996772079,0.20939156059976055,False,0.9905843975826678,358343,70077,0.03869689800392693,0.9519813918974842,0.03493995129498449,held-out labelled half,2500.0,2500.0,0.2136
UNSW_to_CIC,46,target_only,few-shot (no source data),4,random,5000,100000,869000,0.9594027389818253,0.01803542561384277,0.9368409035774933,0.9594027389818253,0.1977155965094895,False,0.9937253502791363,358343,70077,0.03869342898572846,0.9666937796994735,0.03124544691361451,held-out labelled half,2500.0,2500.0,0.2136
UNSW_to_CIC,46,source+target,few-shot,4,random,10000,100000,869000,0.9713819019139585,0.022774104472952066,0.965537908300869,0.9713819019139585,0.20713952832900323,False,0.9957452350712366,358343,70077,0.021591169267273978,0.9649813776274669,0.021591169267273978,held-out labelled half,5000.0,5000.0,0.2154
UNSW_to_CIC,46,target_only,few-shot (no source data),4,random,10000,100000,869000,0.9732732167048257,0.020047456168955063,0.9665938895786064,0.9732732167048257,0.20515260518553452,False,0.9969836426634391,358343,70077,0.018080522850422873,0.9647815973857329,0.018080522850422873,held-out labelled half,5000.0,5000.0,0.2154
UNSW_to_CIC,46,source+target,few-shot,4,diverse,100,100000,869000,0.7457233810288323,0.15549874074639394,0.6469455028040584,0.7457233810288323,0.2516053055312926,False,0.816572834355399,358343,70077,0.1478356795459749,0.6422792071578407,0.5980448613433426,held-out labelled half,50.0,50.0,0.18
UNSW_to_CIC,46,target_only,few-shot (no source data),4,diverse,100,100000,869000,0.7274006086879314,0.2232243830351134,0.6780256004109765,0.7274006086879314,0.31216460207119995,False,0.8520219555153326,358343,70077,0.45388287206954686,0.9920801404169699,0.36336924923508146,held-out labelled half,50.0,50.0,0.18
UNSW_to_CIC,46,source+target,few-shot,4,diverse,500,100000,869000,0.9130434618043672,0.04508336050730922,0.8711702841160438,0.9130434618043672,0.206631635053566,False,0.9612191268507362,358343,70077,0.06355588241415915,0.8790758736818072,0.28988503673690275,held-out labelled half,250.0,250.0,0.244
UNSW_to_CIC,46,target_only,few-shot (no source data),4,diverse,500,100000,869000,0.9091676965564742,0.010424399686400755,0.8287597927993493,0.9091676965564742,0.17045679697943034,False,0.9812230245327962,358343,70077,0.06942893022416796,0.938496225580433,0.11839759111376298,held-out labelled half,250.0,250.0,0.244
UNSW_to_CIC,46,source+target,few-shot,4,diverse,1000,100000,869000,0.9278281296303497,0.033965157181214574,0.889621416441914,0.9278281296303497,0.20129596503908267,False,0.9778089954235544,358343,70077,0.10373405118883254,0.9234841674158426,0.14583405604545802,held-out labelled half,500.0,500.0,0.216
UNSW_to_CIC,46,target_only,few-shot (no source data),4,diverse,1000,100000,869000,0.9511698929160144,0.025767867178231218,0.9281076530102601,0.9511698929160144,0.20222803291818175,False,0.988724867175396,358343,70077,0.07943010969035544,0.9569616279235698,0.06473534860163876,held-out labelled half,500.0,500.0,0.216
UNSW_to_CIC,46,source+target,few-shot,4,diverse,5000,100000,869000,0.9524958651866833,0.016765764953202946,0.9217574953265694,0.9524958651866833,0.19374454084494463,False,0.9917312136294669,358343,70077,0.026423511617741948,0.9498979693765429,0.026447794745131235,held-out labelled half,2500.0,2500.0,0.18
UNSW_to_CIC,46,target_only,few-shot (no source data),4,diverse,5000,100000,869000,0.9668115360041317,0.020484552461962215,0.9541076244702256,0.9668115360041317,0.20306242901354288,False,0.9932799842213824,358343,70077,0.026045388634108775,0.962369964467657,0.01777871826715603,held-out labelled half,2500.0,2500.0,0.18
UNSW_to_CIC,46,source+target,few-shot,4,diverse,10000,100000,869000,0.9570532099891584,0.016127465604684563,0.9302338855830016,0.9570532099891584,0.19488869602587466,False,0.9942699574493367,358343,70077,0.01883676881768922,0.9338870100032821,0.037756794072141706,held-out labelled half,5000.0,5000.0,0.1728
UNSW_to_CIC,46,target_only,few-shot (no source data),4,diverse,10000,100000,869000,0.9631765048129206,0.01195770573012426,0.9383107153559656,0.9631765048129206,0.1931138601842369,False,0.996459358557921,358343,70077,0.008013432038464474,0.9117827532571314,0.025660327614078663,held-out labelled half,5000.0,5000.0,0.1728
