pool,seed,score,part,known_class,n,flagged_share,share_of_false_alarms
40f,42,msp,thr,Analysis,120,0.26666666666666666,0.10666666666666667
40f,42,msp,thr,Backdoor,94,0.20212765957446807,0.06333333333333334
40f,42,msp,thr,DoS,259,0.16988416988416988,0.14666666666666667
40f,42,msp,thr,Exploits,1310,0.06183206106870229,0.27
40f,42,msp,thr,Fuzzers,990,0.052525252525252523,0.17333333333333334
40f,42,msp,thr,Generic,572,0.027972027972027972,0.05333333333333334
40f,42,msp,thr,Normal,2140,0.020093457943925235,0.14333333333333334
40f,42,msp,thr,Reconnaissance,515,0.02524271844660194,0.043333333333333335
40f,42,msp,cal,Analysis,102,0.13725490196078433,0.058577405857740586
40f,42,msp,cal,Backdoor,110,0.18181818181818182,0.08368200836820083
40f,42,msp,cal,DoS,221,0.18099547511312217,0.16736401673640167
40f,42,msp,cal,Exploits,1141,0.05083260297984225,0.24267782426778242
40f,42,msp,cal,Fuzzers,860,0.06046511627906977,0.2175732217573222
40f,42,msp,cal,Generic,28,0.03571428571428571,0.0041841004184100415
40f,42,msp,cal,Normal,1475,0.030508474576271188,0.18828451882845187
40f,42,msp,cal,Reconnaissance,463,0.019438444924406047,0.03765690376569038
40f,42,msp,test,Analysis,438,0.09817351598173515,0.013629160063391443
40f,42,msp,test,Backdoor,345,0.11014492753623188,0.012044374009508717
40f,42,msp,test,DoS,1694,0.12514757969303425,0.06719492868462758
40f,42,msp,test,Exploits,7590,0.05625823451910408,0.13534072900158478
40f,42,msp,test,Fuzzers,4810,0.05966735966735967,0.09096671949286846
40f,42,msp,test,Generic,3418,0.03978935049736688,0.043106180665610144
40f,42,msp,test,Normal,33832,0.056721447150626624,0.6082408874801902
40f,42,msp,test,Reconnaissance,2469,0.03766707168894289,0.0294770206022187
40f,42,entropy,thr,Analysis,120,0.3416666666666667,0.13666666666666666
40f,42,entropy,thr,Backdoor,94,0.44680851063829785,0.14
40f,42,entropy,thr,DoS,259,0.18146718146718147,0.15666666666666668
40f,42,entropy,thr,Exploits,1310,0.038931297709923665,0.17
40f,42,entropy,thr,Fuzzers,990,0.052525252525252523,0.17333333333333334
40f,42,entropy,thr,Generic,572,0.03146853146853147,0.06
40f,42,entropy,thr,Normal,2140,0.0051401869158878505,0.03666666666666667
40f,42,entropy,thr,Reconnaissance,515,0.07378640776699029,0.12666666666666668
40f,42,entropy,cal,Analysis,102,0.30392156862745096,0.13596491228070176
40f,42,entropy,cal,Backdoor,110,0.4,0.19298245614035087
40f,42,entropy,cal,DoS,221,0.167420814479638,0.16228070175438597
40f,42,entropy,cal,Exploits,1141,0.033304119193689745,0.16666666666666666
40f,42,entropy,cal,Fuzzers,860,0.04883720930232558,0.18421052631578946
40f,42,entropy,cal,Generic,28,0.03571428571428571,0.0043859649122807015
40f,42,entropy,cal,Normal,1475,0.006101694915254237,0.039473684210526314
40f,42,entropy,cal,Reconnaissance,463,0.056155507559395246,0.11403508771929824
40f,42,entropy,test,Analysis,438,0.2100456621004566,0.057178371659415785
40f,42,entropy,test,Backdoor,345,0.2289855072463768,0.049098819142324425
40f,42,entropy,test,DoS,1694,0.13282172373081463,0.13983840894965818
40f,42,entropy,test,Exploits,7590,0.03965744400527009,0.18707271597265382
40f,42,entropy,test,Fuzzers,4810,0.053222453222453225,0.15910503418272218
40f,42,entropy,test,Generic,3418,0.03481568168519602,0.07395898073337477
40f,42,entropy,test,Normal,33832,0.012739418302199101,0.26786824114356744
40f,42,entropy,test,Reconnaissance,2469,0.04293236127987039,0.06587942821628341
40f,42,margin,thr,Analysis,120,0.11666666666666667,0.04666666666666667
40f,42,margin,thr,Backdoor,94,0.0425531914893617,0.013333333333333334
40f,42,margin,thr,DoS,259,0.11583011583011583,0.1
40f,42,margin,thr,Exploits,1310,0.04580152671755725,0.2
40f,42,margin,thr,Fuzzers,990,0.05656565656565657,0.18666666666666668
40f,42,margin,thr,Generic,572,0.015734265734265736,0.03
40f,42,margin,thr,Normal,2140,0.05280373831775701,0.37666666666666665
40f,42,margin,thr,Reconnaissance,515,0.027184466019417475,0.04666666666666667
40f,42,margin,cal,Analysis,102,0.0392156862745098,0.016736401673640166
40f,42,margin,cal,Backdoor,110,0.05454545454545454,0.02510460251046025
40f,42,margin,cal,DoS,221,0.09049773755656108,0.08368200836820083
40f,42,margin,cal,Exploits,1141,0.05346187554776512,0.25523012552301255
40f,42,margin,cal,Fuzzers,860,0.06627906976744186,0.2384937238493724
40f,42,margin,cal,Generic,28,0.0,0.0
40f,42,margin,cal,Normal,1475,0.05491525423728814,0.3389121338912134
40f,42,margin,cal,Reconnaissance,463,0.02159827213822894,0.04184100418410042
40f,42,margin,test,Analysis,438,0.0410958904109589,0.005625
40f,42,margin,test,Backdoor,345,0.03768115942028986,0.0040625
40f,42,margin,test,DoS,1694,0.09445100354191263,0.05
40f,42,margin,test,Exploits,7590,0.04163372859025033,0.09875
40f,42,margin,test,Fuzzers,4810,0.06943866943866944,0.104375
40f,42,margin,test,Generic,3418,0.021942656524283205,0.0234375
40f,42,margin,test,Normal,33832,0.06526365571056987,0.69
40f,42,margin,test,Reconnaissance,2469,0.03078169299311462,0.02375
40f,42,conformal,thr,Analysis,120,0.058333333333333334,0.023333333333333334
40f,42,conformal,thr,Backdoor,94,0.010638297872340425,0.0033333333333333335
40f,42,conformal,thr,DoS,259,0.04633204633204633,0.04
40f,42,conformal,thr,Exploits,1310,0.06870229007633588,0.3
40f,42,conformal,thr,Fuzzers,990,0.06363636363636363,0.21
40f,42,conformal,thr,Generic,572,0.0034965034965034965,0.006666666666666667
40f,42,conformal,thr,Normal,2140,0.05280373831775701,0.37666666666666665
40f,42,conformal,thr,Reconnaissance,515,0.02330097087378641,0.04
40f,42,conformal,cal,Analysis,102,0.0784313725490196,0.03125
40f,42,conformal,cal,Backdoor,110,0.00909090909090909,0.00390625
40f,42,conformal,cal,DoS,221,0.04072398190045249,0.03515625
40f,42,conformal,cal,Exploits,1141,0.07011393514460999,0.3125
40f,42,conformal,cal,Fuzzers,860,0.07325581395348837,0.24609375
40f,42,conformal,cal,Generic,28,0.10714285714285714,0.01171875
40f,42,conformal,cal,Normal,1475,0.05288135593220339,0.3046875
40f,42,conformal,cal,Reconnaissance,463,0.03023758099352052,0.0546875
40f,42,conformal,test,Analysis,438,0.0730593607305936,0.008056394763343404
40f,42,conformal,test,Backdoor,345,0.02318840579710145,0.002014098690835851
40f,42,conformal,test,DoS,1694,0.07083825265643448,0.030211480362537766
40f,42,conformal,test,Exploits,7590,0.06903820816864295,0.13192346424974824
40f,42,conformal,test,Fuzzers,4810,0.08191268191268192,0.09919436052366566
40f,42,conformal,test,Generic,3418,0.00497366881217086,0.0042799597180261835
40f,42,conformal,test,Normal,33832,0.08187514778907543,0.6973816717019133
40f,42,conformal,test,Reconnaissance,2469,0.043337383556095586,0.026938569989929505
40f,42,iforest,thr,Analysis,120,0.016666666666666666,0.006666666666666667
40f,42,iforest,thr,Backdoor,94,0.0,0.0
40f,42,iforest,thr,DoS,259,0.10424710424710425,0.09
40f,42,iforest,thr,Exploits,1310,0.07251908396946564,0.31666666666666665
40f,42,iforest,thr,Fuzzers,990,0.07373737373737374,0.24333333333333335
40f,42,iforest,thr,Generic,572,0.013986013986013986,0.02666666666666667
40f,42,iforest,thr,Normal,2140,0.043457943925233646,0.31
40f,42,iforest,thr,Reconnaissance,515,0.003883495145631068,0.006666666666666667
40f,42,iforest,cal,Analysis,102,0.049019607843137254,0.02127659574468085
40f,42,iforest,cal,Backdoor,110,0.03636363636363636,0.01702127659574468
40f,42,iforest,cal,DoS,221,0.04524886877828054,0.0425531914893617
40f,42,iforest,cal,Exploits,1141,0.08501314636283962,0.4127659574468085
40f,42,iforest,cal,Fuzzers,860,0.0872093023255814,0.3191489361702128
40f,42,iforest,cal,Generic,28,0.03571428571428571,0.00425531914893617
40f,42,iforest,cal,Normal,1475,0.02576271186440678,0.16170212765957448
40f,42,iforest,cal,Reconnaissance,463,0.01079913606911447,0.02127659574468085
40f,42,iforest,test,Analysis,438,0.00684931506849315,0.0014756517461878996
40f,42,iforest,test,Backdoor,345,0.020289855072463767,0.003443187407771766
40f,42,iforest,test,DoS,1694,0.06316410861865407,0.05263157894736842
40f,42,iforest,test,Exploits,7590,0.06403162055335969,0.23905558288243975
40f,42,iforest,test,Fuzzers,4810,0.05675675675675676,0.13428430890309886
40f,42,iforest,test,Generic,3418,0.009362200117027502,0.01574028529267093
40f,42,iforest,test,Normal,33832,0.032897848191061715,0.5474667978357107
40f,42,iforest,test,Reconnaissance,2469,0.004860267314702308,0.005902606984751598
40f,42,iforest+msp:mean,thr,Analysis,120,0.2916666666666667,0.11864406779661017
40f,42,iforest+msp:mean,thr,Backdoor,94,0.2978723404255319,0.09491525423728814
40f,42,iforest+msp:mean,thr,DoS,259,0.13127413127413126,0.1152542372881356
40f,42,iforest+msp:mean,thr,Exploits,1310,0.02748091603053435,0.12203389830508475
40f,42,iforest+msp:mean,thr,Fuzzers,990,0.05454545454545454,0.18305084745762712
40f,42,iforest+msp:mean,thr,Generic,572,0.033216783216783216,0.06440677966101695
40f,42,iforest+msp:mean,thr,Normal,2140,0.033177570093457946,0.24067796610169492
40f,42,iforest+msp:mean,thr,Reconnaissance,515,0.03495145631067961,0.061016949152542375
40f,42,iforest+msp:mean,cal,Analysis,102,0.28431372549019607,0.145
40f,42,iforest+msp:mean,cal,Backdoor,110,0.24545454545454545,0.135
40f,42,iforest+msp:mean,cal,DoS,221,0.1493212669683258,0.165
40f,42,iforest+msp:mean,cal,Exploits,1141,0.03067484662576687,0.175
40f,42,iforest+msp:mean,cal,Fuzzers,860,0.046511627906976744,0.2
40f,42,iforest+msp:mean,cal,Generic,28,0.03571428571428571,0.005
40f,42,iforest+msp:mean,cal,Normal,1475,0.01152542372881356,0.085
40f,42,iforest+msp:mean,cal,Reconnaissance,463,0.038876889848812095,0.09
40f,42,iforest+msp:mean,test,Analysis,438,0.18036529680365296,0.04968553459119497
40f,42,iforest+msp:mean,test,Backdoor,345,0.22028985507246376,0.04779874213836478
40f,42,iforest+msp:mean,test,DoS,1694,0.10094451003541913,0.10754716981132076
40f,42,iforest+msp:mean,test,Exploits,7590,0.02924901185770751,0.13962264150943396
40f,42,iforest+msp:mean,test,Fuzzers,4810,0.052390852390852394,0.15849056603773584
40f,42,iforest+msp:mean,test,Generic,3418,0.028086600351082503,0.06037735849056604
40f,42,iforest+msp:mean,test,Normal,33832,0.019005675100496573,0.40440251572327046
40f,42,iforest+msp:mean,test,Reconnaissance,2469,0.020656136087484813,0.03207547169811321
40f,42,iforest+msp:max,thr,Analysis,120,0.15,0.06143344709897611
40f,42,iforest+msp:max,thr,Backdoor,94,0.10638297872340426,0.034129692832764506
40f,42,iforest+msp:max,thr,DoS,259,0.16602316602316602,0.14675767918088736
40f,42,iforest+msp:max,thr,Exploits,1310,0.06793893129770992,0.3037542662116041
40f,42,iforest+msp:max,thr,Fuzzers,990,0.05555555555555555,0.18771331058020477
40f,42,iforest+msp:max,thr,Generic,572,0.015734265734265736,0.030716723549488054
40f,42,iforest+msp:max,thr,Normal,2140,0.029439252336448597,0.2150170648464164
40f,42,iforest+msp:max,thr,Reconnaissance,515,0.011650485436893204,0.020477815699658702
40f,42,iforest+msp:max,cal,Analysis,102,0.058823529411764705,0.02586206896551724
40f,42,iforest+msp:max,cal,Backdoor,110,0.1,0.04741379310344827
40f,42,iforest+msp:max,cal,DoS,221,0.08597285067873303,0.08189655172413793
40f,42,iforest+msp:max,cal,Exploits,1141,0.08063102541630149,0.39655172413793105
40f,42,iforest+msp:max,cal,Fuzzers,860,0.07209302325581396,0.2672413793103448
40f,42,iforest+msp:max,cal,Generic,28,0.0,0.0
40f,42,iforest+msp:max,cal,Normal,1475,0.026440677966101694,0.16810344827586207
40f,42,iforest+msp:max,cal,Reconnaissance,463,0.0064794816414686825,0.01293103448275862
40f,42,iforest+msp:max,test,Analysis,438,0.05251141552511415,0.007952973720608575
40f,42,iforest+msp:max,test,Backdoor,345,0.05507246376811594,0.00656984785615491
40f,42,iforest+msp:max,test,DoS,1694,0.1180637544273908,0.06915629322268327
40f,42,iforest+msp:max,test,Exploits,7590,0.06310935441370225,0.1656293222683264
40f,42,iforest+msp:max,test,Fuzzers,4810,0.048232848232848236,0.08022130013831259
40f,42,iforest+msp:max,test,Generic,3418,0.032767700409596257,0.03872752420470263
40f,42,iforest+msp:max,test,Normal,33832,0.052494679593284466,0.6141078838174274
40f,42,iforest+msp:max,test,Reconnaissance,2469,0.020656136087484813,0.017634854771784232
40f,42,iforest+entropy:mean,thr,Analysis,120,0.3416666666666667,0.13666666666666666
40f,42,iforest+entropy:mean,thr,Backdoor,94,0.40425531914893614,0.12666666666666668
40f,42,iforest+entropy:mean,thr,DoS,259,0.13513513513513514,0.11666666666666667
40f,42,iforest+entropy:mean,thr,Exploits,1310,0.031297709923664124,0.13666666666666666
40f,42,iforest+entropy:mean,thr,Fuzzers,990,0.06363636363636363,0.21
40f,42,iforest+entropy:mean,thr,Generic,572,0.0472027972027972,0.09
40f,42,iforest+entropy:mean,thr,Normal,2140,0.0051401869158878505,0.03666666666666667
40f,42,iforest+entropy:mean,thr,Reconnaissance,515,0.0854368932038835,0.14666666666666667
40f,42,iforest+entropy:mean,cal,Analysis,102,0.46078431372549017,0.17028985507246377
40f,42,iforest+entropy:mean,cal,Backdoor,110,0.42727272727272725,0.17028985507246377
40f,42,iforest+entropy:mean,cal,DoS,221,0.16289592760180996,0.13043478260869565
40f,42,iforest+entropy:mean,cal,Exploits,1141,0.03242769500438212,0.13405797101449277
40f,42,iforest+entropy:mean,cal,Fuzzers,860,0.06627906976744186,0.20652173913043478
40f,42,iforest+entropy:mean,cal,Generic,28,0.07142857142857142,0.007246376811594203
40f,42,iforest+entropy:mean,cal,Normal,1475,0.005423728813559322,0.028985507246376812
40f,42,iforest+entropy:mean,cal,Reconnaissance,463,0.09071274298056156,0.15217391304347827
40f,42,iforest+entropy:mean,test,Analysis,438,0.363013698630137,0.10205391527599486
40f,42,iforest+entropy:mean,test,Backdoor,345,0.37971014492753624,0.0840821566110398
40f,42,iforest+entropy:mean,test,DoS,1694,0.1399055489964581,0.1521181001283697
40f,42,iforest+entropy:mean,test,Exploits,7590,0.036758893280632414,0.1790757381258023
40f,42,iforest+entropy:mean,test,Fuzzers,4810,0.059251559251559255,0.18292682926829268
40f,42,iforest+entropy:mean,test,Generic,3418,0.028379169104739616,0.06225930680359435
40f,42,iforest+entropy:mean,test,Normal,33832,0.008217072593993851,0.17843388960205392
40f,42,iforest+entropy:mean,test,Reconnaissance,2469,0.0372620494127177,0.059050064184852376
40f,42,iforest+entropy:max,thr,Analysis,120,0.19166666666666668,0.0777027027027027
40f,42,iforest+entropy:max,thr,Backdoor,94,0.22340425531914893,0.07094594594594594
40f,42,iforest+entropy:max,thr,DoS,259,0.16602316602316602,0.14527027027027026
40f,42,iforest+entropy:max,thr,Exploits,1310,0.05419847328244275,0.23986486486486486
40f,42,iforest+entropy:max,thr,Fuzzers,990,0.0595959595959596,0.19932432432432431
40f,42,iforest+entropy:max,thr,Generic,572,0.026223776223776224,0.05067567567567568
40f,42,iforest+entropy:max,thr,Normal,2140,0.022429906542056073,0.16216216216216217
40f,42,iforest+entropy:max,thr,Reconnaissance,515,0.031067961165048542,0.05405405405405406
40f,42,iforest+entropy:max,cal,Analysis,102,0.10784313725490197,0.048672566371681415
40f,42,iforest+entropy:max,cal,Backdoor,110,0.21818181818181817,0.10619469026548672
40f,42,iforest+entropy:max,cal,DoS,221,0.12217194570135746,0.11946902654867257
40f,42,iforest+entropy:max,cal,Exploits,1141,0.06748466257668712,0.3407079646017699
40f,42,iforest+entropy:max,cal,Fuzzers,860,0.06511627906976744,0.24778761061946902
40f,42,iforest+entropy:max,cal,Generic,28,0.03571428571428571,0.004424778761061947
40f,42,iforest+entropy:max,cal,Normal,1475,0.013559322033898305,0.08849557522123894
40f,42,iforest+entropy:max,cal,Reconnaissance,463,0.02159827213822894,0.04424778761061947
40f,42,iforest+entropy:max,test,Analysis,438,0.07534246575342465,0.01701908200103146
40f,42,iforest+entropy:max,test,Backdoor,345,0.10434782608695652,0.018566271273852502
40f,42,iforest+entropy:max,test,DoS,1694,0.11983471074380166,0.10469314079422383
40f,42,iforest+entropy:max,test,Exploits,7590,0.055204216073781294,0.21609076843733885
40f,42,iforest+entropy:max,test,Fuzzers,4810,0.042203742203742206,0.10469314079422383
40f,42,iforest+entropy:max,test,Generic,3418,0.033352837916910474,0.058793192367199584
40f,42,iforest+entropy:max,test,Normal,33832,0.02606999290612438,0.4548736462093863
40f,42,iforest+entropy:max,test,Reconnaissance,2469,0.019846091535034426,0.02527075812274368
40f,42,iforest+margin:mean,thr,Analysis,120,0.15833333333333333,0.06333333333333334
40f,42,iforest+margin:mean,thr,Backdoor,94,0.18085106382978725,0.056666666666666664
40f,42,iforest+margin:mean,thr,DoS,259,0.10424710424710425,0.09
40f,42,iforest+margin:mean,thr,Exploits,1310,0.025954198473282442,0.11333333333333333
40f,42,iforest+margin:mean,thr,Fuzzers,990,0.04040404040404041,0.13333333333333333
40f,42,iforest+margin:mean,thr,Generic,572,0.024475524475524476,0.04666666666666667
40f,42,iforest+margin:mean,thr,Normal,2140,0.06495327102803738,0.4633333333333333
40f,42,iforest+margin:mean,thr,Reconnaissance,515,0.019417475728155338,0.03333333333333333
40f,42,iforest+margin:mean,cal,Analysis,102,0.14705882352941177,0.09615384615384616
40f,42,iforest+margin:mean,cal,Backdoor,110,0.13636363636363635,0.09615384615384616
40f,42,iforest+margin:mean,cal,DoS,221,0.09954751131221719,0.14102564102564102
40f,42,iforest+margin:mean,cal,Exploits,1141,0.029798422436459245,0.21794871794871795
40f,42,iforest+margin:mean,cal,Fuzzers,860,0.047674418604651166,0.26282051282051283
40f,42,iforest+margin:mean,cal,Generic,28,0.03571428571428571,0.00641025641025641
40f,42,iforest+margin:mean,cal,Normal,1475,0.01288135593220339,0.12179487179487179
40f,42,iforest+margin:mean,cal,Reconnaissance,463,0.019438444924406047,0.057692307692307696
40f,42,iforest+margin:mean,test,Analysis,438,0.0547945205479452,0.017204301075268817
40f,42,iforest+margin:mean,test,Backdoor,345,0.08405797101449275,0.02078853046594982
40f,42,iforest+margin:mean,test,DoS,1694,0.06257378984651712,0.07598566308243727
40f,42,iforest+margin:mean,test,Exploits,7590,0.020289855072463767,0.11039426523297491
40f,42,iforest+margin:mean,test,Fuzzers,4810,0.0446985446985447,0.15412186379928317
40f,42,iforest+margin:mean,test,Generic,3418,0.022235225277940317,0.05448028673835126
40f,42,iforest+margin:mean,test,Normal,33832,0.022700401986285174,0.5505376344086022
40f,42,iforest+margin:mean,test,Reconnaissance,2469,0.009315512353179425,0.016487455197132617
40f,42,iforest+margin:max,thr,Analysis,120,0.06666666666666667,0.026755852842809364
40f,42,iforest+margin:max,thr,Backdoor,94,0.010638297872340425,0.0033444816053511705
40f,42,iforest+margin:max,thr,DoS,259,0.13127413127413126,0.11371237458193979
40f,42,iforest+margin:max,thr,Exploits,1310,0.06564885496183206,0.28762541806020064
40f,42,iforest+margin:max,thr,Fuzzers,990,0.05555555555555555,0.18394648829431437
40f,42,iforest+margin:max,thr,Generic,572,0.01048951048951049,0.020066889632107024
40f,42,iforest+margin:max,thr,Normal,2140,0.046261682242990654,0.3311036789297659
40f,42,iforest+margin:max,thr,Reconnaissance,515,0.019417475728155338,0.033444816053511704
40f,42,iforest+margin:max,cal,Analysis,102,0.0196078431372549,0.008264462809917356
40f,42,iforest+margin:max,cal,Backdoor,110,0.03636363636363636,0.01652892561983471
40f,42,iforest+margin:max,cal,DoS,221,0.07239819004524888,0.06611570247933884
40f,42,iforest+margin:max,cal,Exploits,1141,0.07975460122699386,0.3760330578512397
40f,42,iforest+margin:max,cal,Fuzzers,860,0.07209302325581396,0.256198347107438
40f,42,iforest+margin:max,cal,Generic,28,0.0,0.0
40f,42,iforest+margin:max,cal,Normal,1475,0.04135593220338983,0.25206611570247933
40f,42,iforest+margin:max,cal,Reconnaissance,463,0.012958963282937365,0.024793388429752067
40f,42,iforest+margin:max,test,Analysis,438,0.0228310502283105,0.003620564808110065
40f,42,iforest+margin:max,test,Backdoor,345,0.017391304347826087,0.002172338884866039
40f,42,iforest+margin:max,test,DoS,1694,0.0885478158205431,0.05430847212165098
40f,42,iforest+margin:max,test,Exploits,7590,0.056389986824769436,0.1549601737871108
40f,42,iforest+margin:max,test,Fuzzers,4810,0.05446985446985447,0.09485879797248371
40f,42,iforest+margin:max,test,Generic,3418,0.019016968987712112,0.023533671252715424
40f,42,iforest+margin:max,test,Normal,33832,0.05314495152518326,0.6509775524981897
40f,42,iforest+margin:max,test,Reconnaissance,2469,0.017415957877683273,0.015568428674873281
40f,42,iforest+conformal:mean,thr,Analysis,120,0.03333333333333333,0.013333333333333334
40f,42,iforest+conformal:mean,thr,Backdoor,94,0.02127659574468085,0.006666666666666667
40f,42,iforest+conformal:mean,thr,DoS,259,0.06177606177606178,0.05333333333333334
40f,42,iforest+conformal:mean,thr,Exploits,1310,0.02366412213740458,0.10333333333333333
40f,42,iforest+conformal:mean,thr,Fuzzers,990,0.03737373737373737,0.12333333333333334
40f,42,iforest+conformal:mean,thr,Generic,572,0.0034965034965034965,0.006666666666666667
40f,42,iforest+conformal:mean,thr,Normal,2140,0.09532710280373832,0.68
40f,42,iforest+conformal:mean,thr,Reconnaissance,515,0.007766990291262136,0.013333333333333334
40f,42,iforest+conformal:mean,cal,Analysis,102,0.0392156862745098,0.025157232704402517
40f,42,iforest+conformal:mean,cal,Backdoor,110,0.02727272727272727,0.018867924528301886
40f,42,iforest+conformal:mean,cal,DoS,221,0.058823529411764705,0.08176100628930817
40f,42,iforest+conformal:mean,cal,Exploits,1141,0.044697633654688866,0.32075471698113206
40f,42,iforest+conformal:mean,cal,Fuzzers,860,0.05116279069767442,0.27672955974842767
40f,42,iforest+conformal:mean,cal,Generic,28,0.0,0.0
40f,42,iforest+conformal:mean,cal,Normal,1475,0.02576271186440678,0.2389937106918239
40f,42,iforest+conformal:mean,cal,Reconnaissance,463,0.012958963282937365,0.03773584905660377
40f,42,iforest+conformal:mean,test,Analysis,438,0.01598173515981735,0.003178928247048138
40f,42,iforest+conformal:mean,test,Backdoor,345,0.014492753623188406,0.002270663033605813
40f,42,iforest+conformal:mean,test,DoS,1694,0.03482880755608028,0.026793823796548592
40f,42,iforest+conformal:mean,test,Exploits,7590,0.026613965744400527,0.09173478655767484
40f,42,iforest+conformal:mean,test,Fuzzers,4810,0.04844074844074844,0.10581289736603088
40f,42,iforest+conformal:mean,test,Generic,3418,0.002925687536571094,0.004541326067211626
40f,42,iforest+conformal:mean,test,Normal,33832,0.04953889808465358,0.7611262488646685
40f,42,iforest+conformal:mean,test,Reconnaissance,2469,0.004050222762251924,0.004541326067211626
40f,42,iforest+conformal:max,thr,Analysis,120,0.025,0.010101010101010102
40f,42,iforest+conformal:max,thr,Backdoor,94,0.010638297872340425,0.003367003367003367
40f,42,iforest+conformal:max,thr,DoS,259,0.10810810810810811,0.09427609427609428
40f,42,iforest+conformal:max,thr,Exploits,1310,0.07938931297709924,0.3501683501683502
40f,42,iforest+conformal:max,thr,Fuzzers,990,0.06262626262626263,0.20875420875420875
40f,42,iforest+conformal:max,thr,Generic,572,0.008741258741258742,0.016835016835016835
40f,42,iforest+conformal:max,thr,Normal,2140,0.043457943925233646,0.31313131313131315
40f,42,iforest+conformal:max,thr,Reconnaissance,515,0.001941747572815534,0.003367003367003367
40f,42,iforest+conformal:max,cal,Analysis,102,0.058823529411764705,0.023622047244094488
40f,42,iforest+conformal:max,cal,Backdoor,110,0.00909090909090909,0.003937007874015748
40f,42,iforest+conformal:max,cal,DoS,221,0.058823529411764705,0.051181102362204724
40f,42,iforest+conformal:max,cal,Exploits,1141,0.09640666082383874,0.4330708661417323
40f,42,iforest+conformal:max,cal,Fuzzers,860,0.08372093023255814,0.28346456692913385
40f,42,iforest+conformal:max,cal,Generic,28,0.10714285714285714,0.011811023622047244
40f,42,iforest+conformal:max,cal,Normal,1475,0.031186440677966103,0.18110236220472442
40f,42,iforest+conformal:max,cal,Reconnaissance,463,0.0064794816414686825,0.011811023622047244
40f,42,iforest+conformal:max,test,Analysis,438,0.0502283105022831,0.006415864683581219
40f,42,iforest+conformal:max,test,Backdoor,345,0.017391304347826087,0.0017497812773403325
40f,42,iforest+conformal:max,test,DoS,1694,0.08795749704840614,0.043452901720618255
40f,42,iforest+conformal:max,test,Exploits,7590,0.07483530961791832,0.16564596092155148
40f,42,iforest+conformal:max,test,Fuzzers,4810,0.0681912681912682,0.09565470982793818
40f,42,iforest+conformal:max,test,Generic,3418,0.010825043885313048,0.01079031787693205
40f,42,iforest+conformal:max,test,Normal,33832,0.06694845117048948,0.6605424321959755
40f,42,iforest+conformal:max,test,Reconnaissance,2469,0.02187120291616039,0.015748031496062992
40f,43,msp,thr,Analysis,66,0.3333333333333333,0.07333333333333333
40f,43,msp,thr,Backdoor,145,0.30344827586206896,0.14666666666666667
40f,43,msp,thr,DoS,163,0.22085889570552147,0.12
40f,43,msp,thr,Exploits,776,0.06701030927835051,0.17333333333333334
40f,43,msp,thr,Fuzzers,581,0.060240963855421686,0.11666666666666667
40f,43,msp,thr,Normal,3962,0.024734982332155476,0.32666666666666666
40f,43,msp,thr,Reconnaissance,307,0.04234527687296417,0.043333333333333335
40f,43,msp,cal,Analysis,89,0.3595505617977528,0.09785932721712538
40f,43,msp,cal,Backdoor,174,0.2988505747126437,0.15902140672782875
40f,43,msp,cal,DoS,224,0.14285714285714285,0.09785932721712538
40f,43,msp,cal,Exploits,1274,0.06436420722135008,0.25076452599388377
40f,43,msp,cal,Fuzzers,1020,0.06862745098039216,0.21406727828746178
40f,43,msp,cal,Generic,377,0.050397877984084884,0.0581039755351682
40f,43,msp,cal,Normal,1165,0.01201716738197425,0.04281345565749235
40f,43,msp,cal,Reconnaissance,477,0.05450733752620545,0.07951070336391437
40f,43,msp,test,Analysis,438,0.1689497716894977,0.01753970135103105
40f,43,msp,test,Backdoor,345,0.12753623188405797,0.010429011614126571
40f,43,msp,test,DoS,1694,0.1617473435655254,0.06494429959706091
40f,43,msp,test,Exploits,7590,0.07193675889328063,0.12941455321166154
40f,43,msp,test,Fuzzers,4810,0.09251559251559252,0.10547523109741645
40f,43,msp,test,Generic,3418,0.053540081919251026,0.04337520739511733
40f,43,msp,test,Normal,33832,0.07383542208559943,0.592083432092913
40f,43,msp,test,Reconnaissance,2469,0.06277845281490482,0.03673856364067315
40f,43,entropy,thr,Analysis,66,0.6818181818181818,0.15
40f,43,entropy,thr,Backdoor,145,0.7034482758620689,0.34
40f,43,entropy,thr,DoS,163,0.22699386503067484,0.12333333333333334
40f,43,entropy,thr,Exploits,776,0.05412371134020619,0.14
40f,43,entropy,thr,Fuzzers,581,0.05163511187607573,0.1
40f,43,entropy,thr,Normal,3962,0.006057546693589096,0.08
40f,43,entropy,thr,Reconnaissance,307,0.06514657980456026,0.06666666666666667
40f,43,entropy,cal,Analysis,89,0.6741573033707865,0.15915119363395225
40f,43,entropy,cal,Backdoor,174,0.6954022988505747,0.3209549071618037
40f,43,entropy,cal,DoS,224,0.12946428571428573,0.07692307692307693
40f,43,entropy,cal,Exploits,1274,0.030612244897959183,0.10344827586206896
40f,43,entropy,cal,Fuzzers,1020,0.04411764705882353,0.11936339522546419
40f,43,entropy,cal,Generic,377,0.08222811671087533,0.08222811671087533
40f,43,entropy,cal,Normal,1165,0.002575107296137339,0.007957559681697613
40f,43,entropy,cal,Reconnaissance,477,0.10272536687631027,0.129973474801061
40f,43,entropy,test,Analysis,438,0.3881278538812785,0.08232445520581114
40f,43,entropy,test,Backdoor,345,0.26956521739130435,0.045036319612590796
40f,43,entropy,test,DoS,1694,0.1894923258559622,0.15544794188861985
40f,43,entropy,test,Exploits,7590,0.05138339920948617,0.18886198547215496
40f,43,entropy,test,Fuzzers,4810,0.07193347193347194,0.1675544794188862
40f,43,entropy,test,Generic,3418,0.038033937975424224,0.06295399515738499
40f,43,entropy,test,Normal,33832,0.012296051075904469,0.20145278450363197
40f,43,entropy,test,Reconnaissance,2469,0.08059943296881328,0.09636803874092009
40f,43,margin,thr,Analysis,66,0.030303030303030304,0.006666666666666667
40f,43,margin,thr,Backdoor,145,0.034482758620689655,0.016666666666666666
40f,43,margin,thr,DoS,163,0.17177914110429449,0.09333333333333334
40f,43,margin,thr,Exploits,776,0.06443298969072164,0.16666666666666666
40f,43,margin,thr,Fuzzers,581,0.07401032702237521,0.14333333333333334
40f,43,margin,thr,Normal,3962,0.04038364462392731,0.5333333333333333
40f,43,margin,thr,Reconnaissance,307,0.03908794788273615,0.04
40f,43,margin,cal,Analysis,89,0.0449438202247191,0.013201320132013201
40f,43,margin,cal,Backdoor,174,0.06321839080459771,0.036303630363036306
40f,43,margin,cal,DoS,224,0.16517857142857142,0.12211221122112212
40f,43,margin,cal,Exploits,1274,0.06436420722135008,0.2706270627062706
40f,43,margin,cal,Fuzzers,1020,0.09705882352941177,0.32673267326732675
40f,43,margin,cal,Generic,377,0.03183023872679045,0.039603960396039604
40f,43,margin,cal,Normal,1165,0.03175965665236052,0.12211221122112212
40f,43,margin,cal,Reconnaissance,477,0.0440251572327044,0.06930693069306931
40f,43,margin,test,Analysis,438,0.07077625570776255,0.006062976725992568
40f,43,margin,test,Backdoor,345,0.05507246376811594,0.0037160179933502834
40f,43,margin,test,DoS,1694,0.12750885478158205,0.04224525718756112
40f,43,margin,test,Exploits,7590,0.06824769433465086,0.10131038529239195
40f,43,margin,test,Fuzzers,4810,0.12224532224532225,0.11500097789947193
40f,43,margin,test,Generic,3418,0.04066705675833821,0.027185605319773126
40f,43,margin,test,Normal,33832,0.10250650271931899,0.6782710737336202
40f,43,margin,test,Reconnaissance,2469,0.05427298501417578,0.026207705847838842
40f,43,conformal,thr,Analysis,66,0.0,0.0
40f,43,conformal,thr,Backdoor,145,0.0,0.0
40f,43,conformal,thr,DoS,163,0.024539877300613498,0.013377926421404682
40f,43,conformal,thr,Exploits,776,0.010309278350515464,0.026755852842809364
40f,43,conformal,thr,Fuzzers,581,0.0774526678141136,0.1505016722408027
40f,43,conformal,thr,Normal,3962,0.06108026249369006,0.8093645484949833
40f,43,conformal,thr,Reconnaissance,307,0.0,0.0
40f,43,conformal,cal,Analysis,89,0.0,0.0
40f,43,conformal,cal,Backdoor,174,0.005747126436781609,0.008064516129032258
40f,43,conformal,cal,DoS,224,0.026785714285714284,0.04838709677419355
40f,43,conformal,cal,Exploits,1274,0.012558869701726845,0.12903225806451613
40f,43,conformal,cal,Fuzzers,1020,0.06470588235294118,0.532258064516129
40f,43,conformal,cal,Generic,377,0.002652519893899204,0.008064516129032258
40f,43,conformal,cal,Normal,1165,0.02832618025751073,0.2661290322580645
40f,43,conformal,cal,Reconnaissance,477,0.0020964360587002098,0.008064516129032258
40f,43,conformal,test,Analysis,438,0.0045662100456621,0.0004079967360261118
40f,43,conformal,test,Backdoor,345,0.011594202898550725,0.0008159934720522236
40f,43,conformal,test,DoS,1694,0.01652892561983471,0.005711954304365565
40f,43,conformal,test,Exploits,7590,0.019235836627140974,0.029783761729906162
40f,43,conformal,test,Fuzzers,4810,0.0920997920997921,0.09037127702978376
40f,43,conformal,test,Generic,3418,0.0032182562902282035,0.002243982048143615
40f,43,conformal,test,Normal,33832,0.12508867344525892,0.8633210934312525
40f,43,conformal,test,Reconnaissance,2469,0.014580801944106925,0.0073439412484700125
40f,43,iforest,thr,Analysis,66,0.015151515151515152,0.0033333333333333335
40f,43,iforest,thr,Backdoor,145,0.006896551724137931,0.0033333333333333335
40f,43,iforest,thr,DoS,163,0.07975460122699386,0.043333333333333335
40f,43,iforest,thr,Exploits,776,0.09278350515463918,0.24
40f,43,iforest,thr,Fuzzers,581,0.06540447504302926,0.12666666666666668
40f,43,iforest,thr,Normal,3962,0.044169611307420496,0.5833333333333334
40f,43,iforest,thr,Reconnaissance,307,0.0,0.0
40f,43,iforest,cal,Analysis,89,0.011235955056179775,0.0029585798816568047
40f,43,iforest,cal,Backdoor,174,0.0,0.0
40f,43,iforest,cal,DoS,224,0.07589285714285714,0.05029585798816568
40f,43,iforest,cal,Exploits,1274,0.10204081632653061,0.38461538461538464
40f,43,iforest,cal,Fuzzers,1020,0.09019607843137255,0.27218934911242604
40f,43,iforest,cal,Generic,377,0.0610079575596817,0.06804733727810651
40f,43,iforest,cal,Normal,1165,0.06351931330472103,0.21893491124260356
40f,43,iforest,cal,Reconnaissance,477,0.0020964360587002098,0.0029585798816568047
40f,43,iforest,test,Analysis,438,0.0136986301369863,0.002472187886279357
40f,43,iforest,test,Backdoor,345,0.02608695652173913,0.003708281829419036
40f,43,iforest,test,DoS,1694,0.0755608028335301,0.05274000824062629
40f,43,iforest,test,Exploits,7590,0.08945981554677207,0.27976926246394723
40f,43,iforest,test,Fuzzers,4810,0.05571725571725572,0.11042439225381129
40f,43,iforest,test,Generic,3418,0.026916325336454067,0.037906880922950144
40f,43,iforest,test,Normal,33832,0.03662213289193663,0.5105067985166872
40f,43,iforest,test,Reconnaissance,2469,0.002430133657351154,0.002472187886279357
40f,43,iforest+msp:mean,thr,Analysis,66,0.5454545454545454,0.12040133779264214
40f,43,iforest+msp:mean,thr,Backdoor,145,0.47586206896551725,0.23076923076923078
40f,43,iforest+msp:mean,thr,DoS,163,0.22085889570552147,0.12040133779264214
40f,43,iforest+msp:mean,thr,Exploits,776,0.03865979381443299,0.10033444816053512
40f,43,iforest+msp:mean,thr,Fuzzers,581,0.08605851979345955,0.16722408026755853
40f,43,iforest+msp:mean,thr,Normal,3962,0.01741544674406865,0.23076923076923078
40f,43,iforest+msp:mean,thr,Reconnaissance,307,0.029315960912052116,0.030100334448160536
40f,43,iforest+msp:mean,cal,Analysis,89,0.5168539325842697,0.1141439205955335
40f,43,iforest+msp:mean,cal,Backdoor,174,0.4885057471264368,0.2109181141439206
40f,43,iforest+msp:mean,cal,DoS,224,0.13839285714285715,0.07692307692307693
40f,43,iforest+msp:mean,cal,Exploits,1274,0.04552590266875981,0.14392059553349876
40f,43,iforest+msp:mean,cal,Fuzzers,1020,0.07647058823529412,0.1935483870967742
40f,43,iforest+msp:mean,cal,Generic,377,0.07427055702917772,0.06947890818858561
40f,43,iforest+msp:mean,cal,Normal,1165,0.03347639484978541,0.0967741935483871
40f,43,iforest+msp:mean,cal,Reconnaissance,477,0.07966457023060797,0.09429280397022333
40f,43,iforest+msp:mean,test,Analysis,438,0.4908675799086758,0.0688
40f,43,iforest+msp:mean,test,Backdoor,345,0.48695652173913045,0.05376
40f,43,iforest+msp:mean,test,DoS,1694,0.21782762691853602,0.11808
40f,43,iforest+msp:mean,test,Exploits,7590,0.061923583662714096,0.1504
40f,43,iforest+msp:mean,test,Fuzzers,4810,0.11476091476091477,0.17664
40f,43,iforest+msp:mean,test,Generic,3418,0.0371562317144529,0.04064
40f,43,iforest+msp:mean,test,Normal,33832,0.031892882478127216,0.34528
40f,43,iforest+msp:mean,test,Reconnaissance,2469,0.058728230052652895,0.0464
40f,43,iforest+msp:max,thr,Analysis,66,0.045454545454545456,0.010033444816053512
40f,43,iforest+msp:max,thr,Backdoor,145,0.06896551724137931,0.033444816053511704
40f,43,iforest+msp:max,thr,DoS,163,0.20245398773006135,0.11036789297658862
40f,43,iforest+msp:max,thr,Exploits,776,0.09536082474226804,0.24749163879598662
40f,43,iforest+msp:max,thr,Fuzzers,581,0.07401032702237521,0.14381270903010032
40f,43,iforest+msp:max,thr,Normal,3962,0.03356890459363958,0.44481605351170567
40f,43,iforest+msp:max,thr,Reconnaissance,307,0.009771986970684038,0.010033444816053512
40f,43,iforest+msp:max,cal,Analysis,89,0.14606741573033707,0.03523035230352303
40f,43,iforest+msp:max,cal,Backdoor,174,0.12643678160919541,0.05962059620596206
40f,43,iforest+msp:max,cal,DoS,224,0.13839285714285715,0.08401084010840108
40f,43,iforest+msp:max,cal,Exploits,1274,0.10832025117739404,0.37398373983739835
40f,43,iforest+msp:max,cal,Fuzzers,1020,0.09607843137254903,0.26558265582655827
40f,43,iforest+msp:max,cal,Generic,377,0.03978779840848806,0.04065040650406504
40f,43,iforest+msp:max,cal,Normal,1165,0.036051502145922745,0.11382113821138211
40f,43,iforest+msp:max,cal,Reconnaissance,477,0.020964360587002098,0.02710027100271003
40f,43,iforest+msp:max,test,Analysis,438,0.10730593607305935,0.011449451887941534
40f,43,iforest+msp:max,test,Backdoor,345,0.08985507246376812,0.007551766138855055
40f,43,iforest+msp:max,test,DoS,1694,0.15407319952774498,0.06358099878197321
40f,43,iforest+msp:max,test,Exploits,7590,0.09723320158102766,0.17978075517661388
40f,43,iforest+msp:max,test,Fuzzers,4810,0.08170478170478171,0.09573690621193666
40f,43,iforest+msp:max,test,Generic,3418,0.05090696313633704,0.04238733252131547
40f,43,iforest+msp:max,test,Normal,33832,0.0700224639394656,0.577101096224117
40f,43,iforest+msp:max,test,Reconnaissance,2469,0.0372620494127177,0.02241169305724726
40f,43,iforest+entropy:mean,thr,Analysis,66,0.6666666666666666,0.14666666666666667
40f,43,iforest+entropy:mean,thr,Backdoor,145,0.6,0.29
40f,43,iforest+entropy:mean,thr,DoS,163,0.22699386503067484,0.12333333333333334
40f,43,iforest+entropy:mean,thr,Exploits,776,0.04381443298969072,0.11333333333333333
40f,43,iforest+entropy:mean,thr,Fuzzers,581,0.08089500860585198,0.15666666666666668
40f,43,iforest+entropy:mean,thr,Normal,3962,0.0088339222614841,0.11666666666666667
40f,43,iforest+entropy:mean,thr,Reconnaissance,307,0.05211726384364821,0.05333333333333334
40f,43,iforest+entropy:mean,cal,Analysis,89,0.6179775280898876,0.1385390428211587
40f,43,iforest+entropy:mean,cal,Backdoor,174,0.5862068965517241,0.25692695214105793
40f,43,iforest+entropy:mean,cal,DoS,224,0.13392857142857142,0.07556675062972293
40f,43,iforest+entropy:mean,cal,Exploits,1274,0.04317111459968603,0.1385390428211587
40f,43,iforest+entropy:mean,cal,Fuzzers,1020,0.061764705882352944,0.15869017632241814
40f,43,iforest+entropy:mean,cal,Generic,377,0.08222811671087533,0.07808564231738035
40f,43,iforest+entropy:mean,cal,Normal,1165,0.015450643776824034,0.04534005037783375
40f,43,iforest+entropy:mean,cal,Reconnaissance,477,0.09014675052410902,0.10831234256926953
40f,43,iforest+entropy:mean,test,Analysis,438,0.6255707762557078,0.09294436906377204
40f,43,iforest+entropy:mean,test,Backdoor,345,0.6086956521739131,0.07123473541383989
40f,43,iforest+entropy:mean,test,DoS,1694,0.2585596221959858,0.1485753052917232
40f,43,iforest+entropy:mean,test,Exploits,7590,0.07009222661396575,0.18046132971506107
40f,43,iforest+entropy:mean,test,Fuzzers,4810,0.11372141372141373,0.1855495251017639
40f,43,iforest+entropy:mean,test,Generic,3418,0.03598595669982446,0.04172320217096336
40f,43,iforest+entropy:mean,test,Normal,33832,0.01927169543627335,0.22116689280868385
40f,43,iforest+entropy:mean,test,Reconnaissance,2469,0.06966383151073309,0.05834464043419267
40f,43,iforest+entropy:max,thr,Analysis,66,0.3939393939393939,0.08754208754208755
40f,43,iforest+entropy:max,thr,Backdoor,145,0.33793103448275863,0.16498316498316498
40f,43,iforest+entropy:max,thr,DoS,163,0.15950920245398773,0.08754208754208755
40f,43,iforest+entropy:max,thr,Exploits,776,0.07989690721649484,0.20875420875420875
40f,43,iforest+entropy:max,thr,Fuzzers,581,0.060240963855421686,0.11784511784511785
40f,43,iforest+entropy:max,thr,Normal,3962,0.023472993437657748,0.31313131313131315
40f,43,iforest+entropy:max,thr,Reconnaissance,307,0.019543973941368076,0.020202020202020204
40f,43,iforest+entropy:max,cal,Analysis,89,0.39325842696629215,0.09210526315789473
40f,43,iforest+entropy:max,cal,Backdoor,174,0.3103448275862069,0.14210526315789473
40f,43,iforest+entropy:max,cal,DoS,224,0.11607142857142858,0.06842105263157895
40f,43,iforest+entropy:max,cal,Exploits,1274,0.08241758241758242,0.27631578947368424
40f,43,iforest+entropy:max,cal,Fuzzers,1020,0.07745098039215687,0.20789473684210527
40f,43,iforest+entropy:max,cal,Generic,377,0.04774535809018567,0.04736842105263158
40f,43,iforest+entropy:max,cal,Normal,1165,0.034334763948497854,0.10526315789473684
40f,43,iforest+entropy:max,cal,Reconnaissance,477,0.04821802935010482,0.060526315789473685
40f,43,iforest+entropy:max,test,Analysis,438,0.12100456621004566,0.023461708720672863
40f,43,iforest+entropy:max,test,Backdoor,345,0.10434782608695652,0.01593625498007968
40f,43,iforest+entropy:max,test,DoS,1694,0.14285714285714285,0.10712704736609119
40f,43,iforest+entropy:max,test,Exploits,7590,0.07417654808959157,0.24922532093846836
40f,43,iforest+entropy:max,test,Fuzzers,4810,0.057380457380457384,0.12217795484727756
40f,43,iforest+entropy:max,test,Generic,3418,0.03452311293153891,0.05223550243470562
40f,43,iforest+entropy:max,test,Normal,33832,0.025981319460865453,0.3891102257636122
40f,43,iforest+entropy:max,test,Reconnaissance,2469,0.0372620494127177,0.04072598494909252
40f,43,iforest+margin:mean,thr,Analysis,66,0.2727272727272727,0.06
40f,43,iforest+margin:mean,thr,Backdoor,145,0.23448275862068965,0.11333333333333333
40f,43,iforest+margin:mean,thr,DoS,163,0.17791411042944785,0.09666666666666666
40f,43,iforest+margin:mean,thr,Exploits,776,0.03608247422680412,0.09333333333333334
40f,43,iforest+margin:mean,thr,Fuzzers,581,0.10499139414802065,0.20333333333333334
40f,43,iforest+margin:mean,thr,Normal,3962,0.03104492680464412,0.41
40f,43,iforest+margin:mean,thr,Reconnaissance,307,0.02280130293159609,0.023333333333333334
40f,43,iforest+margin:mean,cal,Analysis,89,0.30337078651685395,0.07219251336898395
40f,43,iforest+margin:mean,cal,Backdoor,174,0.2988505747126437,0.13903743315508021
40f,43,iforest+margin:mean,cal,DoS,224,0.15625,0.09358288770053476
40f,43,iforest+margin:mean,cal,Exploits,1274,0.05337519623233909,0.18181818181818182
40f,43,iforest+margin:mean,cal,Fuzzers,1020,0.09117647058823529,0.24866310160427807
40f,43,iforest+margin:mean,cal,Generic,377,0.058355437665782495,0.058823529411764705
40f,43,iforest+margin:mean,cal,Normal,1165,0.0463519313304721,0.1443850267379679
40f,43,iforest+margin:mean,cal,Reconnaissance,477,0.04821802935010482,0.06149732620320856
40f,43,iforest+margin:mean,test,Analysis,438,0.3127853881278539,0.04072532699167657
40f,43,iforest+margin:mean,test,Backdoor,345,0.3391304347826087,0.034780023781212845
40f,43,iforest+margin:mean,test,DoS,1694,0.1717827626918536,0.08650416171224733
40f,43,iforest+margin:mean,test,Exploits,7590,0.05309617918313571,0.11979785969084424
40f,43,iforest+margin:mean,test,Fuzzers,4810,0.12037422037422038,0.1721165279429251
40f,43,iforest+margin:mean,test,Generic,3418,0.04154476301930954,0.04221165279429251
40f,43,iforest+margin:mean,test,Normal,33832,0.04717427287774888,0.47443519619500596
40f,43,iforest+margin:mean,test,Reconnaissance,2469,0.040097205346294046,0.029429250891795482
40f,43,iforest+margin:max,thr,Analysis,66,0.045454545454545456,0.01
40f,43,iforest+margin:max,thr,Backdoor,145,0.020689655172413793,0.01
40f,43,iforest+margin:max,thr,DoS,163,0.15337423312883436,0.08333333333333333
40f,43,iforest+margin:max,thr,Exploits,776,0.08376288659793814,0.21666666666666667
40f,43,iforest+margin:max,thr,Fuzzers,581,0.06368330464716007,0.12333333333333334
40f,43,iforest+margin:max,thr,Normal,3962,0.0408884401817264,0.54
40f,43,iforest+margin:max,thr,Reconnaissance,307,0.016286644951140065,0.016666666666666666
40f,43,iforest+margin:max,cal,Analysis,89,0.033707865168539325,0.010273972602739725
40f,43,iforest+margin:max,cal,Backdoor,174,0.028735632183908046,0.017123287671232876
40f,43,iforest+margin:max,cal,DoS,224,0.12053571428571429,0.09246575342465753
40f,43,iforest+margin:max,cal,Exploits,1274,0.08869701726844584,0.386986301369863
40f,43,iforest+margin:max,cal,Fuzzers,1020,0.07352941176470588,0.2568493150684932
40f,43,iforest+margin:max,cal,Generic,377,0.023872679045092837,0.030821917808219176
40f,43,iforest+margin:max,cal,Normal,1165,0.04377682403433476,0.17465753424657535
40f,43,iforest+margin:max,cal,Reconnaissance,477,0.018867924528301886,0.030821917808219176
40f,43,iforest+margin:max,test,Analysis,438,0.04794520547945205,0.005918827508455468
40f,43,iforest+margin:max,test,Backdoor,345,0.02608695652173913,0.002536640360766629
40f,43,iforest+margin:max,test,DoS,1694,0.10684769775678866,0.05101465614430665
40f,43,iforest+margin:max,test,Exploits,7590,0.07272727272727272,0.1555806087936866
40f,43,iforest+margin:max,test,Fuzzers,4810,0.0760914760914761,0.10315670800450959
40f,43,iforest+margin:max,test,Generic,3418,0.027501462843768285,0.02649379932356257
40f,43,iforest+margin:max,test,Normal,33832,0.06685977772523055,0.6375422773393461
40f,43,iforest+margin:max,test,Reconnaissance,2469,0.02551640340218712,0.017756482525366404
40f,43,iforest+conformal:mean,thr,Analysis,66,0.015151515151515152,0.0033333333333333335
40f,43,iforest+conformal:mean,thr,Backdoor,145,0.006896551724137931,0.0033333333333333335
40f,43,iforest+conformal:mean,thr,DoS,163,0.06134969325153374,0.03333333333333333
40f,43,iforest+conformal:mean,thr,Exploits,776,0.01288659793814433,0.03333333333333333
40f,43,iforest+conformal:mean,thr,Fuzzers,581,0.04475043029259897,0.08666666666666667
40f,43,iforest+conformal:mean,thr,Normal,3962,0.0636042402826855,0.84
40f,43,iforest+conformal:mean,thr,Reconnaissance,307,0.0,0.0
40f,43,iforest+conformal:mean,cal,Analysis,89,0.011235955056179775,0.0049261083743842365
40f,43,iforest+conformal:mean,cal,Backdoor,174,0.011494252873563218,0.009852216748768473
40f,43,iforest+conformal:mean,cal,DoS,224,0.044642857142857144,0.04926108374384237
40f,43,iforest+conformal:mean,cal,Exploits,1274,0.03139717425431711,0.19704433497536947
40f,43,iforest+conformal:mean,cal,Fuzzers,1020,0.04411764705882353,0.22167487684729065
40f,43,iforest+conformal:mean,cal,Generic,377,0.04509283819628647,0.08374384236453201
40f,43,iforest+conformal:mean,cal,Normal,1165,0.07381974248927038,0.4236453201970443
40f,43,iforest+conformal:mean,cal,Reconnaissance,477,0.0041928721174004195,0.009852216748768473
40f,43,iforest+conformal:mean,test,Analysis,438,0.0182648401826484,0.0026917900403768506
40f,43,iforest+conformal:mean,test,Backdoor,345,0.028985507246376812,0.0033647375504710633
40f,43,iforest+conformal:mean,test,DoS,1694,0.031877213695395513,0.01816958277254374
40f,43,iforest+conformal:mean,test,Exploits,7590,0.022002635046113307,0.056191117092866755
40f,43,iforest+conformal:mean,test,Fuzzers,4810,0.05467775467775468,0.08849259757738896
40f,43,iforest+conformal:mean,test,Generic,3418,0.046811000585137506,0.05383580080753701
40f,43,iforest+conformal:mean,test,Normal,33832,0.0680125325135966,0.7742261103633916
40f,43,iforest+conformal:mean,test,Reconnaissance,2469,0.0036452004860267314,0.003028263795423957
40f,43,iforest+conformal:max,thr,Analysis,66,0.015151515151515152,0.003436426116838488
40f,43,iforest+conformal:max,thr,Backdoor,145,0.0,0.0
40f,43,iforest+conformal:max,thr,DoS,163,0.06748466257668712,0.037800687285223365
40f,43,iforest+conformal:max,thr,Exploits,776,0.041237113402061855,0.10996563573883161
40f,43,iforest+conformal:max,thr,Fuzzers,581,0.08433734939759036,0.16838487972508592
40f,43,iforest+conformal:max,thr,Normal,3962,0.049974760222110046,0.6804123711340206
40f,43,iforest+conformal:max,thr,Reconnaissance,307,0.0,0.0
40f,43,iforest+conformal:max,cal,Analysis,89,0.011235955056179775,0.005050505050505051
40f,43,iforest+conformal:max,cal,Backdoor,174,0.005747126436781609,0.005050505050505051
40f,43,iforest+conformal:max,cal,DoS,224,0.05357142857142857,0.06060606060606061
40f,43,iforest+conformal:max,cal,Exploits,1274,0.05102040816326531,0.3282828282828283
40f,43,iforest+conformal:max,cal,Fuzzers,1020,0.07058823529411765,0.36363636363636365
40f,43,iforest+conformal:max,cal,Generic,377,0.002652519893899204,0.005050505050505051
40f,43,iforest+conformal:max,cal,Normal,1165,0.03862660944206009,0.22727272727272727
40f,43,iforest+conformal:max,cal,Reconnaissance,477,0.0020964360587002098,0.005050505050505051
40f,43,iforest+conformal:max,test,Analysis,438,0.0045662100456621,0.0005379236148466917
40f,43,iforest+conformal:max,test,Backdoor,345,0.011594202898550725,0.0010758472296933835
40f,43,iforest+conformal:max,test,DoS,1694,0.051357733175914994,0.023399677245831092
40f,43,iforest+conformal:max,test,Exploits,7590,0.04361001317523057,0.08902635825712749
40f,43,iforest+conformal:max,test,Fuzzers,4810,0.08440748440748441,0.10919849381387843
40f,43,iforest+conformal:max,test,Generic,3418,0.008777062609713282,0.008068854222700376
40f,43,iforest+conformal:max,test,Normal,33832,0.0834417119886498,0.7592791823561055
40f,43,iforest+conformal:max,test,Reconnaissance,2469,0.014175779667881734,0.009413663259817106
40f,44,msp,thr,Analysis,123,0.0975609756097561,0.045454545454545456
40f,44,msp,thr,Backdoor,107,0.14953271028037382,0.06060606060606061
40f,44,msp,thr,DoS,183,0.18032786885245902,0.125
40f,44,msp,thr,Exploits,1113,0.07906558849955077,0.3333333333333333
40f,44,msp,thr,Fuzzers,876,0.07648401826484018,0.2537878787878788
40f,44,msp,thr,Generic,118,0.0423728813559322,0.01893939393939394
40f,44,msp,thr,Normal,2406,0.012884455527847049,0.11742424242424243
40f,44,msp,thr,Reconnaissance,474,0.02531645569620253,0.045454545454545456
40f,44,msp,cal,Analysis,30,0.4666666666666667,0.175
40f,44,msp,cal,Backdoor,23,0.30434782608695654,0.0875
40f,44,msp,cal,DoS,39,0.1282051282051282,0.0625
40f,44,msp,cal,Exploits,314,0.06050955414012739,0.2375
40f,44,msp,cal,Fuzzers,214,0.07476635514018691,0.2
40f,44,msp,cal,Generic,256,0.03125,0.1
40f,44,msp,cal,Normal,4011,0.0014958863126402393,0.075
40f,44,msp,cal,Reconnaissance,113,0.04424778761061947,0.0625
40f,44,msp,test,Analysis,438,0.0639269406392694,0.008612734543217471
40f,44,msp,test,Backdoor,345,0.1072463768115942,0.011381113503537373
40f,44,msp,test,DoS,1694,0.1269185360094451,0.06613349738541988
40f,44,msp,test,Exploits,7590,0.060474308300395255,0.14118732697631498
40f,44,msp,test,Fuzzers,4810,0.07234927234927235,0.10704398646570286
40f,44,msp,test,Generic,3418,0.037741369221767115,0.03968009843125192
40f,44,msp,test,Normal,33832,0.05716481437692126,0.5948938788065211
40f,44,msp,test,Reconnaissance,2469,0.04090724989874443,0.031067363888034452
40f,44,entropy,thr,Analysis,123,0.4796747967479675,0.21851851851851853
40f,44,entropy,thr,Backdoor,107,0.411214953271028,0.16296296296296298
40f,44,entropy,thr,DoS,183,0.13114754098360656,0.08888888888888889
40f,44,entropy,thr,Exploits,1113,0.028751123090745734,0.11851851851851852
40f,44,entropy,thr,Fuzzers,876,0.06621004566210045,0.21481481481481482
40f,44,entropy,thr,Generic,118,0.025423728813559324,0.011111111111111112
40f,44,entropy,thr,Normal,2406,0.0012468827930174563,0.011111111111111112
40f,44,entropy,thr,Reconnaissance,474,0.09915611814345991,0.17407407407407408
40f,44,entropy,cal,Analysis,30,0.3333333333333333,0.11904761904761904
40f,44,entropy,cal,Backdoor,23,0.5652173913043478,0.15476190476190477
40f,44,entropy,cal,DoS,39,0.1282051282051282,0.05952380952380952
40f,44,entropy,cal,Exploits,314,0.028662420382165606,0.10714285714285714
40f,44,entropy,cal,Fuzzers,214,0.102803738317757,0.2619047619047619
40f,44,entropy,cal,Generic,256,0.03125,0.09523809523809523
40f,44,entropy,cal,Normal,4011,0.0004986287708800798,0.023809523809523808
40f,44,entropy,cal,Reconnaissance,113,0.13274336283185842,0.17857142857142858
40f,44,entropy,test,Analysis,438,0.2054794520547945,0.06143344709897611
40f,44,entropy,test,Backdoor,345,0.1826086956521739,0.043003412969283276
40f,44,entropy,test,DoS,1694,0.12632821723730814,0.14607508532423208
40f,44,entropy,test,Exploits,7590,0.03820816864295125,0.19795221843003413
40f,44,entropy,test,Fuzzers,4810,0.049272349272349275,0.16177474402730374
40f,44,entropy,test,Generic,3418,0.03364540667056758,0.07849829351535836
40f,44,entropy,test,Normal,33832,0.009694963348309294,0.22389078498293516
40f,44,entropy,test,Reconnaissance,2469,0.05184285135682463,0.08737201365187713
40f,44,margin,thr,Analysis,123,0.008130081300813009,0.003703703703703704
40f,44,margin,thr,Backdoor,107,0.037383177570093455,0.014814814814814815
40f,44,margin,thr,DoS,183,0.12568306010928962,0.08518518518518518
40f,44,margin,thr,Exploits,1113,0.07367475292003593,0.3037037037037037
40f,44,margin,thr,Fuzzers,876,0.09703196347031963,0.3148148148148148
40f,44,margin,thr,Generic,118,0.025423728813559324,0.011111111111111112
40f,44,margin,thr,Normal,2406,0.02660016625103907,0.23703703703703705
40f,44,margin,thr,Reconnaissance,474,0.016877637130801686,0.02962962962962963
40f,44,margin,cal,Analysis,30,0.13333333333333333,0.058823529411764705
40f,44,margin,cal,Backdoor,23,0.0,0.0
40f,44,margin,cal,DoS,39,0.05128205128205128,0.029411764705882353
40f,44,margin,cal,Exploits,314,0.07006369426751592,0.3235294117647059
40f,44,margin,cal,Fuzzers,214,0.09345794392523364,0.29411764705882354
40f,44,margin,cal,Generic,256,0.01171875,0.04411764705882353
40f,44,margin,cal,Normal,4011,0.0032410870107205184,0.19117647058823528
40f,44,margin,cal,Reconnaissance,113,0.035398230088495575,0.058823529411764705
40f,44,margin,test,Analysis,438,0.01141552511415525,0.0013404825737265416
40f,44,margin,test,Backdoor,345,0.02608695652173913,0.002412868632707775
40f,44,margin,test,DoS,1694,0.09208972845336481,0.0418230563002681
40f,44,margin,test,Exploits,7590,0.048484848484848485,0.09865951742627346
40f,44,margin,test,Fuzzers,4810,0.09584199584199585,0.12359249329758713
40f,44,margin,test,Generic,3418,0.022527794031597426,0.02064343163538874
40f,44,margin,test,Normal,33832,0.0757271222511232,0.6868632707774799
40f,44,margin,test,Reconnaissance,2469,0.0372620494127177,0.024664879356568366
40f,44,conformal,thr,Analysis,123,0.0,0.0
40f,44,conformal,thr,Backdoor,107,0.0,0.0
40f,44,conformal,thr,DoS,183,0.0,0.0
40f,44,conformal,thr,Exploits,1113,0.015274034141958671,0.06319702602230483
40f,44,conformal,thr,Fuzzers,876,0.017123287671232876,0.055762081784386616
40f,44,conformal,thr,Generic,118,0.0,0.0
40f,44,conformal,thr,Normal,2406,0.09850374064837905,0.8810408921933085
40f,44,conformal,thr,Reconnaissance,474,0.0,0.0
40f,44,conformal,cal,Analysis,30,0.0,0.0
40f,44,conformal,cal,Backdoor,23,0.0,0.0
40f,44,conformal,cal,DoS,39,0.0,0.0
40f,44,conformal,cal,Exploits,314,0.009554140127388535,0.0055248618784530384
40f,44,conformal,cal,Fuzzers,214,0.018691588785046728,0.007366482504604052
40f,44,conformal,cal,Generic,256,0.0,0.0
40f,44,conformal,cal,Normal,4011,0.13363251059586137,0.9871086556169429
40f,44,conformal,cal,Reconnaissance,113,0.0,0.0
40f,44,conformal,test,Analysis,438,0.0045662100456621,0.0003370975897522333
40f,44,conformal,test,Backdoor,345,0.002898550724637681,0.00016854879487611664
40f,44,conformal,test,DoS,1694,0.007674144037780401,0.0021911343333895165
40f,44,conformal,test,Exploits,7590,0.012779973649538867,0.016349233102983314
40f,44,conformal,test,Fuzzers,4810,0.023492723492723494,0.01904601382100118
40f,44,conformal,test,Generic,3418,0.001462843768285547,0.0008427439743805831
40f,44,conformal,test,Normal,33832,0.16812485221092457,0.9587055452553515
40f,44,conformal,test,Reconnaissance,2469,0.005670311867152693,0.002359683128265633
40f,44,iforest,thr,Analysis,123,0.0,0.0
40f,44,iforest,thr,Backdoor,107,0.0,0.0
40f,44,iforest,thr,DoS,183,0.08196721311475409,0.05555555555555555
40f,44,iforest,thr,Exploits,1113,0.07008086253369272,0.28888888888888886
40f,44,iforest,thr,Fuzzers,876,0.08333333333333333,0.27037037037037037
40f,44,iforest,thr,Generic,118,0.03389830508474576,0.014814814814814815
40f,44,iforest,thr,Normal,2406,0.04156275976724855,0.37037037037037035
40f,44,iforest,thr,Reconnaissance,474,0.0,0.0
40f,44,iforest,cal,Analysis,30,0.03333333333333333,0.00425531914893617
40f,44,iforest,cal,Backdoor,23,0.0,0.0
40f,44,iforest,cal,DoS,39,0.05128205128205128,0.00851063829787234
40f,44,iforest,cal,Exploits,314,0.06687898089171974,0.08936170212765958
40f,44,iforest,cal,Fuzzers,214,0.056074766355140186,0.05106382978723404
40f,44,iforest,cal,Generic,256,0.03515625,0.03829787234042553
40f,44,iforest,cal,Normal,4011,0.04712041884816754,0.8042553191489362
40f,44,iforest,cal,Reconnaissance,113,0.008849557522123894,0.00425531914893617
40f,44,iforest,test,Analysis,438,0.0,0.0
40f,44,iforest,test,Backdoor,345,0.005797101449275362,0.0009203865623561896
40f,44,iforest,test,DoS,1694,0.06965761511216056,0.054302807179015186
40f,44,iforest,test,Exploits,7590,0.07588932806324111,0.2650713299585826
40f,44,iforest,test,Fuzzers,4810,0.05010395010395011,0.11090658076392085
40f,44,iforest,test,Generic,3418,0.024283206553540083,0.03819604233778187
40f,44,iforest,test,Normal,33832,0.033873256088909905,0.5273815002300967
40f,44,iforest,test,Reconnaissance,2469,0.0028351559335763467,0.0032213529682466636
40f,44,iforest+msp:mean,thr,Analysis,123,0.14634146341463414,0.06666666666666667
40f,44,iforest+msp:mean,thr,Backdoor,107,0.2336448598130841,0.09259259259259259
40f,44,iforest+msp:mean,thr,DoS,183,0.13114754098360656,0.08888888888888889
40f,44,iforest+msp:mean,thr,Exploits,1113,0.055705300988319856,0.22962962962962963
40f,44,iforest+msp:mean,thr,Fuzzers,876,0.11986301369863013,0.3888888888888889
40f,44,iforest+msp:mean,thr,Generic,118,0.00847457627118644,0.003703703703703704
40f,44,iforest+msp:mean,thr,Normal,2406,0.00457190357439734,0.040740740740740744
40f,44,iforest+msp:mean,thr,Reconnaissance,474,0.05063291139240506,0.08888888888888889
40f,44,iforest+msp:mean,cal,Analysis,30,0.23333333333333334,0.06796116504854369
40f,44,iforest+msp:mean,cal,Backdoor,23,0.391304347826087,0.08737864077669903
40f,44,iforest+msp:mean,cal,DoS,39,0.10256410256410256,0.038834951456310676
40f,44,iforest+msp:mean,cal,Exploits,314,0.0732484076433121,0.22330097087378642
40f,44,iforest+msp:mean,cal,Fuzzers,214,0.14018691588785046,0.2912621359223301
40f,44,iforest+msp:mean,cal,Generic,256,0.05078125,0.1262135922330097
40f,44,iforest+msp:mean,cal,Normal,4011,0.0019945150835203192,0.07766990291262135
40f,44,iforest+msp:mean,cal,Reconnaissance,113,0.07964601769911504,0.08737864077669903
40f,44,iforest+msp:mean,test,Analysis,438,0.19863013698630136,0.03283018867924528
40f,44,iforest+msp:mean,test,Backdoor,345,0.23478260869565218,0.030566037735849056
40f,44,iforest+msp:mean,test,DoS,1694,0.1511216056670602,0.09660377358490566
40f,44,iforest+msp:mean,test,Exploits,7590,0.059947299077733864,0.17169811320754716
40f,44,iforest+msp:mean,test,Fuzzers,4810,0.1076923076923077,0.19547169811320755
40f,44,iforest+msp:mean,test,Generic,3418,0.028379169104739616,0.03660377358490566
40f,44,iforest+msp:mean,test,Normal,33832,0.032897848191061715,0.42
40f,44,iforest+msp:mean,test,Reconnaissance,2469,0.017415957877683273,0.016226415094339624
40f,44,iforest+msp:max,thr,Analysis,123,0.08130081300813008,0.03759398496240601
40f,44,iforest+msp:max,thr,Backdoor,107,0.1308411214953271,0.05263157894736842
40f,44,iforest+msp:max,thr,DoS,183,0.16393442622950818,0.11278195488721804
40f,44,iforest+msp:max,thr,Exploits,1113,0.08715184186882301,0.36466165413533835
40f,44,iforest+msp:max,thr,Fuzzers,876,0.06506849315068493,0.21428571428571427
40f,44,iforest+msp:max,thr,Generic,118,0.0423728813559322,0.018796992481203006
40f,44,iforest+msp:max,thr,Normal,2406,0.017871986699916874,0.16165413533834586
40f,44,iforest+msp:max,thr,Reconnaissance,474,0.02109704641350211,0.03759398496240601
40f,44,iforest+msp:max,cal,Analysis,30,0.4666666666666667,0.0945945945945946
40f,44,iforest+msp:max,cal,Backdoor,23,0.2608695652173913,0.04054054054054054
40f,44,iforest+msp:max,cal,DoS,39,0.1282051282051282,0.033783783783783786
40f,44,iforest+msp:max,cal,Exploits,314,0.06369426751592357,0.13513513513513514
40f,44,iforest+msp:max,cal,Fuzzers,214,0.07009345794392523,0.10135135135135136
40f,44,iforest+msp:max,cal,Generic,256,0.0390625,0.06756756756756757
40f,44,iforest+msp:max,cal,Normal,4011,0.018698578908002993,0.5067567567567568
40f,44,iforest+msp:max,cal,Reconnaissance,113,0.02654867256637168,0.02027027027027027
40f,44,iforest+msp:max,test,Analysis,438,0.06164383561643835,0.008522727272727272
40f,44,iforest+msp:max,test,Backdoor,345,0.10434782608695652,0.011363636363636364
40f,44,iforest+msp:max,test,DoS,1694,0.1292798110979929,0.06912878787878787
40f,44,iforest+msp:max,test,Exploits,7590,0.06310935441370225,0.15119949494949494
40f,44,iforest+msp:max,test,Fuzzers,4810,0.06195426195426196,0.09406565656565656
40f,44,iforest+msp:max,test,Generic,3418,0.037448800468110006,0.04040404040404041
40f,44,iforest+msp:max,test,Normal,33832,0.05583471269803736,0.5962752525252525
40f,44,iforest+msp:max,test,Reconnaissance,2469,0.0372620494127177,0.02904040404040404
40f,44,iforest+entropy:mean,thr,Analysis,123,0.17886178861788618,0.08148148148148149
40f,44,iforest+entropy:mean,thr,Backdoor,107,0.27102803738317754,0.10740740740740741
40f,44,iforest+entropy:mean,thr,DoS,183,0.13114754098360656,0.08888888888888889
40f,44,iforest+entropy:mean,thr,Exploits,1113,0.04851752021563342,0.2
40f,44,iforest+entropy:mean,thr,Fuzzers,876,0.11757990867579908,0.3814814814814815
40f,44,iforest+entropy:mean,thr,Generic,118,0.03389830508474576,0.014814814814814815
40f,44,iforest+entropy:mean,thr,Normal,2406,0.0020781379883624274,0.018518518518518517
40f,44,iforest+entropy:mean,thr,Reconnaissance,474,0.06118143459915612,0.10740740740740741
40f,44,iforest+entropy:mean,cal,Analysis,30,0.23333333333333334,0.07291666666666667
40f,44,iforest+entropy:mean,cal,Backdoor,23,0.34782608695652173,0.08333333333333333
40f,44,iforest+entropy:mean,cal,DoS,39,0.1282051282051282,0.052083333333333336
40f,44,iforest+entropy:mean,cal,Exploits,314,0.06369426751592357,0.20833333333333334
40f,44,iforest+entropy:mean,cal,Fuzzers,214,0.11682242990654206,0.2604166666666667
40f,44,iforest+entropy:mean,cal,Generic,256,0.0546875,0.14583333333333334
40f,44,iforest+entropy:mean,cal,Normal,4011,0.0017452006980802793,0.07291666666666667
40f,44,iforest+entropy:mean,cal,Reconnaissance,113,0.08849557522123894,0.10416666666666667
40f,44,iforest+entropy:mean,test,Analysis,438,0.2671232876712329,0.04864864864864865
40f,44,iforest+entropy:mean,test,Backdoor,345,0.2782608695652174,0.03991683991683992
40f,44,iforest+entropy:mean,test,DoS,1694,0.15466351829988192,0.10893970893970895
40f,44,iforest+entropy:mean,test,Exploits,7590,0.055467720685111986,0.17505197505197506
40f,44,iforest+entropy:mean,test,Fuzzers,4810,0.09854469854469855,0.1970893970893971
40f,44,iforest+entropy:mean,test,Generic,3418,0.02399063779988297,0.0340956340956341
40f,44,iforest+entropy:mean,test,Normal,33832,0.026336013241901157,0.3704781704781705
40f,44,iforest+entropy:mean,test,Reconnaissance,2469,0.025111381125961927,0.02577962577962578
40f,44,iforest+entropy:max,thr,Analysis,123,0.4065040650406504,0.19230769230769232
40f,44,iforest+entropy:max,thr,Backdoor,107,0.3177570093457944,0.13076923076923078
40f,44,iforest+entropy:max,thr,DoS,183,0.14207650273224043,0.1
40f,44,iforest+entropy:max,thr,Exploits,1113,0.03863432165318958,0.16538461538461538
40f,44,iforest+entropy:max,thr,Fuzzers,876,0.05251141552511415,0.17692307692307693
40f,44,iforest+entropy:max,thr,Generic,118,0.025423728813559324,0.011538461538461539
40f,44,iforest+entropy:max,thr,Normal,2406,0.008728179551122194,0.08076923076923077
40f,44,iforest+entropy:max,thr,Reconnaissance,474,0.07805907172995781,0.1423076923076923
40f,44,iforest+entropy:max,cal,Analysis,30,0.3333333333333333,0.0625
40f,44,iforest+entropy:max,cal,Backdoor,23,0.5217391304347826,0.075
40f,44,iforest+entropy:max,cal,DoS,39,0.1282051282051282,0.03125
40f,44,iforest+entropy:max,cal,Exploits,314,0.03821656050955414,0.075
40f,44,iforest+entropy:max,cal,Fuzzers,214,0.09813084112149532,0.13125
40f,44,iforest+entropy:max,cal,Generic,256,0.0390625,0.0625
40f,44,iforest+entropy:max,cal,Normal,4011,0.01894789329344303,0.475
40f,44,iforest+entropy:max,cal,Reconnaissance,113,0.12389380530973451,0.0875
40f,44,iforest+entropy:max,test,Analysis,438,0.1643835616438356,0.04780876494023904
40f,44,iforest+entropy:max,test,Backdoor,345,0.15942028985507245,0.03652058432934927
40f,44,iforest+entropy:max,test,DoS,1694,0.12278630460448642,0.13811420982735723
40f,44,iforest+entropy:max,test,Exploits,7590,0.041765480895915676,0.2104913678618858
40f,44,iforest+entropy:max,test,Fuzzers,4810,0.04054054054054054,0.1294820717131474
40f,44,iforest+entropy:max,test,Generic,3418,0.03159742539496782,0.07171314741035857
40f,44,iforest+entropy:max,test,Normal,33832,0.013419248049184204,0.301460823373174
40f,44,iforest+entropy:max,test,Reconnaissance,2469,0.03928716079384366,0.06440903054448871
40f,44,iforest+margin:mean,thr,Analysis,123,0.10569105691056911,0.04814814814814815
40f,44,iforest+margin:mean,thr,Backdoor,107,0.19626168224299065,0.07777777777777778
40f,44,iforest+margin:mean,thr,DoS,183,0.1366120218579235,0.09259259259259259
40f,44,iforest+margin:mean,thr,Exploits,1113,0.05750224618149147,0.23703703703703705
40f,44,iforest+margin:mean,thr,Fuzzers,876,0.11757990867579908,0.3814814814814815
40f,44,iforest+margin:mean,thr,Generic,118,0.00847457627118644,0.003703703703703704
40f,44,iforest+margin:mean,thr,Normal,2406,0.010390689941812137,0.09259259259259259
40f,44,iforest+margin:mean,thr,Reconnaissance,474,0.0379746835443038,0.06666666666666667
40f,44,iforest+margin:mean,cal,Analysis,30,0.2,0.06451612903225806
40f,44,iforest+margin:mean,cal,Backdoor,23,0.2608695652173913,0.06451612903225806
40f,44,iforest+margin:mean,cal,DoS,39,0.10256410256410256,0.043010752688172046
40f,44,iforest+margin:mean,cal,Exploits,314,0.07006369426751592,0.23655913978494625
40f,44,iforest+margin:mean,cal,Fuzzers,214,0.1308411214953271,0.3010752688172043
40f,44,iforest+margin:mean,cal,Generic,256,0.046875,0.12903225806451613
40f,44,iforest+margin:mean,cal,Normal,4011,0.0017452006980802793,0.07526881720430108
40f,44,iforest+margin:mean,cal,Reconnaissance,113,0.07079646017699115,0.08602150537634409
40f,44,iforest+margin:mean,test,Analysis,438,0.1552511415525114,0.02564102564102564
40f,44,iforest+margin:mean,test,Backdoor,345,0.18840579710144928,0.024509803921568627
40f,44,iforest+margin:mean,test,DoS,1694,0.1399055489964581,0.08936651583710407
40f,44,iforest+margin:mean,test,Exploits,7590,0.05849802371541502,0.167420814479638
40f,44,iforest+margin:mean,test,Fuzzers,4810,0.10706860706860707,0.19419306184012067
40f,44,iforest+margin:mean,test,Generic,3418,0.024575775307197192,0.03167420814479638
40f,44,iforest+margin:mean,test,Normal,33832,0.035498935918656896,0.4528657616892911
40f,44,iforest+margin:mean,test,Reconnaissance,2469,0.01539084649655731,0.014328808446455505
40f,44,iforest+margin:max,thr,Analysis,123,0.008130081300813009,0.0038022813688212928
40f,44,iforest+margin:max,thr,Backdoor,107,0.037383177570093455,0.015209125475285171
40f,44,iforest+margin:max,thr,DoS,183,0.11475409836065574,0.07984790874524715
40f,44,iforest+margin:max,thr,Exploits,1113,0.07547169811320754,0.3193916349809886
40f,44,iforest+margin:max,thr,Fuzzers,876,0.07990867579908675,0.2661596958174905
40f,44,iforest+margin:max,thr,Generic,118,0.01694915254237288,0.0076045627376425855
40f,44,iforest+margin:max,thr,Normal,2406,0.030756442227763924,0.2813688212927757
40f,44,iforest+margin:max,thr,Reconnaissance,474,0.014767932489451477,0.026615969581749048
40f,44,iforest+margin:max,cal,Analysis,30,0.13333333333333333,0.032520325203252036
40f,44,iforest+margin:max,cal,Backdoor,23,0.0,0.0
40f,44,iforest+margin:max,cal,DoS,39,0.05128205128205128,0.016260162601626018
40f,44,iforest+margin:max,cal,Exploits,314,0.06687898089171974,0.17073170731707318
40f,44,iforest+margin:max,cal,Fuzzers,214,0.08411214953271028,0.14634146341463414
40f,44,iforest+margin:max,cal,Generic,256,0.01953125,0.04065040650406504
40f,44,iforest+margin:max,cal,Normal,4011,0.017452006980802792,0.5691056910569106
40f,44,iforest+margin:max,cal,Reconnaissance,113,0.02654867256637168,0.024390243902439025
40f,44,iforest+margin:max,test,Analysis,438,0.01141552511415525,0.0013877324451845685
40f,44,iforest+margin:max,test,Backdoor,345,0.02608695652173913,0.002497918401332223
40f,44,iforest+margin:max,test,DoS,1694,0.09622195985832349,0.045240077713016934
40f,44,iforest+margin:max,test,Exploits,7590,0.0536231884057971,0.11296142103802387
40f,44,iforest+margin:max,test,Fuzzers,4810,0.09002079002079003,0.12017762975298363
40f,44,iforest+margin:max,test,Generic,3418,0.023405500292568753,0.022203719122953096
40f,44,iforest+margin:max,test,Normal,33832,0.07167770158429888,0.6730502359145156
40f,44,iforest+margin:max,test,Reconnaissance,2469,0.032806804374240585,0.022481265611990008
40f,44,iforest+conformal:mean,thr,Analysis,123,0.008130081300813009,0.003703703703703704
40f,44,iforest+conformal:mean,thr,Backdoor,107,0.009345794392523364,0.003703703703703704
40f,44,iforest+conformal:mean,thr,DoS,183,0.03825136612021858,0.025925925925925925
40f,44,iforest+conformal:mean,thr,Exploits,1113,0.030548068283917342,0.1259259259259259
40f,44,iforest+conformal:mean,thr,Fuzzers,876,0.05707762557077625,0.18518518518518517
40f,44,iforest+conformal:mean,thr,Generic,118,0.09322033898305085,0.040740740740740744
40f,44,iforest+conformal:mean,thr,Normal,2406,0.0685785536159601,0.6111111111111112
40f,44,iforest+conformal:mean,thr,Reconnaissance,474,0.002109704641350211,0.003703703703703704
40f,44,iforest+conformal:mean,cal,Analysis,30,0.03333333333333333,0.0025906735751295338
40f,44,iforest+conformal:mean,cal,Backdoor,23,0.0,0.0
40f,44,iforest+conformal:mean,cal,DoS,39,0.05128205128205128,0.0051813471502590676
40f,44,iforest+conformal:mean,cal,Exploits,314,0.022292993630573247,0.018134715025906734
40f,44,iforest+conformal:mean,cal,Fuzzers,214,0.0514018691588785,0.02849740932642487
40f,44,iforest+conformal:mean,cal,Generic,256,0.0703125,0.046632124352331605
40f,44,iforest+conformal:mean,cal,Normal,4011,0.08651209174769384,0.8989637305699482
40f,44,iforest+conformal:mean,cal,Reconnaissance,113,0.0,0.0
40f,44,iforest+conformal:mean,test,Analysis,438,0.01141552511415525,0.0010006003602161296
40f,44,iforest+conformal:mean,test,Backdoor,345,0.008695652173913044,0.0006003602161296778
40f,44,iforest+conformal:mean,test,DoS,1694,0.0295159386068477,0.010006003602161296
40f,44,iforest+conformal:mean,test,Exploits,7590,0.02345191040843215,0.035621372823694215
40f,44,iforest+conformal:mean,test,Fuzzers,4810,0.05384615384615385,0.05183109865919552
40f,44,iforest+conformal:mean,test,Generic,3418,0.16325336454066705,0.11166700020012008
40f,44,iforest+conformal:mean,test,Normal,33832,0.11633956017971152,0.7876726035621373
40f,44,iforest+conformal:mean,test,Reconnaissance,2469,0.0032401782098015392,0.0016009605763458075
40f,44,iforest+conformal:max,thr,Analysis,123,0.0,0.0
40f,44,iforest+conformal:max,thr,Backdoor,107,0.0,0.0
40f,44,iforest+conformal:max,thr,DoS,183,0.07103825136612021,0.048507462686567165
40f,44,iforest+conformal:max,thr,Exploits,1113,0.053009883198562445,0.22014925373134328
40f,44,iforest+conformal:max,thr,Fuzzers,876,0.05593607305936073,0.1828358208955224
40f,44,iforest+conformal:max,thr,Generic,118,0.0,0.0
40f,44,iforest+conformal:max,thr,Normal,2406,0.06109725685785536,0.5485074626865671
40f,44,iforest+conformal:max,thr,Reconnaissance,474,0.0,0.0
40f,44,iforest+conformal:max,cal,Analysis,30,0.0,0.0
40f,44,iforest+conformal:max,cal,Backdoor,23,0.0,0.0
40f,44,iforest+conformal:max,cal,DoS,39,0.05128205128205128,0.005494505494505495
40f,44,iforest+conformal:max,cal,Exploits,314,0.05732484076433121,0.04945054945054945
40f,44,iforest+conformal:max,cal,Fuzzers,214,0.04205607476635514,0.024725274725274724
40f,44,iforest+conformal:max,cal,Generic,256,0.01171875,0.008241758241758242
40f,44,iforest+conformal:max,cal,Normal,4011,0.08277237596609324,0.9120879120879121
40f,44,iforest+conformal:max,cal,Reconnaissance,113,0.0,0.0
40f,44,iforest+conformal:max,test,Analysis,438,0.0,0.0
40f,44,iforest+conformal:max,test,Backdoor,345,0.002898550724637681,0.0002275830678197542
40f,44,iforest+conformal:max,test,DoS,1694,0.05608028335301062,0.02162039144287665
40f,44,iforest+conformal:max,test,Exploits,7590,0.05783926218708827,0.0999089667728721
40f,44,iforest+conformal:max,test,Fuzzers,4810,0.030353430353430355,0.03322712790168411
40f,44,iforest+conformal:max,test,Generic,3418,0.00994733762434172,0.007737824305871643
40f,44,iforest+conformal:max,test,Normal,33832,0.10859541262709861,0.836140191169777
40f,44,iforest+conformal:max,test,Reconnaissance,2469,0.002025111381125962,0.001137915339098771
40f,45,msp,thr,Analysis,182,0.18681318681318682,0.11333333333333333
40f,45,msp,thr,Backdoor,141,0.16312056737588654,0.07666666666666666
40f,45,msp,thr,DoS,481,0.08316008316008316,0.13333333333333333
40f,45,msp,thr,Exploits,1968,0.036585365853658534,0.24
40f,45,msp,thr,Fuzzers,1470,0.04285714285714286,0.21
40f,45,msp,thr,Generic,96,0.041666666666666664,0.013333333333333334
40f,45,msp,thr,Normal,890,0.05393258426966292,0.16
40f,45,msp,thr,Reconnaissance,772,0.02072538860103627,0.05333333333333334
40f,45,msp,cal,Analysis,109,0.1559633027522936,0.09239130434782608
40f,45,msp,cal,Backdoor,84,0.15476190476190477,0.07065217391304347
40f,45,msp,cal,DoS,270,0.0962962962962963,0.14130434782608695
40f,45,msp,cal,Exploits,1501,0.03264490339773484,0.266304347826087
40f,45,msp,cal,Fuzzers,1092,0.03388278388278388,0.20108695652173914
40f,45,msp,cal,Generic,240,0.020833333333333332,0.02717391304347826
40f,45,msp,cal,Normal,927,0.03128371089536138,0.15760869565217392
40f,45,msp,cal,Reconnaissance,577,0.01386481802426343,0.043478260869565216
40f,45,msp,test,Analysis,438,0.045662100456621,0.009376465072667605
40f,45,msp,test,Backdoor,345,0.08985507246376812,0.014533520862634786
40f,45,msp,test,DoS,1694,0.08677685950413223,0.06891701828410689
40f,45,msp,test,Exploits,7590,0.03992094861660079,0.1420534458509142
40f,45,msp,test,Fuzzers,4810,0.04074844074844075,0.09188935771214252
40f,45,msp,test,Generic,3418,0.030427150380339378,0.04875761837787154
40f,45,msp,test,Normal,33832,0.03736107826909435,0.5925925925925926
40f,45,msp,test,Reconnaissance,2469,0.02754151478331308,0.03187998124706985
40f,45,entropy,thr,Analysis,182,0.21978021978021978,0.15267175572519084
40f,45,entropy,thr,Backdoor,141,0.24822695035460993,0.13358778625954199
40f,45,entropy,thr,DoS,481,0.10395010395010396,0.19083969465648856
40f,45,entropy,thr,Exploits,1968,0.024390243902439025,0.183206106870229
40f,45,entropy,thr,Fuzzers,1470,0.030612244897959183,0.1717557251908397
40f,45,entropy,thr,Generic,96,0.03125,0.011450381679389313
40f,45,entropy,thr,Normal,890,0.01348314606741573,0.04580152671755725
40f,45,entropy,thr,Reconnaissance,772,0.03756476683937824,0.11068702290076336
40f,45,entropy,cal,Analysis,109,0.26605504587155965,0.15025906735751296
40f,45,entropy,cal,Backdoor,84,0.2619047619047619,0.11398963730569948
40f,45,entropy,cal,DoS,270,0.0962962962962963,0.13471502590673576
40f,45,entropy,cal,Exploits,1501,0.02731512325116589,0.21243523316062177
40f,45,entropy,cal,Fuzzers,1092,0.03571428571428571,0.20207253886010362
40f,45,entropy,cal,Generic,240,0.016666666666666666,0.02072538860103627
40f,45,entropy,cal,Normal,927,0.007551240560949299,0.03626943005181347
40f,45,entropy,cal,Reconnaissance,577,0.043327556325823226,0.12953367875647667
40f,45,entropy,test,Analysis,438,0.0730593607305936,0.0362400906002265
40f,45,entropy,test,Backdoor,345,0.1072463768115942,0.04190260475651189
40f,45,entropy,test,DoS,1694,0.07319952774498228,0.1404303510758777
40f,45,entropy,test,Exploits,7590,0.024110671936758893,0.2072480181200453
40f,45,entropy,test,Fuzzers,4810,0.02577962577962578,0.1404303510758777
40f,45,entropy,test,Generic,3418,0.02516091281451141,0.09739524348810873
40f,45,entropy,test,Normal,33832,0.006946086545282572,0.26613816534541335
40f,45,entropy,test,Reconnaissance,2469,0.025111381125961927,0.07021517553793885
40f,45,margin,thr,Analysis,182,0.09340659340659341,0.056666666666666664
40f,45,margin,thr,Backdoor,141,0.028368794326241134,0.013333333333333334
40f,45,margin,thr,DoS,481,0.06444906444906445,0.10333333333333333
40f,45,margin,thr,Exploits,1968,0.03048780487804878,0.2
40f,45,margin,thr,Fuzzers,1470,0.05510204081632653,0.27
40f,45,margin,thr,Generic,96,0.020833333333333332,0.006666666666666667
40f,45,margin,thr,Normal,890,0.1,0.2966666666666667
40f,45,margin,thr,Reconnaissance,772,0.02072538860103627,0.05333333333333334
40f,45,margin,cal,Analysis,109,0.07339449541284404,0.03333333333333333
40f,45,margin,cal,Backdoor,84,0.047619047619047616,0.016666666666666666
40f,45,margin,cal,DoS,270,0.05925925925925926,0.06666666666666667
40f,45,margin,cal,Exploits,1501,0.03530979347101932,0.22083333333333333
40f,45,margin,cal,Fuzzers,1092,0.0521978021978022,0.2375
40f,45,margin,cal,Generic,240,0.020833333333333332,0.020833333333333332
40f,45,margin,cal,Normal,927,0.09169363538295577,0.3541666666666667
40f,45,margin,cal,Reconnaissance,577,0.02079722703639515,0.05
40f,45,margin,test,Analysis,438,0.0182648401826484,0.003114052160373686
40f,45,margin,test,Backdoor,345,0.020289855072463767,0.0027247956403269754
40f,45,margin,test,DoS,1694,0.0678866587957497,0.04476449980537174
40f,45,margin,test,Exploits,7590,0.036495388669301715,0.10782405605293889
40f,45,margin,test,Fuzzers,4810,0.06444906444906445,0.12066952121448034
40f,45,margin,test,Generic,3418,0.017261556465769455,0.022966134682755938
40f,45,margin,test,Normal,33832,0.05086899976353748,0.6699104710003893
40f,45,margin,test,Reconnaissance,2469,0.02916160388821385,0.028026469443363178
40f,45,conformal,thr,Analysis,182,0.04395604395604396,0.02666666666666667
40f,45,conformal,thr,Backdoor,141,0.06382978723404255,0.03
40f,45,conformal,thr,DoS,481,0.05197505197505198,0.08333333333333333
40f,45,conformal,thr,Exploits,1968,0.07113821138211382,0.4666666666666667
40f,45,conformal,thr,Fuzzers,1470,0.034013605442176874,0.16666666666666666
40f,45,conformal,thr,Generic,96,0.0625,0.02
40f,45,conformal,thr,Normal,890,0.010112359550561797,0.03
40f,45,conformal,thr,Reconnaissance,772,0.06865284974093264,0.17666666666666667
40f,45,conformal,cal,Analysis,109,0.0,0.0
40f,45,conformal,cal,Backdoor,84,0.09523809523809523,0.03162055335968379
40f,45,conformal,cal,DoS,270,0.08888888888888889,0.09486166007905138
40f,45,conformal,cal,Exploits,1501,0.07528314457028648,0.44664031620553357
40f,45,conformal,cal,Fuzzers,1092,0.020146520146520148,0.08695652173913043
40f,45,conformal,cal,Generic,240,0.08333333333333333,0.07905138339920949
40f,45,conformal,cal,Normal,927,0.018338727076591153,0.06719367588932806
40f,45,conformal,cal,Reconnaissance,577,0.08492201039861352,0.19367588932806323
40f,45,conformal,test,Analysis,438,0.01598173515981735,0.00438871473354232
40f,45,conformal,test,Backdoor,345,0.02608695652173913,0.005642633228840125
40f,45,conformal,test,DoS,1694,0.08264462809917356,0.0877742946708464
40f,45,conformal,test,Exploits,7590,0.07588932806324111,0.361128526645768
40f,45,conformal,test,Fuzzers,4810,0.02577962577962578,0.07774294670846395
40f,45,conformal,test,Generic,3418,0.09449970743124635,0.2025078369905956
40f,45,conformal,test,Normal,33832,0.006354930243556396,0.13479623824451412
40f,45,conformal,test,Reconnaissance,2469,0.08140947752126367,0.12601880877742946
40f,45,iforest,thr,Analysis,182,0.0,0.0
40f,45,iforest,thr,Backdoor,141,0.0,0.0
40f,45,iforest,thr,DoS,481,0.0498960498960499,0.08
40f,45,iforest,thr,Exploits,1968,0.057926829268292686,0.38
40f,45,iforest,thr,Fuzzers,1470,0.0673469387755102,0.33
40f,45,iforest,thr,Generic,96,0.0,0.0
40f,45,iforest,thr,Normal,890,0.0696629213483146,0.20666666666666667
40f,45,iforest,thr,Reconnaissance,772,0.0012953367875647669,0.0033333333333333335
40f,45,iforest,cal,Analysis,109,0.0,0.0
40f,45,iforest,cal,Backdoor,84,0.011904761904761904,0.00546448087431694
40f,45,iforest,cal,DoS,270,0.08148148148148149,0.12021857923497267
40f,45,iforest,cal,Exploits,1501,0.05862758161225849,0.4808743169398907
40f,45,iforest,cal,Fuzzers,1092,0.038461538461538464,0.22950819672131148
40f,45,iforest,cal,Generic,240,0.004166666666666667,0.00546448087431694
40f,45,iforest,cal,Normal,927,0.030204962243797196,0.15300546448087432
40f,45,iforest,cal,Reconnaissance,577,0.0017331022530329288,0.00546448087431694
40f,45,iforest,test,Analysis,438,0.0,0.0
40f,45,iforest,test,Backdoor,345,0.002898550724637681,0.0006345177664974619
40f,45,iforest,test,DoS,1694,0.05489964580873672,0.05901015228426396
40f,45,iforest,test,Exploits,7590,0.05349143610013175,0.25761421319796957
40f,45,iforest,test,Fuzzers,4810,0.03970893970893971,0.12119289340101523
40f,45,iforest,test,Generic,3418,0.008484493856056173,0.018401015228426396
40f,45,iforest,test,Normal,33832,0.025212816268621423,0.541243654822335
40f,45,iforest,test,Reconnaissance,2469,0.001215066828675577,0.0019035532994923859
40f,45,iforest+msp:mean,thr,Analysis,182,0.2087912087912088,0.12666666666666668
40f,45,iforest+msp:mean,thr,Backdoor,141,0.20567375886524822,0.09666666666666666
40f,45,iforest+msp:mean,thr,DoS,481,0.10187110187110188,0.16333333333333333
40f,45,iforest+msp:mean,thr,Exploits,1968,0.037601626016260166,0.24666666666666667
40f,45,iforest+msp:mean,thr,Fuzzers,1470,0.04149659863945578,0.20333333333333334
40f,45,iforest+msp:mean,thr,Generic,96,0.020833333333333332,0.006666666666666667
40f,45,iforest+msp:mean,thr,Normal,890,0.029213483146067417,0.08666666666666667
40f,45,iforest+msp:mean,thr,Reconnaissance,772,0.027202072538860103,0.07
40f,45,iforest+msp:mean,cal,Analysis,109,0.24770642201834864,0.15976331360946747
40f,45,iforest+msp:mean,cal,Backdoor,84,0.2261904761904762,0.11242603550295859
40f,45,iforest+msp:mean,cal,DoS,270,0.1111111111111111,0.17751479289940827
40f,45,iforest+msp:mean,cal,Exploits,1501,0.02664890073284477,0.23668639053254437
40f,45,iforest+msp:mean,cal,Fuzzers,1092,0.026556776556776556,0.17159763313609466
40f,45,iforest+msp:mean,cal,Generic,240,0.016666666666666666,0.023668639053254437
40f,45,iforest+msp:mean,cal,Normal,927,0.009708737864077669,0.05325443786982249
40f,45,iforest+msp:mean,cal,Reconnaissance,577,0.019064124783362217,0.0650887573964497
40f,45,iforest+msp:mean,test,Analysis,438,0.1187214611872146,0.04326123128119801
40f,45,iforest+msp:mean,test,Backdoor,345,0.1565217391304348,0.04492512479201331
40f,45,iforest+msp:mean,test,DoS,1694,0.06375442739079103,0.08985024958402663
40f,45,iforest+msp:mean,test,Exploits,7590,0.021343873517786563,0.13477537437603992
40f,45,iforest+msp:mean,test,Fuzzers,4810,0.03201663201663202,0.1281198003327787
40f,45,iforest+msp:mean,test,Generic,3418,0.010825043885313048,0.030782029950083195
40f,45,iforest+msp:mean,test,Normal,33832,0.017912035942303145,0.5041597337770383
40f,45,iforest+msp:mean,test,Reconnaissance,2469,0.011745646010530578,0.024126455906821963
40f,45,iforest+msp:max,thr,Analysis,182,0.07692307692307693,0.047619047619047616
40f,45,iforest+msp:max,thr,Backdoor,141,0.06382978723404255,0.030612244897959183
40f,45,iforest+msp:max,thr,DoS,481,0.07692307692307693,0.12585034013605442
40f,45,iforest+msp:max,thr,Exploits,1968,0.047764227642276426,0.3197278911564626
40f,45,iforest+msp:max,thr,Fuzzers,1470,0.05782312925170068,0.2891156462585034
40f,45,iforest+msp:max,thr,Generic,96,0.020833333333333332,0.006802721088435374
40f,45,iforest+msp:max,thr,Normal,890,0.056179775280898875,0.17006802721088435
40f,45,iforest+msp:max,thr,Reconnaissance,772,0.0038860103626943004,0.01020408163265306
40f,45,iforest+msp:max,cal,Analysis,109,0.05504587155963303,0.03488372093023256
40f,45,iforest+msp:max,cal,Backdoor,84,0.07142857142857142,0.03488372093023256
40f,45,iforest+msp:max,cal,DoS,270,0.11851851851851852,0.18604651162790697
40f,45,iforest+msp:max,cal,Exploits,1501,0.04930046635576282,0.43023255813953487
40f,45,iforest+msp:max,cal,Fuzzers,1092,0.03021978021978022,0.19186046511627908
40f,45,iforest+msp:max,cal,Generic,240,0.0125,0.01744186046511628
40f,45,iforest+msp:max,cal,Normal,927,0.015102481121898598,0.08139534883720931
40f,45,iforest+msp:max,cal,Reconnaissance,577,0.006932409012131715,0.023255813953488372
40f,45,iforest+msp:max,test,Analysis,438,0.01141552511415525,0.002581311306143521
40f,45,iforest+msp:max,test,Backdoor,345,0.04057971014492753,0.007227671657201859
40f,45,iforest+msp:max,test,DoS,1694,0.08441558441558442,0.0738255033557047
40f,45,iforest+msp:max,test,Exploits,7590,0.045718050065876155,0.17914300464636035
40f,45,iforest+msp:max,test,Fuzzers,4810,0.031185031185031187,0.07743933918430562
40f,45,iforest+msp:max,test,Generic,3418,0.021064950263311878,0.0371708828084667
40f,45,iforest+msp:max,test,Normal,33832,0.03434618113029085,0.5998967475477542
40f,45,iforest+msp:max,test,Reconnaissance,2469,0.017820980153908466,0.022715539494062985
40f,45,iforest+entropy:mean,thr,Analysis,182,0.1978021978021978,0.12080536912751678
40f,45,iforest+entropy:mean,thr,Backdoor,141,0.18439716312056736,0.087248322147651
40f,45,iforest+entropy:mean,thr,DoS,481,0.10810810810810811,0.174496644295302
40f,45,iforest+entropy:mean,thr,Exploits,1968,0.032520325203252036,0.21476510067114093
40f,45,iforest+entropy:mean,thr,Fuzzers,1470,0.04353741496598639,0.21476510067114093
40f,45,iforest+entropy:mean,thr,Generic,96,0.020833333333333332,0.006711409395973154
40f,45,iforest+entropy:mean,thr,Normal,890,0.03707865168539326,0.11073825503355705
40f,45,iforest+entropy:mean,thr,Reconnaissance,772,0.027202072538860103,0.07046979865771812
40f,45,iforest+entropy:mean,cal,Analysis,109,0.27522935779816515,0.15151515151515152
40f,45,iforest+entropy:mean,cal,Backdoor,84,0.21428571428571427,0.09090909090909091
40f,45,iforest+entropy:mean,cal,DoS,270,0.13333333333333333,0.18181818181818182
40f,45,iforest+entropy:mean,cal,Exploits,1501,0.03397734843437708,0.25757575757575757
40f,45,iforest+entropy:mean,cal,Fuzzers,1092,0.031135531135531136,0.1717171717171717
40f,45,iforest+entropy:mean,cal,Generic,240,0.025,0.030303030303030304
40f,45,iforest+entropy:mean,cal,Normal,927,0.004314994606256742,0.020202020202020204
40f,45,iforest+entropy:mean,cal,Reconnaissance,577,0.03292894280762565,0.09595959595959595
40f,45,iforest+entropy:mean,test,Analysis,438,0.18036529680365296,0.07745098039215687
40f,45,iforest+entropy:mean,test,Backdoor,345,0.19710144927536233,0.06666666666666667
40f,45,iforest+entropy:mean,test,DoS,1694,0.07851239669421488,0.1303921568627451
40f,45,iforest+entropy:mean,test,Exploits,7590,0.024110671936758893,0.17941176470588235
40f,45,iforest+entropy:mean,test,Fuzzers,4810,0.032432432432432434,0.15294117647058825
40f,45,iforest+entropy:mean,test,Generic,3418,0.008484493856056173,0.028431372549019607
40f,45,iforest+entropy:mean,test,Normal,33832,0.00951761645779144,0.3156862745098039
40f,45,iforest+entropy:mean,test,Reconnaissance,2469,0.02025111381125962,0.049019607843137254
40f,45,iforest+entropy:max,thr,Analysis,182,0.1043956043956044,0.06418918918918919
40f,45,iforest+entropy:max,thr,Backdoor,141,0.1276595744680851,0.060810810810810814
40f,45,iforest+entropy:max,thr,DoS,481,0.08108108108108109,0.13175675675675674
40f,45,iforest+entropy:max,thr,Exploits,1968,0.04217479674796748,0.28040540540540543
40f,45,iforest+entropy:max,thr,Fuzzers,1470,0.05714285714285714,0.28378378378378377
40f,45,iforest+entropy:max,thr,Generic,96,0.010416666666666666,0.0033783783783783786
40f,45,iforest+entropy:max,thr,Normal,890,0.04044943820224719,0.12162162162162163
40f,45,iforest+entropy:max,thr,Reconnaissance,772,0.02072538860103627,0.05405405405405406
40f,45,iforest+entropy:max,cal,Analysis,109,0.11009174311926606,0.06896551724137931
40f,45,iforest+entropy:max,cal,Backdoor,84,0.14285714285714285,0.06896551724137931
40f,45,iforest+entropy:max,cal,DoS,270,0.1,0.15517241379310345
40f,45,iforest+entropy:max,cal,Exploits,1501,0.04530313124583611,0.39080459770114945
40f,45,iforest+entropy:max,cal,Fuzzers,1092,0.03388278388278388,0.21264367816091953
40f,45,iforest+entropy:max,cal,Generic,240,0.0125,0.017241379310344827
40f,45,iforest+entropy:max,cal,Normal,927,0.005393743257820928,0.028735632183908046
40f,45,iforest+entropy:max,cal,Reconnaissance,577,0.01733102253032929,0.05747126436781609
40f,45,iforest+entropy:max,test,Analysis,438,0.0228310502283105,0.0066844919786096255
40f,45,iforest+entropy:max,test,Backdoor,345,0.06086956521739131,0.014037433155080214
40f,45,iforest+entropy:max,test,DoS,1694,0.09090909090909091,0.10294117647058823
40f,45,iforest+entropy:max,test,Exploits,7590,0.04216073781291173,0.21390374331550802
40f,45,iforest+entropy:max,test,Fuzzers,4810,0.031392931392931395,0.10093582887700535
40f,45,iforest+entropy:max,test,Generic,3418,0.026038619075482737,0.05949197860962567
40f,45,iforest+entropy:max,test,Normal,33832,0.021015606526365572,0.4752673796791444
40f,45,iforest+entropy:max,test,Reconnaissance,2469,0.016200891049007696,0.026737967914438502
40f,45,iforest+margin:mean,thr,Analysis,182,0.15384615384615385,0.0945945945945946
40f,45,iforest+margin:mean,thr,Backdoor,141,0.14184397163120568,0.06756756756756757
40f,45,iforest+margin:mean,thr,DoS,481,0.09771309771309772,0.15878378378378377
40f,45,iforest+margin:mean,thr,Exploits,1968,0.038109756097560975,0.2533783783783784
40f,45,iforest+margin:mean,thr,Fuzzers,1470,0.04557823129251701,0.22635135135135134
40f,45,iforest+margin:mean,thr,Generic,96,0.010416666666666666,0.0033783783783783786
40f,45,iforest+margin:mean,thr,Normal,890,0.046067415730337076,0.13851351351351351
40f,45,iforest+margin:mean,thr,Reconnaissance,772,0.022020725388601035,0.057432432432432436
40f,45,iforest+margin:mean,cal,Analysis,109,0.1743119266055046,0.1043956043956044
40f,45,iforest+margin:mean,cal,Backdoor,84,0.16666666666666666,0.07692307692307693
40f,45,iforest+margin:mean,cal,DoS,270,0.12222222222222222,0.1813186813186813
40f,45,iforest+margin:mean,cal,Exploits,1501,0.031978680879413725,0.26373626373626374
40f,45,iforest+margin:mean,cal,Fuzzers,1092,0.038461538461538464,0.23076923076923078
40f,45,iforest+margin:mean,cal,Generic,240,0.016666666666666666,0.02197802197802198
40f,45,iforest+margin:mean,cal,Normal,927,0.017259978425026967,0.08791208791208792
40f,45,iforest+margin:mean,cal,Reconnaissance,577,0.010398613518197574,0.03296703296703297
40f,45,iforest+margin:mean,test,Analysis,438,0.0776255707762557,0.024817518248175182
40f,45,iforest+margin:mean,test,Backdoor,345,0.11014492753623188,0.027737226277372264
40f,45,iforest+margin:mean,test,DoS,1694,0.06080283353010626,0.07518248175182482
40f,45,iforest+margin:mean,test,Exploits,7590,0.02318840579710145,0.12846715328467154
40f,45,iforest+margin:mean,test,Fuzzers,4810,0.04261954261954262,0.14963503649635038
40f,45,iforest+margin:mean,test,Generic,3418,0.010825043885313048,0.027007299270072994
40f,45,iforest+margin:mean,test,Normal,33832,0.022168361314731613,0.5474452554744526
40f,45,iforest+margin:mean,test,Reconnaissance,2469,0.010935601458080195,0.01970802919708029
40f,45,iforest+margin:max,thr,Analysis,182,0.02197802197802198,0.013377926421404682
40f,45,iforest+margin:max,thr,Backdoor,141,0.02127659574468085,0.010033444816053512
40f,45,iforest+margin:max,thr,DoS,481,0.06444906444906445,0.10367892976588629
40f,45,iforest+margin:max,thr,Exploits,1968,0.0508130081300813,0.33444816053511706
40f,45,iforest+margin:max,thr,Fuzzers,1470,0.055782312925170066,0.27424749163879597
40f,45,iforest+margin:max,thr,Generic,96,0.010416666666666666,0.0033444816053511705
40f,45,iforest+margin:max,thr,Normal,890,0.08089887640449438,0.2408026755852843
40f,45,iforest+margin:max,thr,Reconnaissance,772,0.007772020725388601,0.020066889632107024
40f,45,iforest+margin:max,cal,Analysis,109,0.01834862385321101,0.009852216748768473
40f,45,iforest+margin:max,cal,Backdoor,84,0.0,0.0
40f,45,iforest+margin:max,cal,DoS,270,0.1037037037037037,0.13793103448275862
40f,45,iforest+margin:max,cal,Exploits,1501,0.0552964690206529,0.4088669950738916
40f,45,iforest+margin:max,cal,Fuzzers,1092,0.045787545787545784,0.24630541871921183
40f,45,iforest+margin:max,cal,Generic,240,0.0,0.0
40f,45,iforest+margin:max,cal,Normal,927,0.03559870550161812,0.1625615763546798
40f,45,iforest+margin:max,cal,Reconnaissance,577,0.012131715771230503,0.034482758620689655
40f,45,iforest+margin:max,test,Analysis,438,0.0045662100456621,0.0009970089730807576
40f,45,iforest+margin:max,test,Backdoor,345,0.014492753623188406,0.0024925224327018943
40f,45,iforest+margin:max,test,DoS,1694,0.07024793388429752,0.059322033898305086
40f,45,iforest+margin:max,test,Exploits,7590,0.04519104084321476,0.17098703888334996
40f,45,iforest+margin:max,test,Fuzzers,4810,0.043451143451143454,0.10418743768693918
40f,45,iforest+margin:max,test,Generic,3418,0.012873025160912814,0.02193419740777667
40f,45,iforest+margin:max,test,Normal,33832,0.03709505793331757,0.6256231306081754
40f,45,iforest+margin:max,test,Reconnaissance,2469,0.011745646010530578,0.014456630109670987
40f,45,iforest+conformal:mean,thr,Analysis,182,0.10989010989010989,0.06666666666666667
40f,45,iforest+conformal:mean,thr,Backdoor,141,0.0851063829787234,0.04
40f,45,iforest+conformal:mean,thr,DoS,481,0.062370062370062374,0.1
40f,45,iforest+conformal:mean,thr,Exploits,1968,0.054878048780487805,0.36
40f,45,iforest+conformal:mean,thr,Fuzzers,1470,0.04217687074829932,0.20666666666666667
40f,45,iforest+conformal:mean,thr,Generic,96,0.16666666666666666,0.05333333333333334
40f,45,iforest+conformal:mean,thr,Normal,890,0.028089887640449437,0.08333333333333333
40f,45,iforest+conformal:mean,thr,Reconnaissance,772,0.034974093264248704,0.09
40f,45,iforest+conformal:mean,cal,Analysis,109,0.09174311926605505,0.043859649122807015
40f,45,iforest+conformal:mean,cal,Backdoor,84,0.14285714285714285,0.05263157894736842
40f,45,iforest+conformal:mean,cal,DoS,270,0.1259259259259259,0.14912280701754385
40f,45,iforest+conformal:mean,cal,Exploits,1501,0.05729513657561625,0.37719298245614036
40f,45,iforest+conformal:mean,cal,Fuzzers,1092,0.027472527472527472,0.13157894736842105
40f,45,iforest+conformal:mean,cal,Generic,240,0.12083333333333333,0.12719298245614036
40f,45,iforest+conformal:mean,cal,Normal,927,0.009708737864077669,0.039473684210526314
40f,45,iforest+conformal:mean,cal,Reconnaissance,577,0.03119584055459272,0.07894736842105263
40f,45,iforest+conformal:mean,test,Analysis,438,0.03424657534246575,0.010570824524312896
40f,45,iforest+conformal:mean,test,Backdoor,345,0.057971014492753624,0.014094432699083862
40f,45,iforest+conformal:mean,test,DoS,1694,0.06257378984651712,0.07470049330514447
40f,45,iforest+conformal:mean,test,Exploits,7590,0.048748353096179184,0.2607470049330514
40f,45,iforest+conformal:mean,test,Fuzzers,4810,0.02785862785862786,0.09443269908386187
40f,45,iforest+conformal:mean,test,Generic,3418,0.12024575775307197,0.28964059196617337
40f,45,iforest+conformal:mean,test,Normal,33832,0.009428943012532514,0.2248062015503876
40f,45,iforest+conformal:mean,test,Reconnaissance,2469,0.017820980153908466,0.031007751937984496
40f,45,iforest+conformal:max,thr,Analysis,182,0.02197802197802198,0.013651877133105802
40f,45,iforest+conformal:max,thr,Backdoor,141,0.02127659574468085,0.010238907849829351
40f,45,iforest+conformal:max,thr,DoS,481,0.062370062370062374,0.10238907849829351
40f,45,iforest+conformal:max,thr,Exploits,1968,0.056402439024390245,0.378839590443686
40f,45,iforest+conformal:max,thr,Fuzzers,1470,0.06054421768707483,0.3037542662116041
40f,45,iforest+conformal:max,thr,Generic,96,0.041666666666666664,0.013651877133105802
40f,45,iforest+conformal:max,thr,Normal,890,0.03707865168539326,0.11262798634812286
40f,45,iforest+conformal:max,thr,Reconnaissance,772,0.02461139896373057,0.06484641638225255
40f,45,iforest+conformal:max,cal,Analysis,109,0.0,0.0
40f,45,iforest+conformal:max,cal,Backdoor,84,0.047619047619047616,0.022727272727272728
40f,45,iforest+conformal:max,cal,DoS,270,0.08148148148148149,0.125
40f,45,iforest+conformal:max,cal,Exploits,1501,0.060626249167221855,0.5170454545454546
40f,45,iforest+conformal:max,cal,Fuzzers,1092,0.02564102564102564,0.1590909090909091
40f,45,iforest+conformal:max,cal,Generic,240,0.03333333333333333,0.045454545454545456
40f,45,iforest+conformal:max,cal,Normal,927,0.005393743257820928,0.028409090909090908
40f,45,iforest+conformal:max,cal,Reconnaissance,577,0.03119584055459272,0.10227272727272728
40f,45,iforest+conformal:max,test,Analysis,438,0.00228310502283105,0.0006188118811881188
40f,45,iforest+conformal:max,test,Backdoor,345,0.014492753623188406,0.003094059405940594
40f,45,iforest+conformal:max,test,DoS,1694,0.0755608028335301,0.07920792079207921
40f,45,iforest+conformal:max,test,Exploits,7590,0.054940711462450595,0.25804455445544555
40f,45,iforest+conformal:max,test,Fuzzers,4810,0.02785862785862786,0.08292079207920793
40f,45,iforest+conformal:max,test,Generic,3418,0.05529549444119368,0.11695544554455446
40f,45,iforest+conformal:max,test,Normal,33832,0.019419484511704894,0.40655940594059403
40f,45,iforest+conformal:max,test,Reconnaissance,2469,0.03442689347914135,0.0525990099009901
40f,46,msp,thr,Analysis,184,0.15217391304347827,0.09655172413793103
40f,46,msp,thr,Backdoor,271,0.18450184501845018,0.1724137931034483
40f,46,msp,thr,DoS,190,0.23157894736842105,0.15172413793103448
40f,46,msp,thr,Exploits,872,0.06880733944954129,0.20689655172413793
40f,46,msp,thr,Fuzzers,915,0.06775956284153005,0.21379310344827587
40f,46,msp,thr,Generic,185,0.032432432432432434,0.020689655172413793
40f,46,msp,thr,Normal,2777,0.009002520705797623,0.08620689655172414
40f,46,msp,thr,Reconnaissance,406,0.03694581280788178,0.05172413793103448
40f,46,msp,cal,Analysis,64,0.234375,0.0684931506849315
40f,46,msp,cal,Backdoor,65,0.15384615384615385,0.045662100456621
40f,46,msp,cal,DoS,190,0.11052631578947368,0.0958904109589041
40f,46,msp,cal,Exploits,988,0.05263157894736842,0.2374429223744292
40f,46,msp,cal,Fuzzers,720,0.04722222222222222,0.1552511415525114
40f,46,msp,cal,Normal,2620,0.02862595419847328,0.3424657534246575
40f,46,msp,cal,Reconnaissance,353,0.0339943342776204,0.0547945205479452
40f,46,msp,test,Analysis,438,0.1187214611872146,0.015389168393015686
40f,46,msp,test,Backdoor,345,0.10434782608695652,0.010654039656703166
40f,46,msp,test,DoS,1694,0.1322314049586777,0.06629180230837525
40f,46,msp,test,Exploits,7590,0.05823451910408432,0.13080793134063332
40f,46,msp,test,Fuzzers,4810,0.06715176715176716,0.09559041136430897
40f,46,msp,test,Generic,3418,0.03978935049736688,0.04024859425865641
40f,46,msp,test,Normal,33832,0.06053440529676046,0.6060964782480024
40f,46,msp,test,Reconnaissance,2469,0.0477926285945727,0.03492157443030482
40f,46,entropy,thr,Analysis,184,0.34782608695652173,0.22939068100358423
40f,46,entropy,thr,Backdoor,271,0.36162361623616235,0.35125448028673834
40f,46,entropy,thr,DoS,190,0.15789473684210525,0.10752688172043011
40f,46,entropy,thr,Exploits,872,0.028669724770642203,0.08960573476702509
40f,46,entropy,thr,Fuzzers,915,0.03169398907103825,0.1039426523297491
40f,46,entropy,thr,Generic,185,0.021621621621621623,0.014336917562724014
40f,46,entropy,thr,Normal,2777,0.0007202016564638099,0.007168458781362007
40f,46,entropy,thr,Reconnaissance,406,0.0665024630541872,0.0967741935483871
40f,46,entropy,cal,Analysis,64,0.09375,0.07692307692307693
40f,46,entropy,cal,Backdoor,65,0.18461538461538463,0.15384615384615385
40f,46,entropy,cal,DoS,190,0.06315789473684211,0.15384615384615385
40f,46,entropy,cal,Exploits,988,0.016194331983805668,0.20512820512820512
40f,46,entropy,cal,Fuzzers,720,0.019444444444444445,0.1794871794871795
40f,46,entropy,cal,Normal,2620,0.0030534351145038168,0.10256410256410256
40f,46,entropy,cal,Reconnaissance,353,0.028328611898016998,0.1282051282051282
40f,46,entropy,test,Analysis,438,0.1461187214611872,0.07757575757575758
40f,46,entropy,test,Backdoor,345,0.08985507246376812,0.037575757575757575
40f,46,entropy,test,DoS,1694,0.08500590318772137,0.17454545454545456
40f,46,entropy,test,Exploits,7590,0.020289855072463767,0.18666666666666668
40f,46,entropy,test,Fuzzers,4810,0.03097713097713098,0.1806060606060606
40f,46,entropy,test,Generic,3418,0.018724400234055003,0.07757575757575758
40f,46,entropy,test,Normal,33832,0.0038720737763064555,0.15878787878787878
40f,46,entropy,test,Reconnaissance,2469,0.03564196030781693,0.10666666666666667
40f,46,margin,thr,Analysis,184,0.03260869565217391,0.020689655172413793
40f,46,margin,thr,Backdoor,271,0.02952029520295203,0.027586206896551724
40f,46,margin,thr,DoS,190,0.13157894736842105,0.08620689655172414
40f,46,margin,thr,Exploits,872,0.06651376146788991,0.2
40f,46,margin,thr,Fuzzers,915,0.11256830601092896,0.35517241379310344
40f,46,margin,thr,Generic,185,0.021621621621621623,0.013793103448275862
40f,46,margin,thr,Normal,2777,0.02484695714800144,0.23793103448275862
40f,46,margin,thr,Reconnaissance,406,0.04187192118226601,0.05862068965517241
40f,46,margin,cal,Analysis,64,0.125,0.02857142857142857
40f,46,margin,cal,Backdoor,65,0.046153846153846156,0.010714285714285714
40f,46,margin,cal,DoS,190,0.11052631578947368,0.075
40f,46,margin,cal,Exploits,988,0.05566801619433198,0.19642857142857142
40f,46,margin,cal,Fuzzers,720,0.10833333333333334,0.2785714285714286
40f,46,margin,cal,Normal,2620,0.037022900763358776,0.3464285714285714
40f,46,margin,cal,Reconnaissance,353,0.05099150141643059,0.06428571428571428
40f,46,margin,test,Analysis,438,0.0273972602739726,0.002452483139178418
40f,46,margin,test,Backdoor,345,0.028985507246376812,0.0020437359493153486
40f,46,margin,test,DoS,1694,0.12750885478158205,0.04414469650521153
40f,46,margin,test,Exploits,7590,0.06271409749670619,0.09728183118741059
40f,46,margin,test,Fuzzers,4810,0.11746361746361747,0.11547108113631718
40f,46,margin,test,Generic,3418,0.03159742539496782,0.022072348252605765
40f,46,margin,test,Normal,33832,0.09966895247103334,0.6891477621091355
40f,46,margin,test,Reconnaissance,2469,0.05427298501417578,0.02738606172082567
40f,46,conformal,thr,Analysis,184,0.0,0.0
40f,46,conformal,thr,Backdoor,271,0.0,0.0
40f,46,conformal,thr,DoS,190,0.02631578947368421,0.01730103806228374
40f,46,conformal,thr,Exploits,872,0.01261467889908257,0.03806228373702422
40f,46,conformal,thr,Fuzzers,915,0.06120218579234973,0.19377162629757785
40f,46,conformal,thr,Generic,185,0.8702702702702703,0.5570934256055363
40f,46,conformal,thr,Normal,2777,0.01980554555275477,0.1903114186851211
40f,46,conformal,thr,Reconnaissance,406,0.0024630541871921183,0.0034602076124567475
40f,46,conformal,cal,Analysis,64,0.015625,0.0078125
40f,46,conformal,cal,Backdoor,65,0.0,0.0
40f,46,conformal,cal,DoS,190,0.015789473684210527,0.0234375
40f,46,conformal,cal,Exploits,988,0.016194331983805668,0.125
40f,46,conformal,cal,Fuzzers,720,0.07083333333333333,0.3984375
40f,46,conformal,cal,Normal,2620,0.021374045801526718,0.4375
40f,46,conformal,cal,Reconnaissance,353,0.0028328611898017,0.0078125
40f,46,conformal,test,Analysis,438,0.0045662100456621,0.00033852403520649965
40f,46,conformal,test,Backdoor,345,0.011594202898550725,0.0006770480704129993
40f,46,conformal,test,DoS,1694,0.023022432113341203,0.006601218686526743
40f,46,conformal,test,Exploits,7590,0.026613965744400527,0.03419092755585647
40f,46,conformal,test,Fuzzers,4810,0.06985446985446986,0.05687203791469194
40f,46,conformal,test,Generic,3418,0.8703920421299005,0.5035545023696683
40f,46,conformal,test,Normal,33832,0.06810120595885552,0.3899796885578876
40f,46,conformal,test,Reconnaissance,2469,0.01863102470635885,0.007786052809749492
40f,46,iforest,thr,Analysis,184,0.005434782608695652,0.0034482758620689655
40f,46,iforest,thr,Backdoor,271,0.0,0.0
40f,46,iforest,thr,DoS,190,0.06315789473684211,0.041379310344827586
40f,46,iforest,thr,Exploits,872,0.09518348623853211,0.28620689655172415
40f,46,iforest,thr,Fuzzers,915,0.07978142076502732,0.2517241379310345
40f,46,iforest,thr,Generic,185,0.02702702702702703,0.017241379310344827
40f,46,iforest,thr,Normal,2777,0.04141159524666907,0.39655172413793105
40f,46,iforest,thr,Reconnaissance,406,0.0024630541871921183,0.0034482758620689655
40f,46,iforest,cal,Analysis,64,0.03125,0.007407407407407408
40f,46,iforest,cal,Backdoor,65,0.015384615384615385,0.003703703703703704
40f,46,iforest,cal,DoS,190,0.08421052631578947,0.05925925925925926
40f,46,iforest,cal,Exploits,988,0.10222672064777327,0.37407407407407406
40f,46,iforest,cal,Fuzzers,720,0.09722222222222222,0.25925925925925924
40f,46,iforest,cal,Normal,2620,0.030534351145038167,0.2962962962962963
40f,46,iforest,cal,Reconnaissance,353,0.0,0.0
40f,46,iforest,test,Analysis,438,0.0,0.0
40f,46,iforest,test,Backdoor,345,0.005797101449275362,0.0009004952723998199
40f,46,iforest,test,DoS,1694,0.06729634002361275,0.05132823052678973
40f,46,iforest,test,Exploits,7590,0.08682476943346508,0.29671319225574067
40f,46,iforest,test,Fuzzers,4810,0.05010395010395011,0.10850968032417829
40f,46,iforest,test,Generic,3418,0.013750731421884143,0.021161638901395767
40f,46,iforest,test,Normal,33832,0.03408016079451407,0.5191355245384962
40f,46,iforest,test,Reconnaissance,2469,0.002025111381125962,0.0022512381809995496
40f,46,iforest+msp:mean,thr,Analysis,184,0.16847826086956522,0.10689655172413794
40f,46,iforest+msp:mean,thr,Backdoor,271,0.2066420664206642,0.19310344827586207
40f,46,iforest+msp:mean,thr,DoS,190,0.17894736842105263,0.11724137931034483
40f,46,iforest+msp:mean,thr,Exploits,872,0.051605504587155966,0.15517241379310345
40f,46,iforest+msp:mean,thr,Fuzzers,915,0.07213114754098361,0.22758620689655173
40f,46,iforest+msp:mean,thr,Generic,185,0.05405405405405406,0.034482758620689655
40f,46,iforest+msp:mean,thr,Normal,2777,0.011523226503420959,0.1103448275862069
40f,46,iforest+msp:mean,thr,Reconnaissance,406,0.03940886699507389,0.05517241379310345
40f,46,iforest+msp:mean,cal,Analysis,64,0.375,0.13714285714285715
40f,46,iforest+msp:mean,cal,Backdoor,65,0.26153846153846155,0.09714285714285714
40f,46,iforest+msp:mean,cal,DoS,190,0.12105263157894737,0.13142857142857142
40f,46,iforest+msp:mean,cal,Exploits,988,0.032388663967611336,0.18285714285714286
40f,46,iforest+msp:mean,cal,Fuzzers,720,0.06666666666666667,0.2742857142857143
40f,46,iforest+msp:mean,cal,Normal,2620,0.007633587786259542,0.11428571428571428
40f,46,iforest+msp:mean,cal,Reconnaissance,353,0.031161473087818695,0.06285714285714286
40f,46,iforest+msp:mean,test,Analysis,438,0.1963470319634703,0.044605809128630707
40f,46,iforest+msp:mean,test,Backdoor,345,0.1826086956521739,0.032676348547717844
40f,46,iforest+msp:mean,test,DoS,1694,0.11570247933884298,0.1016597510373444
40f,46,iforest+msp:mean,test,Exploits,7590,0.03438735177865613,0.13537344398340248
40f,46,iforest+msp:mean,test,Fuzzers,4810,0.06735966735966736,0.16804979253112035
40f,46,iforest+msp:mean,test,Generic,3418,0.033060269163253365,0.058609958506224066
40f,46,iforest+msp:mean,test,Normal,33832,0.023971388034996453,0.42064315352697096
40f,46,iforest+msp:mean,test,Reconnaissance,2469,0.029971648440664238,0.038381742738589214
40f,46,iforest+msp:max,thr,Analysis,184,0.05434782608695652,0.034722222222222224
40f,46,iforest+msp:max,thr,Backdoor,271,0.07380073800738007,0.06944444444444445
40f,46,iforest+msp:max,thr,DoS,190,0.16842105263157894,0.1111111111111111
40f,46,iforest+msp:max,thr,Exploits,872,0.10321100917431193,0.3125
40f,46,iforest+msp:max,thr,Fuzzers,915,0.06775956284153005,0.2152777777777778
40f,46,iforest+msp:max,thr,Generic,185,0.03783783783783784,0.024305555555555556
40f,46,iforest+msp:max,thr,Normal,2777,0.0219661505221462,0.21180555555555555
40f,46,iforest+msp:max,thr,Reconnaissance,406,0.014778325123152709,0.020833333333333332
40f,46,iforest+msp:max,cal,Analysis,64,0.109375,0.026217228464419477
40f,46,iforest+msp:max,cal,Backdoor,65,0.06153846153846154,0.0149812734082397
40f,46,iforest+msp:max,cal,DoS,190,0.13157894736842105,0.09363295880149813
40f,46,iforest+msp:max,cal,Exploits,988,0.08906882591093117,0.3295880149812734
40f,46,iforest+msp:max,cal,Fuzzers,720,0.0625,0.16853932584269662
40f,46,iforest+msp:max,cal,Normal,2620,0.035114503816793895,0.3445692883895131
40f,46,iforest+msp:max,cal,Reconnaissance,353,0.0169971671388102,0.02247191011235955
40f,46,iforest+msp:max,test,Analysis,438,0.05251141552511415,0.007338864071474154
40f,46,iforest+msp:max,test,Backdoor,345,0.06956521739130435,0.007657945118059987
40f,46,iforest+msp:max,test,DoS,1694,0.13046044864226683,0.07051691129546905
40f,46,iforest+msp:max,test,Exploits,7590,0.08656126482213439,0.20963624760689215
40f,46,iforest+msp:max,test,Fuzzers,4810,0.05467775467775468,0.08391831525207402
40f,46,iforest+msp:max,test,Generic,3418,0.03598595669982446,0.03924696873005743
40f,46,iforest+msp:max,test,Normal,33832,0.05213998581224876,0.562858966177409
40f,46,iforest+msp:max,test,Reconnaissance,2469,0.02389631429728635,0.018825781748564134
40f,46,iforest+entropy:mean,thr,Analysis,184,0.1956521739130435,0.12413793103448276
40f,46,iforest+entropy:mean,thr,Backdoor,271,0.2693726937269373,0.2517241379310345
40f,46,iforest+entropy:mean,thr,DoS,190,0.18421052631578946,0.1206896551724138
40f,46,iforest+entropy:mean,thr,Exploits,872,0.04128440366972477,0.12413793103448276
40f,46,iforest+entropy:mean,thr,Fuzzers,915,0.06557377049180328,0.20689655172413793
40f,46,iforest+entropy:mean,thr,Generic,185,0.032432432432432434,0.020689655172413793
40f,46,iforest+entropy:mean,thr,Normal,2777,0.006121714079942384,0.05862068965517241
40f,46,iforest+entropy:mean,thr,Reconnaissance,406,0.0665024630541872,0.09310344827586207
40f,46,iforest+entropy:mean,cal,Analysis,64,0.359375,0.1411042944785276
40f,46,iforest+entropy:mean,cal,Backdoor,65,0.3076923076923077,0.12269938650306748
40f,46,iforest+entropy:mean,cal,DoS,190,0.11578947368421053,0.13496932515337423
40f,46,iforest+entropy:mean,cal,Exploits,988,0.02834008097165992,0.17177914110429449
40f,46,iforest+entropy:mean,cal,Fuzzers,720,0.05555555555555555,0.24539877300613497
40f,46,iforest+entropy:mean,cal,Normal,2620,0.0053435114503816794,0.08588957055214724
40f,46,iforest+entropy:mean,cal,Reconnaissance,353,0.0453257790368272,0.09815950920245399
40f,46,iforest+entropy:mean,test,Analysis,438,0.2579908675799087,0.07803867403314917
40f,46,iforest+entropy:mean,test,Backdoor,345,0.24057971014492754,0.057320441988950276
40f,46,iforest+entropy:mean,test,DoS,1694,0.1127508854781582,0.1319060773480663
40f,46,iforest+entropy:mean,test,Exploits,7590,0.034519104084321475,0.18093922651933703
40f,46,iforest+entropy:mean,test,Fuzzers,4810,0.0525987525987526,0.17472375690607736
40f,46,iforest+entropy:mean,test,Generic,3418,0.028086600351082503,0.06629834254143646
40f,46,iforest+entropy:mean,test,Normal,33832,0.010965949397020572,0.2562154696132597
40f,46,iforest+entropy:mean,test,Reconnaissance,2469,0.0319967598217902,0.054558011049723756
40f,46,iforest+entropy:max,thr,Analysis,184,0.21739130434782608,0.1388888888888889
40f,46,iforest+entropy:max,thr,Backdoor,271,0.28044280442804426,0.2638888888888889
40f,46,iforest+entropy:max,thr,DoS,190,0.16842105263157894,0.1111111111111111
40f,46,iforest+entropy:max,thr,Exploits,872,0.051605504587155966,0.15625
40f,46,iforest+entropy:max,thr,Fuzzers,915,0.03169398907103825,0.10069444444444445
40f,46,iforest+entropy:max,thr,Generic,185,0.032432432432432434,0.020833333333333332
40f,46,iforest+entropy:max,thr,Normal,2777,0.014043932301044292,0.13541666666666666
40f,46,iforest+entropy:max,thr,Reconnaissance,406,0.05172413793103448,0.07291666666666667
40f,46,iforest+entropy:max,cal,Analysis,64,0.078125,0.04132231404958678
40f,46,iforest+entropy:max,cal,Backdoor,65,0.15384615384615385,0.08264462809917356
40f,46,iforest+entropy:max,cal,DoS,190,0.08421052631578947,0.1322314049586777
40f,46,iforest+entropy:max,cal,Exploits,988,0.039473684210526314,0.32231404958677684
40f,46,iforest+entropy:max,cal,Fuzzers,720,0.019444444444444445,0.11570247933884298
40f,46,iforest+entropy:max,cal,Normal,2620,0.011450381679389313,0.24793388429752067
40f,46,iforest+entropy:max,cal,Reconnaissance,353,0.019830028328611898,0.05785123966942149
40f,46,iforest+entropy:max,test,Analysis,438,0.12100456621004566,0.041831097079715863
40f,46,iforest+entropy:max,test,Backdoor,345,0.07246376811594203,0.01973164956590371
40f,46,iforest+entropy:max,test,DoS,1694,0.10684769775678866,0.14285714285714285
40f,46,iforest+entropy:max,test,Exploits,7590,0.039262187088274045,0.23520126282557222
40f,46,iforest+entropy:max,test,Fuzzers,4810,0.028066528066528068,0.10655090765588003
40f,46,iforest+entropy:max,test,Generic,3418,0.021650087770626096,0.05840568271507498
40f,46,iforest+entropy:max,test,Normal,33832,0.012680302672026484,0.33859510655090763
40f,46,iforest+entropy:max,test,Reconnaissance,2469,0.02916160388821385,0.056827150749802685
40f,46,iforest+margin:mean,thr,Analysis,184,0.09239130434782608,0.05862068965517241
40f,46,iforest+margin:mean,thr,Backdoor,271,0.11808118081180811,0.1103448275862069
40f,46,iforest+margin:mean,thr,DoS,190,0.14736842105263157,0.09655172413793103
40f,46,iforest+margin:mean,thr,Exploits,872,0.05504587155963303,0.16551724137931034
40f,46,iforest+margin:mean,thr,Fuzzers,915,0.08196721311475409,0.25862068965517243
40f,46,iforest+margin:mean,thr,Generic,185,0.05405405405405406,0.034482758620689655
40f,46,iforest+margin:mean,thr,Normal,2777,0.025207057976233346,0.2413793103448276
40f,46,iforest+margin:mean,thr,Reconnaissance,406,0.024630541871921183,0.034482758620689655
40f,46,iforest+margin:mean,cal,Analysis,64,0.390625,0.11737089201877934
40f,46,iforest+margin:mean,cal,Backdoor,65,0.18461538461538463,0.056338028169014086
40f,46,iforest+margin:mean,cal,DoS,190,0.12631578947368421,0.11267605633802817
40f,46,iforest+margin:mean,cal,Exploits,988,0.04149797570850203,0.19248826291079812
40f,46,iforest+margin:mean,cal,Fuzzers,720,0.10694444444444444,0.3615023474178404
40f,46,iforest+margin:mean,cal,Normal,2620,0.010305343511450382,0.1267605633802817
40f,46,iforest+margin:mean,cal,Reconnaissance,353,0.019830028328611898,0.03286384976525822
40f,46,iforest+margin:mean,test,Analysis,438,0.1187214611872146,0.020959290608625555
40f,46,iforest+margin:mean,test,Backdoor,345,0.13623188405797101,0.01894397420395002
40f,46,iforest+margin:mean,test,DoS,1694,0.1127508854781582,0.0769850866586054
40f,46,iforest+margin:mean,test,Exploits,7590,0.03715415019762846,0.11366384522370013
40f,46,iforest+margin:mean,test,Fuzzers,4810,0.08627858627858628,0.16727126158806932
40f,46,iforest+margin:mean,test,Generic,3418,0.03598595669982446,0.049576783555018135
40f,46,iforest+margin:mean,test,Normal,33832,0.039016315913927645,0.532043530834341
40f,46,iforest+margin:mean,test,Reconnaissance,2469,0.020656136087484813,0.020556227327690448
40f,46,iforest+margin:max,thr,Analysis,184,0.010869565217391304,0.007017543859649123
40f,46,iforest+margin:max,thr,Backdoor,271,0.007380073800738007,0.007017543859649123
40f,46,iforest+margin:max,thr,DoS,190,0.10526315789473684,0.07017543859649122
40f,46,iforest+margin:max,thr,Exploits,872,0.09288990825688073,0.28421052631578947
40f,46,iforest+margin:max,thr,Fuzzers,915,0.09289617486338798,0.2982456140350877
40f,46,iforest+margin:max,thr,Generic,185,0.02702702702702703,0.017543859649122806
40f,46,iforest+margin:max,thr,Normal,2777,0.0291681670867843,0.28421052631578947
40f,46,iforest+margin:max,thr,Reconnaissance,406,0.022167487684729065,0.031578947368421054
40f,46,iforest+margin:max,cal,Analysis,64,0.078125,0.01773049645390071
40f,46,iforest+margin:max,cal,Backdoor,65,0.015384615384615385,0.0035460992907801418
40f,46,iforest+margin:max,cal,DoS,190,0.12631578947368421,0.0851063829787234
40f,46,iforest+margin:max,cal,Exploits,988,0.0931174089068826,0.3262411347517731
40f,46,iforest+margin:max,cal,Fuzzers,720,0.0875,0.22340425531914893
40f,46,iforest+margin:max,cal,Normal,2620,0.034732824427480914,0.32269503546099293
40f,46,iforest+margin:max,cal,Reconnaissance,353,0.0169971671388102,0.02127659574468085
40f,46,iforest+margin:max,test,Analysis,438,0.0045662100456621,0.0005485463521667581
40f,46,iforest+margin:max,test,Backdoor,345,0.020289855072463767,0.0019199122325836533
40f,46,iforest+margin:max,test,DoS,1694,0.11688311688311688,0.05430608886450905
40f,46,iforest+margin:max,test,Exploits,7590,0.08339920948616601,0.17361492046077895
40f,46,iforest+margin:max,test,Fuzzers,4810,0.06860706860706861,0.09051014810751508
40f,46,iforest+margin:max,test,Generic,3418,0.026038619075482737,0.024410312671420735
40f,46,iforest+margin:max,test,Normal,33832,0.06854457318515016,0.636039495337356
40f,46,iforest+margin:max,test,Reconnaissance,2469,0.02754151478331308,0.018650575973669776
40f,46,iforest+conformal:mean,thr,Analysis,184,0.0,0.0
40f,46,iforest+conformal:mean,thr,Backdoor,271,0.0,0.0
40f,46,iforest+conformal:mean,thr,DoS,190,0.02631578947368421,0.017241379310344827
40f,46,iforest+conformal:mean,thr,Exploits,872,0.027522935779816515,0.08275862068965517
40f,46,iforest+conformal:mean,thr,Fuzzers,915,0.02841530054644809,0.0896551724137931
40f,46,iforest+conformal:mean,thr,Generic,185,0.8378378378378378,0.5344827586206896
40f,46,iforest+conformal:mean,thr,Normal,2777,0.028087864602088584,0.2689655172413793
40f,46,iforest+conformal:mean,thr,Reconnaissance,406,0.0049261083743842365,0.006896551724137931
40f,46,iforest+conformal:mean,cal,Analysis,64,0.0,0.0
40f,46,iforest+conformal:mean,cal,Backdoor,65,0.0,0.0
40f,46,iforest+conformal:mean,cal,DoS,190,0.005263157894736842,0.008928571428571428
40f,46,iforest+conformal:mean,cal,Exploits,988,0.02327935222672065,0.20535714285714285
40f,46,iforest+conformal:mean,cal,Fuzzers,720,0.075,0.48214285714285715
40f,46,iforest+conformal:mean,cal,Normal,2620,0.012213740458015267,0.2857142857142857
40f,46,iforest+conformal:mean,cal,Reconnaissance,353,0.0056657223796034,0.017857142857142856
40f,46,iforest+conformal:mean,test,Analysis,438,0.00684931506849315,0.0007047216349541931
40f,46,iforest+conformal:mean,test,Backdoor,345,0.0,0.0
40f,46,iforest+conformal:mean,test,DoS,1694,0.01948051948051948,0.007751937984496124
40f,46,iforest+conformal:mean,test,Exploits,7590,0.01870882740447958,0.033356824054498475
40f,46,iforest+conformal:mean,test,Fuzzers,4810,0.04948024948024948,0.055907916373032655
40f,46,iforest+conformal:mean,test,Generic,3418,0.6465769455822118,0.5191449377495889
40f,46,iforest+conformal:mean,test,Normal,33832,0.04803144951525183,0.38172421893352126
40f,46,iforest+conformal:mean,test,Reconnaissance,2469,0.002430133657351154,0.0014094432699083862
40f,46,iforest+conformal:max,thr,Analysis,184,0.0,0.0
40f,46,iforest+conformal:max,thr,Backdoor,271,0.0,0.0
40f,46,iforest+conformal:max,thr,DoS,190,0.05789473684210526,0.03806228373702422
40f,46,iforest+conformal:max,thr,Exploits,872,0.03555045871559633,0.10726643598615918
40f,46,iforest+conformal:max,thr,Fuzzers,915,0.030601092896174863,0.09688581314878893
40f,46,iforest+conformal:max,thr,Generic,185,0.8810810810810811,0.5640138408304498
40f,46,iforest+conformal:max,thr,Normal,2777,0.019445444724522868,0.18685121107266436
40f,46,iforest+conformal:max,thr,Reconnaissance,406,0.0049261083743842365,0.006920415224913495
40f,46,iforest+conformal:max,cal,Analysis,64,0.0,0.0
40f,46,iforest+conformal:max,cal,Backdoor,65,0.0,0.0
40f,46,iforest+conformal:max,cal,DoS,190,0.05789473684210526,0.09166666666666666
40f,46,iforest+conformal:max,cal,Exploits,988,0.039473684210526314,0.325
40f,46,iforest+conformal:max,cal,Fuzzers,720,0.029166666666666667,0.175
40f,46,iforest+conformal:max,cal,Normal,2620,0.0183206106870229,0.4
40f,46,iforest+conformal:max,cal,Reconnaissance,353,0.0028328611898017,0.008333333333333333
40f,46,iforest+conformal:max,test,Analysis,438,0.00228310502283105,0.00021003990758244065
40f,46,iforest+conformal:max,test,Backdoor,345,0.005797101449275362,0.0004200798151648813
40f,46,iforest+conformal:max,test,DoS,1694,0.05371900826446281,0.0191136315900021
40f,46,iforest+conformal:max,test,Exploits,7590,0.04005270092226614,0.06385213190506196
40f,46,iforest+conformal:max,test,Fuzzers,4810,0.03367983367983368,0.034026465028355386
40f,46,iforest+conformal:max,test,Generic,3418,0.8648332358104155,0.6208779668136946
40f,46,iforest+conformal:max,test,Normal,33832,0.03582407188460629,0.2545683679899181
40f,46,iforest+conformal:max,test,Reconnaissance,2469,0.013365735115431349,0.006931316950220542
