pool,seed,score,part,known_class,n,flagged_share,share_of_false_alarms
38f,42,msp,thr,Analysis,120,0.19166666666666668,0.07666666666666666
38f,42,msp,thr,Backdoor,94,0.14893617021276595,0.04666666666666667
38f,42,msp,thr,DoS,259,0.16988416988416988,0.14666666666666667
38f,42,msp,thr,Exploits,1310,0.04885496183206107,0.21333333333333335
38f,42,msp,thr,Fuzzers,990,0.0595959595959596,0.19666666666666666
38f,42,msp,thr,Generic,572,0.024475524475524476,0.04666666666666667
38f,42,msp,thr,Normal,2140,0.03177570093457944,0.22666666666666666
38f,42,msp,thr,Reconnaissance,515,0.027184466019417475,0.04666666666666667
38f,42,msp,cal,Analysis,102,0.12745098039215685,0.050387596899224806
38f,42,msp,cal,Backdoor,110,0.2,0.08527131782945736
38f,42,msp,cal,DoS,221,0.14027149321266968,0.12015503875968993
38f,42,msp,cal,Exploits,1141,0.05083260297984225,0.2248062015503876
38f,42,msp,cal,Fuzzers,860,0.07093023255813953,0.2364341085271318
38f,42,msp,cal,Generic,28,0.14285714285714285,0.015503875968992248
38f,42,msp,cal,Normal,1475,0.03932203389830508,0.2248062015503876
38f,42,msp,cal,Reconnaissance,463,0.023758099352051837,0.04263565891472868
38f,42,msp,test,Analysis,438,0.091324200913242,0.011747430249632892
38f,42,msp,test,Backdoor,345,0.09565217391304348,0.009691629955947136
38f,42,msp,test,DoS,1694,0.10684769775678866,0.05315712187958884
38f,42,msp,test,Exploits,7590,0.05757575757575758,0.12834067547723935
38f,42,msp,test,Fuzzers,4810,0.07006237006237007,0.09897209985315712
38f,42,msp,test,Generic,3418,0.03598595669982446,0.03612334801762115
38f,42,msp,test,Normal,33832,0.06363797588082289,0.6323054331864905
38f,42,msp,test,Reconnaissance,2469,0.04090724989874443,0.029662261380323053
38f,42,entropy,thr,Analysis,120,0.35833333333333334,0.14381270903010032
38f,42,entropy,thr,Backdoor,94,0.4574468085106383,0.14381270903010032
38f,42,entropy,thr,DoS,259,0.1776061776061776,0.15384615384615385
38f,42,entropy,thr,Exploits,1310,0.0366412213740458,0.1605351170568562
38f,42,entropy,thr,Fuzzers,990,0.049494949494949494,0.16387959866220736
38f,42,entropy,thr,Generic,572,0.03146853146853147,0.06020066889632107
38f,42,entropy,thr,Normal,2140,0.0051401869158878505,0.03678929765886288
38f,42,entropy,thr,Reconnaissance,515,0.07961165048543689,0.13712374581939799
38f,42,entropy,cal,Analysis,102,0.29411764705882354,0.13157894736842105
38f,42,entropy,cal,Backdoor,110,0.39090909090909093,0.18859649122807018
38f,42,entropy,cal,DoS,221,0.18099547511312217,0.17543859649122806
38f,42,entropy,cal,Exploits,1141,0.028045574057843997,0.14035087719298245
38f,42,entropy,cal,Fuzzers,860,0.046511627906976744,0.17543859649122806
38f,42,entropy,cal,Generic,28,0.07142857142857142,0.008771929824561403
38f,42,entropy,cal,Normal,1475,0.007457627118644068,0.04824561403508772
38f,42,entropy,cal,Reconnaissance,463,0.06479481641468683,0.13157894736842105
38f,42,entropy,test,Analysis,438,0.21689497716894976,0.06690140845070422
38f,42,entropy,test,Backdoor,345,0.21739130434782608,0.0528169014084507
38f,42,entropy,test,DoS,1694,0.12396694214876033,0.14788732394366197
38f,42,entropy,test,Exploits,7590,0.03359683794466403,0.1795774647887324
38f,42,entropy,test,Fuzzers,4810,0.05343035343035343,0.18098591549295776
38f,42,entropy,test,Generic,3418,0.02954944411936805,0.07112676056338028
38f,42,entropy,test,Normal,33832,0.009162922676755733,0.21830985915492956
38f,42,entropy,test,Reconnaissance,2469,0.04738760631834751,0.0823943661971831
38f,42,margin,thr,Analysis,120,0.08333333333333333,0.03333333333333333
38f,42,margin,thr,Backdoor,94,0.02127659574468085,0.006666666666666667
38f,42,margin,thr,DoS,259,0.0888030888030888,0.07666666666666666
38f,42,margin,thr,Exploits,1310,0.03969465648854962,0.17333333333333334
38f,42,margin,thr,Fuzzers,990,0.06464646464646465,0.21333333333333335
38f,42,margin,thr,Generic,572,0.019230769230769232,0.03666666666666667
38f,42,margin,thr,Normal,2140,0.057476635514018694,0.41
38f,42,margin,thr,Reconnaissance,515,0.02912621359223301,0.05
38f,42,margin,cal,Analysis,102,0.049019607843137254,0.0205761316872428
38f,42,margin,cal,Backdoor,110,0.05454545454545454,0.024691358024691357
38f,42,margin,cal,DoS,221,0.06787330316742081,0.06172839506172839
38f,42,margin,cal,Exploits,1141,0.05433829973707274,0.2551440329218107
38f,42,margin,cal,Fuzzers,860,0.06627906976744186,0.2345679012345679
38f,42,margin,cal,Generic,28,0.03571428571428571,0.00411522633744856
38f,42,margin,cal,Normal,1475,0.05898305084745763,0.35802469135802467
38f,42,margin,cal,Reconnaissance,463,0.02159827213822894,0.0411522633744856
38f,42,margin,test,Analysis,438,0.03881278538812785,0.005145278450363196
38f,42,margin,test,Backdoor,345,0.014492753623188406,0.001513317191283293
38f,42,margin,test,DoS,1694,0.07260920897284534,0.03722760290556901
38f,42,margin,test,Exploits,7590,0.04466403162055336,0.10260290556900727
38f,42,margin,test,Fuzzers,4810,0.06756756756756757,0.09836561743341404
38f,42,margin,test,Generic,3418,0.018431831480397894,0.019067796610169493
38f,42,margin,test,Normal,33832,0.06949042326791204,0.7115617433414043
38f,42,margin,test,Reconnaissance,2469,0.032806804374240585,0.024515738498789345
38f,42,conformal,thr,Analysis,120,0.03333333333333333,0.013333333333333334
38f,42,conformal,thr,Backdoor,94,0.010638297872340425,0.0033333333333333335
38f,42,conformal,thr,DoS,259,0.08108108108108109,0.07
38f,42,conformal,thr,Exploits,1310,0.08778625954198473,0.38333333333333336
38f,42,conformal,thr,Fuzzers,990,0.05858585858585859,0.19333333333333333
38f,42,conformal,thr,Generic,572,0.0017482517482517483,0.0033333333333333335
38f,42,conformal,thr,Normal,2140,0.03878504672897196,0.27666666666666667
38f,42,conformal,thr,Reconnaissance,515,0.03300970873786408,0.056666666666666664
38f,42,conformal,cal,Analysis,102,0.0392156862745098,0.0163265306122449
38f,42,conformal,cal,Backdoor,110,0.00909090909090909,0.004081632653061225
38f,42,conformal,cal,DoS,221,0.058823529411764705,0.053061224489795916
38f,42,conformal,cal,Exploits,1141,0.07011393514460999,0.32653061224489793
38f,42,conformal,cal,Fuzzers,860,0.06744186046511629,0.23673469387755103
38f,42,conformal,cal,Generic,28,0.10714285714285714,0.012244897959183673
38f,42,conformal,cal,Normal,1475,0.0488135593220339,0.2938775510204082
38f,42,conformal,cal,Reconnaissance,463,0.03023758099352052,0.05714285714285714
38f,42,conformal,test,Analysis,438,0.0867579908675799,0.010922678930727221
38f,42,conformal,test,Backdoor,345,0.017391304347826087,0.0017246335153779822
38f,42,conformal,test,DoS,1694,0.089728453364817,0.043690715722908884
38f,42,conformal,test,Exploits,7590,0.08735177865612648,0.19057200344926703
38f,42,conformal,test,Fuzzers,4810,0.07027027027027027,0.09715435469962633
38f,42,conformal,test,Generic,3418,0.004095962551199532,0.004024144869215292
38f,42,conformal,test,Normal,33832,0.0633423977299598,0.6159816039091693
38f,42,conformal,test,Reconnaissance,2469,0.05062778452814905,0.03592986490370796
38f,42,iforest,thr,Analysis,120,0.025,0.01
38f,42,iforest,thr,Backdoor,94,0.02127659574468085,0.006666666666666667
38f,42,iforest,thr,DoS,259,0.11969111969111969,0.10333333333333333
38f,42,iforest,thr,Exploits,1310,0.09694656488549619,0.42333333333333334
38f,42,iforest,thr,Fuzzers,990,0.06060606060606061,0.2
38f,42,iforest,thr,Generic,572,0.015734265734265736,0.03
38f,42,iforest,thr,Normal,2140,0.0308411214953271,0.22
38f,42,iforest,thr,Reconnaissance,515,0.003883495145631068,0.006666666666666667
38f,42,iforest,cal,Analysis,102,0.0392156862745098,0.015873015873015872
38f,42,iforest,cal,Backdoor,110,0.045454545454545456,0.01984126984126984
38f,42,iforest,cal,DoS,221,0.06787330316742081,0.05952380952380952
38f,42,iforest,cal,Exploits,1141,0.11305872042068361,0.5119047619047619
38f,42,iforest,cal,Fuzzers,860,0.07325581395348837,0.25
38f,42,iforest,cal,Generic,28,0.0,0.0
38f,42,iforest,cal,Normal,1475,0.021016949152542375,0.12301587301587301
38f,42,iforest,cal,Reconnaissance,463,0.01079913606911447,0.01984126984126984
38f,42,iforest,test,Analysis,438,0.00228310502283105,0.00046598322460391424
38f,42,iforest,test,Backdoor,345,0.011594202898550725,0.001863932898415657
38f,42,iforest,test,DoS,1694,0.07615112160566706,0.06011183597390494
38f,42,iforest,test,Exploits,7590,0.08959156785243742,0.3168685927306617
38f,42,iforest,test,Fuzzers,4810,0.05488565488565489,0.12301957129543337
38f,42,iforest,test,Generic,3418,0.014043300175541252,0.022367194780987885
38f,42,iforest,test,Normal,33832,0.0298238354220856,0.4701770736253495
38f,42,iforest,test,Reconnaissance,2469,0.0044552450384771165,0.005125815470643057
38f,42,iforest+msp:mean,thr,Analysis,120,0.19166666666666668,0.07692307692307693
38f,42,iforest+msp:mean,thr,Backdoor,94,0.19148936170212766,0.06020066889632107
38f,42,iforest+msp:mean,thr,DoS,259,0.14671814671814673,0.12709030100334448
38f,42,iforest+msp:mean,thr,Exploits,1310,0.03435114503816794,0.1505016722408027
38f,42,iforest+msp:mean,thr,Fuzzers,990,0.052525252525252523,0.17391304347826086
38f,42,iforest+msp:mean,thr,Generic,572,0.033216783216783216,0.06354515050167224
38f,42,iforest+msp:mean,thr,Normal,2140,0.04205607476635514,0.3010033444816054
38f,42,iforest+msp:mean,thr,Reconnaissance,515,0.027184466019417475,0.046822742474916385
38f,42,iforest+msp:mean,cal,Analysis,102,0.24509803921568626,0.09615384615384616
38f,42,iforest+msp:mean,cal,Backdoor,110,0.23636363636363636,0.1
38f,42,iforest+msp:mean,cal,DoS,221,0.15384615384615385,0.13076923076923078
38f,42,iforest+msp:mean,cal,Exploits,1141,0.03680981595092025,0.16153846153846155
38f,42,iforest+msp:mean,cal,Fuzzers,860,0.07790697674418605,0.25769230769230766
38f,42,iforest+msp:mean,cal,Generic,28,0.14285714285714285,0.015384615384615385
38f,42,iforest+msp:mean,cal,Normal,1475,0.029830508474576273,0.16923076923076924
38f,42,iforest+msp:mean,cal,Reconnaissance,463,0.038876889848812095,0.06923076923076923
38f,42,iforest+msp:mean,test,Analysis,438,0.07990867579908675,0.013222516055912353
38f,42,iforest+msp:mean,test,Backdoor,345,0.1072463768115942,0.013978088401964487
38f,42,iforest+msp:mean,test,DoS,1694,0.09740259740259741,0.062334718549301095
38f,42,iforest+msp:mean,test,Exploits,7590,0.0383399209486166,0.10993577635058557
38f,42,iforest+msp:mean,test,Fuzzers,4810,0.06943866943866944,0.12618058179070646
38f,42,iforest+msp:mean,test,Generic,3418,0.03657109420713868,0.04722327162825841
38f,42,iforest+msp:mean,test,Normal,33832,0.047410735398439346,0.6059690215338118
38f,42,iforest+msp:mean,test,Reconnaissance,2469,0.022681247468610773,0.021156025689459765
38f,42,iforest+msp:max,thr,Analysis,120,0.10833333333333334,0.043478260869565216
38f,42,iforest+msp:max,thr,Backdoor,94,0.09574468085106383,0.030100334448160536
38f,42,iforest+msp:max,thr,DoS,259,0.18532818532818532,0.1605351170568562
38f,42,iforest+msp:max,thr,Exploits,1310,0.07786259541984733,0.3411371237458194
38f,42,iforest+msp:max,thr,Fuzzers,990,0.048484848484848485,0.1605351170568562
38f,42,iforest+msp:max,thr,Generic,572,0.026223776223776224,0.05016722408026756
38f,42,iforest+msp:max,thr,Normal,2140,0.02663551401869159,0.19063545150501673
38f,42,iforest+msp:max,thr,Reconnaissance,515,0.013592233009708738,0.023411371237458192
38f,42,iforest+msp:max,cal,Analysis,102,0.06862745098039216,0.028925619834710745
38f,42,iforest+msp:max,cal,Backdoor,110,0.10909090909090909,0.049586776859504134
38f,42,iforest+msp:max,cal,DoS,221,0.08597285067873303,0.07851239669421488
38f,42,iforest+msp:max,cal,Exploits,1141,0.08939526730937773,0.4214876033057851
38f,42,iforest+msp:max,cal,Fuzzers,860,0.06395348837209303,0.22727272727272727
38f,42,iforest+msp:max,cal,Generic,28,0.03571428571428571,0.004132231404958678
38f,42,iforest+msp:max,cal,Normal,1475,0.029152542372881354,0.17768595041322313
38f,42,iforest+msp:max,cal,Reconnaissance,463,0.0064794816414686825,0.012396694214876033
38f,42,iforest+msp:max,test,Analysis,438,0.0410958904109589,0.006196213425129088
38f,42,iforest+msp:max,test,Backdoor,345,0.034782608695652174,0.004130808950086058
38f,42,iforest+msp:max,test,DoS,1694,0.11038961038961038,0.06437177280550775
38f,42,iforest+msp:max,test,Exploits,7590,0.07549407114624505,0.1972461273666093
38f,42,iforest+msp:max,test,Fuzzers,4810,0.05197505197505198,0.08605851979345955
38f,42,iforest+msp:max,test,Generic,3418,0.028379169104739616,0.033390705679862305
38f,42,iforest+msp:max,test,Normal,33832,0.05078032631827855,0.591394148020654
38f,42,iforest+msp:max,test,Reconnaissance,2469,0.02025111381125962,0.01721170395869191
38f,42,iforest+entropy:mean,thr,Analysis,120,0.23333333333333334,0.09333333333333334
38f,42,iforest+entropy:mean,thr,Backdoor,94,0.26595744680851063,0.08333333333333333
38f,42,iforest+entropy:mean,thr,DoS,259,0.138996138996139,0.12
38f,42,iforest+entropy:mean,thr,Exploits,1310,0.031297709923664124,0.13666666666666666
38f,42,iforest+entropy:mean,thr,Fuzzers,990,0.06767676767676768,0.22333333333333333
38f,42,iforest+entropy:mean,thr,Generic,572,0.038461538461538464,0.07333333333333333
38f,42,iforest+entropy:mean,thr,Normal,2140,0.025233644859813085,0.18
38f,42,iforest+entropy:mean,thr,Reconnaissance,515,0.05242718446601942,0.09
38f,42,iforest+entropy:mean,cal,Analysis,102,0.27450980392156865,0.09824561403508772
38f,42,iforest+entropy:mean,cal,Backdoor,110,0.32727272727272727,0.12631578947368421
38f,42,iforest+entropy:mean,cal,DoS,221,0.1583710407239819,0.12280701754385964
38f,42,iforest+entropy:mean,cal,Exploits,1141,0.04294478527607362,0.17192982456140352
38f,42,iforest+entropy:mean,cal,Fuzzers,860,0.09302325581395349,0.2807017543859649
38f,42,iforest+entropy:mean,cal,Generic,28,0.10714285714285714,0.010526315789473684
38f,42,iforest+entropy:mean,cal,Normal,1475,0.016271186440677966,0.08421052631578947
38f,42,iforest+entropy:mean,cal,Reconnaissance,463,0.06479481641468683,0.10526315789473684
38f,42,iforest+entropy:mean,test,Analysis,438,0.21232876712328766,0.04428571428571428
38f,42,iforest+entropy:mean,test,Backdoor,345,0.2,0.032857142857142856
38f,42,iforest+entropy:mean,test,DoS,1694,0.1180637544273908,0.09523809523809523
38f,42,iforest+entropy:mean,test,Exploits,7590,0.03847167325428195,0.13904761904761906
38f,42,iforest+entropy:mean,test,Fuzzers,4810,0.07442827442827443,0.17047619047619048
38f,42,iforest+entropy:mean,test,Generic,3418,0.040081919251023994,0.06523809523809523
38f,42,iforest+entropy:mean,test,Normal,33832,0.025449278789311892,0.41
38f,42,iforest+entropy:mean,test,Reconnaissance,2469,0.03645200486026731,0.04285714285714286
38f,42,iforest+entropy:max,thr,Analysis,120,0.16666666666666666,0.06734006734006734
38f,42,iforest+entropy:max,thr,Backdoor,94,0.20212765957446807,0.06397306397306397
38f,42,iforest+entropy:max,thr,DoS,259,0.1776061776061776,0.15488215488215487
38f,42,iforest+entropy:max,thr,Exploits,1310,0.06717557251908397,0.2962962962962963
38f,42,iforest+entropy:max,thr,Fuzzers,990,0.047474747474747475,0.15824915824915825
38f,42,iforest+entropy:max,thr,Generic,572,0.026223776223776224,0.050505050505050504
38f,42,iforest+entropy:max,thr,Normal,2140,0.019626168224299065,0.1414141414141414
38f,42,iforest+entropy:max,thr,Reconnaissance,515,0.038834951456310676,0.06734006734006734
38f,42,iforest+entropy:max,cal,Analysis,102,0.12745098039215685,0.05371900826446281
38f,42,iforest+entropy:max,cal,Backdoor,110,0.23636363636363636,0.10743801652892562
38f,42,iforest+entropy:max,cal,DoS,221,0.14027149321266968,0.128099173553719
38f,42,iforest+entropy:max,cal,Exploits,1141,0.07449605609114812,0.3512396694214876
38f,42,iforest+entropy:max,cal,Fuzzers,860,0.05813953488372093,0.2066115702479339
38f,42,iforest+entropy:max,cal,Generic,28,0.07142857142857142,0.008264462809917356
38f,42,iforest+entropy:max,cal,Normal,1475,0.013559322033898305,0.08264462809917356
38f,42,iforest+entropy:max,cal,Reconnaissance,463,0.032397408207343416,0.06198347107438017
38f,42,iforest+entropy:max,test,Analysis,438,0.1004566210045662,0.023617820719269995
38f,42,iforest+entropy:max,test,Backdoor,345,0.11014492753623188,0.020397208803005905
38f,42,iforest+entropy:max,test,DoS,1694,0.11688311688311688,0.10628019323671498
38f,42,iforest+entropy:max,test,Exploits,7590,0.06297760210803689,0.2565754159957058
38f,42,iforest+entropy:max,test,Fuzzers,4810,0.043451143451143454,0.11218464841653247
38f,42,iforest+entropy:max,test,Generic,3418,0.02954944411936805,0.05421363392377885
38f,42,iforest+entropy:max,test,Normal,33832,0.021931898794041144,0.3982823403113258
38f,42,iforest+entropy:max,test,Reconnaissance,2469,0.021466180639935196,0.02844873859366613
38f,42,iforest+margin:mean,thr,Analysis,120,0.11666666666666667,0.04666666666666667
38f,42,iforest+margin:mean,thr,Backdoor,94,0.09574468085106383,0.03
38f,42,iforest+margin:mean,thr,DoS,259,0.11969111969111969,0.10333333333333333
38f,42,iforest+margin:mean,thr,Exploits,1310,0.03587786259541985,0.15666666666666668
38f,42,iforest+margin:mean,thr,Fuzzers,990,0.05656565656565657,0.18666666666666668
38f,42,iforest+margin:mean,thr,Generic,572,0.026223776223776224,0.05
38f,42,iforest+margin:mean,thr,Normal,2140,0.05514018691588785,0.3933333333333333
38f,42,iforest+margin:mean,thr,Reconnaissance,515,0.019417475728155338,0.03333333333333333
38f,42,iforest+margin:mean,cal,Analysis,102,0.10784313725490197,0.049773755656108594
38f,42,iforest+margin:mean,cal,Backdoor,110,0.13636363636363635,0.06787330316742081
38f,42,iforest+margin:mean,cal,DoS,221,0.11312217194570136,0.11312217194570136
38f,42,iforest+margin:mean,cal,Exploits,1141,0.04557405784399649,0.23529411764705882
38f,42,iforest+margin:mean,cal,Fuzzers,860,0.0686046511627907,0.2669683257918552
38f,42,iforest+margin:mean,cal,Generic,28,0.14285714285714285,0.01809954751131222
38f,42,iforest+margin:mean,cal,Normal,1475,0.027796610169491524,0.18552036199095023
38f,42,iforest+margin:mean,cal,Reconnaissance,463,0.03023758099352052,0.06334841628959276
38f,42,iforest+margin:mean,test,Analysis,438,0.02054794520547945,0.003799071338117349
38f,42,iforest+margin:mean,test,Backdoor,345,0.04057971014492753,0.0059096665259603205
38f,42,iforest+margin:mean,test,DoS,1694,0.07733175914994096,0.05529759392148586
38f,42,iforest+margin:mean,test,Exploits,7590,0.03333333333333333,0.10679611650485436
38f,42,iforest+margin:mean,test,Fuzzers,4810,0.0708939708939709,0.14394259181089067
38f,42,iforest+margin:mean,test,Generic,3418,0.033060269163253365,0.047699451245251163
38f,42,iforest+margin:mean,test,Normal,33832,0.04330219910144242,0.6184043900379907
38f,42,iforest+margin:mean,test,Reconnaissance,2469,0.017415957877683273,0.018151118615449557
38f,42,iforest+margin:max,thr,Analysis,120,0.058333333333333334,0.023809523809523808
38f,42,iforest+margin:max,thr,Backdoor,94,0.02127659574468085,0.006802721088435374
38f,42,iforest+margin:max,thr,DoS,259,0.11583011583011583,0.10204081632653061
38f,42,iforest+margin:max,thr,Exploits,1310,0.06793893129770992,0.30272108843537415
38f,42,iforest+margin:max,thr,Fuzzers,990,0.05353535353535353,0.18027210884353742
38f,42,iforest+margin:max,thr,Generic,572,0.015734265734265736,0.030612244897959183
38f,42,iforest+margin:max,thr,Normal,2140,0.044859813084112146,0.32653061224489793
38f,42,iforest+margin:max,thr,Reconnaissance,515,0.015533980582524271,0.027210884353741496
38f,42,iforest+margin:max,cal,Analysis,102,0.029411764705882353,0.011583011583011582
38f,42,iforest+margin:max,cal,Backdoor,110,0.02727272727272727,0.011583011583011582
38f,42,iforest+margin:max,cal,DoS,221,0.09049773755656108,0.07722007722007722
38f,42,iforest+margin:max,cal,Exploits,1141,0.08676599474145487,0.38223938223938225
38f,42,iforest+margin:max,cal,Fuzzers,860,0.08139534883720931,0.2702702702702703
38f,42,iforest+margin:max,cal,Generic,28,0.0,0.0
38f,42,iforest+margin:max,cal,Normal,1475,0.03864406779661017,0.22007722007722008
38f,42,iforest+margin:max,cal,Reconnaissance,463,0.01511879049676026,0.02702702702702703
38f,42,iforest+margin:max,test,Analysis,438,0.02511415525114155,0.003995641118779513
38f,42,iforest+margin:max,test,Backdoor,345,0.011594202898550725,0.001452960406828914
38f,42,iforest+margin:max,test,DoS,1694,0.08736717827626919,0.05375953505266982
38f,42,iforest+margin:max,test,Exploits,7590,0.06693017127799737,0.18452597166727205
38f,42,iforest+margin:max,test,Fuzzers,4810,0.04885654885654886,0.08536142390119869
38f,42,iforest+margin:max,test,Generic,3418,0.016676418958455237,0.020704685797312022
38f,42,iforest+margin:max,test,Normal,33832,0.051962638921730905,0.6385760988013076
38f,42,iforest+margin:max,test,Reconnaissance,2469,0.012960712839206157,0.011623683254631312
38f,42,iforest+conformal:mean,thr,Analysis,120,0.06666666666666667,0.02666666666666667
38f,42,iforest+conformal:mean,thr,Backdoor,94,0.02127659574468085,0.006666666666666667
38f,42,iforest+conformal:mean,thr,DoS,259,0.08494208494208494,0.07333333333333333
38f,42,iforest+conformal:mean,thr,Exploits,1310,0.0549618320610687,0.24
38f,42,iforest+conformal:mean,thr,Fuzzers,990,0.03838383838383838,0.12666666666666668
38f,42,iforest+conformal:mean,thr,Generic,572,0.005244755244755245,0.01
38f,42,iforest+conformal:mean,thr,Normal,2140,0.06775700934579439,0.48333333333333334
38f,42,iforest+conformal:mean,thr,Reconnaissance,515,0.019417475728155338,0.03333333333333333
38f,42,iforest+conformal:mean,cal,Analysis,102,0.0392156862745098,0.01904761904761905
38f,42,iforest+conformal:mean,cal,Backdoor,110,0.01818181818181818,0.009523809523809525
38f,42,iforest+conformal:mean,cal,DoS,221,0.05429864253393665,0.05714285714285714
38f,42,iforest+conformal:mean,cal,Exploits,1141,0.06748466257668712,0.36666666666666664
38f,42,iforest+conformal:mean,cal,Fuzzers,860,0.05465116279069768,0.22380952380952382
38f,42,iforest+conformal:mean,cal,Generic,28,0.03571428571428571,0.004761904761904762
38f,42,iforest+conformal:mean,cal,Normal,1475,0.03932203389830508,0.2761904761904762
38f,42,iforest+conformal:mean,cal,Reconnaissance,463,0.019438444924406047,0.04285714285714286
38f,42,iforest+conformal:mean,test,Analysis,438,0.00684931506849315,0.0007871949619522435
38f,42,iforest+conformal:mean,test,Backdoor,345,0.008695652173913044,0.0007871949619522435
38f,42,iforest+conformal:mean,test,DoS,1694,0.047225501770956316,0.020991865652059828
38f,42,iforest+conformal:mean,test,Exploits,7590,0.04756258234519104,0.09472579375491996
38f,42,iforest+conformal:mean,test,Fuzzers,4810,0.05343035343035343,0.0674363684072422
38f,42,iforest+conformal:mean,test,Generic,3418,0.0026331187829139848,0.0023615848858567303
38f,42,iforest+conformal:mean,test,Normal,33832,0.09068337668479547,0.8050380477564943
38f,42,iforest+conformal:mean,test,Reconnaissance,2469,0.012150668286755772,0.007871949619522435
38f,42,iforest+conformal:max,thr,Analysis,120,0.03333333333333333,0.013333333333333334
38f,42,iforest+conformal:max,thr,Backdoor,94,0.0,0.0
38f,42,iforest+conformal:max,thr,DoS,259,0.1274131274131274,0.11
38f,42,iforest+conformal:max,thr,Exploits,1310,0.09694656488549619,0.42333333333333334
38f,42,iforest+conformal:max,thr,Fuzzers,990,0.05858585858585859,0.19333333333333333
38f,42,iforest+conformal:max,thr,Generic,572,0.006993006993006993,0.013333333333333334
38f,42,iforest+conformal:max,thr,Normal,2140,0.03364485981308411,0.24
38f,42,iforest+conformal:max,thr,Reconnaissance,515,0.003883495145631068,0.006666666666666667
38f,42,iforest+conformal:max,cal,Analysis,102,0.029411764705882353,0.012396694214876033
38f,42,iforest+conformal:max,cal,Backdoor,110,0.0,0.0
38f,42,iforest+conformal:max,cal,DoS,221,0.07239819004524888,0.06611570247933884
38f,42,iforest+conformal:max,cal,Exploits,1141,0.09903593339176162,0.4669421487603306
38f,42,iforest+conformal:max,cal,Fuzzers,860,0.07906976744186046,0.2809917355371901
38f,42,iforest+conformal:max,cal,Generic,28,0.10714285714285714,0.012396694214876033
38f,42,iforest+conformal:max,cal,Normal,1475,0.026440677966101694,0.16115702479338842
38f,42,iforest+conformal:max,cal,Reconnaissance,463,0.0,0.0
38f,42,iforest+conformal:max,test,Analysis,438,0.06164383561643835,0.00850125944584383
38f,42,iforest+conformal:max,test,Backdoor,345,0.008695652173913044,0.0009445843828715365
38f,42,iforest+conformal:max,test,DoS,1694,0.09268004722550177,0.04943324937027708
38f,42,iforest+conformal:max,test,Exploits,7590,0.09407114624505929,0.22481108312342568
38f,42,iforest+conformal:max,test,Fuzzers,4810,0.06424116424116424,0.09729219143576827
38f,42,iforest+conformal:max,test,Generic,3418,0.011117612638970159,0.011964735516372796
38f,42,iforest+conformal:max,test,Normal,33832,0.055184440766138564,0.5878463476070529
38f,42,iforest+conformal:max,test,Reconnaissance,2469,0.024706358849736737,0.01920654911838791
38f,43,msp,thr,Analysis,66,0.3939393939393939,0.08666666666666667
38f,43,msp,thr,Backdoor,145,0.3103448275862069,0.15
38f,43,msp,thr,DoS,163,0.1656441717791411,0.09
38f,43,msp,thr,Exploits,776,0.06701030927835051,0.17333333333333334
38f,43,msp,thr,Fuzzers,581,0.0757314974182444,0.14666666666666667
38f,43,msp,thr,Normal,3962,0.023472993437657748,0.31
38f,43,msp,thr,Reconnaissance,307,0.04234527687296417,0.043333333333333335
38f,43,msp,cal,Analysis,89,0.449438202247191,0.11940298507462686
38f,43,msp,cal,Backdoor,174,0.29310344827586204,0.15223880597014924
38f,43,msp,cal,DoS,224,0.13839285714285715,0.09253731343283582
38f,43,msp,cal,Exploits,1274,0.059654631083202514,0.22686567164179106
38f,43,msp,cal,Fuzzers,1020,0.09117647058823529,0.27761194029850744
38f,43,msp,cal,Generic,377,0.03713527851458886,0.041791044776119404
38f,43,msp,cal,Normal,1165,0.010300429184549357,0.03582089552238806
38f,43,msp,cal,Reconnaissance,477,0.03773584905660377,0.05373134328358209
38f,43,msp,test,Analysis,438,0.1324200913242009,0.013541909876254962
38f,43,msp,test,Backdoor,345,0.14782608695652175,0.011907541442913845
38f,43,msp,test,DoS,1694,0.15820543093270367,0.06257296287648845
38f,43,msp,test,Exploits,7590,0.07391304347826087,0.1309829558720523
38f,43,msp,test,Fuzzers,4810,0.09584199584199585,0.10763483539575064
38f,43,msp,test,Generic,3418,0.04505558806319485,0.035956105533504555
38f,43,msp,test,Normal,33832,0.07584535351146843,0.5991127714219006
38f,43,msp,test,Reconnaissance,2469,0.06642365330093156,0.03829091758113472
38f,43,entropy,thr,Analysis,66,0.7272727272727273,0.1610738255033557
38f,43,entropy,thr,Backdoor,145,0.6896551724137931,0.33557046979865773
38f,43,entropy,thr,DoS,163,0.2085889570552147,0.11409395973154363
38f,43,entropy,thr,Exploits,776,0.05283505154639175,0.13758389261744966
38f,43,entropy,thr,Fuzzers,581,0.04130808950086059,0.08053691275167785
38f,43,entropy,thr,Normal,3962,0.00757193336698637,0.10067114093959731
38f,43,entropy,thr,Reconnaissance,307,0.06840390879478828,0.07046979865771812
38f,43,entropy,cal,Analysis,89,0.7078651685393258,0.1693548387096774
38f,43,entropy,cal,Backdoor,174,0.6724137931034483,0.31451612903225806
38f,43,entropy,cal,DoS,224,0.13839285714285715,0.08333333333333333
38f,43,entropy,cal,Exploits,1274,0.029827315541601257,0.10215053763440861
38f,43,entropy,cal,Fuzzers,1020,0.047058823529411764,0.12903225806451613
38f,43,entropy,cal,Generic,377,0.0610079575596817,0.06182795698924731
38f,43,entropy,cal,Normal,1165,0.002575107296137339,0.008064516129032258
38f,43,entropy,cal,Reconnaissance,477,0.10272536687631027,0.13172043010752688
38f,43,entropy,test,Analysis,438,0.4452054794520548,0.09620128268376912
38f,43,entropy,test,Backdoor,345,0.4,0.06808090774543661
38f,43,entropy,test,DoS,1694,0.19952774498229045,0.1667488899851998
38f,43,entropy,test,Exploits,7590,0.05283267457180501,0.1978293043907252
38f,43,entropy,test,Fuzzers,4810,0.07671517671517672,0.1820424272323631
38f,43,entropy,test,Generic,3418,0.032767700409596257,0.05525407005426739
38f,43,entropy,test,Normal,33832,0.008483092929770631,0.1415885545140602
38f,43,entropy,test,Reconnaissance,2469,0.07573916565411097,0.09225456339417859
38f,43,margin,thr,Analysis,66,0.030303030303030304,0.006666666666666667
38f,43,margin,thr,Backdoor,145,0.041379310344827586,0.02
38f,43,margin,thr,DoS,163,0.15950920245398773,0.08666666666666667
38f,43,margin,thr,Exploits,776,0.05154639175257732,0.13333333333333333
38f,43,margin,thr,Fuzzers,581,0.0981067125645439,0.19
38f,43,margin,thr,Normal,3962,0.039121655729429584,0.5166666666666667
38f,43,margin,thr,Reconnaissance,307,0.04560260586319218,0.04666666666666667
38f,43,margin,cal,Analysis,89,0.06741573033707865,0.02040816326530612
38f,43,margin,cal,Backdoor,174,0.06321839080459771,0.03741496598639456
38f,43,margin,cal,DoS,224,0.125,0.09523809523809523
38f,43,margin,cal,Exploits,1274,0.06357927786499215,0.2755102040816326
38f,43,margin,cal,Fuzzers,1020,0.10490196078431373,0.36394557823129253
38f,43,margin,cal,Generic,377,0.03183023872679045,0.04081632653061224
38f,43,margin,cal,Normal,1165,0.02832618025751073,0.11224489795918367
38f,43,margin,cal,Reconnaissance,477,0.033542976939203356,0.05442176870748299
38f,43,margin,test,Analysis,438,0.02511415525114155,0.0022159548751007254
38f,43,margin,test,Backdoor,345,0.04057971014492753,0.0028203062046736503
38f,43,margin,test,DoS,1694,0.11511216056670602,0.039282836422240126
38f,43,margin,test,Exploits,7590,0.05955204216073781,0.09105560032232071
38f,43,margin,test,Fuzzers,4810,0.1079002079002079,0.10455278001611604
38f,43,margin,test,Generic,3418,0.029256875365710942,0.020145044319097503
38f,43,margin,test,Normal,33832,0.10487112792622369,0.7147461724415793
38f,43,margin,test,Reconnaissance,2469,0.05062778452814905,0.025181305398871878
38f,43,conformal,thr,Analysis,66,0.0,0.0
38f,43,conformal,thr,Backdoor,145,0.0,0.0
38f,43,conformal,thr,DoS,163,0.024539877300613498,0.013422818791946308
38f,43,conformal,thr,Exploits,776,0.015463917525773196,0.040268456375838924
38f,43,conformal,thr,Fuzzers,581,0.08089500860585198,0.15771812080536912
38f,43,conformal,thr,Normal,3962,0.05931347804139324,0.7885906040268457
38f,43,conformal,thr,Reconnaissance,307,0.0,0.0
38f,43,conformal,cal,Analysis,89,0.0,0.0
38f,43,conformal,cal,Backdoor,174,0.011494252873563218,0.014492753623188406
38f,43,conformal,cal,DoS,224,0.022321428571428572,0.036231884057971016
38f,43,conformal,cal,Exploits,1274,0.013343799058084773,0.12318840579710146
38f,43,conformal,cal,Fuzzers,1020,0.07156862745098039,0.5289855072463768
38f,43,conformal,cal,Generic,377,0.002652519893899204,0.007246376811594203
38f,43,conformal,cal,Normal,1165,0.03347639484978541,0.2826086956521739
38f,43,conformal,cal,Reconnaissance,477,0.0020964360587002098,0.007246376811594203
38f,43,conformal,test,Analysis,438,0.00684931506849315,0.0004580152671755725
38f,43,conformal,test,Backdoor,345,0.011594202898550725,0.0006106870229007634
38f,43,conformal,test,DoS,1694,0.018890200708382526,0.004885496183206107
38f,43,conformal,test,Exploits,7590,0.0227931488801054,0.026412213740458015
38f,43,conformal,test,Fuzzers,4810,0.09085239085239086,0.0667175572519084
38f,43,conformal,test,Generic,3418,0.002925687536571094,0.0015267175572519084
38f,43,conformal,test,Normal,33832,0.1726176401040435,0.8916030534351145
38f,43,conformal,test,Reconnaissance,2469,0.020656136087484813,0.0077862595419847325
38f,43,iforest,thr,Analysis,66,0.015151515151515152,0.0033333333333333335
38f,43,iforest,thr,Backdoor,145,0.006896551724137931,0.0033333333333333335
38f,43,iforest,thr,DoS,163,0.09815950920245399,0.05333333333333334
38f,43,iforest,thr,Exploits,776,0.1172680412371134,0.30333333333333334
38f,43,iforest,thr,Fuzzers,581,0.06540447504302926,0.12666666666666668
38f,43,iforest,thr,Normal,3962,0.03861686017163049,0.51
38f,43,iforest,thr,Reconnaissance,307,0.0,0.0
38f,43,iforest,cal,Analysis,89,0.011235955056179775,0.0029940119760479044
38f,43,iforest,cal,Backdoor,174,0.011494252873563218,0.005988023952095809
38f,43,iforest,cal,DoS,224,0.08035714285714286,0.05389221556886228
38f,43,iforest,cal,Exploits,1274,0.12872841444270017,0.49101796407185627
38f,43,iforest,cal,Fuzzers,1020,0.08235294117647059,0.25149700598802394
38f,43,iforest,cal,Generic,377,0.013262599469496022,0.014970059880239521
38f,43,iforest,cal,Normal,1165,0.04721030042918455,0.16467065868263472
38f,43,iforest,cal,Reconnaissance,477,0.010482180293501049,0.014970059880239521
38f,43,iforest,test,Analysis,438,0.00228310502283105,0.0004106776180698152
38f,43,iforest,test,Backdoor,345,0.011594202898550725,0.0016427104722792608
38f,43,iforest,test,DoS,1694,0.08146399055489964,0.056673511293634495
38f,43,iforest,test,Exploits,7590,0.10816864295125164,0.3371663244353183
38f,43,iforest,test,Fuzzers,4810,0.05592515592515593,0.11047227926078029
38f,43,iforest,test,Generic,3418,0.01609128145114102,0.022587268993839837
38f,43,iforest,test,Normal,33832,0.03357767793804682,0.46652977412731006
38f,43,iforest,test,Reconnaissance,2469,0.0044552450384771165,0.004517453798767967
38f,43,iforest+msp:mean,thr,Analysis,66,0.06060606060606061,0.014035087719298246
38f,43,iforest+msp:mean,thr,Backdoor,145,0.1724137931034483,0.08771929824561403
38f,43,iforest+msp:mean,thr,DoS,163,0.2085889570552147,0.11929824561403508
38f,43,iforest+msp:mean,thr,Exploits,776,0.06443298969072164,0.17543859649122806
38f,43,iforest+msp:mean,thr,Fuzzers,581,0.11703958691910499,0.23859649122807017
38f,43,iforest+msp:mean,thr,Normal,3962,0.023220595658758204,0.32280701754385965
38f,43,iforest+msp:mean,thr,Reconnaissance,307,0.03908794788273615,0.042105263157894736
38f,43,iforest+msp:mean,cal,Analysis,89,0.2696629213483146,0.05755395683453238
38f,43,iforest+msp:mean,cal,Backdoor,174,0.25862068965517243,0.1079136690647482
38f,43,iforest+msp:mean,cal,DoS,224,0.20089285714285715,0.1079136690647482
38f,43,iforest+msp:mean,cal,Exploits,1274,0.08241758241758242,0.2517985611510791
38f,43,iforest+msp:mean,cal,Fuzzers,1020,0.10196078431372549,0.24940047961630696
38f,43,iforest+msp:mean,cal,Generic,377,0.0636604774535809,0.05755395683453238
38f,43,iforest+msp:mean,cal,Normal,1165,0.03175965665236052,0.08872901678657075
38f,43,iforest+msp:mean,cal,Reconnaissance,477,0.06918238993710692,0.07913669064748201
38f,43,iforest+msp:mean,test,Analysis,438,0.2100456621004566,0.02118351370020723
38f,43,iforest+msp:mean,test,Backdoor,345,0.2,0.015887635275155423
38f,43,iforest+msp:mean,test,DoS,1694,0.18240850059031877,0.07114897536265255
38f,43,iforest+msp:mean,test,Exploits,7590,0.0686429512516469,0.11996315910660833
38f,43,iforest+msp:mean,test,Fuzzers,4810,0.12536382536382537,0.1388441169698365
38f,43,iforest+msp:mean,test,Generic,3418,0.053832650672908135,0.04236702740041446
38f,43,iforest+msp:mean,test,Normal,33832,0.07212106881059352,0.5618236242228875
38f,43,iforest+msp:mean,test,Reconnaissance,2469,0.05062778452814905,0.028781947962238083
38f,43,iforest+msp:max,thr,Analysis,66,0.045454545454545456,0.01
38f,43,iforest+msp:max,thr,Backdoor,145,0.06206896551724138,0.03
38f,43,iforest+msp:max,thr,DoS,163,0.17177914110429449,0.09333333333333334
38f,43,iforest+msp:max,thr,Exploits,776,0.09407216494845361,0.24333333333333335
38f,43,iforest+msp:max,thr,Fuzzers,581,0.07056798623063683,0.13666666666666666
38f,43,iforest+msp:max,thr,Normal,3962,0.03558808682483594,0.47
38f,43,iforest+msp:max,thr,Reconnaissance,307,0.016286644951140065,0.016666666666666666
38f,43,iforest+msp:max,cal,Analysis,89,0.15730337078651685,0.04242424242424243
38f,43,iforest+msp:max,cal,Backdoor,174,0.10344827586206896,0.05454545454545454
38f,43,iforest+msp:max,cal,DoS,224,0.14285714285714285,0.09696969696969697
38f,43,iforest+msp:max,cal,Exploits,1274,0.09497645211930926,0.36666666666666664
38f,43,iforest+msp:max,cal,Fuzzers,1020,0.09313725490196079,0.2878787878787879
38f,43,iforest+msp:max,cal,Generic,377,0.023872679045092837,0.02727272727272727
38f,43,iforest+msp:max,cal,Normal,1165,0.030042918454935622,0.10606060606060606
38f,43,iforest+msp:max,cal,Reconnaissance,477,0.012578616352201259,0.01818181818181818
38f,43,iforest+msp:max,test,Analysis,438,0.04337899543378995,0.005068018138170179
38f,43,iforest+msp:max,test,Backdoor,345,0.06956521739130435,0.0064017071218991735
38f,43,iforest+msp:max,test,DoS,1694,0.1381345926800472,0.06241664443851694
38f,43,iforest+msp:max,test,Exploits,7590,0.09143610013175231,0.18511603094158444
38f,43,iforest+msp:max,test,Fuzzers,4810,0.07588357588357589,0.0973592958122166
38f,43,iforest+msp:max,test,Generic,3418,0.03978935049736688,0.036276340357428646
38f,43,iforest+msp:max,test,Normal,33832,0.06493851974462048,0.5860229394505201
38f,43,iforest+msp:max,test,Reconnaissance,2469,0.03240178209801539,0.021339023739663912
38f,43,iforest+entropy:mean,thr,Analysis,66,0.22727272727272727,0.05
38f,43,iforest+entropy:mean,thr,Backdoor,145,0.2827586206896552,0.13666666666666666
38f,43,iforest+entropy:mean,thr,DoS,163,0.20245398773006135,0.11
38f,43,iforest+entropy:mean,thr,Exploits,776,0.05412371134020619,0.14
38f,43,iforest+entropy:mean,thr,Fuzzers,581,0.1153184165232358,0.22333333333333333
38f,43,iforest+entropy:mean,thr,Normal,3962,0.022463402322059567,0.2966666666666667
38f,43,iforest+entropy:mean,thr,Reconnaissance,307,0.04234527687296417,0.043333333333333335
38f,43,iforest+entropy:mean,cal,Analysis,89,0.3595505617977528,0.07600950118764846
38f,43,iforest+entropy:mean,cal,Backdoor,174,0.3735632183908046,0.1543942992874109
38f,43,iforest+entropy:mean,cal,DoS,224,0.20089285714285715,0.10688836104513064
38f,43,iforest+entropy:mean,cal,Exploits,1274,0.0706436420722135,0.21377672209026127
38f,43,iforest+entropy:mean,cal,Fuzzers,1020,0.10196078431372549,0.24703087885985747
38f,43,iforest+entropy:mean,cal,Generic,377,0.07427055702917772,0.0665083135391924
38f,43,iforest+entropy:mean,cal,Normal,1165,0.02145922746781116,0.05938242280285035
38f,43,iforest+entropy:mean,cal,Reconnaissance,477,0.06708595387840671,0.07600950118764846
38f,43,iforest+entropy:mean,test,Analysis,438,0.2625570776255708,0.02987012987012987
38f,43,iforest+entropy:mean,test,Backdoor,345,0.2318840579710145,0.02077922077922078
38f,43,iforest+entropy:mean,test,DoS,1694,0.18122786304604485,0.07974025974025974
38f,43,iforest+entropy:mean,test,Exploits,7590,0.06337285902503294,0.12493506493506494
38f,43,iforest+entropy:mean,test,Fuzzers,4810,0.13575883575883577,0.1696103896103896
38f,43,iforest+entropy:mean,test,Generic,3418,0.053832650672908135,0.047792207792207796
38f,43,iforest+entropy:mean,test,Normal,33832,0.056278079924331995,0.49454545454545457
38f,43,iforest+entropy:mean,test,Reconnaissance,2469,0.05103280680437424,0.03272727272727273
38f,43,iforest+entropy:max,thr,Analysis,66,0.3939393939393939,0.08666666666666667
38f,43,iforest+entropy:max,thr,Backdoor,145,0.36551724137931035,0.17666666666666667
38f,43,iforest+entropy:max,thr,DoS,163,0.13496932515337423,0.07333333333333333
38f,43,iforest+entropy:max,thr,Exploits,776,0.07860824742268041,0.20333333333333334
38f,43,iforest+entropy:max,thr,Fuzzers,581,0.060240963855421686,0.11666666666666667
38f,43,iforest+entropy:max,thr,Normal,3962,0.02397778899545684,0.31666666666666665
38f,43,iforest+entropy:max,thr,Reconnaissance,307,0.026058631921824105,0.02666666666666667
38f,43,iforest+entropy:max,cal,Analysis,89,0.42696629213483145,0.09743589743589744
38f,43,iforest+entropy:max,cal,Backdoor,174,0.3793103448275862,0.16923076923076924
38f,43,iforest+entropy:max,cal,DoS,224,0.125,0.07179487179487179
38f,43,iforest+entropy:max,cal,Exploits,1274,0.07692307692307693,0.2512820512820513
38f,43,iforest+entropy:max,cal,Fuzzers,1020,0.08235294117647059,0.2153846153846154
38f,43,iforest+entropy:max,cal,Generic,377,0.029177718832891247,0.028205128205128206
38f,43,iforest+entropy:max,cal,Normal,1165,0.03690987124463519,0.11025641025641025
38f,43,iforest+entropy:max,cal,Reconnaissance,477,0.04612159329140461,0.05641025641025641
38f,43,iforest+entropy:max,test,Analysis,438,0.1598173515981735,0.02936241610738255
38f,43,iforest+entropy:max,test,Backdoor,345,0.1391304347826087,0.020134228187919462
38f,43,iforest+entropy:max,test,DoS,1694,0.14935064935064934,0.10612416107382551
38f,43,iforest+entropy:max,test,Exploits,7590,0.07852437417654809,0.25
38f,43,iforest+entropy:max,test,Fuzzers,4810,0.06798336798336799,0.13716442953020133
38f,43,iforest+entropy:max,test,Generic,3418,0.028086600351082503,0.040268456375838924
38f,43,iforest+entropy:max,test,Normal,33832,0.02630645542681485,0.3733221476510067
38f,43,iforest+entropy:max,test,Reconnaissance,2469,0.042122316727420006,0.0436241610738255
38f,43,iforest+margin:mean,thr,Analysis,66,0.06060606060606061,0.013333333333333334
38f,43,iforest+margin:mean,thr,Backdoor,145,0.09655172413793103,0.04666666666666667
38f,43,iforest+margin:mean,thr,DoS,163,0.22085889570552147,0.12
38f,43,iforest+margin:mean,thr,Exploits,776,0.06572164948453608,0.17
38f,43,iforest+margin:mean,thr,Fuzzers,581,0.11876075731497418,0.23
38f,43,iforest+margin:mean,thr,Normal,3962,0.028268551236749116,0.37333333333333335
38f,43,iforest+margin:mean,thr,Reconnaissance,307,0.04560260586319218,0.04666666666666667
38f,43,iforest+margin:mean,cal,Analysis,89,0.20224719101123595,0.04285714285714286
38f,43,iforest+margin:mean,cal,Backdoor,174,0.16091954022988506,0.06666666666666667
38f,43,iforest+margin:mean,cal,DoS,224,0.23214285714285715,0.12380952380952381
38f,43,iforest+margin:mean,cal,Exploits,1274,0.09419152276295134,0.2857142857142857
38f,43,iforest+margin:mean,cal,Fuzzers,1020,0.1,0.24285714285714285
38f,43,iforest+margin:mean,cal,Generic,377,0.058355437665782495,0.05238095238095238
38f,43,iforest+margin:mean,cal,Normal,1165,0.036051502145922745,0.1
38f,43,iforest+margin:mean,cal,Reconnaissance,477,0.07547169811320754,0.08571428571428572
38f,43,iforest+margin:mean,test,Analysis,438,0.0958904109589041,0.00974477958236659
38f,43,iforest+margin:mean,test,Backdoor,345,0.11884057971014493,0.009512761020881671
38f,43,iforest+margin:mean,test,DoS,1694,0.16765053128689492,0.06589327146171693
38f,43,iforest+margin:mean,test,Exploits,7590,0.07285902503293808,0.1283062645011601
38f,43,iforest+margin:mean,test,Fuzzers,4810,0.11663201663201664,0.13016241299303943
38f,43,iforest+margin:mean,test,Generic,3418,0.05295494441193681,0.0419953596287703
38f,43,iforest+margin:mean,test,Normal,33832,0.07419011586663514,0.5823665893271461
38f,43,iforest+margin:mean,test,Reconnaissance,2469,0.05589307411907655,0.032018561484918794
38f,43,iforest+margin:max,thr,Analysis,66,0.030303030303030304,0.006666666666666667
38f,43,iforest+margin:max,thr,Backdoor,145,0.020689655172413793,0.01
38f,43,iforest+margin:max,thr,DoS,163,0.15337423312883436,0.08333333333333333
38f,43,iforest+margin:max,thr,Exploits,776,0.07989690721649484,0.20666666666666667
38f,43,iforest+margin:max,thr,Fuzzers,581,0.07917383820998279,0.15333333333333332
38f,43,iforest+margin:max,thr,Normal,3962,0.039878849066128215,0.5266666666666666
38f,43,iforest+margin:max,thr,Reconnaissance,307,0.013029315960912053,0.013333333333333334
38f,43,iforest+margin:max,cal,Analysis,89,0.033707865168539325,0.009230769230769232
38f,43,iforest+margin:max,cal,Backdoor,174,0.04597701149425287,0.024615384615384615
38f,43,iforest+margin:max,cal,DoS,224,0.12053571428571429,0.08307692307692308
38f,43,iforest+margin:max,cal,Exploits,1274,0.08712715855572999,0.3415384615384615
38f,43,iforest+margin:max,cal,Fuzzers,1020,0.10686274509803921,0.3353846153846154
38f,43,iforest+margin:max,cal,Generic,377,0.026525198938992044,0.03076923076923077
38f,43,iforest+margin:max,cal,Normal,1165,0.045493562231759654,0.16307692307692306
38f,43,iforest+margin:max,cal,Reconnaissance,477,0.008385744234800839,0.012307692307692308
38f,43,iforest+margin:max,test,Analysis,438,0.01598173515981735,0.0019057990743261638
38f,43,iforest+margin:max,test,Backdoor,345,0.02608695652173913,0.002450313095562211
38f,43,iforest+margin:max,test,DoS,1694,0.10330578512396695,0.047644976858154095
38f,43,iforest+margin:max,test,Exploits,7590,0.07246376811594203,0.14974135583991288
38f,43,iforest+margin:max,test,Fuzzers,4810,0.07234927234927235,0.09474543969507215
38f,43,iforest+margin:max,test,Generic,3418,0.02077238150965477,0.019330247753879662
38f,43,iforest+margin:max,test,Normal,33832,0.07241664696145661,0.6670296760141574
38f,43,iforest+margin:max,test,Reconnaissance,2469,0.02551640340218712,0.017152191668935474
38f,43,iforest+conformal:mean,thr,Analysis,66,0.015151515151515152,0.0033333333333333335
38f,43,iforest+conformal:mean,thr,Backdoor,145,0.013793103448275862,0.006666666666666667
38f,43,iforest+conformal:mean,thr,DoS,163,0.06748466257668712,0.03666666666666667
38f,43,iforest+conformal:mean,thr,Exploits,776,0.01804123711340206,0.04666666666666667
38f,43,iforest+conformal:mean,thr,Fuzzers,581,0.04647160068846816,0.09
38f,43,iforest+conformal:mean,thr,Normal,3962,0.0613326602725896,0.81
38f,43,iforest+conformal:mean,thr,Reconnaissance,307,0.006514657980456026,0.006666666666666667
38f,43,iforest+conformal:mean,cal,Analysis,89,0.0,0.0
38f,43,iforest+conformal:mean,cal,Backdoor,174,0.017241379310344827,0.014634146341463415
38f,43,iforest+conformal:mean,cal,DoS,224,0.03571428571428571,0.03902439024390244
38f,43,iforest+conformal:mean,cal,Exploits,1274,0.040031397174254316,0.24878048780487805
38f,43,iforest+conformal:mean,cal,Fuzzers,1020,0.04411764705882353,0.21951219512195122
38f,43,iforest+conformal:mean,cal,Generic,377,0.04774535809018567,0.08780487804878048
38f,43,iforest+conformal:mean,cal,Normal,1165,0.06781115879828326,0.3853658536585366
38f,43,iforest+conformal:mean,cal,Reconnaissance,477,0.0020964360587002098,0.004878048780487805
38f,43,iforest+conformal:mean,test,Analysis,438,0.0091324200913242,0.001088139281828074
38f,43,iforest+conformal:mean,test,Backdoor,345,0.002898550724637681,0.0002720348204570185
38f,43,iforest+conformal:mean,test,DoS,1694,0.03659976387249114,0.016866158868335146
38f,43,iforest+conformal:mean,test,Exploits,7590,0.023583662714097498,0.04869423286180631
38f,43,iforest+conformal:mean,test,Fuzzers,4810,0.04698544698544699,0.06147986942328618
38f,43,iforest+conformal:mean,test,Generic,3418,0.04154476301930954,0.03862894450489663
38f,43,iforest+conformal:mean,test,Normal,33832,0.09024000945850083,0.8305223068552775
38f,43,iforest+conformal:mean,test,Reconnaissance,2469,0.0036452004860267314,0.0024483133841131663
38f,43,iforest+conformal:max,thr,Analysis,66,0.015151515151515152,0.0033444816053511705
38f,43,iforest+conformal:max,thr,Backdoor,145,0.0,0.0
38f,43,iforest+conformal:max,thr,DoS,163,0.0736196319018405,0.04013377926421405
38f,43,iforest+conformal:max,thr,Exploits,776,0.04252577319587629,0.11036789297658862
38f,43,iforest+conformal:max,thr,Fuzzers,581,0.08433734939759036,0.16387959866220736
38f,43,iforest+conformal:max,thr,Normal,3962,0.05148914689550732,0.6822742474916388
38f,43,iforest+conformal:max,thr,Reconnaissance,307,0.0,0.0
38f,43,iforest+conformal:max,cal,Analysis,89,0.011235955056179775,0.0045662100456621
38f,43,iforest+conformal:max,cal,Backdoor,174,0.011494252873563218,0.0091324200913242
38f,43,iforest+conformal:max,cal,DoS,224,0.07142857142857142,0.0730593607305936
38f,43,iforest+conformal:max,cal,Exploits,1274,0.05259026687598116,0.3059360730593607
38f,43,iforest+conformal:max,cal,Fuzzers,1020,0.0803921568627451,0.3744292237442922
38f,43,iforest+conformal:max,cal,Generic,377,0.002652519893899204,0.0045662100456621
38f,43,iforest+conformal:max,cal,Normal,1165,0.04206008583690987,0.2237442922374429
38f,43,iforest+conformal:max,cal,Reconnaissance,477,0.0020964360587002098,0.0045662100456621
38f,43,iforest+conformal:max,test,Analysis,438,0.00228310502283105,0.00015255530129672007
38f,43,iforest+conformal:max,test,Backdoor,345,0.011594202898550725,0.0006102212051868803
38f,43,iforest+conformal:max,test,DoS,1694,0.05608028335301062,0.014492753623188406
38f,43,iforest+conformal:max,test,Exploits,7590,0.04453227931488801,0.05156369183829138
38f,43,iforest+conformal:max,test,Fuzzers,4810,0.083991683991684,0.061632341723874905
38f,43,iforest+conformal:max,test,Generic,3418,0.0076067875950848445,0.003966437833714722
38f,43,iforest+conformal:max,test,Normal,33832,0.1668538661622133,0.8611746758199847
38f,43,iforest+conformal:max,test,Reconnaissance,2469,0.01701093560145808,0.006407322654462242
38f,44,msp,thr,Analysis,123,0.07317073170731707,0.03333333333333333
38f,44,msp,thr,Backdoor,107,0.14953271028037382,0.05925925925925926
38f,44,msp,thr,DoS,183,0.19672131147540983,0.13333333333333333
38f,44,msp,thr,Exploits,1113,0.06918238993710692,0.2851851851851852
38f,44,msp,thr,Fuzzers,876,0.09360730593607305,0.3037037037037037
38f,44,msp,thr,Generic,118,0.00847457627118644,0.003703703703703704
38f,44,msp,thr,Normal,2406,0.016209476309226933,0.14444444444444443
38f,44,msp,thr,Reconnaissance,474,0.02109704641350211,0.037037037037037035
38f,44,msp,cal,Analysis,30,0.43333333333333335,0.14444444444444443
38f,44,msp,cal,Backdoor,23,0.13043478260869565,0.03333333333333333
38f,44,msp,cal,DoS,39,0.05128205128205128,0.022222222222222223
38f,44,msp,cal,Exploits,314,0.06369426751592357,0.2222222222222222
38f,44,msp,cal,Fuzzers,214,0.102803738317757,0.24444444444444444
38f,44,msp,cal,Generic,256,0.046875,0.13333333333333333
38f,44,msp,cal,Normal,4011,0.0032410870107205184,0.14444444444444443
38f,44,msp,cal,Reconnaissance,113,0.04424778761061947,0.05555555555555555
38f,44,msp,test,Analysis,438,0.06621004566210045,0.007520746887966805
38f,44,msp,test,Backdoor,345,0.1072463768115942,0.009595435684647304
38f,44,msp,test,DoS,1694,0.12278630460448642,0.05394190871369295
38f,44,msp,test,Exploits,7590,0.06416337285902503,0.1262966804979253
38f,44,msp,test,Fuzzers,4810,0.09376299376299377,0.11696058091286307
38f,44,msp,test,Generic,3418,0.04125219426565243,0.03656639004149378
38f,44,msp,test,Normal,33832,0.0700224639394656,0.6143672199170125
38f,44,msp,test,Reconnaissance,2469,0.05427298501417578,0.03475103734439834
38f,44,entropy,thr,Analysis,123,0.4796747967479675,0.21851851851851853
38f,44,entropy,thr,Backdoor,107,0.4766355140186916,0.18888888888888888
38f,44,entropy,thr,DoS,183,0.12568306010928962,0.08518518518518518
38f,44,entropy,thr,Exploits,1113,0.025157232704402517,0.1037037037037037
38f,44,entropy,thr,Fuzzers,876,0.0639269406392694,0.2074074074074074
38f,44,entropy,thr,Generic,118,0.00847457627118644,0.003703703703703704
38f,44,entropy,thr,Normal,2406,0.0012468827930174563,0.011111111111111112
38f,44,entropy,thr,Reconnaissance,474,0.10337552742616034,0.1814814814814815
38f,44,entropy,cal,Analysis,30,0.3333333333333333,0.11494252873563218
38f,44,entropy,cal,Backdoor,23,0.5217391304347826,0.13793103448275862
38f,44,entropy,cal,DoS,39,0.15384615384615385,0.06896551724137931
38f,44,entropy,cal,Exploits,314,0.03184713375796178,0.11494252873563218
38f,44,entropy,cal,Fuzzers,214,0.11682242990654206,0.28735632183908044
38f,44,entropy,cal,Generic,256,0.0390625,0.11494252873563218
38f,44,entropy,cal,Normal,4011,0.0,0.0
38f,44,entropy,cal,Reconnaissance,113,0.12389380530973451,0.16091954022988506
38f,44,entropy,test,Analysis,438,0.2694063926940639,0.07440100882723834
38f,44,entropy,test,Backdoor,345,0.2579710144927536,0.056116015132408575
38f,44,entropy,test,DoS,1694,0.14344746162927982,0.1532156368221942
38f,44,entropy,test,Exploits,7590,0.04110671936758893,0.19672131147540983
38f,44,entropy,test,Fuzzers,4810,0.059251559251559255,0.17969735182849936
38f,44,entropy,test,Generic,3418,0.0310122878876536,0.06683480453972257
38f,44,entropy,test,Normal,33832,0.008423977299598014,0.17969735182849936
38f,44,entropy,test,Reconnaissance,2469,0.059943296881328476,0.09331651954602774
38f,44,margin,thr,Analysis,123,0.024390243902439025,0.011111111111111112
38f,44,margin,thr,Backdoor,107,0.04672897196261682,0.018518518518518517
38f,44,margin,thr,DoS,183,0.14754098360655737,0.1
38f,44,margin,thr,Exploits,1113,0.07637017070979335,0.3148148148148148
38f,44,margin,thr,Fuzzers,876,0.1004566210045662,0.32592592592592595
38f,44,margin,thr,Generic,118,0.00847457627118644,0.003703703703703704
38f,44,margin,thr,Normal,2406,0.02119700748129676,0.18888888888888888
38f,44,margin,thr,Reconnaissance,474,0.02109704641350211,0.037037037037037035
38f,44,margin,cal,Analysis,30,0.16666666666666666,0.07462686567164178
38f,44,margin,cal,Backdoor,23,0.0,0.0
38f,44,margin,cal,DoS,39,0.07692307692307693,0.04477611940298507
38f,44,margin,cal,Exploits,314,0.050955414012738856,0.23880597014925373
38f,44,margin,cal,Fuzzers,214,0.09345794392523364,0.29850746268656714
38f,44,margin,cal,Generic,256,0.015625,0.05970149253731343
38f,44,margin,cal,Normal,4011,0.004238344552480678,0.2537313432835821
38f,44,margin,cal,Reconnaissance,113,0.017699115044247787,0.029850746268656716
38f,44,margin,test,Analysis,438,0.0228310502283105,0.0024015369836695487
38f,44,margin,test,Backdoor,345,0.020289855072463767,0.0016810758885686839
38f,44,margin,test,DoS,1694,0.09917355371900827,0.040345821325648415
38f,44,margin,test,Exploits,7590,0.05704874835309618,0.10398655139289145
38f,44,margin,test,Fuzzers,4810,0.1051975051975052,0.12151777137367915
38f,44,margin,test,Generic,3418,0.023112931538911644,0.018972142170989432
38f,44,margin,test,Normal,33832,0.08435800425632538,0.6853986551392891
38f,44,margin,test,Reconnaissance,2469,0.043337383556095586,0.02569644572526417
38f,44,conformal,thr,Analysis,123,0.0,0.0
38f,44,conformal,thr,Backdoor,107,0.0,0.0
38f,44,conformal,thr,DoS,183,0.0,0.0
38f,44,conformal,thr,Exploits,1113,0.011680143755615454,0.048327137546468404
38f,44,conformal,thr,Fuzzers,876,0.010273972602739725,0.03345724907063197
38f,44,conformal,thr,Generic,118,0.0,0.0
38f,44,conformal,thr,Normal,2406,0.1026600166251039,0.9182156133828996
38f,44,conformal,thr,Reconnaissance,474,0.0,0.0
38f,44,conformal,cal,Analysis,30,0.0,0.0
38f,44,conformal,cal,Backdoor,23,0.0,0.0
38f,44,conformal,cal,DoS,39,0.0,0.0
38f,44,conformal,cal,Exploits,314,0.012738853503184714,0.007434944237918215
38f,44,conformal,cal,Fuzzers,214,0.014018691588785047,0.0055762081784386614
38f,44,conformal,cal,Generic,256,0.0,0.0
38f,44,conformal,cal,Normal,4011,0.1323859386686612,0.9869888475836431
38f,44,conformal,cal,Reconnaissance,113,0.0,0.0
38f,44,conformal,test,Analysis,438,0.0,0.0
38f,44,conformal,test,Backdoor,345,0.002898550724637681,0.00016051364365971107
38f,44,conformal,test,DoS,1694,0.0029515938606847697,0.0008025682182985554
38f,44,conformal,test,Exploits,7590,0.006587615283267457,0.008025682182985553
38f,44,conformal,test,Fuzzers,4810,0.01787941787941788,0.013804173354735152
38f,44,conformal,test,Generic,3418,0.0017554125219426564,0.0009630818619582664
38f,44,conformal,test,Normal,33832,0.1792977063135493,0.9736757624398074
38f,44,conformal,test,Reconnaissance,2469,0.0064803564196030785,0.002568218298555377
38f,44,iforest,thr,Analysis,123,0.0,0.0
38f,44,iforest,thr,Backdoor,107,0.028037383177570093,0.011111111111111112
38f,44,iforest,thr,DoS,183,0.08743169398907104,0.05925925925925926
38f,44,iforest,thr,Exploits,1113,0.0853548966756514,0.35185185185185186
38f,44,iforest,thr,Fuzzers,876,0.07077625570776255,0.22962962962962963
38f,44,iforest,thr,Generic,118,0.0,0.0
38f,44,iforest,thr,Normal,2406,0.03740648379052369,0.3333333333333333
38f,44,iforest,thr,Reconnaissance,474,0.008438818565400843,0.014814814814814815
38f,44,iforest,cal,Analysis,30,0.06666666666666667,0.00975609756097561
38f,44,iforest,cal,Backdoor,23,0.0,0.0
38f,44,iforest,cal,DoS,39,0.05128205128205128,0.00975609756097561
38f,44,iforest,cal,Exploits,314,0.08280254777070063,0.12682926829268293
38f,44,iforest,cal,Fuzzers,214,0.04205607476635514,0.04390243902439024
38f,44,iforest,cal,Generic,256,0.015625,0.01951219512195122
38f,44,iforest,cal,Normal,4011,0.04013961605584642,0.7853658536585366
38f,44,iforest,cal,Reconnaissance,113,0.008849557522123894,0.004878048780487805
38f,44,iforest,test,Analysis,438,0.0,0.0
38f,44,iforest,test,Backdoor,345,0.011594202898550725,0.0018306636155606408
38f,44,iforest,test,DoS,1694,0.07733175914994096,0.05995423340961099
38f,44,iforest,test,Exploits,7590,0.08906455862977603,0.3093821510297483
38f,44,iforest,test,Fuzzers,4810,0.045322245322245325,0.09977116704805492
38f,44,iforest,test,Generic,3418,0.013750731421884143,0.021510297482837528
38f,44,iforest,test,Normal,33832,0.032454480964767086,0.5025171624713959
38f,44,iforest,test,Reconnaissance,2469,0.0044552450384771165,0.005034324942791762
38f,44,iforest+msp:mean,thr,Analysis,123,0.12195121951219512,0.05555555555555555
38f,44,iforest+msp:mean,thr,Backdoor,107,0.17757009345794392,0.07037037037037037
38f,44,iforest+msp:mean,thr,DoS,183,0.14754098360655737,0.1
38f,44,iforest+msp:mean,thr,Exploits,1113,0.04941599281221923,0.2037037037037037
38f,44,iforest+msp:mean,thr,Fuzzers,876,0.13013698630136986,0.4222222222222222
38f,44,iforest+msp:mean,thr,Generic,118,0.03389830508474576,0.014814814814814815
38f,44,iforest+msp:mean,thr,Normal,2406,0.00831255195344971,0.07407407407407407
38f,44,iforest+msp:mean,thr,Reconnaissance,474,0.03375527426160337,0.05925925925925926
38f,44,iforest+msp:mean,cal,Analysis,30,0.3333333333333333,0.10526315789473684
38f,44,iforest+msp:mean,cal,Backdoor,23,0.30434782608695654,0.07368421052631578
38f,44,iforest+msp:mean,cal,DoS,39,0.10256410256410256,0.042105263157894736
38f,44,iforest+msp:mean,cal,Exploits,314,0.04777070063694268,0.15789473684210525
38f,44,iforest+msp:mean,cal,Fuzzers,214,0.14485981308411214,0.3263157894736842
38f,44,iforest+msp:mean,cal,Generic,256,0.05078125,0.1368421052631579
38f,44,iforest+msp:mean,cal,Normal,4011,0.0012465719272001994,0.05263157894736842
38f,44,iforest+msp:mean,cal,Reconnaissance,113,0.08849557522123894,0.10526315789473684
38f,44,iforest+msp:mean,test,Analysis,438,0.08904109589041095,0.014161220043572984
38f,44,iforest+msp:mean,test,Backdoor,345,0.10144927536231885,0.012708787218591141
38f,44,iforest+msp:mean,test,DoS,1694,0.12632821723730814,0.07770515613652869
38f,44,iforest+msp:mean,test,Exploits,7590,0.0469038208168643,0.12926652142338416
38f,44,iforest+msp:mean,test,Fuzzers,4810,0.10602910602910603,0.18518518518518517
38f,44,iforest+msp:mean,test,Generic,3418,0.0435927442949093,0.05410312273057371
38f,44,iforest+msp:mean,test,Normal,33832,0.04138094112083235,0.5083514887436456
38f,44,iforest+msp:mean,test,Reconnaissance,2469,0.020656136087484813,0.018518518518518517
38f,44,iforest+msp:max,thr,Analysis,123,0.04878048780487805,0.022304832713754646
38f,44,iforest+msp:max,thr,Backdoor,107,0.1308411214953271,0.05204460966542751
38f,44,iforest+msp:max,thr,DoS,183,0.1912568306010929,0.13011152416356878
38f,44,iforest+msp:max,thr,Exploits,1113,0.07816711590296496,0.32342007434944237
38f,44,iforest+msp:max,thr,Fuzzers,876,0.08333333333333333,0.27137546468401486
38f,44,iforest+msp:max,thr,Generic,118,0.00847457627118644,0.0037174721189591076
38f,44,iforest+msp:max,thr,Normal,2406,0.019118869492934332,0.17100371747211895
38f,44,iforest+msp:max,thr,Reconnaissance,474,0.014767932489451477,0.026022304832713755
38f,44,iforest+msp:max,cal,Analysis,30,0.3333333333333333,0.06578947368421052
38f,44,iforest+msp:max,cal,Backdoor,23,0.13043478260869565,0.019736842105263157
38f,44,iforest+msp:max,cal,DoS,39,0.07692307692307693,0.019736842105263157
38f,44,iforest+msp:max,cal,Exploits,314,0.07643312101910828,0.15789473684210525
38f,44,iforest+msp:max,cal,Fuzzers,214,0.09345794392523364,0.13157894736842105
38f,44,iforest+msp:max,cal,Generic,256,0.05078125,0.08552631578947369
38f,44,iforest+msp:max,cal,Normal,4011,0.019197207678883072,0.506578947368421
38f,44,iforest+msp:max,cal,Reconnaissance,113,0.017699115044247787,0.013157894736842105
38f,44,iforest+msp:max,test,Analysis,438,0.05251141552511415,0.006204478014567035
38f,44,iforest+msp:max,test,Backdoor,345,0.09565217391304348,0.008902077151335312
38f,44,iforest+msp:max,test,DoS,1694,0.13872491145218419,0.06339357971405449
38f,44,iforest+msp:max,test,Exploits,7590,0.07496706192358367,0.15349339088211492
38f,44,iforest+msp:max,test,Fuzzers,4810,0.0814968814968815,0.10574588616131643
38f,44,iforest+msp:max,test,Generic,3418,0.04066705675833821,0.03749662800107904
38f,44,iforest+msp:max,test,Normal,33832,0.0650271931898794,0.5934718100890207
38f,44,iforest+msp:max,test,Reconnaissance,2469,0.04698258404212231,0.031292149986512
38f,44,iforest+entropy:mean,thr,Analysis,123,0.17886178861788618,0.08239700374531835
38f,44,iforest+entropy:mean,thr,Backdoor,107,0.2616822429906542,0.10486891385767791
38f,44,iforest+entropy:mean,thr,DoS,183,0.13114754098360656,0.0898876404494382
38f,44,iforest+entropy:mean,thr,Exploits,1113,0.04132973944294699,0.17228464419475656
38f,44,iforest+entropy:mean,thr,Fuzzers,876,0.12557077625570776,0.41198501872659177
38f,44,iforest+entropy:mean,thr,Generic,118,0.05084745762711865,0.02247191011235955
38f,44,iforest+entropy:mean,thr,Normal,2406,0.0012468827930174563,0.011235955056179775
38f,44,iforest+entropy:mean,thr,Reconnaissance,474,0.05907172995780591,0.10486891385767791
38f,44,iforest+entropy:mean,cal,Analysis,30,0.43333333333333335,0.12871287128712872
38f,44,iforest+entropy:mean,cal,Backdoor,23,0.34782608695652173,0.07920792079207921
38f,44,iforest+entropy:mean,cal,DoS,39,0.10256410256410256,0.039603960396039604
38f,44,iforest+entropy:mean,cal,Exploits,314,0.06050955414012739,0.18811881188118812
38f,44,iforest+entropy:mean,cal,Fuzzers,214,0.1308411214953271,0.27722772277227725
38f,44,iforest+entropy:mean,cal,Generic,256,0.0546875,0.13861386138613863
38f,44,iforest+entropy:mean,cal,Normal,4011,0.0009972575417601596,0.039603960396039604
38f,44,iforest+entropy:mean,cal,Reconnaissance,113,0.09734513274336283,0.10891089108910891
38f,44,iforest+entropy:mean,test,Analysis,438,0.2146118721461187,0.03681942812377595
38f,44,iforest+entropy:mean,test,Backdoor,345,0.19420289855072465,0.02624363493928711
38f,44,iforest+entropy:mean,test,DoS,1694,0.14285714285714285,0.09479044261652958
38f,44,iforest+entropy:mean,test,Exploits,7590,0.04756258234519104,0.14140227183705445
38f,44,iforest+entropy:mean,test,Fuzzers,4810,0.10706860706860707,0.2017234625930278
38f,44,iforest+entropy:mean,test,Generic,3418,0.04534815681685196,0.060712886799843324
38f,44,iforest+entropy:mean,test,Normal,33832,0.030651454244502246,0.4061887974931453
38f,44,iforest+entropy:mean,test,Reconnaissance,2469,0.03321182665046578,0.03211907559733647
38f,44,iforest+entropy:max,thr,Analysis,123,0.2845528455284553,0.1446280991735537
38f,44,iforest+entropy:max,thr,Backdoor,107,0.3364485981308411,0.1487603305785124
38f,44,iforest+entropy:max,thr,DoS,183,0.14207650273224043,0.10743801652892562
38f,44,iforest+entropy:max,thr,Exploits,1113,0.03863432165318958,0.17768595041322313
38f,44,iforest+entropy:max,thr,Fuzzers,876,0.04908675799086758,0.17768595041322313
38f,44,iforest+entropy:max,thr,Generic,118,0.00847457627118644,0.004132231404958678
38f,44,iforest+entropy:max,thr,Normal,2406,0.009559434746467166,0.09504132231404959
38f,44,iforest+entropy:max,thr,Reconnaissance,474,0.07383966244725738,0.1446280991735537
38f,44,iforest+entropy:max,cal,Analysis,30,0.3333333333333333,0.07142857142857142
38f,44,iforest+entropy:max,cal,Backdoor,23,0.43478260869565216,0.07142857142857142
38f,44,iforest+entropy:max,cal,DoS,39,0.15384615384615385,0.04285714285714286
38f,44,iforest+entropy:max,cal,Exploits,314,0.041401273885350316,0.09285714285714286
38f,44,iforest+entropy:max,cal,Fuzzers,214,0.09813084112149532,0.15
38f,44,iforest+entropy:max,cal,Generic,256,0.03125,0.05714285714285714
38f,44,iforest+entropy:max,cal,Normal,4011,0.014709548740962353,0.42142857142857143
38f,44,iforest+entropy:max,cal,Reconnaissance,113,0.11504424778761062,0.09285714285714286
38f,44,iforest+entropy:max,test,Analysis,438,0.182648401826484,0.05060088551549652
38f,44,iforest+entropy:max,test,Backdoor,345,0.1855072463768116,0.04048070841239722
38f,44,iforest+entropy:max,test,DoS,1694,0.13400236127508855,0.14358001265022138
38f,44,iforest+entropy:max,test,Exploits,7590,0.04756258234519104,0.22833649588867805
38f,44,iforest+entropy:max,test,Fuzzers,4810,0.04594594594594595,0.13978494623655913
38f,44,iforest+entropy:max,test,Generic,3418,0.0310122878876536,0.06704617330803289
38f,44,iforest+entropy:max,test,Normal,33832,0.012325608890990778,0.2637571157495256
38f,44,iforest+entropy:max,test,Reconnaissance,2469,0.0425273390036452,0.06641366223908918
38f,44,iforest+margin:mean,thr,Analysis,123,0.07317073170731707,0.033707865168539325
38f,44,iforest+margin:mean,thr,Backdoor,107,0.11214953271028037,0.0449438202247191
38f,44,iforest+margin:mean,thr,DoS,183,0.15300546448087432,0.10486891385767791
38f,44,iforest+margin:mean,thr,Exploits,1113,0.05121293800539083,0.21348314606741572
38f,44,iforest+margin:mean,thr,Fuzzers,876,0.1312785388127854,0.4307116104868914
38f,44,iforest+margin:mean,thr,Generic,118,0.05084745762711865,0.02247191011235955
38f,44,iforest+margin:mean,thr,Normal,2406,0.012053200332502078,0.10861423220973783
38f,44,iforest+margin:mean,thr,Reconnaissance,474,0.023206751054852322,0.04119850187265917
38f,44,iforest+margin:mean,cal,Analysis,30,0.26666666666666666,0.09090909090909091
38f,44,iforest+margin:mean,cal,Backdoor,23,0.17391304347826086,0.045454545454545456
38f,44,iforest+margin:mean,cal,DoS,39,0.10256410256410256,0.045454545454545456
38f,44,iforest+margin:mean,cal,Exploits,314,0.054140127388535034,0.19318181818181818
38f,44,iforest+margin:mean,cal,Fuzzers,214,0.13551401869158877,0.32954545454545453
38f,44,iforest+margin:mean,cal,Generic,256,0.0546875,0.1590909090909091
38f,44,iforest+margin:mean,cal,Normal,4011,0.0012465719272001994,0.056818181818181816
38f,44,iforest+margin:mean,cal,Reconnaissance,113,0.061946902654867256,0.07954545454545454
38f,44,iforest+margin:mean,test,Analysis,438,0.0319634703196347,0.004917456972251493
38f,44,iforest+margin:mean,test,Backdoor,345,0.04927536231884058,0.00597119775201967
38f,44,iforest+margin:mean,test,DoS,1694,0.1127508854781582,0.06708816297857394
38f,44,iforest+margin:mean,test,Exploits,7590,0.04453227931488801,0.1187214611872146
38f,44,iforest+margin:mean,test,Fuzzers,4810,0.11101871101871102,0.18756585879873552
38f,44,iforest+margin:mean,test,Generic,3418,0.044763019309537744,0.05374077976817703
38f,44,iforest+margin:mean,test,Normal,33832,0.04628753842515961,0.5500526870389885
38f,44,iforest+margin:mean,test,Reconnaissance,2469,0.01377075739165654,0.01194239550403934
38f,44,iforest+margin:max,thr,Analysis,123,0.024390243902439025,0.011278195488721804
38f,44,iforest+margin:max,thr,Backdoor,107,0.037383177570093455,0.015037593984962405
38f,44,iforest+margin:max,thr,DoS,183,0.14754098360655737,0.10150375939849623
38f,44,iforest+margin:max,thr,Exploits,1113,0.07637017070979335,0.31954887218045114
38f,44,iforest+margin:max,thr,Fuzzers,876,0.0867579908675799,0.2857142857142857
38f,44,iforest+margin:max,thr,Generic,118,0.0,0.0
38f,44,iforest+margin:max,thr,Normal,2406,0.027015793848711556,0.24436090225563908
38f,44,iforest+margin:max,thr,Reconnaissance,474,0.012658227848101266,0.022556390977443608
38f,44,iforest+margin:max,cal,Analysis,30,0.13333333333333333,0.03636363636363636
38f,44,iforest+margin:max,cal,Backdoor,23,0.0,0.0
38f,44,iforest+margin:max,cal,DoS,39,0.07692307692307693,0.02727272727272727
38f,44,iforest+margin:max,cal,Exploits,314,0.06687898089171974,0.19090909090909092
38f,44,iforest+margin:max,cal,Fuzzers,214,0.0794392523364486,0.15454545454545454
38f,44,iforest+margin:max,cal,Generic,256,0.01953125,0.045454545454545456
38f,44,iforest+margin:max,cal,Normal,4011,0.014709548740962353,0.5363636363636364
38f,44,iforest+margin:max,cal,Reconnaissance,113,0.008849557522123894,0.00909090909090909
38f,44,iforest+margin:max,test,Analysis,438,0.0182648401826484,0.0020497053548552396
38f,44,iforest+margin:max,test,Backdoor,345,0.017391304347826087,0.0015372790161414297
38f,44,iforest+margin:max,test,DoS,1694,0.10861865407319952,0.04714322316167051
38f,44,iforest+margin:max,test,Exploits,7590,0.06495388669301713,0.12631309249295414
38f,44,iforest+margin:max,test,Fuzzers,4810,0.09002079002079003,0.11094030233153984
38f,44,iforest+margin:max,test,Generic,3418,0.021650087770626096,0.018959774532410965
38f,44,iforest+margin:max,test,Normal,33832,0.07711633956017971,0.668460158852165
38f,44,iforest+margin:max,test,Reconnaissance,2469,0.038882138517618466,0.024596464258262875
38f,44,iforest+conformal:mean,thr,Analysis,123,0.0,0.0
38f,44,iforest+conformal:mean,thr,Backdoor,107,0.0,0.0
38f,44,iforest+conformal:mean,thr,DoS,183,0.04371584699453552,0.02962962962962963
38f,44,iforest+conformal:mean,thr,Exploits,1113,0.03234501347708895,0.13333333333333333
38f,44,iforest+conformal:mean,thr,Fuzzers,876,0.0593607305936073,0.1925925925925926
38f,44,iforest+conformal:mean,thr,Generic,118,0.07627118644067797,0.03333333333333333
38f,44,iforest+conformal:mean,thr,Normal,2406,0.06816292601828762,0.6074074074074074
38f,44,iforest+conformal:mean,thr,Reconnaissance,474,0.002109704641350211,0.003703703703703704
38f,44,iforest+conformal:mean,cal,Analysis,30,0.03333333333333333,0.002398081534772182
38f,44,iforest+conformal:mean,cal,Backdoor,23,0.0,0.0
38f,44,iforest+conformal:mean,cal,DoS,39,0.02564102564102564,0.002398081534772182
38f,44,iforest+conformal:mean,cal,Exploits,314,0.03184713375796178,0.023980815347721823
38f,44,iforest+conformal:mean,cal,Fuzzers,214,0.056074766355140186,0.02877697841726619
38f,44,iforest+conformal:mean,cal,Generic,256,0.05859375,0.03597122302158273
38f,44,iforest+conformal:mean,cal,Normal,4011,0.09424083769633508,0.9064748201438849
38f,44,iforest+conformal:mean,cal,Reconnaissance,113,0.0,0.0
38f,44,iforest+conformal:mean,test,Analysis,438,0.0091324200913242,0.000642570281124498
38f,44,iforest+conformal:mean,test,Backdoor,345,0.002898550724637681,0.0001606425702811245
38f,44,iforest+conformal:mean,test,DoS,1694,0.030696576151121605,0.008353413654618475
38f,44,iforest+conformal:mean,test,Exploits,7590,0.0233201581027668,0.028433734939759037
38f,44,iforest+conformal:mean,test,Fuzzers,4810,0.05550935550935551,0.042891566265060244
38f,44,iforest+conformal:mean,test,Generic,3418,0.07021650087770626,0.03855421686746988
38f,44,iforest+conformal:mean,test,Normal,33832,0.1618290375975408,0.8795180722891566
38f,44,iforest+conformal:mean,test,Reconnaissance,2469,0.0036452004860267314,0.0014457831325301205
38f,44,iforest+conformal:max,thr,Analysis,123,0.0,0.0
38f,44,iforest+conformal:max,thr,Backdoor,107,0.009345794392523364,0.0037735849056603774
38f,44,iforest+conformal:max,thr,DoS,183,0.07650273224043716,0.052830188679245285
38f,44,iforest+conformal:max,thr,Exploits,1113,0.0646900269541779,0.27169811320754716
38f,44,iforest+conformal:max,thr,Fuzzers,876,0.06164383561643835,0.2037735849056604
38f,44,iforest+conformal:max,thr,Generic,118,0.0,0.0
38f,44,iforest+conformal:max,thr,Normal,2406,0.051537822111388194,0.4679245283018868
38f,44,iforest+conformal:max,thr,Reconnaissance,474,0.0,0.0
38f,44,iforest+conformal:max,cal,Analysis,30,0.03333333333333333,0.0035211267605633804
38f,44,iforest+conformal:max,cal,Backdoor,23,0.0,0.0
38f,44,iforest+conformal:max,cal,DoS,39,0.05128205128205128,0.007042253521126761
38f,44,iforest+conformal:max,cal,Exploits,314,0.07006369426751592,0.07746478873239436
38f,44,iforest+conformal:max,cal,Fuzzers,214,0.037383177570093455,0.028169014084507043
38f,44,iforest+conformal:max,cal,Generic,256,0.01171875,0.01056338028169014
38f,44,iforest+conformal:max,cal,Normal,4011,0.061580653203689856,0.8697183098591549
38f,44,iforest+conformal:max,cal,Reconnaissance,113,0.008849557522123894,0.0035211267605633804
38f,44,iforest+conformal:max,test,Analysis,438,0.0,0.0
38f,44,iforest+conformal:max,test,Backdoor,345,0.005797101449275362,0.0003637024913620658
38f,44,iforest+conformal:max,test,DoS,1694,0.06434474616292798,0.019821785779232586
38f,44,iforest+conformal:max,test,Exploits,7590,0.07167325428194993,0.0989270776504819
38f,44,iforest+conformal:max,test,Fuzzers,4810,0.037422037422037424,0.03273322422258593
38f,44,iforest+conformal:max,test,Generic,3418,0.011995318899941486,0.00745590107292235
38f,44,iforest+conformal:max,test,Normal,33832,0.13632064317805628,0.8386979450809238
38f,44,iforest+conformal:max,test,Reconnaissance,2469,0.0044552450384771165,0.002000363702491362
38f,45,msp,thr,Analysis,182,0.16483516483516483,0.1
38f,45,msp,thr,Backdoor,141,0.1773049645390071,0.08333333333333333
38f,45,msp,thr,DoS,481,0.08316008316008316,0.13333333333333333
38f,45,msp,thr,Exploits,1968,0.036077235772357726,0.23666666666666666
38f,45,msp,thr,Fuzzers,1470,0.04829931972789116,0.23666666666666666
38f,45,msp,thr,Generic,96,0.03125,0.01
38f,45,msp,thr,Normal,890,0.046067415730337076,0.13666666666666666
38f,45,msp,thr,Reconnaissance,772,0.02461139896373057,0.06333333333333334
38f,45,msp,cal,Analysis,109,0.12844036697247707,0.06451612903225806
38f,45,msp,cal,Backdoor,84,0.14285714285714285,0.055299539170506916
38f,45,msp,cal,DoS,270,0.06666666666666667,0.08294930875576037
38f,45,msp,cal,Exploits,1501,0.0379746835443038,0.2626728110599078
38f,45,msp,cal,Fuzzers,1092,0.05036630036630037,0.2534562211981567
38f,45,msp,cal,Generic,240,0.020833333333333332,0.02304147465437788
38f,45,msp,cal,Normal,927,0.04962243797195254,0.2119815668202765
38f,45,msp,cal,Reconnaissance,577,0.01733102253032929,0.04608294930875576
38f,45,msp,test,Analysis,438,0.04337899543378995,0.008232235701906412
38f,45,msp,test,Backdoor,345,0.07536231884057971,0.011265164644714038
38f,45,msp,test,DoS,1694,0.07497048406139316,0.055025996533795495
38f,45,msp,test,Exploits,7590,0.03820816864295125,0.12564991334488734
38f,45,msp,test,Fuzzers,4810,0.05883575883575884,0.12261698440207973
38f,45,msp,test,Generic,3418,0.031304856641310705,0.04636048526863085
38f,45,msp,test,Normal,33832,0.041026247339796644,0.6013864818024264
38f,45,msp,test,Reconnaissance,2469,0.02754151478331308,0.029462738301559793
38f,45,entropy,thr,Analysis,182,0.21978021978021978,0.13333333333333333
38f,45,entropy,thr,Backdoor,141,0.2695035460992908,0.12666666666666668
38f,45,entropy,thr,DoS,481,0.13305613305613306,0.21333333333333335
38f,45,entropy,thr,Exploits,1968,0.03048780487804878,0.2
38f,45,entropy,thr,Fuzzers,1470,0.034013605442176874,0.16666666666666666
38f,45,entropy,thr,Generic,96,0.020833333333333332,0.006666666666666667
38f,45,entropy,thr,Normal,890,0.016853932584269662,0.05
38f,45,entropy,thr,Reconnaissance,772,0.04015544041450777,0.10333333333333333
38f,45,entropy,cal,Analysis,109,0.23853211009174313,0.13131313131313133
38f,45,entropy,cal,Backdoor,84,0.34523809523809523,0.14646464646464646
38f,45,entropy,cal,DoS,270,0.0962962962962963,0.13131313131313133
38f,45,entropy,cal,Exploits,1501,0.02798134576948701,0.21212121212121213
38f,45,entropy,cal,Fuzzers,1092,0.037545787545787544,0.20707070707070707
38f,45,entropy,cal,Generic,240,0.008333333333333333,0.010101010101010102
38f,45,entropy,cal,Normal,927,0.010787486515641856,0.050505050505050504
38f,45,entropy,cal,Reconnaissance,577,0.038128249566724434,0.1111111111111111
38f,45,entropy,test,Analysis,438,0.091324200913242,0.044593088071348944
38f,45,entropy,test,Backdoor,345,0.11884057971014493,0.045707915273132664
38f,45,entropy,test,DoS,1694,0.06552538370720189,0.12374581939799331
38f,45,entropy,test,Exploits,7590,0.023715415019762844,0.20066889632107024
38f,45,entropy,test,Fuzzers,4810,0.033264033264033266,0.17837235228539577
38f,45,entropy,test,Generic,3418,0.024575775307197192,0.09364548494983277
38f,45,entropy,test,Normal,33832,0.0061480255379522345,0.2318840579710145
38f,45,entropy,test,Reconnaissance,2469,0.029566626164439044,0.08138238573021182
38f,45,margin,thr,Analysis,182,0.07142857142857142,0.043333333333333335
38f,45,margin,thr,Backdoor,141,0.05673758865248227,0.02666666666666667
38f,45,margin,thr,DoS,481,0.060291060291060294,0.09666666666666666
38f,45,margin,thr,Exploits,1968,0.03353658536585366,0.22
38f,45,margin,thr,Fuzzers,1470,0.05238095238095238,0.25666666666666665
38f,45,margin,thr,Generic,96,0.0,0.0
38f,45,margin,thr,Normal,890,0.1,0.2966666666666667
38f,45,margin,thr,Reconnaissance,772,0.023316062176165803,0.06
38f,45,margin,cal,Analysis,109,0.05504587155963303,0.025423728813559324
38f,45,margin,cal,Backdoor,84,0.0,0.0
38f,45,margin,cal,DoS,270,0.06666666666666667,0.07627118644067797
38f,45,margin,cal,Exploits,1501,0.029980013324450366,0.1906779661016949
38f,45,margin,cal,Fuzzers,1092,0.06135531135531135,0.2838983050847458
38f,45,margin,cal,Generic,240,0.0125,0.012711864406779662
38f,45,margin,cal,Normal,927,0.09061488673139159,0.3559322033898305
38f,45,margin,cal,Reconnaissance,577,0.022530329289428077,0.05508474576271186
38f,45,margin,test,Analysis,438,0.01598173515981735,0.0025371511417180137
38f,45,margin,test,Backdoor,345,0.011594202898550725,0.0014498006524102935
38f,45,margin,test,DoS,1694,0.06316410861865407,0.03878216745197535
38f,45,margin,test,Exploits,7590,0.03715415019762846,0.1022109459949257
38f,45,margin,test,Fuzzers,4810,0.06881496881496882,0.11997100398695179
38f,45,margin,test,Generic,3418,0.016968987712112346,0.021022109459949256
38f,45,margin,test,Normal,33832,0.05610073303381414,0.6879304095686843
38f,45,margin,test,Reconnaissance,2469,0.02916160388821385,0.026096411743385284
38f,45,conformal,thr,Analysis,182,0.06593406593406594,0.04040404040404041
38f,45,conformal,thr,Backdoor,141,0.11347517730496454,0.05387205387205387
38f,45,conformal,thr,DoS,481,0.04573804573804574,0.07407407407407407
38f,45,conformal,thr,Exploits,1968,0.06859756097560976,0.45454545454545453
38f,45,conformal,thr,Fuzzers,1470,0.03469387755102041,0.1717171717171717
38f,45,conformal,thr,Generic,96,0.052083333333333336,0.016835016835016835
38f,45,conformal,thr,Normal,890,0.0044943820224719105,0.013468013468013467
38f,45,conformal,thr,Reconnaissance,772,0.06735751295336788,0.1750841750841751
38f,45,conformal,cal,Analysis,109,0.027522935779816515,0.01098901098901099
38f,45,conformal,cal,Backdoor,84,0.07142857142857142,0.02197802197802198
38f,45,conformal,cal,DoS,270,0.1,0.0989010989010989
38f,45,conformal,cal,Exploits,1501,0.07461692205196535,0.41025641025641024
38f,45,conformal,cal,Fuzzers,1092,0.024725274725274724,0.0989010989010989
38f,45,conformal,cal,Generic,240,0.075,0.06593406593406594
38f,45,conformal,cal,Normal,927,0.042071197411003236,0.14285714285714285
38f,45,conformal,cal,Reconnaissance,577,0.07105719237435008,0.15018315018315018
38f,45,conformal,test,Analysis,438,0.02054794520547945,0.0064794816414686825
38f,45,conformal,test,Backdoor,345,0.02608695652173913,0.0064794816414686825
38f,45,conformal,test,DoS,1694,0.07969303423848878,0.09719222462203024
38f,45,conformal,test,Exploits,7590,0.06982872200263504,0.38156947444204464
38f,45,conformal,test,Fuzzers,4810,0.01995841995841996,0.06911447084233262
38f,45,conformal,test,Generic,3418,0.07694558221181978,0.18934485241180707
38f,45,conformal,test,Normal,33832,0.004788366043982029,0.11663066954643629
38f,45,conformal,test,Reconnaissance,2469,0.0749291211016606,0.1331893448524118
38f,45,iforest,thr,Analysis,182,0.005494505494505495,0.0033333333333333335
38f,45,iforest,thr,Backdoor,141,0.014184397163120567,0.006666666666666667
38f,45,iforest,thr,DoS,481,0.05405405405405406,0.08666666666666667
38f,45,iforest,thr,Exploits,1968,0.059959349593495935,0.3933333333333333
38f,45,iforest,thr,Fuzzers,1470,0.06190476190476191,0.30333333333333334
38f,45,iforest,thr,Generic,96,0.020833333333333332,0.006666666666666667
38f,45,iforest,thr,Normal,890,0.0651685393258427,0.19333333333333333
38f,45,iforest,thr,Reconnaissance,772,0.0025906735751295338,0.006666666666666667
38f,45,iforest,cal,Analysis,109,0.0,0.0
38f,45,iforest,cal,Backdoor,84,0.03571428571428571,0.018072289156626505
38f,45,iforest,cal,DoS,270,0.07777777777777778,0.12650602409638553
38f,45,iforest,cal,Exploits,1501,0.05396402398401066,0.4879518072289157
38f,45,iforest,cal,Fuzzers,1092,0.03021978021978022,0.19879518072289157
38f,45,iforest,cal,Generic,240,0.008333333333333333,0.012048192771084338
38f,45,iforest,cal,Normal,927,0.02696871628910464,0.15060240963855423
38f,45,iforest,cal,Reconnaissance,577,0.0017331022530329288,0.006024096385542169
38f,45,iforest,test,Analysis,438,0.0,0.0
38f,45,iforest,test,Backdoor,345,0.002898550724637681,0.0006802721088435374
38f,45,iforest,test,DoS,1694,0.05608028335301062,0.06462585034013606
38f,45,iforest,test,Exploits,7590,0.05111989459815547,0.2639455782312925
38f,45,iforest,test,Fuzzers,4810,0.034303534303534305,0.11224489795918367
38f,45,iforest,test,Generic,3418,0.009069631363370393,0.02108843537414966
38f,45,iforest,test,Normal,33832,0.0231142113974935,0.5319727891156463
38f,45,iforest,test,Reconnaissance,2469,0.0032401782098015392,0.005442176870748299
38f,45,iforest+msp:mean,thr,Analysis,182,0.17582417582417584,0.10666666666666667
38f,45,iforest+msp:mean,thr,Backdoor,141,0.18439716312056736,0.08666666666666667
38f,45,iforest+msp:mean,thr,DoS,481,0.0997920997920998,0.16
38f,45,iforest+msp:mean,thr,Exploits,1968,0.029471544715447155,0.19333333333333333
38f,45,iforest+msp:mean,thr,Fuzzers,1470,0.055782312925170066,0.2733333333333333
38f,45,iforest+msp:mean,thr,Generic,96,0.03125,0.01
38f,45,iforest+msp:mean,thr,Normal,890,0.035955056179775284,0.10666666666666667
38f,45,iforest+msp:mean,thr,Reconnaissance,772,0.02461139896373057,0.06333333333333334
38f,45,iforest+msp:mean,cal,Analysis,109,0.1559633027522936,0.08808290155440414
38f,45,iforest+msp:mean,cal,Backdoor,84,0.17857142857142858,0.07772020725388601
38f,45,iforest+msp:mean,cal,DoS,270,0.12222222222222222,0.17098445595854922
38f,45,iforest+msp:mean,cal,Exploits,1501,0.03264490339773484,0.2538860103626943
38f,45,iforest+msp:mean,cal,Fuzzers,1092,0.04304029304029304,0.24352331606217617
38f,45,iforest+msp:mean,cal,Generic,240,0.029166666666666667,0.03626943005181347
38f,45,iforest+msp:mean,cal,Normal,927,0.016181229773462782,0.07772020725388601
38f,45,iforest+msp:mean,cal,Reconnaissance,577,0.01733102253032929,0.05181347150259067
38f,45,iforest+msp:mean,test,Analysis,438,0.0821917808219178,0.029925187032418952
38f,45,iforest+msp:mean,test,Backdoor,345,0.11304347826086956,0.032418952618453865
38f,45,iforest+msp:mean,test,DoS,1694,0.07201889020070838,0.10141313383208644
38f,45,iforest+msp:mean,test,Exploits,7590,0.020421607378129116,0.1288445552784705
38f,45,iforest+msp:mean,test,Fuzzers,4810,0.04656964656964657,0.1862011637572735
38f,45,iforest+msp:mean,test,Generic,3418,0.028671737858396724,0.08146300914380715
38f,45,iforest+msp:mean,test,Normal,33832,0.014453771577205014,0.40648379052369077
38f,45,iforest+msp:mean,test,Reconnaissance,2469,0.016200891049007696,0.03325020781379884
38f,45,iforest+msp:max,thr,Analysis,182,0.08791208791208792,0.05333333333333334
38f,45,iforest+msp:max,thr,Backdoor,141,0.09219858156028368,0.043333333333333335
38f,45,iforest+msp:max,thr,DoS,481,0.07484407484407485,0.12
38f,45,iforest+msp:max,thr,Exploits,1968,0.051321138211382115,0.33666666666666667
38f,45,iforest+msp:max,thr,Fuzzers,1470,0.04965986394557823,0.24333333333333335
38f,45,iforest+msp:max,thr,Generic,96,0.010416666666666666,0.0033333333333333335
38f,45,iforest+msp:max,thr,Normal,890,0.05955056179775281,0.17666666666666667
38f,45,iforest+msp:max,thr,Reconnaissance,772,0.009067357512953367,0.023333333333333334
38f,45,iforest+msp:max,cal,Analysis,109,0.03669724770642202,0.021052631578947368
38f,45,iforest+msp:max,cal,Backdoor,84,0.03571428571428571,0.015789473684210527
38f,45,iforest+msp:max,cal,DoS,270,0.1037037037037037,0.14736842105263157
38f,45,iforest+msp:max,cal,Exploits,1501,0.0519653564290473,0.4105263157894737
38f,45,iforest+msp:max,cal,Fuzzers,1092,0.04304029304029304,0.24736842105263157
38f,45,iforest+msp:max,cal,Generic,240,0.0125,0.015789473684210527
38f,45,iforest+msp:max,cal,Normal,927,0.022653721682847898,0.11052631578947368
38f,45,iforest+msp:max,cal,Reconnaissance,577,0.010398613518197574,0.031578947368421054
38f,45,iforest+msp:max,test,Analysis,438,0.0045662100456621,0.001049317943336831
38f,45,iforest+msp:max,test,Backdoor,345,0.020289855072463767,0.0036726128016789086
38f,45,iforest+msp:max,test,DoS,1694,0.07910271546635184,0.07030430220356768
38f,45,iforest+msp:max,test,Exploits,7590,0.050724637681159424,0.20199370409233997
38f,45,iforest+msp:max,test,Fuzzers,4810,0.03700623700623701,0.09338929695697797
38f,45,iforest+msp:max,test,Generic,3418,0.023405500292568753,0.04197271773347324
38f,45,iforest+msp:max,test,Normal,33832,0.03207022936864507,0.5692549842602308
38f,45,iforest+msp:max,test,Reconnaissance,2469,0.014175779667881734,0.018363064008394544
38f,45,iforest+entropy:mean,thr,Analysis,182,0.21428571428571427,0.13043478260869565
38f,45,iforest+entropy:mean,thr,Backdoor,141,0.18439716312056736,0.08695652173913043
38f,45,iforest+entropy:mean,thr,DoS,481,0.10810810810810811,0.17391304347826086
38f,45,iforest+entropy:mean,thr,Exploits,1968,0.02693089430894309,0.17725752508361203
38f,45,iforest+entropy:mean,thr,Fuzzers,1470,0.04897959183673469,0.2408026755852843
38f,45,iforest+entropy:mean,thr,Generic,96,0.03125,0.010033444816053512
38f,45,iforest+entropy:mean,thr,Normal,890,0.03258426966292135,0.09698996655518395
38f,45,iforest+entropy:mean,thr,Reconnaissance,772,0.03238341968911917,0.08361204013377926
38f,45,iforest+entropy:mean,cal,Analysis,109,0.1743119266055046,0.09547738693467336
38f,45,iforest+entropy:mean,cal,Backdoor,84,0.25,0.10552763819095477
38f,45,iforest+entropy:mean,cal,DoS,270,0.1111111111111111,0.1507537688442211
38f,45,iforest+entropy:mean,cal,Exploits,1501,0.031978680879413725,0.24120603015075376
38f,45,iforest+entropy:mean,cal,Fuzzers,1092,0.040293040293040296,0.22110552763819097
38f,45,iforest+entropy:mean,cal,Generic,240,0.025,0.03015075376884422
38f,45,iforest+entropy:mean,cal,Normal,927,0.012944983818770227,0.06030150753768844
38f,45,iforest+entropy:mean,cal,Reconnaissance,577,0.03292894280762565,0.09547738693467336
38f,45,iforest+entropy:mean,test,Analysis,438,0.1232876712328767,0.054
38f,45,iforest+entropy:mean,test,Backdoor,345,0.13623188405797101,0.047
38f,45,iforest+entropy:mean,test,DoS,1694,0.07083825265643448,0.12
38f,45,iforest+entropy:mean,test,Exploits,7590,0.019499341238471673,0.148
38f,45,iforest+entropy:mean,test,Fuzzers,4810,0.03970893970893971,0.191
38f,45,iforest+entropy:mean,test,Generic,3418,0.028379169104739616,0.097
38f,45,iforest+entropy:mean,test,Normal,33832,0.008630882005202175,0.292
38f,45,iforest+entropy:mean,test,Reconnaissance,2469,0.020656136087484813,0.051
38f,45,iforest+entropy:max,thr,Analysis,182,0.08241758241758242,0.05
38f,45,iforest+entropy:max,thr,Backdoor,141,0.14893617021276595,0.07
38f,45,iforest+entropy:max,thr,DoS,481,0.0997920997920998,0.16
38f,45,iforest+entropy:max,thr,Exploits,1968,0.049796747967479675,0.32666666666666666
38f,45,iforest+entropy:max,thr,Fuzzers,1470,0.04149659863945578,0.20333333333333334
38f,45,iforest+entropy:max,thr,Generic,96,0.010416666666666666,0.0033333333333333335
38f,45,iforest+entropy:max,thr,Normal,890,0.043820224719101124,0.13
38f,45,iforest+entropy:max,thr,Reconnaissance,772,0.022020725388601035,0.056666666666666664
38f,45,iforest+entropy:max,cal,Analysis,109,0.14678899082568808,0.0855614973262032
38f,45,iforest+entropy:max,cal,Backdoor,84,0.15476190476190477,0.06951871657754011
38f,45,iforest+entropy:max,cal,DoS,270,0.1037037037037037,0.1497326203208556
38f,45,iforest+entropy:max,cal,Exploits,1501,0.04930046635576282,0.39572192513368987
38f,45,iforest+entropy:max,cal,Fuzzers,1092,0.03296703296703297,0.1925133689839572
38f,45,iforest+entropy:max,cal,Generic,240,0.008333333333333333,0.0106951871657754
38f,45,iforest+entropy:max,cal,Normal,927,0.008629989212513484,0.0427807486631016
38f,45,iforest+entropy:max,cal,Reconnaissance,577,0.01733102253032929,0.053475935828877004
38f,45,iforest+entropy:max,test,Analysis,438,0.045662100456621,0.015105740181268883
38f,45,iforest+entropy:max,test,Backdoor,345,0.06666666666666667,0.017371601208459216
38f,45,iforest+entropy:max,test,DoS,1694,0.08382526564344746,0.10725075528700906
38f,45,iforest+entropy:max,test,Exploits,7590,0.042687747035573126,0.24471299093655588
38f,45,iforest+entropy:max,test,Fuzzers,4810,0.032432432432432434,0.11782477341389729
38f,45,iforest+entropy:max,test,Generic,3418,0.022820362785254535,0.05891238670694864
38f,45,iforest+entropy:max,test,Normal,33832,0.01578387325608891,0.4033232628398791
38f,45,iforest+entropy:max,test,Reconnaissance,2469,0.019036046982584043,0.035498489425981876
38f,45,iforest+margin:mean,thr,Analysis,182,0.12637362637362637,0.07692307692307693
38f,45,iforest+margin:mean,thr,Backdoor,141,0.1347517730496454,0.06354515050167224
38f,45,iforest+margin:mean,thr,DoS,481,0.07068607068607069,0.11371237458193979
38f,45,iforest+margin:mean,thr,Exploits,1968,0.02693089430894309,0.17725752508361203
38f,45,iforest+margin:mean,thr,Fuzzers,1470,0.0761904761904762,0.3745819397993311
38f,45,iforest+margin:mean,thr,Generic,96,0.041666666666666664,0.013377926421404682
38f,45,iforest+margin:mean,thr,Normal,890,0.04943820224719101,0.14715719063545152
38f,45,iforest+margin:mean,thr,Reconnaissance,772,0.012953367875647668,0.033444816053511704
38f,45,iforest+margin:mean,cal,Analysis,109,0.10091743119266056,0.05314009661835749
38f,45,iforest+margin:mean,cal,Backdoor,84,0.15476190476190477,0.06280193236714976
38f,45,iforest+margin:mean,cal,DoS,270,0.1111111111111111,0.14492753623188406
38f,45,iforest+margin:mean,cal,Exploits,1501,0.03264490339773484,0.23671497584541062
38f,45,iforest+margin:mean,cal,Fuzzers,1092,0.07051282051282051,0.3719806763285024
38f,45,iforest+margin:mean,cal,Generic,240,0.025,0.028985507246376812
38f,45,iforest+margin:mean,cal,Normal,927,0.016181229773462782,0.07246376811594203
38f,45,iforest+margin:mean,cal,Reconnaissance,577,0.010398613518197574,0.028985507246376812
38f,45,iforest+margin:mean,test,Analysis,438,0.0319634703196347,0.008900190718372537
38f,45,iforest+margin:mean,test,Backdoor,345,0.057971014492753624,0.012714558169103624
38f,45,iforest+margin:mean,test,DoS,1694,0.06375442739079103,0.06865861411315957
38f,45,iforest+margin:mean,test,Exploits,7590,0.02015810276679842,0.09726636999364272
38f,45,iforest+margin:mean,test,Fuzzers,4810,0.062162162162162166,0.19008264462809918
38f,45,iforest+margin:mean,test,Generic,3418,0.03013458162668227,0.06547997457088366
38f,45,iforest+margin:mean,test,Normal,33832,0.0251241428233625,0.540368722186904
38f,45,iforest+margin:mean,test,Reconnaissance,2469,0.010530579181855002,0.01652892561983471
38f,45,iforest+margin:max,thr,Analysis,182,0.038461538461538464,0.023411371237458192
38f,45,iforest+margin:max,thr,Backdoor,141,0.02127659574468085,0.010033444816053512
38f,45,iforest+margin:max,thr,DoS,481,0.07276507276507277,0.11705685618729098
38f,45,iforest+margin:max,thr,Exploits,1968,0.04878048780487805,0.3210702341137124
38f,45,iforest+margin:max,thr,Fuzzers,1470,0.06394557823129252,0.31438127090301005
38f,45,iforest+margin:max,thr,Generic,96,0.0,0.0
38f,45,iforest+margin:max,thr,Normal,890,0.058426966292134834,0.17391304347826086
38f,45,iforest+margin:max,thr,Reconnaissance,772,0.015544041450777202,0.04013377926421405
38f,45,iforest+margin:max,cal,Analysis,109,0.009174311926605505,0.004761904761904762
38f,45,iforest+margin:max,cal,Backdoor,84,0.0,0.0
38f,45,iforest+margin:max,cal,DoS,270,0.1,0.12857142857142856
38f,45,iforest+margin:max,cal,Exploits,1501,0.05729513657561625,0.4095238095238095
38f,45,iforest+margin:max,cal,Fuzzers,1092,0.04945054945054945,0.2571428571428571
38f,45,iforest+margin:max,cal,Generic,240,0.0125,0.014285714285714285
38f,45,iforest+margin:max,cal,Normal,927,0.03559870550161812,0.15714285714285714
38f,45,iforest+margin:max,cal,Reconnaissance,577,0.010398613518197574,0.02857142857142857
38f,45,iforest+margin:max,test,Analysis,438,0.0045662100456621,0.0009732360097323601
38f,45,iforest+margin:max,test,Backdoor,345,0.005797101449275362,0.0009732360097323601
38f,45,iforest+margin:max,test,DoS,1694,0.06965761511216056,0.05742092457420925
38f,45,iforest+margin:max,test,Exploits,7590,0.0466403162055336,0.17226277372262774
38f,45,iforest+margin:max,test,Fuzzers,4810,0.04282744282744283,0.10024330900243308
38f,45,iforest+margin:max,test,Generic,3418,0.014335868929198362,0.023844282238442822
38f,45,iforest+margin:max,test,Normal,33832,0.038277370536769925,0.6301703163017032
38f,45,iforest+margin:max,test,Reconnaissance,2469,0.011745646010530578,0.014111922141119221
38f,45,iforest+conformal:mean,thr,Analysis,182,0.0989010989010989,0.06
38f,45,iforest+conformal:mean,thr,Backdoor,141,0.1347517730496454,0.06333333333333334
38f,45,iforest+conformal:mean,thr,DoS,481,0.07484407484407485,0.12
38f,45,iforest+conformal:mean,thr,Exploits,1968,0.051829268292682924,0.34
38f,45,iforest+conformal:mean,thr,Fuzzers,1470,0.05442176870748299,0.26666666666666666
38f,45,iforest+conformal:mean,thr,Generic,96,0.041666666666666664,0.013333333333333334
38f,45,iforest+conformal:mean,thr,Normal,890,0.02359550561797753,0.07
38f,45,iforest+conformal:mean,thr,Reconnaissance,772,0.025906735751295335,0.06666666666666667
38f,45,iforest+conformal:mean,cal,Analysis,109,0.10091743119266056,0.044897959183673466
38f,45,iforest+conformal:mean,cal,Backdoor,84,0.15476190476190477,0.053061224489795916
38f,45,iforest+conformal:mean,cal,DoS,270,0.12962962962962962,0.14285714285714285
38f,45,iforest+conformal:mean,cal,Exploits,1501,0.05996002664890073,0.3673469387755102
38f,45,iforest+conformal:mean,cal,Fuzzers,1092,0.04120879120879121,0.1836734693877551
38f,45,iforest+conformal:mean,cal,Generic,240,0.0875,0.08571428571428572
38f,45,iforest+conformal:mean,cal,Normal,927,0.022653721682847898,0.08571428571428572
38f,45,iforest+conformal:mean,cal,Reconnaissance,577,0.01559792027729636,0.036734693877551024
38f,45,iforest+conformal:mean,test,Analysis,438,0.02511415525114155,0.00927487352445194
38f,45,iforest+conformal:mean,test,Backdoor,345,0.05217391304347826,0.01517706576728499
38f,45,iforest+conformal:mean,test,DoS,1694,0.07024793388429752,0.10033726812816189
38f,45,iforest+conformal:mean,test,Exploits,7590,0.042028985507246375,0.26897133220910624
38f,45,iforest+conformal:mean,test,Fuzzers,4810,0.033471933471933474,0.1357504215851602
38f,45,iforest+conformal:mean,test,Generic,3418,0.05968402574605032,0.17200674536256325
38f,45,iforest+conformal:mean,test,Normal,33832,0.009606289903050366,0.2740303541315346
38f,45,iforest+conformal:mean,test,Reconnaissance,2469,0.011745646010530578,0.024451939291736932
38f,45,iforest+conformal:max,thr,Analysis,182,0.038461538461538464,0.02348993288590604
38f,45,iforest+conformal:max,thr,Backdoor,141,0.07801418439716312,0.03691275167785235
38f,45,iforest+conformal:max,thr,DoS,481,0.07068607068607069,0.11409395973154363
38f,45,iforest+conformal:max,thr,Exploits,1968,0.056402439024390245,0.3724832214765101
38f,45,iforest+conformal:max,thr,Fuzzers,1470,0.050340136054421766,0.2483221476510067
38f,45,iforest+conformal:max,thr,Generic,96,0.041666666666666664,0.013422818791946308
38f,45,iforest+conformal:max,thr,Normal,890,0.03932584269662921,0.1174496644295302
38f,45,iforest+conformal:max,thr,Reconnaissance,772,0.02849740932642487,0.0738255033557047
38f,45,iforest+conformal:max,cal,Analysis,109,0.009174311926605505,0.00510204081632653
38f,45,iforest+conformal:max,cal,Backdoor,84,0.05952380952380952,0.025510204081632654
38f,45,iforest+conformal:max,cal,DoS,270,0.1111111111111111,0.15306122448979592
38f,45,iforest+conformal:max,cal,Exploits,1501,0.06662225183211193,0.5102040816326531
38f,45,iforest+conformal:max,cal,Fuzzers,1092,0.027472527472527472,0.15306122448979592
38f,45,iforest+conformal:max,cal,Generic,240,0.0375,0.04591836734693878
38f,45,iforest+conformal:max,cal,Normal,927,0.009708737864077669,0.04591836734693878
38f,45,iforest+conformal:max,cal,Reconnaissance,577,0.02079722703639515,0.061224489795918366
38f,45,iforest+conformal:max,test,Analysis,438,0.00684931506849315,0.002172338884866039
38f,45,iforest+conformal:max,test,Backdoor,345,0.020289855072463767,0.005068790731354091
38f,45,iforest+conformal:max,test,DoS,1694,0.06847697756788666,0.08399710354815351
38f,45,iforest+conformal:max,test,Exploits,7590,0.05230566534914361,0.28747284576393917
38f,45,iforest+conformal:max,test,Fuzzers,4810,0.02474012474012474,0.08616944243301955
38f,45,iforest+conformal:max,test,Generic,3418,0.04388531304856641,0.10861694424330195
38f,45,iforest+conformal:max,test,Normal,33832,0.01551785292031213,0.38015930485155686
38f,45,iforest+conformal:max,test,Reconnaissance,2469,0.025921425678412314,0.04634322954380883
38f,46,msp,thr,Analysis,184,0.14673913043478262,0.09310344827586207
38f,46,msp,thr,Backdoor,271,0.15129151291512916,0.1413793103448276
38f,46,msp,thr,DoS,190,0.18421052631578946,0.1206896551724138
38f,46,msp,thr,Exploits,872,0.06651376146788991,0.2
38f,46,msp,thr,Fuzzers,915,0.07978142076502732,0.2517241379310345
38f,46,msp,thr,Generic,185,0.032432432432432434,0.020689655172413793
38f,46,msp,thr,Normal,2777,0.013683831472812387,0.1310344827586207
38f,46,msp,thr,Reconnaissance,406,0.029556650246305417,0.041379310344827586
38f,46,msp,cal,Analysis,64,0.21875,0.0673076923076923
38f,46,msp,cal,Backdoor,65,0.18461538461538463,0.057692307692307696
38f,46,msp,cal,DoS,190,0.09473684210526316,0.08653846153846154
38f,46,msp,cal,Exploits,988,0.043522267206477734,0.20673076923076922
38f,46,msp,cal,Fuzzers,720,0.06111111111111111,0.21153846153846154
38f,46,msp,cal,Normal,2620,0.025190839694656488,0.3173076923076923
38f,46,msp,cal,Reconnaissance,353,0.031161473087818695,0.052884615384615384
38f,46,msp,test,Analysis,438,0.1004566210045662,0.013784461152882205
38f,46,msp,test,Backdoor,345,0.07246376811594203,0.007832080200501253
38f,46,msp,test,DoS,1694,0.10684769775678866,0.05670426065162907
38f,46,msp,test,Exploits,7590,0.0538866930171278,0.12813283208020051
38f,46,msp,test,Fuzzers,4810,0.0787941787941788,0.118734335839599
38f,46,msp,test,Generic,3418,0.03627852545348157,0.03884711779448621
38f,46,msp,test,Normal,33832,0.057076140931662335,0.6049498746867168
38f,46,msp,test,Reconnaissance,2469,0.040097205346294046,0.03101503759398496
38f,46,entropy,thr,Analysis,184,0.33695652173913043,0.2440944881889764
38f,46,entropy,thr,Backdoor,271,0.33210332103321033,0.3543307086614173
38f,46,entropy,thr,DoS,190,0.13157894736842105,0.0984251968503937
38f,46,entropy,thr,Exploits,872,0.02408256880733945,0.08267716535433071
38f,46,entropy,thr,Fuzzers,915,0.033879781420765025,0.1220472440944882
38f,46,entropy,thr,Generic,185,0.010810810810810811,0.007874015748031496
38f,46,entropy,thr,Normal,2777,0.0007202016564638099,0.007874015748031496
38f,46,entropy,thr,Reconnaissance,406,0.05172413793103448,0.08267716535433071
38f,46,entropy,cal,Analysis,64,0.09375,0.1
38f,46,entropy,cal,Backdoor,65,0.1076923076923077,0.11666666666666667
38f,46,entropy,cal,DoS,190,0.02631578947368421,0.08333333333333333
38f,46,entropy,cal,Exploits,988,0.016194331983805668,0.26666666666666666
38f,46,entropy,cal,Fuzzers,720,0.019444444444444445,0.23333333333333334
38f,46,entropy,cal,Normal,2620,0.0022900763358778627,0.1
38f,46,entropy,cal,Reconnaissance,353,0.0169971671388102,0.1
38f,46,entropy,test,Analysis,438,0.15296803652968036,0.07995226730310262
38f,46,entropy,test,Backdoor,345,0.11014492753623188,0.045346062052505964
38f,46,entropy,test,DoS,1694,0.08264462809917356,0.16706443914081145
38f,46,entropy,test,Exploits,7590,0.019235836627140974,0.17422434367541767
38f,46,entropy,test,Fuzzers,4810,0.03451143451143451,0.19809069212410502
38f,46,entropy,test,Generic,3418,0.021357519016968987,0.08711217183770883
38f,46,entropy,test,Normal,33832,0.003428706550011823,0.13842482100238662
38f,46,entropy,test,Reconnaissance,2469,0.0372620494127177,0.10978520286396182
38f,46,margin,thr,Analysis,184,0.016304347826086956,0.010344827586206896
38f,46,margin,thr,Backdoor,271,0.02214022140221402,0.020689655172413793
38f,46,margin,thr,DoS,190,0.1,0.06551724137931035
38f,46,margin,thr,Exploits,872,0.06192660550458716,0.18620689655172415
38f,46,margin,thr,Fuzzers,915,0.126775956284153,0.4
38f,46,margin,thr,Generic,185,0.016216216216216217,0.010344827586206896
38f,46,margin,thr,Normal,2777,0.02772776377385668,0.2655172413793103
38f,46,margin,thr,Reconnaissance,406,0.029556650246305417,0.041379310344827586
38f,46,margin,cal,Analysis,64,0.125,0.03292181069958848
38f,46,margin,cal,Backdoor,65,0.0,0.0
38f,46,margin,cal,DoS,190,0.09473684210526316,0.07407407407407407
38f,46,margin,cal,Exploits,988,0.043522267206477734,0.17695473251028807
38f,46,margin,cal,Fuzzers,720,0.1,0.2962962962962963
38f,46,margin,cal,Normal,2620,0.03282442748091603,0.35390946502057613
38f,46,margin,cal,Reconnaissance,353,0.0453257790368272,0.06584362139917696
38f,46,margin,test,Analysis,438,0.02968036529680365,0.002746672300866258
38f,46,margin,test,Backdoor,345,0.020289855072463767,0.001478977392774139
38f,46,margin,test,DoS,1694,0.10448642266824085,0.037396999788717515
38f,46,margin,test,Exploits,7590,0.05981554677206851,0.09592224804563702
38f,46,margin,test,Fuzzers,4810,0.11476091476091477,0.11662793154447497
38f,46,margin,test,Generic,3418,0.028086600351082503,0.020283118529473905
38f,46,margin,test,Normal,33832,0.09807283045637266,0.7010352841749419
38f,46,margin,test,Reconnaissance,2469,0.04698258404212231,0.024508768223114305
38f,46,conformal,thr,Analysis,184,0.0,0.0
38f,46,conformal,thr,Backdoor,271,0.0036900369003690036,0.0034482758620689655
38f,46,conformal,thr,DoS,190,0.015789473684210527,0.010344827586206896
38f,46,conformal,thr,Exploits,872,0.017201834862385322,0.05172413793103448
38f,46,conformal,thr,Fuzzers,915,0.06666666666666667,0.2103448275862069
38f,46,conformal,thr,Generic,185,0.8648648648648649,0.5517241379310345
38f,46,conformal,thr,Normal,2777,0.018005041411595247,0.1724137931034483
38f,46,conformal,thr,Reconnaissance,406,0.0,0.0
38f,46,conformal,cal,Analysis,64,0.0,0.0
38f,46,conformal,cal,Backdoor,65,0.0,0.0
38f,46,conformal,cal,DoS,190,0.015789473684210527,0.02912621359223301
38f,46,conformal,cal,Exploits,988,0.016194331983805668,0.1553398058252427
38f,46,conformal,cal,Fuzzers,720,0.05138888888888889,0.3592233009708738
38f,46,conformal,cal,Normal,2620,0.017557251908396947,0.44660194174757284
38f,46,conformal,cal,Reconnaissance,353,0.0028328611898017,0.009708737864077669
38f,46,conformal,test,Analysis,438,0.0,0.0
38f,46,conformal,test,Backdoor,345,0.008695652173913044,0.0005687203791469195
38f,46,conformal,test,DoS,1694,0.023022432113341203,0.007393364928909953
38f,46,conformal,test,Exploits,7590,0.019762845849802372,0.02843601895734597
38f,46,conformal,test,Fuzzers,4810,0.07172557172557173,0.06540284360189573
38f,46,conformal,test,Generic,3418,0.868929198361615,0.5630331753554503
38f,46,conformal,test,Normal,33832,0.05107590446914164,0.32758293838862557
38f,46,conformal,test,Reconnaissance,2469,0.016200891049007696,0.007582938388625593
38f,46,iforest,thr,Analysis,184,0.010869565217391304,0.006896551724137931
38f,46,iforest,thr,Backdoor,271,0.0,0.0
38f,46,iforest,thr,DoS,190,0.07368421052631578,0.04827586206896552
38f,46,iforest,thr,Exploits,872,0.09862385321100918,0.296551724137931
38f,46,iforest,thr,Fuzzers,915,0.07650273224043716,0.2413793103448276
38f,46,iforest,thr,Generic,185,0.032432432432432434,0.020689655172413793
38f,46,iforest,thr,Normal,2777,0.03961109110550954,0.3793103448275862
38f,46,iforest,thr,Reconnaissance,406,0.0049261083743842365,0.006896551724137931
38f,46,iforest,cal,Analysis,64,0.0625,0.016129032258064516
38f,46,iforest,cal,Backdoor,65,0.03076923076923077,0.008064516129032258
38f,46,iforest,cal,DoS,190,0.07894736842105263,0.06048387096774194
38f,46,iforest,cal,Exploits,988,0.09109311740890688,0.3629032258064516
38f,46,iforest,cal,Fuzzers,720,0.10833333333333334,0.31451612903225806
38f,46,iforest,cal,Normal,2620,0.021755725190839695,0.22983870967741934
38f,46,iforest,cal,Reconnaissance,353,0.0056657223796034,0.008064516129032258
38f,46,iforest,test,Analysis,438,0.00228310502283105,0.0004868549172346641
38f,46,iforest,test,Backdoor,345,0.011594202898550725,0.0019474196689386564
38f,46,iforest,test,DoS,1694,0.06847697756788666,0.05647517039922103
38f,46,iforest,test,Exploits,7590,0.08102766798418973,0.2994157740993184
38f,46,iforest,test,Fuzzers,4810,0.055301455301455305,0.12950340798442064
38f,46,iforest,test,Generic,3418,0.012287887653598596,0.02044790652385589
38f,46,iforest,test,Normal,33832,0.02955781508630882,0.48685491723466406
38f,46,iforest,test,Reconnaissance,2469,0.004050222762251924,0.004868549172346641
38f,46,iforest+msp:mean,thr,Analysis,184,0.09239130434782608,0.05862068965517241
38f,46,iforest+msp:mean,thr,Backdoor,271,0.15129151291512916,0.1413793103448276
38f,46,iforest+msp:mean,thr,DoS,190,0.16842105263157894,0.1103448275862069
38f,46,iforest+msp:mean,thr,Exploits,872,0.05389908256880734,0.16206896551724137
38f,46,iforest+msp:mean,thr,Fuzzers,915,0.0907103825136612,0.28620689655172415
38f,46,iforest+msp:mean,thr,Generic,185,0.03783783783783784,0.02413793103448276
38f,46,iforest+msp:mean,thr,Normal,2777,0.01620453727043572,0.15517241379310345
38f,46,iforest+msp:mean,thr,Reconnaissance,406,0.04433497536945813,0.06206896551724138
38f,46,iforest+msp:mean,cal,Analysis,64,0.3125,0.10416666666666667
38f,46,iforest+msp:mean,cal,Backdoor,65,0.2153846153846154,0.07291666666666667
38f,46,iforest+msp:mean,cal,DoS,190,0.13157894736842105,0.13020833333333334
38f,46,iforest+msp:mean,cal,Exploits,988,0.032388663967611336,0.16666666666666666
38f,46,iforest+msp:mean,cal,Fuzzers,720,0.09166666666666666,0.34375
38f,46,iforest+msp:mean,cal,Normal,2620,0.00916030534351145,0.125
38f,46,iforest+msp:mean,cal,Reconnaissance,353,0.031161473087818695,0.057291666666666664
38f,46,iforest+msp:mean,test,Analysis,438,0.1187214611872146,0.024208566108007448
38f,46,iforest+msp:mean,test,Backdoor,345,0.11884057971014493,0.019087523277467412
38f,46,iforest+msp:mean,test,DoS,1694,0.10448642266824085,0.0824022346368715
38f,46,iforest+msp:mean,test,Exploits,7590,0.033465085638998686,0.11824953445065177
38f,46,iforest+msp:mean,test,Fuzzers,4810,0.08087318087318088,0.18109869646182494
38f,46,iforest+msp:mean,test,Generic,3418,0.0403744880046811,0.06424581005586592
38f,46,iforest+msp:mean,test,Normal,33832,0.030385433908725466,0.478584729981378
38f,46,iforest+msp:mean,test,Reconnaissance,2469,0.027946537059538274,0.03212290502793296
38f,46,iforest+msp:max,thr,Analysis,184,0.043478260869565216,0.028169014084507043
38f,46,iforest+msp:max,thr,Backdoor,271,0.04797047970479705,0.045774647887323945
38f,46,iforest+msp:max,thr,DoS,190,0.13157894736842105,0.0880281690140845
38f,46,iforest+msp:max,thr,Exploits,872,0.08486238532110092,0.2605633802816901
38f,46,iforest+msp:max,thr,Fuzzers,915,0.08196721311475409,0.2640845070422535
38f,46,iforest+msp:max,thr,Generic,185,0.03783783783783784,0.02464788732394366
38f,46,iforest+msp:max,thr,Normal,2777,0.02772776377385668,0.2711267605633803
38f,46,iforest+msp:max,thr,Reconnaissance,406,0.012315270935960592,0.017605633802816902
38f,46,iforest+msp:max,cal,Analysis,64,0.125,0.03463203463203463
38f,46,iforest+msp:max,cal,Backdoor,65,0.07692307692307693,0.021645021645021644
38f,46,iforest+msp:max,cal,DoS,190,0.11578947368421053,0.09523809523809523
38f,46,iforest+msp:max,cal,Exploits,988,0.0708502024291498,0.30303030303030304
38f,46,iforest+msp:max,cal,Fuzzers,720,0.06805555555555555,0.21212121212121213
38f,46,iforest+msp:max,cal,Normal,2620,0.02748091603053435,0.3116883116883117
38f,46,iforest+msp:max,cal,Reconnaissance,353,0.014164305949008499,0.021645021645021644
38f,46,iforest+msp:max,test,Analysis,438,0.0319634703196347,0.0048493245583650845
38f,46,iforest+msp:max,test,Backdoor,345,0.02318840579710145,0.0027710426047800486
38f,46,iforest+msp:max,test,DoS,1694,0.11216056670602124,0.06581226186352615
38f,46,iforest+msp:max,test,Exploits,7590,0.07246376811594203,0.19050917907862833
38f,46,iforest+msp:max,test,Fuzzers,4810,0.05800415800415801,0.0966401108417042
38f,46,iforest+msp:max,test,Generic,3418,0.03188999414862493,0.03775545549012816
38f,46,iforest+msp:max,test,Normal,33832,0.04974580279025775,0.5829580879806027
38f,46,iforest+msp:max,test,Reconnaissance,2469,0.02187120291616039,0.018704537582265326
38f,46,iforest+entropy:mean,thr,Analysis,184,0.11413043478260869,0.07342657342657342
38f,46,iforest+entropy:mean,thr,Backdoor,271,0.2029520295202952,0.19230769230769232
38f,46,iforest+entropy:mean,thr,DoS,190,0.1736842105263158,0.11538461538461539
38f,46,iforest+entropy:mean,thr,Exploits,872,0.045871559633027525,0.13986013986013987
38f,46,iforest+entropy:mean,thr,Fuzzers,915,0.07759562841530054,0.24825174825174826
38f,46,iforest+entropy:mean,thr,Generic,185,0.03783783783783784,0.024475524475524476
38f,46,iforest+entropy:mean,thr,Normal,2777,0.012603528988116673,0.12237762237762238
38f,46,iforest+entropy:mean,thr,Reconnaissance,406,0.059113300492610835,0.08391608391608392
38f,46,iforest+entropy:mean,cal,Analysis,64,0.265625,0.09941520467836257
38f,46,iforest+entropy:mean,cal,Backdoor,65,0.2153846153846154,0.08187134502923976
38f,46,iforest+entropy:mean,cal,DoS,190,0.07894736842105263,0.08771929824561403
38f,46,iforest+entropy:mean,cal,Exploits,988,0.030364372469635626,0.17543859649122806
38f,46,iforest+entropy:mean,cal,Fuzzers,720,0.08194444444444444,0.34502923976608185
38f,46,iforest+entropy:mean,cal,Normal,2620,0.008396946564885497,0.1286549707602339
38f,46,iforest+entropy:mean,cal,Reconnaissance,353,0.039660056657223795,0.08187134502923976
38f,46,iforest+entropy:mean,test,Analysis,438,0.1643835616438356,0.046242774566473986
38f,46,iforest+entropy:mean,test,Backdoor,345,0.14202898550724638,0.03147077713551702
38f,46,iforest+entropy:mean,test,DoS,1694,0.09445100354191263,0.10276172125883108
38f,46,iforest+entropy:mean,test,Exploits,7590,0.029776021080368906,0.14515093127809892
38f,46,iforest+entropy:mean,test,Fuzzers,4810,0.06694386694386695,0.20680796403339757
38f,46,iforest+entropy:mean,test,Generic,3418,0.0342305441778818,0.07514450867052024
38f,46,iforest+entropy:mean,test,Normal,33832,0.01599077796169307,0.3474630700064226
38f,46,iforest+entropy:mean,test,Reconnaissance,2469,0.028351559335763468,0.0449582530507386
38f,46,iforest+entropy:max,thr,Analysis,184,0.14130434782608695,0.11659192825112108
38f,46,iforest+entropy:max,thr,Backdoor,271,0.21033210332103322,0.2556053811659193
38f,46,iforest+entropy:max,thr,DoS,190,0.15263157894736842,0.13004484304932734
38f,46,iforest+entropy:max,thr,Exploits,872,0.04357798165137615,0.17040358744394618
38f,46,iforest+entropy:max,thr,Fuzzers,915,0.036065573770491806,0.14798206278026907
38f,46,iforest+entropy:max,thr,Generic,185,0.021621621621621623,0.017937219730941704
38f,46,iforest+entropy:max,thr,Normal,2777,0.008642419877565718,0.10762331838565023
38f,46,iforest+entropy:max,thr,Reconnaissance,406,0.029556650246305417,0.053811659192825115
38f,46,iforest+entropy:max,cal,Analysis,64,0.09375,0.057692307692307696
38f,46,iforest+entropy:max,cal,Backdoor,65,0.1076923076923077,0.0673076923076923
38f,46,iforest+entropy:max,cal,DoS,190,0.06842105263157895,0.125
38f,46,iforest+entropy:max,cal,Exploits,988,0.03643724696356275,0.34615384615384615
38f,46,iforest+entropy:max,cal,Fuzzers,720,0.02638888888888889,0.18269230769230768
38f,46,iforest+entropy:max,cal,Normal,2620,0.0064885496183206106,0.16346153846153846
38f,46,iforest+entropy:max,cal,Reconnaissance,353,0.0169971671388102,0.057692307692307696
38f,46,iforest+entropy:max,test,Analysis,438,0.1187214611872146,0.04521739130434783
38f,46,iforest+entropy:max,test,Backdoor,345,0.08405797101449275,0.025217391304347827
38f,46,iforest+entropy:max,test,DoS,1694,0.09622195985832349,0.14173913043478262
38f,46,iforest+entropy:max,test,Exploits,7590,0.035836627140974964,0.23652173913043478
38f,46,iforest+entropy:max,test,Fuzzers,4810,0.02972972972972973,0.12434782608695652
38f,46,iforest+entropy:max,test,Generic,3418,0.022527794031597426,0.06695652173913043
38f,46,iforest+entropy:max,test,Normal,33832,0.010433908725467013,0.30695652173913046
38f,46,iforest+entropy:max,test,Reconnaissance,2469,0.024706358849736737,0.05304347826086957
38f,46,iforest+margin:mean,thr,Analysis,184,0.07608695652173914,0.04827586206896552
38f,46,iforest+margin:mean,thr,Backdoor,271,0.08487084870848709,0.07931034482758621
38f,46,iforest+margin:mean,thr,DoS,190,0.12631578947368421,0.08275862068965517
38f,46,iforest+margin:mean,thr,Exploits,872,0.051605504587155966,0.15517241379310345
38f,46,iforest+margin:mean,thr,Fuzzers,915,0.10382513661202186,0.3275862068965517
38f,46,iforest+margin:mean,thr,Generic,185,0.04864864864864865,0.03103448275862069
38f,46,iforest+margin:mean,thr,Normal,2777,0.02340655383507382,0.22413793103448276
38f,46,iforest+margin:mean,thr,Reconnaissance,406,0.03694581280788178,0.05172413793103448
38f,46,iforest+margin:mean,cal,Analysis,64,0.203125,0.06280193236714976
38f,46,iforest+margin:mean,cal,Backdoor,65,0.13846153846153847,0.043478260869565216
38f,46,iforest+margin:mean,cal,DoS,190,0.12631578947368421,0.11594202898550725
38f,46,iforest+margin:mean,cal,Exploits,988,0.03744939271255061,0.178743961352657
38f,46,iforest+margin:mean,cal,Fuzzers,720,0.125,0.43478260869565216
38f,46,iforest+margin:mean,cal,Normal,2620,0.00916030534351145,0.11594202898550725
38f,46,iforest+margin:mean,cal,Reconnaissance,353,0.028328611898016998,0.04830917874396135
38f,46,iforest+margin:mean,test,Analysis,438,0.0547945205479452,0.009342156481121059
38f,46,iforest+margin:mean,test,Backdoor,345,0.06956521739130435,0.009342156481121059
38f,46,iforest+margin:mean,test,DoS,1694,0.09149940968122787,0.06033476060724017
38f,46,iforest+margin:mean,test,Exploits,7590,0.03438735177865613,0.10159595173219152
38f,46,iforest+margin:mean,test,Fuzzers,4810,0.0972972972972973,0.18217205138186066
38f,46,iforest+margin:mean,test,Generic,3418,0.042422469280280865,0.05644219540677306
38f,46,iforest+margin:mean,test,Normal,33832,0.04271104279971624,0.5624756714674971
38f,46,iforest+margin:mean,test,Reconnaissance,2469,0.019036046982584043,0.018295056442195406
38f,46,iforest+margin:max,thr,Analysis,184,0.005434782608695652,0.0034482758620689655
38f,46,iforest+margin:max,thr,Backdoor,271,0.014760147601476014,0.013793103448275862
38f,46,iforest+margin:max,thr,DoS,190,0.11052631578947368,0.07241379310344828
38f,46,iforest+margin:max,thr,Exploits,872,0.07339449541284404,0.2206896551724138
38f,46,iforest+margin:max,thr,Fuzzers,915,0.10491803278688525,0.3310344827586207
38f,46,iforest+margin:max,thr,Generic,185,0.02702702702702703,0.017241379310344827
38f,46,iforest+margin:max,thr,Normal,2777,0.03312927619733525,0.31724137931034485
38f,46,iforest+margin:max,thr,Reconnaissance,406,0.017241379310344827,0.02413793103448276
38f,46,iforest+margin:max,cal,Analysis,64,0.09375,0.027906976744186046
38f,46,iforest+margin:max,cal,Backdoor,65,0.0,0.0
38f,46,iforest+margin:max,cal,DoS,190,0.08947368421052632,0.07906976744186046
38f,46,iforest+margin:max,cal,Exploits,988,0.06275303643724696,0.28837209302325584
38f,46,iforest+margin:max,cal,Fuzzers,720,0.08333333333333333,0.27906976744186046
38f,46,iforest+margin:max,cal,Normal,2620,0.024045801526717557,0.2930232558139535
38f,46,iforest+margin:max,cal,Reconnaissance,353,0.019830028328611898,0.03255813953488372
38f,46,iforest+margin:max,test,Analysis,438,0.0182648401826484,0.002365464222353637
38f,46,iforest+margin:max,test,Backdoor,345,0.011594202898550725,0.0011827321111768185
38f,46,iforest+margin:max,test,DoS,1694,0.09858323494687131,0.04937906564163217
38f,46,iforest+margin:max,test,Exploits,7590,0.06679841897233202,0.14991129509166173
38f,46,iforest+margin:max,test,Fuzzers,4810,0.06361746361746362,0.0904790065050266
38f,46,iforest+margin:max,test,Generic,3418,0.017554125219426564,0.017740981667652277
38f,46,iforest+margin:max,test,Normal,33832,0.06759872310238828,0.676227084565346
38f,46,iforest+margin:max,test,Reconnaissance,2469,0.017415957877683273,0.0127143701951508
38f,46,iforest+conformal:mean,thr,Analysis,184,0.0,0.0
38f,46,iforest+conformal:mean,thr,Backdoor,271,0.007380073800738007,0.006896551724137931
38f,46,iforest+conformal:mean,thr,DoS,190,0.031578947368421054,0.020689655172413793
38f,46,iforest+conformal:mean,thr,Exploits,872,0.0389908256880734,0.11724137931034483
38f,46,iforest+conformal:mean,thr,Fuzzers,915,0.0633879781420765,0.2
38f,46,iforest+conformal:mean,thr,Generic,185,0.23783783783783785,0.15172413793103448
38f,46,iforest+conformal:mean,thr,Normal,2777,0.0511343176089305,0.4896551724137931
38f,46,iforest+conformal:mean,thr,Reconnaissance,406,0.009852216748768473,0.013793103448275862
38f,46,iforest+conformal:mean,cal,Analysis,64,0.046875,0.018633540372670808
38f,46,iforest+conformal:mean,cal,Backdoor,65,0.015384615384615385,0.006211180124223602
38f,46,iforest+conformal:mean,cal,DoS,190,0.031578947368421054,0.037267080745341616
38f,46,iforest+conformal:mean,cal,Exploits,988,0.02834008097165992,0.17391304347826086
38f,46,iforest+conformal:mean,cal,Fuzzers,720,0.07777777777777778,0.34782608695652173
38f,46,iforest+conformal:mean,cal,Normal,2620,0.02480916030534351,0.40372670807453415
38f,46,iforest+conformal:mean,cal,Reconnaissance,353,0.0056657223796034,0.012422360248447204
38f,46,iforest+conformal:mean,test,Analysis,438,0.0091324200913242,0.0010290712631849757
38f,46,iforest+conformal:mean,test,Backdoor,345,0.005797101449275362,0.0005145356315924878
38f,46,iforest+conformal:mean,test,DoS,1694,0.0448642266824085,0.019552354000514537
38f,46,iforest+conformal:mean,test,Exploits,7590,0.028722002635046113,0.056084383843581165
38f,46,iforest+conformal:mean,test,Fuzzers,4810,0.0681912681912682,0.084383843581168
38f,46,iforest+conformal:mean,test,Generic,3418,0.23698069046225864,0.20838693079495754
38f,46,iforest+conformal:mean,test,Normal,33832,0.07191416410498935,0.6259325958322614
38f,46,iforest+conformal:mean,test,Reconnaissance,2469,0.0064803564196030785,0.004116285052739903
38f,46,iforest+conformal:max,thr,Analysis,184,0.0,0.0
38f,46,iforest+conformal:max,thr,Backdoor,271,0.0036900369003690036,0.0035087719298245615
38f,46,iforest+conformal:max,thr,DoS,190,0.042105263157894736,0.028070175438596492
38f,46,iforest+conformal:max,thr,Exploits,872,0.03784403669724771,0.11578947368421053
38f,46,iforest+conformal:max,thr,Fuzzers,915,0.046994535519125684,0.15087719298245614
38f,46,iforest+conformal:max,thr,Generic,185,0.8702702702702703,0.5649122807017544
38f,46,iforest+conformal:max,thr,Normal,2777,0.013683831472812387,0.13333333333333333
38f,46,iforest+conformal:max,thr,Reconnaissance,406,0.0024630541871921183,0.0035087719298245615
38f,46,iforest+conformal:max,cal,Analysis,64,0.0,0.0
38f,46,iforest+conformal:max,cal,Backdoor,65,0.0,0.0
38f,46,iforest+conformal:max,cal,DoS,190,0.06315789473684211,0.11538461538461539
38f,46,iforest+conformal:max,cal,Exploits,988,0.03137651821862348,0.2980769230769231
38f,46,iforest+conformal:max,cal,Fuzzers,720,0.029166666666666667,0.20192307692307693
38f,46,iforest+conformal:max,cal,Normal,2620,0.014885496183206106,0.375
38f,46,iforest+conformal:max,cal,Reconnaissance,353,0.0028328611898017,0.009615384615384616
38f,46,iforest+conformal:max,test,Analysis,438,0.0,0.0
38f,46,iforest+conformal:max,test,Backdoor,345,0.002898550724637681,0.0002388344877000239
38f,46,iforest+conformal:max,test,DoS,1694,0.05430932703659976,0.0219727728684022
38f,46,iforest+conformal:max,test,Exploits,7590,0.03438735177865613,0.062335801289706234
38f,46,iforest+conformal:max,test,Fuzzers,4810,0.03180873180873181,0.036541676618103654
38f,46,iforest+conformal:max,test,Generic,3418,0.8657109420713868,0.7067112491043707
38f,46,iforest+conformal:max,test,Normal,33832,0.02048356585481201,0.16551229997611655
38f,46,iforest+conformal:max,test,Reconnaissance,2469,0.011340623734305387,0.006687365655600669
