pool,seed,score,target,threshold,alert_fpr_off,alert_fpr_on,confident_alert_fpr,review_rate_normal,normal_called_normal_but_reviewed,share_of_false_alerts_that_skip_review,zero_day_catch,zero_day_flagged,known_attack_alert_rate,known_attack_confident_detection
48f,42,msp,0.005,0.6221810579299927,0.3076377394183022,0.30837668479545993,0.30580515488295107,0.0025715299125088674,0.0007389453771577205,0.994043043812452,0.9889366933005531,0.07990165949600492,0.9798208437680601,0.969803506068195
48f,42,msp,0.01,0.5962663888931274,0.3076377394183022,0.30905651454244504,0.3042977063135493,0.00475880822889572,0.0014187751241428233,0.9891429669485011,0.9889366933005531,0.1038721573448064,0.9805432479291081,0.9648911577730688
48f,42,msp,0.02,0.5590143203735352,0.3076377394183022,0.3116576022700402,0.30080988413336485,0.010847718136675337,0.0040198628517379995,0.977805534204458,0.990780577750461,0.17947141979102643,0.9814582931997688,0.9551627817376228
48f,42,msp,0.03,0.5237016081809998,0.3076377394183022,0.3148498462993615,0.29605107590446916,0.01879877039489241,0.0072121068810593525,0.9623366641045351,0.9920098340503996,0.2550706822372465,0.98222885763822,0.941581583509921
48f,42,msp,0.05,0.49417629837989807,0.3076377394183022,0.3220915109955072,0.2865334594466777,0.03555805154882951,0.014453771577205014,0.9313989239046887,0.9932390903503381,0.3189920098340504,0.9842515892891543,0.9232325178193026
48f,42,msp,0.075,0.4695502519607544,0.3076377394183022,0.33255497753606056,0.27326200047292504,0.059292977063135494,0.024917238117758336,0.8882590315142198,0.9944683466502766,0.3810694529809465,0.9867559237141206,0.9056058562897322
48f,42,msp,0.1,0.44981420040130615,0.3076377394183022,0.34162922676755736,0.2621482620004729,0.07948096476708441,0.033991487349255146,0.8521329746348962,0.9956976029502151,0.4191763982790412,0.988056251204007,0.8876902330957427
48f,42,msp,0.15,0.40708374977111816,0.3076377394183022,0.35782690943485457,0.239950342870655,0.11787656656419958,0.050189170016552376,0.7799769408147579,0.9975414874001229,0.5070682237246465,0.9910903486804084,0.8469947986900405
48f,42,msp,0.2,0.3626120984554291,0.3076377394183022,0.37390636084180656,0.213821234334358,0.16008512650744858,0.06626862142350437,0.6950422751729439,0.9975414874001229,0.5857406269207129,0.993691003660181,0.8027355037565016
48f,42,msp,0.3,0.26552054286003113,0.3076377394183022,0.3994147552612911,0.15337550248285647,0.2460392527784346,0.09177701584298889,0.49855880092236743,0.9993853718500307,0.727719729563614,0.9972067039106145,0.6987093045655943
48f,42,entropy,0.005,0.7977424258989895,0.3076377394183022,0.3077264128635611,0.30719437219200757,0.0005320406715535588,8.867344525892646e-05,0.9985588009223675,0.9889366933005531,0.04794099569760295,0.9790984396070121,0.9714409554999037
48f,42,entropy,0.01,0.7751319363139576,0.3076377394183022,0.3078446441239064,0.30675100496571295,0.0010936391581934264,0.00020690470560416174,0.9971176018447349,0.9889366933005531,0.07129686539643516,0.979291080716625,0.9687921402427278
48f,42,entropy,0.02,0.7391209646220543,0.3076377394183022,0.3080811066445968,0.30545046110191537,0.002630645542681485,0.0004433672262946323,0.992890084550346,0.9895513214505224,0.14136447449293177,0.9797726834906569,0.9598824889231362
48f,42,entropy,0.03,0.7096331992275331,0.3076377394183022,0.3084062426105462,0.3036474343816505,0.00475880822889572,0.0007685031922440293,0.9870292083013066,0.9901659496004918,0.21081745543945912,0.9802061259872857,0.94668657291466
48f,42,entropy,0.05,0.6633060561763373,0.3076377394183022,0.30952943958382595,0.3001891700165524,0.009340269567273587,0.0018917001655237645,0.9757878554957725,0.9920098340503996,0.3355869698832207,0.9813619726449624,0.9209689847813524
48f,42,entropy,0.075,0.6191810548426017,0.3076377394183022,0.31351974462047766,0.29306573658075197,0.020454008039725705,0.005882005202175455,0.9526325903151422,0.9938537185003073,0.4578979717271051,0.9826141398574456,0.8906280100173377
48f,42,entropy,0.1,0.571381698984077,0.3076377394183022,0.3210569874674864,0.28298652163632065,0.03807046583116576,0.013419248049184204,0.919869331283628,0.9956976029502151,0.5550092194222496,0.9844923906761703,0.8580235022153727
48f,42,entropy,0.15,0.46650306633014316,0.3076377394183022,0.3437573894537716,0.2566800662095058,0.08707732324426579,0.03611965003546938,0.834358186010761,0.9969268592501537,0.7031346035648433,0.9884896937006357,0.7804854555962243
48f,42,entropy,0.2,0.41425449300659384,0.3076377394183022,0.3633837786710806,0.22638330574603927,0.1370004729250414,0.055746039252778434,0.7358762490392007,0.9975414874001229,0.7719729563614014,0.9909458678481988,0.7247640146407244
48f,42,entropy,0.3,0.3678534795076838,0.3076377394183022,0.3978186332466304,0.15766138567037125,0.24015724757625917,0.09018089382832821,0.5124903920061491,0.9987707437000615,0.8229870928088506,0.9965324600269697,0.6639375842804854
48f,42,margin,0.005,0.9886549711227417,0.3076377394183022,0.30988413336486165,0.3045932844644124,0.005290848900449278,0.0022463939465594703,0.9901037663335897,0.9877074370006146,0.020282728948985862,0.9796763629358505,0.9748121749181275
48f,42,margin,0.01,0.979890763759613,0.3076377394183022,0.31180539134547175,0.302258217072594,0.009547174272877748,0.004167651927169544,0.9825134511913912,0.9883220651505839,0.03564843269821758,0.9802061259872857,0.9718262377191292
48f,42,margin,0.02,0.9525138139724731,0.3076377394183022,0.318337668479546,0.29436628044454954,0.023971388034996453,0.010699929061243793,0.9568601076095312,0.9889366933005531,0.07867240319606637,0.98222885763822,0.9618570602966673
48f,42,margin,0.03,0.9295756816864014,0.3076377394183022,0.3230964767084417,0.2865925750768503,0.036503901631591396,0.015458737290139513,0.9315910837817064,0.9889366933005531,0.10878918254456055,0.9835291851281064,0.9522250048160278
48f,42,margin,0.05,0.8935144543647766,0.3076377394183022,0.33084062426105465,0.276513360132419,0.05432726412863561,0.023202884842752423,0.8988278247501922,0.9901659496004918,0.15488629379225569,0.985166634559815,0.9397996532460027
48f,42,margin,0.075,0.8490563035011292,0.3076377394183022,0.34100851265074483,0.26424686687160087,0.076761645779144,0.033370773232442655,0.858954650269024,0.9938537185003073,0.22433927473878304,0.9873820073203622,0.924292043922173
48f,42,margin,0.1,0.7982808947563171,0.3076377394183022,0.35096949633483093,0.24973397966422323,0.1012355166706077,0.04333175691652873,0.8117794004611838,0.9950829748002459,0.2962507682851875,0.9894047389712964,0.9044018493546523
48f,42,margin,0.15,0.695806086063385,0.3076377394183022,0.36976826672972335,0.217841097186096,0.15192716954362734,0.06213052731142114,0.708109146810146,0.9975414874001229,0.4382298709280885,0.9927759583895204,0.8601425544211134
48f,42,margin,0.2,0.6215043663978577,0.3076377394183022,0.38262591629226766,0.19401749822653108,0.18860841806573658,0.07498817687396547,0.6306687163720215,0.9975414874001229,0.5273509526736324,0.9944615680986323,0.8211808900019264
48f,42,margin,0.3,0.4758308231830597,0.3076377394183022,0.4001241428233625,0.14539489240955308,0.2547292504138094,0.0924864034050603,0.4726172175249808,0.9993853718500307,0.6791641057160418,0.9975919861298401,0.7160470044307455
48f,42,conformal,0.005,0.7994676732481613,0.3076377394183022,0.3079924331993379,0.30104634665405533,0.006946086545282572,0.00035469378103570584,0.9785741737125289,0.9877074370006146,0.054701905347264906,0.9793392409940281,0.9655172413793104
48f,42,conformal,0.01,0.7743959036350435,0.3076377394183022,0.3101501537006385,0.2951052258217073,0.01504492787893119,0.0025124142823362496,0.9592621060722523,0.9889366933005531,0.08727719729563614,0.9800616451550761,0.9581005586592178
48f,42,conformal,0.02,0.7711962833914053,0.3076377394183022,0.3113029084890045,0.28372546701347834,0.02757744147552613,0.0036651690707022937,0.922271329746349,0.9889366933005531,0.08850645359557467,0.9803987670968984,0.9546811789635908
48f,42,conformal,0.03,0.7622154471544714,0.3076377394183022,0.3126625679829747,0.27160676282809176,0.041055805154882954,0.005024828564672499,0.8828785549577249,0.9895513214505224,0.10141364474492932,0.9808322095935272,0.9487574648429975
48f,42,conformal,0.05,0.749150582449032,0.3076377394183022,0.32581579569638214,0.25626625679829745,0.06954953889808466,0.018178056278079925,0.8330130668716371,0.9920098340503996,0.14996926859250154,0.9844923906761703,0.9349836255056829
48f,42,conformal,0.075,0.7328687572590011,0.3076377394183022,0.33796405769685506,0.24651217781981555,0.09145187987703948,0.03032631827855285,0.8013066871637202,0.9932390903503381,0.18070067609096496,0.9859853592756694,0.9158639953766133
48f,42,conformal,0.1,0.7154471544715447,0.3076377394183022,0.35498935918656893,0.23471860960037835,0.12027074958619059,0.04735161976826673,0.7629707916986934,0.9950829748002459,0.21450522433927474,0.9887304950876517,0.8971778077441727
48f,42,conformal,0.15,0.6762376179796278,0.3076377394183022,0.39249822653109484,0.20864861669425397,0.18384960983684087,0.08486048711279262,0.6782282859338971,0.9963122311001844,0.2716656422864167,0.9940281256020035,0.8570602966673088
48f,42,conformal,0.2,0.6484405663022147,0.3076377394183022,0.507566800662095,0.1913868526838496,0.31617994797824545,0.19992906124379287,0.6221176018447349,0.9975414874001229,0.34111862323294406,0.9976401464072433,0.8276343671739549
48f,42,conformal,0.3,0.563888888888889,0.3076377394183022,0.5921908252541972,0.14483329392291322,0.447357531331284,0.284553085835895,0.47079169869331283,0.9987707437000615,0.5531653349723418,0.9986033519553073,0.7316509343093817
48f,42,iforest,0.005,0.6293299825562015,0.3076377394183022,0.3080515488295105,0.30719437219200757,0.0008571766375029558,0.0004138094112083235,0.9985588009223675,0.9877074370006146,0.0006146281499692685,0.9787131573877865,0.972018878828742
48f,42,iforest,0.01,0.6187541393380808,0.3076377394183022,0.3103275005911563,0.3069283518562308,0.0033991487349255144,0.0026897611728541027,0.9976940814757879,0.9877074370006146,0.003073140749846343,0.9787131573877865,0.9649874783278751
48f,42,iforest,0.02,0.6079032993679174,0.3076377394183022,0.3129877039489241,0.306278079924332,0.006709624024592102,0.005349964530621897,0.9955803228285933,0.9877074370006146,0.0036877688998156115,0.9787613176651897,0.9488537853978039
48f,42,iforest,0.03,0.6001472758077643,0.3076377394183022,0.3147611728541026,0.3052139985812249,0.009547174272877748,0.0071234334358004255,0.9921214450422753,0.9877074370006146,0.0036877688998156115,0.978809477942593,0.9358505104989405
48f,42,iforest,0.05,0.5864881413877381,0.3076377394183022,0.3175987231023883,0.3019626389217309,0.015636084180657366,0.009960983684086072,0.9815526518063029,0.9877074370006146,0.006146281499692686,0.9790021190522057,0.9188980928530148
48f,42,iforest,0.075,0.5717349986758631,0.3076377394183022,0.3212934499881769,0.2959328446441239,0.025360605344052968,0.013655710569874675,0.9619523443504996,0.9877074370006146,0.009834050399508297,0.9791947601618185,0.9039684068580235
48f,42,iforest,0.1,0.5548332434767894,0.3076377394183022,0.3274414755261291,0.2899326081816032,0.037508867344525895,0.01980373610782691,0.9424481168332053,0.9877074370006146,0.014136447449293177,0.9794837218262378,0.885571180890002
48f,42,iforest,0.15,0.5259088062684354,0.3076377394183022,0.3395601797115157,0.27896665878458266,0.060593520926933084,0.031922440293213526,0.9068024596464259,0.9877074370006146,0.020282728948985862,0.9804469273743017,0.8419861298401079
48f,42,iforest,0.2,0.5052320579409805,0.3076377394183022,0.35374793095294393,0.2677938046819579,0.08595412627098604,0.046110191534641756,0.8704842428900845,0.9877074370006146,0.02950215119852489,0.9813619726449624,0.7841456366788673
48f,42,iforest,0.3,0.4761207782125294,0.3076377394183022,0.39436036888153225,0.24453180420903287,0.14982856467249941,0.08672262946323007,0.794869331283628,0.990780577750461,0.0878918254456054,0.9823251781930263,0.6381718358697747
48f,42,iforest+msp:mean,0.005,0.9489772727272727,0.3076377394183022,0.3084062426105462,0.3062485221092457,0.0021577205013005437,0.0007685031922440293,0.9954842428900846,0.9877074370006146,0.002458512599877074,0.9791465998844153,0.9735118474282412
48f,42,iforest+msp:mean,0.01,0.9368238636363637,0.3076377394183022,0.3089087254670135,0.30539134547174274,0.0035173799952707497,0.0012709860487112794,0.9926979246733283,0.9877074370006146,0.005531653349723417,0.9793392409940281,0.9682142169138894
48f,42,iforest+msp:mean,0.02,0.9110227272727273,0.3076377394183022,0.3100319224402932,0.30320406715535586,0.0068278552849373375,0.0023941830219910143,0.9855880092236741,0.9883220651505839,0.019053472649047325,0.9797726834906569,0.9573781544981699
48f,42,iforest+msp:mean,0.03,0.8954545454545455,0.3076377394183022,0.310682194372192,0.3015488295105226,0.009133364861669425,0.0030444549538898085,0.9802075326671791,0.9889366933005531,0.02519975414874001,0.9799171643228665,0.9538142939703332
48f,42,iforest+msp:mean,0.05,0.8556931818181819,0.3076377394183022,0.31286947268857884,0.2945140695199811,0.018355403168597777,0.005231733270276661,0.9573405073020754,0.9901659496004918,0.04978488014751076,0.9805914082065113,0.9351762666152957
48f,42,iforest+msp:mean,0.075,0.8277272727272728,0.3076377394183022,0.3159139276424687,0.28780444549538897,0.028109482147079687,0.00827618822416647,0.9355303612605688,0.990780577750461,0.0878918254456054,0.98102485070314,0.918464650356386
48f,42,iforest+msp:mean,0.1,0.8001136363636363,0.3076377394183022,0.31884015133601323,0.2791440056751005,0.03969614566091274,0.011202411917711043,0.9073789392774789,0.9920098340503996,0.13214505224339274,0.9820362165286072,0.8980446927374302
48f,42,iforest+msp:mean,0.15,0.7534090909090909,0.3076377394183022,0.3270572239300071,0.25730078032631826,0.06975644360368881,0.019419484511704894,0.8363758647194466,0.9932390903503381,0.23048555623847572,0.9833847042958967,0.8412637256790599
48f,42,iforest+msp:mean,0.2,0.7130227272727272,0.3076377394183022,0.33556987467486404,0.23412745329865217,0.10144242137621187,0.027932135256561835,0.7610491929285166,0.9944683466502766,0.3484941610325753,0.9847813523405895,0.788480061645155
48f,42,iforest+msp:mean,0.3,0.6417045454545454,0.3076377394183022,0.3562899030503665,0.19342634192480493,0.1628635611255616,0.048652163632064316,0.6287471176018448,0.9963122311001844,0.5009219422249539,0.9884415334232325,0.6721248314390291
48f,42,iforest+msp:max,0.005,0.9968181818181818,0.3076377394183022,0.3079333175691653,0.30642586899976354,0.00150744856940175,0.0002955781508630882,0.9960607225211376,0.9883220651505839,0.049170251997541485,0.9792429204392217,0.9698998266230013
48f,42,iforest+msp:max,0.01,0.9943204545454546,0.3076377394183022,0.3088791676519272,0.3049775360605344,0.003901631591392764,0.0012414282336249704,0.9913528055342045,0.9889366933005531,0.0860479409956976,0.9799653246002697,0.9618570602966673
48f,42,iforest+msp:max,0.02,0.9913636363636363,0.3076377394183022,0.31156892882478127,0.3035883187514779,0.007980610073303382,0.003931189406479073,0.9868370484242891,0.9889366933005531,0.11493546404425323,0.9805914082065113,0.9524176459256405
48f,42,iforest+msp:max,0.03,0.99,0.3076377394183022,0.31387443840151336,0.30249467959328447,0.011379758808228896,0.006236698983211161,0.9832820906994619,0.9889366933005531,0.12599877074370006,0.9808322095935272,0.9416779040647274
48f,42,iforest+msp:max,0.05,0.9840909090909091,0.3076377394183022,0.318337668479546,0.29906597304327265,0.01927169543627335,0.010699929061243793,0.9721368178324367,0.990780577750461,0.16902274124154887,0.9813619726449624,0.9126854170680023
48f,42,iforest+msp:max,0.075,0.9788977272727272,0.3076377394183022,0.32286001418775123,0.29365689288247815,0.029203121305273114,0.015222274769449042,0.9545541890853191,0.9920098340503996,0.21389059618930548,0.9818917356963976,0.8903390483529185
48f,42,iforest+msp:max,0.1,0.9706818181818182,0.3076377394183022,0.3270572239300071,0.28712461574840387,0.03993260818160321,0.019419484511704894,0.9333205226748654,0.9920098340503996,0.23786109403810696,0.982469659025236,0.8724234251589289
48f,42,iforest+msp:max,0.15,0.9543863636363635,0.3076377394183022,0.34100851265074483,0.2706904705604162,0.07031804209032869,0.033370773232442655,0.8799000768639508,0.9932390903503381,0.322679778733866,0.9847813523405895,0.8305239838181467
48f,42,iforest+msp:max,0.2,0.9309090909090909,0.3076377394183022,0.356526365571057,0.25339914873492553,0.10312721683613148,0.048888626152754786,0.8236933128362799,0.9932390903503381,0.38045482483097726,0.987333847042959,0.7913215180119437
48f,42,iforest+msp:max,0.3,0.8743181818181818,0.3076377394183022,0.39193662804445495,0.22005793331756918,0.1718786947268858,0.08429888862615276,0.715315142198309,0.9963122311001844,0.46896127842655194,0.9905605856289732,0.6908591793488731
48f,42,iforest+entropy:mean,0.005,0.9345454545454546,0.3076377394183022,0.30775597067864746,0.3066918893355403,0.0010640813431071175,0.00011823126034523528,0.9969254419677172,0.9877074370006146,0.004917025199754148,0.9789539587748025,0.9692255827393566
48f,42,iforest+entropy:mean,0.01,0.9189795454545455,0.3076377394183022,0.3080515488295105,0.30580515488295107,0.0022463939465594703,0.0004138094112083235,0.994043043812452,0.9877074370006146,0.014136447449293177,0.9791947601618185,0.9597861683683298
48f,42,iforest+entropy:mean,0.02,0.8995454545454545,0.3076377394183022,0.3083175691652873,0.3039134547174273,0.0044041144478600145,0.0006798297469851029,0.9878939277478863,0.9883220651505839,0.023970497848801474,0.979531882103641,0.9487574648429975
48f,42,iforest+entropy:mean,0.03,0.8877272727272727,0.3076377394183022,0.30905651454244504,0.3026720264838023,0.006384488058642705,0.0014187751241428233,0.983858570330515,0.9895513214505224,0.03196066379840197,0.9796763629358505,0.9388364476979387
48f,42,iforest+entropy:mean,0.05,0.8613636363636363,0.3076377394183022,0.3100614802553795,0.29942066682430835,0.010640813431071176,0.0024237408370773234,0.9732897770945427,0.9901659496004918,0.054087277197295634,0.9800134848776729,0.918946253130418
48f,42,iforest+entropy:mean,0.075,0.8361448863636364,0.3076377394183022,0.3119531804209033,0.2936273350673918,0.018325845353511467,0.0043154410026010875,0.9544581091468102,0.990780577750461,0.0860479409956976,0.9804950876517049,0.8981410132922366
48f,42,iforest+entropy:mean,0.1,0.8118636363636365,0.3076377394183022,0.3144951525183258,0.28470087491132656,0.029794277606999292,0.006857413100023646,0.9254419677171407,0.990780577750461,0.12354025814382298,0.9811211712579464,0.8736274320940088
48f,42,iforest+entropy:mean,0.15,0.7583465909090907,0.3076377394183022,0.3227122251123197,0.26247339796642233,0.06023882714589737,0.015074485694017498,0.8531898539584936,0.9932390903503381,0.24400737553779964,0.9828549412444616,0.8296089385474861
48f,42,iforest+entropy:mean,0.2,0.7149318181818181,0.3076377394183022,0.3339146370300307,0.23817687396547646,0.09573776306455427,0.02627689761172854,0.7742121445042275,0.9944683466502766,0.4007375537799631,0.9837699865151224,0.7874205355422847
48f,42,iforest+entropy:mean,0.3,0.63875,0.3076377394183022,0.35646724994088436,0.1960569874674864,0.16041026247339796,0.04882951052258217,0.6372982321291314,0.9956976029502151,0.5623847572218807,0.9870448853785397,0.6619630129069544
48f,42,iforest+entropy:max,0.005,0.9975,0.3076377394183022,0.3076968550484748,0.3072830456372665,0.0004138094112083235,5.911563017261764e-05,0.998847040737894,0.9883220651505839,0.03626306084818685,0.979050279329609,0.9725486418801772
48f,42,iforest+entropy:max,0.01,0.9943181818181818,0.3076377394183022,0.3080811066445968,0.3066918893355403,0.0013892173090565146,0.0004433672262946323,0.9969254419677172,0.9889366933005531,0.05162876459741856,0.9790984396070121,0.964698516663456
48f,42,iforest+entropy:max,0.02,0.9913636363636363,0.3076377394183022,0.3103275005911563,0.30607117521872784,0.00425632537242847,0.0026897611728541027,0.9949077632590315,0.9889366933005531,0.0725261216963737,0.979291080716625,0.9568002311693315
48f,42,iforest+entropy:max,0.03,0.9897795454545454,0.3076377394183022,0.31286947268857884,0.3049775360605344,0.007891936628044455,0.005231733270276661,0.9913528055342045,0.9889366933005531,0.09711124769514444,0.9794837218262378,0.9407146985166635
48f,42,iforest+entropy:max,0.05,0.9845454545454545,0.3076377394183022,0.31517498226531093,0.30311539371009694,0.012059588555214,0.007537242847008749,0.9852997694081476,0.9895513214505224,0.1432083589428396,0.9798690040454633,0.9175496050857253
48f,42,iforest+entropy:max,0.075,0.9797727272727272,0.3076377394183022,0.31824899503428705,0.29909553085835894,0.019153464175928114,0.010611255615984866,0.9722328977709455,0.9901659496004918,0.1782421634910879,0.9802542862646889,0.894095549990368
48f,42,iforest+entropy:max,0.1,0.9709090909090909,0.3076377394183022,0.3212934499881769,0.29321352565618347,0.02807992433199338,0.013655710569874675,0.9531129900076863,0.9901659496004918,0.21634910878918254,0.9805914082065113,0.8749759198612984
48f,42,iforest+entropy:max,0.15,0.9513636363636364,0.3076377394183022,0.3310179711515725,0.28227713407424926,0.04874083707732325,0.023380231733270276,0.917563412759416,0.9920098340503996,0.29686539643515675,0.9816990945867848,0.8334617607397419
48f,42,iforest+entropy:max,0.2,0.9245454545454546,0.3076377394183022,0.3409198392054859,0.27166587845826434,0.06925396074722157,0.03328209978718373,0.8830707148347424,0.9920098340503996,0.3718500307314075,0.9830475823540744,0.7859757272201888
48f,42,iforest+entropy:max,0.3,0.8661363636363636,0.3076377394183022,0.374615748403878,0.24048238354220855,0.13413336486166944,0.06697800898557578,0.781706379707917,0.9956976029502151,0.5986478180700676,0.987093045655943,0.6580620304372953
48f,42,iforest+margin:mean,0.005,0.9517073863636364,0.3076377394183022,0.30920430361787654,0.305420903286829,0.003783400331047529,0.0015665641995743676,0.9927940046118371,0.9877074370006146,0.0018438844499078057,0.9792429204392217,0.9754864188017723
48f,42,iforest+margin:mean,0.01,0.9367204545454549,0.3076377394183022,0.30985457554977536,0.3038247812721684,0.006029794277607,0.0022168361314731616,0.9876056879323598,0.9877074370006146,0.004917025199754148,0.979531882103641,0.9726931227123868
48f,42,iforest+margin:mean,0.02,0.9118227272727272,0.3076377394183022,0.31088909907779616,0.3008394419484512,0.010049657129344998,0.0032513596594939704,0.9779016141429671,0.9877074370006146,0.007990165949600492,0.9798208437680601,0.9653246002696976
48f,42,iforest+margin:mean,0.03,0.8885295454545453,0.3076377394183022,0.31180539134547175,0.2974994088436983,0.014305982501773468,0.004167651927169544,0.9670445810914682,0.9895513214505224,0.019668100799016593,0.9803024465420921,0.9560296667308804
48f,42,iforest+margin:mean,0.05,0.8573125,0.3076377394183022,0.3140517852920312,0.29262236935445735,0.021429415937573894,0.006414045873729014,0.9511913912375097,0.9901659496004918,0.03810694529809465,0.9806395684839144,0.9451454440377577
48f,42,iforest+margin:mean,0.075,0.8184517045454544,0.3076377394183022,0.3178351856230787,0.28254315441002603,0.03529203121305273,0.010197446204776544,0.9184281322059955,0.9901659496004918,0.07805777504609711,0.9816509343093817,0.9225101136582546
48f,42,iforest+margin:mean,0.1,0.7925113636363637,0.3076377394183022,0.3204067155355876,0.27397138803499643,0.04643532750059116,0.01276897611728541,0.890564950038432,0.9913952059004303,0.11493546404425323,0.9825659795800423,0.9031496821421692
48f,42,iforest+margin:mean,0.15,0.7514772727272727,0.3076377394183022,0.32788484275242374,0.25339914873492553,0.07448569401749823,0.020247103334121542,0.8236933128362799,0.9932390903503381,0.19299323909035035,0.9834810248507031,0.8560970911192448
48f,42,iforest+margin:mean,0.2,0.7128409090909091,0.3076377394183022,0.3377867108063372,0.2315854812012296,0.1062012296051076,0.030148971388034997,0.7527863182167563,0.9938537185003073,0.29502151198524895,0.9852147948372183,0.7937776921595069
48f,42,iforest+margin:mean,0.3,0.6454886363636364,0.3076377394183022,0.35921612674391107,0.18828328209978717,0.1709328446441239,0.05157838732560889,0.6120292083013067,0.9969268592501537,0.46097111247695144,0.9892120978616837,0.6800712772105567
48f,42,iforest+margin:max,0.005,0.9981818181818182,0.3076377394183022,0.3092634192480492,0.305420903286829,0.003842515961220147,0.0016256798297469852,0.9927940046118371,0.9877074370006146,0.015365703749231715,0.9793874012714313,0.9751011365825467
48f,42,iforest+margin:max,0.01,0.995,0.3076377394183022,0.3105048474816742,0.30400212816268624,0.006502719318987941,0.0028671080633719554,0.9881821675634128,0.9877074370006146,0.023970497848801474,0.9798208437680601,0.9689366210749374
48f,42,iforest+margin:max,0.02,0.9920454545454546,0.3076377394183022,0.3146429415937574,0.30069165287301963,0.013951288720737764,0.007005202175455191,0.9774212144504228,0.9883220651505839,0.04363859864781807,0.9804950876517049,0.9594490464265074
48f,42,iforest+margin:max,0.03,0.99,0.3076377394183022,0.31928351856230786,0.2980018917001655,0.021281626862142352,0.011645779144005676,0.9686779400461183,0.9883220651505839,0.06146281499692686,0.9811211712579464,0.9461568098632248
48f,42,iforest+margin:max,0.05,0.9840909090909091,0.3076377394183022,0.3251950815795696,0.29306573658075197,0.032129344998817685,0.01755734216126744,0.9526325903151422,0.9883220651505839,0.07559926244622003,0.9818917356963976,0.9193315353496436
48f,42,iforest+margin:max,0.075,0.9786363636363636,0.3076377394183022,0.3296583116576023,0.2864743438165051,0.04318396784109719,0.02202057223930007,0.9312067640276711,0.9889366933005531,0.0940381069452981,0.9829994220766711,0.8982854941244461
48f,42,iforest+margin:max,0.1,0.9713636363636363,0.3076377394183022,0.33565854812012297,0.2767498226531095,0.05890872546701348,0.028020808701820762,0.8995964642582629,0.9889366933005531,0.11616472034419176,0.9838663070699287,0.8807069928722789
48f,42,iforest+margin:max,0.15,0.955715909090909,0.3076377394183022,0.3502305509576732,0.2595176164577914,0.09071293449988177,0.04259281153937101,0.8435818601076095,0.9901659496004918,0.16902274124154887,0.9856963976112503,0.8457907917549605
48f,42,iforest+margin:max,0.2,0.9340909090909091,0.3076377394183022,0.36551194135729487,0.24317214471506265,0.12233979664223221,0.05787420193899267,0.7904496541122213,0.9932390903503381,0.23417332513829134,0.9880080909266037,0.8089481795415142
48f,42,iforest+margin:max,0.3,0.8837045454545456,0.3076377394183022,0.4021636320643178,0.20250059115630173,0.1996630409080161,0.0945258926460156,0.6582436587240584,0.9969268592501537,0.3779963122311002,0.9927277981121171,0.7076189558851859
48f,42,iforest+conformal:mean,0.005,0.9596647727272729,0.3076377394183022,0.3084358004256325,0.30447505320406715,0.003960747221565382,0.0007980610073303381,0.9897194465795542,0.9877074370006146,0.0,0.9789539587748025,0.9756308996339819
48f,42,iforest+conformal:mean,0.01,0.9362545454545456,0.3076377394183022,0.30973634428943014,0.3022877748876803,0.007448569401749823,0.0020986048711279263,0.9826095311299001,0.9877074370006146,0.002458512599877074,0.979050279329609,0.9731265652090156
48f,42,iforest+conformal:mean,0.02,0.8984204545454543,0.3076377394183022,0.31662331520454007,0.2980905651454244,0.01853275005911563,0.008985575786237881,0.9689661798616448,0.9883220651505839,0.011063306699446834,0.9801098054324793,0.9677807744172606
48f,42,iforest+conformal:mean,0.03,0.8835295454545454,0.3076377394183022,0.3281508630882005,0.29611019153464174,0.03204067155355876,0.020513123669898322,0.9625288239815526,0.9883220651505839,0.013521819299323909,0.9806395684839144,0.9655172413793104
48f,42,iforest+conformal:mean,0.05,0.8569375,0.3076377394183022,0.34464412390636084,0.2919129817923859,0.052731142113974935,0.037006384488058645,0.9488854727132975,0.9889366933005531,0.017209588199139522,0.9815546137545752,0.9580042381044115
48f,42,iforest+conformal:mean,0.075,0.7990198863636363,0.3076377394183022,0.38827145897375265,0.27828682903759755,0.10998462993615513,0.08063371955545046,0.9045926210607226,0.990780577750461,0.05224339274738783,0.9821806973608168,0.9331535349643614
48f,42,iforest+conformal:mean,0.1,0.7660681818181819,0.3076377394183022,0.41717900212816267,0.2673504374556633,0.14982856467249941,0.10954126270986049,0.869043043812452,0.9926244622003688,0.07805777504609711,0.9831439029088808,0.9087844345983432
48f,42,iforest+conformal:mean,0.15,0.7191249999999999,0.3076377394183022,0.44786001418775123,0.2469555450461102,0.20090446914164106,0.14022227476944904,0.8027478862413528,0.9932390903503381,0.1530424093423479,0.9850221537276055,0.8580235022153727
48f,42,iforest+conformal:mean,0.2,0.6795681818181818,0.3076377394183022,0.46399858122487586,0.2252601087727595,0.23873847245211635,0.15636084180657367,0.7322252113758647,0.9950829748002459,0.22003687768899816,0.987093045655943,0.8071180890001927
48f,42,iforest+conformal:mean,0.3,0.6171136363636365,0.3076377394183022,0.4880586427051312,0.18098250177346892,0.30707614093166236,0.18042090328682903,0.5882974634896234,0.9981561155500922,0.4658881376767056,0.9918609131188596,0.7078115969947987
48f,42,iforest+conformal:max,0.005,0.9961386363636364,0.3076377394183022,0.3076968550484748,0.3033518562307874,0.004344998817687396,5.911563017261764e-05,0.9860684089162183,0.9877074370006146,0.032575291948371235,0.9787613176651897,0.9667694085917935
48f,42,iforest+conformal:max,0.01,0.9943181818181818,0.3076377394183022,0.308288011350201,0.3008394419484512,0.007448569401749823,0.000650271931898794,0.9779016141429671,0.9877074370006146,0.054087277197295634,0.979291080716625,0.9596898478135234
48f,42,iforest+conformal:max,0.02,0.9904681818181815,0.3076377394183022,0.3130468195790967,0.2963466540553322,0.016700165523764483,0.005409080160794514,0.9632974634896234,0.9883220651505839,0.08051628764597418,0.9799171643228665,0.9446638412637257
48f,42,iforest+conformal:max,0.03,0.9881818181818182,0.3076377394183022,0.3154114447860014,0.29424804918420433,0.021163395601797114,0.00777370536769922,0.9564757878554959,0.9889366933005531,0.09035033804548248,0.9801098054324793,0.927952225004816
48f,42,iforest+conformal:max,0.05,0.9843181818181819,0.3076377394183022,0.3183967841097186,0.2814790730669189,0.036917711042799714,0.01075904469141641,0.9149692544196771,0.9889366933005531,0.09219422249539029,0.9804950876517049,0.9120593334617607
48f,42,iforest+conformal:max,0.075,0.9790909090909091,0.3076377394183022,0.3216481437692126,0.2734097895483566,0.048238354220856,0.014010404350910381,0.8887394312067641,0.9889366933005531,0.09895513214505225,0.9807358890387209,0.89216913889424
48f,42,iforest+conformal:max,0.1,0.9716136363636364,0.3076377394183022,0.32569756443603687,0.2614388744384015,0.06425868999763537,0.01805982501773469,0.8498270561106841,0.9895513214505224,0.11001843884449908,0.9812174918127529,0.8769504912348295
48f,42,iforest+conformal:max,0.15,0.9547727272727272,0.3076377394183022,0.34529439583825966,0.24003901631591393,0.1052553795223457,0.037656656419957434,0.7802651806302844,0.990780577750461,0.16349108789182545,0.9849739934502023,0.8404450009632055
48f,42,iforest+conformal:max,0.2,0.9338636363636363,0.3076377394183022,0.36243792858831875,0.2265310948214708,0.13590683376684795,0.054800189170016556,0.7363566487317448,0.9932390903503381,0.1917639827904118,0.9867559237141206,0.7990753226738586
48f,42,iforest+conformal:max,0.3,0.8825,0.3076377394183022,0.4091097186096004,0.19180066209505794,0.21730905651454244,0.10147197919129818,0.6234627209838586,0.9950829748002459,0.2636754763368162,0.9922943556154884,0.6965420920824504
48f,43,msp,0.005,0.5739707946777344,0.3093225348782218,0.31218964294159374,0.3040316859777725,0.008157956963821234,0.0028671080633719554,0.9828953655040611,0.984019668100799,0.12231100184388445,0.9706703910614525,0.9474089770757079
48f,43,msp,0.01,0.5293099284172058,0.3093225348782218,0.31570702293686453,0.2982974698510286,0.017409553085835895,0.006384488058642705,0.9643573817486861,0.9852489244007375,0.22802704363859866,0.9720670391061452,0.927470622230784
48f,43,msp,0.02,0.5046778321266174,0.3093225348782218,0.3194313076377394,0.2928588318751478,0.02657247576259163,0.010108772759517616,0.9467749641662684,0.9858635525507068,0.27719729563614015,0.9732710460412252,0.9096513195916008
48f,43,msp,0.03,0.4951685070991516,0.3093225348782218,0.3234216126743911,0.2888389690234098,0.03458264365098132,0.014099077796169307,0.9337792642140468,0.986478180700676,0.30239704978488013,0.9742824118666924,0.8997784627239452
48f,43,msp,0.05,0.4742913544178009,0.3093225348782218,0.33255497753606056,0.27728186332466304,0.055273114211397495,0.023232442657838734,0.8964166268514094,0.9870928088506453,0.3521819299323909,0.9772683490656906,0.8693893276825274
48f,43,msp,0.075,0.4507266581058502,0.3093225348782218,0.3425455190352329,0.2660498935918657,0.07649562544336723,0.033222984157011116,0.8601051122790253,0.9889366933005531,0.4068838352796558,0.9798208437680601,0.8351473704488538
48f,43,msp,0.1,0.42174580693244934,0.3093225348782218,0.3531567746512178,0.2511231969732797,0.10203357767793805,0.04383423977299598,0.8118490205446727,0.990780577750461,0.46465888137676703,0.9827586206896551,0.7926700057792333
48f,43,msp,0.15,0.33806324005126953,0.3093225348782218,0.38020217545519036,0.20669780089855758,0.17350437455663278,0.07087964057696855,0.6682274247491639,0.9944683466502766,0.6158574062692072,0.9893084184164901,0.7138316316701985
48f,43,msp,0.2,0.25646650791168213,0.3093225348782218,0.39882359895956493,0.15399621659966894,0.24482738235989596,0.0895010640813431,0.49784997611084564,0.9969268592501537,0.7400122925629994,0.9944615680986323,0.642650741668272
48f,43,msp,0.3,0.12995997071266174,0.3093225348782218,0.41259754078978483,0.06765783873256088,0.3449397020572239,0.10327500591156302,0.21872909698996654,0.9987707437000615,0.9004302397049785,0.9986515122327104,0.5044789057984974
48f,43,entropy,0.005,0.7689698708792521,0.3093225348782218,0.30947032395365337,0.30846535824071886,0.0010049657129344999,0.0001477890754315441,0.9972288580984233,0.9827904118008605,0.07068223724646588,0.9696590252359854,0.9558370256212676
48f,43,entropy,0.01,0.7508713117953751,0.3093225348782218,0.3096181130290849,0.3078742019389927,0.0017439110900922205,0.0002955781508630882,0.9953177257525083,0.9834050399508297,0.09834050399508297,0.9698516663455982,0.9465420920824504
48f,43,entropy,0.02,0.7173202779072964,0.3093225348782218,0.30997280681012057,0.30654410026010875,0.003428706550011823,0.000650271931898794,0.9910176779741996,0.984019668100799,0.1720958819913952,0.9704777499518398,0.9283375072240416
48f,43,entropy,0.03,0.6950682229970084,0.3093225348782218,0.31044573185150154,0.3053322298415701,0.005113502009931426,0.0011231969732797352,0.987099856665074,0.9858635525507068,0.23786109403810696,0.9709593527258717,0.9081101907146986
48f,43,entropy,0.05,0.6543749374153955,0.3093225348782218,0.31239654764719793,0.3008689997635375,0.011527547883660439,0.0030740127689761173,0.9726708074534162,0.986478180700676,0.36508912108174557,0.9715854363321133,0.8637545752263533
48f,43,entropy,0.075,0.5401410729596858,0.3093225348782218,0.3287420193899267,0.2784641759281154,0.0502778434618113,0.019419484511704894,0.9002388915432393,0.9901659496004918,0.5986478180700676,0.9749566557503371,0.7868907724908496
48f,43,entropy,0.1,0.4650405289347381,0.3093225348782218,0.3428115393710097,0.25919248049184207,0.08361905887916765,0.03348900449278789,0.8379359770664119,0.9938537185003073,0.7160417947141979,0.9786649971103834,0.7432575611635523
48f,43,entropy,0.15,0.4012693300772533,0.3093225348782218,0.36713762118704185,0.2187869472688579,0.14835067391818396,0.057815086308820055,0.7073100812231247,0.9963122311001844,0.791641057160418,0.9852147948372183,0.6714505875553843
48f,43,entropy,0.2,0.3640696466241501,0.3093225348782218,0.39459683140222274,0.16239063608418067,0.2322061953180421,0.08527429652400094,0.524988055422838,0.9981561155500922,0.8322065150583897,0.9929685994991331,0.6207859757272202
48f,43,entropy,0.3,0.2437728250867759,0.3093225348782218,0.41236107826909435,0.06730314495152519,0.3450579333175692,0.10303854339087255,0.2175824175824176,0.9987707437000615,0.9225568531038721,0.9983625505682913,0.49489501059526103
48f,43,margin,0.005,0.9849377274513245,0.3093225348782218,0.31322416646961454,0.30527311421139747,0.007951052258217073,0.003901631591392764,0.9869087434304824,0.9821757836508912,0.024585125998770743,0.9700924677326141,0.9636871508379888
48f,43,margin,0.01,0.9639551043510437,0.3093225348782218,0.317480491842043,0.2985339323717191,0.018946559470323955,0.008157956963821234,0.9651218346870521,0.9827904118008605,0.051014136447449294,0.9716335966095164,0.9565594297823156
48f,43,margin,0.02,0.9301282167434692,0.3093225348782218,0.3254019862851738,0.2895779144005675,0.03582407188460629,0.016079451406951998,0.9361681796464405,0.9834050399508297,0.10018438844499078,0.9752456174147563,0.9439895973800809
48f,43,margin,0.03,0.8870612978935242,0.3093225348782218,0.33394419484511706,0.27657247576259164,0.05737171908252542,0.02462165996689525,0.8941232680363115,0.9846342962507683,0.1622618315918869,0.9777499518397226,0.9260258139086881
48f,43,margin,0.05,0.8145397901535034,0.3093225348782218,0.34869354457318513,0.25679829746985106,0.09189524710333412,0.03937100969496335,0.8301958910654563,0.9883220651505839,0.2526121696373694,0.9816027740319784,0.8932286649971104
48f,43,margin,0.075,0.7414745092391968,0.3093225348782218,0.36163986758098843,0.2366398675809884,0.125,0.05231733270276661,0.7650262780697563,0.990780577750461,0.34910878918254457,0.9851184742824118,0.8541225197457137
48f,43,margin,0.1,0.6861370801925659,0.3093225348782218,0.3712165996689525,0.2207968786947269,0.1504197209742256,0.06189406479073067,0.7138079311992356,0.9920098340503996,0.43761524277811925,0.9875264881525717,0.8178096705837026
48f,43,margin,0.15,0.6131060719490051,0.3093225348782218,0.38215299125088675,0.19809647670844172,0.184056514542445,0.07283045637266493,0.6404204491161013,0.9938537185003073,0.5248924400737554,0.9898863417453284,0.7447986900404546
48f,43,margin,0.2,0.4748391807079315,0.3093225348782218,0.39906006148025536,0.15334594466777016,0.24571411681248523,0.08973752660203357,0.4957477305303392,0.9969268592501537,0.6779348494161033,0.9942207667116163,0.6507416682720093
48f,43,margin,0.3,0.2402266263961792,0.3093225348782218,0.4127748876803027,0.06875147789075431,0.3440234097895484,0.10345235280208087,0.22226469182990918,0.9987707437000615,0.8813767670559312,0.9986033519553073,0.5109805432479291
48f,43,conformal,0.005,0.8842195540308748,0.3093225348782218,0.3173622605816978,0.3085244738708915,0.008837786710806338,0.008039725703475999,0.9974199713330149,0.9852489244007375,0.008604794099569761,0.9738008090926604,0.966432286649971
48f,43,conformal,0.01,0.8816466552315609,0.3093225348782218,0.3284168834239773,0.3084062426105462,0.020010640813431072,0.019094348545755497,0.9970377448638318,0.9877074370006146,0.011063306699446834,0.9775573107301098,0.9661433249855519
48f,43,conformal,0.02,0.8773584905660378,0.3093225348782218,0.34508749113265547,0.3078446441239064,0.037242847008749115,0.03576495625443367,0.9952221691352127,0.990780577750461,0.016594960049170254,0.9825178193026392,0.964698516663456
48f,43,conformal,0.03,0.8726738491674828,0.3093225348782218,0.36574840387798535,0.3068101205958855,0.05893828328209979,0.05642586899976354,0.9918776875298614,0.9926244622003688,0.027658266748617086,0.9897900211905221,0.9626757850125217
48f,43,conformal,0.05,0.8550448724302512,0.3093225348782218,0.4794868763301017,0.29507566800662094,0.18441120832348074,0.17016434145187986,0.9539417104634496,0.9963122311001844,0.06699446834665028,0.9985551916779041,0.952513966480447
48f,43,conformal,0.075,0.8305605231318776,0.3093225348782218,0.500857176637503,0.2768089382832821,0.22404823835422086,0.19153464175928114,0.8948877209746775,0.9975414874001229,0.14197910264290103,0.9991812752841457,0.9354170680023117
48f,43,conformal,0.1,0.8001715265866209,0.3093225348782218,0.5247990068574131,0.25945850082761884,0.26534050602979425,0.2154764719791913,0.8387959866220737,0.9981561155500922,0.2661339889366933,0.9996628780581777,0.9039684068580235
48f,43,conformal,0.15,0.7641509433962264,0.3093225348782218,0.5581402222747694,0.2325904469141641,0.32554977536060536,0.24881768739654764,0.7519350215002389,0.9993853718500307,0.40995697602950215,0.9998073588903872,0.8526777114236178
48f,43,conformal,0.2,0.7229845626072041,0.3093225348782218,0.5868999763537479,0.21269803736107826,0.3742019389926697,0.27757744147552615,0.6876254180602006,1.0,0.5236631837738168,0.9999036794451936,0.8024465420920824
48f,43,conformal,0.3,0.6492281303602059,0.3093225348782218,0.630261291085363,0.16576022700401985,0.4645010640813431,0.3209387562071412,0.5358815097945532,1.0,0.6588813767670559,1.0,0.6511269504912348
48f,43,iforest,0.005,0.6364282018936902,0.3093225348782218,0.31177583353038546,0.3089087254670135,0.0028671080633719554,0.002453298652163632,0.9986622073578595,0.9803318992009834,0.002458512599877074,0.969081101907147,0.9635426700057792
48f,43,iforest,0.01,0.6244369040663734,0.3093225348782218,0.3140222274769449,0.30882005202175455,0.005202175455190352,0.0046996925987231025,0.9983755375059723,0.9803318992009834,0.0036877688998156115,0.969081101907147,0.9606530533615874
48f,43,iforest,0.02,0.5922879999724929,0.3093225348782218,0.3183967841097186,0.30710569874674865,0.01129108536296997,0.009074249231496807,0.9928332537028189,0.9803318992009834,0.006760909649661954,0.969081101907147,0.9429782315546138
48f,43,iforest,0.03,0.5656614221882696,0.3093225348782218,0.32383542208559946,0.30205131236698984,0.021784109718609602,0.014512887207377631,0.976493072145246,0.9803318992009834,0.010448678549477565,0.969803506068195,0.9051242535157003
48f,43,iforest,0.05,0.5346722399644162,0.3093225348782218,0.33441711988649797,0.2909375738945377,0.04347954599196027,0.025094585008276188,0.9405637840420449,0.9803318992009834,0.017209588199139522,0.9716335966095164,0.8618763244076286
48f,43,iforest,0.075,0.5130843951271722,0.3093225348782218,0.34567864743438165,0.28357767793804683,0.06210096949633483,0.03635611255615985,0.9167701863354037,0.9809465273509527,0.01843884449907806,0.97274128298979,0.8255153149682142
48f,43,iforest,0.1,0.49321723840656656,0.3093225348782218,0.3551371482620005,0.2738827145897375,0.08125443367226294,0.04581461338377867,0.8854276158623984,0.9815611555009219,0.028272894898586354,0.9735118474282412,0.7700346753997303
48f,43,iforest,0.15,0.468254697269232,0.3093225348782218,0.3813549302435564,0.25292622369354456,0.12842870655001182,0.0720323953653346,0.8176779741997132,0.9846342962507683,0.0725261216963737,0.9750048160277404,0.6545463301868619
48f,43,iforest,0.2,0.45315545023228593,0.3093225348782218,0.41073539843934737,0.23146724994088436,0.17926814849846298,0.10141286356112555,0.7483038700430004,0.9858635525507068,0.11985248924400738,0.9771720285108842,0.5627046811789636
48f,43,iforest,0.3,0.43306486639908226,0.3093225348782218,0.46550602979427763,0.1966777015842989,0.2688283282099787,0.1561834949160558,0.6358337314859054,0.9877074370006146,0.26736324523663185,0.9792429204392217,0.4048352918512811
48f,43,iforest+msp:mean,0.005,0.9119833333333335,0.3093225348782218,0.3102683849609837,0.30746039252778434,0.002807992433199338,0.0009458500827618822,0.9939799331103678,0.9803318992009834,0.003073140749846343,0.9697071855133885,0.9581005586592178
48f,43,iforest+msp:mean,0.01,0.8804166666666666,0.3093225348782218,0.3117462757152991,0.3044159375738945,0.007330338141404587,0.0024237408370773234,0.9841376015289057,0.9809465273509527,0.013521819299323909,0.9704777499518398,0.9396551724137931
48f,43,iforest+msp:mean,0.02,0.8487541666666666,0.3093225348782218,0.3139631118467723,0.29986403405060297,0.014099077796169307,0.004640576968550485,0.9694218824653607,0.9815611555009219,0.032575291948371235,0.9717780774417261,0.9103255634752456
48f,43,iforest+msp:mean,0.03,0.8280333333333332,0.3093225348782218,0.31606171671790023,0.2948687633010168,0.021192953416883424,0.006739181839678411,0.9532728141423794,0.9821757836508912,0.04794099569760295,0.9728857638219996,0.8863417453284531
48f,43,iforest+msp:mean,0.05,0.7968802083333334,0.3093225348782218,0.31987467486403404,0.2848486639867581,0.03502601087727595,0.010552139985812248,0.9208791208791209,0.9821757836508912,0.07867240319606637,0.9745232132537084,0.8518589867077634
48f,43,iforest+msp:mean,0.075,0.7661458333333333,0.3093225348782218,0.3251064081343107,0.2714294159375739,0.053676992196736814,0.01578387325608891,0.8774964166268514,0.9834050399508297,0.11001843884449908,0.9757272201887883,0.8223848969370063
48f,43,iforest+msp:mean,0.1,0.7362604166666668,0.3093225348782218,0.33222984157011115,0.2559706786474344,0.07625916292267676,0.022907306691889336,0.8275203057811753,0.984019668100799,0.15488629379225569,0.9768830668464651,0.7888653438643807
48f,43,iforest+msp:mean,0.15,0.6737083333333331,0.3093225348782218,0.34810238827145895,0.21961456609127453,0.12848782218018445,0.038779853393237175,0.7099856665074056,0.9901659496004918,0.3632452366318377,0.9798208437680601,0.7065594297823156
48f,43,iforest+msp:mean,0.2,0.6273958333333333,0.3093225348782218,0.3635906833766848,0.19289430125325135,0.17069638212343344,0.054268148498462995,0.6236024844720497,0.9926244622003688,0.47203441917639827,0.9826623001348488,0.6266615295704103
48f,43,iforest+msp:mean,0.3,0.5541979166666667,0.3093225348782218,0.42001655237644836,0.14137502955781509,0.27864152281863325,0.11069401749822654,0.45704730052556136,0.9956976029502151,0.6644130301167793,0.9895010595261029,0.45665575033712197
48f,43,iforest+msp:max,0.005,0.9954177083333333,0.3093225348782218,0.3106230787420194,0.308288011350201,0.002335067391818397,0.001300543863797588,0.9966555183946488,0.9821757836508912,0.0313460356484327,0.9694182238489694,0.9569447120015411
48f,43,iforest+msp:max,0.01,0.9922937500000001,0.3093225348782218,0.3132537242847009,0.30746039252778434,0.005793331756916529,0.003931189406479073,0.9939799331103678,0.9834050399508297,0.04732636754763368,0.9698998266230013,0.9511654787131574
48f,43,iforest+msp:max,0.02,0.98375,0.3093225348782218,0.3194017498226531,0.30332229841570113,0.016079451406951998,0.010079214944431307,0.9806020066889632,0.984019668100799,0.12599877074370006,0.9706703910614525,0.9352725871701021
48f,43,iforest+msp:max,0.03,0.9693937499999998,0.3093225348782218,0.32513596594939703,0.29631709624024594,0.0288188697091511,0.015813431071175218,0.957955088389871,0.9852489244007375,0.2329440688383528,0.9721151993835484,0.8971778077441727
48f,43,iforest+msp:max,0.05,0.95084375,0.3093225348782218,0.3334121541735635,0.28668124852210924,0.04673090565145425,0.024089619295341688,0.9268036311514573,0.986478180700676,0.29502151198524895,0.9738971296474668,0.8500770564438451
48f,43,iforest+msp:max,0.075,0.929375,0.3093225348782218,0.34461456609127455,0.27391227240482385,0.0707022936864507,0.03529203121305273,0.8855231724796943,0.9870928088506453,0.3423478795328826,0.9767385860142554,0.812078597572722
48f,43,iforest+msp:max,0.1,0.9033333333333333,0.3093225348782218,0.3569992906124379,0.25851265074485696,0.098486639867581,0.04767675573421613,0.8357381748686097,0.9883220651505839,0.3829133374308543,0.9801579657098825,0.761702947408977
48f,43,iforest+msp:max,0.15,0.8669999999999997,0.3093225348782218,0.37916765192716956,0.23817687396547646,0.14099077796169307,0.06984511704894775,0.7699952221691352,0.9895513214505224,0.446220036877689,0.9835291851281064,0.6938932768252745
48f,43,iforest+msp:max,0.2,0.8241666666666667,0.3093225348782218,0.40364152281863325,0.20938756207141168,0.19425396074722157,0.09431898794041145,0.6769230769230768,0.9920098340503996,0.5267363245236631,0.9880080909266037,0.608071662492776
48f,43,iforest+msp:max,0.3,0.7364583333333333,0.3093225348782218,0.4587964057696855,0.1293154410026011,0.32948096476708444,0.1494738708914637,0.4180602006688963,0.9975414874001229,0.7418561770129072,0.9950394914274706,0.443026391832017
48f,43,iforest+entropy:mean,0.005,0.8905208333333333,0.3093225348782218,0.3100614802553795,0.3064849846299362,0.003576495625443367,0.0007389453771577205,0.9908265647396083,0.9809465273509527,0.007990165949600492,0.9695145444037757,0.9477460990175304
48f,43,iforest+entropy:mean,0.01,0.8746947916666669,0.3093225348782218,0.31077086781745095,0.3048593048001892,0.005911563017261764,0.0014483329392291323,0.9855709507883421,0.9815611555009219,0.011063306699446834,0.969803506068195,0.9307455210942015
48f,43,iforest+entropy:mean,0.02,0.848125,0.3093225348782218,0.3119531804209033,0.30181484984629936,0.010138330574603924,0.002630645542681485,0.97572861920688,0.9815611555009219,0.03318992009834051,0.9700924677326141,0.9028607204777499
48f,43,iforest+entropy:mean,0.03,0.8320864583333333,0.3093225348782218,0.3128990305036652,0.2985930480018917,0.014305982501773468,0.003576495625443367,0.9653129479216435,0.9815611555009219,0.051014136447449294,0.9708148718936621,0.8810922750915046
48f,43,iforest+entropy:mean,0.05,0.8047916666666667,0.3093225348782218,0.31594348545755496,0.29126270986048713,0.024680775597067866,0.006620950579333176,0.9416149068322982,0.9827904118008605,0.07559926244622003,0.9724523213253708,0.8482469659025236
48f,43,iforest+entropy:mean,0.075,0.7683333333333333,0.3093225348782218,0.3213525656183495,0.2767793804681958,0.0445731851501537,0.01203003074012769,0.8947921643573817,0.9852489244007375,0.12169637369391519,0.9746676940859179,0.8149200539395107
48f,43,iforest+entropy:mean,0.1,0.7338958333333335,0.3093225348782218,0.3304268148498463,0.25706431780562783,0.07336249704421849,0.021104279971624496,0.831055900621118,0.9870928088506453,0.18500307314074985,0.9762088229628203,0.7827008283567713
48f,43,iforest+entropy:mean,0.15,0.6754166666666667,0.3093225348782218,0.3481615039016316,0.22200874911326554,0.12615275478836604,0.03883896902340979,0.7177257525083611,0.9889366933005531,0.39028887523048555,0.9790021190522057,0.7091600847620882
48f,43,iforest+entropy:mean,0.2,0.6261041666666667,0.3093225348782218,0.36267439110900923,0.1943721920075668,0.16830219910144242,0.05335185623078742,0.628380315336837,0.9926244622003688,0.5107559926244623,0.9814101329223657,0.6243498362550568
48f,43,iforest+entropy:mean,0.3,0.5508229166666667,0.3093225348782218,0.41061716717900215,0.14991723811775834,0.2606999290612438,0.10129463230078033,0.4846631629240325,0.9963122311001844,0.7031346035648433,0.9865632826045078,0.4376324407628588
48f,43,iforest+entropy:max,0.005,0.9943760416666667,0.3093225348782218,0.3109777725230551,0.30858358950106407,0.0023941830219910143,0.001655237644833294,0.9976110845676063,0.9809465273509527,0.037492317148125384,0.9692255827393566,0.9601232903101522
48f,43,iforest+entropy:max,0.01,0.9900020833333334,0.3093225348782218,0.31375620714116814,0.3084062426105462,0.005349964530621897,0.004433672262946323,0.9970377448638318,0.9815611555009219,0.05162876459741856,0.9694182238489694,0.9556443845116548
48f,43,iforest+entropy:max,0.02,0.9808333333333333,0.3093225348782218,0.31724402932135254,0.3072830456372665,0.009960983684086072,0.007921494443130764,0.9934065934065934,0.9827904118008605,0.06699446834665028,0.9697071855133885,0.9427374301675978
48f,43,iforest+entropy:max,0.03,0.9679229166666666,0.3093225348782218,0.3193130763773942,0.30550957673208795,0.013803499645306219,0.00999054149917238,0.9876731963688484,0.9834050399508297,0.09711124769514444,0.9699961471778078,0.9162011173184358
48f,43,iforest+entropy:max,0.05,0.9464791666666666,0.3093225348782218,0.3238058642705131,0.2997162449751714,0.024089619295341688,0.014483329392291322,0.9689440993788818,0.984019668100799,0.19606637984019668,0.9712964746676941,0.864428819109998
48f,43,iforest+entropy:max,0.075,0.921890625,0.3093225348782218,0.3287124615748404,0.2933908725467013,0.03532158902813904,0.019389926696618588,0.9484949832775919,0.9858635525507068,0.29194837123540257,0.9726931227123868,0.8078404931612406
48f,43,iforest+entropy:max,0.1,0.9,0.3093225348782218,0.3355403168597777,0.2826022700401986,0.052938046819579095,0.026217781981555922,0.913616817964644,0.9870928088506453,0.41364474492931774,0.9740897707570796,0.7495665575033712
48f,43,iforest+entropy:max,0.15,0.86125,0.3093225348782218,0.3690293213525656,0.2492610546228423,0.11976826672972334,0.05970678647434382,0.8058289536550406,0.990780577750461,0.6545789797172711,0.979050279329609,0.6519456752070892
48f,43,iforest+entropy:max,0.2,0.81875,0.3093225348782218,0.3927642468668716,0.21940766138567036,0.17335658548120123,0.0834417119886498,0.7093167701863353,0.9950829748002459,0.7566072526121697,0.9840589481795415,0.5647755731073011
48f,43,iforest+entropy:max,0.3,0.7295,0.3093225348782218,0.45353511468432256,0.14167060770867818,0.3118645069756444,0.14421257980610072,0.45800286669851886,0.9987707437000615,0.8334357713583282,0.9940762858794067,0.4193796956270468
48f,43,iforest+margin:mean,0.005,0.9208625000000007,0.3093225348782218,0.31121423504374557,0.3065736580751951,0.004640576968550485,0.0018917001655237645,0.9911132345914955,0.9803318992009834,0.003073140749846343,0.970285108842227,0.9622423425158929
48f,43,iforest+margin:mean,0.01,0.8954177083333333,0.3093225348782218,0.31227831638685266,0.3043272641286356,0.007951052258217073,0.002955781508630882,0.9838509316770185,0.9803318992009834,0.005531653349723417,0.9709111924484685,0.9537661336929301
48f,43,iforest+margin:mean,0.02,0.8489645833333331,0.3093225348782218,0.3152045400803973,0.29746985102861195,0.017734689051785293,0.005882005202175455,0.9616817964644051,0.9809465273509527,0.027658266748617086,0.9728857638219996,0.9273743016759777
48f,43,iforest+margin:mean,0.03,0.8207416666666666,0.3093225348782218,0.31881059352092694,0.2888685268384961,0.029942066682430834,0.009488058642705131,0.9338748208313427,0.9821757836508912,0.049170251997541485,0.9740416104796764,0.9010787902138316
48f,43,iforest+margin:mean,0.05,0.7907343750000001,0.3093225348782218,0.3233329392291322,0.27875975407897846,0.0445731851501537,0.014010404350910381,0.9011944577161968,0.9827904118008605,0.07314074984634296,0.9754864188017723,0.8632729724523214
48f,43,iforest+margin:mean,0.075,0.7571875,0.3093225348782218,0.32948096476708444,0.2636557105698747,0.06582525419720975,0.020158429888862614,0.8523650262780698,0.9827904118008605,0.10940381069452981,0.9765459449046426,0.8207474475052976
48f,43,iforest+margin:mean,0.1,0.7307604166666668,0.3093225348782218,0.33559943248995033,0.24958619058879167,0.08601324190115867,0.02627689761172854,0.8068800764452938,0.984019668100799,0.1450522433927474,0.9775573107301098,0.7873242149874783
48f,43,iforest+margin:mean,0.15,0.6758802083333332,0.3093225348782218,0.3502305509576732,0.21651099550721212,0.1337195554504611,0.04090801607945141,0.6999522216913522,0.9889366933005531,0.3079287031346036,0.9806395684839144,0.7058370256212676
48f,43,iforest+margin:mean,0.2,0.6334583333333333,0.3093225348782218,0.3660144242137621,0.18828328209978717,0.17773114211397492,0.05669188933554032,0.608695652173913,0.9920098340503996,0.43331284572833434,0.9828067809670584,0.6343671739549219
48f,43,iforest+margin:mean,0.3,0.5632916666666667,0.3093225348782218,0.422854102624734,0.13233033814140457,0.2905237644833294,0.11353156774651217,0.4278069756330625,0.9969268592501537,0.6115550092194223,0.9911866692352148,0.48126565209015604
48f,43,iforest+margin:max,0.005,0.9968760416666667,0.3093225348782218,0.31109600378340035,0.3073717190825254,0.0037242847008749115,0.0017734689051785292,0.9936932632584806,0.9809465273509527,0.00921942224953903,0.9694182238489694,0.9632055480639569
48f,43,iforest+margin:max,0.01,0.99416875,0.3093225348782218,0.3160321589028139,0.30367699219673683,0.012355166706077086,0.006709624024592102,0.9817486860965122,0.9821757836508912,0.03011677934849416,0.9703332691196301,0.9575226353303795
48f,43,iforest+margin:max,0.02,0.988125,0.3093225348782218,0.32167770158429887,0.3002778434618113,0.021399858122487587,0.012355166706077086,0.9707596751075012,0.9827904118008605,0.04855562384757222,0.9712483143902909,0.9496243498362551
48f,43,iforest+margin:max,0.03,0.9829166666666667,0.3093225348782218,0.32791440056751003,0.29445495388980847,0.033459446677701586,0.018591865689288247,0.9519350215002389,0.9827904118008605,0.07129686539643516,0.973222885763822,0.9381622038142939
48f,43,iforest+margin:max,0.05,0.9641666666666666,0.3093225348782218,0.34233861432962875,0.2778434618113029,0.06449515251832584,0.03301607945140695,0.8982322025800287,0.9846342962507683,0.15611555009219422,0.9775091504527066,0.8911577730687729
48f,43,iforest+margin:max,0.075,0.9395989583333333,0.3093225348782218,0.35912745329865214,0.2550839441948451,0.10404350910380705,0.04980491842043036,0.8246536072623029,0.9870928088506453,0.23970497848801475,0.9813619726449624,0.8369774609901753
48f,43,iforest+margin:max,0.1,0.915625,0.3093225348782218,0.37411326554741076,0.2339796642232206,0.14013360132419012,0.06479073066918893,0.756426182513139,0.9901659496004918,0.3159188690842041,0.9849739934502023,0.7874686958196879
48f,43,iforest+margin:max,0.15,0.8739583333333333,0.3093225348782218,0.39654764719791913,0.20616576022700403,0.1903818869709151,0.08722511231969733,0.6665074056378404,0.9920098340503996,0.4228641671788568,0.9887786553650549,0.7138316316701985
48f,43,iforest+margin:max,0.2,0.830625,0.3093225348782218,0.4150508394419484,0.18650981319460866,0.2285410262473398,0.10572830456372664,0.6029622551361682,0.9926244622003688,0.4910878918254456,0.9906087459063764,0.6348006164515507
48f,43,iforest+margin:max,0.3,0.73625,0.3093225348782218,0.4593875620714117,0.1266847954599196,0.33270276661149206,0.15006502719318987,0.40955566172957475,0.9981561155500922,0.6730178242163491,0.9949431708726643,0.44957618955885187
48f,43,iforest+conformal:mean,0.005,0.9673989583333334,0.3093225348782218,0.315086308820052,0.30893828328209977,0.0061480255379522345,0.0057637739418302195,0.9987577639751551,0.9803318992009834,0.0,0.9697553457907917,0.9687439799653246
48f,43,iforest+conformal:mean,0.01,0.939065625,0.3093225348782218,0.3246334830929298,0.30781508630882004,0.016818396784109717,0.015310948214707968,0.9951266125179168,0.9803318992009834,0.0018438844499078057,0.9715854363321133,0.9662878058177615
48f,43,iforest+conformal:mean,0.02,0.9029229166666665,0.3093225348782218,0.34062426105462285,0.30506620950579333,0.03555805154882951,0.03130172617640104,0.9862398471094123,0.9809465273509527,0.005531653349723417,0.9735118474282412,0.9580523983818147
48f,43,iforest+conformal:mean,0.03,0.8633520833333331,0.3093225348782218,0.3595412627098605,0.30113502009931425,0.05840624261054623,0.050218727831638686,0.9735308170090778,0.9834050399508297,0.024585125998770743,0.9748603351955307,0.943507994606049
48f,43,iforest+conformal:mean,0.05,0.8158750000000001,0.3093225348782218,0.3982028848427524,0.29241546464885315,0.10578742019389926,0.08888034996453062,0.9453416149068322,0.986478180700676,0.054087277197295634,0.9774609901753034,0.9186091311885957
48f,43,iforest+conformal:mean,0.075,0.7594947916666667,0.3093225348782218,0.43795814613383777,0.27805036651690707,0.15990777961693073,0.12863561125561598,0.8989010989010988,0.9870928088506453,0.10817455439459127,0.9790021190522057,0.8440570217684454
48f,43,iforest+conformal:mean,0.1,0.7256562500000001,0.3093225348782218,0.45451052258217073,0.26829628753842516,0.18621423504374557,0.14518798770394892,0.8673674151935021,0.9883220651505839,0.1505838967424708,0.9806877287613177,0.7832305914082065
48f,43,iforest+conformal:mean,0.15,0.6739739583333333,0.3093225348782218,0.4885906833766848,0.24686687160085127,0.24172381177583352,0.17926814849846298,0.798088867654085,0.9901659496004918,0.28088506453595574,0.9832883837410904,0.7032363706414949
48f,43,iforest+conformal:mean,0.2,0.6380416666666666,0.3093225348782218,0.5258630882005202,0.2258512650744857,0.3000118231260345,0.2165405533222984,0.7301481127568084,0.9950829748002459,0.3761524277811924,0.9869004045463302,0.6430360238874976
48f,43,iforest+conformal:mean,0.3,0.5886458333333333,0.3093225348782218,0.5784168834239773,0.18748522109245686,0.39093166233152044,0.2690943485457555,0.6061156235069278,0.9993853718500307,0.49170251997541486,0.9968695819687922,0.5488826815642458
48f,43,iforest+conformal:max,0.005,0.9979166666666667,0.3093225348782218,0.3135788602506503,0.3085244738708915,0.005054386379758808,0.00425632537242847,0.9974199713330149,0.9827904118008605,0.006146281499692686,0.9721151993835484,0.964939318050472
48f,43,iforest+conformal:max,0.01,0.995625,0.3093225348782218,0.32419011586663515,0.3083471269803736,0.015842988886261528,0.014867580988413337,0.9968466316292403,0.9858635525507068,0.009834050399508297,0.975919861298401,0.9623386630706993
48f,43,iforest+conformal:max,0.02,0.9925041666666666,0.3093225348782218,0.337579806100733,0.3078446441239064,0.029735161976826675,0.028257271222511232,0.9952221691352127,0.9883220651505839,0.014751075599262446,0.9790984396070121,0.9590637642072818
48f,43,iforest+conformal:max,0.03,0.9885416666666667,0.3093225348782218,0.3488117758335304,0.3073717190825254,0.04144005675100496,0.039489240955308584,0.9936932632584806,0.9901659496004918,0.019668100799016593,0.9823251781930263,0.9564149489501059
48f,43,iforest+conformal:max,0.05,0.9795833333333334,0.3093225348782218,0.37745329865216365,0.30515488295105225,0.07229841570111137,0.06813076377394182,0.9865265169612996,0.9926244622003688,0.03564843269821758,0.9913793103448276,0.9443748795993064
48f,43,iforest+conformal:max,0.075,0.9635416666666666,0.3093225348782218,0.4901276897611729,0.2870655001182313,0.2030621896429416,0.18080515488295104,0.928045867176302,0.9963122311001844,0.08666256914566688,0.9986515122327104,0.9095068387593912
48f,43,iforest+conformal:max,0.1,0.9495833333333333,0.3093225348782218,0.5083648616694254,0.2698628517379995,0.23850200993142587,0.1990423267912036,0.8724319159101767,0.9975414874001229,0.16779348494161034,0.9993739163937584,0.8737237526488153
48f,43,iforest+conformal:max,0.15,0.9090208333333332,0.3093225348782218,0.5438046819579097,0.23838377867108063,0.305420903286829,0.23448214707968787,0.7706641184902054,0.9993853718500307,0.33005531653349723,0.9997110383355808,0.7954151415912155
48f,43,iforest+conformal:max,0.2,0.871875,0.3093225348782218,0.5675100496571294,0.21287538425159613,0.35463466540553323,0.25818751477890756,0.6881987577639752,0.9993853718500307,0.4222495390288875,0.9998073588903872,0.7323251781930263
48f,43,iforest+conformal:max,0.3,0.79875,0.3093225348782218,0.6085067391818397,0.17143532750059115,0.4370714116812485,0.29918420430361786,0.5542283803153368,1.0,0.5795943454210203,0.9999036794451936,0.5879406665382393
48f,44,msp,0.005,0.6260319948196411,0.2791144478600142,0.27991250886734453,0.27704540080397255,0.0028671080633719554,0.0007980610073303381,0.9925871015567085,0.9827904118008605,0.06330669944683466,0.9601232903101522,0.9501541128876902
48f,44,msp,0.01,0.5822510719299316,0.2791144478600142,0.28159730432726415,0.2734097895483566,0.008187514778907543,0.002482856467249941,0.9795615800063538,0.9846342962507683,0.1524277811923786,0.9611346561356193,0.9381140435368908
48f,44,msp,0.02,0.5302000045776367,0.2791144478600142,0.2861492078505557,0.2664045873729014,0.019744620477654292,0.007034759990541499,0.9544636238483533,0.9877074370006146,0.2765826674861709,0.9635908302831824,0.9188499325756116
48f,44,msp,0.03,0.5090001225471497,0.2791144478600142,0.28931189406479074,0.2621482620004729,0.027163632064317805,0.010197446204776544,0.939214232765011,0.9883220651505839,0.322679778733866,0.9650356386052784,0.9079175496050857
48f,44,msp,0.05,0.48790547251701355,0.2791144478600142,0.29885906833766845,0.2513005438637976,0.04755852447387089,0.019744620477654292,0.9003494652123265,0.9895513214505224,0.373079287031346,0.9685031785783086,0.8923617800038528
48f,44,msp,0.075,0.4644015431404114,0.2791144478600142,0.30982501773468907,0.23714235043745566,0.07268266729723338,0.030710569874674864,0.8496240601503758,0.9920098340503996,0.43331284572833434,0.9725968021575804,0.872953188210364
48f,44,msp,0.1,0.4438920319080353,0.2791144478600142,0.3200520217545519,0.22546701347836368,0.09458500827618822,0.04093757389453771,0.8077941332203747,0.9938537185003073,0.48002458512599877,0.9755345790791755,0.8555673280678097
48f,44,msp,0.15,0.3990958333015442,0.2791144478600142,0.3397670844171199,0.20164341451879877,0.13812366989832112,0.0606526365571057,0.7224399025733347,0.9944683466502766,0.5697602950215119,0.981265652090156,0.8124638797919476
48f,44,msp,0.2,0.3467215299606323,0.2791144478600142,0.36231969732797353,0.1709032868290376,0.19141641049893593,0.08320524946795933,0.6123054114158636,0.9969268592501537,0.6674861708666256,0.9862743209400886,0.7533712194182238
48f,44,msp,0.3,0.2124190628528595,0.2791144478600142,0.4015429179475053,0.0897966422322062,0.3117462757152991,0.12242847008749114,0.3217197924388436,0.9993853718500307,0.8303626306084819,0.9955210942015026,0.6125024080138701
48f,44,entropy,0.005,0.7947024014927758,0.2791144478600142,0.27920312130527314,0.27852329155828803,0.0006798297469851029,8.867344525892646e-05,0.9978820290162025,0.9809465273509527,0.06515058389674247,0.9594972067039106,0.951069158158351
48f,44,entropy,0.01,0.7620594405251738,0.2791144478600142,0.2794691416410499,0.27769567273587137,0.0017734689051785292,0.00035469378103570584,0.9949168696388858,0.9834050399508297,0.11985248924400738,0.9599306492005394,0.943507994606049
48f,44,entropy,0.02,0.7296771385146582,0.2791144478600142,0.27988295105225824,0.2764838023173327,0.0033991487349255144,0.0007685031922440293,0.9905750291221009,0.9846342962507683,0.1954517516902274,0.9603640916971682,0.9320458485840879
48f,44,entropy,0.03,0.7105720611483595,0.2791144478600142,0.280148971388035,0.27533104752896664,0.004817923859068337,0.0010345235280208088,0.9864449857036958,0.9852489244007375,0.2421634910878918,0.960797534193797,0.9221729917164323
48f,44,entropy,0.05,0.6797850274832986,0.2791144478600142,0.2808583589501064,0.2722570347599905,0.008601324190115866,0.0017439110900922205,0.9754315365879486,0.9883220651505839,0.35095267363245236,0.9619533808514737,0.90406472741283
48f,44,entropy,0.075,0.6405768851976332,0.2791144478600142,0.28298652163632065,0.26670016552376447,0.01628635611255616,0.0038720737763064555,0.9555226093402519,0.9901659496004918,0.4585125998770744,0.9631573877865537,0.8842708534001156
48f,44,entropy,0.1,0.5791986933135236,0.2791144478600142,0.29141049893591864,0.2546996925987231,0.036710806337195555,0.012296051075904469,0.9125277983691623,0.9944683466502766,0.6017209588199139,0.9658062030437295,0.8437680601040262
48f,44,entropy,0.15,0.45697572130855874,0.2791144478600142,0.31594348545755496,0.221860960037834,0.09408252541972098,0.03682903759754079,0.79487451021921,0.9981561155500922,0.7535341118623233,0.9735600077056444,0.7466769408591793
48f,44,entropy,0.2,0.40297106986900866,0.2791144478600142,0.34496925987231025,0.17950461101915346,0.1654646488531568,0.06585481201229605,0.6431218892301175,0.9981561155500922,0.8137676705593117,0.9824214987478328,0.6777595838952032
48f,44,entropy,0.3,0.3330021700550205,0.2791144478600142,0.3969023409789548,0.09508749113265548,0.30181484984629936,0.11778789311894065,0.3406756327438314,0.9993853718500307,0.8862937922556853,0.9945578886534386,0.5923714120593334
48f,44,margin,0.005,0.9889289140701294,0.2791144478600142,0.2821293449988177,0.2753901631591393,0.006739181839678411,0.0030148971388035,0.9866567828020755,0.9797172710510141,0.017209588199139522,0.9608456944712002,0.9546330186861877
48f,44,margin,0.01,0.9746996164321899,0.2791144478600142,0.28603097659021043,0.27092693308110666,0.015104043509103807,0.006916528730196264,0.9706661018744043,0.9809465273509527,0.03687768899815612,0.9624349836255057,0.9496243498362551
48f,44,margin,0.02,0.9434083700180054,0.2791144478600142,0.2946618585954126,0.2600200993142587,0.034641759281153935,0.01554741073539844,0.9315895372233399,0.9846342962507683,0.08912108174554395,0.9653727605471008,0.9360431516085532
48f,44,margin,0.03,0.9194892048835754,0.2791144478600142,0.3006029794277607,0.2523350673918184,0.0482679120359423,0.02148853156774651,0.9040559144339722,0.9858635525507068,0.12476951444376153,0.9681178963590831,0.9261702947408977
48f,44,margin,0.05,0.8722848892211914,0.2791144478600142,0.3120714116812485,0.23802908489004493,0.0740423267912036,0.032956963821234336,0.8528010166260721,0.986478180700676,0.21020282728948986,0.9724523213253708,0.9048834521286843
48f,44,margin,0.075,0.7961181402206421,0.2791144478600142,0.3311066445968314,0.21503310475289666,0.11607353984393473,0.051992196736817216,0.7704119453563485,0.9913952059004303,0.33189920098340503,0.9784723560007705,0.869533808514737
48f,44,margin,0.1,0.7435091137886047,0.2791144478600142,0.3442303144951525,0.19830338141404588,0.14592693308110666,0.06511586663513833,0.7104733665148787,0.9920098340503996,0.4185617701290719,0.9816990945867848,0.8448275862068966
48f,44,margin,0.15,0.6548370122909546,0.2791144478600142,0.3642705131236699,0.17066682430834712,0.19360368881532278,0.08515606526365571,0.6114582230223445,0.9944683466502766,0.5267363245236631,0.9859371989982663,0.8062030437295319
48f,44,margin,0.2,0.582068145275116,0.2791144478600142,0.377867108063372,0.14722747694490423,0.23063963111846772,0.09875266020335777,0.5274806735147728,0.9969268592501537,0.6226183159188691,0.9893084184164901,0.7664226545944904
48f,44,margin,0.3,0.3952825963497162,0.2791144478600142,0.40204540080397255,0.08870300307401277,0.3133423977299598,0.12293095294395838,0.31780154611881817,0.9993853718500307,0.7953288260602336,0.9953284530918898,0.6304180312078598
48f,44,conformal,0.005,0.9628626620139581,0.2791144478600142,0.37585717663750295,0.2791144478600142,0.09674272877748877,0.09674272877748877,1.0,0.9797172710510141,0.0,0.9594490464265074,0.9592564053168946
48f,44,conformal,0.01,0.9523835635949295,0.2791144478600142,0.3855521399858122,0.2791144478600142,0.10643769212579807,0.10643769212579807,1.0,0.9797172710510141,0.0,0.9595453669813138,0.9592564053168946
48f,44,conformal,0.02,0.9299700897308073,0.2791144478600142,0.39835067391818396,0.2791144478600142,0.11923622605816978,0.11923622605816978,1.0,0.9797172710510141,0.0,0.960315931419765,0.9592564053168946
48f,44,conformal,0.03,0.900049850448654,0.2791144478600142,0.41717900212816267,0.2791144478600142,0.1380645542681485,0.1380645542681485,1.0,0.9797172710510141,0.0,0.9618089000192641,0.9592564053168946
48f,44,conformal,0.05,0.8644192422731806,0.2791144478600142,0.4671317096240246,0.27890754315441,0.18822416646961457,0.1880172617640104,0.9992587101556708,0.9827904118008605,0.0043023970497848806,0.9736081679830476,0.9585821614332498
48f,44,conformal,0.075,0.8335368893320039,0.2791144478600142,0.5039607472215654,0.27521281626862143,0.22874793095294396,0.2248462993615512,0.9860213915069362,0.9901659496004918,0.032575291948371235,0.9796763629358505,0.9491909073396263
48f,44,conformal,0.1,0.8,0.2791144478600142,0.5460510759044691,0.27267084417119886,0.27338023173327025,0.26693662804445495,0.9769141162766068,0.9956976029502151,0.08174554394591273,0.986611442881911,0.9329608938547486
48f,44,conformal,0.15,0.758139534883721,0.2791144478600142,0.607294868763301,0.2493201702530149,0.3579746985102861,0.3281804209032868,0.8932542624166048,0.9993853718500307,0.2231100184388445,0.9993739163937584,0.8630321710653054
48f,44,conformal,0.2,0.7241774675972084,0.2791144478600142,0.6263892173090565,0.21597895483565854,0.41041026247339796,0.34727476944904234,0.7738006989304246,0.9993853718500307,0.3700061462814997,0.9997110383355808,0.8056732806780967
48f,44,conformal,0.3,0.6403508771929824,0.2791144478600142,0.6714057696855048,0.16868645069756444,0.5027193189879404,0.39229132182549065,0.6043630202266228,1.0,0.5759065765212047,0.9999036794451936,0.6963976112502408
48f,44,iforest,0.005,0.6279075435493219,0.2791144478600142,0.28165641995743673,0.2787893118940648,0.0028671080633719554,0.0025419720974225587,0.9988351159589113,0.9797172710510141,0.0036877688998156115,0.9593045655942978,0.9533326911963013
48f,44,iforest,0.01,0.6074412428785689,0.2791144478600142,0.28679947978245446,0.27852329155828803,0.00827618822416647,0.007685031922440294,0.9978820290162025,0.9797172710510141,0.0036877688998156115,0.9594490464265074,0.9465902523598536
48f,44,iforest,0.02,0.5783387546636273,0.2791144478600142,0.2917947505320407,0.2751537006384488,0.016641049893591865,0.012680302672026484,0.9858095944085564,0.9797172710510141,0.008604794099569761,0.9596416875361202,0.9093141976497785
48f,44,iforest,0.03,0.5616280020697764,0.2791144478600142,0.296612674391109,0.27128162686214236,0.025331047528966658,0.017498226531094823,0.9719368844646827,0.9797172710510141,0.01290719114935464,0.9601714505875554,0.8873049508765171
48f,44,iforest,0.05,0.5418278232463204,0.2791144478600142,0.3033814140458737,0.2654882951052258,0.03789311894064791,0.02426696618585954,0.951180768823467,0.9797172710510141,0.016594960049170254,0.9612309766904258,0.8614428819109998
48f,44,iforest,0.075,0.5208928032974947,0.2791144478600142,0.31375620714116814,0.25830574603925277,0.055450461101915344,0.034641759281153935,0.9254474213703271,0.9797172710510141,0.017209588199139522,0.9623386630706993,0.8311500674243884
48f,44,iforest,0.1,0.5061795905670422,0.2791144478600142,0.32259399385197446,0.2530148971388035,0.06957909671317096,0.04347954599196027,0.9064915810653392,0.9797172710510141,0.019053472649047325,0.9628684261221344,0.7983047582354075
48f,44,iforest,0.15,0.48325220438109795,0.2791144478600142,0.3428115393710097,0.24045282572712226,0.10235871364388745,0.06369709151099551,0.861484697659642,0.9803318992009834,0.034419176398279044,0.963976112502408,0.7129165863995377
48f,44,iforest,0.2,0.46791022324302506,0.2791144478600142,0.36311775833530385,0.2288366043982029,0.13428115393710097,0.08400331047528967,0.8198665678280207,0.9821757836508912,0.0645359557467732,0.9648429974956656,0.6266133692930071
48f,44,iforest,0.3,0.4466007157510379,0.2791144478600142,0.4012768976117285,0.19830338141404588,0.20297351619768267,0.12216244975171435,0.7104733665148787,0.9852489244007375,0.16164720344191763,0.9679734155268734,0.500963205548064
48f,44,iforest+msp:mean,0.005,0.9558004999999999,0.2791144478600142,0.2801785292031213,0.2764246866871601,0.0037538425159612202,0.0010640813431071175,0.9903632320237211,0.9797172710510141,0.0043023970497848806,0.960315931419765,0.9497688306684646
48f,44,iforest+msp:mean,0.01,0.9490010000000001,0.2791144478600142,0.28100614802553797,0.2748285646724994,0.006177583353038543,0.0018917001655237645,0.9846447103674678,0.9797172710510141,0.006760909649661954,0.9608456944712002,0.9420150260065498
48f,44,iforest+msp:mean,0.02,0.9382039999999999,0.2791144478600142,0.28322298415701114,0.27057223930007096,0.012650744856940175,0.004108536296996926,0.9693953192841258,0.9803318992009834,0.016594960049170254,0.9617607397418609,0.9288191099980736
48f,44,iforest+msp:mean,0.03,0.9335,0.2791144478600142,0.2845826436509813,0.2679120359423031,0.016670607708678176,0.0054681957909671315,0.9598644498570368,0.9809465273509527,0.023970497848801474,0.9621460219610865,0.9211616258909652
48f,44,iforest+msp:mean,0.05,0.9248,0.2791144478600142,0.28632655474107355,0.26220737763064556,0.024119177110428,0.0072121068810593525,0.9394260298633909,0.9815611555009219,0.049170251997541485,0.9629647466769409,0.9005490271623965
48f,44,iforest+msp:mean,0.075,0.9156074999999999,0.2791144478600142,0.28904587372901397,0.25422676755734214,0.03481910617167179,0.009931425868999763,0.9108334215821241,0.9827904118008605,0.0762138905961893,0.9648429974956656,0.8729050279329609
48f,44,iforest+msp:mean,0.1,0.9106000000000001,0.2791144478600142,0.29105580515488294,0.2487290139512887,0.04232679120359423,0.011941357294868763,0.8911362914328073,0.9834050399508297,0.09834050399508297,0.9656135619341167,0.8529185128106338
48f,44,iforest+msp:mean,0.15,0.89523,0.2791144478600142,0.3056278079924332,0.2272109245684559,0.0784168834239773,0.026513360132419013,0.8140421476225775,0.9852489244007375,0.18623232944068838,0.9672028510884223,0.7873723752648816
48f,44,iforest+msp:mean,0.2,0.8828,0.2791144478600142,0.32318515015370064,0.20631354930243556,0.11687160085126508,0.04407070229368645,0.7391718733453351,0.9877074370006146,0.2894898586355255,0.9687439799653246,0.7229339240994028
48f,44,iforest+msp:mean,0.3,0.85853,0.2791144478600142,0.3615807519508158,0.17007566800662094,0.19150508394419485,0.0824663040908016,0.609340252038547,0.9883220651505839,0.4615857406269207,0.9712964746676941,0.5736370641494895
48f,44,iforest+msp:max,0.005,0.998001,0.2791144478600142,0.27967604634665405,0.2775183258453535,0.0021577205013005437,0.0005615984866398676,0.9942814783437466,0.9827904118008605,0.05224339274738783,0.9600269697553457,0.9500577923328838
48f,44,iforest+msp:max,0.01,0.9964,0.2791144478600142,0.2814790730669189,0.2752423740837077,0.006236698983211161,0.0023646252069047056,0.9861272900561261,0.9834050399508297,0.10633066994468347,0.960556732806781,0.9398959738008091
48f,44,iforest+msp:max,0.02,0.9936,0.2791144478600142,0.2852624733979664,0.2694786001418775,0.01578387325608891,0.0061480255379522345,0.9654770729641003,0.9858635525507068,0.22864167178856792,0.9623386630706993,0.9223174725486418
48f,44,iforest+msp:max,0.03,0.9894119999999998,0.2791144478600142,0.29081934263419246,0.26463111846772286,0.026188224166469615,0.011704894774178293,0.9481097108969606,0.9883220651505839,0.30055316533497234,0.9641687536120208,0.9086399537661337
48f,44,iforest+msp:max,0.05,0.98121,0.2791144478600142,0.30379522345708204,0.2541380941120832,0.049657129344998815,0.024680775597067866,0.9105157259345545,0.9889366933005531,0.36447449293177625,0.9676844538624543,0.8847524561741476
48f,44,iforest+msp:max,0.075,0.976,0.2791144478600142,0.3138153227713407,0.24388153227713408,0.06993379049420667,0.034700874911326555,0.8737689293656676,0.990780577750461,0.4056545789797173,0.970525910229243,0.8618763244076286
48f,44,iforest+msp:max,0.1,0.9716,0.2791144478600142,0.3241310002364625,0.23238354220855995,0.09174745802790257,0.04501655237644833,0.8325743937308058,0.9926244622003688,0.4535955746773202,0.9733192063186284,0.8265748410710846
48f,44,iforest+msp:max,0.15,0.961,0.2791144478600142,0.3450579333175692,0.20962402459210216,0.135433908725467,0.06594348545755498,0.7510325108546013,0.9944683466502766,0.5347264904732637,0.9786649971103834,0.776536312849162
48f,44,iforest+msp:max,0.2,0.9504,0.2791144478600142,0.36542326791203594,0.18659848663986758,0.17882478127216836,0.08630882005202176,0.6685375410356877,0.9956976029502151,0.6084818684695759,0.9833365440184936,0.7224041610479677
48f,44,iforest+msp:max,0.3,0.9298,0.2791144478600142,0.41327737053676994,0.11938401513360132,0.2938933554031686,0.13416292267675572,0.4277242401779095,0.9987707437000615,0.7523048555623848,0.9923906761702947,0.5836062415719514
48f,44,iforest+entropy:mean,0.005,0.9574010000000001,0.2791144478600142,0.2797351619768267,0.27660203357767793,0.003133128399148735,0.0006207141168124852,0.9909986233188605,0.9797172710510141,0.006760909649661954,0.9595453669813138,0.950587555384319
48f,44,iforest+entropy:mean,0.01,0.9477,0.2791144478600142,0.28026720264838023,0.2747694490423268,0.00549775360605344,0.001152754788366044,0.9844329132690882,0.9797172710510141,0.010448678549477565,0.9600269697553457,0.9411481410132922
48f,44,iforest+entropy:mean,0.02,0.9395079999999998,0.2791144478600142,0.2815381886970915,0.27290730669188934,0.008630882005202175,0.0024237408370773234,0.9777613046701259,0.9803318992009834,0.013521819299323909,0.9609901753034098,0.9281448661144288
48f,44,iforest+entropy:mean,0.03,0.9348,0.2791144478600142,0.28227713407424926,0.27063135493024354,0.011645779144005676,0.003162686214235044,0.9696071163825054,0.9803318992009834,0.019668100799016593,0.961279136967829,0.9175014448083221
48f,44,iforest+entropy:mean,0.05,0.9261999999999999,0.2791144478600142,0.28437573894537715,0.26531094821470796,0.01906479073066919,0.00526129108536297,0.9505453775283278,0.9821757836508912,0.04363859864781807,0.9621460219610865,0.8904835291851281
48f,44,iforest+entropy:mean,0.075,0.9192,0.2791144478600142,0.28656301726176403,0.2586013241901159,0.027961693071648145,0.007448569401749823,0.926506406862226,0.9827904118008605,0.06822372464658881,0.9630610672317472,0.864428819109998
48f,44,iforest+entropy:mean,0.1,0.9132,0.2791144478600142,0.28839560179711515,0.2523350673918184,0.03606053440529676,0.00928115393710097,0.9040559144339722,0.9834050399508297,0.0860479409956976,0.9641205933346176,0.8372182623771913
48f,44,iforest+entropy:mean,0.15,0.8957149999999999,0.2791144478600142,0.30305627807992436,0.2302553795223457,0.07280089855757862,0.023941830219910143,0.8249496981891348,0.9846342962507683,0.18315918869084205,0.966432286649971,0.7709978809477943
48f,44,iforest+entropy:mean,0.2,0.8815999999999999,0.2791144478600142,0.3233920548593048,0.2070820524946796,0.1163100023646252,0.04427760699929061,0.7419252356242718,0.9870928088506453,0.32206515058389673,0.968599499133115,0.7176362935850511
48f,44,iforest+entropy:mean,0.3,0.8588,0.2791144478600142,0.36069401749822655,0.1715831165760227,0.18911090092220384,0.08157956963821235,0.6147410780472308,0.9883220651505839,0.49661954517516904,0.9706703910614525,0.5755153149682142
48f,44,iforest+entropy:max,0.005,0.9976,0.2791144478600142,0.2791440056751005,0.2787893118940648,0.00035469378103570584,2.955781508630882e-05,0.9988351159589113,0.9809465273509527,0.04363859864781807,0.9594008861491042,0.9514544403775765
48f,44,iforest+entropy:max,0.01,0.9946020000000001,0.2791144478600142,0.28032631827855287,0.278139039962166,0.002187278316386853,0.0012118704185386617,0.996505347876734,0.9809465273509527,0.08358942839582052,0.9596416875361202,0.9441822384896937
48f,44,iforest+entropy:max,0.02,0.9898,0.2791144478600142,0.2829569638212343,0.2768384960983684,0.006118467722865926,0.003842515961220147,0.9918458117123795,0.984019668100799,0.148740012292563,0.9602677711423617,0.9339722596802158
48f,44,iforest+entropy:max,0.03,0.9862,0.2791144478600142,0.2852329155828801,0.27589264601560654,0.009340269567273587,0.006118467722865926,0.9884570581383034,0.9846342962507683,0.20590043023970497,0.9606530533615874,0.9231843575418994
48f,44,iforest+entropy:max,0.05,0.9818,0.2791144478600142,0.2876566564199574,0.27426696618585955,0.013389690234097895,0.008542208559943249,0.9826326379328603,0.9858635525507068,0.26920712968653965,0.9611346561356193,0.9068098632248122
48f,44,iforest+entropy:max,0.075,0.9766,0.2791144478600142,0.2912035942303145,0.2693012532513597,0.021902340978954837,0.012089146370300308,0.9648416816689611,0.9895513214505224,0.4124154886293792,0.9625313041803121,0.873916393758428
48f,44,iforest+entropy:max,0.1,0.9732600000000001,0.2791144478600142,0.29655355876093636,0.26191179947978244,0.034641759281153935,0.017439110900922202,0.938367044371492,0.9913952059004303,0.510141364474493,0.9640724330572145,0.8385185898670776
48f,44,iforest+entropy:max,0.15,0.963,0.2791144478600142,0.32085008276188226,0.23285646724994088,0.08799361551194136,0.04173563490186805,0.8342687705178439,0.9950829748002459,0.7080516287645974,0.9702369485648238,0.7319398959738008
48f,44,iforest+entropy:max,0.2,0.9496,0.2791144478600142,0.3418656892882478,0.2043922913218255,0.13747339796642233,0.06275124142823363,0.7322884676479932,0.9981561155500922,0.784880147510756,0.9766422654594491,0.646551724137931
48f,44,iforest+entropy:max,0.3,0.9276599999999999,0.2791144478600142,0.40133601324190116,0.12653700638448806,0.2747990068574131,0.12222156538188697,0.4533516890818595,0.9987707437000615,0.8524892440073756,0.9908013870159892,0.544548256597958
48f,44,iforest+margin:mean,0.005,0.9558035,0.2791144478600142,0.28103570584062426,0.27527193189879406,0.0057637739418302195,0.0019212579806100734,0.9862331886053161,0.9797172710510141,0.004917025199754148,0.9607012136389905,0.9500096320554806
48f,44,iforest+margin:mean,0.01,0.9472020000000001,0.2791144478600142,0.28242492314968076,0.2725230550957673,0.009901868053913455,0.003310475289666588,0.9763846235306575,0.9797172710510141,0.007990165949600492,0.9612309766904258,0.9427374301675978
48f,44,iforest+margin:mean,0.02,0.9391039999999999,0.2791144478600142,0.28413927642468667,0.2694786001418775,0.014660676282809175,0.005024828564672499,0.9654770729641003,0.9803318992009834,0.01290719114935464,0.9620015411288769,0.9331053746869582
48f,44,iforest+margin:mean,0.03,0.932403,0.2791144478600142,0.28561716717900215,0.26602033577677936,0.019596831402222747,0.006502719318987941,0.9530869427088847,0.9809465273509527,0.022741241548862937,0.9625313041803121,0.9235214794837219
48f,44,iforest+margin:mean,0.05,0.92261,0.2791144478600142,0.28827737053676994,0.2586013241901159,0.029676046346654054,0.009162922676755733,0.926506406862226,0.9815611555009219,0.046097111247695145,0.9640724330572145,0.9027162396455404
48f,44,iforest+margin:mean,0.075,0.913415,0.2791144478600142,0.2918834239772996,0.24920193899266965,0.04268148498462994,0.01276897611728541,0.8928306682198452,0.9827904118008605,0.0743700061462815,0.9657580427663264,0.87680601040262
48f,44,iforest+margin:mean,0.1,0.9066,0.2791144478600142,0.2959032868290376,0.24074840387798535,0.05515488295105226,0.01678883896902341,0.8625436831515407,0.9834050399508297,0.1038721573448064,0.9667212483143903,0.8504623386630707
48f,44,iforest+margin:mean,0.15,0.8939,0.2791144478600142,0.3095589973989123,0.2221565381886971,0.08740245921021518,0.030444549538898084,0.7959334957111087,0.9858635525507068,0.17455439459127228,0.9677807744172606,0.789684068580235
48f,44,iforest+margin:mean,0.2,0.8826,0.2791144478600142,0.32433790494206666,0.2038011350200993,0.12053676992196737,0.04522345708205249,0.7301704966641956,0.9870928088506453,0.26121696373693915,0.969081101907147,0.7249566557503371
48f,44,iforest+margin:mean,0.3,0.85883,0.2791144478600142,0.3622605816978009,0.16844998817687395,0.19381059352092694,0.08314613383778671,0.6035158318331038,0.9883220651505839,0.43945912722802705,0.9718743979965324,0.5747929108071662
48f,44,iforest+margin:max,0.005,0.999401,0.2791144478600142,0.28207022936864506,0.27553795223457084,0.0065322771340742495,0.002955781508630882,0.987186275548025,0.9797172710510141,0.015980331899200985,0.9608456944712002,0.9537179734155269
48f,44,iforest+margin:max,0.01,0.998202,0.2791144478600142,0.2848191061716718,0.2725230550957673,0.012296051075904469,0.005704658311657602,0.9763846235306575,0.9809465273509527,0.03196066379840197,0.9619533808514737,0.9497688306684646
48f,44,iforest+margin:max,0.02,0.9966,0.2791144478600142,0.2915582880113502,0.2643650981319461,0.027193189879404115,0.012443840151336013,0.9471566239542517,0.9827904118008605,0.0645359557467732,0.9641687536120208,0.9379695627046811
48f,44,iforest+margin:max,0.03,0.9932,0.2791144478600142,0.2996866871600851,0.25523173327027665,0.04445495388980847,0.02057223930007094,0.91443397225458,0.9852489244007375,0.11309157959434542,0.9669620497014063,0.9249662878058178
48f,44,iforest+margin:max,0.05,0.9884,0.2791144478600142,0.31260345235280207,0.241576022700402,0.0710274296524001,0.03348900449278789,0.8655088425288573,0.986478180700676,0.19299323909035035,0.9716335966095164,0.903583124638798
48f,44,iforest+margin:max,0.075,0.981,0.2791144478600142,0.33261409316623314,0.22242255852447387,0.11019153464175928,0.053499645306218965,0.7968865826538176,0.990780577750461,0.297480024585126,0.9764977846272395,0.8704006935079946
48f,44,iforest+margin:max,0.1,0.9738,0.2791144478600142,0.3462993615511941,0.20968314022227477,0.13661622132891937,0.06718491369117995,0.751244307952981,0.9913952059004303,0.36447449293177625,0.9792429204392217,0.8280678096705837
48f,44,iforest+margin:max,0.15,0.9608,0.2791144478600142,0.36988649799006856,0.17932726412863562,0.19055923386143298,0.09077205013005439,0.6424864979349783,0.9938537185003073,0.48985863552550707,0.9846368715083799,0.7661336929300713
48f,44,iforest+margin:max,0.2,0.9494,0.2791144478600142,0.3886557105698747,0.15559233861432964,0.23306337195554505,0.10954126270986049,0.5574499629355077,0.9950829748002459,0.5716041794714198,0.9875264881525717,0.7196590252359854
48f,44,iforest+margin:max,0.3,0.9294,0.2791144478600142,0.41676519271695434,0.11432962875384252,0.30243556396311183,0.13765074485694018,0.40961558826644073,0.9987707437000615,0.7166564228641672,0.9927759583895204,0.6141398574455789
48f,44,iforest+conformal:mean,0.005,0.9425050000000001,0.2791144478600142,0.3150567510049657,0.2791144478600142,0.035942303144951525,0.035942303144951525,1.0,0.9797172710510141,0.0,0.9594490464265074,0.9592564053168946
48f,44,iforest+conformal:mean,0.01,0.8960180000000004,0.2791144478600142,0.3735221092456846,0.2785824071884606,0.09493970205722393,0.09440766138567037,0.9980938261145821,0.9797172710510141,0.0006146281499692685,0.9622905027932961,0.9574744750529763
48f,44,iforest+conformal:mean,0.02,0.8697059999999999,0.2791144478600142,0.3930302672026484,0.2768384960983684,0.11619177110427997,0.11391581934263419,0.9918458117123795,0.9815611555009219,0.009834050399508297,0.9655654016567136,0.9501059526102871
48f,44,iforest+conformal:mean,0.03,0.851703,0.2791144478600142,0.4031094821470797,0.27429652400094584,0.12881295814613383,0.1239950342870655,0.9827385364820501,0.9834050399508297,0.02642901044867855,0.9673473319206318,0.9368137160470045
48f,44,iforest+conformal:mean,0.05,0.82591,0.2791144478600142,0.4225880822889572,0.2690647907306692,0.153523291558288,0.143473634428943,0.9639944932754421,0.9858635525507068,0.07375537799631224,0.9701406280100173,0.8813330764785205
48f,44,iforest+conformal:mean,0.075,0.803215,0.2791144478600142,0.44150508394419485,0.2617048947741783,0.17980018917001656,0.16239063608418067,0.9376257545271629,0.9877074370006146,0.12661339889366932,0.9717780774417261,0.8433346176073974
48f,44,iforest+conformal:mean,0.1,0.7823100000000001,0.2791144478600142,0.46065854812012297,0.252867108063372,0.20779144005675101,0.18154410026010878,0.9059620883193901,0.9895513214505224,0.19422249539028888,0.9732710460412252,0.8166056636486226
48f,44,iforest+conformal:mean,0.15,0.7493599999999999,0.2791144478600142,0.49420666824308346,0.23652163632064319,0.2576850319224403,0.21509222038306927,0.8474001906173885,0.990780577750461,0.2993239090350338,0.9761125024080138,0.7731169331535349
48f,44,iforest+conformal:mean,0.2,0.71962,0.2791144478600142,0.5211929534168834,0.21920075668006622,0.3019921967368172,0.24207850555686924,0.7853436407921212,0.9920098340503996,0.3632452366318377,0.9788576382199962,0.7215854363321133
48f,44,iforest+conformal:mean,0.3,0.6553599999999999,0.2791144478600142,0.5786237881295815,0.17598723102388272,0.40263655710569873,0.29950934026956727,0.6305199618765223,0.9975414874001229,0.48862937922556854,0.9898863417453284,0.6088422269312271
48f,44,iforest+conformal:max,0.005,0.9938020000000001,0.2791144478600142,0.3625857176637503,0.27887798533932373,0.08370773232442658,0.0834712698037361,0.999152811606481,0.9797172710510141,0.001229256299938537,0.9593045655942978,0.9541995761895589
48f,44,iforest+conformal:max,0.01,0.9888020000000001,0.2791144478600142,0.37414282336249705,0.2787893118940648,0.09535351146843225,0.09502837550248286,0.9988351159589113,0.9797172710510141,0.0036877688998156115,0.9594008861491042,0.9527547678674629
48f,44,iforest+conformal:max,0.02,0.9766,0.2791144478600142,0.3901040435091038,0.2783459446677702,0.11175809884133364,0.11098959564908963,0.9972466377210633,0.9797172710510141,0.004917025199754148,0.9597380080909266,0.9379695627046811
48f,44,iforest+conformal:max,0.03,0.9696359999999997,0.2791144478600142,0.3953948924095531,0.2755083944194845,0.11988649799006858,0.1162804445495389,0.987080376998835,0.9797172710510141,0.008604794099569761,0.9601232903101522,0.9111442881910999
48f,44,iforest+conformal:max,0.05,0.95401,0.2791144478600142,0.4084890044927879,0.2711338377867108,0.1373551667060771,0.1293745566327737,0.9714073917187334,0.9797172710510141,0.01290719114935464,0.9613272972452321,0.8869196686572914
48f,44,iforest+conformal:max,0.075,0.936615,0.2791144478600142,0.4242728777488768,0.26522227476944904,0.15905060297942777,0.14515842988886263,0.9502276818807581,0.9797172710510141,0.016594960049170254,0.9633500288961664,0.860527836640339
48f,44,iforest+conformal:max,0.1,0.9220200000000001,0.2791144478600142,0.43878576495625443,0.2594289430125325,0.17935682194372193,0.15967131709624025,0.9294715662395424,0.9797172710510141,0.017209588199139522,0.9656617222115199,0.8362550568291274
48f,44,iforest+conformal:max,0.15,0.9018599999999999,0.2791144478600142,0.48294514069519984,0.2515961220146607,0.23134901868053914,0.20383069283518562,0.9014084507042254,0.9827904118008605,0.024585125998770743,0.9757753804661915,0.7913215180119437
48f,44,iforest+conformal:max,0.2,0.8848,0.2791144478600142,0.5109363915819343,0.24006857413100025,0.270867817450934,0.23182194372192008,0.8601080165201737,0.9895513214505224,0.054701905347264906,0.9811693315353497,0.7208630321710653
48f,44,iforest+conformal:max,0.3,0.8536,0.2791144478600142,0.5550957673208796,0.21704303617876566,0.338052731142114,0.27598131946086546,0.7776130467012601,0.9956976029502151,0.1432083589428396,0.9870448853785397,0.5731073010980543
48f,45,msp,0.005,0.632206916809082,0.29965712934499883,0.3005438637975881,0.29806100733033813,0.002482856467249941,0.0008867344525892646,0.9946735056224106,0.9852489244007375,0.05224339274738783,0.9626276247351184,0.9516470814871894
48f,45,msp,0.01,0.6129773259162903,0.29965712934499883,0.30089855757862377,0.2969082525419721,0.003990305036651691,0.0012414282336249704,0.9908265930163741,0.9889366933005531,0.08051628764597418,0.9629165863995377,0.94668657291466
48f,45,msp,0.02,0.5824756622314453,0.29965712934499883,0.30216954362733506,0.29410026010877277,0.008069283518562308,0.0025124142823362496,0.9814559084632077,0.9901659496004918,0.13583282114320835,0.9635426700057792,0.9373434790984396
48f,45,msp,0.03,0.5597397685050964,0.29965712934499883,0.30355876093639156,0.2910853629699693,0.012473397966422321,0.003901631591392764,0.9713947524166503,0.990780577750461,0.19053472649047326,0.964216913889424,0.9322384896937006
48f,45,msp,0.05,0.5246828198432922,0.29965712934499883,0.30754906597304327,0.2855876093639158,0.021961456609127454,0.007891936628044455,0.9530479384493982,0.9920098340503996,0.2624462200368777,0.9658062030437295,0.9189944134078212
48f,45,msp,0.075,0.5016961097717285,0.29965712934499883,0.3109186568928825,0.27979427760699926,0.031124379285883186,0.01126152754788366,0.9337147366344445,0.9938537185003073,0.3159188690842041,0.9675881333076478,0.9051724137931034
48f,45,msp,0.1,0.4879024624824524,0.29965712934499883,0.3176873965476472,0.27355757862378816,0.04412981792385907,0.01803026720264838,0.9129019530479385,0.9944683466502766,0.33804548248309774,0.970044307455211,0.8937102677711424
48f,45,msp,0.15,0.45695507526397705,0.29965712934499883,0.33051548829510524,0.25824663040908014,0.07226885788602506,0.03085835895010641,0.8618070625369895,0.9963122311001844,0.40626920712968656,0.9744750529763051,0.8665478713157387
48f,45,msp,0.2,0.4279884099960327,0.29965712934499883,0.34165878458264365,0.24444313076377394,0.09721565381886971,0.04200165523764483,0.8157427500493194,0.9975414874001229,0.4677320221266134,0.9775573107301098,0.8379406665382393
48f,45,msp,0.3,0.36305755376815796,0.29965712934499883,0.3638567037124616,0.2091510995507212,0.15470560416174037,0.06419957436746276,0.6979680410337344,0.9981561155500922,0.604179471419791,0.9840589481795415,0.7718647659410518
48f,45,entropy,0.005,0.7987567939560443,0.29965712934499883,0.29974580279025775,0.29903641522818636,0.0007093875620714117,8.867344525892646e-05,0.9979285855198264,0.9858635525507068,0.054701905347264906,0.9620978616836833,0.9552591022924292
48f,45,entropy,0.01,0.7739353514919353,0.29965712934499883,0.2998344762355167,0.2985634901868054,0.0012709860487112794,0.00017734689051785292,0.9963503649635036,0.9858635525507068,0.09280885064535956,0.9623386630706993,0.9496725101136583
48f,45,entropy,0.02,0.7510130914261769,0.29965712934499883,0.29998226531094824,0.297854102624734,0.002128162686214235,0.000325135965949397,0.9939830341290196,0.9870928088506453,0.13275968039336203,0.9626276247351184,0.9378732421498748
48f,45,entropy,0.03,0.7329006936922733,0.29965712934499883,0.3001891700165524,0.2970560416174036,0.003133128399148735,0.0005320406715535588,0.9913197869402248,0.9870928088506453,0.1720958819913952,0.9631573877865537,0.9323829705259102
48f,45,entropy,0.05,0.7025021029496236,0.29965712934499883,0.30104634665405533,0.29475053204067153,0.006295814613383779,0.0013892173090565146,0.9836259617281514,0.9883220651505839,0.2427781192378611,0.963976112502408,0.9188499325756116
48f,45,entropy,0.075,0.6790361436145493,0.29965712934499883,0.3016375029557815,0.29238590683376686,0.009251596122014661,0.001980373610782691,0.9757348589465378,0.9895513214505224,0.3208358942839582,0.9647466769408591,0.9083509921017145
48f,45,entropy,0.1,0.6495478299965847,0.29965712934499883,0.30305627807992436,0.2888980846535824,0.014158193426341925,0.0033991487349255144,0.9640954823436575,0.9926244622003688,0.4044253226797787,0.9657098824889231,0.8932768252745136
48f,45,entropy,0.15,0.6024966328083219,0.29965712934499883,0.308288011350201,0.27955781508630884,0.02873019626389217,0.008630882005202175,0.9329256263562833,0.9944683466502766,0.5070682237246465,0.9670583702562127,0.8623097669042573
48f,45,entropy,0.2,0.5298813639578214,0.29965712934499883,0.31824899503428705,0.2626211870418539,0.0556278079924332,0.018591865689288247,0.876405602682975,0.9969268592501537,0.6484326982175783,0.9697553457907917,0.8121267578501252
48f,45,entropy,0.3,0.41875539417020974,0.29965712934499883,0.3407720501300544,0.21896429415937574,0.12180775597067865,0.04111492078505557,0.7307161175774314,0.9987707437000615,0.794099569760295,0.978327875168561,0.7074744750529763
48f,45,margin,0.005,0.9916257858276367,0.29965712934499883,0.30137148262000474,0.2972038306928352,0.004167651927169544,0.0017143532750059115,0.9918129808640757,0.9852489244007375,0.015365703749231715,0.9623868233481024,0.9588229628202658
48f,45,margin,0.01,0.9833215475082397,0.29965712934499883,0.30376566564199575,0.29528257271222513,0.008483092929770631,0.004108536296996926,0.9854014598540146,0.9870928088506453,0.03196066379840197,0.9633018686187632,0.9558851858986708
48f,45,margin,0.02,0.9697986245155334,0.29965712934499883,0.307519508157957,0.2915878458264365,0.015931662331520453,0.007862378812958147,0.973071611757743,0.9883220651505839,0.04855562384757222,0.9649874783278751,0.9504430745521094
48f,45,margin,0.03,0.9541898965835571,0.29965712934499883,0.3112733506739182,0.2871541735634902,0.024119177110428,0.011616221328919367,0.9582757940422174,0.9889366933005531,0.07805777504609711,0.9663841263725679,0.9437006357156618
48f,45,margin,0.05,0.9209905862808228,0.29965712934499883,0.3175987231023883,0.27796169307164814,0.03963703003074013,0.017941593757389455,0.9275991319786939,0.990780577750461,0.1309157959434542,0.9692737430167597,0.9287227894432671
48f,45,margin,0.075,0.8795852661132812,0.29965712934499883,0.3267912035942303,0.26717309056514543,0.05961811302908489,0.027134074249231498,0.8915959755375814,0.9932390903503381,0.19360786724031961,0.9721151993835484,0.9088807551531497
48f,45,margin,0.1,0.8468376398086548,0.29965712934499883,0.3338850792149444,0.2580101678883897,0.07587491132655474,0.034227949869945616,0.8610179522588282,0.9938537185003073,0.23355869698832207,0.9745713735311116,0.8938547486033519
48f,45,margin,0.15,0.7757622003555298,0.29965712934499883,0.3482206195318042,0.2366103097659021,0.11161030976590211,0.04856349018680539,0.7896034720852239,0.9963122311001844,0.3251382913337431,0.9794355615488345,0.8625024080138701
48f,45,margin,0.2,0.7191905975341797,0.29965712934499883,0.3589501064081343,0.2205604161740364,0.1383896902340979,0.059292977063135494,0.7360426119550206,0.9975414874001229,0.39827904118008606,0.9825178193026392,0.8351473704488538
48f,45,margin,0.3,0.6162634491920471,0.29965712934499883,0.37618231260345236,0.18979073066918895,0.18639158193426342,0.07652518325845353,0.6333596370092721,0.9981561155500922,0.5402581438229871,0.9867077634367174,0.7808707378154498
48f,45,conformal,0.005,0.8049792531120332,0.29965712934499883,0.29965712934499883,0.2975585244738709,0.0020986048711279263,0.0,0.9929966462813178,0.984019668100799,0.08727719729563614,0.9616162589096513,0.9445675207089193
48f,45,conformal,0.01,0.7975847658715717,0.29965712934499883,0.29965712934499883,0.29711515724757626,0.0025419720974225587,0.0,0.9915170645097652,0.984019668100799,0.11309157959434542,0.9616162589096513,0.9363321132729725
48f,45,conformal,0.02,0.7866379310344828,0.29965712934499883,0.29965712934499883,0.29611019153464174,0.0035469378103570584,0.0,0.9881633458275794,0.984019668100799,0.17148125384142593,0.9616162589096513,0.9209208245039492
48f,45,conformal,0.03,0.7776298268974701,0.29965712934499883,0.29965712934499883,0.29480964767084417,0.004847481674154647,0.0,0.9838232392976918,0.984019668100799,0.21634910878918254,0.9616162589096513,0.9115777306877287
48f,45,conformal,0.05,0.7543608521970706,0.29965712934499883,0.29965712934499883,0.2925041380941121,0.007152991250886734,0.0,0.9761294140856184,0.984019668100799,0.28088506453595574,0.9616162589096513,0.885811982277018
48f,45,conformal,0.075,0.728448275862069,0.29965712934499883,0.29965712934499883,0.288572948687633,0.011084180657365807,0.0,0.9630104557111856,0.984019668100799,0.3859864781807007,0.9616162589096513,0.8301387015989212
48f,45,conformal,0.1,0.7058253042596349,0.29965712934499883,0.29965712934499883,0.28629699692598726,0.013360132419011586,0.0,0.9554152692838824,0.984019668100799,0.4406883835279656,0.9616162589096513,0.7931516085532653
48f,45,conformal,0.15,0.6464713715046604,0.29965712934499883,0.2996866871600851,0.27462165996689525,0.02506502719318988,2.955781508630882e-05,0.9164529492996646,0.984019668100799,0.5771358328211432,0.9616644191870545,0.7067520708919284
48f,45,conformal,0.2,0.6089965397923875,0.29965712934499883,0.29986403405060297,0.2376152754788366,0.06224875857176637,0.00020690470560416174,0.7929571907674097,0.9846342962507683,0.6379840196681008,0.9619533808514737,0.6565690618377962
48f,45,conformal,0.3,0.5447198429775294,0.29965712934499883,0.3017557342161267,0.17205604161740365,0.1296996925987231,0.0020986048711279263,0.574176366147169,0.9901659496004918,0.7141979102642901,0.9631573877865537,0.5724330572144095
48f,45,iforest,0.005,0.6311790346004652,0.29965712934499883,0.30075076850319227,0.2992728777488768,0.001477890754315441,0.0010936391581934264,0.9987176957979876,0.984019668100799,0.001229256299938537,0.9617125794644578,0.9571373531111539
48f,45,iforest,0.01,0.6108687388547593,0.29965712934499883,0.3056278079924332,0.2985339323717191,0.007093875620714117,0.005970678647434381,0.9962517261787335,0.984019668100799,0.0036877688998156115,0.9621460219610865,0.9537661336929301
48f,45,iforest,0.02,0.5929597613219558,0.29965712934499883,0.31017971151572477,0.29504611019153465,0.015133601324190116,0.01052258217072594,0.9846123495758532,0.984019668100799,0.0043023970497848806,0.9623868233481024,0.941822384896937
48f,45,iforest,0.03,0.5858592967492825,0.29965712934499883,0.3116280444549539,0.29277015842988885,0.018857886025065027,0.011970915109955071,0.9770171631485499,0.984019668100799,0.0043023970497848806,0.9625794644577153,0.9304083991523792
48f,45,iforest,0.05,0.5661568779181967,0.29965712934499883,0.3171553558760936,0.28609009222038306,0.03106526365571057,0.017498226531094823,0.9547247977904911,0.984019668100799,0.009834050399508297,0.9633981891735697,0.8952513966480447
48f,45,iforest,0.075,0.5464133174741183,0.29965712934499883,0.3230078032631828,0.280148971388035,0.04285883187514779,0.02335067391818397,0.9348984020516867,0.984019668100799,0.015365703749231715,0.9645540358312464,0.8666923521479484
48f,45,iforest,0.1,0.5264509449953725,0.29965712934499883,0.3316091274532987,0.27533104752896664,0.056278079924331995,0.03195199810829984,0.9188202801341486,0.984019668100799,0.01782421634910879,0.9653727605471008,0.8380369870930456
48f,45,iforest,0.15,0.5036418728692841,0.29965712934499883,0.3448805864270513,0.26392173090565146,0.08095885552139986,0.04522345708205249,0.8807457092128625,0.984019668100799,0.02581438229870928,0.9662878058177615,0.7876613369293007
48f,45,iforest,0.2,0.49008844135308166,0.29965712934499883,0.35965949397020575,0.2534287065500118,0.1062307874201939,0.0600023646252069,0.8457289406194515,0.9846342962507683,0.037492317148125384,0.9672510113658255,0.7240416104796764
48f,45,iforest,0.3,0.4756031225421856,0.29965712934499883,0.3880054386379759,0.2402754788366044,0.1477299598013715,0.08834830929297706,0.8018346813967252,0.9852489244007375,0.07068223724646588,0.9702369485648238,0.6383163167019842
48f,45,iforest+msp:mean,0.005,0.9473020833333335,0.29965712934499883,0.3001891700165524,0.29909553085835894,0.0010936391581934264,0.0005320406715535588,0.9981258630893667,0.984019668100799,0.0006146281499692685,0.9619052205740705,0.9590156039298786
48f,45,iforest+msp:mean,0.01,0.9229166666666666,0.29965712934499883,0.30080988413336485,0.2979427760699929,0.0028671080633719554,0.001152754788366044,0.99427895048333,0.984019668100799,0.002458512599877074,0.9622423425158929,0.9534290117511077
48f,45,iforest+msp:mean,0.02,0.9023145833333328,0.29965712934499883,0.3012828091747458,0.29673090565145427,0.004551903523291558,0.0016256798297469852,0.990234760307753,0.984019668100799,0.005531653349723417,0.9624831439029089,0.9472644962434984
48f,45,iforest+msp:mean,0.03,0.885625,0.29965712934499883,0.30169661858595415,0.2958146133837787,0.005882005202175455,0.0020394892409553085,0.9871769579798777,0.984019668100799,0.007375537799631223,0.9629647466769409,0.9410999807358891
48f,45,iforest+msp:mean,0.05,0.8541875000000001,0.29965712934499883,0.303026720264838,0.2928883896902341,0.010138330574603924,0.0033695909198392057,0.9774117182876307,0.9846342962507683,0.024585125998770743,0.9641687536120208,0.9319013677518783
48f,45,iforest+msp:mean,0.075,0.8226354166666666,0.29965712934499883,0.3053322298415701,0.2885433908725467,0.01678883896902341,0.005675100496571293,0.9629118169264155,0.9846342962507683,0.03933620159803319,0.9657580427663264,0.9175496050857253
48f,45,iforest+msp:mean,0.1,0.7968958333333334,0.29965712934499883,0.30710569874674865,0.28399148734925517,0.0231142113974935,0.007448569401749823,0.947721444071809,0.9858635525507068,0.05716041794714198,0.9666249277595839,0.9058466576767482
48f,45,iforest+msp:mean,0.15,0.7569062499999999,0.29965712934499883,0.3107117521872783,0.27391227240482385,0.03679947978245448,0.011054622842279498,0.9140856184651805,0.9858635525507068,0.0958819913952059,0.9680697360816798,0.8812849162011173
48f,45,iforest+msp:mean,0.2,0.7152291666666667,0.29965712934499883,0.31742137621187044,0.2589560179711516,0.05846535824071884,0.0177642468668716,0.8641743933714737,0.9870928088506453,0.1585740626920713,0.9699479869004045,0.8445867848198806
48f,45,iforest+msp:mean,0.3,0.6443020833333334,0.29965712934499883,0.33084062426105465,0.22431425868999763,0.10652636557105699,0.031183494916055807,0.7485697376208325,0.9877074370006146,0.31960663798401967,0.9727894432671932,0.762184550183009
48f,45,iforest+msp:max,0.005,0.998125,0.29965712934499883,0.300248285646725,0.2986521636320643,0.0015961220146606763,0.0005911563017261764,0.9966462813178141,0.9846342962507683,0.03626306084818685,0.9622905027932961,0.9543440570217685
48f,45,iforest+msp:max,0.01,0.9952083333333334,0.29965712934499883,0.30078032631827856,0.2975880822889572,0.0031922440293213525,0.0011231969732797352,0.993095285066088,0.986478180700676,0.05654578979717271,0.9628202658447312,0.9472163359660951
48f,45,iforest+msp:max,0.02,0.9908333333333333,0.29965712934499883,0.30615984866398677,0.2957850555686924,0.010374793095294396,0.006502719318987941,0.9870783191951076,0.9889366933005531,0.0878918254456054,0.96325370834136,0.9387401271431324
48f,45,iforest+msp:max,0.03,0.9877083333333333,0.29965712934499883,0.3103570584062426,0.29312485221092455,0.017232206195318043,0.010699929061243793,0.9782008285657919,0.9901659496004918,0.11677934849416104,0.9637834713927952,0.9284819880562512
48f,45,iforest+msp:max,0.05,0.9814583333333333,0.29965712934499883,0.31390399621659965,0.28747930952943956,0.026424686687160085,0.014246866871600851,0.9593608206746892,0.9901659496004918,0.15918869084204057,0.9646021961086496,0.9117703717973416
48f,45,iforest+msp:max,0.075,0.9700156249999999,0.29965712934499883,0.3190766138567037,0.2796169307164814,0.039459683140222274,0.019419484511704894,0.9331229039258235,0.990780577750461,0.22618315918869084,0.9661433249855519,0.8823444423039877
48f,45,iforest+msp:max,0.1,0.9560625,0.29965712934499883,0.32501773468905176,0.27187278316386854,0.05314495152518326,0.025360605344052968,0.9072795423160387,0.9920098340503996,0.28211432083589427,0.9676844538624543,0.852485070314005
48f,45,iforest+msp:max,0.15,0.9329166666666666,0.29965712934499883,0.3339146370300307,0.260049657129345,0.07386497990068575,0.03425750768503192,0.86782402840797,0.9944683466502766,0.33497234173325136,0.9707185513388558,0.8127046811789636
48f,45,iforest+msp:max,0.2,0.9083333333333333,0.29965712934499883,0.35061480255379524,0.24677819815559235,0.10383660439820289,0.050957673208796406,0.8235352140461629,0.9956976029502151,0.3829133374308543,0.9746676940859179,0.7748988634174533
48f,45,iforest+msp:max,0.3,0.85375,0.29965712934499883,0.37689170016552376,0.22067864743438165,0.1562130527311421,0.07723457082052494,0.7364371670941013,0.9969268592501537,0.4578979717271051,0.9796282026584473,0.6999614717780774
48f,45,iforest+entropy:mean,0.005,0.9259375000000001,0.29965712934499883,0.29986403405060297,0.2991546464885316,0.0007093875620714117,0.00020690470560416174,0.998323140658907,0.984019668100799,0.001229256299938537,0.9618570602966673,0.9561741475630899
48f,45,iforest+entropy:mean,0.01,0.9101041666666667,0.29965712934499883,0.3002778434618113,0.29838614329628754,0.0018917001655237645,0.0006207141168124852,0.9957585322548826,0.984019668100799,0.002458512599877074,0.9620497014062801,0.950828356771335
48f,45,iforest+entropy:mean,0.02,0.8916708333333332,0.29965712934499883,0.300632537242847,0.29699692598723104,0.003635611255615985,0.000975407897848191,0.9911225093706846,0.984019668100799,0.005531653349723417,0.9621460219610865,0.9430745521094202
48f,45,iforest+entropy:mean,0.03,0.8745958333333331,0.29965712934499883,0.30104634665405533,0.29543036178765664,0.005615984866398676,0.0013892173090565146,0.9858946537778653,0.984019668100799,0.01290719114935464,0.9622905027932961,0.9347428241186669
48f,45,iforest+entropy:mean,0.05,0.8541666666666666,0.29965712934499883,0.3015783873256089,0.29365689288247815,0.007921494443130764,0.0019212579806100734,0.9799763266916552,0.984019668100799,0.023355869698832205,0.9626276247351184,0.924773646696205
48f,45,iforest+entropy:mean,0.075,0.8322994791666667,0.29965712934499883,0.30208087018207613,0.291440056751005,0.010640813431071176,0.0024237408370773234,0.9725784178338923,0.9846342962507683,0.03933620159803319,0.9635908302831824,0.9115295704103256
48f,45,iforest+entropy:mean,0.1,0.8141666666666667,0.29965712934499883,0.3029380468195791,0.28872073776306456,0.014217309056514542,0.003280917474580279,0.9635036496350364,0.9846342962507683,0.04978488014751076,0.9642650741668272,0.8980928530148333
48f,45,iforest+entropy:mean,0.15,0.7816666666666667,0.29965712934499883,0.30536178765665645,0.28159730432726415,0.02376448332939229,0.005704658311657602,0.9397317025054251,0.9858635525507068,0.07867240319606637,0.9656617222115199,0.8747351184742824
48f,45,iforest+entropy:mean,0.2,0.7262708333333333,0.29965712934499883,0.31121423504374557,0.2651040435091038,0.046110191534641756,0.01155710569874675,0.8846912606036694,0.9858635525507068,0.16349108789182545,0.9681178963590831,0.8284530918898093
48f,45,iforest+entropy:mean,0.3,0.6471458333333333,0.29965712934499883,0.32687987703948923,0.22794986994561361,0.09893000709387562,0.027222747694490422,0.7607023081475636,0.9870928088506453,0.3896742470805163,0.9713446349450973,0.7561645155076093
48f,45,iforest+entropy:max,0.005,0.9977083333333333,0.29965712934499883,0.29974580279025775,0.29906597304327265,0.0006798297469851029,8.867344525892646e-05,0.9980272243045966,0.9858635525507068,0.04179471419791026,0.9619533808514737,0.9565594297823156
48f,45,iforest+entropy:max,0.01,0.9954166666666666,0.29965712934499883,0.29986403405060297,0.29871127926223695,0.001152754788366044,0.00020690470560416174,0.9968435588873545,0.9858635525507068,0.0645359557467732,0.9622423425158929,0.951069158158351
48f,45,iforest+entropy:max,0.02,0.9908374999999999,0.29965712934499883,0.3050957673208796,0.2974994088436983,0.007596358477181367,0.005438637975880823,0.9927993687117775,0.9858635525507068,0.09956976029502151,0.9627721055673281,0.9398478135234059
48f,45,iforest+entropy:max,0.03,0.9885479166666666,0.29965712934499883,0.30778552849373375,0.29643532750059115,0.011350200993142587,0.008128399148734925,0.9892483724600513,0.9870928088506453,0.1309157959434542,0.9631573877865537,0.9298786361009439
48f,45,iforest+entropy:max,0.05,0.9825,0.29965712934499883,0.3110368881532277,0.29209032868290374,0.018946559470323955,0.011379758808228896,0.974748471098836,0.9870928088506453,0.16410571604179472,0.9636871508379888,0.9117222115199384
48f,45,iforest+entropy:max,0.075,0.9729166666666667,0.29965712934499883,0.31375620714116814,0.28759754078978483,0.026158666351383305,0.014099077796169307,0.95975537581377,0.9883220651505839,0.215119852489244,0.9648429974956656,0.8864380658832595
48f,45,iforest+entropy:max,0.1,0.9579166666666666,0.29965712934499883,0.3171257980610073,0.28209978718373135,0.03502601087727595,0.017468668716008513,0.9414085618465179,0.9883220651505839,0.256299938537185,0.9657098824889231,0.8577827008283567
48f,45,iforest+entropy:max,0.15,0.9316666666666666,0.29965712934499883,0.32433790494206666,0.2728481910617167,0.051489713880349966,0.024680775597067866,0.9105346222134543,0.990780577750461,0.35771358328211433,0.9677326141398574,0.8146792525524947
48f,45,iforest+entropy:max,0.2,0.901875,0.29965712934499883,0.3341510995507212,0.26460156065263657,0.06954953889808466,0.034493970205722396,0.8830144012625765,0.9926244622003688,0.4382298709280885,0.9694182238489694,0.7725871701020998
48f,45,iforest+entropy:max,0.3,0.8554166666666667,0.29965712934499883,0.3542208559943249,0.24234452589264602,0.11187633010167888,0.05456372664932608,0.8087393963306372,0.9963122311001844,0.5771358328211432,0.9721151993835484,0.6929782315546138
48f,45,iforest+margin:mean,0.005,0.944597916666667,0.29965712934499883,0.3006029794277607,0.29826791203594233,0.002335067391818397,0.0009458500827618822,0.9953639771158019,0.984019668100799,0.001229256299938537,0.9623386630706993,0.9591119244846851
48f,45,iforest+margin:mean,0.01,0.9241666666666667,0.29965712934499883,0.30110546228422796,0.2973220619531804,0.003783400331047529,0.0014483329392291323,0.9922075360031564,0.984019668100799,0.002458512599877074,0.9627721055673281,0.9565112695049124
48f,45,iforest+margin:mean,0.02,0.8933395833333332,0.29965712934499883,0.3022286592575077,0.29516434145187986,0.007064317805627808,0.0025715299125088674,0.9850069047149338,0.984019668100799,0.005531653349723417,0.963494509728376,0.9487093045655943
48f,45,iforest+margin:mean,0.03,0.8750093749999999,0.29965712934499883,0.303026720264838,0.2930361787656656,0.00999054149917238,0.0033695909198392057,0.9779049122114815,0.9846342962507683,0.00921942224953903,0.9641687536120208,0.943026391832017
48f,45,iforest+margin:mean,0.05,0.8389687499999999,0.29965712934499883,0.3056573658075195,0.28910498935918655,0.01655237644833294,0.00600023646252069,0.9647859538370486,0.9846342962507683,0.023970497848801474,0.9655654016567136,0.9305047197071855
48f,45,iforest+margin:mean,0.075,0.8030364583333333,0.29965712934499883,0.3079333175691653,0.2838436982738236,0.024089619295341688,0.00827618822416647,0.9472282501479582,0.9858635525507068,0.044253226797787336,0.9667694085917935,0.9165382392602581
48f,45,iforest+margin:mean,0.1,0.7773958333333333,0.29965712934499883,0.3099432489950343,0.27861196500354696,0.03133128399148735,0.01028611965003547,0.9297691852436378,0.9858635525507068,0.05716041794714198,0.9675881333076478,0.9033904835291852
48f,45,iforest+margin:mean,0.15,0.738140625,0.29965712934499883,0.3149385197446205,0.26693662804445495,0.04800189170016552,0.01528139039962166,0.89080686525942,0.986478180700676,0.0977258758451137,0.9694663841263725,0.8794066653823926
48f,45,iforest+margin:mean,0.2,0.7072291666666667,0.29965712934499883,0.3200224639394656,0.2541380941120832,0.06588436982738236,0.020365334594466777,0.8480962714539356,0.9870928088506453,0.1407498463429625,0.9709111924484685,0.8461279136967829
48f,45,iforest+margin:mean,0.3,0.64346875,0.29965712934499883,0.3324367462757153,0.2218314022227477,0.11060534405296761,0.03277961693071648,0.7402840797001381,0.9870928088506453,0.2735095267363245,0.973704488537854,0.7676266615295704
48f,45,iforest+margin:max,0.005,0.998125,0.29965712934499883,0.30078032631827856,0.2980018917001655,0.0027784346181130293,0.0011231969732797352,0.9944762280528703,0.9852489244007375,0.011677934849416103,0.9620978616836833,0.9590637642072818
48f,45,iforest+margin:max,0.01,0.9952083333333334,0.29965712934499883,0.3023468905178529,0.29664223220619534,0.005704658311657602,0.0026897611728541027,0.9899388439534426,0.986478180700676,0.020282728948985862,0.9625313041803121,0.954488537853978
48f,45,iforest+margin:max,0.02,0.9916666666666667,0.29965712934499883,0.30938165050839445,0.29368645069756444,0.015695199810829983,0.009724521163395602,0.9800749654764253,0.9877074370006146,0.04179471419791026,0.9641205933346176,0.9473126565209016
48f,45,iforest+margin:max,0.03,0.9883333333333333,0.29965712934499883,0.31479073066918895,0.29067155355876095,0.024119177110428,0.015133601324190116,0.9700138094298678,0.9883220651505839,0.051014136447449294,0.9652282797148911,0.9413407821229051
48f,45,iforest+margin:max,0.05,0.9806354166666666,0.29965712934499883,0.32017025301489715,0.28428706550011823,0.03588318751477891,0.020513123669898322,0.9487078319195107,0.9889366933005531,0.06146281499692686,0.9663841263725679,0.9223656328260451
48f,45,iforest+margin:max,0.075,0.9679166666666666,0.29965712934499883,0.3280326318278553,0.2736462520690471,0.05438637975880823,0.028375502482856467,0.913197869402249,0.9895513214505224,0.09711124769514444,0.9686958196879214,0.8906280100173377
48f,45,iforest+margin:max,0.1,0.9550208333333333,0.29965712934499883,0.33559943248995033,0.2637739418302199,0.07182549065973043,0.035942303144951525,0.8802525152890116,0.9913952059004303,0.14689612784265518,0.9712483143902909,0.8616355230206126
48f,45,iforest+margin:max,0.15,0.928125,0.29965712934499883,0.35014187751241427,0.2473397966422322,0.10280208087018207,0.050484748167415466,0.8254093509567962,0.9938537185003073,0.21634910878918254,0.9748121749181275,0.8126565209015604
48f,45,iforest+margin:max,0.2,0.9027083333333333,0.29965712934499883,0.36716717900212814,0.23081697800898557,0.1363502009931426,0.06751004965712934,0.7702702702702702,0.9944683466502766,0.2716656422864167,0.978087073781545,0.7709978809477943
48f,45,iforest+margin:max,0.3,0.8477708333333334,0.29965712934499883,0.3954244502246394,0.19886497990068575,0.19655947032395366,0.09576732087964057,0.6636417439337148,0.9963122311001844,0.3718500307314075,0.9839626276247351,0.6924003082257754
48f,45,iforest+conformal:mean,0.005,0.9349062500000002,0.29965712934499883,0.29965712934499883,0.2991546464885316,0.0005024828564672499,0.0,0.998323140658907,0.984019668100799,0.004917025199754148,0.9616162589096513,0.954488537853978
48f,45,iforest+conformal:mean,0.01,0.9143885416666669,0.29965712934499883,0.29965712934499883,0.2985930480018917,0.0010640813431071175,0.0,0.9964490037482737,0.984019668100799,0.010448678549477565,0.9616162589096513,0.9470236948564824
48f,45,iforest+conformal:mean,0.02,0.8867708333333333,0.29965712934499883,0.29965712934499883,0.29643532750059115,0.0032218018444076612,0.0,0.9892483724600513,0.984019668100799,0.016594960049170254,0.9616162589096513,0.9368618763244076
48f,45,iforest+conformal:mean,0.03,0.8681437499999999,0.29965712934499883,0.2996866871600851,0.29469141641049895,0.00499527074958619,2.955781508630882e-05,0.9834286841586112,0.984019668100799,0.02519975414874001,0.9616162589096513,0.9263629358505105
48f,45,iforest+conformal:mean,0.05,0.8239635416666667,0.29965712934499883,0.29974580279025775,0.28872073776306456,0.01102506502719319,8.867344525892646e-05,0.9635036496350364,0.984019668100799,0.04671173939766441,0.9616644191870545,0.8796474667694086
48f,45,iforest+conformal:mean,0.075,0.7875078125,0.29965712934499883,0.3000413809411208,0.2818928824781272,0.018148498462993615,0.00038425159612201466,0.9407180903531268,0.984019668100799,0.07314074984634296,0.9619052205740705,0.8273935657869389
48f,45,iforest+conformal:mean,0.1,0.7540833333333333,0.29965712934499883,0.3010759044691416,0.27527193189879406,0.0258039725703476,0.0014187751241428233,0.9186230025646085,0.984019668100799,0.11063306699446834,0.9626276247351184,0.7931997688306685
48f,45,iforest+conformal:mean,0.15,0.7129166666666666,0.29965712934499883,0.30305627807992436,0.2628576495625443,0.04019862851737999,0.0033991487349255144,0.8771947129611362,0.9846342962507683,0.16472034419176398,0.9639279522250048,0.7508187247158543
48f,45,iforest+conformal:mean,0.2,0.6774166666666667,0.29965712934499883,0.3064849846299362,0.25076850319224403,0.055716481437692124,0.0068278552849373375,0.836851449990136,0.9858635525507068,0.24769514443761526,0.9661914852629551,0.7063186283952996
48f,45,iforest+conformal:mean,0.3,0.6202395833333334,0.29965712934499883,0.3166528730196264,0.22729959801371483,0.08935327500591156,0.016995743674627573,0.7585322548826198,0.986478180700676,0.38045482483097726,0.969562704681179,0.6284916201117319
48f,45,iforest+conformal:max,0.005,0.9964583333333333,0.29965712934499883,0.29965712934499883,0.29835658548120125,0.001300543863797588,0.0,0.9956598934701125,0.984019668100799,0.04548248309772587,0.9616644191870545,0.9509246773261414
48f,45,iforest+conformal:max,0.01,0.9941666666666666,0.29965712934499883,0.30080988413336485,0.29735161976826674,0.003458264365098132,0.001152754788366044,0.9923061747879266,0.984019668100799,0.08174554394591273,0.9617125794644578,0.9414852629551146
48f,45,iforest+conformal:max,0.02,0.9902083333333334,0.29965712934499883,0.30654410026010875,0.2959032868290376,0.010640813431071176,0.006886970915109955,0.9874728743341882,0.984019668100799,0.11063306699446834,0.9621941822384897,0.9290599113850896
48f,45,iforest+conformal:max,0.03,0.986875,0.29965712934499883,0.30905651454244504,0.2944253960747222,0.014631118467722866,0.009399385197446205,0.9825409350956796,0.984019668100799,0.12845728334357714,0.9622905027932961,0.9177904064727412
48f,45,iforest+conformal:max,0.05,0.97875,0.29965712934499883,0.31156892882478127,0.28931189406479074,0.02225703475999054,0.011911799479782454,0.96547642533044,0.984019668100799,0.18131530424093423,0.9625313041803121,0.8900982469659026
48f,45,iforest+conformal:max,0.075,0.9652083333333333,0.29965712934499883,0.31458382596358475,0.28334121541735635,0.031242610546228424,0.014926696618585955,0.9455513908068652,0.984019668100799,0.23724646588813766,0.9631092275091504,0.8545559622423425
48f,45,iforest+conformal:max,0.1,0.950625,0.29965712934499883,0.31777606999290614,0.2788484275242374,0.03892764246866871,0.018118940647907308,0.930558295521799,0.984019668100799,0.2778119237861094,0.9635426700057792,0.8216624927759584
48f,45,iforest+conformal:max,0.15,0.92125,0.29965712934499883,0.32466304090801607,0.2687987703948924,0.05586427051312367,0.025005911563017263,0.8970211086999408,0.984019668100799,0.38537185003073143,0.964698516663456,0.7559237141205933
48f,45,iforest+conformal:max,0.2,0.8933333333333333,0.29965712934499883,0.33364861669425394,0.2607590446914164,0.07288957200283755,0.033991487349255146,0.8701913592424542,0.984019668100799,0.4603564843269822,0.9655172413793104,0.6698612984010788
48f,45,iforest+conformal:max,0.3,0.8329166666666666,0.29965712934499883,0.3486048711279262,0.23377275951761645,0.11483211161030976,0.048947741782927406,0.7801341487472874,0.9846342962507683,0.6066379840196681,0.966432286649971,0.536264688884608
48f,46,msp,0.005,0.6287305951118469,0.2939229132182549,0.29480964767084417,0.29244502246393944,0.0023646252069047056,0.0008867344525892646,0.9949718423169749,0.9784880147510756,0.06760909649661954,0.9698516663455982,0.9584376806010403
48f,46,msp,0.01,0.5859435200691223,0.2939229132182549,0.2961693071648144,0.2897257034759991,0.0064436036888153225,0.0022463939465594703,0.9857200321802092,0.9809465273509527,0.16656422864167178,0.9706703910614525,0.9482758620689655
48f,46,msp,0.02,0.5563644766807556,0.2939229132182549,0.2984452589264602,0.286947268857886,0.01149799006857413,0.004522345708205249,0.9762670957361222,0.9821757836508912,0.2347879532882606,0.9716335966095164,0.9377287613176651
48f,46,msp,0.03,0.5363491773605347,0.2939229132182549,0.30078032631827856,0.2838732560889099,0.016907070229368645,0.006857413100023646,0.9658085277554304,0.9834050399508297,0.27904118008604795,0.9724041610479677,0.9300231169331535
48f,46,msp,0.05,0.502812385559082,0.2939229132182549,0.3052435563963112,0.27796169307164814,0.02728186332466304,0.011320643178056278,0.9456958970233306,0.9870928088506453,0.35894283958205286,0.9744750529763051,0.9093141976497785
48f,46,msp,0.075,0.48358821868896484,0.2939229132182549,0.31375620714116814,0.26832584535351145,0.04543036178765666,0.01983329392291322,0.912912308930008,0.9895513214505224,0.40012292562999385,0.9763533037950298,0.8925062608360624
48f,46,msp,0.1,0.4647064805030823,0.2939229132182549,0.3224462047765429,0.25789193662804444,0.06455426814849846,0.028523291558288012,0.8774135156878519,0.990780577750461,0.43945912722802705,0.9785205162781737,0.8726160662685417
48f,46,msp,0.15,0.42893508076667786,0.2939229132182549,0.33766847954599194,0.239566091274533,0.09810238827145898,0.04374556632773705,0.8150643604183427,0.9938537185003073,0.503380454824831,0.982951261799268,0.8260450780196494
48f,46,msp,0.2,0.3829166889190674,0.2939229132182549,0.3552553795223457,0.2157424923149681,0.13951288720737762,0.0613324663040908,0.7340104585679806,0.9956976029502151,0.578979717271051,0.9865632826045078,0.7592949335388172
48f,46,msp,0.3,0.2483835518360138,0.2939229132182549,0.39563135493024354,0.1383601324190116,0.25727122251123197,0.10170844171198865,0.4707361222847949,0.9987707437000615,0.7627535341118623,0.9953284530918898,0.6327778848006165
48f,46,entropy,0.005,0.8074789038598436,0.2939229132182549,0.29412981792385906,0.2935091038070466,0.0006207141168124852,0.00020690470560416174,0.998592115848753,0.9760295021511985,0.044253226797787336,0.969321903294163,0.9639279522250048
48f,46,entropy,0.01,0.7973423635004536,0.2939229132182549,0.2941889335540317,0.2934795459919603,0.0007093875620714117,0.0002660203357767794,0.9984915526950926,0.9766441303011678,0.055931161647203444,0.9694182238489694,0.9618570602966673
48f,46,entropy,0.02,0.7793342120510728,0.2939229132182549,0.29424804918420433,0.29333175691652874,0.0009162922676755734,0.000325135965949397,0.99798873692679,0.9784880147510756,0.07867240319606637,0.9696108649585822,0.9561259872856868
48f,46,entropy,0.03,0.7564705094345185,0.2939229132182549,0.2943071648143769,0.2926814849846299,0.0016256798297469852,0.00038425159612201466,0.995776347546259,0.9797172710510141,0.12231100184388445,0.9699479869004045,0.9482277017915623
48f,46,entropy,0.05,0.7293749649381308,0.2939229132182549,0.29472097422558524,0.29141049893591864,0.003310475289666588,0.0007980610073303381,0.9914521319388575,0.9815611555009219,0.215119852489244,0.9703332691196301,0.933538817183587
48f,46,entropy,0.075,0.7032336203105689,0.2939229132182549,0.2952530148971388,0.289814376921258,0.005438637975880823,0.001330101678883897,0.9860217216411907,0.9821757836508912,0.2931776275353411,0.9709111924484685,0.9146118281641302
48f,46,entropy,0.1,0.6701517968294187,0.2939229132182549,0.29673090565145427,0.2873019626389217,0.009428943012532514,0.002807992433199338,0.9774738535800481,0.9870928088506453,0.389059618930547,0.9717780774417261,0.8879791947601618
48f,46,entropy,0.15,0.5784413332716325,0.2939229132182549,0.3081993379049421,0.27119295341688343,0.037006384488058645,0.01427642468668716,0.9226669348350764,0.9950829748002459,0.5728334357713584,0.9747640146407244,0.806973608167983
48f,46,entropy,0.2,0.43718325989914353,0.2939229132182549,0.33660439820288485,0.23084653582407189,0.10575786237881296,0.04268148498462994,0.7853982300884955,0.9963122311001844,0.7535341118623233,0.9817954151415912,0.7133500288961664
48f,46,entropy,0.3,0.352720004215548,0.2939229132182549,0.39258689997635376,0.13617285410262472,0.256414045873729,0.09866398675809884,0.46329444891391786,0.9987707437000615,0.8494161032575291,0.9942207667116163,0.6091311885956463
48f,46,margin,0.005,0.9814258813858032,0.2939229132182549,0.29835658548120125,0.2879817923859068,0.010374793095294396,0.004433672262946323,0.9797868061142396,0.9760295021511985,0.037492317148125384,0.9703332691196301,0.9609420150260065
48f,46,margin,0.01,0.9659734964370728,0.2939229132182549,0.3019921967368172,0.28425750768503194,0.017734689051785293,0.008069283518562308,0.9671158487530169,0.9778733866011063,0.06760909649661954,0.9719225582739357,0.9547774995183972
48f,46,margin,0.02,0.9379377365112305,0.2939229132182549,0.3087609363915819,0.27660203357767793,0.032158902813903996,0.014838023173327027,0.9410699919549477,0.9791026429010449,0.12292562999385372,0.9741379310344828,0.9424966287805818
48f,46,margin,0.03,0.9030669927597046,0.2939229132182549,0.31653464175928114,0.26634547174272877,0.050189170016552376,0.022611728541026246,0.9061745776347545,0.9809465273509527,0.17701290719114934,0.9766904257368523,0.927470622230784
48f,46,margin,0.05,0.8424292802810669,0.2939229132182549,0.330013005438638,0.2507093875620714,0.07930361787656656,0.03609009222038307,0.8529766693483507,0.9858635525507068,0.27719729563614015,0.9809766904257369,0.901175110768638
48f,46,margin,0.075,0.7793896794319153,0.2939229132182549,0.342841097186096,0.23276779380468196,0.11007330338141405,0.048918183967841096,0.7919348350764279,0.9870928088506453,0.3614013521819299,0.9839144673473319,0.8752167212483144
48f,46,margin,0.1,0.7253492474555969,0.2939229132182549,0.35306810120595883,0.21704303617876566,0.1360250650271932,0.05914518798770395,0.7384352373290426,0.9913952059004303,0.4290104486785495,0.9860816798304758,0.8510402619919091
48f,46,margin,0.15,0.6604912281036377,0.2939229132182549,0.3656006148025538,0.19853984393473634,0.16706077086781745,0.07167770158429888,0.6754827031375703,0.9938537185003073,0.5224339274738783,0.9893084184164901,0.8113561934116741
48f,46,margin,0.2,0.6072835922241211,0.2939229132182549,0.3753546937810357,0.1839973989122724,0.1913572948687633,0.0814317805627808,0.6260056315366049,0.9956976029502151,0.5826674861708666,0.991475630899634,0.7621363899056058
48f,46,margin,0.3,0.45697152614593506,0.2939229132182549,0.3961338377867108,0.137059588555214,0.2590742492314968,0.1022109245684559,0.4663113435237329,0.9987707437000615,0.7154271665642287,0.9954729339240994,0.6424581005586593
48f,46,conformal,0.005,0.996875,0.2939229132182549,0.2939229132182549,0.2939229132182549,0.0,0.0,1.0,0.97480024585126,0.0,0.9689847813523406,0.9689847813523406
48f,46,conformal,0.01,0.996875,0.2939229132182549,0.2939229132182549,0.2939229132182549,0.0,0.0,1.0,0.97480024585126,0.0,0.9689847813523406,0.9689847813523406
48f,46,conformal,0.02,0.996875,0.2939229132182549,0.2939229132182549,0.2939229132182549,0.0,0.0,1.0,0.97480024585126,0.0,0.9689847813523406,0.9689847813523406
48f,46,conformal,0.03,0.8779526265603329,0.2939229132182549,0.2959032868290376,0.29244502246393944,0.003458264365098132,0.001980373610782691,0.9949718423169749,0.9803318992009834,0.02581438229870928,0.9713446349450973,0.8208919283375072
48f,46,conformal,0.05,0.8474508146883621,0.2939229132182549,0.3474521163395602,0.2881295814613384,0.059322534878221804,0.053529203121305276,0.9802896218825422,0.9932390903503381,0.0842040565457898,0.9885860142554421,0.8101040261991909
48f,46,conformal,0.075,0.8196948682385575,0.2939229132182549,0.4186273350673918,0.2698332939229132,0.1487940411444786,0.12470442184913691,0.9180410297666934,0.9981561155500922,0.16349108789182545,0.999277595838952,0.7905991138508958
48f,46,conformal,0.1,0.7891816920943134,0.2939229132182549,0.4530621896429416,0.2413395601797115,0.2117226294632301,0.1591392764246867,0.8210981496379726,0.9987707437000615,0.28518746158574065,0.999518397225968,0.7590541321518012
48f,46,conformal,0.15,0.7503467406380028,0.2939229132182549,0.4843639158193426,0.21119058879167651,0.2731733270276661,0.19044100260108773,0.7185237329042639,1.0,0.46527350952673635,0.9998073588903872,0.6982758620689655
48f,46,conformal,0.2,0.7125,0.2939229132182549,0.5348782218018444,0.19061834949160558,0.3442598723102388,0.2409553085835895,0.6485317779565567,1.0,0.5986478180700676,0.9999518397225968,0.6468406858023502
48f,46,conformal,0.3,0.634375,0.2939229132182549,0.5834712698037361,0.1521636320643178,0.4313076377394183,0.2895483565854812,0.5176991150442477,1.0,0.7092808850645359,1.0,0.5638605278366403
48f,46,iforest,0.005,0.6206643554212257,0.2939229132182549,0.2972629463230078,0.29342043036178767,0.003842515961220147,0.0033400331047528965,0.9982904263877715,0.97480024585126,0.0036877688998156115,0.9690329416297437,0.9602196108649586
48f,46,iforest,0.01,0.6083059915725754,0.2939229132182549,0.3005734216126744,0.29306573658075197,0.0075076850319224404,0.006650508394419484,0.9970836685438456,0.97480024585126,0.0043023970497848806,0.9691292621845502,0.9574744750529763
48f,46,iforest,0.02,0.5823450000547511,0.2939229132182549,0.304268148498463,0.29073066918893353,0.01353747930952944,0.010345235280208087,0.989139179404666,0.97480024585126,0.007990165949600492,0.969321903294163,0.943026391832017
48f,46,iforest,0.03,0.5704135310422623,0.2939229132182549,0.3078446441239064,0.28780444549538897,0.02004019862851738,0.013921730905651455,0.9791834271922767,0.97480024585126,0.009834050399508297,0.9698998266230013,0.9211134656135619
48f,46,iforest,0.05,0.5565987404469485,0.2939229132182549,0.3114211397493497,0.2837550248285647,0.027666114920785054,0.017498226531094823,0.9654062751407884,0.97480024585126,0.013521819299323909,0.9703814293970333,0.900211905220574
48f,46,iforest,0.075,0.5310465552545897,0.2939229132182549,0.31987467486403404,0.2761882241664696,0.04368645069756444,0.025951761645779146,0.9396621078037006,0.97480024585126,0.017209588199139522,0.9716335966095164,0.8643806588325949
48f,46,iforest,0.1,0.5102027822519041,0.2939229132182549,0.33190470560416174,0.26900567510049656,0.06289903050366517,0.037981792385906835,0.9152252614641995,0.97480024585126,0.019668100799016593,0.9725968021575804,0.8300423810441148
48f,46,iforest,0.15,0.47931692813988125,0.2939229132182549,0.35037834003310475,0.2551430598250177,0.09523528020808701,0.05645542681484984,0.8680611423974255,0.9760295021511985,0.032575291948371235,0.9737526488152571,0.7392120978616837
48f,46,iforest,0.2,0.46549044781518145,0.2939229132182549,0.3676401040435091,0.24379285883187515,0.12384724521163396,0.0737171908252542,0.829444891391794,0.9778733866011063,0.04978488014751076,0.9747640146407244,0.6672124831439029
48f,46,iforest,0.3,0.4475369201722722,0.2939229132182549,0.4058879167651927,0.22100378340033106,0.18488413336486167,0.11196500354693781,0.7519106999195495,0.9797172710510141,0.08850645359557467,0.976160662685417,0.5529763051435176
48f,46,iforest+msp:mean,0.005,0.944001,0.2939229132182549,0.29551903523291556,0.2917947505320407,0.0037242847008749115,0.0015961220146606763,0.9927594529364441,0.97480024585126,0.0036877688998156115,0.969803506068195,0.9565112695049124
48f,46,iforest+msp:mean,0.01,0.9335040000000001,0.2939229132182549,0.2963762118704185,0.29073066918893353,0.005645542681484985,0.002453298652163632,0.989139179404666,0.97480024585126,0.006760909649661954,0.9700924677326141,0.9496243498362551
48f,46,iforest+msp:mean,0.02,0.9134,0.2939229132182549,0.2981792385906834,0.28795223457082053,0.010227004019862852,0.00425632537242847,0.9796862429605793,0.9766441303011678,0.01782421634910879,0.9707185513388558,0.9384030052013099
48f,46,iforest+msp:mean,0.03,0.900609,0.2939229132182549,0.299479782454481,0.28470087491132656,0.01477890754315441,0.0055568692362260586,0.9686242960579243,0.9766441303011678,0.02642901044867855,0.9713927952225004,0.9283375072240416
48f,46,iforest+msp:mean,0.05,0.8849100000000001,0.2939229132182549,0.3016375029557815,0.2804445495388981,0.021192953416883424,0.007714589737526602,0.9541432019308125,0.9772587584511371,0.03687768899815612,0.9725486418801772,0.9129262184550183
48f,46,iforest+msp:mean,0.075,0.8654999999999999,0.2939229132182549,0.3050957673208796,0.27394183021991014,0.031153937100969496,0.011172854102624735,0.9320193081255027,0.9778733866011063,0.051014136447449294,0.9736081679830476,0.883403968406858
48f,46,iforest+msp:mean,0.1,0.8459,0.2939229132182549,0.309913691179948,0.26590210451643415,0.04401158666351383,0.01599077796169307,0.9046661303298471,0.9778733866011063,0.06207744314689613,0.9742824118666924,0.8546041225197457
48f,46,iforest+msp:mean,0.15,0.8166449999999998,0.2939229132182549,0.3170075668006621,0.24858122487585718,0.06842634192480491,0.02308465358240719,0.8457361222847948,0.9803318992009834,0.10018438844499078,0.9758235407435947,0.8118377961857061
48f,46,iforest+msp:mean,0.2,0.7844399999999999,0.2939229132182549,0.3261113738472452,0.22895483565854813,0.09715653818869709,0.032188460628990306,0.7789621882542236,0.9827904118008605,0.15611555009219422,0.9767867462916586,0.7623771912926218
48f,46,iforest+msp:mean,0.3,0.71763,0.2939229132182549,0.3481910617167179,0.18955426814849846,0.15863679356821944,0.054268148498462995,0.6449115044247787,0.9852489244007375,0.4130301167793485,0.9791947601618185,0.6314775573107301
48f,46,iforest+msp:max,0.005,0.999,0.2939229132182549,0.29439583825963583,0.2930361787656656,0.0013596594939702057,0.0004729250413809411,0.9969831053901849,0.9766441303011678,0.04363859864781807,0.9696108649585822,0.9599306492005394
48f,46,iforest+msp:max,0.01,0.9958020000000001,0.2939229132182549,0.29673090565145427,0.29046464885315676,0.00626625679829747,0.002807992433199338,0.9882341110217215,0.9784880147510756,0.12476951444376153,0.970285108842227,0.9462531304180312
48f,46,iforest+msp:max,0.02,0.9916,0.2939229132182549,0.30184440766138565,0.2884547174272878,0.013389690234097895,0.007921494443130764,0.9813958165728077,0.9815611555009219,0.18438844499078058,0.9708148718936621,0.9354652282797149
48f,46,iforest+msp:max,0.03,0.9888,0.2939229132182549,0.30518444076613854,0.28635611255615984,0.018828328209978717,0.01126152754788366,0.9742558326629123,0.9821757836508912,0.23540258143822987,0.9716335966095164,0.9261702947408977
48f,46,iforest+msp:max,0.05,0.984,0.2939229132182549,0.3110368881532277,0.28091747458027905,0.030119413572948686,0.017113974934972808,0.9557522123893806,0.9834050399508297,0.2802704363859865,0.9726931227123868,0.9044500096320555
48f,46,iforest+msp:max,0.075,0.9734,0.2939229132182549,0.31756916528730195,0.2734984629936155,0.04407070229368645,0.023646252069047056,0.9305108608205953,0.9846342962507683,0.34910878918254457,0.9745713735311116,0.8669813138123675
48f,46,iforest+msp:max,0.1,0.9668,0.2939229132182549,0.3230373610782691,0.26696618585954124,0.05607117521872783,0.029114447860014186,0.908286403861625,0.9883220651505839,0.3829133374308543,0.9763533037950298,0.8447794259294934
48f,46,iforest+msp:max,0.15,0.9508,0.2939229132182549,0.33958973752660204,0.25014778907543156,0.08944194845117048,0.04566682430834713,0.8510659694288013,0.9895513214505224,0.43146896127842654,0.9794355615488345,0.795270660759006
48f,46,iforest+msp:max,0.2,0.929,0.2939229132182549,0.3576495625443367,0.23096476708441713,0.1266847954599196,0.06372664932608181,0.7858004827031375,0.9920098340503996,0.47449293177627533,0.9823251781930263,0.7381044114814101
48f,46,iforest+msp:max,0.3,0.888,0.2939229132182549,0.3934145187987704,0.19877630645542682,0.19463821234334358,0.0994916055805155,0.6762872083668544,0.9938537185003073,0.5599262446220037,0.9881044114814101,0.6183779618570603
48f,46,iforest+entropy:mean,0.005,0.9431,0.2939229132182549,0.2942776069992906,0.2922676755734216,0.0020099314258689997,0.00035469378103570584,0.994368463395012,0.97480024585126,0.002458512599877074,0.9693700635715662,0.9595453669813138
48f,46,iforest+entropy:mean,0.01,0.9336,0.2939229132182549,0.2948687633010168,0.29135138330574606,0.0035173799952707497,0.0009458500827618822,0.9912510056315367,0.9754148740012293,0.007375537799631223,0.9694663841263725,0.9507801964939318
48f,46,iforest+entropy:mean,0.02,0.9217,0.2939229132182549,0.29540080397257035,0.28999172381177585,0.005409080160794514,0.001477890754315441,0.9866251005631537,0.9766441303011678,0.015365703749231715,0.9696590252359854,0.9365729146599885
48f,46,iforest+entropy:mean,0.03,0.9139,0.2939229132182549,0.2960215180893828,0.2891641049893592,0.006857413100023646,0.0020986048711279263,0.9838093322606596,0.9766441303011678,0.019668100799016593,0.9697553457907917,0.9264592564053169
48f,46,iforest+entropy:mean,0.05,0.897505,0.2939229132182549,0.2969082525419721,0.2868585954126271,0.010049657129344998,0.0029853393237171907,0.9759654062751407,0.9766441303011678,0.03380454824830977,0.9699479869004045,0.9036312849162011
48f,46,iforest+entropy:mean,0.075,0.8797075,0.2939229132182549,0.2991250886734453,0.28230669188933555,0.016818396784109717,0.005202175455190352,0.9604786806114239,0.9772587584511371,0.04548248309772587,0.9708148718936621,0.8784434598343287
48f,46,iforest+entropy:mean,0.1,0.85872,0.2939229132182549,0.3032927406006148,0.27394183021991014,0.02935091038070466,0.009369827382359896,0.9320193081255027,0.9778733866011063,0.059618930547019056,0.972259680215758,0.8485359275669427
48f,46,iforest+entropy:mean,0.15,0.8233999999999999,0.2939229132182549,0.31260345235280207,0.255172617640104,0.05743083471269804,0.018680539134547175,0.868161705551086,0.9791026429010449,0.0977258758451137,0.9745232132537084,0.807214409554999
48f,46,iforest+entropy:mean,0.2,0.78682,0.2939229132182549,0.32581579569638214,0.2304918420430362,0.09532395365334595,0.031892882478127216,0.7841914722445695,0.9827904118008605,0.1720958819913952,0.9764014640724331,0.7668079368137161
48f,46,iforest+entropy:mean,0.3,0.71733,0.2939229132182549,0.34762946323007804,0.1913868526838496,0.15624261054622843,0.053706550011823125,0.6511464199517296,0.9852489244007375,0.4665027658266749,0.9787613176651897,0.6309959545366981
48f,46,iforest+entropy:max,0.005,0.999401,0.2939229132182549,0.29410026010877277,0.2935682194372192,0.0005320406715535588,0.00017734689051785292,0.998793242156074,0.9760295021511985,0.03933620159803319,0.9692255827393566,0.9645058755538432
48f,46,iforest+entropy:max,0.01,0.998,0.2939229132182549,0.294218491369118,0.29336131473161503,0.0008571766375029558,0.0002955781508630882,0.9980893000804505,0.9766441303011678,0.05224339274738783,0.9694182238489694,0.9597861683683298
48f,46,iforest+entropy:max,0.02,0.9974039999999998,0.2939229132182549,0.2947800898557579,0.29312485221092455,0.001655237644833294,0.0008571766375029558,0.9972847948511664,0.9778733866011063,0.07498463429625077,0.9695145444037757,0.9524658062030438
48f,46,iforest+entropy:max,0.03,0.9948,0.2939229132182549,0.29640576968550486,0.2925632537242847,0.003842515961220147,0.002482856467249941,0.995374094931617,0.9784880147510756,0.11432083589428396,0.9698516663455982,0.9428819109998073
48f,46,iforest+entropy:max,0.05,0.9906,0.2939229132182549,0.30104634665405533,0.2915878458264365,0.009458500827618822,0.0071234334358004255,0.9920555108608204,0.9803318992009834,0.16410571604179472,0.9702369485648238,0.9305528799845887
48f,46,iforest+entropy:max,0.075,0.9844,0.2939229132182549,0.30456372664932607,0.2878340033104753,0.016729723338850793,0.010640813431071176,0.9792839903459373,0.9815611555009219,0.24769514443761526,0.9708148718936621,0.9029088807551532
48f,46,iforest+entropy:max,0.1,0.975,0.2939229132182549,0.30879049420666826,0.2842279498699456,0.02456254433672263,0.014867580988413337,0.9670152855993562,0.9821757836508912,0.29379225568531037,0.9716817568869197,0.8699672510113658
48f,46,iforest+entropy:max,0.15,0.95823,0.2939229132182549,0.31585481201229604,0.2765429179475053,0.03931189406479073,0.021931898794041144,0.9408688656476266,0.9858635525507068,0.379840196681008,0.973222885763822,0.8169909458678482
48f,46,iforest+entropy:max,0.2,0.9414,0.2939229132182549,0.32696855048474815,0.2637443840151336,0.06322416646961457,0.03304563726649326,0.8973250201126307,0.9901659496004918,0.4910878918254456,0.9755345790791755,0.7523116933153535
48f,46,iforest+entropy:max,0.3,0.8878,0.2939229132182549,0.37931544100260106,0.21198864979900686,0.16732679120359423,0.08539252778434618,0.7212389380530974,0.9963122311001844,0.7393976644130301,0.9832883837410904,0.5758524369100366
48f,46,iforest+margin:mean,0.005,0.941802,0.2939229132182549,0.29676046346654056,0.2905533222984157,0.006207141168124852,0.0028375502482856467,0.9885358004827031,0.97480024585126,0.0018438844499078057,0.9703332691196301,0.9592564053168946
48f,46,iforest+margin:mean,0.01,0.9245120000000002,0.2939229132182549,0.2982974698510286,0.2879817923859068,0.010315677465121778,0.004374556632773706,0.9797868061142396,0.97480024585126,0.007990165949600492,0.9710075130032749,0.9496243498362551
48f,46,iforest+margin:mean,0.02,0.9063079999999998,0.2939229132182549,0.30013005438637974,0.28405060297942775,0.016079451406951998,0.006207141168124852,0.9664119066773933,0.9760295021511985,0.014136447449293177,0.9720670391061452,0.9394625313041803
48f,46,iforest+margin:mean,0.03,0.8877089999999999,0.2939229132182549,0.3026720264838023,0.27943958382596357,0.023232442657838734,0.008749113265547412,0.9507240547063555,0.9766441303011678,0.02642901044867855,0.97274128298979,0.9291562319398959
48f,46,iforest+margin:mean,0.05,0.8662,0.2939229132182549,0.30580515488295107,0.2727595176164578,0.03304563726649326,0.011882241664696145,0.9279967819790828,0.9772587584511371,0.04363859864781807,0.9739934502022731,0.9117703717973416
48f,46,iforest+margin:mean,0.075,0.8454999999999999,0.2939229132182549,0.3106230787420194,0.2640399621659967,0.0465831165760227,0.016700165523764483,0.8983306516492356,0.9778733866011063,0.057775046097111246,0.9747158543633211,0.8836929300712772
48f,46,iforest+margin:mean,0.1,0.8307100000000001,0.2939229132182549,0.3138153227713407,0.2567391818396784,0.057076140931662335,0.019892409553085837,0.8734915526950925,0.9778733866011063,0.06760909649661954,0.9754864188017723,0.8575418994413407
48f,46,iforest+margin:mean,0.15,0.8015,0.2939229132182549,0.3211752187278316,0.2385906833766848,0.08258453535114685,0.027252305509576732,0.8117457763475462,0.9784880147510756,0.10018438844499078,0.9764977846272395,0.8039395106915815
48f,46,iforest+margin:mean,0.2,0.7744,0.2939229132182549,0.3284168834239773,0.22171317096240245,0.10670371246157484,0.034493970205722396,0.7543242156074014,0.9821757836508912,0.148740012292563,0.9772683490656906,0.7480254286264689
48f,46,iforest+margin:mean,0.3,0.71139,0.2939229132182549,0.3546051075904469,0.18248995034287066,0.17211515724757626,0.06068219437219201,0.6208769106999196,0.9852489244007375,0.3847572218807621,0.9798690040454633,0.6207859757272202
48f,46,iforest+margin:max,0.005,0.9972,0.2939229132182549,0.2961693071648144,0.29170607708678176,0.004463230078032632,0.0022463939465594703,0.9924577634754626,0.9760295021511985,0.015980331899200985,0.9696590252359854,0.9604122519745714
48f,46,iforest+margin:max,0.01,0.9942,0.2939229132182549,0.30113502009931425,0.28771577205013005,0.013419248049184204,0.0072121068810593525,0.9788817377312952,0.9760295021511985,0.040565457897971724,0.9703814293970333,0.9531882103640917
48f,46,iforest+margin:max,0.02,0.991,0.2939229132182549,0.30846535824071886,0.2832525419720974,0.025212816268621423,0.01454244502246394,0.9636967015285599,0.9778733866011063,0.07314074984634296,0.9721633596609517,0.9436043151608553
48f,46,iforest+margin:max,0.03,0.985806,0.2939229132182549,0.31470205722393,0.2777843461811303,0.036917711042799714,0.020779144005675102,0.9450925181013676,0.9791026429010449,0.10633066994468347,0.973463687150838,0.9296859949913312
48f,46,iforest+margin:max,0.05,0.9782,0.2939229132182549,0.3251655237644833,0.2666706077086782,0.05849491605580515,0.031242610546228424,0.90728077232502,0.9797172710510141,0.15550092194222495,0.9760643421306107,0.8968888460797534
48f,46,iforest+margin:max,0.075,0.9676,0.2939229132182549,0.3350673918183968,0.2539311894064791,0.08113620241191771,0.04114447860014188,0.8639380530973451,0.9821757836508912,0.22065150583896742,0.9785205162781737,0.8621652860720478
48f,46,iforest+margin:max,0.1,0.95782,0.2939229132182549,0.34564908961929536,0.24352683849609838,0.10212225112319698,0.051726176401040436,0.8285398230088495,0.9846342962507683,0.2735095267363245,0.981265652090156,0.8313908688114043
48f,46,iforest+margin:max,0.15,0.9354,0.2939229132182549,0.3669898321116103,0.21967368172144716,0.14731615039016316,0.0730669188933554,0.7473853580048271,0.9858635525507068,0.35586969883220654,0.9848295126179927,0.7712386823348103
48f,46,iforest+margin:max,0.2,0.9104,0.2939229132182549,0.3903700638448806,0.19511113738472452,0.19525892646015605,0.09644715062662568,0.6638173773129525,0.9913952059004303,0.43945912722802705,0.9881044114814101,0.7064631092275091
48f,46,iforest+margin:max,0.3,0.8674,0.2939229132182549,0.4218491369117995,0.16301135020099314,0.2588377867108063,0.12792622369354456,0.5546057924376508,0.9944683466502766,0.5586969883220652,0.9920535542284723,0.5860142554421114
48f,46,iforest+conformal:mean,0.005,0.9890005,0.2939229132182549,0.29401158666351385,0.29380468195790965,0.00020690470560416174,8.867344525892646e-05,0.9995977473853579,0.97480024585126,0.0006146281499692685,0.9691292621845502,0.9496725101136583
48f,46,iforest+conformal:mean,0.01,0.9827,0.2939229132182549,0.29445495388980847,0.29377512414282336,0.0006798297469851029,0.0005320406715535588,0.9994971842316974,0.97480024585126,0.0006146281499692685,0.9694663841263725,0.9338277788480062
48f,46,iforest+conformal:mean,0.02,0.9701,0.2939229132182549,0.29673090565145427,0.29342043036178767,0.003310475289666588,0.002807992433199338,0.9982904263877715,0.97480024585126,0.0006146281499692685,0.9704295896744365,0.9158639953766133
48f,46,iforest+conformal:mean,0.03,0.9460059999999999,0.2939229132182549,0.3052435563963112,0.29173563490186805,0.013507921494443131,0.011320643178056278,0.992558326629123,0.97480024585126,0.002458512599877074,0.9727894432671932,0.895058755538432
48f,46,iforest+conformal:mean,0.05,0.8863100000000004,0.2939229132182549,0.33787538425159613,0.2836072357531331,0.054268148498462995,0.04395247103334122,0.9649034593724859,0.9778733866011063,0.023970497848801474,0.9755345790791755,0.8266711616258909
48f,46,iforest+conformal:mean,0.075,0.8473999999999999,0.2939229132182549,0.36666469614566094,0.2768384960983684,0.0898262000472925,0.072741782927406,0.9418744971842317,0.9797172710510141,0.049170251997541485,0.9765941051820458,0.7979194760161819
48f,46,iforest+conformal:mean,0.1,0.816,0.2939229132182549,0.3985280208087018,0.26927169543627333,0.12925632537242848,0.10460510759044692,0.9161303298471439,0.9827904118008605,0.07068223724646588,0.9774128298979002,0.7747543825852437
48f,46,iforest+conformal:mean,0.15,0.7538,0.2939229132182549,0.4456727358713644,0.24881768739654764,0.19685504847481675,0.1517498226531095,0.8465406275140788,0.9852489244007375,0.15918869084204057,0.9799653246002697,0.7177807744172606
48f,46,iforest+conformal:mean,0.2,0.71,0.2939229132182549,0.4671317096240246,0.22599905414991725,0.24113265547410737,0.1732087964057697,0.7689058728881738,0.9883220651505839,0.26736324523663185,0.9832402234636871,0.6609998073588904
48f,46,iforest+conformal:mean,0.3,0.6456299999999999,0.2939229132182549,0.5255970678647435,0.18455899739891227,0.3410380704658312,0.23167415464648852,0.6279163314561544,0.9944683466502766,0.4732636754763368,0.9935465228279715,0.5679541514159121
48f,46,iforest+conformal:max,0.005,1.0,0.2939229132182549,0.2939229132182549,0.2939229132182549,0.0,0.0,1.0,0.97480024585126,0.0,0.9689847813523406,0.9689847813523406
48f,46,iforest+conformal:max,0.01,1.0,0.2939229132182549,0.2939229132182549,0.2939229132182549,0.0,0.0,1.0,0.97480024585126,0.0,0.9689847813523406,0.9689847813523406
48f,46,iforest+conformal:max,0.02,1.0,0.2939229132182549,0.2939229132182549,0.2939229132182549,0.0,0.0,1.0,0.97480024585126,0.0,0.9689847813523406,0.9689847813523406
48f,46,iforest+conformal:max,0.03,0.9988,0.2939229132182549,0.2951938992669662,0.2927997162449752,0.0023941830219910143,0.0012709860487112794,0.9961786001609011,0.9784880147510756,0.017209588199139522,0.9704295896744365,0.82108456944712
48f,46,iforest+conformal:max,0.05,0.9878,0.2939229132182549,0.3199929061243793,0.2886025065027193,0.031390399621659966,0.02606999290612438,0.9818986323411101,0.9889366933005531,0.06760909649661954,0.9790021190522057,0.8025428626468889
48f,46,iforest+conformal:max,0.075,0.9742,0.2939229132182549,0.3662508867344526,0.2815677465121778,0.08468314022227477,0.07232797351619769,0.9579646017699114,0.9932390903503381,0.0977258758451137,0.9900789828549412,0.7866499711038336
48f,46,iforest+conformal:max,0.1,0.9636400000000002,0.2939229132182549,0.40068574131000234,0.2747103334121542,0.1259754078978482,0.10676282809174746,0.9346339501206757,0.9944683466502766,0.11370620774431468,0.9967251011365825,0.7733095742631477
48f,46,iforest+conformal:max,0.15,0.9296599999999998,0.2939229132182549,0.45918065736580754,0.2315854812012296,0.22759517616457792,0.16525774414755262,0.787912308930008,0.9981561155500922,0.23847572218807622,0.999277595838952,0.7091119244846851
48f,46,iforest+conformal:max,0.2,0.8964,0.2939229132182549,0.48879758808228896,0.2051016788838969,0.28369590919839205,0.19487467486403406,0.6978077232502011,0.9987707437000615,0.3552550706822373,0.9995665575033712,0.6374494317087266
48f,46,iforest+conformal:max,0.3,0.8378599999999999,0.2939229132182549,0.5282277134074249,0.16505083944194845,0.3631768739654765,0.23430480018917002,0.5615446500402252,1.0,0.5255070682237246,0.9998555191677904,0.5136775187825082
