pool,seed,score,part,known_class,n,flagged_share,share_of_false_alarms
48f_t15,42,msp,thr,Analysis,120,0.11666666666666667,0.046822742474916385
48f_t15,42,msp,thr,Backdoor,94,0.07446808510638298,0.023411371237458192
48f_t15,42,msp,thr,DoS,259,0.09266409266409266,0.0802675585284281
48f_t15,42,msp,thr,Exploits,1310,0.06030534351145038,0.26421404682274247
48f_t15,42,msp,thr,Fuzzers,990,0.06464646464646465,0.2140468227424749
48f_t15,42,msp,thr,Generic,572,0.019230769230769232,0.03678929765886288
48f_t15,42,msp,thr,Normal,2140,0.03551401869158879,0.25418060200668896
48f_t15,42,msp,thr,Reconnaissance,515,0.04660194174757282,0.0802675585284281
48f_t15,42,msp,cal,Analysis,102,0.09803921568627451,0.043478260869565216
48f_t15,42,msp,cal,Backdoor,110,0.12727272727272726,0.06086956521739131
48f_t15,42,msp,cal,DoS,221,0.07239819004524888,0.06956521739130435
48f_t15,42,msp,cal,Exploits,1141,0.051709027169149865,0.2565217391304348
48f_t15,42,msp,cal,Fuzzers,860,0.06511627906976744,0.24347826086956523
48f_t15,42,msp,cal,Generic,28,0.10714285714285714,0.013043478260869565
48f_t15,42,msp,cal,Normal,1475,0.03593220338983051,0.23043478260869565
48f_t15,42,msp,cal,Reconnaissance,463,0.04103671706263499,0.08260869565217391
48f_t15,42,msp,test,Analysis,438,0.0730593607305936,0.011263639563533967
48f_t15,42,msp,test,Backdoor,345,0.06666666666666667,0.008095740936290039
48f_t15,42,msp,test,DoS,1694,0.08323494687131051,0.04963041182682154
48f_t15,42,msp,test,Exploits,7590,0.0458498023715415,0.12249208025343189
48f_t15,42,msp,test,Fuzzers,4810,0.06798336798336799,0.11510031678986272
48f_t15,42,msp,test,Generic,3418,0.031304856641310705,0.0376627947905667
48f_t15,42,msp,test,Normal,33832,0.051489713880349966,0.6131643787398803
48f_t15,42,msp,test,Reconnaissance,2469,0.04900769542324828,0.04259063709961281
48f_t15,42,entropy,thr,Analysis,120,0.20833333333333334,0.08333333333333333
48f_t15,42,entropy,thr,Backdoor,94,0.2872340425531915,0.09
48f_t15,42,entropy,thr,DoS,259,0.138996138996139,0.12
48f_t15,42,entropy,thr,Exploits,1310,0.05114503816793893,0.22333333333333333
48f_t15,42,entropy,thr,Fuzzers,990,0.06060606060606061,0.2
48f_t15,42,entropy,thr,Generic,572,0.024475524475524476,0.04666666666666667
48f_t15,42,entropy,thr,Normal,2140,0.014485981308411215,0.10333333333333333
48f_t15,42,entropy,thr,Reconnaissance,515,0.07766990291262135,0.13333333333333333
48f_t15,42,entropy,cal,Analysis,102,0.12745098039215685,0.06951871657754011
48f_t15,42,entropy,cal,Backdoor,110,0.24545454545454545,0.1443850267379679
48f_t15,42,entropy,cal,DoS,221,0.08597285067873303,0.10160427807486631
48f_t15,42,entropy,cal,Exploits,1141,0.033304119193689745,0.20320855614973263
48f_t15,42,entropy,cal,Fuzzers,860,0.05465116279069768,0.25133689839572193
48f_t15,42,entropy,cal,Generic,28,0.14285714285714285,0.0213903743315508
48f_t15,42,entropy,cal,Normal,1475,0.009491525423728813,0.0748663101604278
48f_t15,42,entropy,cal,Reconnaissance,463,0.05399568034557235,0.13368983957219252
48f_t15,42,entropy,test,Analysis,438,0.3333333333333333,0.07015857760691975
48f_t15,42,entropy,test,Backdoor,345,0.40869565217391307,0.06775588659298415
48f_t15,42,entropy,test,DoS,1694,0.1345926800472255,0.10956271023546373
48f_t15,42,entropy,test,Exploits,7590,0.044005270092226614,0.1604997597308986
48f_t15,42,entropy,test,Fuzzers,4810,0.07920997920997921,0.1830850552618933
48f_t15,42,entropy,test,Generic,3418,0.023405500292568753,0.03844305622296973
48f_t15,42,entropy,test,Normal,33832,0.019242137621187042,0.31283037001441616
48f_t15,42,entropy,test,Reconnaissance,2469,0.04860267314702309,0.05766458433445459
48f_t15,42,margin,thr,Analysis,120,0.041666666666666664,0.016666666666666666
48f_t15,42,margin,thr,Backdoor,94,0.031914893617021274,0.01
48f_t15,42,margin,thr,DoS,259,0.08108108108108109,0.07
48f_t15,42,margin,thr,Exploits,1310,0.05419847328244275,0.23666666666666666
48f_t15,42,margin,thr,Fuzzers,990,0.07272727272727272,0.24
48f_t15,42,margin,thr,Generic,572,0.017482517482517484,0.03333333333333333
48f_t15,42,margin,thr,Normal,2140,0.04906542056074766,0.35
48f_t15,42,margin,thr,Reconnaissance,515,0.02524271844660194,0.043333333333333335
48f_t15,42,margin,cal,Analysis,102,0.0392156862745098,0.013289036544850499
48f_t15,42,margin,cal,Backdoor,110,0.02727272727272727,0.009966777408637873
48f_t15,42,margin,cal,DoS,221,0.08597285067873303,0.06312292358803986
48f_t15,42,margin,cal,Exploits,1141,0.05258545135845749,0.19933554817275748
48f_t15,42,margin,cal,Fuzzers,860,0.07790697674418605,0.22259136212624583
48f_t15,42,margin,cal,Generic,28,0.07142857142857142,0.006644518272425249
48f_t15,42,margin,cal,Normal,1475,0.0888135593220339,0.43521594684385384
48f_t15,42,margin,cal,Reconnaissance,463,0.032397408207343416,0.04983388704318937
48f_t15,42,margin,test,Analysis,438,0.05251141552511415,0.006489841986455982
48f_t15,42,margin,test,Backdoor,345,0.02608695652173913,0.0025395033860045146
48f_t15,42,margin,test,DoS,1694,0.07378984651711924,0.03527088036117382
48f_t15,42,margin,test,Exploits,7590,0.039525691699604744,0.08465011286681716
48f_t15,42,margin,test,Fuzzers,4810,0.07567567567567568,0.10270880361173815
48f_t15,42,margin,test,Generic,3418,0.019016968987712112,0.018340857787810385
48f_t15,42,margin,test,Normal,33832,0.07563844880586428,0.7220654627539503
48f_t15,42,margin,test,Reconnaissance,2469,0.040097205346294046,0.027934537246049662
48f_t15,42,conformal,thr,Analysis,120,0.06666666666666667,0.026755852842809364
48f_t15,42,conformal,thr,Backdoor,94,0.0,0.0
48f_t15,42,conformal,thr,DoS,259,0.07335907335907337,0.06354515050167224
48f_t15,42,conformal,thr,Exploits,1310,0.08778625954198473,0.38461538461538464
48f_t15,42,conformal,thr,Fuzzers,990,0.06060606060606061,0.20066889632107024
48f_t15,42,conformal,thr,Generic,572,0.0017482517482517483,0.0033444816053511705
48f_t15,42,conformal,thr,Normal,2140,0.037383177570093455,0.26755852842809363
48f_t15,42,conformal,thr,Reconnaissance,515,0.031067961165048542,0.05351170568561873
48f_t15,42,conformal,cal,Analysis,102,0.06862745098039216,0.025925925925925925
48f_t15,42,conformal,cal,Backdoor,110,0.00909090909090909,0.003703703703703704
48f_t15,42,conformal,cal,DoS,221,0.06334841628959276,0.05185185185185185
48f_t15,42,conformal,cal,Exploits,1141,0.08676599474145487,0.36666666666666664
48f_t15,42,conformal,cal,Fuzzers,860,0.06627906976744186,0.2111111111111111
48f_t15,42,conformal,cal,Generic,28,0.03571428571428571,0.003703703703703704
48f_t15,42,conformal,cal,Normal,1475,0.05288135593220339,0.28888888888888886
48f_t15,42,conformal,cal,Reconnaissance,463,0.028077753779697623,0.04814814814814815
48f_t15,42,conformal,test,Analysis,438,0.04794520547945205,0.006715701950751519
48f_t15,42,conformal,test,Backdoor,345,0.02318840579710145,0.0025583626479053407
48f_t15,42,conformal,test,DoS,1694,0.07024793388429752,0.038055644387591944
48f_t15,42,conformal,test,Exploits,7590,0.06521739130434782,0.15829868883914294
48f_t15,42,conformal,test,Fuzzers,4810,0.07130977130977131,0.10968979852894148
48f_t15,42,conformal,test,Generic,3418,0.004095962551199532,0.004477134633834346
48f_t15,42,conformal,test,Normal,33832,0.0606526365571057,0.6562200191877199
48f_t15,42,conformal,test,Reconnaissance,2469,0.030376670716889428,0.023984649824112567
48f_t15,42,iforest,thr,Analysis,120,0.008333333333333333,0.0033333333333333335
48f_t15,42,iforest,thr,Backdoor,94,0.0,0.0
48f_t15,42,iforest,thr,DoS,259,0.10810810810810811,0.09333333333333334
48f_t15,42,iforest,thr,Exploits,1310,0.08702290076335878,0.38
48f_t15,42,iforest,thr,Fuzzers,990,0.07171717171717172,0.23666666666666666
48f_t15,42,iforest,thr,Generic,572,0.008741258741258742,0.016666666666666666
48f_t15,42,iforest,thr,Normal,2140,0.03785046728971963,0.27
48f_t15,42,iforest,thr,Reconnaissance,515,0.0,0.0
48f_t15,42,iforest,cal,Analysis,102,0.0,0.0
48f_t15,42,iforest,cal,Backdoor,110,0.0,0.0
48f_t15,42,iforest,cal,DoS,221,0.04524886877828054,0.03875968992248062
48f_t15,42,iforest,cal,Exploits,1141,0.11568799298860649,0.5116279069767442
48f_t15,42,iforest,cal,Fuzzers,860,0.09069767441860466,0.3023255813953488
48f_t15,42,iforest,cal,Generic,28,0.0,0.0
48f_t15,42,iforest,cal,Normal,1475,0.02576271186440678,0.14728682170542637
48f_t15,42,iforest,cal,Reconnaissance,463,0.0,0.0
48f_t15,42,iforest,test,Analysis,438,0.0,0.0
48f_t15,42,iforest,test,Backdoor,345,0.0,0.0
48f_t15,42,iforest,test,DoS,1694,0.07497048406139316,0.05528950805398346
48f_t15,42,iforest,test,Exploits,7590,0.09393939393939393,0.3104048759251197
48f_t15,42,iforest,test,Fuzzers,4810,0.06985446985446986,0.14627775359164127
48f_t15,42,iforest,test,Generic,3418,0.012287887653598596,0.01828471919895516
48f_t15,42,iforest,test,Normal,33832,0.031863324663040905,0.4693077927731824
48f_t15,42,iforest,test,Reconnaissance,2469,0.0004050222762251924,0.00043535045711797995
48f_t15,42,iforest+msp:mean,thr,Analysis,120,0.13333333333333333,0.05351170568561873
48f_t15,42,iforest+msp:mean,thr,Backdoor,94,0.1595744680851064,0.05016722408026756
48f_t15,42,iforest+msp:mean,thr,DoS,259,0.10424710424710425,0.0903010033444816
48f_t15,42,iforest+msp:mean,thr,Exploits,1310,0.03435114503816794,0.1505016722408027
48f_t15,42,iforest+msp:mean,thr,Fuzzers,990,0.06363636363636363,0.21070234113712374
48f_t15,42,iforest+msp:mean,thr,Generic,572,0.03146853146853147,0.06020066889632107
48f_t15,42,iforest+msp:mean,thr,Normal,2140,0.04579439252336449,0.3277591973244147
48f_t15,42,iforest+msp:mean,thr,Reconnaissance,515,0.03300970873786408,0.056856187290969896
48f_t15,42,iforest+msp:mean,cal,Analysis,102,0.10784313725490197,0.05263157894736842
48f_t15,42,iforest+msp:mean,cal,Backdoor,110,0.18181818181818182,0.09569377990430622
48f_t15,42,iforest+msp:mean,cal,DoS,221,0.11764705882352941,0.12440191387559808
48f_t15,42,iforest+msp:mean,cal,Exploits,1141,0.03242769500438212,0.17703349282296652
48f_t15,42,iforest+msp:mean,cal,Fuzzers,860,0.08139534883720931,0.3349282296650718
48f_t15,42,iforest+msp:mean,cal,Generic,28,0.14285714285714285,0.019138755980861243
48f_t15,42,iforest+msp:mean,cal,Normal,1475,0.021016949152542375,0.14832535885167464
48f_t15,42,iforest+msp:mean,cal,Reconnaissance,463,0.02159827213822894,0.04784688995215311
48f_t15,42,iforest+msp:mean,test,Analysis,438,0.1004566210045662,0.021369596891694997
48f_t15,42,iforest+msp:mean,test,Backdoor,345,0.1246376811594203,0.020883924235065566
48f_t15,42,iforest+msp:mean,test,DoS,1694,0.10920897284533648,0.08984944147644487
48f_t15,42,iforest+msp:mean,test,Exploits,7590,0.037285902503293805,0.13744536182612918
48f_t15,42,iforest+msp:mean,test,Fuzzers,4810,0.07525987525987526,0.1758135016998543
48f_t15,42,iforest+msp:mean,test,Generic,3418,0.044763019309537744,0.07430791646430306
48f_t15,42,iforest+msp:mean,test,Normal,33832,0.027606999290612437,0.45361826129188926
48f_t15,42,iforest+msp:mean,test,Reconnaissance,2469,0.02227622519238558,0.026711996114618747
48f_t15,42,iforest+msp:max,thr,Analysis,120,0.075,0.03
48f_t15,42,iforest+msp:max,thr,Backdoor,94,0.05319148936170213,0.016666666666666666
48f_t15,42,iforest+msp:max,thr,DoS,259,0.11196911196911197,0.09666666666666666
48f_t15,42,iforest+msp:max,thr,Exploits,1310,0.083206106870229,0.36333333333333334
48f_t15,42,iforest+msp:max,thr,Fuzzers,990,0.0707070707070707,0.23333333333333334
48f_t15,42,iforest+msp:max,thr,Generic,572,0.019230769230769232,0.03666666666666667
48f_t15,42,iforest+msp:max,thr,Normal,2140,0.026168224299065422,0.18666666666666668
48f_t15,42,iforest+msp:max,thr,Reconnaissance,515,0.021359223300970873,0.03666666666666667
48f_t15,42,iforest+msp:max,cal,Analysis,102,0.058823529411764705,0.02214022140221402
48f_t15,42,iforest+msp:max,cal,Backdoor,110,0.09090909090909091,0.03690036900369004
48f_t15,42,iforest+msp:max,cal,DoS,221,0.06334841628959276,0.05166051660516605
48f_t15,42,iforest+msp:max,cal,Exploits,1141,0.09553023663453111,0.4022140221402214
48f_t15,42,iforest+msp:max,cal,Fuzzers,860,0.08372093023255814,0.2656826568265683
48f_t15,42,iforest+msp:max,cal,Generic,28,0.07142857142857142,0.007380073800738007
48f_t15,42,iforest+msp:max,cal,Normal,1475,0.031186440677966103,0.16974169741697417
48f_t15,42,iforest+msp:max,cal,Reconnaissance,463,0.02591792656587473,0.04428044280442804
48f_t15,42,iforest+msp:max,test,Analysis,438,0.04794520547945205,0.007605939876856212
48f_t15,42,iforest+msp:max,test,Backdoor,345,0.028985507246376812,0.003621876131836291
48f_t15,42,iforest+msp:max,test,DoS,1694,0.089728453364817,0.055052517203911626
48f_t15,42,iforest+msp:max,test,Exploits,7590,0.07430830039525692,0.20427381383556684
48f_t15,42,iforest+msp:max,test,Fuzzers,4810,0.07214137214137215,0.1256791017747193
48f_t15,42,iforest+msp:max,test,Generic,3418,0.023112931538911644,0.0286128214415067
48f_t15,42,iforest+msp:max,test,Normal,33832,0.04519389926696619,0.5537848605577689
48f_t15,42,iforest+msp:max,test,Reconnaissance,2469,0.02389631429728635,0.021369069177834116
48f_t15,42,iforest+entropy:mean,thr,Analysis,120,0.24166666666666667,0.09666666666666666
48f_t15,42,iforest+entropy:mean,thr,Backdoor,94,0.2553191489361702,0.08
48f_t15,42,iforest+entropy:mean,thr,DoS,259,0.08108108108108109,0.07
48f_t15,42,iforest+entropy:mean,thr,Exploits,1310,0.02748091603053435,0.12
48f_t15,42,iforest+entropy:mean,thr,Fuzzers,990,0.07474747474747474,0.24666666666666667
48f_t15,42,iforest+entropy:mean,thr,Generic,572,0.038461538461538464,0.07333333333333333
48f_t15,42,iforest+entropy:mean,thr,Normal,2140,0.028037383177570093,0.2
48f_t15,42,iforest+entropy:mean,thr,Reconnaissance,515,0.06601941747572816,0.11333333333333333
48f_t15,42,iforest+entropy:mean,cal,Analysis,102,0.23529411764705882,0.09523809523809523
48f_t15,42,iforest+entropy:mean,cal,Backdoor,110,0.2636363636363636,0.11507936507936507
48f_t15,42,iforest+entropy:mean,cal,DoS,221,0.12669683257918551,0.1111111111111111
48f_t15,42,iforest+entropy:mean,cal,Exploits,1141,0.03856266432953549,0.1746031746031746
48f_t15,42,iforest+entropy:mean,cal,Fuzzers,860,0.08139534883720931,0.2777777777777778
48f_t15,42,iforest+entropy:mean,cal,Generic,28,0.10714285714285714,0.011904761904761904
48f_t15,42,iforest+entropy:mean,cal,Normal,1475,0.018983050847457626,0.1111111111111111
48f_t15,42,iforest+entropy:mean,cal,Reconnaissance,463,0.056155507559395246,0.10317460317460317
48f_t15,42,iforest+entropy:mean,test,Analysis,438,0.2648401826484018,0.060988433228180865
48f_t15,42,iforest+entropy:mean,test,Backdoor,345,0.23768115942028986,0.04311251314405889
48f_t15,42,iforest+entropy:mean,test,DoS,1694,0.1204250295159386,0.10725552050473186
48f_t15,42,iforest+entropy:mean,test,Exploits,7590,0.03596837944664032,0.14353312302839116
48f_t15,42,iforest+entropy:mean,test,Fuzzers,4810,0.07671517671517672,0.19400630914826497
48f_t15,42,iforest+entropy:mean,test,Generic,3418,0.03598595669982446,0.06466876971608833
48f_t15,42,iforest+entropy:mean,test,Normal,33832,0.018976117285410262,0.33753943217665616
48f_t15,42,iforest+entropy:mean,test,Reconnaissance,2469,0.03766707168894289,0.04889589905362776
48f_t15,42,iforest+entropy:max,thr,Analysis,120,0.075,0.030405405405405407
48f_t15,42,iforest+entropy:max,thr,Backdoor,94,0.11702127659574468,0.037162162162162164
48f_t15,42,iforest+entropy:max,thr,DoS,259,0.16988416988416988,0.14864864864864866
48f_t15,42,iforest+entropy:max,thr,Exploits,1310,0.07251908396946564,0.32094594594594594
48f_t15,42,iforest+entropy:max,thr,Fuzzers,990,0.0696969696969697,0.23310810810810811
48f_t15,42,iforest+entropy:max,thr,Generic,572,0.022727272727272728,0.04391891891891892
48f_t15,42,iforest+entropy:max,thr,Normal,2140,0.01542056074766355,0.11148648648648649
48f_t15,42,iforest+entropy:max,thr,Reconnaissance,515,0.04271844660194175,0.07432432432432433
48f_t15,42,iforest+entropy:max,cal,Analysis,102,0.06862745098039216,0.03111111111111111
48f_t15,42,iforest+entropy:max,cal,Backdoor,110,0.14545454545454545,0.07111111111111111
48f_t15,42,iforest+entropy:max,cal,DoS,221,0.06334841628959276,0.06222222222222222
48f_t15,42,iforest+entropy:max,cal,Exploits,1141,0.0736196319018405,0.37333333333333335
48f_t15,42,iforest+entropy:max,cal,Fuzzers,860,0.07209302325581396,0.27555555555555555
48f_t15,42,iforest+entropy:max,cal,Generic,28,0.10714285714285714,0.013333333333333334
48f_t15,42,iforest+entropy:max,cal,Normal,1475,0.016271186440677966,0.10666666666666667
48f_t15,42,iforest+entropy:max,cal,Reconnaissance,463,0.032397408207343416,0.06666666666666667
48f_t15,42,iforest+entropy:max,test,Analysis,438,0.0776255707762557,0.017076845806127575
48f_t15,42,iforest+entropy:max,test,Backdoor,345,0.12173913043478261,0.02109492717227524
48f_t15,42,iforest+entropy:max,test,DoS,1694,0.09622195985832349,0.08186840783525866
48f_t15,42,iforest+entropy:max,test,Exploits,7590,0.06179183135704875,0.23556002009040683
48f_t15,42,iforest+entropy:max,test,Fuzzers,4810,0.0681912681912682,0.16474133601205423
48f_t15,42,iforest+entropy:max,test,Generic,3418,0.024575775307197192,0.04218985434455048
48f_t15,42,iforest+entropy:max,test,Normal,33832,0.023675809884133366,0.40231039678553493
48f_t15,42,iforest+entropy:max,test,Reconnaissance,2469,0.028351559335763468,0.03515821195379206
48f_t15,42,iforest+margin:mean,thr,Analysis,120,0.025,0.01
48f_t15,42,iforest+margin:mean,thr,Backdoor,94,0.05319148936170213,0.016666666666666666
48f_t15,42,iforest+margin:mean,thr,DoS,259,0.07722007722007722,0.06666666666666667
48f_t15,42,iforest+margin:mean,thr,Exploits,1310,0.02748091603053435,0.12
48f_t15,42,iforest+margin:mean,thr,Fuzzers,990,0.06262626262626263,0.20666666666666667
48f_t15,42,iforest+margin:mean,thr,Generic,572,0.03496503496503497,0.06666666666666667
48f_t15,42,iforest+margin:mean,thr,Normal,2140,0.07009345794392523,0.5
48f_t15,42,iforest+margin:mean,thr,Reconnaissance,515,0.007766990291262136,0.013333333333333334
48f_t15,42,iforest+margin:mean,cal,Analysis,102,0.0392156862745098,0.023529411764705882
48f_t15,42,iforest+margin:mean,cal,Backdoor,110,0.05454545454545454,0.03529411764705882
48f_t15,42,iforest+margin:mean,cal,DoS,221,0.09954751131221719,0.12941176470588237
48f_t15,42,iforest+margin:mean,cal,Exploits,1141,0.028045574057843997,0.18823529411764706
48f_t15,42,iforest+margin:mean,cal,Fuzzers,860,0.07790697674418605,0.3941176470588235
48f_t15,42,iforest+margin:mean,cal,Generic,28,0.07142857142857142,0.011764705882352941
48f_t15,42,iforest+margin:mean,cal,Normal,1475,0.022372881355932205,0.19411764705882353
48f_t15,42,iforest+margin:mean,cal,Reconnaissance,463,0.008639308855291577,0.023529411764705882
48f_t15,42,iforest+margin:mean,test,Analysis,438,0.0,0.0
48f_t15,42,iforest+margin:mean,test,Backdoor,345,0.017391304347826087,0.0031185031185031187
48f_t15,42,iforest+margin:mean,test,DoS,1694,0.07319952774498228,0.06444906444906445
48f_t15,42,iforest+margin:mean,test,Exploits,7590,0.029512516469038207,0.11642411642411643
48f_t15,42,iforest+margin:mean,test,Fuzzers,4810,0.07047817047817048,0.1761954261954262
48f_t15,42,iforest+margin:mean,test,Generic,3418,0.044177881802223526,0.07848232848232849
48f_t15,42,iforest+margin:mean,test,Normal,33832,0.03133128399148735,0.5509355509355509
48f_t15,42,iforest+margin:mean,test,Reconnaissance,2469,0.008100445524503848,0.010395010395010396
48f_t15,42,iforest+margin:max,thr,Analysis,120,0.03333333333333333,0.013422818791946308
48f_t15,42,iforest+margin:max,thr,Backdoor,94,0.010638297872340425,0.003355704697986577
48f_t15,42,iforest+margin:max,thr,DoS,259,0.10810810810810811,0.09395973154362416
48f_t15,42,iforest+margin:max,thr,Exploits,1310,0.06870229007633588,0.30201342281879195
48f_t15,42,iforest+margin:max,thr,Fuzzers,990,0.0707070707070707,0.2348993288590604
48f_t15,42,iforest+margin:max,thr,Generic,572,0.012237762237762238,0.02348993288590604
48f_t15,42,iforest+margin:max,thr,Normal,2140,0.04299065420560748,0.3087248322147651
48f_t15,42,iforest+margin:max,thr,Reconnaissance,515,0.011650485436893204,0.020134228187919462
48f_t15,42,iforest+margin:max,cal,Analysis,102,0.00980392156862745,0.0034482758620689655
48f_t15,42,iforest+margin:max,cal,Backdoor,110,0.00909090909090909,0.0034482758620689655
48f_t15,42,iforest+margin:max,cal,DoS,221,0.06334841628959276,0.04827586206896552
48f_t15,42,iforest+margin:max,cal,Exploits,1141,0.09290096406660824,0.36551724137931035
48f_t15,42,iforest+margin:max,cal,Fuzzers,860,0.08604651162790698,0.25517241379310346
48f_t15,42,iforest+margin:max,cal,Generic,28,0.0,0.0
48f_t15,42,iforest+margin:max,cal,Normal,1475,0.059661016949152545,0.30344827586206896
48f_t15,42,iforest+margin:max,cal,Reconnaissance,463,0.012958963282937365,0.020689655172413793
48f_t15,42,iforest+margin:max,test,Analysis,438,0.03424657534246575,0.004971826317533974
48f_t15,42,iforest+margin:max,test,Backdoor,345,0.008695652173913044,0.0009943652635067948
48f_t15,42,iforest+margin:max,test,DoS,1694,0.08146399055489964,0.04574080212131256
48f_t15,42,iforest+margin:max,test,Exploits,7590,0.07220026350461133,0.18163738813390787
48f_t15,42,iforest+margin:max,test,Fuzzers,4810,0.07276507276507277,0.11600928074245939
48f_t15,42,iforest+margin:max,test,Generic,3418,0.01492100643651258,0.01690420947961551
48f_t15,42,iforest+margin:max,test,Normal,33832,0.054977536060534404,0.6165064633742128
48f_t15,42,iforest+margin:max,test,Reconnaissance,2469,0.021061158363710003,0.01723566456745111
48f_t15,42,iforest+conformal:mean,thr,Analysis,120,0.016666666666666666,0.006734006734006734
48f_t15,42,iforest+conformal:mean,thr,Backdoor,94,0.05319148936170213,0.016835016835016835
48f_t15,42,iforest+conformal:mean,thr,DoS,259,0.09652509652509653,0.08417508417508418
48f_t15,42,iforest+conformal:mean,thr,Exploits,1310,0.04580152671755725,0.20202020202020202
48f_t15,42,iforest+conformal:mean,thr,Fuzzers,990,0.052525252525252523,0.1750841750841751
48f_t15,42,iforest+conformal:mean,thr,Generic,572,0.006993006993006993,0.013468013468013467
48f_t15,42,iforest+conformal:mean,thr,Normal,2140,0.06822429906542056,0.49158249158249157
48f_t15,42,iforest+conformal:mean,thr,Reconnaissance,515,0.005825242718446602,0.010101010101010102
48f_t15,42,iforest+conformal:mean,cal,Analysis,102,0.0196078431372549,0.010416666666666666
48f_t15,42,iforest+conformal:mean,cal,Backdoor,110,0.02727272727272727,0.015625
48f_t15,42,iforest+conformal:mean,cal,DoS,221,0.09502262443438914,0.109375
48f_t15,42,iforest+conformal:mean,cal,Exploits,1141,0.051709027169149865,0.3072916666666667
48f_t15,42,iforest+conformal:mean,cal,Fuzzers,860,0.07441860465116279,0.3333333333333333
48f_t15,42,iforest+conformal:mean,cal,Generic,28,0.0,0.0
48f_t15,42,iforest+conformal:mean,cal,Normal,1475,0.027796610169491524,0.21354166666666666
48f_t15,42,iforest+conformal:mean,cal,Reconnaissance,463,0.004319654427645789,0.010416666666666666
48f_t15,42,iforest+conformal:mean,test,Analysis,438,0.00228310502283105,0.00020661157024793388
48f_t15,42,iforest+conformal:mean,test,Backdoor,345,0.020289855072463767,0.001446280991735537
48f_t15,42,iforest+conformal:mean,test,DoS,1694,0.07260920897284534,0.025413223140495867
48f_t15,42,iforest+conformal:mean,test,Exploits,7590,0.05309617918313571,0.08326446280991735
48f_t15,42,iforest+conformal:mean,test,Fuzzers,4810,0.07546777546777547,0.075
48f_t15,42,iforest+conformal:mean,test,Generic,3418,0.007021650087770626,0.0049586776859504135
48f_t15,42,iforest+conformal:mean,test,Normal,33832,0.1152754788366044,0.8057851239669421
48f_t15,42,iforest+conformal:mean,test,Reconnaissance,2469,0.007695423248278655,0.003925619834710744
48f_t15,42,iforest+conformal:max,thr,Analysis,120,0.058333333333333334,0.023411371237458192
48f_t15,42,iforest+conformal:max,thr,Backdoor,94,0.0,0.0
48f_t15,42,iforest+conformal:max,thr,DoS,259,0.09266409266409266,0.0802675585284281
48f_t15,42,iforest+conformal:max,thr,Exploits,1310,0.0916030534351145,0.4013377926421405
48f_t15,42,iforest+conformal:max,thr,Fuzzers,990,0.0707070707070707,0.23411371237458195
48f_t15,42,iforest+conformal:max,thr,Generic,572,0.006993006993006993,0.013377926421404682
48f_t15,42,iforest+conformal:max,thr,Normal,2140,0.03364485981308411,0.2408026755852843
48f_t15,42,iforest+conformal:max,thr,Reconnaissance,515,0.003883495145631068,0.006688963210702341
48f_t15,42,iforest+conformal:max,cal,Analysis,102,0.049019607843137254,0.017857142857142856
48f_t15,42,iforest+conformal:max,cal,Backdoor,110,0.0,0.0
48f_t15,42,iforest+conformal:max,cal,DoS,221,0.05429864253393665,0.04285714285714286
48f_t15,42,iforest+conformal:max,cal,Exploits,1141,0.11305872042068361,0.4607142857142857
48f_t15,42,iforest+conformal:max,cal,Fuzzers,860,0.08604651162790698,0.2642857142857143
48f_t15,42,iforest+conformal:max,cal,Generic,28,0.03571428571428571,0.0035714285714285713
48f_t15,42,iforest+conformal:max,cal,Normal,1475,0.03728813559322034,0.19642857142857142
48f_t15,42,iforest+conformal:max,cal,Reconnaissance,463,0.008639308855291577,0.014285714285714285
48f_t15,42,iforest+conformal:max,test,Analysis,438,0.0365296803652968,0.005460750853242321
48f_t15,42,iforest+conformal:max,test,Backdoor,345,0.011594202898550725,0.0013651877133105802
48f_t15,42,iforest+conformal:max,test,DoS,1694,0.08736717827626919,0.050511945392491465
48f_t15,42,iforest+conformal:max,test,Exploits,7590,0.08353096179183135,0.21638225255972696
48f_t15,42,iforest+conformal:max,test,Fuzzers,4810,0.07588357588357589,0.12457337883959044
48f_t15,42,iforest+conformal:max,test,Generic,3418,0.009069631363370393,0.010580204778156996
48f_t15,42,iforest+conformal:max,test,Normal,33832,0.050396074722156535,0.5819112627986348
48f_t15,42,iforest+conformal:max,test,Reconnaissance,2469,0.010935601458080195,0.009215017064846417
48f_t15,43,msp,thr,Analysis,66,0.030303030303030304,0.007547169811320755
48f_t15,43,msp,thr,Backdoor,145,0.05517241379310345,0.03018867924528302
48f_t15,43,msp,thr,DoS,163,0.1411042944785276,0.08679245283018867
48f_t15,43,msp,thr,Exploits,776,0.07860824742268041,0.23018867924528302
48f_t15,43,msp,thr,Fuzzers,581,0.11015490533562823,0.24150943396226415
48f_t15,43,msp,thr,Normal,3962,0.02221100454316002,0.3320754716981132
48f_t15,43,msp,thr,Reconnaissance,307,0.06188925081433225,0.07169811320754717
48f_t15,43,msp,cal,Analysis,89,0.15730337078651685,0.04229607250755287
48f_t15,43,msp,cal,Backdoor,174,0.06896551724137931,0.03625377643504532
48f_t15,43,msp,cal,DoS,224,0.10714285714285714,0.07250755287009064
48f_t15,43,msp,cal,Exploits,1274,0.08241758241758242,0.31722054380664655
48f_t15,43,msp,cal,Fuzzers,1020,0.10980392156862745,0.338368580060423
48f_t15,43,msp,cal,Generic,377,0.042440318302387266,0.04833836858006042
48f_t15,43,msp,cal,Normal,1165,0.013733905579399141,0.04833836858006042
48f_t15,43,msp,cal,Reconnaissance,477,0.06708595387840671,0.09667673716012085
48f_t15,43,msp,test,Analysis,438,0.1050228310502283,0.009741634900465904
48f_t15,43,msp,test,Backdoor,345,0.0782608695652174,0.005717916137229987
48f_t15,43,msp,test,DoS,1694,0.1192443919716647,0.04277848369335027
48f_t15,43,msp,test,Exploits,7590,0.07509881422924901,0.1207115628970775
48f_t15,43,msp,test,Fuzzers,4810,0.1158004158004158,0.11795849216433714
48f_t15,43,msp,test,Generic,3418,0.0465184318314804,0.033672172808132145
48f_t15,43,msp,test,Normal,33832,0.08811184677228659,0.6313002964845404
48f_t15,43,msp,test,Reconnaissance,2469,0.07290400972053462,0.03811944091486658
48f_t15,43,entropy,thr,Analysis,66,0.7272727272727273,0.16216216216216217
48f_t15,43,entropy,thr,Backdoor,145,0.6758620689655173,0.3310810810810811
48f_t15,43,entropy,thr,DoS,163,0.1656441717791411,0.09121621621621621
48f_t15,43,entropy,thr,Exploits,776,0.04381443298969072,0.11486486486486487
48f_t15,43,entropy,thr,Fuzzers,581,0.05679862306368331,0.11148648648648649
48f_t15,43,entropy,thr,Normal,3962,0.00933871781928319,0.125
48f_t15,43,entropy,thr,Reconnaissance,307,0.06188925081433225,0.06418918918918919
48f_t15,43,entropy,cal,Analysis,89,0.6179775280898876,0.1455026455026455
48f_t15,43,entropy,cal,Backdoor,174,0.6091954022988506,0.2804232804232804
48f_t15,43,entropy,cal,DoS,224,0.10267857142857142,0.06084656084656084
48f_t15,43,entropy,cal,Exploits,1274,0.03610675039246468,0.12169312169312169
48f_t15,43,entropy,cal,Fuzzers,1020,0.060784313725490195,0.164021164021164
48f_t15,43,entropy,cal,Generic,377,0.0610079575596817,0.06084656084656084
48f_t15,43,entropy,cal,Normal,1165,0.005150214592274678,0.015873015873015872
48f_t15,43,entropy,cal,Reconnaissance,477,0.11949685534591195,0.15079365079365079
48f_t15,43,entropy,test,Analysis,438,0.3789954337899543,0.07217391304347825
48f_t15,43,entropy,test,Backdoor,345,0.28695652173913044,0.043043478260869565
48f_t15,43,entropy,test,DoS,1694,0.1770956316410862,0.13043478260869565
48f_t15,43,entropy,test,Exploits,7590,0.05164690382081687,0.17043478260869566
48f_t15,43,entropy,test,Fuzzers,4810,0.08690228690228691,0.1817391304347826
48f_t15,43,entropy,test,Generic,3418,0.02984201287302516,0.04434782608695652
48f_t15,43,entropy,test,Normal,33832,0.017468668716008513,0.2569565217391304
48f_t15,43,entropy,test,Reconnaissance,2469,0.09396516808424463,0.10086956521739131
48f_t15,43,margin,thr,Analysis,66,0.030303030303030304,0.006666666666666667
48f_t15,43,margin,thr,Backdoor,145,0.034482758620689655,0.016666666666666666
48f_t15,43,margin,thr,DoS,163,0.12269938650306748,0.06666666666666667
48f_t15,43,margin,thr,Exploits,776,0.07345360824742268,0.19
48f_t15,43,margin,thr,Fuzzers,581,0.12564543889845095,0.24333333333333335
48f_t15,43,margin,thr,Normal,3962,0.02978293791014639,0.3933333333333333
48f_t15,43,margin,thr,Reconnaissance,307,0.08143322475570032,0.08333333333333333
48f_t15,43,margin,cal,Analysis,89,0.056179775280898875,0.01529051987767584
48f_t15,43,margin,cal,Backdoor,174,0.034482758620689655,0.01834862385321101
48f_t15,43,margin,cal,DoS,224,0.13392857142857142,0.09174311926605505
48f_t15,43,margin,cal,Exploits,1274,0.07142857142857142,0.2782874617737003
48f_t15,43,margin,cal,Fuzzers,1020,0.12254901960784313,0.382262996941896
48f_t15,43,margin,cal,Generic,377,0.04509283819628647,0.05198776758409786
48f_t15,43,margin,cal,Normal,1165,0.01888412017167382,0.0672782874617737
48f_t15,43,margin,cal,Reconnaissance,477,0.0649895178197065,0.09480122324159021
48f_t15,43,margin,test,Analysis,438,0.06164383561643835,0.005130153904617138
48f_t15,43,margin,test,Backdoor,345,0.03768115942028986,0.002470074102223067
48f_t15,43,margin,test,DoS,1694,0.10802833530106257,0.034771043131293936
48f_t15,43,margin,test,Exploits,7590,0.07338603425559947,0.10583317499524986
48f_t15,43,margin,test,Fuzzers,4810,0.1291060291060291,0.11799353980619419
48f_t15,43,margin,test,Generic,3418,0.03218256290228204,0.020900627018810566
48f_t15,43,margin,test,Normal,33832,0.10617167179002128,0.6825004750142504
48f_t15,43,margin,test,Reconnaissance,2469,0.06480356419603078,0.03040091202736082
48f_t15,43,conformal,thr,Analysis,66,0.0,0.0
48f_t15,43,conformal,thr,Backdoor,145,0.006896551724137931,0.003367003367003367
48f_t15,43,conformal,thr,DoS,163,0.012269938650306749,0.006734006734006734
48f_t15,43,conformal,thr,Exploits,776,0.007731958762886598,0.020202020202020204
48f_t15,43,conformal,thr,Fuzzers,581,0.055077452667814115,0.10774410774410774
48f_t15,43,conformal,thr,Normal,3962,0.06436143361938415,0.8585858585858586
48f_t15,43,conformal,thr,Reconnaissance,307,0.003257328990228013,0.003367003367003367
48f_t15,43,conformal,cal,Analysis,89,0.011235955056179775,0.007246376811594203
48f_t15,43,conformal,cal,Backdoor,174,0.005747126436781609,0.007246376811594203
48f_t15,43,conformal,cal,DoS,224,0.017857142857142856,0.028985507246376812
48f_t15,43,conformal,cal,Exploits,1274,0.011773940345368918,0.10869565217391304
48f_t15,43,conformal,cal,Fuzzers,1020,0.05784313725490196,0.427536231884058
48f_t15,43,conformal,cal,Generic,377,0.002652519893899204,0.007246376811594203
48f_t15,43,conformal,cal,Normal,1165,0.048068669527897,0.4057971014492754
48f_t15,43,conformal,cal,Reconnaissance,477,0.0020964360587002098,0.007246376811594203
48f_t15,43,conformal,test,Analysis,438,0.0,0.0
48f_t15,43,conformal,test,Backdoor,345,0.002898550724637681,0.00016761649346295676
48f_t15,43,conformal,test,DoS,1694,0.02066115702479339,0.005866577271203486
48f_t15,43,conformal,test,Exploits,7590,0.012779973649538867,0.016258799865906805
48f_t15,43,conformal,test,Fuzzers,4810,0.06860706860706861,0.05531344284277573
48f_t15,43,conformal,test,Generic,3418,0.0038033937975424223,0.002179014415018438
48f_t15,43,conformal,test,Normal,33832,0.16171080633719556,0.9170298357358364
48f_t15,43,conformal,test,Reconnaissance,2469,0.007695423248278655,0.0031847133757961785
48f_t15,43,iforest,thr,Analysis,66,0.015151515151515152,0.0033333333333333335
48f_t15,43,iforest,thr,Backdoor,145,0.0,0.0
48f_t15,43,iforest,thr,DoS,163,0.09202453987730061,0.05
48f_t15,43,iforest,thr,Exploits,776,0.11855670103092783,0.30666666666666664
48f_t15,43,iforest,thr,Fuzzers,581,0.08950086058519793,0.17333333333333334
48f_t15,43,iforest,thr,Normal,3962,0.0353356890459364,0.4666666666666667
48f_t15,43,iforest,thr,Reconnaissance,307,0.0,0.0
48f_t15,43,iforest,cal,Analysis,89,0.011235955056179775,0.0030303030303030303
48f_t15,43,iforest,cal,Backdoor,174,0.0,0.0
48f_t15,43,iforest,cal,DoS,224,0.08035714285714286,0.05454545454545454
48f_t15,43,iforest,cal,Exploits,1274,0.12323390894819466,0.47575757575757577
48f_t15,43,iforest,cal,Fuzzers,1020,0.09411764705882353,0.2909090909090909
48f_t15,43,iforest,cal,Generic,377,0.015915119363395226,0.01818181818181818
48f_t15,43,iforest,cal,Normal,1165,0.04463519313304721,0.15757575757575756
48f_t15,43,iforest,cal,Reconnaissance,477,0.0,0.0
48f_t15,43,iforest,test,Analysis,438,0.0,0.0
48f_t15,43,iforest,test,Backdoor,345,0.0,0.0
48f_t15,43,iforest,test,DoS,1694,0.08500590318772137,0.05517241379310345
48f_t15,43,iforest,test,Exploits,7590,0.11752305665349144,0.3417624521072797
48f_t15,43,iforest,test,Fuzzers,4810,0.06382536382536383,0.11762452107279693
48f_t15,43,iforest,test,Generic,3418,0.017846693973083673,0.023371647509578545
48f_t15,43,iforest,test,Normal,33832,0.03558760936391582,0.46130268199233715
48f_t15,43,iforest,test,Reconnaissance,2469,0.0008100445524503848,0.0007662835249042146
48f_t15,43,iforest+msp:mean,thr,Analysis,66,0.22727272727272727,0.053763440860215055
48f_t15,43,iforest+msp:mean,thr,Backdoor,145,0.2482758620689655,0.12903225806451613
48f_t15,43,iforest+msp:mean,thr,DoS,163,0.18404907975460122,0.10752688172043011
48f_t15,43,iforest+msp:mean,thr,Exploits,776,0.04381443298969072,0.12186379928315412
48f_t15,43,iforest+msp:mean,thr,Fuzzers,581,0.09294320137693632,0.1935483870967742
48f_t15,43,iforest+msp:mean,thr,Normal,3962,0.025996971226653204,0.36917562724014336
48f_t15,43,iforest+msp:mean,thr,Reconnaissance,307,0.02280130293159609,0.025089605734767026
48f_t15,43,iforest+msp:mean,cal,Analysis,89,0.2247191011235955,0.060790273556231005
48f_t15,43,iforest+msp:mean,cal,Backdoor,174,0.28160919540229884,0.14893617021276595
48f_t15,43,iforest+msp:mean,cal,DoS,224,0.14285714285714285,0.0972644376899696
48f_t15,43,iforest+msp:mean,cal,Exploits,1274,0.04395604395604396,0.1702127659574468
48f_t15,43,iforest+msp:mean,cal,Fuzzers,1020,0.08235294117647059,0.2553191489361702
48f_t15,43,iforest+msp:mean,cal,Generic,377,0.0636604774535809,0.0729483282674772
48f_t15,43,iforest+msp:mean,cal,Normal,1165,0.034334763948497854,0.12158054711246201
48f_t15,43,iforest+msp:mean,cal,Reconnaissance,477,0.050314465408805034,0.0729483282674772
48f_t15,43,iforest+msp:mean,test,Analysis,438,0.1735159817351598,0.025912035458574838
48f_t15,43,iforest+msp:mean,test,Backdoor,345,0.15072463768115943,0.017729287419024888
48f_t15,43,iforest+msp:mean,test,DoS,1694,0.1511216056670602,0.08728264575519945
48f_t15,43,iforest+msp:mean,test,Exploits,7590,0.05164690382081687,0.13365155131264916
48f_t15,43,iforest+msp:mean,test,Fuzzers,4810,0.11746361746361747,0.19263552676440504
48f_t15,43,iforest+msp:mean,test,Generic,3418,0.058806319485078994,0.06853051483123082
48f_t15,43,iforest+msp:mean,test,Normal,33832,0.03866162213289193,0.4459597681554722
48f_t15,43,iforest+msp:mean,test,Reconnaissance,2469,0.033616848926690965,0.028298670303443574
48f_t15,43,iforest+msp:max,thr,Analysis,66,0.045454545454545456,0.010033444816053512
48f_t15,43,iforest+msp:max,thr,Backdoor,145,0.041379310344827586,0.020066889632107024
48f_t15,43,iforest+msp:max,thr,DoS,163,0.147239263803681,0.0802675585284281
48f_t15,43,iforest+msp:max,thr,Exploits,776,0.09020618556701031,0.23411371237458195
48f_t15,43,iforest+msp:max,thr,Fuzzers,581,0.0981067125645439,0.19063545150501673
48f_t15,43,iforest+msp:max,thr,Normal,3962,0.03255931347804139,0.431438127090301
48f_t15,43,iforest+msp:max,thr,Reconnaissance,307,0.03257328990228013,0.033444816053511704
48f_t15,43,iforest+msp:max,cal,Analysis,89,0.0898876404494382,0.022792022792022793
48f_t15,43,iforest+msp:max,cal,Backdoor,174,0.04597701149425287,0.022792022792022793
48f_t15,43,iforest+msp:max,cal,DoS,224,0.10714285714285714,0.06837606837606838
48f_t15,43,iforest+msp:max,cal,Exploits,1274,0.10361067503924647,0.37606837606837606
48f_t15,43,iforest+msp:max,cal,Fuzzers,1020,0.10392156862745099,0.301994301994302
48f_t15,43,iforest+msp:max,cal,Generic,377,0.03978779840848806,0.042735042735042736
48f_t15,43,iforest+msp:max,cal,Normal,1165,0.034334763948497854,0.11396011396011396
48f_t15,43,iforest+msp:max,cal,Reconnaissance,477,0.03773584905660377,0.05128205128205128
48f_t15,43,iforest+msp:max,test,Analysis,438,0.0639269406392694,0.007280291211648466
48f_t15,43,iforest+msp:max,test,Backdoor,345,0.04057971014492753,0.003640145605824233
48f_t15,43,iforest+msp:max,test,DoS,1694,0.12278630460448642,0.05408216328653146
48f_t15,43,iforest+msp:max,test,Exploits,7590,0.09354413702239789,0.18460738429537182
48f_t15,43,iforest+msp:max,test,Fuzzers,4810,0.10020790020790021,0.12532501300052
48f_t15,43,iforest+msp:max,test,Generic,3418,0.03540081919251024,0.031461258450338016
48f_t15,43,iforest+msp:max,test,Normal,33832,0.06437692125798061,0.5663026521060842
48f_t15,43,iforest+msp:max,test,Reconnaissance,2469,0.0425273390036452,0.027301092043681748
48f_t15,43,iforest+entropy:mean,thr,Analysis,66,0.19696969696969696,0.05416666666666667
48f_t15,43,iforest+entropy:mean,thr,Backdoor,145,0.2482758620689655,0.15
48f_t15,43,iforest+entropy:mean,thr,DoS,163,0.147239263803681,0.1
48f_t15,43,iforest+entropy:mean,thr,Exploits,776,0.030927835051546393,0.1
48f_t15,43,iforest+entropy:mean,thr,Fuzzers,581,0.0774526678141136,0.1875
48f_t15,43,iforest+entropy:mean,thr,Normal,3962,0.022968197879858657,0.37916666666666665
48f_t15,43,iforest+entropy:mean,thr,Reconnaissance,307,0.02280130293159609,0.029166666666666667
48f_t15,43,iforest+entropy:mean,cal,Analysis,89,0.21348314606741572,0.06909090909090909
48f_t15,43,iforest+entropy:mean,cal,Backdoor,174,0.28160919540229884,0.1781818181818182
48f_t15,43,iforest+entropy:mean,cal,DoS,224,0.08482142857142858,0.06909090909090909
48f_t15,43,iforest+entropy:mean,cal,Exploits,1274,0.036891679748822605,0.1709090909090909
48f_t15,43,iforest+entropy:mean,cal,Fuzzers,1020,0.06764705882352941,0.2509090909090909
48f_t15,43,iforest+entropy:mean,cal,Generic,377,0.0610079575596817,0.08363636363636363
48f_t15,43,iforest+entropy:mean,cal,Normal,1165,0.02145922746781116,0.09090909090909091
48f_t15,43,iforest+entropy:mean,cal,Reconnaissance,477,0.050314465408805034,0.08727272727272728
48f_t15,43,iforest+entropy:mean,test,Analysis,438,0.1598173515981735,0.03113879003558719
48f_t15,43,iforest+entropy:mean,test,Backdoor,345,0.13043478260869565,0.02001779359430605
48f_t15,43,iforest+entropy:mean,test,DoS,1694,0.11688311688311688,0.08807829181494661
48f_t15,43,iforest+entropy:mean,test,Exploits,7590,0.041501976284584984,0.14012455516014236
48f_t15,43,iforest+entropy:mean,test,Fuzzers,4810,0.09438669438669439,0.20195729537366547
48f_t15,43,iforest+entropy:mean,test,Generic,3418,0.0465184318314804,0.07072953736654804
48f_t15,43,iforest+entropy:mean,test,Normal,33832,0.027518325845353513,0.4141459074733096
48f_t15,43,iforest+entropy:mean,test,Reconnaissance,2469,0.03078169299311462,0.033807829181494664
48f_t15,43,iforest+entropy:max,thr,Analysis,66,0.25757575757575757,0.05782312925170068
48f_t15,43,iforest+entropy:max,thr,Backdoor,145,0.296551724137931,0.14625850340136054
48f_t15,43,iforest+entropy:max,thr,DoS,163,0.11042944785276074,0.061224489795918366
48f_t15,43,iforest+entropy:max,thr,Exploits,776,0.06829896907216494,0.18027210884353742
48f_t15,43,iforest+entropy:max,thr,Fuzzers,581,0.08089500860585198,0.1598639455782313
48f_t15,43,iforest+entropy:max,thr,Normal,3962,0.02700656234225139,0.36394557823129253
48f_t15,43,iforest+entropy:max,thr,Reconnaissance,307,0.029315960912052116,0.030612244897959183
48f_t15,43,iforest+entropy:max,cal,Analysis,89,0.2696629213483146,0.06976744186046512
48f_t15,43,iforest+entropy:max,cal,Backdoor,174,0.20114942528735633,0.10174418604651163
48f_t15,43,iforest+entropy:max,cal,DoS,224,0.09375,0.061046511627906974
48f_t15,43,iforest+entropy:max,cal,Exploits,1274,0.07378335949764521,0.27325581395348836
48f_t15,43,iforest+entropy:max,cal,Fuzzers,1020,0.08627450980392157,0.2558139534883721
48f_t15,43,iforest+entropy:max,cal,Generic,377,0.034482758620689655,0.0377906976744186
48f_t15,43,iforest+entropy:max,cal,Normal,1165,0.03862660944206009,0.1308139534883721
48f_t15,43,iforest+entropy:max,cal,Reconnaissance,477,0.050314465408805034,0.06976744186046512
48f_t15,43,iforest+entropy:max,test,Analysis,438,0.1506849315068493,0.02442635085122132
48f_t15,43,iforest+entropy:max,test,Backdoor,345,0.13333333333333333,0.017024426350851222
48f_t15,43,iforest+entropy:max,test,DoS,1694,0.14285714285714285,0.08956328645447817
48f_t15,43,iforest+entropy:max,test,Exploits,7590,0.07536231884057971,0.21169504071058476
48f_t15,43,iforest+entropy:max,test,Fuzzers,4810,0.08212058212058213,0.1461880088823094
48f_t15,43,iforest+entropy:max,test,Generic,3418,0.032767700409596257,0.04145077720207254
48f_t15,43,iforest+entropy:max,test,Normal,33832,0.033636793568219435,0.42116950407105846
48f_t15,43,iforest+entropy:max,test,Reconnaissance,2469,0.0530579181855002,0.04848260547742413
48f_t15,43,iforest+margin:mean,thr,Analysis,66,0.06060606060606061,0.015267175572519083
48f_t15,43,iforest+margin:mean,thr,Backdoor,145,0.034482758620689655,0.019083969465648856
48f_t15,43,iforest+margin:mean,thr,DoS,163,0.1656441717791411,0.10305343511450382
48f_t15,43,iforest+margin:mean,thr,Exploits,776,0.041237113402061855,0.12213740458015267
48f_t15,43,iforest+margin:mean,thr,Fuzzers,581,0.11187607573149742,0.2480916030534351
48f_t15,43,iforest+margin:mean,thr,Normal,3962,0.03230691569914185,0.48854961832061067
48f_t15,43,iforest+margin:mean,thr,Reconnaissance,307,0.003257328990228013,0.003816793893129771
48f_t15,43,iforest+margin:mean,cal,Analysis,89,0.056179775280898875,0.01838235294117647
48f_t15,43,iforest+margin:mean,cal,Backdoor,174,0.05747126436781609,0.03676470588235294
48f_t15,43,iforest+margin:mean,cal,DoS,224,0.13839285714285715,0.11397058823529412
48f_t15,43,iforest+margin:mean,cal,Exploits,1274,0.04709576138147567,0.22058823529411764
48f_t15,43,iforest+margin:mean,cal,Fuzzers,1020,0.08627450980392157,0.3235294117647059
48f_t15,43,iforest+margin:mean,cal,Generic,377,0.05570291777188329,0.07720588235294118
48f_t15,43,iforest+margin:mean,cal,Normal,1165,0.04034334763948498,0.17279411764705882
48f_t15,43,iforest+margin:mean,cal,Reconnaissance,477,0.020964360587002098,0.03676470588235294
48f_t15,43,iforest+margin:mean,test,Analysis,438,0.02054794520547945,0.003032345013477089
48f_t15,43,iforest+margin:mean,test,Backdoor,345,0.057971014492753624,0.006738544474393531
48f_t15,43,iforest+margin:mean,test,DoS,1694,0.11511216056670602,0.06570080862533692
48f_t15,43,iforest+margin:mean,test,Exploits,7590,0.0453227931488801,0.11590296495956873
48f_t15,43,iforest+margin:mean,test,Fuzzers,4810,0.11330561330561331,0.18362533692722371
48f_t15,43,iforest+margin:mean,test,Generic,3418,0.05968402574605032,0.06873315363881402
48f_t15,43,iforest+margin:mean,test,Normal,33832,0.04800189170016552,0.5471698113207547
48f_t15,43,iforest+margin:mean,test,Reconnaissance,2469,0.010935601458080195,0.009097035040431268
48f_t15,43,iforest+margin:max,thr,Analysis,66,0.030303030303030304,0.006666666666666667
48f_t15,43,iforest+margin:max,thr,Backdoor,145,0.013793103448275862,0.006666666666666667
48f_t15,43,iforest+margin:max,thr,DoS,163,0.13496932515337423,0.07333333333333333
48f_t15,43,iforest+margin:max,thr,Exploits,776,0.07860824742268041,0.20333333333333334
48f_t15,43,iforest+margin:max,thr,Fuzzers,581,0.11876075731497418,0.23
48f_t15,43,iforest+margin:max,thr,Normal,3962,0.03382130237253912,0.44666666666666666
48f_t15,43,iforest+margin:max,thr,Reconnaissance,307,0.03257328990228013,0.03333333333333333
48f_t15,43,iforest+margin:max,cal,Analysis,89,0.056179775280898875,0.014367816091954023
48f_t15,43,iforest+margin:max,cal,Backdoor,174,0.017241379310344827,0.008620689655172414
48f_t15,43,iforest+margin:max,cal,DoS,224,0.11160714285714286,0.07183908045977011
48f_t15,43,iforest+margin:max,cal,Exploits,1274,0.09654631083202511,0.35344827586206895
48f_t15,43,iforest+margin:max,cal,Fuzzers,1020,0.11078431372549019,0.32471264367816094
48f_t15,43,iforest+margin:max,cal,Generic,377,0.026525198938992044,0.028735632183908046
48f_t15,43,iforest+margin:max,cal,Normal,1165,0.04463519313304721,0.14942528735632185
48f_t15,43,iforest+margin:max,cal,Reconnaissance,477,0.03563941299790356,0.04885057471264368
48f_t15,43,iforest+margin:max,test,Analysis,438,0.03424657534246575,0.0035587188612099642
48f_t15,43,iforest+margin:max,test,Backdoor,345,0.017391304347826087,0.0014234875444839859
48f_t15,43,iforest+margin:max,test,DoS,1694,0.10920897284533648,0.04389086595492289
48f_t15,43,iforest+margin:max,test,Exploits,7590,0.09077733860342556,0.1634638196915777
48f_t15,43,iforest+margin:max,test,Fuzzers,4810,0.0945945945945946,0.10794780545670225
48f_t15,43,iforest+margin:max,test,Generic,3418,0.026916325336454067,0.021826809015421115
48f_t15,43,iforest+margin:max,test,Normal,33832,0.07912627098604871,0.6351126927639383
48f_t15,43,iforest+margin:max,test,Reconnaissance,2469,0.038882138517618466,0.022775800711743774
48f_t15,43,iforest+conformal:mean,thr,Analysis,66,0.015151515151515152,0.0033333333333333335
48f_t15,43,iforest+conformal:mean,thr,Backdoor,145,0.013793103448275862,0.006666666666666667
48f_t15,43,iforest+conformal:mean,thr,DoS,163,0.0736196319018405,0.04
48f_t15,43,iforest+conformal:mean,thr,Exploits,776,0.023195876288659795,0.06
48f_t15,43,iforest+conformal:mean,thr,Fuzzers,581,0.05163511187607573,0.1
48f_t15,43,iforest+conformal:mean,thr,Normal,3962,0.059818273599192326,0.79
48f_t15,43,iforest+conformal:mean,thr,Reconnaissance,307,0.0,0.0
48f_t15,43,iforest+conformal:mean,cal,Analysis,89,0.0,0.0
48f_t15,43,iforest+conformal:mean,cal,Backdoor,174,0.011494252873563218,0.00975609756097561
48f_t15,43,iforest+conformal:mean,cal,DoS,224,0.0625,0.06829268292682927
48f_t15,43,iforest+conformal:mean,cal,Exploits,1274,0.02119309262166405,0.13170731707317074
48f_t15,43,iforest+conformal:mean,cal,Fuzzers,1020,0.04411764705882353,0.21951219512195122
48f_t15,43,iforest+conformal:mean,cal,Generic,377,0.04509283819628647,0.08292682926829269
48f_t15,43,iforest+conformal:mean,cal,Normal,1165,0.08412017167381974,0.47804878048780486
48f_t15,43,iforest+conformal:mean,cal,Reconnaissance,477,0.0041928721174004195,0.00975609756097561
48f_t15,43,iforest+conformal:mean,test,Analysis,438,0.0,0.0
48f_t15,43,iforest+conformal:mean,test,Backdoor,345,0.005797101449275362,0.0003614675582866438
48f_t15,43,iforest+conformal:mean,test,DoS,1694,0.04014167650531287,0.012289896981745888
48f_t15,43,iforest+conformal:mean,test,Exploits,7590,0.027009222661396576,0.037050424724380984
48f_t15,43,iforest+conformal:mean,test,Fuzzers,4810,0.060291060291060294,0.05241279595156335
48f_t15,43,iforest+conformal:mean,test,Generic,3418,0.06231714452896431,0.038496294957527565
48f_t15,43,iforest+conformal:mean,test,Normal,33832,0.1404291794750532,0.8586661847099223
48f_t15,43,iforest+conformal:mean,test,Reconnaissance,2469,0.0016200891049007696,0.0007229351165732876
48f_t15,43,iforest+conformal:max,thr,Analysis,66,0.015151515151515152,0.0033444816053511705
48f_t15,43,iforest+conformal:max,thr,Backdoor,145,0.006896551724137931,0.0033444816053511705
48f_t15,43,iforest+conformal:max,thr,DoS,163,0.049079754601226995,0.026755852842809364
48f_t15,43,iforest+conformal:max,thr,Exploits,776,0.045103092783505154,0.11705685618729098
48f_t15,43,iforest+conformal:max,thr,Fuzzers,581,0.04991394148020654,0.09698996655518395
48f_t15,43,iforest+conformal:max,thr,Normal,3962,0.05653710247349823,0.7491638795986622
48f_t15,43,iforest+conformal:max,thr,Reconnaissance,307,0.003257328990228013,0.0033444816053511705
48f_t15,43,iforest+conformal:max,cal,Analysis,89,0.02247191011235955,0.010256410256410256
48f_t15,43,iforest+conformal:max,cal,Backdoor,174,0.005747126436781609,0.005128205128205128
48f_t15,43,iforest+conformal:max,cal,DoS,224,0.05357142857142857,0.06153846153846154
48f_t15,43,iforest+conformal:max,cal,Exploits,1274,0.04709576138147567,0.3076923076923077
48f_t15,43,iforest+conformal:max,cal,Fuzzers,1020,0.045098039215686274,0.2358974358974359
48f_t15,43,iforest+conformal:max,cal,Generic,377,0.010610079575596816,0.020512820512820513
48f_t15,43,iforest+conformal:max,cal,Normal,1165,0.0592274678111588,0.35384615384615387
48f_t15,43,iforest+conformal:max,cal,Reconnaissance,477,0.0020964360587002098,0.005128205128205128
48f_t15,43,iforest+conformal:max,test,Analysis,438,0.0,0.0
48f_t15,43,iforest+conformal:max,test,Backdoor,345,0.002898550724637681,0.0001682085786375105
48f_t15,43,iforest+conformal:max,test,DoS,1694,0.050177095631641085,0.014297729184188394
48f_t15,43,iforest+conformal:max,test,Exploits,7590,0.040974967061923585,0.05231286795626577
48f_t15,43,iforest+conformal:max,test,Fuzzers,4810,0.06424116424116424,0.05197645079899075
48f_t15,43,iforest+conformal:max,test,Generic,3418,0.007314218841427736,0.004205214465937763
48f_t15,43,iforest+conformal:max,test,Normal,33832,0.15370063844880585,0.8746846089150546
48f_t15,43,iforest+conformal:max,test,Reconnaissance,2469,0.005670311867152693,0.002354920100925147
48f_t15,44,msp,thr,Analysis,123,0.04065040650406504,0.018518518518518517
48f_t15,44,msp,thr,Backdoor,107,0.102803738317757,0.040740740740740744
48f_t15,44,msp,thr,DoS,183,0.15300546448087432,0.1037037037037037
48f_t15,44,msp,thr,Exploits,1113,0.07457322551662174,0.3074074074074074
48f_t15,44,msp,thr,Fuzzers,876,0.08105022831050228,0.26296296296296295
48f_t15,44,msp,thr,Generic,118,0.03389830508474576,0.014814814814814815
48f_t15,44,msp,thr,Normal,2406,0.018703241895261846,0.16666666666666666
48f_t15,44,msp,thr,Reconnaissance,474,0.04852320675105485,0.08518518518518518
48f_t15,44,msp,cal,Analysis,30,0.3333333333333333,0.13157894736842105
48f_t15,44,msp,cal,Backdoor,23,0.043478260869565216,0.013157894736842105
48f_t15,44,msp,cal,DoS,39,0.1282051282051282,0.06578947368421052
48f_t15,44,msp,cal,Exploits,314,0.054140127388535034,0.2236842105263158
48f_t15,44,msp,cal,Fuzzers,214,0.09813084112149532,0.27631578947368424
48f_t15,44,msp,cal,Generic,256,0.015625,0.05263157894736842
48f_t15,44,msp,cal,Normal,4011,0.002243829468960359,0.11842105263157894
48f_t15,44,msp,cal,Reconnaissance,113,0.07964601769911504,0.11842105263157894
48f_t15,44,msp,test,Analysis,438,0.1095890410958904,0.013389121338912133
48f_t15,44,msp,test,Backdoor,345,0.10434782608695652,0.0100418410041841
48f_t15,44,msp,test,DoS,1694,0.1192443919716647,0.05634588563458856
48f_t15,44,msp,test,Exploits,7590,0.06679841897233202,0.1414225941422594
48f_t15,44,msp,test,Fuzzers,4810,0.09022869022869023,0.12105997210599721
48f_t15,44,msp,test,Generic,3418,0.038033937975424224,0.03626220362622036
48f_t15,44,msp,test,Normal,33832,0.06106644596831402,0.5762900976290097
48f_t15,44,msp,test,Reconnaissance,2469,0.06561360874848117,0.045188284518828455
48f_t15,44,entropy,thr,Analysis,123,0.35772357723577236,0.16923076923076924
48f_t15,44,entropy,thr,Backdoor,107,0.3644859813084112,0.15
48f_t15,44,entropy,thr,DoS,183,0.11475409836065574,0.08076923076923077
48f_t15,44,entropy,thr,Exploits,1113,0.034141958670260555,0.14615384615384616
48f_t15,44,entropy,thr,Fuzzers,876,0.07077625570776255,0.23846153846153847
48f_t15,44,entropy,thr,Generic,118,0.01694915254237288,0.007692307692307693
48f_t15,44,entropy,thr,Normal,2406,0.00457190357439734,0.04230769230769231
48f_t15,44,entropy,thr,Reconnaissance,474,0.09071729957805907,0.16538461538461538
48f_t15,44,entropy,cal,Analysis,30,0.26666666666666666,0.1
48f_t15,44,entropy,cal,Backdoor,23,0.34782608695652173,0.1
48f_t15,44,entropy,cal,DoS,39,0.20512820512820512,0.1
48f_t15,44,entropy,cal,Exploits,314,0.044585987261146494,0.175
48f_t15,44,entropy,cal,Fuzzers,214,0.09813084112149532,0.2625
48f_t15,44,entropy,cal,Generic,256,0.03515625,0.1125
48f_t15,44,entropy,cal,Normal,4011,0.0007479431563201197,0.0375
48f_t15,44,entropy,cal,Reconnaissance,113,0.07964601769911504,0.1125
48f_t15,44,entropy,test,Analysis,438,0.18036529680365296,0.04590354445090064
48f_t15,44,entropy,test,Backdoor,345,0.19420289855072465,0.0389308541545613
48f_t15,44,entropy,test,DoS,1694,0.10979929161747344,0.10807669959325973
48f_t15,44,entropy,test,Exploits,7590,0.036495388669301715,0.1609529343404997
48f_t15,44,entropy,test,Fuzzers,4810,0.06382536382536383,0.17838466008134804
48f_t15,44,entropy,test,Generic,3418,0.02633118782913985,0.05229517722254503
48f_t15,44,entropy,test,Normal,33832,0.01726176401040435,0.33933759442184774
48f_t15,44,entropy,test,Reconnaissance,2469,0.0530579181855002,0.07611853573503777
48f_t15,44,margin,thr,Analysis,123,0.016260162601626018,0.007407407407407408
48f_t15,44,margin,thr,Backdoor,107,0.009345794392523364,0.003703703703703704
48f_t15,44,margin,thr,DoS,183,0.14754098360655737,0.1
48f_t15,44,margin,thr,Exploits,1113,0.07097933513027853,0.29259259259259257
48f_t15,44,margin,thr,Fuzzers,876,0.09931506849315068,0.32222222222222224
48f_t15,44,margin,thr,Generic,118,0.00847457627118644,0.003703703703703704
48f_t15,44,margin,thr,Normal,2406,0.023275145469659187,0.2074074074074074
48f_t15,44,margin,thr,Reconnaissance,474,0.035864978902953586,0.06296296296296296
48f_t15,44,margin,cal,Analysis,30,0.16666666666666666,0.078125
48f_t15,44,margin,cal,Backdoor,23,0.043478260869565216,0.015625
48f_t15,44,margin,cal,DoS,39,0.15384615384615385,0.09375
48f_t15,44,margin,cal,Exploits,314,0.050955414012738856,0.25
48f_t15,44,margin,cal,Fuzzers,214,0.07476635514018691,0.25
48f_t15,44,margin,cal,Generic,256,0.01171875,0.046875
48f_t15,44,margin,cal,Normal,4011,0.0024931438544003987,0.15625
48f_t15,44,margin,cal,Reconnaissance,113,0.061946902654867256,0.109375
48f_t15,44,margin,test,Analysis,438,0.0547945205479452,0.0060759493670886075
48f_t15,44,margin,test,Backdoor,345,0.020289855072463767,0.0017721518987341772
48f_t15,44,margin,test,DoS,1694,0.09799291617473435,0.0420253164556962
48f_t15,44,margin,test,Exploits,7590,0.05704874835309618,0.10962025316455697
48f_t15,44,margin,test,Fuzzers,4810,0.09875259875259876,0.12025316455696203
48f_t15,44,margin,test,Generic,3418,0.028086600351082503,0.02430379746835443
48f_t15,44,margin,test,Normal,33832,0.07788484275242374,0.6670886075949367
48f_t15,44,margin,test,Reconnaissance,2469,0.046172539489671933,0.028860759493670885
48f_t15,44,conformal,thr,Analysis,123,0.0,0.0
48f_t15,44,conformal,thr,Backdoor,107,0.0,0.0
48f_t15,44,conformal,thr,DoS,183,0.0,0.0
48f_t15,44,conformal,thr,Exploits,1113,0.0071877807726864335,0.030303030303030304
48f_t15,44,conformal,thr,Fuzzers,876,0.005707762557077625,0.01893939393939394
48f_t15,44,conformal,thr,Generic,118,0.0,0.0
48f_t15,44,conformal,thr,Normal,2406,0.10432252701579385,0.9507575757575758
48f_t15,44,conformal,thr,Reconnaissance,474,0.0,0.0
48f_t15,44,conformal,cal,Analysis,30,0.03333333333333333,0.0017667844522968198
48f_t15,44,conformal,cal,Backdoor,23,0.0,0.0
48f_t15,44,conformal,cal,DoS,39,0.0,0.0
48f_t15,44,conformal,cal,Exploits,314,0.009554140127388535,0.00530035335689046
48f_t15,44,conformal,cal,Fuzzers,214,0.004672897196261682,0.0017667844522968198
48f_t15,44,conformal,cal,Generic,256,0.0,0.0
48f_t15,44,conformal,cal,Normal,4011,0.13986537023186238,0.991166077738516
48f_t15,44,conformal,cal,Reconnaissance,113,0.0,0.0
48f_t15,44,conformal,test,Analysis,438,0.0,0.0
48f_t15,44,conformal,test,Backdoor,345,0.0,0.0
48f_t15,44,conformal,test,DoS,1694,0.0011806375442739079,0.0003266906239790918
48f_t15,44,conformal,test,Exploits,7590,0.0038208168642951254,0.004737014047696831
48f_t15,44,conformal,test,Fuzzers,4810,0.005405405405405406,0.004246978111728194
48f_t15,44,conformal,test,Generic,3418,0.0023405500292568754,0.0013067624959163672
48f_t15,44,conformal,test,Normal,33832,0.1790021281626862,0.98921920940869
48f_t15,44,conformal,test,Reconnaissance,2469,0.0004050222762251924,0.0001633453119895459
48f_t15,44,iforest,thr,Analysis,123,0.0,0.0
48f_t15,44,iforest,thr,Backdoor,107,0.0,0.0
48f_t15,44,iforest,thr,DoS,183,0.06557377049180328,0.044444444444444446
48f_t15,44,iforest,thr,Exploits,1113,0.08355795148247978,0.34444444444444444
48f_t15,44,iforest,thr,Fuzzers,876,0.08789954337899543,0.2851851851851852
48f_t15,44,iforest,thr,Generic,118,0.0,0.0
48f_t15,44,iforest,thr,Normal,2406,0.03657522859517872,0.32592592592592595
48f_t15,44,iforest,thr,Reconnaissance,474,0.0,0.0
48f_t15,44,iforest,cal,Analysis,30,0.0,0.0
48f_t15,44,iforest,cal,Backdoor,23,0.0,0.0
48f_t15,44,iforest,cal,DoS,39,0.05128205128205128,0.010362694300518135
48f_t15,44,iforest,cal,Exploits,314,0.08917197452229299,0.14507772020725387
48f_t15,44,iforest,cal,Fuzzers,214,0.0794392523364486,0.08808290155440414
48f_t15,44,iforest,cal,Generic,256,0.01171875,0.015544041450777202
48f_t15,44,iforest,cal,Normal,4011,0.0356519571179257,0.7409326424870466
48f_t15,44,iforest,cal,Reconnaissance,113,0.0,0.0
48f_t15,44,iforest,test,Analysis,438,0.0,0.0
48f_t15,44,iforest,test,Backdoor,345,0.0,0.0
48f_t15,44,iforest,test,DoS,1694,0.07083825265643448,0.05420054200542006
48f_t15,44,iforest,test,Exploits,7590,0.0911725955204216,0.31255645889792233
48f_t15,44,iforest,test,Fuzzers,4810,0.052182952182952186,0.11336946702800361
48f_t15,44,iforest,test,Generic,3418,0.014043300175541252,0.02168021680216802
48f_t15,44,iforest,test,Normal,33832,0.03257271222511232,0.4977416440831075
48f_t15,44,iforest,test,Reconnaissance,2469,0.0004050222762251924,0.00045167118337850043
48f_t15,44,iforest+msp:mean,thr,Analysis,123,0.056910569105691054,0.026022304832713755
48f_t15,44,iforest+msp:mean,thr,Backdoor,107,0.08411214953271028,0.03345724907063197
48f_t15,44,iforest+msp:mean,thr,DoS,183,0.14754098360655737,0.10037174721189591
48f_t15,44,iforest+msp:mean,thr,Exploits,1113,0.05480682839173405,0.22676579925650558
48f_t15,44,iforest+msp:mean,thr,Fuzzers,876,0.1415525114155251,0.46096654275092935
48f_t15,44,iforest+msp:mean,thr,Generic,118,0.05084745762711865,0.022304832713754646
48f_t15,44,iforest+msp:mean,thr,Normal,2406,0.010806317539484621,0.09665427509293681
48f_t15,44,iforest+msp:mean,thr,Reconnaissance,474,0.0189873417721519,0.03345724907063197
48f_t15,44,iforest+msp:mean,cal,Analysis,30,0.06666666666666667,0.0273972602739726
48f_t15,44,iforest+msp:mean,cal,Backdoor,23,0.043478260869565216,0.0136986301369863
48f_t15,44,iforest+msp:mean,cal,DoS,39,0.05128205128205128,0.0273972602739726
48f_t15,44,iforest+msp:mean,cal,Exploits,314,0.05732484076433121,0.2465753424657534
48f_t15,44,iforest+msp:mean,cal,Fuzzers,214,0.14018691588785046,0.410958904109589
48f_t15,44,iforest+msp:mean,cal,Generic,256,0.046875,0.1643835616438356
48f_t15,44,iforest+msp:mean,cal,Normal,4011,0.0007479431563201197,0.0410958904109589
48f_t15,44,iforest+msp:mean,cal,Reconnaissance,113,0.04424778761061947,0.0684931506849315
48f_t15,44,iforest+msp:mean,test,Analysis,438,0.0228310502283105,0.003424657534246575
48f_t15,44,iforest+msp:mean,test,Backdoor,345,0.04057971014492753,0.004794520547945206
48f_t15,44,iforest+msp:mean,test,DoS,1694,0.10271546635182999,0.05958904109589041
48f_t15,44,iforest+msp:mean,test,Exploits,7590,0.05164690382081687,0.13424657534246576
48f_t15,44,iforest+msp:mean,test,Fuzzers,4810,0.12182952182952184,0.20068493150684932
48f_t15,44,iforest+msp:mean,test,Generic,3418,0.053540081919251026,0.06267123287671234
48f_t15,44,iforest+msp:mean,test,Normal,33832,0.04554859304800189,0.5277397260273973
48f_t15,44,iforest+msp:mean,test,Reconnaissance,2469,0.008100445524503848,0.00684931506849315
48f_t15,44,iforest+msp:max,thr,Analysis,123,0.024390243902439025,0.011857707509881422
48f_t15,44,iforest+msp:max,thr,Backdoor,107,0.102803738317757,0.043478260869565216
48f_t15,44,iforest+msp:max,thr,DoS,183,0.12021857923497267,0.08695652173913043
48f_t15,44,iforest+msp:max,thr,Exploits,1113,0.07637017070979335,0.3359683794466403
48f_t15,44,iforest+msp:max,thr,Fuzzers,876,0.07191780821917808,0.2490118577075099
48f_t15,44,iforest+msp:max,thr,Generic,118,0.01694915254237288,0.007905138339920948
48f_t15,44,iforest+msp:max,thr,Normal,2406,0.020781379883624274,0.1976284584980237
48f_t15,44,iforest+msp:max,thr,Reconnaissance,474,0.035864978902953586,0.06719367588932806
48f_t15,44,iforest+msp:max,cal,Analysis,30,0.3,0.08181818181818182
48f_t15,44,iforest+msp:max,cal,Backdoor,23,0.043478260869565216,0.00909090909090909
48f_t15,44,iforest+msp:max,cal,DoS,39,0.07692307692307693,0.02727272727272727
48f_t15,44,iforest+msp:max,cal,Exploits,314,0.06687898089171974,0.19090909090909092
48f_t15,44,iforest+msp:max,cal,Fuzzers,214,0.07476635514018691,0.14545454545454545
48f_t15,44,iforest+msp:max,cal,Generic,256,0.01953125,0.045454545454545456
48f_t15,44,iforest+msp:max,cal,Normal,4011,0.012216404886561954,0.44545454545454544
48f_t15,44,iforest+msp:max,cal,Reconnaissance,113,0.05309734513274336,0.05454545454545454
48f_t15,44,iforest+msp:max,test,Analysis,438,0.0639269406392694,0.009370816599732263
48f_t15,44,iforest+msp:max,test,Backdoor,345,0.043478260869565216,0.0050200803212851405
48f_t15,44,iforest+msp:max,test,DoS,1694,0.11570247933884298,0.06559571619812583
48f_t15,44,iforest+msp:max,test,Exploits,7590,0.07509881422924901,0.19076305220883535
48f_t15,44,iforest+msp:max,test,Fuzzers,4810,0.07027027027027027,0.11311914323962517
48f_t15,44,iforest+msp:max,test,Generic,3418,0.03627852545348157,0.041499330655957165
48f_t15,44,iforest+msp:max,test,Normal,33832,0.0475880822889572,0.5388219544846051
48f_t15,44,iforest+msp:max,test,Reconnaissance,2469,0.043337383556095586,0.035809906291834004
48f_t15,44,iforest+entropy:mean,thr,Analysis,123,0.04878048780487805,0.022222222222222223
48f_t15,44,iforest+entropy:mean,thr,Backdoor,107,0.08411214953271028,0.03333333333333333
48f_t15,44,iforest+entropy:mean,thr,DoS,183,0.12568306010928962,0.08518518518518518
48f_t15,44,iforest+entropy:mean,thr,Exploits,1113,0.055705300988319856,0.22962962962962963
48f_t15,44,iforest+entropy:mean,thr,Fuzzers,876,0.15182648401826485,0.4925925925925926
48f_t15,44,iforest+entropy:mean,thr,Generic,118,0.059322033898305086,0.025925925925925925
48f_t15,44,iforest+entropy:mean,thr,Normal,2406,0.00831255195344971,0.07407407407407407
48f_t15,44,iforest+entropy:mean,thr,Reconnaissance,474,0.02109704641350211,0.037037037037037035
48f_t15,44,iforest+entropy:mean,cal,Analysis,30,0.1,0.038461538461538464
48f_t15,44,iforest+entropy:mean,cal,Backdoor,23,0.043478260869565216,0.01282051282051282
48f_t15,44,iforest+entropy:mean,cal,DoS,39,0.05128205128205128,0.02564102564102564
48f_t15,44,iforest+entropy:mean,cal,Exploits,314,0.06050955414012739,0.24358974358974358
48f_t15,44,iforest+entropy:mean,cal,Fuzzers,214,0.1542056074766355,0.4230769230769231
48f_t15,44,iforest+entropy:mean,cal,Generic,256,0.046875,0.15384615384615385
48f_t15,44,iforest+entropy:mean,cal,Normal,4011,0.0007479431563201197,0.038461538461538464
48f_t15,44,iforest+entropy:mean,cal,Reconnaissance,113,0.04424778761061947,0.0641025641025641
48f_t15,44,iforest+entropy:mean,test,Analysis,438,0.02511415525114155,0.003728813559322034
48f_t15,44,iforest+entropy:mean,test,Backdoor,345,0.043478260869565216,0.005084745762711864
48f_t15,44,iforest+entropy:mean,test,DoS,1694,0.10743801652892562,0.06169491525423729
48f_t15,44,iforest+entropy:mean,test,Exploits,7590,0.054281949934123844,0.13966101694915253
48f_t15,44,iforest+entropy:mean,test,Fuzzers,4810,0.12806652806652807,0.2088135593220339
48f_t15,44,iforest+entropy:mean,test,Generic,3418,0.054125219426565244,0.06271186440677966
48f_t15,44,iforest+entropy:mean,test,Normal,33832,0.04451406951998108,0.5105084745762711
48f_t15,44,iforest+entropy:mean,test,Reconnaissance,2469,0.009315512353179425,0.007796610169491526
48f_t15,44,iforest+entropy:max,thr,Analysis,123,0.08130081300813008,0.049019607843137254
48f_t15,44,iforest+entropy:max,thr,Backdoor,107,0.14953271028037382,0.0784313725490196
48f_t15,44,iforest+entropy:max,thr,DoS,183,0.09289617486338798,0.08333333333333333
48f_t15,44,iforest+entropy:max,thr,Exploits,1113,0.05211141060197664,0.28431372549019607
48f_t15,44,iforest+entropy:max,thr,Fuzzers,876,0.06164383561643835,0.2647058823529412
48f_t15,44,iforest+entropy:max,thr,Generic,118,0.01694915254237288,0.00980392156862745
48f_t15,44,iforest+entropy:max,thr,Normal,2406,0.012884455527847049,0.15196078431372548
48f_t15,44,iforest+entropy:max,thr,Reconnaissance,474,0.03375527426160337,0.0784313725490196
48f_t15,44,iforest+entropy:max,cal,Analysis,30,0.23333333333333334,0.058333333333333334
48f_t15,44,iforest+entropy:max,cal,Backdoor,23,0.17391304347826086,0.03333333333333333
48f_t15,44,iforest+entropy:max,cal,DoS,39,0.15384615384615385,0.05
48f_t15,44,iforest+entropy:max,cal,Exploits,314,0.07006369426751592,0.18333333333333332
48f_t15,44,iforest+entropy:max,cal,Fuzzers,214,0.0794392523364486,0.14166666666666666
48f_t15,44,iforest+entropy:max,cal,Generic,256,0.03125,0.06666666666666667
48f_t15,44,iforest+entropy:max,cal,Normal,4011,0.012465719272001994,0.4166666666666667
48f_t15,44,iforest+entropy:max,cal,Reconnaissance,113,0.05309734513274336,0.05
48f_t15,44,iforest+entropy:max,test,Analysis,438,0.1141552511415525,0.023408239700374533
48f_t15,44,iforest+entropy:max,test,Backdoor,345,0.17101449275362318,0.02762172284644195
48f_t15,44,iforest+entropy:max,test,DoS,1694,0.12278630460448642,0.09737827715355805
48f_t15,44,iforest+entropy:max,test,Exploits,7590,0.060474308300395255,0.2148876404494382
48f_t15,44,iforest+entropy:max,test,Fuzzers,4810,0.06424116424116424,0.1446629213483146
48f_t15,44,iforest+entropy:max,test,Generic,3418,0.030427150380339378,0.04868913857677903
48f_t15,44,iforest+entropy:max,test,Normal,33832,0.025153700638448805,0.39840823970037453
48f_t15,44,iforest+entropy:max,test,Reconnaissance,2469,0.038882138517618466,0.0449438202247191
48f_t15,44,iforest+margin:mean,thr,Analysis,123,0.008130081300813009,0.00411522633744856
48f_t15,44,iforest+margin:mean,thr,Backdoor,107,0.037383177570093455,0.01646090534979424
48f_t15,44,iforest+margin:mean,thr,DoS,183,0.1366120218579235,0.102880658436214
48f_t15,44,iforest+margin:mean,thr,Exploits,1113,0.053009883198562445,0.24279835390946503
48f_t15,44,iforest+margin:mean,thr,Fuzzers,876,0.1278538812785388,0.4609053497942387
48f_t15,44,iforest+margin:mean,thr,Generic,118,0.05084745762711865,0.024691358024691357
48f_t15,44,iforest+margin:mean,thr,Normal,2406,0.01371571072319202,0.13580246913580246
48f_t15,44,iforest+margin:mean,thr,Reconnaissance,474,0.006329113924050633,0.012345679012345678
48f_t15,44,iforest+margin:mean,cal,Analysis,30,0.06666666666666667,0.03076923076923077
48f_t15,44,iforest+margin:mean,cal,Backdoor,23,0.043478260869565216,0.015384615384615385
48f_t15,44,iforest+margin:mean,cal,DoS,39,0.05128205128205128,0.03076923076923077
48f_t15,44,iforest+margin:mean,cal,Exploits,314,0.054140127388535034,0.26153846153846155
48f_t15,44,iforest+margin:mean,cal,Fuzzers,214,0.1308411214953271,0.4307692307692308
48f_t15,44,iforest+margin:mean,cal,Generic,256,0.0390625,0.15384615384615385
48f_t15,44,iforest+margin:mean,cal,Normal,4011,0.0007479431563201197,0.046153846153846156
48f_t15,44,iforest+margin:mean,cal,Reconnaissance,113,0.017699115044247787,0.03076923076923077
48f_t15,44,iforest+margin:mean,test,Analysis,438,0.0,0.0
48f_t15,44,iforest+margin:mean,test,Backdoor,345,0.020289855072463767,0.0023553162853297443
48f_t15,44,iforest+margin:mean,test,DoS,1694,0.09740259740259741,0.055518169582772545
48f_t15,44,iforest+margin:mean,test,Exploits,7590,0.04953886693017128,0.126514131897712
48f_t15,44,iforest+margin:mean,test,Fuzzers,4810,0.12203742203742204,0.19751009421265142
48f_t15,44,iforest+margin:mean,test,Generic,3418,0.05236980690462258,0.06022880215343203
48f_t15,44,iforest+margin:mean,test,Normal,33832,0.04856349018680539,0.5528263795423957
48f_t15,44,iforest+margin:mean,test,Reconnaissance,2469,0.006075334143377886,0.0050471063257065945
48f_t15,44,iforest+margin:max,thr,Analysis,123,0.016260162601626018,0.00749063670411985
48f_t15,44,iforest+margin:max,thr,Backdoor,107,0.009345794392523364,0.003745318352059925
48f_t15,44,iforest+margin:max,thr,DoS,183,0.1366120218579235,0.09363295880149813
48f_t15,44,iforest+margin:max,thr,Exploits,1113,0.07996406109613657,0.3333333333333333
48f_t15,44,iforest+margin:max,thr,Fuzzers,876,0.0958904109589041,0.3146067415730337
48f_t15,44,iforest+margin:max,thr,Generic,118,0.00847457627118644,0.003745318352059925
48f_t15,44,iforest+margin:max,thr,Normal,2406,0.02119700748129676,0.19101123595505617
48f_t15,44,iforest+margin:max,thr,Reconnaissance,474,0.029535864978902954,0.052434456928838954
48f_t15,44,iforest+margin:max,cal,Analysis,30,0.13333333333333333,0.037383177570093455
48f_t15,44,iforest+margin:max,cal,Backdoor,23,0.043478260869565216,0.009345794392523364
48f_t15,44,iforest+margin:max,cal,DoS,39,0.15384615384615385,0.056074766355140186
48f_t15,44,iforest+margin:max,cal,Exploits,314,0.0732484076433121,0.21495327102803738
48f_t15,44,iforest+margin:max,cal,Fuzzers,214,0.07009345794392523,0.14018691588785046
48f_t15,44,iforest+margin:max,cal,Generic,256,0.01953125,0.04672897196261682
48f_t15,44,iforest+margin:max,cal,Normal,4011,0.011717776115681875,0.4392523364485981
48f_t15,44,iforest+margin:max,cal,Reconnaissance,113,0.05309734513274336,0.056074766355140186
48f_t15,44,iforest+margin:max,test,Analysis,438,0.0410958904109589,0.004965517241379311
48f_t15,44,iforest+margin:max,test,Backdoor,345,0.017391304347826087,0.0016551724137931034
48f_t15,44,iforest+margin:max,test,DoS,1694,0.11747343565525384,0.05489655172413793
48f_t15,44,iforest+margin:max,test,Exploits,7590,0.07470355731225296,0.15641379310344827
48f_t15,44,iforest+margin:max,test,Fuzzers,4810,0.08711018711018712,0.11558620689655172
48f_t15,44,iforest+margin:max,test,Generic,3418,0.027208894090111176,0.025655172413793104
48f_t15,44,iforest+margin:max,test,Normal,33832,0.06582525419720975,0.6143448275862069
48f_t15,44,iforest+margin:max,test,Reconnaissance,2469,0.038882138517618466,0.026482758620689655
48f_t15,44,iforest+conformal:mean,thr,Analysis,123,0.0,0.0
48f_t15,44,iforest+conformal:mean,thr,Backdoor,107,0.0,0.0
48f_t15,44,iforest+conformal:mean,thr,DoS,183,0.0546448087431694,0.03717472118959108
48f_t15,44,iforest+conformal:mean,thr,Exploits,1113,0.028751123090745734,0.11895910780669144
48f_t15,44,iforest+conformal:mean,thr,Fuzzers,876,0.05251141552511415,0.17100371747211895
48f_t15,44,iforest+conformal:mean,thr,Generic,118,0.06779661016949153,0.02973977695167286
48f_t15,44,iforest+conformal:mean,thr,Normal,2406,0.07190357439733998,0.6431226765799256
48f_t15,44,iforest+conformal:mean,thr,Reconnaissance,474,0.0,0.0
48f_t15,44,iforest+conformal:mean,cal,Analysis,30,0.0,0.0
48f_t15,44,iforest+conformal:mean,cal,Backdoor,23,0.0,0.0
48f_t15,44,iforest+conformal:mean,cal,DoS,39,0.05128205128205128,0.005649717514124294
48f_t15,44,iforest+conformal:mean,cal,Exploits,314,0.01910828025477707,0.01694915254237288
48f_t15,44,iforest+conformal:mean,cal,Fuzzers,214,0.056074766355140186,0.03389830508474576
48f_t15,44,iforest+conformal:mean,cal,Generic,256,0.0546875,0.03954802259887006
48f_t15,44,iforest+conformal:mean,cal,Normal,4011,0.07978060334081276,0.903954802259887
48f_t15,44,iforest+conformal:mean,cal,Reconnaissance,113,0.0,0.0
48f_t15,44,iforest+conformal:mean,test,Analysis,438,0.0,0.0
48f_t15,44,iforest+conformal:mean,test,Backdoor,345,0.0,0.0
48f_t15,44,iforest+conformal:mean,test,DoS,1694,0.03128689492325856,0.00866154600424906
48f_t15,44,iforest+conformal:mean,test,Exploits,7590,0.020553359683794466,0.025494361823827423
48f_t15,44,iforest+conformal:mean,test,Fuzzers,4810,0.04490644490644491,0.03529988560222259
48f_t15,44,iforest+conformal:mean,test,Generic,3418,0.08191925102399064,0.04575911096584409
48f_t15,44,iforest+conformal:mean,test,Normal,33832,0.15993733743201702,0.884294819414937
48f_t15,44,iforest+conformal:mean,test,Reconnaissance,2469,0.001215066828675577,0.0004902761889197581
48f_t15,44,iforest+conformal:max,thr,Analysis,123,0.0,0.0
48f_t15,44,iforest+conformal:max,thr,Backdoor,107,0.0,0.0
48f_t15,44,iforest+conformal:max,thr,DoS,183,0.060109289617486336,0.041044776119402986
48f_t15,44,iforest+conformal:max,thr,Exploits,1113,0.07277628032345014,0.30223880597014924
48f_t15,44,iforest+conformal:max,thr,Fuzzers,876,0.07876712328767123,0.2574626865671642
48f_t15,44,iforest+conformal:max,thr,Generic,118,0.0,0.0
48f_t15,44,iforest+conformal:max,thr,Normal,2406,0.04447215295095595,0.39925373134328357
48f_t15,44,iforest+conformal:max,thr,Reconnaissance,474,0.0,0.0
48f_t15,44,iforest+conformal:max,cal,Analysis,30,0.0,0.0
48f_t15,44,iforest+conformal:max,cal,Backdoor,23,0.0,0.0
48f_t15,44,iforest+conformal:max,cal,DoS,39,0.05128205128205128,0.006968641114982578
48f_t15,44,iforest+conformal:max,cal,Exploits,314,0.07961783439490445,0.08710801393728224
48f_t15,44,iforest+conformal:max,cal,Fuzzers,214,0.07009345794392523,0.05226480836236934
48f_t15,44,iforest+conformal:max,cal,Generic,256,0.0078125,0.006968641114982578
48f_t15,44,iforest+conformal:max,cal,Normal,4011,0.0605833956619297,0.8466898954703833
48f_t15,44,iforest+conformal:max,cal,Reconnaissance,113,0.0,0.0
48f_t15,44,iforest+conformal:max,test,Analysis,438,0.0,0.0
48f_t15,44,iforest+conformal:max,test,Backdoor,345,0.0,0.0
48f_t15,44,iforest+conformal:max,test,DoS,1694,0.06552538370720189,0.02023332118118848
48f_t15,44,iforest+conformal:max,test,Exploits,7590,0.0769433465085639,0.1064527889172439
48f_t15,44,iforest+conformal:max,test,Fuzzers,4810,0.04968814968814969,0.04356543930003646
48f_t15,44,iforest+conformal:max,test,Generic,3418,0.011410181392627268,0.0071090047393364926
48f_t15,44,iforest+conformal:max,test,Normal,33832,0.1333648616694254,0.8224571636893911
48f_t15,44,iforest+conformal:max,test,Reconnaissance,2469,0.0004050222762251924,0.0001822821728034998
48f_t15,45,msp,thr,Analysis,182,0.07692307692307693,0.046822742474916385
48f_t15,45,msp,thr,Backdoor,141,0.11347517730496454,0.05351170568561873
48f_t15,45,msp,thr,DoS,481,0.04573804573804574,0.07357859531772576
48f_t15,45,msp,thr,Exploits,1968,0.038109756097560975,0.2508361204013378
48f_t15,45,msp,thr,Fuzzers,1470,0.05646258503401361,0.27759197324414714
48f_t15,45,msp,thr,Generic,96,0.03125,0.010033444816053512
48f_t15,45,msp,thr,Normal,890,0.06741573033707865,0.20066889632107024
48f_t15,45,msp,thr,Reconnaissance,772,0.03367875647668394,0.08695652173913043
48f_t15,45,msp,cal,Analysis,109,0.05504587155963303,0.019169329073482427
48f_t15,45,msp,cal,Backdoor,84,0.13095238095238096,0.03514376996805112
48f_t15,45,msp,cal,DoS,270,0.09259259259259259,0.07987220447284345
48f_t15,45,msp,cal,Exploits,1501,0.04930046635576282,0.2364217252396166
48f_t15,45,msp,cal,Fuzzers,1092,0.06043956043956044,0.2108626198083067
48f_t15,45,msp,cal,Generic,240,0.020833333333333332,0.01597444089456869
48f_t15,45,msp,cal,Normal,927,0.1186623516720604,0.3514376996805112
48f_t15,45,msp,cal,Reconnaissance,577,0.02772963604852686,0.051118210862619806
48f_t15,45,msp,test,Analysis,438,0.06621004566210045,0.010712966383450314
48f_t15,45,msp,test,Backdoor,345,0.05507246376811594,0.007018840044329516
48f_t15,45,msp,test,DoS,1694,0.08323494687131051,0.05208718138160325
48f_t15,45,msp,test,Exploits,7590,0.046245059288537546,0.12966383450314
48f_t15,45,msp,test,Fuzzers,4810,0.0604989604989605,0.10749907646841522
48f_t15,45,msp,test,Generic,3418,0.0310122878876536,0.039157739194680456
48f_t15,45,msp,test,Normal,33832,0.05001182312603453,0.625046176579239
48f_t15,45,msp,test,Reconnaissance,2469,0.031591737545565005,0.028814185445142224
48f_t15,45,entropy,thr,Analysis,182,0.08791208791208792,0.06808510638297872
48f_t15,45,entropy,thr,Backdoor,141,0.16312056737588654,0.09787234042553192
48f_t15,45,entropy,thr,DoS,481,0.062370062370062374,0.1276595744680851
48f_t15,45,entropy,thr,Exploits,1968,0.024390243902439025,0.20425531914893616
48f_t15,45,entropy,thr,Fuzzers,1470,0.04013605442176871,0.251063829787234
48f_t15,45,entropy,thr,Generic,96,0.041666666666666664,0.01702127659574468
48f_t15,45,entropy,thr,Normal,890,0.033707865168539325,0.1276595744680851
48f_t15,45,entropy,thr,Reconnaissance,772,0.03238341968911917,0.10638297872340426
48f_t15,45,entropy,cal,Analysis,109,0.07339449541284404,0.03864734299516908
48f_t15,45,entropy,cal,Backdoor,84,0.16666666666666666,0.06763285024154589
48f_t15,45,entropy,cal,DoS,270,0.07037037037037037,0.09178743961352658
48f_t15,45,entropy,cal,Exploits,1501,0.02798134576948701,0.2028985507246377
48f_t15,45,entropy,cal,Fuzzers,1092,0.045787545787545784,0.24154589371980675
48f_t15,45,entropy,cal,Generic,240,0.016666666666666666,0.01932367149758454
48f_t15,45,entropy,cal,Normal,927,0.05717367853290183,0.2560386473429952
48f_t15,45,entropy,cal,Reconnaissance,577,0.029462738301559793,0.0821256038647343
48f_t15,45,entropy,test,Analysis,438,0.0639269406392694,0.020771513353115726
48f_t15,45,entropy,test,Backdoor,345,0.10434782608695652,0.026706231454005934
48f_t15,45,entropy,test,DoS,1694,0.07083825265643448,0.08902077151335312
48f_t15,45,entropy,test,Exploits,7590,0.025428194993412385,0.14317507418397626
48f_t15,45,entropy,test,Fuzzers,4810,0.04178794178794179,0.14910979228486648
48f_t15,45,entropy,test,Generic,3418,0.02545348156816852,0.064540059347181
48f_t15,45,entropy,test,Normal,33832,0.01805982501773469,0.45326409495548964
48f_t15,45,entropy,test,Reconnaissance,2469,0.02916160388821385,0.05341246290801187
48f_t15,45,margin,thr,Analysis,182,0.04395604395604396,0.02666666666666667
48f_t15,45,margin,thr,Backdoor,141,0.028368794326241134,0.013333333333333334
48f_t15,45,margin,thr,DoS,481,0.04158004158004158,0.06666666666666667
48f_t15,45,margin,thr,Exploits,1968,0.03201219512195122,0.21
48f_t15,45,margin,thr,Fuzzers,1470,0.06326530612244897,0.31
48f_t15,45,margin,thr,Generic,96,0.03125,0.01
48f_t15,45,margin,thr,Normal,890,0.10112359550561797,0.3
48f_t15,45,margin,thr,Reconnaissance,772,0.02461139896373057,0.06333333333333334
48f_t15,45,margin,cal,Analysis,109,0.03669724770642202,0.01532567049808429
48f_t15,45,margin,cal,Backdoor,84,0.03571428571428571,0.011494252873563218
48f_t15,45,margin,cal,DoS,270,0.05185185185185185,0.05363984674329502
48f_t15,45,margin,cal,Exploits,1501,0.041305796135909394,0.23754789272030652
48f_t15,45,margin,cal,Fuzzers,1092,0.06684981684981685,0.2796934865900383
48f_t15,45,margin,cal,Generic,240,0.008333333333333333,0.007662835249042145
48f_t15,45,margin,cal,Normal,927,0.0970873786407767,0.3448275862068966
48f_t15,45,margin,cal,Reconnaissance,577,0.022530329289428077,0.04980842911877394
48f_t15,45,margin,test,Analysis,438,0.03424657534246575,0.004918032786885246
48f_t15,45,margin,test,Backdoor,345,0.014492753623188406,0.001639344262295082
48f_t15,45,margin,test,DoS,1694,0.06316410861865407,0.035081967213114754
48f_t15,45,margin,test,Exploits,7590,0.039525691699604744,0.09836065573770492
48f_t15,45,margin,test,Fuzzers,4810,0.06715176715176716,0.10590163934426229
48f_t15,45,margin,test,Generic,3418,0.01960210649502633,0.021967213114754098
48f_t15,45,margin,test,Normal,33832,0.06428824781272169,0.7131147540983607
48f_t15,45,margin,test,Reconnaissance,2469,0.023491292021061157,0.01901639344262295
48f_t15,45,conformal,thr,Analysis,182,0.02197802197802198,0.013333333333333334
48f_t15,45,conformal,thr,Backdoor,141,0.09929078014184398,0.04666666666666667
48f_t15,45,conformal,thr,DoS,481,0.037422037422037424,0.06
48f_t15,45,conformal,thr,Exploits,1968,0.061483739837398375,0.4033333333333333
48f_t15,45,conformal,thr,Fuzzers,1470,0.04013605442176871,0.19666666666666666
48f_t15,45,conformal,thr,Generic,96,0.07291666666666667,0.023333333333333334
48f_t15,45,conformal,thr,Normal,890,0.04269662921348315,0.12666666666666668
48f_t15,45,conformal,thr,Reconnaissance,772,0.050518134715025906,0.13
48f_t15,45,conformal,cal,Analysis,109,0.009174311926605505,0.00390625
48f_t15,45,conformal,cal,Backdoor,84,0.11904761904761904,0.0390625
48f_t15,45,conformal,cal,DoS,270,0.08518518518518518,0.08984375
48f_t15,45,conformal,cal,Exploits,1501,0.06329113924050633,0.37109375
48f_t15,45,conformal,cal,Fuzzers,1092,0.04487179487179487,0.19140625
48f_t15,45,conformal,cal,Generic,240,0.0625,0.05859375
48f_t15,45,conformal,cal,Normal,927,0.030204962243797196,0.109375
48f_t15,45,conformal,cal,Reconnaissance,577,0.060658578856152515,0.13671875
48f_t15,45,conformal,test,Analysis,438,0.0091324200913242,0.0020376974019358125
48f_t15,45,conformal,test,Backdoor,345,0.043478260869565216,0.007641365257259297
48f_t15,45,conformal,test,DoS,1694,0.07733175914994096,0.06673458991339785
48f_t15,45,conformal,test,Exploits,7590,0.05955204216073781,0.23025980641874683
48f_t15,45,conformal,test,Fuzzers,4810,0.04407484407484408,0.10799796230259806
48f_t15,45,conformal,test,Generic,3418,0.10942071386775892,0.19052470708099847
48f_t15,45,conformal,test,Normal,33832,0.018503192244029323,0.3188996434029547
48f_t15,45,conformal,test,Reconnaissance,2469,0.06034831915755366,0.07590422822210902
48f_t15,45,iforest,thr,Analysis,182,0.0,0.0
48f_t15,45,iforest,thr,Backdoor,141,0.0,0.0
48f_t15,45,iforest,thr,DoS,481,0.04573804573804574,0.07333333333333333
48f_t15,45,iforest,thr,Exploits,1968,0.061991869918699184,0.4066666666666667
48f_t15,45,iforest,thr,Fuzzers,1470,0.06462585034013606,0.31666666666666665
48f_t15,45,iforest,thr,Generic,96,0.0,0.0
48f_t15,45,iforest,thr,Normal,890,0.06741573033707865,0.2
48f_t15,45,iforest,thr,Reconnaissance,772,0.0012953367875647669,0.0033333333333333335
48f_t15,45,iforest,cal,Analysis,109,0.0,0.0
48f_t15,45,iforest,cal,Backdoor,84,0.0,0.0
48f_t15,45,iforest,cal,DoS,270,0.08518518518518518,0.12637362637362637
48f_t15,45,iforest,cal,Exploits,1501,0.059293804130579615,0.489010989010989
48f_t15,45,iforest,cal,Fuzzers,1092,0.038461538461538464,0.23076923076923078
48f_t15,45,iforest,cal,Generic,240,0.008333333333333333,0.01098901098901099
48f_t15,45,iforest,cal,Normal,927,0.028047464940668825,0.14285714285714285
48f_t15,45,iforest,cal,Reconnaissance,577,0.0,0.0
48f_t15,45,iforest,test,Analysis,438,0.0,0.0
48f_t15,45,iforest,test,Backdoor,345,0.0,0.0
48f_t15,45,iforest,test,DoS,1694,0.0590318772136954,0.06285355122564425
48f_t15,45,iforest,test,Exploits,7590,0.06152832674571805,0.29352608422375864
48f_t15,45,iforest,test,Fuzzers,4810,0.04178794178794179,0.12633563796354494
48f_t15,45,iforest,test,Generic,3418,0.010825043885313048,0.023255813953488372
48f_t15,45,iforest,test,Normal,33832,0.023202884842752423,0.49340037712130735
48f_t15,45,iforest,test,Reconnaissance,2469,0.0004050222762251924,0.0006285355122564425
48f_t15,45,iforest+msp:mean,thr,Analysis,182,0.04945054945054945,0.030100334448160536
48f_t15,45,iforest+msp:mean,thr,Backdoor,141,0.09219858156028368,0.043478260869565216
48f_t15,45,iforest+msp:mean,thr,DoS,481,0.07484407484407485,0.12040133779264214
48f_t15,45,iforest+msp:mean,thr,Exploits,1968,0.028963414634146343,0.19063545150501673
48f_t15,45,iforest+msp:mean,thr,Fuzzers,1470,0.07346938775510205,0.3612040133779264
48f_t15,45,iforest+msp:mean,thr,Generic,96,0.041666666666666664,0.013377926421404682
48f_t15,45,iforest+msp:mean,thr,Normal,890,0.06404494382022471,0.19063545150501673
48f_t15,45,iforest+msp:mean,thr,Reconnaissance,772,0.019430051813471502,0.05016722408026756
48f_t15,45,iforest+msp:mean,cal,Analysis,109,0.027522935779816515,0.015306122448979591
48f_t15,45,iforest+msp:mean,cal,Backdoor,84,0.11904761904761904,0.05102040816326531
48f_t15,45,iforest+msp:mean,cal,DoS,270,0.07777777777777778,0.10714285714285714
48f_t15,45,iforest+msp:mean,cal,Exploits,1501,0.031978680879413725,0.24489795918367346
48f_t15,45,iforest+msp:mean,cal,Fuzzers,1092,0.07142857142857142,0.3979591836734694
48f_t15,45,iforest+msp:mean,cal,Generic,240,0.020833333333333332,0.025510204081632654
48f_t15,45,iforest+msp:mean,cal,Normal,927,0.02481121898597627,0.11734693877551021
48f_t15,45,iforest+msp:mean,cal,Reconnaissance,577,0.01386481802426343,0.04081632653061224
48f_t15,45,iforest+msp:mean,test,Analysis,438,0.0228310502283105,0.006009615384615385
48f_t15,45,iforest+msp:mean,test,Backdoor,345,0.04927536231884058,0.010216346153846154
48f_t15,45,iforest+msp:mean,test,DoS,1694,0.07260920897284534,0.07391826923076923
48f_t15,45,iforest+msp:mean,test,Exploits,7590,0.026482213438735178,0.12079326923076923
48f_t15,45,iforest+msp:mean,test,Fuzzers,4810,0.06486486486486487,0.1875
48f_t15,45,iforest+msp:mean,test,Generic,3418,0.03832650672908133,0.07872596153846154
48f_t15,45,iforest+msp:mean,test,Normal,33832,0.0251241428233625,0.5108173076923077
48f_t15,45,iforest+msp:mean,test,Reconnaissance,2469,0.008100445524503848,0.01201923076923077
48f_t15,45,iforest+msp:max,thr,Analysis,182,0.016483516483516484,0.010067114093959731
48f_t15,45,iforest+msp:max,thr,Backdoor,141,0.06382978723404255,0.030201342281879196
48f_t15,45,iforest+msp:max,thr,DoS,481,0.05197505197505198,0.08389261744966443
48f_t15,45,iforest+msp:max,thr,Exploits,1968,0.04878048780487805,0.3221476510067114
48f_t15,45,iforest+msp:max,thr,Fuzzers,1470,0.05646258503401361,0.2785234899328859
48f_t15,45,iforest+msp:max,thr,Generic,96,0.020833333333333332,0.006711409395973154
48f_t15,45,iforest+msp:max,thr,Normal,890,0.07528089887640449,0.22483221476510068
48f_t15,45,iforest+msp:max,thr,Reconnaissance,772,0.01683937823834197,0.0436241610738255
48f_t15,45,iforest+msp:max,cal,Analysis,109,0.01834862385321101,0.010256410256410256
48f_t15,45,iforest+msp:max,cal,Backdoor,84,0.047619047619047616,0.020512820512820513
48f_t15,45,iforest+msp:max,cal,DoS,270,0.08518518518518518,0.11794871794871795
48f_t15,45,iforest+msp:max,cal,Exploits,1501,0.04930046635576282,0.37948717948717947
48f_t15,45,iforest+msp:max,cal,Fuzzers,1092,0.040293040293040296,0.22564102564102564
48f_t15,45,iforest+msp:max,cal,Generic,240,0.0125,0.015384615384615385
48f_t15,45,iforest+msp:max,cal,Normal,927,0.04638619201725998,0.2205128205128205
48f_t15,45,iforest+msp:max,cal,Reconnaissance,577,0.0034662045060658577,0.010256410256410256
48f_t15,45,iforest+msp:max,test,Analysis,438,0.0273972602739726,0.006266318537859008
48f_t15,45,iforest+msp:max,test,Backdoor,345,0.014492753623188406,0.0026109660574412533
48f_t15,45,iforest+msp:max,test,DoS,1694,0.06611570247933884,0.05848563968668407
48f_t15,45,iforest+msp:max,test,Exploits,7590,0.048748353096179184,0.19321148825065274
48f_t15,45,iforest+msp:max,test,Fuzzers,4810,0.048232848232848236,0.12114882506527415
48f_t15,45,iforest+msp:max,test,Generic,3418,0.019016968987712112,0.033942558746736295
48f_t15,45,iforest+msp:max,test,Normal,33832,0.032395365334594466,0.5723237597911227
48f_t15,45,iforest+msp:max,test,Reconnaissance,2469,0.009315512353179425,0.012010443864229765
48f_t15,45,iforest+entropy:mean,thr,Analysis,182,0.08241758241758242,0.06048387096774194
48f_t15,45,iforest+entropy:mean,thr,Backdoor,141,0.0851063829787234,0.04838709677419355
48f_t15,45,iforest+entropy:mean,thr,DoS,481,0.060291060291060294,0.11693548387096774
48f_t15,45,iforest+entropy:mean,thr,Exploits,1968,0.02184959349593496,0.17338709677419356
48f_t15,45,iforest+entropy:mean,thr,Fuzzers,1470,0.058503401360544216,0.3467741935483871
48f_t15,45,iforest+entropy:mean,thr,Generic,96,0.03125,0.012096774193548387
48f_t15,45,iforest+entropy:mean,thr,Normal,890,0.051685393258426963,0.18548387096774194
48f_t15,45,iforest+entropy:mean,thr,Reconnaissance,772,0.018134715025906734,0.056451612903225805
48f_t15,45,iforest+entropy:mean,cal,Analysis,109,0.027522935779816515,0.017543859649122806
48f_t15,45,iforest+entropy:mean,cal,Backdoor,84,0.13095238095238096,0.06432748538011696
48f_t15,45,iforest+entropy:mean,cal,DoS,270,0.05185185185185185,0.08187134502923976
48f_t15,45,iforest+entropy:mean,cal,Exploits,1501,0.02531645569620253,0.2222222222222222
48f_t15,45,iforest+entropy:mean,cal,Fuzzers,1092,0.06227106227106227,0.39766081871345027
48f_t15,45,iforest+entropy:mean,cal,Generic,240,0.029166666666666667,0.04093567251461988
48f_t15,45,iforest+entropy:mean,cal,Normal,927,0.022653721682847898,0.12280701754385964
48f_t15,45,iforest+entropy:mean,cal,Reconnaissance,577,0.01559792027729636,0.05263157894736842
48f_t15,45,iforest+entropy:mean,test,Analysis,438,0.0365296803652968,0.013769363166953529
48f_t15,45,iforest+entropy:mean,test,Backdoor,345,0.06376811594202898,0.0189328743545611
48f_t15,45,iforest+entropy:mean,test,DoS,1694,0.053128689492325853,0.0774526678141136
48f_t15,45,iforest+entropy:mean,test,Exploits,7590,0.017918313570487482,0.11703958691910499
48f_t15,45,iforest+entropy:mean,test,Fuzzers,4810,0.04677754677754678,0.193631669535284
48f_t15,45,iforest+entropy:mean,test,Generic,3418,0.032767700409596257,0.0963855421686747
48f_t15,45,iforest+entropy:mean,test,Normal,33832,0.0157543154410026,0.45869191049913943
48f_t15,45,iforest+entropy:mean,test,Reconnaissance,2469,0.011340623734305387,0.024096385542168676
48f_t15,45,iforest+entropy:max,thr,Analysis,182,0.005494505494505495,0.003355704697986577
48f_t15,45,iforest+entropy:max,thr,Backdoor,141,0.10638297872340426,0.050335570469798654
48f_t15,45,iforest+entropy:max,thr,DoS,481,0.04781704781704782,0.07718120805369127
48f_t15,45,iforest+entropy:max,thr,Exploits,1968,0.044715447154471545,0.2953020134228188
48f_t15,45,iforest+entropy:max,thr,Fuzzers,1470,0.05918367346938776,0.29194630872483224
48f_t15,45,iforest+entropy:max,thr,Generic,96,0.03125,0.010067114093959731
48f_t15,45,iforest+entropy:max,thr,Normal,890,0.07303370786516854,0.2181208053691275
48f_t15,45,iforest+entropy:max,thr,Reconnaissance,772,0.02072538860103627,0.053691275167785234
48f_t15,45,iforest+entropy:max,cal,Analysis,109,0.01834862385321101,0.009900990099009901
48f_t15,45,iforest+entropy:max,cal,Backdoor,84,0.07142857142857142,0.0297029702970297
48f_t15,45,iforest+entropy:max,cal,DoS,270,0.08888888888888889,0.1188118811881188
48f_t15,45,iforest+entropy:max,cal,Exploits,1501,0.04530313124583611,0.33663366336633666
48f_t15,45,iforest+entropy:max,cal,Fuzzers,1092,0.046703296703296704,0.2524752475247525
48f_t15,45,iforest+entropy:max,cal,Generic,240,0.0125,0.01485148514851485
48f_t15,45,iforest+entropy:max,cal,Normal,927,0.045307443365695796,0.2079207920792079
48f_t15,45,iforest+entropy:max,cal,Reconnaissance,577,0.010398613518197574,0.0297029702970297
48f_t15,45,iforest+entropy:max,test,Analysis,438,0.01141552511415525,0.0031545741324921135
48f_t15,45,iforest+entropy:max,test,Backdoor,345,0.028985507246376812,0.006309148264984227
48f_t15,45,iforest+entropy:max,test,DoS,1694,0.0690672963400236,0.07381703470031546
48f_t15,45,iforest+entropy:max,test,Exploits,7590,0.045718050065876155,0.21892744479495269
48f_t15,45,iforest+entropy:max,test,Fuzzers,4810,0.04760914760914761,0.1444794952681388
48f_t15,45,iforest+entropy:max,test,Generic,3418,0.02077238150965477,0.044794952681388014
48f_t15,45,iforest+entropy:max,test,Normal,33832,0.022877748876803026,0.48832807570977915
48f_t15,45,iforest+entropy:max,test,Reconnaissance,2469,0.012960712839206157,0.02018927444794953
48f_t15,45,iforest+margin:mean,thr,Analysis,182,0.01098901098901099,0.006666666666666667
48f_t15,45,iforest+margin:mean,thr,Backdoor,141,0.07092198581560284,0.03333333333333333
48f_t15,45,iforest+margin:mean,thr,DoS,481,0.056133056133056136,0.09
48f_t15,45,iforest+margin:mean,thr,Exploits,1968,0.024390243902439025,0.16
48f_t15,45,iforest+margin:mean,thr,Fuzzers,1470,0.09727891156462586,0.4766666666666667
48f_t15,45,iforest+margin:mean,thr,Generic,96,0.041666666666666664,0.013333333333333334
48f_t15,45,iforest+margin:mean,thr,Normal,890,0.06292134831460675,0.18666666666666668
48f_t15,45,iforest+margin:mean,thr,Reconnaissance,772,0.012953367875647668,0.03333333333333333
48f_t15,45,iforest+margin:mean,cal,Analysis,109,0.0,0.0
48f_t15,45,iforest+margin:mean,cal,Backdoor,84,0.05952380952380952,0.024271844660194174
48f_t15,45,iforest+margin:mean,cal,DoS,270,0.07407407407407407,0.0970873786407767
48f_t15,45,iforest+margin:mean,cal,Exploits,1501,0.029980013324450366,0.21844660194174756
48f_t15,45,iforest+margin:mean,cal,Fuzzers,1092,0.0924908424908425,0.49029126213592233
48f_t15,45,iforest+margin:mean,cal,Generic,240,0.025,0.02912621359223301
48f_t15,45,iforest+margin:mean,cal,Normal,927,0.02696871628910464,0.12135922330097088
48f_t15,45,iforest+margin:mean,cal,Reconnaissance,577,0.006932409012131715,0.019417475728155338
48f_t15,45,iforest+margin:mean,test,Analysis,438,0.0,0.0
48f_t15,45,iforest+margin:mean,test,Backdoor,345,0.020289855072463767,0.003553299492385787
48f_t15,45,iforest+margin:mean,test,DoS,1694,0.06198347107438017,0.0532994923857868
48f_t15,45,iforest+margin:mean,test,Exploits,7590,0.025164690382081686,0.09695431472081219
48f_t15,45,iforest+margin:mean,test,Fuzzers,4810,0.0814968814968815,0.19898477157360406
48f_t15,45,iforest+margin:mean,test,Generic,3418,0.03949678174370977,0.06852791878172589
48f_t15,45,iforest+margin:mean,test,Normal,33832,0.03325254197209742,0.5710659898477157
48f_t15,45,iforest+margin:mean,test,Reconnaissance,2469,0.006075334143377886,0.007614213197969543
48f_t15,45,iforest+margin:max,thr,Analysis,182,0.016483516483516484,0.010344827586206896
48f_t15,45,iforest+margin:max,thr,Backdoor,141,0.0070921985815602835,0.0034482758620689655
48f_t15,45,iforest+margin:max,thr,DoS,481,0.04573804573804574,0.07586206896551724
48f_t15,45,iforest+margin:max,thr,Exploits,1968,0.0508130081300813,0.3448275862068966
48f_t15,45,iforest+margin:max,thr,Fuzzers,1470,0.05510204081632653,0.2793103448275862
48f_t15,45,iforest+margin:max,thr,Generic,96,0.0,0.0
48f_t15,45,iforest+margin:max,thr,Normal,890,0.08426966292134831,0.25862068965517243
48f_t15,45,iforest+margin:max,thr,Reconnaissance,772,0.010362694300518135,0.027586206896551724
48f_t15,45,iforest+margin:max,cal,Analysis,109,0.01834862385321101,0.010256410256410256
48f_t15,45,iforest+margin:max,cal,Backdoor,84,0.011904761904761904,0.005128205128205128
48f_t15,45,iforest+margin:max,cal,DoS,270,0.07777777777777778,0.1076923076923077
48f_t15,45,iforest+margin:max,cal,Exploits,1501,0.049966688874083946,0.38461538461538464
48f_t15,45,iforest+margin:max,cal,Fuzzers,1092,0.04945054945054945,0.27692307692307694
48f_t15,45,iforest+margin:max,cal,Generic,240,0.0,0.0
48f_t15,45,iforest+margin:max,cal,Normal,927,0.038834951456310676,0.18461538461538463
48f_t15,45,iforest+margin:max,cal,Reconnaissance,577,0.010398613518197574,0.03076923076923077
48f_t15,45,iforest+margin:max,test,Analysis,438,0.0091324200913242,0.0020714655618850335
48f_t15,45,iforest+margin:max,test,Backdoor,345,0.011594202898550725,0.0020714655618850335
48f_t15,45,iforest+margin:max,test,DoS,1694,0.05194805194805195,0.04557224236147074
48f_t15,45,iforest+margin:max,test,Exploits,7590,0.04743083003952569,0.18643190056965303
48f_t15,45,iforest+margin:max,test,Fuzzers,4810,0.046361746361746364,0.11548420507509062
48f_t15,45,iforest+margin:max,test,Generic,3418,0.010532475131655939,0.018643190056965304
48f_t15,45,iforest+margin:max,test,Normal,33832,0.03526247339796642,0.6178146038322113
48f_t15,45,iforest+margin:max,test,Reconnaissance,2469,0.009315512353179425,0.011910926980838944
48f_t15,45,iforest+conformal:mean,thr,Analysis,182,0.04395604395604396,0.026755852842809364
48f_t15,45,iforest+conformal:mean,thr,Backdoor,141,0.0851063829787234,0.04013377926421405
48f_t15,45,iforest+conformal:mean,thr,DoS,481,0.08108108108108109,0.13043478260869565
48f_t15,45,iforest+conformal:mean,thr,Exploits,1968,0.043191056910569105,0.2842809364548495
48f_t15,45,iforest+conformal:mean,thr,Fuzzers,1470,0.06054421768707483,0.2976588628762542
48f_t15,45,iforest+conformal:mean,thr,Generic,96,0.0625,0.020066889632107024
48f_t15,45,iforest+conformal:mean,thr,Normal,890,0.05393258426966292,0.1605351170568562
48f_t15,45,iforest+conformal:mean,thr,Reconnaissance,772,0.015544041450777202,0.04013377926421405
48f_t15,45,iforest+conformal:mean,cal,Analysis,109,0.027522935779816515,0.013043478260869565
48f_t15,45,iforest+conformal:mean,cal,Backdoor,84,0.09523809523809523,0.034782608695652174
48f_t15,45,iforest+conformal:mean,cal,DoS,270,0.08518518518518518,0.1
48f_t15,45,iforest+conformal:mean,cal,Exploits,1501,0.0552964690206529,0.36086956521739133
48f_t15,45,iforest+conformal:mean,cal,Fuzzers,1092,0.05860805860805861,0.2782608695652174
48f_t15,45,iforest+conformal:mean,cal,Generic,240,0.08333333333333333,0.08695652173913043
48f_t15,45,iforest+conformal:mean,cal,Normal,927,0.02481121898597627,0.1
48f_t15,45,iforest+conformal:mean,cal,Reconnaissance,577,0.010398613518197574,0.02608695652173913
48f_t15,45,iforest+conformal:mean,test,Analysis,438,0.02054794520547945,0.005980066445182724
48f_t15,45,iforest+conformal:mean,test,Backdoor,345,0.04057971014492753,0.009302325581395349
48f_t15,45,iforest+conformal:mean,test,DoS,1694,0.07142857142857142,0.08039867109634552
48f_t15,45,iforest+conformal:mean,test,Exploits,7590,0.04426877470355731,0.22325581395348837
48f_t15,45,iforest+conformal:mean,test,Fuzzers,4810,0.046361746361746364,0.14817275747508304
48f_t15,45,iforest+conformal:mean,test,Generic,3418,0.08425980105324751,0.19136212624584717
48f_t15,45,iforest+conformal:mean,test,Normal,33832,0.014601560652636557,0.3282392026578073
48f_t15,45,iforest+conformal:mean,test,Reconnaissance,2469,0.008100445524503848,0.013289036544850499
48f_t15,45,iforest+conformal:max,thr,Analysis,182,0.005494505494505495,0.0034129692832764505
48f_t15,45,iforest+conformal:max,thr,Backdoor,141,0.06382978723404255,0.030716723549488054
48f_t15,45,iforest+conformal:max,thr,DoS,481,0.04573804573804574,0.07508532423208192
48f_t15,45,iforest+conformal:max,thr,Exploits,1968,0.053353658536585365,0.3583617747440273
48f_t15,45,iforest+conformal:max,thr,Fuzzers,1470,0.05510204081632653,0.2764505119453925
48f_t15,45,iforest+conformal:max,thr,Generic,96,0.020833333333333332,0.006825938566552901
48f_t15,45,iforest+conformal:max,thr,Normal,890,0.06629213483146068,0.20136518771331058
48f_t15,45,iforest+conformal:max,thr,Reconnaissance,772,0.018134715025906734,0.04778156996587031
48f_t15,45,iforest+conformal:max,cal,Analysis,109,0.009174311926605505,0.00510204081632653
48f_t15,45,iforest+conformal:max,cal,Backdoor,84,0.07142857142857142,0.030612244897959183
48f_t15,45,iforest+conformal:max,cal,DoS,270,0.09259259259259259,0.12755102040816327
48f_t15,45,iforest+conformal:max,cal,Exploits,1501,0.05396402398401066,0.413265306122449
48f_t15,45,iforest+conformal:max,cal,Fuzzers,1092,0.04487179487179487,0.25
48f_t15,45,iforest+conformal:max,cal,Generic,240,0.029166666666666667,0.03571428571428571
48f_t15,45,iforest+conformal:max,cal,Normal,927,0.022653721682847898,0.10714285714285714
48f_t15,45,iforest+conformal:max,cal,Reconnaissance,577,0.010398613518197574,0.030612244897959183
48f_t15,45,iforest+conformal:max,test,Analysis,438,0.0045662100456621,0.0012594458438287153
48f_t15,45,iforest+conformal:max,test,Backdoor,345,0.014492753623188406,0.0031486146095717885
48f_t15,45,iforest+conformal:max,test,DoS,1694,0.07201889020070838,0.07682619647355164
48f_t15,45,iforest+conformal:max,test,Exploits,7590,0.051515151515151514,0.24622166246851385
48f_t15,45,iforest+conformal:max,test,Fuzzers,4810,0.04948024948024948,0.14987405541561713
48f_t15,45,iforest+conformal:max,test,Generic,3418,0.044470450555880635,0.09571788413098237
48f_t15,45,iforest+conformal:max,test,Normal,33832,0.019212579806100732,0.4093198992443325
48f_t15,45,iforest+conformal:max,test,Reconnaissance,2469,0.011340623734305387,0.017632241813602016
48f_t15,46,msp,thr,Analysis,184,0.03260869565217391,0.020689655172413793
48f_t15,46,msp,thr,Backdoor,271,0.025830258302583026,0.02413793103448276
48f_t15,46,msp,thr,DoS,190,0.1368421052631579,0.0896551724137931
48f_t15,46,msp,thr,Exploits,872,0.07912844036697247,0.23793103448275862
48f_t15,46,msp,thr,Fuzzers,915,0.10273224043715846,0.32413793103448274
48f_t15,46,msp,thr,Generic,185,0.032432432432432434,0.020689655172413793
48f_t15,46,msp,thr,Normal,2777,0.02124594886568239,0.20344827586206896
48f_t15,46,msp,thr,Reconnaissance,406,0.05665024630541872,0.07931034482758621
48f_t15,46,msp,cal,Analysis,64,0.234375,0.05639097744360902
48f_t15,46,msp,cal,Backdoor,65,0.06153846153846154,0.015037593984962405
48f_t15,46,msp,cal,DoS,190,0.09473684210526316,0.06766917293233082
48f_t15,46,msp,cal,Exploits,988,0.06882591093117409,0.2556390977443609
48f_t15,46,msp,cal,Fuzzers,720,0.0763888888888889,0.20676691729323307
48f_t15,46,msp,cal,Normal,2620,0.031297709923664124,0.3082706766917293
48f_t15,46,msp,cal,Reconnaissance,353,0.0679886685552408,0.09022556390977443
48f_t15,46,msp,test,Analysis,438,0.09817351598173515,0.010966590155572558
48f_t15,46,msp,test,Backdoor,345,0.06376811594202898,0.0056108135679673555
48f_t15,46,msp,test,DoS,1694,0.10330578512396695,0.04463147156337669
48f_t15,46,msp,test,Exploits,7590,0.06534914361001318,0.12649834225962764
48f_t15,46,msp,test,Fuzzers,4810,0.09397089397089398,0.11527671512369293
48f_t15,46,msp,test,Generic,3418,0.04095962551199532,0.03570517725070135
48f_t15,46,msp,test,Normal,33832,0.07194372192007567,0.6207600102014792
48f_t15,46,msp,test,Reconnaissance,2469,0.06439854191980558,0.04055087987758225
48f_t15,46,entropy,thr,Analysis,184,0.29347826086956524,0.20224719101123595
48f_t15,46,entropy,thr,Backdoor,271,0.2767527675276753,0.2808988764044944
48f_t15,46,entropy,thr,DoS,190,0.10526315789473684,0.0749063670411985
48f_t15,46,entropy,thr,Exploits,872,0.026376146788990827,0.08614232209737828
48f_t15,46,entropy,thr,Fuzzers,915,0.05136612021857923,0.1760299625468165
48f_t15,46,entropy,thr,Generic,185,0.02702702702702703,0.018726591760299626
48f_t15,46,entropy,thr,Normal,2777,0.003961109110550955,0.04119850187265917
48f_t15,46,entropy,thr,Reconnaissance,406,0.07881773399014778,0.1198501872659176
48f_t15,46,entropy,cal,Analysis,64,0.078125,0.07352941176470588
48f_t15,46,entropy,cal,Backdoor,65,0.09230769230769231,0.08823529411764706
48f_t15,46,entropy,cal,DoS,190,0.02631578947368421,0.07352941176470588
48f_t15,46,entropy,cal,Exploits,988,0.012145748987854251,0.17647058823529413
48f_t15,46,entropy,cal,Fuzzers,720,0.027777777777777776,0.29411764705882354
48f_t15,46,entropy,cal,Normal,2620,0.004580152671755725,0.17647058823529413
48f_t15,46,entropy,cal,Reconnaissance,353,0.0226628895184136,0.11764705882352941
48f_t15,46,entropy,test,Analysis,438,0.15753424657534246,0.05902480752780154
48f_t15,46,entropy,test,Backdoor,345,0.13333333333333333,0.03934987168520103
48f_t15,46,entropy,test,DoS,1694,0.0885478158205431,0.1283147989734816
48f_t15,46,entropy,test,Exploits,7590,0.023847167325428194,0.15483319076133448
48f_t15,46,entropy,test,Fuzzers,4810,0.043451143451143454,0.1787852865697177
48f_t15,46,entropy,test,Generic,3418,0.022820362785254535,0.06672369546621043
48f_t15,46,entropy,test,Normal,33832,0.009458500827618822,0.2737382378100941
48f_t15,46,entropy,test,Reconnaissance,2469,0.04698258404212231,0.09923011120615911
48f_t15,46,margin,thr,Analysis,184,0.016304347826086956,0.010344827586206896
48f_t15,46,margin,thr,Backdoor,271,0.007380073800738007,0.006896551724137931
48f_t15,46,margin,thr,DoS,190,0.07894736842105263,0.05172413793103448
48f_t15,46,margin,thr,Exploits,872,0.05963302752293578,0.1793103448275862
48f_t15,46,margin,thr,Fuzzers,915,0.12349726775956284,0.3896551724137931
48f_t15,46,margin,thr,Generic,185,0.010810810810810811,0.006896551724137931
48f_t15,46,margin,thr,Normal,2777,0.02988836874324811,0.28620689655172415
48f_t15,46,margin,thr,Reconnaissance,406,0.04926108374384237,0.06896551724137931
48f_t15,46,margin,cal,Analysis,64,0.125,0.02867383512544803
48f_t15,46,margin,cal,Backdoor,65,0.03076923076923077,0.007168458781362007
48f_t15,46,margin,cal,DoS,190,0.08947368421052632,0.06093189964157706
48f_t15,46,margin,cal,Exploits,988,0.07186234817813765,0.25448028673835127
48f_t15,46,margin,cal,Fuzzers,720,0.0875,0.22580645161290322
48f_t15,46,margin,cal,Normal,2620,0.038931297709923665,0.3655913978494624
48f_t15,46,margin,cal,Reconnaissance,353,0.0453257790368272,0.05734767025089606
48f_t15,46,margin,test,Analysis,438,0.0593607305936073,0.0055003173259995765
48f_t15,46,margin,test,Backdoor,345,0.034782608695652174,0.0025386079966151893
48f_t15,46,margin,test,DoS,1694,0.09799291617473435,0.03511741061984345
48f_t15,46,margin,test,Exploits,7590,0.05955204216073781,0.0956209012058388
48f_t15,46,margin,test,Fuzzers,4810,0.10623700623700624,0.10810239052253015
48f_t15,46,margin,test,Generic,3418,0.028671737858396724,0.020731965305690714
48f_t15,46,margin,test,Normal,33832,0.0985457554977536,0.7053099217262534
48f_t15,46,margin,test,Reconnaissance,2469,0.05184285135682463,0.027078485297228685
48f_t15,46,conformal,thr,Analysis,184,0.0,0.0
48f_t15,46,conformal,thr,Backdoor,271,0.0,0.0
48f_t15,46,conformal,thr,DoS,190,0.005263157894736842,0.0034602076124567475
48f_t15,46,conformal,thr,Exploits,872,0.013761467889908258,0.04152249134948097
48f_t15,46,conformal,thr,Fuzzers,915,0.06885245901639345,0.2179930795847751
48f_t15,46,conformal,thr,Generic,185,0.8810810810810811,0.5640138408304498
48f_t15,46,conformal,thr,Normal,2777,0.017284839755131436,0.16608996539792387
48f_t15,46,conformal,thr,Reconnaissance,406,0.0049261083743842365,0.006920415224913495
48f_t15,46,conformal,cal,Analysis,64,0.0,0.0
48f_t15,46,conformal,cal,Backdoor,65,0.0,0.0
48f_t15,46,conformal,cal,DoS,190,0.015789473684210527,0.03571428571428571
48f_t15,46,conformal,cal,Exploits,988,0.01417004048582996,0.16666666666666666
48f_t15,46,conformal,cal,Fuzzers,720,0.041666666666666664,0.35714285714285715
48f_t15,46,conformal,cal,Normal,2620,0.013740458015267175,0.42857142857142855
48f_t15,46,conformal,cal,Reconnaissance,353,0.0028328611898017,0.011904761904761904
48f_t15,46,conformal,test,Analysis,438,0.0,0.0
48f_t15,46,conformal,test,Backdoor,345,0.005797101449275362,0.00042265426880811494
48f_t15,46,conformal,test,DoS,1694,0.021841794569067298,0.007819103972950128
48f_t15,46,conformal,test,Exploits,7590,0.015019762845849802,0.024091293322062553
48f_t15,46,conformal,test,Fuzzers,4810,0.05197505197505198,0.05283178360101437
48f_t15,46,conformal,test,Generic,3418,0.91193680514921,0.6587066779374472
48f_t15,46,conformal,test,Normal,33832,0.035410262473397965,0.25316990701606085
48f_t15,46,conformal,test,Reconnaissance,2469,0.005670311867152693,0.0029585798816568047
48f_t15,46,iforest,thr,Analysis,184,0.0,0.0
48f_t15,46,iforest,thr,Backdoor,271,0.0,0.0
48f_t15,46,iforest,thr,DoS,190,0.05263157894736842,0.034482758620689655
48f_t15,46,iforest,thr,Exploits,872,0.10091743119266056,0.30344827586206896
48f_t15,46,iforest,thr,Fuzzers,915,0.07759562841530054,0.24482758620689654
48f_t15,46,iforest,thr,Generic,185,0.02702702702702703,0.017241379310344827
48f_t15,46,iforest,thr,Normal,2777,0.04141159524666907,0.39655172413793105
48f_t15,46,iforest,thr,Reconnaissance,406,0.0024630541871921183,0.0034482758620689655
48f_t15,46,iforest,cal,Analysis,64,0.0,0.0
48f_t15,46,iforest,cal,Backdoor,65,0.0,0.0
48f_t15,46,iforest,cal,DoS,190,0.07894736842105263,0.056818181818181816
48f_t15,46,iforest,cal,Exploits,988,0.1082995951417004,0.4053030303030303
48f_t15,46,iforest,cal,Fuzzers,720,0.12638888888888888,0.3446969696969697
48f_t15,46,iforest,cal,Normal,2620,0.019465648854961833,0.19318181818181818
48f_t15,46,iforest,cal,Reconnaissance,353,0.0,0.0
48f_t15,46,iforest,test,Analysis,438,0.0,0.0
48f_t15,46,iforest,test,Backdoor,345,0.0,0.0
48f_t15,46,iforest,test,DoS,1694,0.0755608028335301,0.05656208572691118
48f_t15,46,iforest,test,Exploits,7590,0.09841897233201581,0.3300927971718957
48f_t15,46,iforest,test,Fuzzers,4810,0.05592515592515593,0.11886875828546177
48f_t15,46,iforest,test,Generic,3418,0.01492100643651258,0.022536456031816175
48f_t15,46,iforest,test,Normal,33832,0.03153818869709151,0.47149801148917364
48f_t15,46,iforest,test,Reconnaissance,2469,0.0004050222762251924,0.0004418912947414936
48f_t15,46,iforest+msp:mean,thr,Analysis,184,0.03804347826086957,0.02413793103448276
48f_t15,46,iforest+msp:mean,thr,Backdoor,271,0.04059040590405904,0.03793103448275862
48f_t15,46,iforest+msp:mean,thr,DoS,190,0.14210526315789473,0.09310344827586207
48f_t15,46,iforest+msp:mean,thr,Exploits,872,0.045871559633027525,0.13793103448275862
48f_t15,46,iforest+msp:mean,thr,Fuzzers,915,0.13442622950819672,0.4241379310344828
48f_t15,46,iforest+msp:mean,thr,Generic,185,0.04864864864864865,0.03103448275862069
48f_t15,46,iforest+msp:mean,thr,Normal,2777,0.02340655383507382,0.22413793103448276
48f_t15,46,iforest+msp:mean,thr,Reconnaissance,406,0.019704433497536946,0.027586206896551724
48f_t15,46,iforest+msp:mean,cal,Analysis,64,0.09375,0.028708133971291867
48f_t15,46,iforest+msp:mean,cal,Backdoor,65,0.16923076923076924,0.05263157894736842
48f_t15,46,iforest+msp:mean,cal,DoS,190,0.07368421052631578,0.06698564593301436
48f_t15,46,iforest+msp:mean,cal,Exploits,988,0.024291497975708502,0.11483253588516747
48f_t15,46,iforest+msp:mean,cal,Fuzzers,720,0.13194444444444445,0.45454545454545453
48f_t15,46,iforest+msp:mean,cal,Normal,2620,0.020229007633587787,0.2535885167464115
48f_t15,46,iforest+msp:mean,cal,Reconnaissance,353,0.0169971671388102,0.028708133971291867
48f_t15,46,iforest+msp:mean,test,Analysis,438,0.0273972602739726,0.004728132387706856
48f_t15,46,iforest+msp:mean,test,Backdoor,345,0.04927536231884058,0.006698187549251379
48f_t15,46,iforest+msp:mean,test,DoS,1694,0.09504132231404959,0.06343577620173364
48f_t15,46,iforest+msp:mean,test,Exploits,7590,0.0383399209486166,0.11465721040189125
48f_t15,46,iforest+msp:mean,test,Fuzzers,4810,0.09875259875259876,0.1871552403467297
48f_t15,46,iforest+msp:mean,test,Generic,3418,0.0465184318314804,0.06264775413711583
48f_t15,46,iforest+msp:mean,test,Normal,33832,0.04117403641522819,0.5488573680063041
48f_t15,46,iforest+msp:mean,test,Reconnaissance,2469,0.012150668286755772,0.01182033096926714
48f_t15,46,iforest+msp:max,thr,Analysis,184,0.010869565217391304,0.006920415224913495
48f_t15,46,iforest+msp:max,thr,Backdoor,271,0.014760147601476014,0.01384083044982699
48f_t15,46,iforest+msp:max,thr,DoS,190,0.1,0.0657439446366782
48f_t15,46,iforest+msp:max,thr,Exploits,872,0.0768348623853211,0.23183391003460208
48f_t15,46,iforest+msp:max,thr,Fuzzers,915,0.08852459016393442,0.28027681660899656
48f_t15,46,iforest+msp:max,thr,Generic,185,0.016216216216216217,0.010380622837370242
48f_t15,46,iforest+msp:max,thr,Normal,2777,0.03853078862081383,0.370242214532872
48f_t15,46,iforest+msp:max,thr,Reconnaissance,406,0.014778325123152709,0.020761245674740483
48f_t15,46,iforest+msp:max,cal,Analysis,64,0.140625,0.03982300884955752
48f_t15,46,iforest+msp:max,cal,Backdoor,65,0.046153846153846156,0.01327433628318584
48f_t15,46,iforest+msp:max,cal,DoS,190,0.06842105263157895,0.05752212389380531
48f_t15,46,iforest+msp:max,cal,Exploits,988,0.06882591093117409,0.3008849557522124
48f_t15,46,iforest+msp:max,cal,Fuzzers,720,0.08055555555555556,0.25663716814159293
48f_t15,46,iforest+msp:max,cal,Normal,2620,0.025954198473282442,0.3008849557522124
48f_t15,46,iforest+msp:max,cal,Reconnaissance,353,0.019830028328611898,0.030973451327433628
48f_t15,46,iforest+msp:max,test,Analysis,438,0.0273972602739726,0.0045627376425855515
48f_t15,46,iforest+msp:max,test,Backdoor,345,0.020289855072463767,0.002661596958174905
48f_t15,46,iforest+msp:max,test,DoS,1694,0.08323494687131051,0.05361216730038023
48f_t15,46,iforest+msp:max,test,Exploits,7590,0.06508563899868247,0.18783269961977186
48f_t15,46,iforest+msp:max,test,Fuzzers,4810,0.06715176715176716,0.12281368821292776
48f_t15,46,iforest+msp:max,test,Generic,3418,0.026038619075482737,0.03384030418250951
48f_t15,46,iforest+msp:max,test,Normal,33832,0.04454362733506739,0.5730038022813688
48f_t15,46,iforest+msp:max,test,Reconnaissance,2469,0.023086269744835967,0.02167300380228137
48f_t15,46,iforest+entropy:mean,thr,Analysis,184,0.03260869565217391,0.02666666666666667
48f_t15,46,iforest+entropy:mean,thr,Backdoor,271,0.03690036900369004,0.044444444444444446
48f_t15,46,iforest+entropy:mean,thr,DoS,190,0.11052631578947368,0.09333333333333334
48f_t15,46,iforest+entropy:mean,thr,Exploits,872,0.0389908256880734,0.1511111111111111
48f_t15,46,iforest+entropy:mean,thr,Fuzzers,915,0.10273224043715846,0.4177777777777778
48f_t15,46,iforest+entropy:mean,thr,Generic,185,0.04864864864864865,0.04
48f_t15,46,iforest+entropy:mean,thr,Normal,2777,0.015484335613971912,0.19111111111111112
48f_t15,46,iforest+entropy:mean,thr,Reconnaissance,406,0.019704433497536946,0.035555555555555556
48f_t15,46,iforest+entropy:mean,cal,Analysis,64,0.109375,0.04827586206896552
48f_t15,46,iforest+entropy:mean,cal,Backdoor,65,0.13846153846153847,0.06206896551724138
48f_t15,46,iforest+entropy:mean,cal,DoS,190,0.031578947368421054,0.041379310344827586
48f_t15,46,iforest+entropy:mean,cal,Exploits,988,0.02125506072874494,0.14482758620689656
48f_t15,46,iforest+entropy:mean,cal,Fuzzers,720,0.07916666666666666,0.3931034482758621
48f_t15,46,iforest+entropy:mean,cal,Normal,2620,0.01450381679389313,0.2620689655172414
48f_t15,46,iforest+entropy:mean,cal,Reconnaissance,353,0.019830028328611898,0.04827586206896552
48f_t15,46,iforest+entropy:mean,test,Analysis,438,0.0228310502283105,0.006578947368421052
48f_t15,46,iforest+entropy:mean,test,Backdoor,345,0.043478260869565216,0.009868421052631578
48f_t15,46,iforest+entropy:mean,test,DoS,1694,0.05548996458087367,0.06184210526315789
48f_t15,46,iforest+entropy:mean,test,Exploits,7590,0.026613965744400527,0.13289473684210526
48f_t15,46,iforest+entropy:mean,test,Fuzzers,4810,0.0632016632016632,0.2
48f_t15,46,iforest+entropy:mean,test,Generic,3418,0.03861907548273844,0.0868421052631579
48f_t15,46,iforest+entropy:mean,test,Normal,33832,0.02184322534878222,0.4861842105263158
48f_t15,46,iforest+entropy:mean,test,Reconnaissance,2469,0.009720534629404616,0.015789473684210527
48f_t15,46,iforest+entropy:max,thr,Analysis,184,0.03260869565217391,0.03636363636363636
48f_t15,46,iforest+entropy:max,thr,Backdoor,271,0.033210332103321034,0.05454545454545454
48f_t15,46,iforest+entropy:max,thr,DoS,190,0.10526315789473684,0.12121212121212122
48f_t15,46,iforest+entropy:max,thr,Exploits,872,0.04472477064220184,0.23636363636363636
48f_t15,46,iforest+entropy:max,thr,Fuzzers,915,0.05683060109289618,0.3151515151515151
48f_t15,46,iforest+entropy:max,thr,Generic,185,0.02702702702702703,0.030303030303030304
48f_t15,46,iforest+entropy:max,thr,Normal,2777,0.009722722362261434,0.16363636363636364
48f_t15,46,iforest+entropy:max,thr,Reconnaissance,406,0.017241379310344827,0.04242424242424243
48f_t15,46,iforest+entropy:max,cal,Analysis,64,0.046875,0.02459016393442623
48f_t15,46,iforest+entropy:max,cal,Backdoor,65,0.07692307692307693,0.040983606557377046
48f_t15,46,iforest+entropy:max,cal,DoS,190,0.05789473684210526,0.09016393442622951
48f_t15,46,iforest+entropy:max,cal,Exploits,988,0.043522267206477734,0.3524590163934426
48f_t15,46,iforest+entropy:max,cal,Fuzzers,720,0.03611111111111111,0.21311475409836064
48f_t15,46,iforest+entropy:max,cal,Normal,2620,0.010687022900763359,0.22950819672131148
48f_t15,46,iforest+entropy:max,cal,Reconnaissance,353,0.0169971671388102,0.04918032786885246
48f_t15,46,iforest+entropy:max,test,Analysis,438,0.04337899543378995,0.01330532212885154
48f_t15,46,iforest+entropy:max,test,Backdoor,345,0.0782608695652174,0.018907563025210083
48f_t15,46,iforest+entropy:max,test,DoS,1694,0.07674144037780402,0.09103641456582633
48f_t15,46,iforest+entropy:max,test,Exploits,7590,0.043741765480895915,0.23249299719887956
48f_t15,46,iforest+entropy:max,test,Fuzzers,4810,0.035343035343035345,0.11904761904761904
48f_t15,46,iforest+entropy:max,test,Generic,3418,0.02399063779988297,0.05742296918767507
48f_t15,46,iforest+entropy:max,test,Normal,33832,0.018148498462993615,0.42997198879551823
48f_t15,46,iforest+entropy:max,test,Reconnaissance,2469,0.02187120291616039,0.037815126050420166
48f_t15,46,iforest+margin:mean,thr,Analysis,184,0.03260869565217391,0.020689655172413793
48f_t15,46,iforest+margin:mean,thr,Backdoor,271,0.04059040590405904,0.03793103448275862
48f_t15,46,iforest+margin:mean,thr,DoS,190,0.1368421052631579,0.0896551724137931
48f_t15,46,iforest+margin:mean,thr,Exploits,872,0.04243119266055046,0.12758620689655173
48f_t15,46,iforest+margin:mean,thr,Fuzzers,915,0.13989071038251366,0.4413793103448276
48f_t15,46,iforest+margin:mean,thr,Generic,185,0.04864864864864865,0.03103448275862069
48f_t15,46,iforest+margin:mean,thr,Normal,2777,0.02340655383507382,0.22413793103448276
48f_t15,46,iforest+margin:mean,thr,Reconnaissance,406,0.019704433497536946,0.027586206896551724
48f_t15,46,iforest+margin:mean,cal,Analysis,64,0.09375,0.02631578947368421
48f_t15,46,iforest+margin:mean,cal,Backdoor,65,0.13846153846153847,0.039473684210526314
48f_t15,46,iforest+margin:mean,cal,DoS,190,0.07894736842105263,0.06578947368421052
48f_t15,46,iforest+margin:mean,cal,Exploits,988,0.03137651821862348,0.13596491228070176
48f_t15,46,iforest+margin:mean,cal,Fuzzers,720,0.15694444444444444,0.4956140350877193
48f_t15,46,iforest+margin:mean,cal,Normal,2620,0.01870229007633588,0.2149122807017544
48f_t15,46,iforest+margin:mean,cal,Reconnaissance,353,0.014164305949008499,0.021929824561403508
48f_t15,46,iforest+margin:mean,test,Analysis,438,0.0228310502283105,0.003444712366517396
48f_t15,46,iforest+margin:mean,test,Backdoor,345,0.03188405797101449,0.0037891836031691355
48f_t15,46,iforest+margin:mean,test,DoS,1694,0.09208972845336481,0.05373751291767138
48f_t15,46,iforest+margin:mean,test,Exploits,7590,0.03978919631093544,0.10403031346882535
48f_t15,46,iforest+margin:mean,test,Fuzzers,4810,0.11226611226611227,0.18601446779193936
48f_t15,46,iforest+margin:mean,test,Generic,3418,0.0497366881217086,0.05856011023079573
48f_t15,46,iforest+margin:mean,test,Normal,33832,0.049952707495861906,0.5821563899414399
48f_t15,46,iforest+margin:mean,test,Reconnaissance,2469,0.009720534629404616,0.00826730967964175
48f_t15,46,iforest+margin:max,thr,Analysis,184,0.016304347826086956,0.011152416356877323
48f_t15,46,iforest+margin:max,thr,Backdoor,271,0.0,0.0
48f_t15,46,iforest+margin:max,thr,DoS,190,0.07368421052631578,0.05204460966542751
48f_t15,46,iforest+margin:max,thr,Exploits,872,0.06651376146788991,0.21561338289962825
48f_t15,46,iforest+margin:max,thr,Fuzzers,915,0.0907103825136612,0.30855018587360594
48f_t15,46,iforest+margin:max,thr,Generic,185,0.005405405405405406,0.0037174721189591076
48f_t15,46,iforest+margin:max,thr,Normal,2777,0.03528988116672668,0.3643122676579926
48f_t15,46,iforest+margin:max,thr,Reconnaissance,406,0.029556650246305417,0.04460966542750929
48f_t15,46,iforest+margin:max,cal,Analysis,64,0.046875,0.013953488372093023
48f_t15,46,iforest+margin:max,cal,Backdoor,65,0.0,0.0
48f_t15,46,iforest+margin:max,cal,DoS,190,0.05263157894736842,0.046511627906976744
48f_t15,46,iforest+margin:max,cal,Exploits,988,0.06983805668016195,0.3209302325581395
48f_t15,46,iforest+margin:max,cal,Fuzzers,720,0.07777777777777778,0.26046511627906976
48f_t15,46,iforest+margin:max,cal,Normal,2620,0.027862595419847327,0.3395348837209302
48f_t15,46,iforest+margin:max,cal,Reconnaissance,353,0.0113314447592068,0.018604651162790697
48f_t15,46,iforest+margin:max,test,Analysis,438,0.02511415525114155,0.0037250253979004403
48f_t15,46,iforest+margin:max,test,Backdoor,345,0.008695652173913044,0.001015916017609211
48f_t15,46,iforest+margin:max,test,DoS,1694,0.07378984651711924,0.04232983406705046
48f_t15,46,iforest+margin:max,test,Exploits,7590,0.06653491436100131,0.17101252963088384
48f_t15,46,iforest+margin:max,test,Fuzzers,4810,0.06465696465696466,0.10531662715882154
48f_t15,46,iforest+margin:max,test,Generic,3418,0.016383850204798128,0.018963765662038605
48f_t15,46,iforest+margin:max,test,Normal,33832,0.056041617403641525,0.6420589231290214
48f_t15,46,iforest+margin:max,test,Reconnaissance,2469,0.01863102470635885,0.015577378936674569
48f_t15,46,iforest+conformal:mean,thr,Analysis,184,0.005434782608695652,0.0034482758620689655
48f_t15,46,iforest+conformal:mean,thr,Backdoor,271,0.0036900369003690036,0.0034482758620689655
48f_t15,46,iforest+conformal:mean,thr,DoS,190,0.05263157894736842,0.034482758620689655
48f_t15,46,iforest+conformal:mean,thr,Exploits,872,0.03096330275229358,0.09310344827586207
48f_t15,46,iforest+conformal:mean,thr,Fuzzers,915,0.073224043715847,0.23103448275862068
48f_t15,46,iforest+conformal:mean,thr,Generic,185,0.12972972972972974,0.08275862068965517
48f_t15,46,iforest+conformal:mean,thr,Normal,2777,0.05761613251710479,0.5517241379310345
48f_t15,46,iforest+conformal:mean,thr,Reconnaissance,406,0.0,0.0
48f_t15,46,iforest+conformal:mean,cal,Analysis,64,0.015625,0.00303951367781155
48f_t15,46,iforest+conformal:mean,cal,Backdoor,65,0.03076923076923077,0.0060790273556231
48f_t15,46,iforest+conformal:mean,cal,DoS,190,0.015789473684210527,0.00911854103343465
48f_t15,46,iforest+conformal:mean,cal,Exploits,988,0.024291497975708502,0.0729483282674772
48f_t15,46,iforest+conformal:mean,cal,Fuzzers,720,0.08055555555555556,0.1762917933130699
48f_t15,46,iforest+conformal:mean,cal,Normal,2620,0.09198473282442748,0.7325227963525835
48f_t15,46,iforest+conformal:mean,cal,Reconnaissance,353,0.0,0.0
48f_t15,46,iforest+conformal:mean,test,Analysis,438,0.0,0.0
48f_t15,46,iforest+conformal:mean,test,Backdoor,345,0.0,0.0
48f_t15,46,iforest+conformal:mean,test,DoS,1694,0.043683589138134596,0.020676166526962837
48f_t15,46,iforest+conformal:mean,test,Exploits,7590,0.03517786561264822,0.07460184409052809
48f_t15,46,iforest+conformal:mean,test,Fuzzers,4810,0.06444906444906445,0.0866163732886281
48f_t15,46,iforest+conformal:mean,test,Generic,3418,0.16822703335283792,0.16065940206761664
48f_t15,46,iforest+conformal:mean,test,Normal,33832,0.06928351856230787,0.6549315451243364
48f_t15,46,iforest+conformal:mean,test,Reconnaissance,2469,0.0036452004860267314,0.002514668901927913
48f_t15,46,iforest+conformal:max,thr,Analysis,184,0.0,0.0
48f_t15,46,iforest+conformal:max,thr,Backdoor,271,0.0,0.0
48f_t15,46,iforest+conformal:max,thr,DoS,190,0.031578947368421054,0.02097902097902098
48f_t15,46,iforest+conformal:max,thr,Exploits,872,0.034403669724770644,0.1048951048951049
48f_t15,46,iforest+conformal:max,thr,Fuzzers,915,0.05245901639344262,0.16783216783216784
48f_t15,46,iforest+conformal:max,thr,Generic,185,0.8810810810810811,0.5699300699300699
48f_t15,46,iforest+conformal:max,thr,Normal,2777,0.012963629816348578,0.1258741258741259
48f_t15,46,iforest+conformal:max,thr,Reconnaissance,406,0.007389162561576354,0.01048951048951049
48f_t15,46,iforest+conformal:max,cal,Analysis,64,0.0,0.0
48f_t15,46,iforest+conformal:max,cal,Backdoor,65,0.0,0.0
48f_t15,46,iforest+conformal:max,cal,DoS,190,0.03684210526315789,0.08433734939759036
48f_t15,46,iforest+conformal:max,cal,Exploits,988,0.0354251012145749,0.42168674698795183
48f_t15,46,iforest+conformal:max,cal,Fuzzers,720,0.02638888888888889,0.2289156626506024
48f_t15,46,iforest+conformal:max,cal,Normal,2620,0.008396946564885497,0.26506024096385544
48f_t15,46,iforest+conformal:max,cal,Reconnaissance,353,0.0,0.0
48f_t15,46,iforest+conformal:max,test,Analysis,438,0.0,0.0
48f_t15,46,iforest+conformal:max,test,Backdoor,345,0.005797101449275362,0.00046882325363338024
48f_t15,46,iforest+conformal:max,test,DoS,1694,0.04427390791027155,0.017580872011251757
48f_t15,46,iforest+conformal:max,test,Exploits,7590,0.03689064558629776,0.06563525550867323
48f_t15,46,iforest+conformal:max,test,Fuzzers,4810,0.03762993762993763,0.04242850445382091
48f_t15,46,iforest+conformal:max,test,Generic,3418,0.9072557050906963,0.726910454758556
48f_t15,46,iforest+conformal:max,test,Normal,33832,0.018325845353511467,0.14533520862634786
48f_t15,46,iforest+conformal:max,test,Reconnaissance,2469,0.0028351559335763467,0.0016408813877168307
