pool,seed,score,part,known_class,n,flagged_share,share_of_false_alarms
41f,42,msp,thr,Analysis,120,0.2,0.0802675585284281
41f,42,msp,thr,Backdoor,94,0.14893617021276595,0.046822742474916385
41f,42,msp,thr,DoS,259,0.1776061776061776,0.15384615384615385
41f,42,msp,thr,Exploits,1310,0.0549618320610687,0.2408026755852843
41f,42,msp,thr,Fuzzers,990,0.06464646464646465,0.2140468227424749
41f,42,msp,thr,Generic,572,0.024475524475524476,0.046822742474916385
41f,42,msp,thr,Normal,2140,0.025233644859813085,0.1806020066889632
41f,42,msp,thr,Reconnaissance,515,0.021359223300970873,0.03678929765886288
41f,42,msp,cal,Analysis,102,0.13725490196078433,0.05737704918032787
41f,42,msp,cal,Backdoor,110,0.16363636363636364,0.07377049180327869
41f,42,msp,cal,DoS,221,0.13574660633484162,0.12295081967213115
41f,42,msp,cal,Exploits,1141,0.049079754601226995,0.22950819672131148
41f,42,msp,cal,Fuzzers,860,0.06976744186046512,0.2459016393442623
41f,42,msp,cal,Generic,28,0.17857142857142858,0.020491803278688523
41f,42,msp,cal,Normal,1475,0.03457627118644068,0.20901639344262296
41f,42,msp,cal,Reconnaissance,463,0.02159827213822894,0.040983606557377046
41f,42,msp,test,Analysis,438,0.07534246575342465,0.01056
41f,42,msp,test,Backdoor,345,0.08985507246376812,0.00992
41f,42,msp,test,DoS,1694,0.10153482880755609,0.05504
41f,42,msp,test,Exploits,7590,0.05401844532279315,0.1312
41f,42,msp,test,Fuzzers,4810,0.06756756756756757,0.104
41f,42,msp,test,Generic,3418,0.03364540667056758,0.0368
41f,42,msp,test,Normal,33832,0.05719437219200757,0.6192
41f,42,msp,test,Reconnaissance,2469,0.042122316727420006,0.03328
41f,42,entropy,thr,Analysis,120,0.35833333333333334,0.14333333333333334
41f,42,entropy,thr,Backdoor,94,0.43617021276595747,0.13666666666666666
41f,42,entropy,thr,DoS,259,0.17374517374517376,0.15
41f,42,entropy,thr,Exploits,1310,0.0366412213740458,0.16
41f,42,entropy,thr,Fuzzers,990,0.05353535353535353,0.17666666666666667
41f,42,entropy,thr,Generic,572,0.027972027972027972,0.05333333333333334
41f,42,entropy,thr,Normal,2140,0.006074766355140187,0.043333333333333335
41f,42,entropy,thr,Reconnaissance,515,0.07961165048543689,0.13666666666666666
41f,42,entropy,cal,Analysis,102,0.29411764705882354,0.12931034482758622
41f,42,entropy,cal,Backdoor,110,0.4,0.1896551724137931
41f,42,entropy,cal,DoS,221,0.17647058823529413,0.16810344827586207
41f,42,entropy,cal,Exploits,1141,0.033304119193689745,0.16379310344827586
41f,42,entropy,cal,Fuzzers,860,0.04534883720930233,0.16810344827586207
41f,42,entropy,cal,Generic,28,0.10714285714285714,0.01293103448275862
41f,42,entropy,cal,Normal,1475,0.0047457627118644066,0.03017241379310345
41f,42,entropy,cal,Reconnaissance,463,0.06911447084233262,0.13793103448275862
41f,42,entropy,test,Analysis,438,0.18493150684931506,0.06206896551724138
41f,42,entropy,test,Backdoor,345,0.1826086956521739,0.04827586206896552
41f,42,entropy,test,DoS,1694,0.1127508854781582,0.14636015325670498
41f,42,entropy,test,Exploits,7590,0.033069828722002634,0.19233716475095786
41f,42,entropy,test,Fuzzers,4810,0.04864864864864865,0.1793103448275862
41f,42,entropy,test,Generic,3418,0.029256875365710942,0.07662835249042145
41f,42,entropy,test,Normal,33832,0.00801016788838969,0.20766283524904214
41f,42,entropy,test,Reconnaissance,2469,0.046172539489671933,0.08735632183908046
41f,42,margin,thr,Analysis,120,0.11666666666666667,0.04666666666666667
41f,42,margin,thr,Backdoor,94,0.02127659574468085,0.006666666666666667
41f,42,margin,thr,DoS,259,0.07722007722007722,0.06666666666666667
41f,42,margin,thr,Exploits,1310,0.04885496183206107,0.21333333333333335
41f,42,margin,thr,Fuzzers,990,0.06565656565656566,0.21666666666666667
41f,42,margin,thr,Generic,572,0.019230769230769232,0.03666666666666667
41f,42,margin,thr,Normal,2140,0.05046728971962617,0.36
41f,42,margin,thr,Reconnaissance,515,0.031067961165048542,0.05333333333333334
41f,42,margin,cal,Analysis,102,0.0392156862745098,0.017937219730941704
41f,42,margin,cal,Backdoor,110,0.06363636363636363,0.03139013452914798
41f,42,margin,cal,DoS,221,0.06787330316742081,0.06726457399103139
41f,42,margin,cal,Exploits,1141,0.05258545135845749,0.26905829596412556
41f,42,margin,cal,Fuzzers,860,0.05813953488372093,0.2242152466367713
41f,42,margin,cal,Generic,28,0.07142857142857142,0.008968609865470852
41f,42,margin,cal,Normal,1475,0.05016949152542373,0.33183856502242154
41f,42,margin,cal,Reconnaissance,463,0.023758099352051837,0.04932735426008968
41f,42,margin,test,Analysis,438,0.0319634703196347,0.0043736332396126214
41f,42,margin,test,Backdoor,345,0.020289855072463767,0.0021868166198063107
41f,42,margin,test,DoS,1694,0.07142857142857142,0.037800687285223365
41f,42,margin,test,Exploits,7590,0.0466403162055336,0.1105904404873477
41f,42,margin,test,Fuzzers,4810,0.0711018711018711,0.10684161199625117
41f,42,margin,test,Generic,3418,0.018431831480397894,0.019681349578256794
41f,42,margin,test,Normal,33832,0.06529321352565619,0.69009684473602
41f,42,margin,test,Reconnaissance,2469,0.036857027136492505,0.028428616057482037
41f,42,conformal,thr,Analysis,120,0.058333333333333334,0.02348993288590604
41f,42,conformal,thr,Backdoor,94,0.0,0.0
41f,42,conformal,thr,DoS,259,0.05791505791505792,0.050335570469798654
41f,42,conformal,thr,Exploits,1310,0.06717557251908397,0.2953020134228188
41f,42,conformal,thr,Fuzzers,990,0.07373737373737374,0.24496644295302014
41f,42,conformal,thr,Generic,572,0.0,0.0
41f,42,conformal,thr,Normal,2140,0.04813084112149533,0.34563758389261745
41f,42,conformal,thr,Reconnaissance,515,0.02330097087378641,0.040268456375838924
41f,42,conformal,cal,Analysis,102,0.058823529411764705,0.026200873362445413
41f,42,conformal,cal,Backdoor,110,0.00909090909090909,0.004366812227074236
41f,42,conformal,cal,DoS,221,0.058823529411764705,0.056768558951965066
41f,42,conformal,cal,Exploits,1141,0.06310254163014899,0.314410480349345
41f,42,conformal,cal,Fuzzers,860,0.06279069767441861,0.23580786026200873
41f,42,conformal,cal,Generic,28,0.10714285714285714,0.013100436681222707
41f,42,conformal,cal,Normal,1475,0.04677966101694915,0.30131004366812225
41f,42,conformal,cal,Reconnaissance,463,0.023758099352051837,0.048034934497816595
41f,42,conformal,test,Analysis,438,0.07534246575342465,0.009131156613171001
41f,42,conformal,test,Backdoor,345,0.02318840579710145,0.002213613724405091
41f,42,conformal,test,DoS,1694,0.06729634002361275,0.03154399557277255
41f,42,conformal,test,Exploits,7590,0.06679841897233202,0.14028776978417265
41f,42,conformal,test,Fuzzers,4810,0.07837837837837838,0.10431654676258993
41f,42,conformal,test,Generic,3418,0.0023405500292568754,0.002213613724405091
41f,42,conformal,test,Normal,33832,0.07247576259162923,0.6784726065301605
41f,42,conformal,test,Reconnaissance,2469,0.04657756176589713,0.03182069728832319
41f,42,iforest,thr,Analysis,120,0.025,0.01
41f,42,iforest,thr,Backdoor,94,0.031914893617021274,0.01
41f,42,iforest,thr,DoS,259,0.11969111969111969,0.10333333333333333
41f,42,iforest,thr,Exploits,1310,0.09236641221374046,0.4033333333333333
41f,42,iforest,thr,Fuzzers,990,0.06464646464646465,0.21333333333333335
41f,42,iforest,thr,Generic,572,0.015734265734265736,0.03
41f,42,iforest,thr,Normal,2140,0.0308411214953271,0.22
41f,42,iforest,thr,Reconnaissance,515,0.005825242718446602,0.01
41f,42,iforest,cal,Analysis,102,0.0392156862745098,0.01593625498007968
41f,42,iforest,cal,Backdoor,110,0.045454545454545456,0.0199203187250996
41f,42,iforest,cal,DoS,221,0.07692307692307693,0.06772908366533864
41f,42,iforest,cal,Exploits,1141,0.10780017528483786,0.4900398406374502
41f,42,iforest,cal,Fuzzers,860,0.07790697674418605,0.26693227091633465
41f,42,iforest,cal,Generic,28,0.0,0.0
41f,42,iforest,cal,Normal,1475,0.020338983050847456,0.11952191235059761
41f,42,iforest,cal,Reconnaissance,463,0.01079913606911447,0.0199203187250996
41f,42,iforest,test,Analysis,438,0.00228310502283105,0.0004562043795620438
41f,42,iforest,test,Backdoor,345,0.014492753623188406,0.002281021897810219
41f,42,iforest,test,DoS,1694,0.07910271546635184,0.06113138686131387
41f,42,iforest,test,Exploits,7590,0.08115942028985507,0.28102189781021897
41f,42,iforest,test,Fuzzers,4810,0.05592515592515593,0.12271897810218978
41f,42,iforest,test,Generic,3418,0.0155061439438268,0.024178832116788323
41f,42,iforest,test,Normal,33832,0.03254315441002601,0.5022810218978102
41f,42,iforest,test,Reconnaissance,2469,0.005265289590927501,0.005930656934306569
41f,42,iforest+msp:mean,thr,Analysis,120,0.20833333333333334,0.08333333333333333
41f,42,iforest+msp:mean,thr,Backdoor,94,0.18085106382978725,0.056666666666666664
41f,42,iforest+msp:mean,thr,DoS,259,0.1274131274131274,0.11
41f,42,iforest+msp:mean,thr,Exploits,1310,0.03969465648854962,0.17333333333333334
41f,42,iforest+msp:mean,thr,Fuzzers,990,0.047474747474747475,0.15666666666666668
41f,42,iforest+msp:mean,thr,Generic,572,0.03146853146853147,0.06
41f,42,iforest+msp:mean,thr,Normal,2140,0.04065420560747664,0.29
41f,42,iforest+msp:mean,thr,Reconnaissance,515,0.040776699029126215,0.07
41f,42,iforest+msp:mean,cal,Analysis,102,0.22549019607843138,0.09163346613545817
41f,42,iforest+msp:mean,cal,Backdoor,110,0.21818181818181817,0.09561752988047809
41f,42,iforest+msp:mean,cal,DoS,221,0.1583710407239819,0.1394422310756972
41f,42,iforest+msp:mean,cal,Exploits,1141,0.04732690622261174,0.2151394422310757
41f,42,iforest+msp:mean,cal,Fuzzers,860,0.06627906976744186,0.22709163346613545
41f,42,iforest+msp:mean,cal,Generic,28,0.14285714285714285,0.01593625498007968
41f,42,iforest+msp:mean,cal,Normal,1475,0.021016949152542375,0.12350597609561753
41f,42,iforest+msp:mean,cal,Reconnaissance,463,0.04967602591792657,0.09163346613545817
41f,42,iforest+msp:mean,test,Analysis,438,0.0776255707762557,0.015496809480401094
41f,42,iforest+msp:mean,test,Backdoor,345,0.10144927536231885,0.015952597994530537
41f,42,iforest+msp:mean,test,DoS,1694,0.09268004722550177,0.0715587967183227
41f,42,iforest+msp:mean,test,Exploits,7590,0.03386034255599473,0.11713764813126709
41f,42,iforest+msp:mean,test,Fuzzers,4810,0.0632016632016632,0.13855970829535097
41f,42,iforest+msp:mean,test,Generic,3418,0.03218256290228204,0.05013673655423884
41f,42,iforest+msp:mean,test,Normal,33832,0.03635611255615985,0.5606198723792161
41f,42,iforest+msp:mean,test,Reconnaissance,2469,0.02713649250708789,0.030537830446672742
41f,42,iforest+msp:max,thr,Analysis,120,0.125,0.05016722408026756
41f,42,iforest+msp:max,thr,Backdoor,94,0.07446808510638298,0.023411371237458192
41f,42,iforest+msp:max,thr,DoS,259,0.16988416988416988,0.14715719063545152
41f,42,iforest+msp:max,thr,Exploits,1310,0.07251908396946564,0.3177257525083612
41f,42,iforest+msp:max,thr,Fuzzers,990,0.0595959595959596,0.19732441471571907
41f,42,iforest+msp:max,thr,Generic,572,0.026223776223776224,0.05016722408026756
41f,42,iforest+msp:max,thr,Normal,2140,0.027102803738317756,0.1939799331103679
41f,42,iforest+msp:max,thr,Reconnaissance,515,0.011650485436893204,0.020066889632107024
41f,42,iforest+msp:max,cal,Analysis,102,0.08823529411764706,0.038135593220338986
41f,42,iforest+msp:max,cal,Backdoor,110,0.13636363636363635,0.0635593220338983
41f,42,iforest+msp:max,cal,DoS,221,0.09502262443438914,0.08898305084745763
41f,42,iforest+msp:max,cal,Exploits,1141,0.08150744960560911,0.3940677966101695
41f,42,iforest+msp:max,cal,Fuzzers,860,0.06511627906976744,0.23728813559322035
41f,42,iforest+msp:max,cal,Generic,28,0.07142857142857142,0.00847457627118644
41f,42,iforest+msp:max,cal,Normal,1475,0.023728813559322035,0.1483050847457627
41f,42,iforest+msp:max,cal,Reconnaissance,463,0.01079913606911447,0.0211864406779661
41f,42,iforest+msp:max,test,Analysis,438,0.02511415525114155,0.0042569659442724455
41f,42,iforest+msp:max,test,Backdoor,345,0.02318840579710145,0.0030959752321981426
41f,42,iforest+msp:max,test,DoS,1694,0.09917355371900827,0.06501547987616099
41f,42,iforest+msp:max,test,Exploits,7590,0.0616600790513834,0.18111455108359134
41f,42,iforest+msp:max,test,Fuzzers,4810,0.04885654885654886,0.09094427244582043
41f,42,iforest+msp:max,test,Generic,3418,0.02516091281451141,0.033281733746130034
41f,42,iforest+msp:max,test,Normal,33832,0.04602151808938283,0.6025541795665634
41f,42,iforest+msp:max,test,Reconnaissance,2469,0.020656136087484813,0.019736842105263157
41f,42,iforest+entropy:mean,thr,Analysis,120,0.23333333333333334,0.09333333333333334
41f,42,iforest+entropy:mean,thr,Backdoor,94,0.2127659574468085,0.06666666666666667
41f,42,iforest+entropy:mean,thr,DoS,259,0.14285714285714285,0.12333333333333334
41f,42,iforest+entropy:mean,thr,Exploits,1310,0.031297709923664124,0.13666666666666666
41f,42,iforest+entropy:mean,thr,Fuzzers,990,0.07171717171717172,0.23666666666666666
41f,42,iforest+entropy:mean,thr,Generic,572,0.038461538461538464,0.07333333333333333
41f,42,iforest+entropy:mean,thr,Normal,2140,0.02570093457943925,0.18333333333333332
41f,42,iforest+entropy:mean,thr,Reconnaissance,515,0.05048543689320388,0.08666666666666667
41f,42,iforest+entropy:mean,cal,Analysis,102,0.2647058823529412,0.10227272727272728
41f,42,iforest+entropy:mean,cal,Backdoor,110,0.3181818181818182,0.13257575757575757
41f,42,iforest+entropy:mean,cal,DoS,221,0.14479638009049775,0.12121212121212122
41f,42,iforest+entropy:mean,cal,Exploits,1141,0.03680981595092025,0.1590909090909091
41f,42,iforest+entropy:mean,cal,Fuzzers,860,0.09069767441860466,0.29545454545454547
41f,42,iforest+entropy:mean,cal,Generic,28,0.07142857142857142,0.007575757575757576
41f,42,iforest+entropy:mean,cal,Normal,1475,0.013559322033898305,0.07575757575757576
41f,42,iforest+entropy:mean,cal,Reconnaissance,463,0.06047516198704104,0.10606060606060606
41f,42,iforest+entropy:mean,test,Analysis,438,0.1917808219178082,0.04407135362014691
41f,42,iforest+entropy:mean,test,Backdoor,345,0.17391304347826086,0.03147953830010493
41f,42,iforest+entropy:mean,test,DoS,1694,0.11038961038961038,0.09811122770199371
41f,42,iforest+entropy:mean,test,Exploits,7590,0.03386034255599473,0.1348373557187828
41f,42,iforest+entropy:mean,test,Fuzzers,4810,0.07442827442827443,0.18782791185729275
41f,42,iforest+entropy:mean,test,Generic,3418,0.03481568168519602,0.06243441762854145
41f,42,iforest+entropy:mean,test,Normal,33832,0.02258217072593994,0.40083945435466944
41f,42,iforest+entropy:mean,test,Reconnaissance,2469,0.031186715269339815,0.040398740818468
41f,42,iforest+entropy:max,thr,Analysis,120,0.16666666666666666,0.06711409395973154
41f,42,iforest+entropy:max,thr,Backdoor,94,0.20212765957446807,0.06375838926174497
41f,42,iforest+entropy:max,thr,DoS,259,0.16988416988416988,0.1476510067114094
41f,42,iforest+entropy:max,thr,Exploits,1310,0.059541984732824425,0.26174496644295303
41f,42,iforest+entropy:max,thr,Fuzzers,990,0.05555555555555555,0.18456375838926176
41f,42,iforest+entropy:max,thr,Generic,572,0.024475524475524476,0.04697986577181208
41f,42,iforest+entropy:max,thr,Normal,2140,0.022897196261682243,0.1644295302013423
41f,42,iforest+entropy:max,thr,Reconnaissance,515,0.036893203883495145,0.06375838926174497
41f,42,iforest+entropy:max,cal,Analysis,102,0.12745098039215685,0.0546218487394958
41f,42,iforest+entropy:max,cal,Backdoor,110,0.23636363636363636,0.1092436974789916
41f,42,iforest+entropy:max,cal,DoS,221,0.13574660633484162,0.12605042016806722
41f,42,iforest+entropy:max,cal,Exploits,1141,0.06923751095530237,0.3319327731092437
41f,42,iforest+entropy:max,cal,Fuzzers,860,0.06511627906976744,0.23529411764705882
41f,42,iforest+entropy:max,cal,Generic,28,0.10714285714285714,0.012605042016806723
41f,42,iforest+entropy:max,cal,Normal,1475,0.010169491525423728,0.06302521008403361
41f,42,iforest+entropy:max,cal,Reconnaissance,463,0.03455723542116631,0.06722689075630252
41f,42,iforest+entropy:max,test,Analysis,438,0.0958904109589041,0.022653721682847898
41f,42,iforest+entropy:max,test,Backdoor,345,0.11884057971014493,0.022114347357065803
41f,42,iforest+entropy:max,test,DoS,1694,0.1115702479338843,0.10194174757281553
41f,42,iforest+entropy:max,test,Exploits,7590,0.05375494071146245,0.22006472491909385
41f,42,iforest+entropy:max,test,Fuzzers,4810,0.048232848232848236,0.12513484358144553
41f,42,iforest+entropy:max,test,Generic,3418,0.028086600351082503,0.05177993527508091
41f,42,iforest+entropy:max,test,Normal,33832,0.02326200047292504,0.42448759439050704
41f,42,iforest+entropy:max,test,Reconnaissance,2469,0.02389631429728635,0.03182308522114347
41f,42,iforest+margin:mean,thr,Analysis,120,0.125,0.05
41f,42,iforest+margin:mean,thr,Backdoor,94,0.09574468085106383,0.03
41f,42,iforest+margin:mean,thr,DoS,259,0.11196911196911197,0.09666666666666666
41f,42,iforest+margin:mean,thr,Exploits,1310,0.04351145038167939,0.19
41f,42,iforest+margin:mean,thr,Fuzzers,990,0.048484848484848485,0.16
41f,42,iforest+margin:mean,thr,Generic,572,0.024475524475524476,0.04666666666666667
41f,42,iforest+margin:mean,thr,Normal,2140,0.0514018691588785,0.36666666666666664
41f,42,iforest+margin:mean,thr,Reconnaissance,515,0.03495145631067961,0.06
41f,42,iforest+margin:mean,cal,Analysis,102,0.13725490196078433,0.05907172995780591
41f,42,iforest+margin:mean,cal,Backdoor,110,0.14545454545454545,0.06751054852320675
41f,42,iforest+margin:mean,cal,DoS,221,0.14027149321266968,0.1308016877637131
41f,42,iforest+margin:mean,cal,Exploits,1141,0.051709027169149865,0.2489451476793249
41f,42,iforest+margin:mean,cal,Fuzzers,860,0.06744186046511629,0.24472573839662448
41f,42,iforest+margin:mean,cal,Generic,28,0.10714285714285714,0.012658227848101266
41f,42,iforest+margin:mean,cal,Normal,1475,0.02440677966101695,0.1518987341772152
41f,42,iforest+margin:mean,cal,Reconnaissance,463,0.04319654427645788,0.08438818565400844
41f,42,iforest+margin:mean,test,Analysis,438,0.02054794520547945,0.004343629343629344
41f,42,iforest+margin:mean,test,Backdoor,345,0.03768115942028986,0.006274131274131274
41f,42,iforest+margin:mean,test,DoS,1694,0.07733175914994096,0.06322393822393822
41f,42,iforest+margin:mean,test,Exploits,7590,0.03438735177865613,0.12596525096525096
41f,42,iforest+margin:mean,test,Fuzzers,4810,0.06444906444906445,0.14961389961389962
41f,42,iforest+margin:mean,test,Generic,3418,0.028964306612053833,0.04777992277992278
41f,42,iforest+margin:mean,test,Normal,33832,0.03475999054149917,0.5675675675675675
41f,42,iforest+margin:mean,test,Reconnaissance,2469,0.029566626164439044,0.03523166023166023
41f,42,iforest+margin:max,thr,Analysis,120,0.075,0.030405405405405407
41f,42,iforest+margin:max,thr,Backdoor,94,0.02127659574468085,0.006756756756756757
41f,42,iforest+margin:max,thr,DoS,259,0.11583011583011583,0.10135135135135136
41f,42,iforest+margin:max,thr,Exploits,1310,0.06412213740458016,0.28378378378378377
41f,42,iforest+margin:max,thr,Fuzzers,990,0.05656565656565657,0.1891891891891892
41f,42,iforest+margin:max,thr,Generic,572,0.019230769230769232,0.037162162162162164
41f,42,iforest+margin:max,thr,Normal,2140,0.044859813084112146,0.32432432432432434
41f,42,iforest+margin:max,thr,Reconnaissance,515,0.015533980582524271,0.02702702702702703
41f,42,iforest+margin:max,cal,Analysis,102,0.0392156862745098,0.01809954751131222
41f,42,iforest+margin:max,cal,Backdoor,110,0.05454545454545454,0.027149321266968326
41f,42,iforest+margin:max,cal,DoS,221,0.058823529411764705,0.058823529411764705
41f,42,iforest+margin:max,cal,Exploits,1141,0.07712532865907099,0.39819004524886875
41f,42,iforest+margin:max,cal,Fuzzers,860,0.07674418604651163,0.2986425339366516
41f,42,iforest+margin:max,cal,Generic,28,0.03571428571428571,0.004524886877828055
41f,42,iforest+margin:max,cal,Normal,1475,0.025084745762711864,0.167420814479638
41f,42,iforest+margin:max,cal,Reconnaissance,463,0.012958963282937365,0.027149321266968326
41f,42,iforest+margin:max,test,Analysis,438,0.0182648401826484,0.0029850746268656717
41f,42,iforest+margin:max,test,Backdoor,345,0.008695652173913044,0.001119402985074627
41f,42,iforest+margin:max,test,DoS,1694,0.08146399055489964,0.05149253731343283
41f,42,iforest+margin:max,test,Exploits,7590,0.05625823451910408,0.15932835820895522
41f,42,iforest+margin:max,test,Fuzzers,4810,0.05280665280665281,0.09477611940298507
41f,42,iforest+margin:max,test,Generic,3418,0.016383850204798128,0.020895522388059702
41f,42,iforest+margin:max,test,Normal,33832,0.051460156065263656,0.6496268656716417
41f,42,iforest+margin:max,test,Reconnaissance,2469,0.021466180639935196,0.019776119402985074
41f,42,iforest+conformal:mean,thr,Analysis,120,0.05,0.02
41f,42,iforest+conformal:mean,thr,Backdoor,94,0.02127659574468085,0.006666666666666667
41f,42,iforest+conformal:mean,thr,DoS,259,0.06563706563706563,0.056666666666666664
41f,42,iforest+conformal:mean,thr,Exploits,1310,0.0648854961832061,0.2833333333333333
41f,42,iforest+conformal:mean,thr,Fuzzers,990,0.031313131313131314,0.10333333333333333
41f,42,iforest+conformal:mean,thr,Generic,572,0.0034965034965034965,0.006666666666666667
41f,42,iforest+conformal:mean,thr,Normal,2140,0.06728971962616823,0.48
41f,42,iforest+conformal:mean,thr,Reconnaissance,515,0.02524271844660194,0.043333333333333335
41f,42,iforest+conformal:mean,cal,Analysis,102,0.049019607843137254,0.022123893805309734
41f,42,iforest+conformal:mean,cal,Backdoor,110,0.01818181818181818,0.008849557522123894
41f,42,iforest+conformal:mean,cal,DoS,221,0.08144796380090498,0.07964601769911504
41f,42,iforest+conformal:mean,cal,Exploits,1141,0.07712532865907099,0.3893805309734513
41f,42,iforest+conformal:mean,cal,Fuzzers,860,0.047674418604651166,0.18141592920353983
41f,42,iforest+conformal:mean,cal,Generic,28,0.0,0.0
41f,42,iforest+conformal:mean,cal,Normal,1475,0.03932203389830508,0.25663716814159293
41f,42,iforest+conformal:mean,cal,Reconnaissance,463,0.03023758099352052,0.061946902654867256
41f,42,iforest+conformal:mean,test,Analysis,438,0.00684931506849315,0.0007772020725388601
41f,42,iforest+conformal:mean,test,Backdoor,345,0.005797101449275362,0.0005181347150259067
41f,42,iforest+conformal:mean,test,DoS,1694,0.06080283353010626,0.026683937823834197
41f,42,iforest+conformal:mean,test,Exploits,7590,0.05349143610013175,0.10518134715025906
41f,42,iforest+conformal:mean,test,Fuzzers,4810,0.047401247401247404,0.05906735751295337
41f,42,iforest+conformal:mean,test,Generic,3418,0.002047981275599766,0.0018134715025906736
41f,42,iforest+conformal:mean,test,Normal,33832,0.09041735634901868,0.7924870466321243
41f,42,iforest+conformal:mean,test,Reconnaissance,2469,0.021061158363710003,0.013471502590673576
41f,42,iforest+conformal:max,thr,Analysis,120,0.06666666666666667,0.02666666666666667
41f,42,iforest+conformal:max,thr,Backdoor,94,0.0,0.0
41f,42,iforest+conformal:max,thr,DoS,259,0.12355212355212356,0.10666666666666667
41f,42,iforest+conformal:max,thr,Exploits,1310,0.08015267175572519,0.35
41f,42,iforest+conformal:max,thr,Fuzzers,990,0.06868686868686869,0.22666666666666666
41f,42,iforest+conformal:max,thr,Generic,572,0.008741258741258742,0.016666666666666666
41f,42,iforest+conformal:max,thr,Normal,2140,0.035981308411214954,0.25666666666666665
41f,42,iforest+conformal:max,thr,Reconnaissance,515,0.009708737864077669,0.016666666666666666
41f,42,iforest+conformal:max,cal,Analysis,102,0.049019607843137254,0.0211864406779661
41f,42,iforest+conformal:max,cal,Backdoor,110,0.02727272727272727,0.012711864406779662
41f,42,iforest+conformal:max,cal,DoS,221,0.058823529411764705,0.05508474576271186
41f,42,iforest+conformal:max,cal,Exploits,1141,0.09027169149868536,0.4364406779661017
41f,42,iforest+conformal:max,cal,Fuzzers,860,0.0755813953488372,0.2754237288135593
41f,42,iforest+conformal:max,cal,Generic,28,0.10714285714285714,0.012711864406779662
41f,42,iforest+conformal:max,cal,Normal,1475,0.02847457627118644,0.17796610169491525
41f,42,iforest+conformal:max,cal,Reconnaissance,463,0.004319654427645789,0.00847457627118644
41f,42,iforest+conformal:max,test,Analysis,438,0.0593607305936073,0.008109794135995009
41f,42,iforest+conformal:max,test,Backdoor,345,0.020289855072463767,0.002183406113537118
41f,42,iforest+conformal:max,test,DoS,1694,0.09740259740259741,0.05146600124766064
41f,42,iforest+conformal:max,test,Exploits,7590,0.0782608695652174,0.1852776044915783
41f,42,iforest+conformal:max,test,Fuzzers,4810,0.06361746361746362,0.09544603867747972
41f,42,iforest+conformal:max,test,Generic,3418,0.009069631363370393,0.009669369931378666
41f,42,iforest+conformal:max,test,Normal,33832,0.05917474580279026,0.6244541484716157
41f,42,iforest+conformal:max,test,Reconnaissance,2469,0.030376670716889428,0.023393636930754833
41f,43,msp,thr,Analysis,66,0.3787878787878788,0.08333333333333333
41f,43,msp,thr,Backdoor,145,0.296551724137931,0.14333333333333334
41f,43,msp,thr,DoS,163,0.17791411042944785,0.09666666666666666
41f,43,msp,thr,Exploits,776,0.06056701030927835,0.15666666666666668
41f,43,msp,thr,Fuzzers,581,0.07056798623063683,0.13666666666666666
41f,43,msp,thr,Normal,3962,0.025492175668854113,0.33666666666666667
41f,43,msp,thr,Reconnaissance,307,0.04560260586319218,0.04666666666666667
41f,43,msp,cal,Analysis,89,0.4044943820224719,0.11145510835913312
41f,43,msp,cal,Backdoor,174,0.29310344827586204,0.15789473684210525
41f,43,msp,cal,DoS,224,0.15178571428571427,0.10526315789473684
41f,43,msp,cal,Exploits,1274,0.061224489795918366,0.24148606811145512
41f,43,msp,cal,Fuzzers,1020,0.08529411764705883,0.2693498452012384
41f,43,msp,cal,Generic,377,0.03183023872679045,0.03715170278637771
41f,43,msp,cal,Normal,1165,0.006008583690987125,0.021671826625386997
41f,43,msp,cal,Reconnaissance,477,0.03773584905660377,0.05572755417956656
41f,43,msp,test,Analysis,438,0.09817351598173515,0.010960999235279123
41f,43,msp,test,Backdoor,345,0.11014492753623188,0.009686464440479225
41f,43,msp,test,DoS,1694,0.14994096812278632,0.06474636757583482
41f,43,msp,test,Exploits,7590,0.06508563899868247,0.12592403772622993
41f,43,msp,test,Fuzzers,4810,0.0918918918918919,0.11266887586031099
41f,43,msp,test,Generic,3418,0.044177881802223526,0.03849095080295692
41f,43,msp,test,Normal,33832,0.06957909671317096,0.600050981391792
41f,43,msp,test,Reconnaissance,2469,0.05953827460510328,0.037471322967117
41f,43,entropy,thr,Analysis,66,0.7272727272727273,0.1605351170568562
41f,43,entropy,thr,Backdoor,145,0.7172413793103448,0.34782608695652173
41f,43,entropy,thr,DoS,163,0.20245398773006135,0.11036789297658862
41f,43,entropy,thr,Exploits,776,0.05154639175257732,0.13377926421404682
41f,43,entropy,thr,Fuzzers,581,0.043029259896729774,0.08361204013377926
41f,43,entropy,thr,Normal,3962,0.006814740030287734,0.0903010033444816
41f,43,entropy,thr,Reconnaissance,307,0.07166123778501629,0.07357859531772576
41f,43,entropy,cal,Analysis,89,0.7191011235955056,0.1725067385444744
41f,43,entropy,cal,Backdoor,174,0.6724137931034483,0.31536388140161725
41f,43,entropy,cal,DoS,224,0.13839285714285715,0.08355795148247978
41f,43,entropy,cal,Exploits,1274,0.029827315541601257,0.10242587601078167
41f,43,entropy,cal,Fuzzers,1020,0.04607843137254902,0.12668463611859837
41f,43,entropy,cal,Generic,377,0.0610079575596817,0.06199460916442048
41f,43,entropy,cal,Normal,1165,0.002575107296137339,0.008086253369272238
41f,43,entropy,cal,Reconnaissance,477,0.10062893081761007,0.1293800539083558
41f,43,entropy,test,Analysis,438,0.4429223744292237,0.0950514453699167
41f,43,entropy,test,Backdoor,345,0.3855072463768116,0.06516413522782949
41f,43,entropy,test,DoS,1694,0.20365997638724911,0.16903478686918177
41f,43,entropy,test,Exploits,7590,0.05217391304347826,0.19402253797158256
41f,43,entropy,test,Fuzzers,4810,0.07962577962577963,0.1876531112199902
41f,43,entropy,test,Generic,3418,0.03218256290228204,0.05389514943655071
41f,43,entropy,test,Normal,33832,0.008305746039252779,0.13767760901518863
41f,43,entropy,test,Reconnaissance,2469,0.08059943296881328,0.09750122488975992
41f,43,margin,thr,Analysis,66,0.015151515151515152,0.0033333333333333335
41f,43,margin,thr,Backdoor,145,0.041379310344827586,0.02
41f,43,margin,thr,DoS,163,0.1656441717791411,0.09
41f,43,margin,thr,Exploits,776,0.059278350515463915,0.15333333333333332
41f,43,margin,thr,Fuzzers,581,0.10154905335628227,0.19666666666666666
41f,43,margin,thr,Normal,3962,0.037102473498233215,0.49
41f,43,margin,thr,Reconnaissance,307,0.04560260586319218,0.04666666666666667
41f,43,margin,cal,Analysis,89,0.011235955056179775,0.003389830508474576
41f,43,margin,cal,Backdoor,174,0.05747126436781609,0.03389830508474576
41f,43,margin,cal,DoS,224,0.125,0.09491525423728814
41f,43,margin,cal,Exploits,1274,0.07299843014128729,0.3152542372881356
41f,43,margin,cal,Fuzzers,1020,0.10686274509803921,0.3694915254237288
41f,43,margin,cal,Generic,377,0.026525198938992044,0.03389830508474576
41f,43,margin,cal,Normal,1165,0.027467811158798282,0.10847457627118644
41f,43,margin,cal,Reconnaissance,477,0.025157232704402517,0.04067796610169491
41f,43,margin,test,Analysis,438,0.0182648401826484,0.001634320735444331
41f,43,margin,test,Backdoor,345,0.04057971014492753,0.0028600612870275793
41f,43,margin,test,DoS,1694,0.10979929161747344,0.037997957099080694
41f,43,margin,test,Exploits,7590,0.05889328063241107,0.091317671092952
41f,43,margin,test,Fuzzers,4810,0.1128898128898129,0.11092951991828397
41f,43,margin,test,Generic,3418,0.03071971913399649,0.021450459652706845
41f,43,margin,test,Normal,33832,0.1025656183494916,0.7088866189989785
41f,43,margin,test,Reconnaissance,2469,0.049412717699473474,0.024923391215526048
41f,43,conformal,thr,Analysis,66,0.0,0.0
41f,43,conformal,thr,Backdoor,145,0.006896551724137931,0.0033444816053511705
41f,43,conformal,thr,DoS,163,0.03067484662576687,0.016722408026755852
41f,43,conformal,thr,Exploits,776,0.01675257731958763,0.043478260869565216
41f,43,conformal,thr,Fuzzers,581,0.08777969018932874,0.1705685618729097
41f,43,conformal,thr,Normal,3962,0.057799091367995964,0.7658862876254181
41f,43,conformal,thr,Reconnaissance,307,0.0,0.0
41f,43,conformal,cal,Analysis,89,0.0,0.0
41f,43,conformal,cal,Backdoor,174,0.011494252873563218,0.011428571428571429
41f,43,conformal,cal,DoS,224,0.026785714285714284,0.03428571428571429
41f,43,conformal,cal,Exploits,1274,0.018838304552590265,0.13714285714285715
41f,43,conformal,cal,Fuzzers,1020,0.08333333333333333,0.4857142857142857
41f,43,conformal,cal,Generic,377,0.002652519893899204,0.005714285714285714
41f,43,conformal,cal,Normal,1165,0.048068669527897,0.32
41f,43,conformal,cal,Reconnaissance,477,0.0020964360587002098,0.005714285714285714
41f,43,conformal,test,Analysis,438,0.0091324200913242,0.000575788109975529
41f,43,conformal,test,Backdoor,345,0.017391304347826087,0.0008636821649632935
41f,43,conformal,test,DoS,1694,0.024203069657615112,0.005901828127249173
41f,43,conformal,test,Exploits,7590,0.025296442687747035,0.027637829278825393
41f,43,conformal,test,Fuzzers,4810,0.09896049896049897,0.06851878508708795
41f,43,conformal,test,Generic,3418,0.004388531304856641,0.002159205412408234
41f,43,conformal,test,Normal,33832,0.1819579096713171,0.8861379012523392
41f,43,conformal,test,Reconnaissance,2469,0.023086269744835967,0.008204980567151288
41f,43,iforest,thr,Analysis,66,0.030303030303030304,0.006666666666666667
41f,43,iforest,thr,Backdoor,145,0.006896551724137931,0.0033333333333333335
41f,43,iforest,thr,DoS,163,0.11042944785276074,0.06
41f,43,iforest,thr,Exploits,776,0.1327319587628866,0.3433333333333333
41f,43,iforest,thr,Fuzzers,581,0.0774526678141136,0.15
41f,43,iforest,thr,Normal,3962,0.033064109035840485,0.43666666666666665
41f,43,iforest,thr,Reconnaissance,307,0.0,0.0
41f,43,iforest,cal,Analysis,89,0.011235955056179775,0.002617801047120419
41f,43,iforest,cal,Backdoor,174,0.011494252873563218,0.005235602094240838
41f,43,iforest,cal,DoS,224,0.12053571428571429,0.07068062827225131
41f,43,iforest,cal,Exploits,1274,0.14442700156985872,0.4816753926701571
41f,43,iforest,cal,Fuzzers,1020,0.1,0.2670157068062827
41f,43,iforest,cal,Generic,377,0.03183023872679045,0.031413612565445025
41f,43,iforest,cal,Normal,1165,0.04291845493562232,0.13089005235602094
41f,43,iforest,cal,Reconnaissance,477,0.008385744234800839,0.010471204188481676
41f,43,iforest,test,Analysis,438,0.00228310502283105,0.00038774718883288094
41f,43,iforest,test,Backdoor,345,0.008695652173913044,0.0011632415664986429
41f,43,iforest,test,DoS,1694,0.08736717827626919,0.05738658394726638
41f,43,iforest,test,Exploits,7590,0.11725955204216074,0.34509499806126404
41f,43,iforest,test,Fuzzers,4810,0.06424116424116424,0.11981388134936022
41f,43,iforest,test,Generic,3418,0.01960210649502633,0.025979061651803026
41f,43,iforest,test,Normal,33832,0.033991487349255146,0.4459092671578131
41f,43,iforest,test,Reconnaissance,2469,0.0044552450384771165,0.004265219077161691
41f,43,iforest+msp:mean,thr,Analysis,66,0.07575757575757576,0.016666666666666666
41f,43,iforest+msp:mean,thr,Backdoor,145,0.2,0.09666666666666666
41f,43,iforest+msp:mean,thr,DoS,163,0.2392638036809816,0.13
41f,43,iforest+msp:mean,thr,Exploits,776,0.06443298969072164,0.16666666666666666
41f,43,iforest+msp:mean,thr,Fuzzers,581,0.10843373493975904,0.21
41f,43,iforest+msp:mean,thr,Normal,3962,0.024987380111055023,0.33
41f,43,iforest+msp:mean,thr,Reconnaissance,307,0.048859934853420196,0.05
41f,43,iforest+msp:mean,cal,Analysis,89,0.25842696629213485,0.053488372093023255
41f,43,iforest+msp:mean,cal,Backdoor,174,0.25862068965517243,0.10465116279069768
41f,43,iforest+msp:mean,cal,DoS,224,0.21428571428571427,0.11162790697674418
41f,43,iforest+msp:mean,cal,Exploits,1274,0.08555729984301413,0.2534883720930233
41f,43,iforest+msp:mean,cal,Fuzzers,1020,0.10392156862745099,0.24651162790697675
41f,43,iforest+msp:mean,cal,Generic,377,0.06896551724137931,0.06046511627906977
41f,43,iforest+msp:mean,cal,Normal,1165,0.034334763948497854,0.09302325581395349
41f,43,iforest+msp:mean,cal,Reconnaissance,477,0.06918238993710692,0.07674418604651163
41f,43,iforest+msp:mean,test,Analysis,438,0.22602739726027396,0.021299483648881238
41f,43,iforest+msp:mean,test,Backdoor,345,0.2028985507246377,0.015060240963855422
41f,43,iforest+msp:mean,test,DoS,1694,0.19244391971664698,0.07013769363166954
41f,43,iforest+msp:mean,test,Exploits,7590,0.07154150197628459,0.11682444061962134
41f,43,iforest+msp:mean,test,Fuzzers,4810,0.12765072765072766,0.1320998278829604
41f,43,iforest+msp:mean,test,Generic,3418,0.05119953188999415,0.03765060240963856
41f,43,iforest+msp:mean,test,Normal,33832,0.07954008039725703,0.5789586919104991
41f,43,iforest+msp:mean,test,Reconnaissance,2469,0.05265289590927501,0.027969018932874356
41f,43,iforest+msp:max,thr,Analysis,66,0.030303030303030304,0.006688963210702341
41f,43,iforest+msp:max,thr,Backdoor,145,0.06206896551724138,0.030100334448160536
41f,43,iforest+msp:max,thr,DoS,163,0.17791411042944785,0.09698996655518395
41f,43,iforest+msp:max,thr,Exploits,776,0.08891752577319588,0.23076923076923078
41f,43,iforest+msp:max,thr,Fuzzers,581,0.07401032702237521,0.14381270903010032
41f,43,iforest+msp:max,thr,Normal,3962,0.03558808682483594,0.47157190635451507
41f,43,iforest+msp:max,thr,Reconnaissance,307,0.019543973941368076,0.020066889632107024
41f,43,iforest+msp:max,cal,Analysis,89,0.12359550561797752,0.032448377581120944
41f,43,iforest+msp:max,cal,Backdoor,174,0.09770114942528736,0.05014749262536873
41f,43,iforest+msp:max,cal,DoS,224,0.16071428571428573,0.10619469026548672
41f,43,iforest+msp:max,cal,Exploits,1274,0.09497645211930926,0.35693215339233036
41f,43,iforest+msp:max,cal,Fuzzers,1020,0.09509803921568627,0.2861356932153392
41f,43,iforest+msp:max,cal,Generic,377,0.03183023872679045,0.035398230088495575
41f,43,iforest+msp:max,cal,Normal,1165,0.030901287553648068,0.10619469026548672
41f,43,iforest+msp:max,cal,Reconnaissance,477,0.018867924528301886,0.02654867256637168
41f,43,iforest+msp:max,test,Analysis,438,0.0273972602739726,0.003293084522502744
41f,43,iforest+msp:max,test,Backdoor,345,0.04927536231884058,0.004665203073545554
41f,43,iforest+msp:max,test,DoS,1694,0.13931523022432113,0.06476399560922064
41f,43,iforest+msp:max,test,Exploits,7590,0.08511198945981555,0.17727771679473106
41f,43,iforest+msp:max,test,Fuzzers,4810,0.07318087318087318,0.09659714599341383
41f,43,iforest+msp:max,test,Generic,3418,0.042129900526623756,0.03951701427003293
41f,43,iforest+msp:max,test,Normal,33832,0.06381532277134075,0.5924807903402854
41f,43,iforest+msp:max,test,Reconnaissance,2469,0.031591737545565005,0.021405049396267837
41f,43,iforest+entropy:mean,thr,Analysis,66,0.21212121212121213,0.04666666666666667
41f,43,iforest+entropy:mean,thr,Backdoor,145,0.31724137931034485,0.15333333333333332
41f,43,iforest+entropy:mean,thr,DoS,163,0.2085889570552147,0.11333333333333333
41f,43,iforest+entropy:mean,thr,Exploits,776,0.05798969072164949,0.15
41f,43,iforest+entropy:mean,thr,Fuzzers,581,0.11876075731497418,0.23
41f,43,iforest+entropy:mean,thr,Normal,3962,0.019434628975265017,0.25666666666666665
41f,43,iforest+entropy:mean,thr,Reconnaissance,307,0.048859934853420196,0.05
41f,43,iforest+entropy:mean,cal,Analysis,89,0.38202247191011235,0.0757238307349666
41f,43,iforest+entropy:mean,cal,Backdoor,174,0.39080459770114945,0.1514476614699332
41f,43,iforest+entropy:mean,cal,DoS,224,0.20535714285714285,0.10244988864142539
41f,43,iforest+entropy:mean,cal,Exploits,1274,0.06671899529042387,0.18930957683741648
41f,43,iforest+entropy:mean,cal,Fuzzers,1020,0.11862745098039215,0.26948775055679286
41f,43,iforest+entropy:mean,cal,Generic,377,0.07957559681697612,0.066815144766147
41f,43,iforest+entropy:mean,cal,Normal,1165,0.02832618025751073,0.07349665924276169
41f,43,iforest+entropy:mean,cal,Reconnaissance,477,0.06708595387840671,0.07126948775055679
41f,43,iforest+entropy:mean,test,Analysis,438,0.3105022831050228,0.032481490327203245
41f,43,iforest+entropy:mean,test,Backdoor,345,0.2753623188405797,0.022689276331502268
41f,43,iforest+entropy:mean,test,DoS,1694,0.20070838252656434,0.08120372581800812
41f,43,iforest+entropy:mean,test,Exploits,7590,0.06666666666666667,0.12085025077621209
41f,43,iforest+entropy:mean,test,Fuzzers,4810,0.13762993762993764,0.1581084308574158
41f,43,iforest+entropy:mean,test,Generic,3418,0.05119953188999415,0.04179603534750418
41f,43,iforest+entropy:mean,test,Normal,33832,0.06325372428470087,0.5111058036780511
41f,43,iforest+entropy:mean,test,Reconnaissance,2469,0.05386796273795059,0.03176498686410318
41f,43,iforest+entropy:max,thr,Analysis,66,0.3787878787878788,0.08333333333333333
41f,43,iforest+entropy:max,thr,Backdoor,145,0.3931034482758621,0.19
41f,43,iforest+entropy:max,thr,DoS,163,0.1411042944785276,0.07666666666666666
41f,43,iforest+entropy:max,thr,Exploits,776,0.07731958762886598,0.2
41f,43,iforest+entropy:max,thr,Fuzzers,581,0.06196213425129088,0.12
41f,43,iforest+entropy:max,thr,Normal,3962,0.022463402322059567,0.2966666666666667
41f,43,iforest+entropy:max,thr,Reconnaissance,307,0.03257328990228013,0.03333333333333333
41f,43,iforest+entropy:max,cal,Analysis,89,0.42696629213483145,0.0945273631840796
41f,43,iforest+entropy:max,cal,Backdoor,174,0.39080459770114945,0.1691542288557214
41f,43,iforest+entropy:max,cal,DoS,224,0.12946428571428573,0.07213930348258707
41f,43,iforest+entropy:max,cal,Exploits,1274,0.08320251177394035,0.263681592039801
41f,43,iforest+entropy:max,cal,Fuzzers,1020,0.08725490196078431,0.22139303482587064
41f,43,iforest+entropy:max,cal,Generic,377,0.029177718832891247,0.02736318407960199
41f,43,iforest+entropy:max,cal,Normal,1165,0.03175965665236052,0.09203980099502487
41f,43,iforest+entropy:max,cal,Reconnaissance,477,0.050314465408805034,0.05970149253731343
41f,43,iforest+entropy:max,test,Analysis,438,0.1643835616438356,0.02962962962962963
41f,43,iforest+entropy:max,test,Backdoor,345,0.13623188405797101,0.01934156378600823
41f,43,iforest+entropy:max,test,DoS,1694,0.15820543093270367,0.1102880658436214
41f,43,iforest+entropy:max,test,Exploits,7590,0.07984189723320158,0.24938271604938272
41f,43,iforest+entropy:max,test,Fuzzers,4810,0.0735966735966736,0.145679012345679
41f,43,iforest+entropy:max,test,Generic,3418,0.03071971913399649,0.043209876543209874
41f,43,iforest+entropy:max,test,Normal,33832,0.025597067864743438,0.3563786008230453
41f,43,iforest+entropy:max,test,Reconnaissance,2469,0.04536249493722155,0.04609053497942387
41f,43,iforest+margin:mean,thr,Analysis,66,0.06060606060606061,0.013333333333333334
41f,43,iforest+margin:mean,thr,Backdoor,145,0.10344827586206896,0.05
41f,43,iforest+margin:mean,thr,DoS,163,0.2392638036809816,0.13
41f,43,iforest+margin:mean,thr,Exploits,776,0.06829896907216494,0.17666666666666667
41f,43,iforest+margin:mean,thr,Fuzzers,581,0.10671256454388985,0.20666666666666667
41f,43,iforest+margin:mean,thr,Normal,3962,0.028773346794548207,0.38
41f,43,iforest+margin:mean,thr,Reconnaissance,307,0.04234527687296417,0.043333333333333335
41f,43,iforest+margin:mean,cal,Analysis,89,0.2247191011235955,0.0477326968973747
41f,43,iforest+margin:mean,cal,Backdoor,174,0.16666666666666666,0.06921241050119331
41f,43,iforest+margin:mean,cal,DoS,224,0.22321428571428573,0.11933174224343675
41f,43,iforest+margin:mean,cal,Exploits,1274,0.09733124018838304,0.29594272076372313
41f,43,iforest+margin:mean,cal,Fuzzers,1020,0.09411764705882353,0.22911694510739858
41f,43,iforest+margin:mean,cal,Generic,377,0.05570291777188329,0.050119331742243436
41f,43,iforest+margin:mean,cal,Normal,1165,0.03862660944206009,0.10739856801909307
41f,43,iforest+margin:mean,cal,Reconnaissance,477,0.07127882599580712,0.081145584725537
41f,43,iforest+margin:mean,test,Analysis,438,0.0958904109589041,0.009472259810554804
41f,43,iforest+margin:mean,test,Backdoor,345,0.11884057971014493,0.009246729815065404
41f,43,iforest+margin:mean,test,DoS,1694,0.1682408500590319,0.06427604871447902
41f,43,iforest+margin:mean,test,Exploits,7590,0.07075098814229248,0.12110960757780785
41f,43,iforest+margin:mean,test,Fuzzers,4810,0.11122661122661123,0.12065854758682905
41f,43,iforest+margin:mean,test,Generic,3418,0.04856641310708017,0.037437979251240414
41f,43,iforest+margin:mean,test,Normal,33832,0.07983565854812012,0.6091565178168696
41f,43,iforest+margin:mean,test,Reconnaissance,2469,0.051437829080599434,0.02864230942715381
41f,43,iforest+margin:max,thr,Analysis,66,0.030303030303030304,0.006666666666666667
41f,43,iforest+margin:max,thr,Backdoor,145,0.013793103448275862,0.006666666666666667
41f,43,iforest+margin:max,thr,DoS,163,0.1656441717791411,0.09
41f,43,iforest+margin:max,thr,Exploits,776,0.07860824742268041,0.20333333333333334
41f,43,iforest+margin:max,thr,Fuzzers,581,0.08261617900172118,0.16
41f,43,iforest+margin:max,thr,Normal,3962,0.03836446239273095,0.5066666666666667
41f,43,iforest+margin:max,thr,Reconnaissance,307,0.026058631921824105,0.02666666666666667
41f,43,iforest+margin:max,cal,Analysis,89,0.011235955056179775,0.0033112582781456954
41f,43,iforest+margin:max,cal,Backdoor,174,0.034482758620689655,0.019867549668874173
41f,43,iforest+margin:max,cal,DoS,224,0.10714285714285714,0.07947019867549669
41f,43,iforest+margin:max,cal,Exploits,1274,0.08948194662480377,0.37748344370860926
41f,43,iforest+margin:max,cal,Fuzzers,1020,0.09607843137254903,0.32450331125827814
41f,43,iforest+margin:max,cal,Generic,377,0.01856763925729443,0.023178807947019868
41f,43,iforest+margin:max,cal,Normal,1165,0.039484978540772535,0.152317880794702
41f,43,iforest+margin:max,cal,Reconnaissance,477,0.012578616352201259,0.019867549668874173
41f,43,iforest+margin:max,test,Analysis,438,0.0091324200913242,0.0010787486515641855
41f,43,iforest+margin:max,test,Backdoor,345,0.020289855072463767,0.0018878101402373248
41f,43,iforest+margin:max,test,DoS,1694,0.10920897284533648,0.04989212513484358
41f,43,iforest+margin:max,test,Exploits,7590,0.0699604743083004,0.14320388349514562
41f,43,iforest+margin:max,test,Fuzzers,4810,0.07380457380457381,0.09573894282632146
41f,43,iforest+margin:max,test,Generic,3418,0.02399063779988297,0.022114347357065803
41f,43,iforest+margin:max,test,Normal,33832,0.07348072830456373,0.6704422869471414
41f,43,iforest+margin:max,test,Reconnaissance,2469,0.023491292021061157,0.01564185544768069
41f,43,iforest+conformal:mean,thr,Analysis,66,0.030303030303030304,0.006666666666666667
41f,43,iforest+conformal:mean,thr,Backdoor,145,0.020689655172413793,0.01
41f,43,iforest+conformal:mean,thr,DoS,163,0.09815950920245399,0.05333333333333334
41f,43,iforest+conformal:mean,thr,Exploits,776,0.03479381443298969,0.09
41f,43,iforest+conformal:mean,thr,Fuzzers,581,0.06540447504302926,0.12666666666666668
41f,43,iforest+conformal:mean,thr,Normal,3962,0.05325593134780414,0.7033333333333334
41f,43,iforest+conformal:mean,thr,Reconnaissance,307,0.009771986970684038,0.01
41f,43,iforest+conformal:mean,cal,Analysis,89,0.0449438202247191,0.014035087719298246
41f,43,iforest+conformal:mean,cal,Backdoor,174,0.040229885057471264,0.02456140350877193
41f,43,iforest+conformal:mean,cal,DoS,224,0.08035714285714286,0.06315789473684211
41f,43,iforest+conformal:mean,cal,Exploits,1274,0.058084772370486655,0.2596491228070175
41f,43,iforest+conformal:mean,cal,Fuzzers,1020,0.058823529411764705,0.21052631578947367
41f,43,iforest+conformal:mean,cal,Generic,377,0.07692307692307693,0.10175438596491228
41f,43,iforest+conformal:mean,cal,Normal,1165,0.07467811158798283,0.30526315789473685
41f,43,iforest+conformal:mean,cal,Reconnaissance,477,0.012578616352201259,0.021052631578947368
41f,43,iforest+conformal:mean,test,Analysis,438,0.0091324200913242,0.0007620499142693847
41f,43,iforest+conformal:mean,test,Backdoor,345,0.005797101449275362,0.00038102495713469235
41f,43,iforest+conformal:mean,test,DoS,1694,0.0525383707201889,0.016955610592493807
41f,43,iforest+conformal:mean,test,Exploits,7590,0.03293807641633729,0.04762811964183654
41f,43,iforest+conformal:mean,test,Fuzzers,4810,0.06777546777546778,0.06210706801295485
41f,43,iforest+conformal:mean,test,Generic,3418,0.06436512580456408,0.04191274528481616
41f,43,iforest+conformal:mean,test,Normal,33832,0.12819224402932136,0.8262526195465802
41f,43,iforest+conformal:mean,test,Reconnaissance,2469,0.00850546780072904,0.0040007620499142695
41f,43,iforest+conformal:max,thr,Analysis,66,0.015151515151515152,0.003355704697986577
41f,43,iforest+conformal:max,thr,Backdoor,145,0.0,0.0
41f,43,iforest+conformal:max,thr,DoS,163,0.0736196319018405,0.040268456375838924
41f,43,iforest+conformal:max,thr,Exploits,776,0.04896907216494845,0.12751677852348994
41f,43,iforest+conformal:max,thr,Fuzzers,581,0.09466437177280551,0.18456375838926176
41f,43,iforest+conformal:max,thr,Normal,3962,0.04846037354871277,0.6442953020134228
41f,43,iforest+conformal:max,thr,Reconnaissance,307,0.0,0.0
41f,43,iforest+conformal:max,cal,Analysis,89,0.011235955056179775,0.00423728813559322
41f,43,iforest+conformal:max,cal,Backdoor,174,0.011494252873563218,0.00847457627118644
41f,43,iforest+conformal:max,cal,DoS,224,0.07589285714285714,0.07203389830508475
41f,43,iforest+conformal:max,cal,Exploits,1274,0.0565149136577708,0.3050847457627119
41f,43,iforest+conformal:max,cal,Fuzzers,1020,0.09705882352941177,0.4194915254237288
41f,43,iforest+conformal:max,cal,Generic,377,0.007957559681697613,0.012711864406779662
41f,43,iforest+conformal:max,cal,Normal,1165,0.0351931330472103,0.17372881355932204
41f,43,iforest+conformal:max,cal,Reconnaissance,477,0.0020964360587002098,0.00423728813559322
41f,43,iforest+conformal:max,test,Analysis,438,0.00684931506849315,0.00044039929536112744
41f,43,iforest+conformal:max,test,Backdoor,345,0.017391304347826087,0.0008807985907222549
41f,43,iforest+conformal:max,test,DoS,1694,0.06198347107438017,0.01541397533763946
41f,43,iforest+conformal:max,test,Exploits,7590,0.04835309617918314,0.05387551379917792
41f,43,iforest+conformal:max,test,Fuzzers,4810,0.0891891891891892,0.06297709923664122
41f,43,iforest+conformal:max,test,Generic,3418,0.01023990637799883,0.005137991779213153
41f,43,iforest+conformal:max,test,Normal,33832,0.1721742728777489,0.8551086318261891
41f,43,iforest+conformal:max,test,Reconnaissance,2469,0.01701093560145808,0.006165590135055784
41f,44,msp,thr,Analysis,123,0.04065040650406504,0.018518518518518517
41f,44,msp,thr,Backdoor,107,0.1308411214953271,0.05185185185185185
41f,44,msp,thr,DoS,183,0.16939890710382513,0.11481481481481481
41f,44,msp,thr,Exploits,1113,0.07277628032345014,0.3
41f,44,msp,thr,Fuzzers,876,0.10159817351598173,0.3296296296296296
41f,44,msp,thr,Generic,118,0.00847457627118644,0.003703703703703704
41f,44,msp,thr,Normal,2406,0.015378221113881962,0.13703703703703704
41f,44,msp,thr,Reconnaissance,474,0.02531645569620253,0.044444444444444446
41f,44,msp,cal,Analysis,30,0.4666666666666667,0.14736842105263157
41f,44,msp,cal,Backdoor,23,0.13043478260869565,0.031578947368421054
41f,44,msp,cal,DoS,39,0.05128205128205128,0.021052631578947368
41f,44,msp,cal,Exploits,314,0.0732484076433121,0.24210526315789474
41f,44,msp,cal,Fuzzers,214,0.12149532710280374,0.2736842105263158
41f,44,msp,cal,Generic,256,0.0390625,0.10526315789473684
41f,44,msp,cal,Normal,4011,0.002742458239840439,0.11578947368421053
41f,44,msp,cal,Reconnaissance,113,0.05309734513274336,0.06315789473684211
41f,44,msp,test,Analysis,438,0.08904109589041095,0.009838546922300706
41f,44,msp,test,Backdoor,345,0.1536231884057971,0.013370332996972755
41f,44,msp,test,DoS,1694,0.13931523022432113,0.05953582240161453
41f,44,msp,test,Exploits,7590,0.06653491436100131,0.1273965691220989
41f,44,msp,test,Fuzzers,4810,0.10103950103950105,0.12260343087790111
41f,44,msp,test,Generic,3418,0.042422469280280865,0.03657921291624622
41f,44,msp,test,Normal,33832,0.07043627335067391,0.6011604439959637
41f,44,msp,test,Reconnaissance,2469,0.04738760631834751,0.029515640766902117
41f,44,entropy,thr,Analysis,123,0.4634146341463415,0.2111111111111111
41f,44,entropy,thr,Backdoor,107,0.48598130841121495,0.1925925925925926
41f,44,entropy,thr,DoS,183,0.1366120218579235,0.09259259259259259
41f,44,entropy,thr,Exploits,1113,0.02425876010781671,0.1
41f,44,entropy,thr,Fuzzers,876,0.06278538812785388,0.2037037037037037
41f,44,entropy,thr,Generic,118,0.00847457627118644,0.003703703703703704
41f,44,entropy,thr,Normal,2406,0.0012468827930174563,0.011111111111111112
41f,44,entropy,thr,Reconnaissance,474,0.10548523206751055,0.18518518518518517
41f,44,entropy,cal,Analysis,30,0.36666666666666664,0.13414634146341464
41f,44,entropy,cal,Backdoor,23,0.5217391304347826,0.14634146341463414
41f,44,entropy,cal,DoS,39,0.1282051282051282,0.06097560975609756
41f,44,entropy,cal,Exploits,314,0.01910828025477707,0.07317073170731707
41f,44,entropy,cal,Fuzzers,214,0.11214953271028037,0.2926829268292683
41f,44,entropy,cal,Generic,256,0.03515625,0.10975609756097561
41f,44,entropy,cal,Normal,4011,0.0002493143854400399,0.012195121951219513
41f,44,entropy,cal,Reconnaissance,113,0.12389380530973451,0.17073170731707318
41f,44,entropy,test,Analysis,438,0.2831050228310502,0.08152531229454306
41f,44,entropy,test,Backdoor,345,0.2956521739130435,0.0670611439842209
41f,44,entropy,test,DoS,1694,0.14285714285714285,0.15910585141354372
41f,44,entropy,test,Exploits,7590,0.03992094861660079,0.1992110453648915
41f,44,entropy,test,Fuzzers,4810,0.05862785862785863,0.1854043392504931
41f,44,entropy,test,Generic,3418,0.029256875365710942,0.06574621959237344
41f,44,entropy,test,Normal,33832,0.007064317805627808,0.1571334648257725
41f,44,entropy,test,Reconnaissance,2469,0.05224787363304982,0.08481262327416174
41f,44,margin,thr,Analysis,123,0.0,0.0
41f,44,margin,thr,Backdoor,107,0.056074766355140186,0.022222222222222223
41f,44,margin,thr,DoS,183,0.1366120218579235,0.09259259259259259
41f,44,margin,thr,Exploits,1113,0.07637017070979335,0.3148148148148148
41f,44,margin,thr,Fuzzers,876,0.1095890410958904,0.35555555555555557
41f,44,margin,thr,Generic,118,0.0,0.0
41f,44,margin,thr,Normal,2406,0.019534497090606815,0.17407407407407408
41f,44,margin,thr,Reconnaissance,474,0.023206751054852322,0.040740740740740744
41f,44,margin,cal,Analysis,30,0.2,0.07692307692307693
41f,44,margin,cal,Backdoor,23,0.0,0.0
41f,44,margin,cal,DoS,39,0.10256410256410256,0.05128205128205128
41f,44,margin,cal,Exploits,314,0.06687898089171974,0.2692307692307692
41f,44,margin,cal,Fuzzers,214,0.08411214953271028,0.23076923076923078
41f,44,margin,cal,Generic,256,0.0234375,0.07692307692307693
41f,44,margin,cal,Normal,4011,0.004736973323360758,0.24358974358974358
41f,44,margin,cal,Reconnaissance,113,0.035398230088495575,0.05128205128205128
41f,44,margin,test,Analysis,438,0.01598173515981735,0.001573387278040009
41f,44,margin,test,Backdoor,345,0.02318840579710145,0.0017981568891885817
41f,44,margin,test,DoS,1694,0.10802833530106257,0.041132838840188805
41f,44,margin,test,Exploits,7590,0.060210803689064556,0.10271971229489774
41f,44,margin,test,Fuzzers,4810,0.1101871101871102,0.11912789390874354
41f,44,margin,test,Generic,3418,0.02662375658279696,0.020454034614520118
41f,44,margin,test,Normal,33832,0.09032868290375975,0.6868959316700383
41f,44,margin,test,Reconnaissance,2469,0.04738760631834751,0.026298044504383007
41f,44,conformal,thr,Analysis,123,0.0,0.0
41f,44,conformal,thr,Backdoor,107,0.0,0.0
41f,44,conformal,thr,DoS,183,0.0,0.0
41f,44,conformal,thr,Exploits,1113,0.011680143755615454,0.04814814814814815
41f,44,conformal,thr,Fuzzers,876,0.007990867579908675,0.025925925925925925
41f,44,conformal,thr,Generic,118,0.0,0.0
41f,44,conformal,thr,Normal,2406,0.10390689941812137,0.9259259259259259
41f,44,conformal,thr,Reconnaissance,474,0.0,0.0
41f,44,conformal,cal,Analysis,30,0.0,0.0
41f,44,conformal,cal,Backdoor,23,0.0,0.0
41f,44,conformal,cal,DoS,39,0.0,0.0
41f,44,conformal,cal,Exploits,314,0.0031847133757961785,0.0019455252918287938
41f,44,conformal,cal,Fuzzers,214,0.014018691588785047,0.005836575875486381
41f,44,conformal,cal,Generic,256,0.0,0.0
41f,44,conformal,cal,Normal,4011,0.12715033657442035,0.9922178988326849
41f,44,conformal,cal,Reconnaissance,113,0.0,0.0
41f,44,conformal,test,Analysis,438,0.0091324200913242,0.000693721817551162
41f,44,conformal,test,Backdoor,345,0.002898550724637681,0.0001734304543877905
41f,44,conformal,test,DoS,1694,0.0029515938606847697,0.0008671522719389525
41f,44,conformal,test,Exploits,7590,0.006060606060606061,0.007977800901838363
41f,44,conformal,test,Fuzzers,4810,0.010602910602910603,0.008844953173777315
41f,44,conformal,test,Generic,3418,0.0,0.0
41f,44,conformal,test,Normal,33832,0.1669129817923859,0.9793617759278529
41f,44,conformal,test,Reconnaissance,2469,0.004860267314702308,0.002081165452653486
41f,44,iforest,thr,Analysis,123,0.0,0.0
41f,44,iforest,thr,Backdoor,107,0.028037383177570093,0.011111111111111112
41f,44,iforest,thr,DoS,183,0.09836065573770492,0.06666666666666667
41f,44,iforest,thr,Exploits,1113,0.0862533692722372,0.35555555555555557
41f,44,iforest,thr,Fuzzers,876,0.0821917808219178,0.26666666666666666
41f,44,iforest,thr,Generic,118,0.00847457627118644,0.003703703703703704
41f,44,iforest,thr,Normal,2406,0.03200332502078138,0.2851851851851852
41f,44,iforest,thr,Reconnaissance,474,0.006329113924050633,0.011111111111111112
41f,44,iforest,cal,Analysis,30,0.03333333333333333,0.005154639175257732
41f,44,iforest,cal,Backdoor,23,0.0,0.0
41f,44,iforest,cal,DoS,39,0.05128205128205128,0.010309278350515464
41f,44,iforest,cal,Exploits,314,0.07006369426751592,0.1134020618556701
41f,44,iforest,cal,Fuzzers,214,0.04205607476635514,0.04639175257731959
41f,44,iforest,cal,Generic,256,0.015625,0.020618556701030927
41f,44,iforest,cal,Normal,4011,0.038643729743206186,0.7989690721649485
41f,44,iforest,cal,Reconnaissance,113,0.008849557522123894,0.005154639175257732
41f,44,iforest,test,Analysis,438,0.0045662100456621,0.0009478672985781991
41f,44,iforest,test,Backdoor,345,0.008695652173913044,0.0014218009478672985
41f,44,iforest,test,DoS,1694,0.07497048406139316,0.06018957345971564
41f,44,iforest,test,Exploits,7590,0.08708827404479579,0.3132701421800948
41f,44,iforest,test,Fuzzers,4810,0.04948024948024948,0.11279620853080569
41f,44,iforest,test,Generic,3418,0.01609128145114102,0.026066350710900472
41f,44,iforest,test,Normal,33832,0.029971624497517144,0.48056872037914694
41f,44,iforest,test,Reconnaissance,2469,0.004050222762251924,0.004739336492890996
41f,44,iforest+msp:mean,thr,Analysis,123,0.08943089430894309,0.040892193308550186
41f,44,iforest+msp:mean,thr,Backdoor,107,0.14953271028037382,0.05947955390334572
41f,44,iforest+msp:mean,thr,DoS,183,0.14207650273224043,0.09665427509293681
41f,44,iforest+msp:mean,thr,Exploits,1113,0.06828391734052111,0.2825278810408922
41f,44,iforest+msp:mean,thr,Fuzzers,876,0.1141552511415525,0.37174721189591076
41f,44,iforest+msp:mean,thr,Generic,118,0.03389830508474576,0.01486988847583643
41f,44,iforest+msp:mean,thr,Normal,2406,0.007065669160432253,0.06319702602230483
41f,44,iforest+msp:mean,thr,Reconnaissance,474,0.04008438818565401,0.07063197026022305
41f,44,iforest+msp:mean,cal,Analysis,30,0.5333333333333333,0.16842105263157894
41f,44,iforest+msp:mean,cal,Backdoor,23,0.21739130434782608,0.05263157894736842
41f,44,iforest+msp:mean,cal,DoS,39,0.1282051282051282,0.05263157894736842
41f,44,iforest+msp:mean,cal,Exploits,314,0.06687898089171974,0.22105263157894736
41f,44,iforest+msp:mean,cal,Fuzzers,214,0.10747663551401869,0.24210526315789474
41f,44,iforest+msp:mean,cal,Generic,256,0.0546875,0.14736842105263157
41f,44,iforest+msp:mean,cal,Normal,4011,0.0007479431563201197,0.031578947368421054
41f,44,iforest+msp:mean,cal,Reconnaissance,113,0.07079646017699115,0.08421052631578947
41f,44,iforest+msp:mean,test,Analysis,438,0.045662100456621,0.0064061499039077515
41f,44,iforest+msp:mean,test,Backdoor,345,0.06956521739130435,0.007687379884689302
41f,44,iforest+msp:mean,test,DoS,1694,0.1345926800472255,0.07303010890454836
41f,44,iforest+msp:mean,test,Exploits,7590,0.05507246376811594,0.133888532991672
41f,44,iforest+msp:mean,test,Fuzzers,4810,0.09688149688149689,0.1492632927610506
41f,44,iforest+msp:mean,test,Generic,3418,0.04505558806319485,0.04932735426008968
41f,44,iforest+msp:mean,test,Normal,33832,0.051933081106644595,0.5627802690582959
41f,44,iforest+msp:mean,test,Reconnaissance,2469,0.02227622519238558,0.017616912235746317
41f,44,iforest+msp:max,thr,Analysis,123,0.032520325203252036,0.015444015444015444
41f,44,iforest+msp:max,thr,Backdoor,107,0.1308411214953271,0.05405405405405406
41f,44,iforest+msp:max,thr,DoS,183,0.18579234972677597,0.13127413127413126
41f,44,iforest+msp:max,thr,Exploits,1113,0.07457322551662174,0.3204633204633205
41f,44,iforest+msp:max,thr,Fuzzers,876,0.08105022831050228,0.27413127413127414
41f,44,iforest+msp:max,thr,Generic,118,0.00847457627118644,0.003861003861003861
41f,44,iforest+msp:max,thr,Normal,2406,0.01828761429758936,0.16988416988416988
41f,44,iforest+msp:max,thr,Reconnaissance,474,0.016877637130801686,0.03088803088803089
41f,44,iforest+msp:max,cal,Analysis,30,0.43333333333333335,0.08904109589041095
41f,44,iforest+msp:max,cal,Backdoor,23,0.13043478260869565,0.02054794520547945
41f,44,iforest+msp:max,cal,DoS,39,0.05128205128205128,0.0136986301369863
41f,44,iforest+msp:max,cal,Exploits,314,0.07006369426751592,0.1506849315068493
41f,44,iforest+msp:max,cal,Fuzzers,214,0.08878504672897196,0.13013698630136986
41f,44,iforest+msp:max,cal,Generic,256,0.0390625,0.0684931506849315
41f,44,iforest+msp:max,cal,Normal,4011,0.018199950137122913,0.5
41f,44,iforest+msp:max,cal,Reconnaissance,113,0.035398230088495575,0.0273972602739726
41f,44,iforest+msp:max,test,Analysis,438,0.05251141552511415,0.006508205998868138
41f,44,iforest+msp:max,test,Backdoor,345,0.10434782608695652,0.010186757215619695
41f,44,iforest+msp:max,test,DoS,1694,0.14167650531286896,0.06791171477079797
41f,44,iforest+msp:max,test,Exploits,7590,0.07035573122529644,0.15110356536502548
41f,44,iforest+msp:max,test,Fuzzers,4810,0.08316008316008316,0.11318619128466327
41f,44,iforest+msp:max,test,Generic,3418,0.04183733177296665,0.04046406338426712
41f,44,iforest+msp:max,test,Normal,33832,0.060829983447623553,0.5823429541595926
41f,44,iforest+msp:max,test,Reconnaissance,2469,0.04050222762251924,0.028296547821165818
41f,44,iforest+entropy:mean,thr,Analysis,123,0.10569105691056911,0.04814814814814815
41f,44,iforest+entropy:mean,thr,Backdoor,107,0.18691588785046728,0.07407407407407407
41f,44,iforest+entropy:mean,thr,DoS,183,0.13114754098360656,0.08888888888888889
41f,44,iforest+entropy:mean,thr,Exploits,1113,0.0673854447439353,0.2777777777777778
41f,44,iforest+entropy:mean,thr,Fuzzers,876,0.12214611872146118,0.3962962962962963
41f,44,iforest+entropy:mean,thr,Generic,118,0.03389830508474576,0.014814814814814815
41f,44,iforest+entropy:mean,thr,Normal,2406,0.0020781379883624274,0.018518518518518517
41f,44,iforest+entropy:mean,thr,Reconnaissance,474,0.046413502109704644,0.08148148148148149
41f,44,iforest+entropy:mean,cal,Analysis,30,0.5,0.16483516483516483
41f,44,iforest+entropy:mean,cal,Backdoor,23,0.21739130434782608,0.054945054945054944
41f,44,iforest+entropy:mean,cal,DoS,39,0.07692307692307693,0.03296703296703297
41f,44,iforest+entropy:mean,cal,Exploits,314,0.06050955414012739,0.2087912087912088
41f,44,iforest+entropy:mean,cal,Fuzzers,214,0.10747663551401869,0.25274725274725274
41f,44,iforest+entropy:mean,cal,Generic,256,0.0546875,0.15384615384615385
41f,44,iforest+entropy:mean,cal,Normal,4011,0.0007479431563201197,0.03296703296703297
41f,44,iforest+entropy:mean,cal,Reconnaissance,113,0.07964601769911504,0.0989010989010989
41f,44,iforest+entropy:mean,test,Analysis,438,0.11187214611872145,0.015821762996448177
41f,44,iforest+entropy:mean,test,Backdoor,345,0.11884057971014493,0.013238618017436228
41f,44,iforest+entropy:mean,test,DoS,1694,0.1422668240850059,0.0778172424927349
41f,44,iforest+entropy:mean,test,Exploits,7590,0.05625823451910408,0.13787536325476268
41f,44,iforest+entropy:mean,test,Fuzzers,4810,0.11122661122661123,0.17274782047142395
41f,44,iforest+entropy:mean,test,Generic,3418,0.05090696313633704,0.05618340329350985
41f,44,iforest+entropy:mean,test,Normal,33832,0.046376211870418536,0.5066193090087181
41f,44,iforest+entropy:mean,test,Reconnaissance,2469,0.024706358849736737,0.019696480464966096
41f,44,iforest+entropy:max,thr,Analysis,123,0.2926829268292683,0.14516129032258066
41f,44,iforest+entropy:max,thr,Backdoor,107,0.3644859813084112,0.15725806451612903
41f,44,iforest+entropy:max,thr,DoS,183,0.14207650273224043,0.10483870967741936
41f,44,iforest+entropy:max,thr,Exploits,1113,0.03593890386343217,0.16129032258064516
41f,44,iforest+entropy:max,thr,Fuzzers,876,0.05251141552511415,0.18548387096774194
41f,44,iforest+entropy:max,thr,Generic,118,0.00847457627118644,0.004032258064516129
41f,44,iforest+entropy:max,thr,Normal,2406,0.010390689941812137,0.10080645161290322
41f,44,iforest+entropy:max,thr,Reconnaissance,474,0.07383966244725738,0.14112903225806453
41f,44,iforest+entropy:max,cal,Analysis,30,0.3333333333333333,0.06944444444444445
41f,44,iforest+entropy:max,cal,Backdoor,23,0.43478260869565216,0.06944444444444445
41f,44,iforest+entropy:max,cal,DoS,39,0.1282051282051282,0.034722222222222224
41f,44,iforest+entropy:max,cal,Exploits,314,0.03821656050955414,0.08333333333333333
41f,44,iforest+entropy:max,cal,Fuzzers,214,0.09813084112149532,0.14583333333333334
41f,44,iforest+entropy:max,cal,Generic,256,0.03515625,0.0625
41f,44,iforest+entropy:max,cal,Normal,4011,0.015956120668162554,0.4444444444444444
41f,44,iforest+entropy:max,cal,Reconnaissance,113,0.11504424778761062,0.09027777777777778
41f,44,iforest+entropy:max,test,Analysis,438,0.23059360730593606,0.06288916562889166
41f,44,iforest+entropy:max,test,Backdoor,345,0.23478260869565218,0.050435865504358655
41f,44,iforest+entropy:max,test,DoS,1694,0.13754427390791027,0.14508094645080946
41f,44,iforest+entropy:max,test,Exploits,7590,0.046772068511198944,0.22104607721046077
41f,44,iforest+entropy:max,test,Fuzzers,4810,0.05010395010395011,0.15006226650062265
41f,44,iforest+entropy:max,test,Generic,3418,0.028671737858396724,0.06102117061021171
41f,44,iforest+entropy:max,test,Normal,33832,0.011616221328919367,0.24470734744707348
41f,44,iforest+entropy:max,test,Reconnaissance,2469,0.042122316727420006,0.0647571606475716
41f,44,iforest+margin:mean,thr,Analysis,123,0.056910569105691054,0.025925925925925925
41f,44,iforest+margin:mean,thr,Backdoor,107,0.09345794392523364,0.037037037037037035
41f,44,iforest+margin:mean,thr,DoS,183,0.15846994535519127,0.10740740740740741
41f,44,iforest+margin:mean,thr,Exploits,1113,0.07906558849955077,0.32592592592592595
41f,44,iforest+margin:mean,thr,Fuzzers,876,0.1095890410958904,0.35555555555555557
41f,44,iforest+margin:mean,thr,Generic,118,0.03389830508474576,0.014814814814814815
41f,44,iforest+margin:mean,thr,Normal,2406,0.008728179551122194,0.07777777777777778
41f,44,iforest+margin:mean,thr,Reconnaissance,474,0.03164556962025317,0.05555555555555555
41f,44,iforest+margin:mean,cal,Analysis,30,0.43333333333333335,0.13131313131313133
41f,44,iforest+margin:mean,cal,Backdoor,23,0.13043478260869565,0.030303030303030304
41f,44,iforest+margin:mean,cal,DoS,39,0.15384615384615385,0.06060606060606061
41f,44,iforest+margin:mean,cal,Exploits,314,0.08598726114649681,0.2727272727272727
41f,44,iforest+margin:mean,cal,Fuzzers,214,0.12149532710280374,0.26262626262626265
41f,44,iforest+margin:mean,cal,Generic,256,0.05078125,0.13131313131313133
41f,44,iforest+margin:mean,cal,Normal,4011,0.0007479431563201197,0.030303030303030304
41f,44,iforest+margin:mean,cal,Reconnaissance,113,0.07079646017699115,0.08080808080808081
41f,44,iforest+margin:mean,test,Analysis,438,0.0273972602739726,0.0035863717872086074
41f,44,iforest+margin:mean,test,Backdoor,345,0.04927536231884058,0.005080693365212194
41f,44,iforest+margin:mean,test,DoS,1694,0.13872491145218419,0.07023311416616856
41f,44,iforest+margin:mean,test,Exploits,7590,0.06152832674571805,0.13956963538553496
41f,44,iforest+margin:mean,test,Fuzzers,4810,0.10083160083160084,0.14494919306634788
41f,44,iforest+margin:mean,test,Generic,3418,0.04154476301930954,0.042438732815301854
41f,44,iforest+margin:mean,test,Normal,33832,0.05666233152045401,0.5729228930065751
41f,44,iforest+margin:mean,test,Reconnaissance,2469,0.02875658161198866,0.021219366407650927
41f,44,iforest+margin:max,thr,Analysis,123,0.0,0.0
41f,44,iforest+margin:max,thr,Backdoor,107,0.037383177570093455,0.014814814814814815
41f,44,iforest+margin:max,thr,DoS,183,0.12568306010928962,0.08518518518518518
41f,44,iforest+margin:max,thr,Exploits,1113,0.08086253369272237,0.3333333333333333
41f,44,iforest+margin:max,thr,Fuzzers,876,0.09703196347031963,0.3148148148148148
41f,44,iforest+margin:max,thr,Generic,118,0.0,0.0
41f,44,iforest+margin:max,thr,Normal,2406,0.02493765586034913,0.2222222222222222
41f,44,iforest+margin:max,thr,Reconnaissance,474,0.016877637130801686,0.02962962962962963
41f,44,iforest+margin:max,cal,Analysis,30,0.16666666666666666,0.038461538461538464
41f,44,iforest+margin:max,cal,Backdoor,23,0.0,0.0
41f,44,iforest+margin:max,cal,DoS,39,0.05128205128205128,0.015384615384615385
41f,44,iforest+margin:max,cal,Exploits,314,0.0732484076433121,0.17692307692307693
41f,44,iforest+margin:max,cal,Fuzzers,214,0.07476635514018691,0.12307692307692308
41f,44,iforest+margin:max,cal,Generic,256,0.02734375,0.05384615384615385
41f,44,iforest+margin:max,cal,Normal,4011,0.01844926452256295,0.5692307692307692
41f,44,iforest+margin:max,cal,Reconnaissance,113,0.02654867256637168,0.023076923076923078
41f,44,iforest+margin:max,test,Analysis,438,0.0136986301369863,0.0014756517461878996
41f,44,iforest+margin:max,test,Backdoor,345,0.011594202898550725,0.000983767830791933
41f,44,iforest+margin:max,test,DoS,1694,0.11038961038961038,0.04599114608952287
41f,44,iforest+margin:max,test,Exploits,7590,0.06363636363636363,0.11878996556812592
41f,44,iforest+margin:max,test,Fuzzers,4810,0.0920997920997921,0.10895228726020659
41f,44,iforest+margin:max,test,Generic,3418,0.023698069046225862,0.019921298573536646
41f,44,iforest+margin:max,test,Normal,33832,0.08169780089855758,0.6797835710772258
41f,44,iforest+margin:max,test,Reconnaissance,2469,0.03969218307006885,0.024102311854402363
41f,44,iforest+conformal:mean,thr,Analysis,123,0.016260162601626018,0.007407407407407408
41f,44,iforest+conformal:mean,thr,Backdoor,107,0.0,0.0
41f,44,iforest+conformal:mean,thr,DoS,183,0.04918032786885246,0.03333333333333333
41f,44,iforest+conformal:mean,thr,Exploits,1113,0.044923629829290206,0.18518518518518517
41f,44,iforest+conformal:mean,thr,Fuzzers,876,0.04680365296803653,0.15185185185185185
41f,44,iforest+conformal:mean,thr,Generic,118,0.059322033898305086,0.025925925925925925
41f,44,iforest+conformal:mean,thr,Normal,2406,0.06525353283458021,0.5814814814814815
41f,44,iforest+conformal:mean,thr,Reconnaissance,474,0.008438818565400843,0.014814814814814815
41f,44,iforest+conformal:mean,cal,Analysis,30,0.13333333333333333,0.011730205278592375
41f,44,iforest+conformal:mean,cal,Backdoor,23,0.0,0.0
41f,44,iforest+conformal:mean,cal,DoS,39,0.02564102564102564,0.002932551319648094
41f,44,iforest+conformal:mean,cal,Exploits,314,0.03184713375796178,0.02932551319648094
41f,44,iforest+conformal:mean,cal,Fuzzers,214,0.0514018691588785,0.03225806451612903
41f,44,iforest+conformal:mean,cal,Generic,256,0.0625,0.0469208211143695
41f,44,iforest+conformal:mean,cal,Normal,4011,0.07454500124657193,0.8768328445747801
41f,44,iforest+conformal:mean,cal,Reconnaissance,113,0.0,0.0
41f,44,iforest+conformal:mean,test,Analysis,438,0.0091324200913242,0.0006501950585175553
41f,44,iforest+conformal:mean,test,Backdoor,345,0.0,0.0
41f,44,iforest+conformal:mean,test,DoS,1694,0.03010625737898465,0.00828998699609883
41f,44,iforest+conformal:mean,test,Exploits,7590,0.024374176548089592,0.03007152145643693
41f,44,iforest+conformal:mean,test,Fuzzers,4810,0.04449064449064449,0.034785435630689206
41f,44,iforest+conformal:mean,test,Generic,3418,0.06553540081919251,0.036410923276983094
41f,44,iforest+conformal:mean,test,Normal,33832,0.16141522818633247,0.8876788036410923
41f,44,iforest+conformal:mean,test,Reconnaissance,2469,0.005265289590927501,0.0021131339401820547
41f,44,iforest+conformal:max,thr,Analysis,123,0.0,0.0
41f,44,iforest+conformal:max,thr,Backdoor,107,0.018691588785046728,0.00749063670411985
41f,44,iforest+conformal:max,thr,DoS,183,0.07650273224043716,0.052434456928838954
41f,44,iforest+conformal:max,thr,Exploits,1113,0.0664869721473495,0.27715355805243447
41f,44,iforest+conformal:max,thr,Fuzzers,876,0.06278538812785388,0.20599250936329588
41f,44,iforest+conformal:max,thr,Generic,118,0.00847457627118644,0.003745318352059925
41f,44,iforest+conformal:max,thr,Normal,2406,0.049044056525353284,0.4419475655430712
41f,44,iforest+conformal:max,thr,Reconnaissance,474,0.006329113924050633,0.011235955056179775
41f,44,iforest+conformal:max,cal,Analysis,30,0.03333333333333333,0.0035587188612099642
41f,44,iforest+conformal:max,cal,Backdoor,23,0.0,0.0
41f,44,iforest+conformal:max,cal,DoS,39,0.05128205128205128,0.0071174377224199285
41f,44,iforest+conformal:max,cal,Exploits,314,0.06050955414012739,0.06761565836298933
41f,44,iforest+conformal:max,cal,Fuzzers,214,0.04205607476635514,0.03202846975088968
41f,44,iforest+conformal:max,cal,Generic,256,0.015625,0.014234875444839857
41f,44,iforest+conformal:max,cal,Normal,4011,0.06108202443280977,0.8718861209964412
41f,44,iforest+conformal:max,cal,Reconnaissance,113,0.008849557522123894,0.0035587188612099642
41f,44,iforest+conformal:max,test,Analysis,438,0.0,0.0
41f,44,iforest+conformal:max,test,Backdoor,345,0.002898550724637681,0.0001863932898415657
41f,44,iforest+conformal:max,test,DoS,1694,0.06552538370720189,0.020689655172413793
41f,44,iforest+conformal:max,test,Exploits,7590,0.0699604743083004,0.09897483690587139
41f,44,iforest+conformal:max,test,Fuzzers,4810,0.03991683991683992,0.03578751164958061
41f,44,iforest+conformal:max,test,Generic,3418,0.013165593914569925,0.008387698042870456
41f,44,iforest+conformal:max,test,Normal,33832,0.13233033814140457,0.8344827586206897
41f,44,iforest+conformal:max,test,Reconnaissance,2469,0.0032401782098015392,0.0014911463187325257
41f,45,msp,thr,Analysis,182,0.15934065934065933,0.09698996655518395
41f,45,msp,thr,Backdoor,141,0.16312056737588654,0.07692307692307693
41f,45,msp,thr,DoS,481,0.07068607068607069,0.11371237458193979
41f,45,msp,thr,Exploits,1968,0.03861788617886179,0.25418060200668896
41f,45,msp,thr,Fuzzers,1470,0.04693877551020408,0.23076923076923078
41f,45,msp,thr,Generic,96,0.03125,0.010033444816053512
41f,45,msp,thr,Normal,890,0.0550561797752809,0.16387959866220736
41f,45,msp,thr,Reconnaissance,772,0.02072538860103627,0.05351170568561873
41f,45,msp,cal,Analysis,109,0.11926605504587157,0.06018518518518518
41f,45,msp,cal,Backdoor,84,0.17857142857142858,0.06944444444444445
41f,45,msp,cal,DoS,270,0.0962962962962963,0.12037037037037036
41f,45,msp,cal,Exploits,1501,0.03264490339773484,0.22685185185185186
41f,45,msp,cal,Fuzzers,1092,0.05036630036630037,0.25462962962962965
41f,45,msp,cal,Generic,240,0.025,0.027777777777777776
41f,45,msp,cal,Normal,927,0.042071197411003236,0.18055555555555555
41f,45,msp,cal,Reconnaissance,577,0.022530329289428077,0.06018518518518518
41f,45,msp,test,Analysis,438,0.05707762557077625,0.010803802938634399
41f,45,msp,test,Backdoor,345,0.08115942028985507,0.012100259291270527
41f,45,msp,test,DoS,1694,0.07910271546635184,0.05790838375108038
41f,45,msp,test,Exploits,7590,0.0386034255599473,0.12662057044079517
41f,45,msp,test,Fuzzers,4810,0.055301455301455305,0.11495246326707001
41f,45,msp,test,Generic,3418,0.03393797542422469,0.05012964563526361
41f,45,msp,test,Normal,33832,0.0408784582643651,0.597666378565255
41f,45,msp,test,Reconnaissance,2469,0.027946537059538274,0.029818496110630942
41f,45,entropy,thr,Analysis,182,0.24175824175824176,0.14666666666666667
41f,45,entropy,thr,Backdoor,141,0.24822695035460993,0.11666666666666667
41f,45,entropy,thr,DoS,481,0.12266112266112267,0.19666666666666666
41f,45,entropy,thr,Exploits,1968,0.031504065040650404,0.20666666666666667
41f,45,entropy,thr,Fuzzers,1470,0.03741496598639456,0.18333333333333332
41f,45,entropy,thr,Generic,96,0.020833333333333332,0.006666666666666667
41f,45,entropy,thr,Normal,890,0.016853932584269662,0.05
41f,45,entropy,thr,Reconnaissance,772,0.03626943005181347,0.09333333333333334
41f,45,entropy,cal,Analysis,109,0.23853211009174313,0.125
41f,45,entropy,cal,Backdoor,84,0.34523809523809523,0.13942307692307693
41f,45,entropy,cal,DoS,270,0.11481481481481481,0.14903846153846154
41f,45,entropy,cal,Exploits,1501,0.029980013324450366,0.21634615384615385
41f,45,entropy,cal,Fuzzers,1092,0.037545787545787544,0.1971153846153846
41f,45,entropy,cal,Generic,240,0.008333333333333333,0.009615384615384616
41f,45,entropy,cal,Normal,927,0.009708737864077669,0.04326923076923077
41f,45,entropy,cal,Reconnaissance,577,0.043327556325823226,0.1201923076923077
41f,45,entropy,test,Analysis,438,0.091324200913242,0.04479283314669653
41f,45,entropy,test,Backdoor,345,0.11884057971014493,0.04591265397536394
41f,45,entropy,test,DoS,1694,0.06493506493506493,0.12318029115341546
41f,45,entropy,test,Exploits,7590,0.02345191040843215,0.19932810750279956
41f,45,entropy,test,Fuzzers,4810,0.03367983367983368,0.18141097424412095
41f,45,entropy,test,Generic,3418,0.0248683440608543,0.09518477043673013
41f,45,entropy,test,Normal,33832,0.005941120832348073,0.22508398656215006
41f,45,entropy,test,Reconnaissance,2469,0.03078169299311462,0.0851063829787234
41f,45,margin,thr,Analysis,182,0.06043956043956044,0.03666666666666667
41f,45,margin,thr,Backdoor,141,0.05673758865248227,0.02666666666666667
41f,45,margin,thr,DoS,481,0.05197505197505198,0.08333333333333333
41f,45,margin,thr,Exploits,1968,0.0350609756097561,0.23
41f,45,margin,thr,Fuzzers,1470,0.05782312925170068,0.2833333333333333
41f,45,margin,thr,Generic,96,0.020833333333333332,0.006666666666666667
41f,45,margin,thr,Normal,890,0.09101123595505618,0.27
41f,45,margin,thr,Reconnaissance,772,0.02461139896373057,0.06333333333333334
41f,45,margin,cal,Analysis,109,0.03669724770642202,0.01639344262295082
41f,45,margin,cal,Backdoor,84,0.023809523809523808,0.00819672131147541
41f,45,margin,cal,DoS,270,0.06296296296296296,0.06967213114754098
41f,45,margin,cal,Exploits,1501,0.03264490339773484,0.20081967213114754
41f,45,margin,cal,Fuzzers,1092,0.07142857142857142,0.319672131147541
41f,45,margin,cal,Generic,240,0.008333333333333333,0.00819672131147541
41f,45,margin,cal,Normal,927,0.08845738942826321,0.3360655737704918
41f,45,margin,cal,Reconnaissance,577,0.01733102253032929,0.040983606557377046
41f,45,margin,test,Analysis,438,0.02511415525114155,0.0038009675190048375
41f,45,margin,test,Backdoor,345,0.011594202898550725,0.00138217000691085
41f,45,margin,test,DoS,1694,0.07260920897284534,0.04250172771250864
41f,45,margin,test,Exploits,7590,0.039525691699604744,0.10366275051831375
41f,45,margin,test,Fuzzers,4810,0.06943866943866944,0.11541119557705598
41f,45,margin,test,Generic,3418,0.018431831480397894,0.021769177608845888
41f,45,margin,test,Normal,33832,0.05873137857649562,0.6865929509329648
41f,45,margin,test,Reconnaissance,2469,0.02916160388821385,0.0248790601243953
41f,45,conformal,thr,Analysis,182,0.06043956043956044,0.037162162162162164
41f,45,conformal,thr,Backdoor,141,0.09929078014184398,0.0472972972972973
41f,45,conformal,thr,DoS,481,0.056133056133056136,0.09121621621621621
41f,45,conformal,thr,Exploits,1968,0.0625,0.4155405405405405
41f,45,conformal,thr,Fuzzers,1470,0.0326530612244898,0.16216216216216217
41f,45,conformal,thr,Generic,96,0.0625,0.02027027027027027
41f,45,conformal,thr,Normal,890,0.0033707865168539327,0.010135135135135136
41f,45,conformal,thr,Reconnaissance,772,0.08290155440414508,0.21621621621621623
41f,45,conformal,cal,Analysis,109,0.027522935779816515,0.011152416356877323
41f,45,conformal,cal,Backdoor,84,0.08333333333333333,0.026022304832713755
41f,45,conformal,cal,DoS,270,0.1,0.10037174721189591
41f,45,conformal,cal,Exploits,1501,0.07128580946035976,0.39776951672862454
41f,45,conformal,cal,Fuzzers,1092,0.023809523809523808,0.09665427509293681
41f,45,conformal,cal,Generic,240,0.07083333333333333,0.06319702602230483
41f,45,conformal,cal,Normal,927,0.043149946062567425,0.14869888475836432
41f,45,conformal,cal,Reconnaissance,577,0.07279029462738301,0.15613382899628253
41f,45,conformal,test,Analysis,438,0.02968036529680365,0.010007698229407237
41f,45,conformal,test,Backdoor,345,0.02318840579710145,0.006158583525789068
41f,45,conformal,test,DoS,1694,0.06434474616292798,0.08391070053887606
41f,45,conformal,test,Exploits,7590,0.06653491436100131,0.3887605850654349
41f,45,conformal,test,Fuzzers,4810,0.02079002079002079,0.07698229407236336
41f,45,conformal,test,Generic,3418,0.07226448215330603,0.1901462663587375
41f,45,conformal,test,Normal,33832,0.004078978481910617,0.10623556581986143
41f,45,conformal,test,Reconnaissance,2469,0.07249898744430944,0.13779830638953042
41f,45,iforest,thr,Analysis,182,0.0,0.0
41f,45,iforest,thr,Backdoor,141,0.0,0.0
41f,45,iforest,thr,DoS,481,0.05197505197505198,0.08333333333333333
41f,45,iforest,thr,Exploits,1968,0.07063008130081301,0.4633333333333333
41f,45,iforest,thr,Fuzzers,1470,0.05646258503401361,0.27666666666666667
41f,45,iforest,thr,Generic,96,0.010416666666666666,0.0033333333333333335
41f,45,iforest,thr,Normal,890,0.05730337078651685,0.17
41f,45,iforest,thr,Reconnaissance,772,0.0012953367875647669,0.0033333333333333335
41f,45,iforest,cal,Analysis,109,0.0,0.0
41f,45,iforest,cal,Backdoor,84,0.0,0.0
41f,45,iforest,cal,DoS,270,0.08518518518518518,0.12432432432432433
41f,45,iforest,cal,Exploits,1501,0.06995336442371752,0.5675675675675675
41f,45,iforest,cal,Fuzzers,1092,0.029304029304029304,0.17297297297297298
41f,45,iforest,cal,Generic,240,0.008333333333333333,0.010810810810810811
41f,45,iforest,cal,Normal,927,0.02481121898597627,0.12432432432432433
41f,45,iforest,cal,Reconnaissance,577,0.0,0.0
41f,45,iforest,test,Analysis,438,0.0,0.0
41f,45,iforest,test,Backdoor,345,0.0,0.0
41f,45,iforest,test,DoS,1694,0.05608028335301062,0.06129032258064516
41f,45,iforest,test,Exploits,7590,0.06179183135704875,0.3025806451612903
41f,45,iforest,test,Fuzzers,4810,0.03513513513513514,0.10903225806451614
41f,45,iforest,test,Generic,3418,0.00965476887068461,0.02129032258064516
41f,45,iforest,test,Normal,33832,0.023143769212579806,0.5051612903225806
41f,45,iforest,test,Reconnaissance,2469,0.0004050222762251924,0.0006451612903225806
41f,45,iforest+msp:mean,thr,Analysis,182,0.17582417582417584,0.10666666666666667
41f,45,iforest+msp:mean,thr,Backdoor,141,0.12056737588652482,0.056666666666666664
41f,45,iforest+msp:mean,thr,DoS,481,0.06652806652806653,0.10666666666666667
41f,45,iforest+msp:mean,thr,Exploits,1968,0.04065040650406504,0.26666666666666666
41f,45,iforest+msp:mean,thr,Fuzzers,1470,0.053061224489795916,0.26
41f,45,iforest+msp:mean,thr,Generic,96,0.052083333333333336,0.016666666666666666
41f,45,iforest+msp:mean,thr,Normal,890,0.04719101123595506,0.14
41f,45,iforest+msp:mean,thr,Reconnaissance,772,0.018134715025906734,0.04666666666666667
41f,45,iforest+msp:mean,cal,Analysis,109,0.12844036697247707,0.0748663101604278
41f,45,iforest+msp:mean,cal,Backdoor,84,0.10714285714285714,0.0481283422459893
41f,45,iforest+msp:mean,cal,DoS,270,0.10740740740740741,0.15508021390374332
41f,45,iforest+msp:mean,cal,Exploits,1501,0.03264490339773484,0.2620320855614973
41f,45,iforest+msp:mean,cal,Fuzzers,1092,0.04212454212454213,0.24598930481283424
41f,45,iforest+msp:mean,cal,Generic,240,0.029166666666666667,0.0374331550802139
41f,45,iforest+msp:mean,cal,Normal,927,0.022653721682847898,0.11229946524064172
41f,45,iforest+msp:mean,cal,Reconnaissance,577,0.02079722703639515,0.06417112299465241
41f,45,iforest+msp:mean,test,Analysis,438,0.03424657534246575,0.006772009029345372
41f,45,iforest+msp:mean,test,Backdoor,345,0.04057971014492753,0.006320541760722348
41f,45,iforest+msp:mean,test,DoS,1694,0.07674144037780402,0.05869074492099323
41f,45,iforest+msp:mean,test,Exploits,7590,0.028194993412384718,0.09661399548532731
41f,45,iforest+msp:mean,test,Fuzzers,4810,0.04698544698544699,0.10203160270880361
41f,45,iforest+msp:mean,test,Generic,3418,0.03159742539496782,0.04875846501128668
41f,45,iforest+msp:mean,test,Normal,33832,0.04362733506739182,0.6663656884875846
41f,45,iforest+msp:mean,test,Reconnaissance,2469,0.012960712839206157,0.014446952595936794
41f,45,iforest+msp:max,thr,Analysis,182,0.07142857142857142,0.043333333333333335
41f,45,iforest+msp:max,thr,Backdoor,141,0.09219858156028368,0.043333333333333335
41f,45,iforest+msp:max,thr,DoS,481,0.08316008316008316,0.13333333333333333
41f,45,iforest+msp:max,thr,Exploits,1968,0.059959349593495935,0.3933333333333333
41f,45,iforest+msp:max,thr,Fuzzers,1470,0.04829931972789116,0.23666666666666666
41f,45,iforest+msp:max,thr,Generic,96,0.0,0.0
41f,45,iforest+msp:max,thr,Normal,890,0.04269662921348315,0.12666666666666668
41f,45,iforest+msp:max,thr,Reconnaissance,772,0.009067357512953367,0.023333333333333334
41f,45,iforest+msp:max,cal,Analysis,109,0.03669724770642202,0.02072538860103627
41f,45,iforest+msp:max,cal,Backdoor,84,0.03571428571428571,0.015544041450777202
41f,45,iforest+msp:max,cal,DoS,270,0.11851851851851852,0.16580310880829016
41f,45,iforest+msp:max,cal,Exploits,1501,0.05596269153897402,0.43523316062176165
41f,45,iforest+msp:max,cal,Fuzzers,1092,0.03663003663003663,0.20725388601036268
41f,45,iforest+msp:max,cal,Generic,240,0.004166666666666667,0.0051813471502590676
41f,45,iforest+msp:max,cal,Normal,927,0.023732470334412083,0.11398963730569948
41f,45,iforest+msp:max,cal,Reconnaissance,577,0.012131715771230503,0.03626943005181347
41f,45,iforest+msp:max,test,Analysis,438,0.0091324200913242,0.002065049044914817
41f,45,iforest+msp:max,test,Backdoor,345,0.028985507246376812,0.005162622612287042
41f,45,iforest+msp:max,test,DoS,1694,0.0808736717827627,0.07072792978833248
41f,45,iforest+msp:max,test,Exploits,7590,0.05704874835309618,0.22354155911202891
41f,45,iforest+msp:max,test,Fuzzers,4810,0.03659043659043659,0.09086215797625194
41f,45,iforest+msp:max,test,Generic,3418,0.025746050321825628,0.04543107898812597
41f,45,iforest+msp:max,test,Normal,33832,0.030976590210451644,0.541042849767682
41f,45,iforest+msp:max,test,Reconnaissance,2469,0.01660591332523289,0.021166752710376872
41f,45,iforest+entropy:mean,thr,Analysis,182,0.15384615384615385,0.09333333333333334
41f,45,iforest+entropy:mean,thr,Backdoor,141,0.1276595744680851,0.06
41f,45,iforest+entropy:mean,thr,DoS,481,0.079002079002079,0.12666666666666668
41f,45,iforest+entropy:mean,thr,Exploits,1968,0.029979674796747968,0.19666666666666666
41f,45,iforest+entropy:mean,thr,Fuzzers,1470,0.061224489795918366,0.3
41f,45,iforest+entropy:mean,thr,Generic,96,0.041666666666666664,0.013333333333333334
41f,45,iforest+entropy:mean,thr,Normal,890,0.04943820224719101,0.14666666666666667
41f,45,iforest+entropy:mean,thr,Reconnaissance,772,0.02461139896373057,0.06333333333333334
41f,45,iforest+entropy:mean,cal,Analysis,109,0.12844036697247707,0.0707070707070707
41f,45,iforest+entropy:mean,cal,Backdoor,84,0.13095238095238096,0.05555555555555555
41f,45,iforest+entropy:mean,cal,DoS,270,0.0962962962962963,0.13131313131313133
41f,45,iforest+entropy:mean,cal,Exploits,1501,0.034643570952698204,0.26262626262626265
41f,45,iforest+entropy:mean,cal,Fuzzers,1092,0.05036630036630037,0.2777777777777778
41f,45,iforest+entropy:mean,cal,Generic,240,0.03333333333333333,0.04040404040404041
41f,45,iforest+entropy:mean,cal,Normal,927,0.022653721682847898,0.10606060606060606
41f,45,iforest+entropy:mean,cal,Reconnaissance,577,0.019064124783362217,0.05555555555555555
41f,45,iforest+entropy:mean,test,Analysis,438,0.05251141552511415,0.014303482587064677
41f,45,iforest+entropy:mean,test,Backdoor,345,0.06956521739130435,0.014925373134328358
41f,45,iforest+entropy:mean,test,DoS,1694,0.07142857142857142,0.07524875621890548
41f,45,iforest+entropy:mean,test,Exploits,7590,0.024901185770750987,0.11753731343283583
41f,45,iforest+entropy:mean,test,Fuzzers,4810,0.050311850311850315,0.15049751243781095
41f,45,iforest+entropy:mean,test,Generic,3418,0.03481568168519602,0.0740049751243781
41f,45,iforest+entropy:mean,test,Normal,33832,0.02530148971388035,0.5323383084577115
41f,45,iforest+entropy:mean,test,Reconnaissance,2469,0.01377075739165654,0.021144278606965175
41f,45,iforest+entropy:max,thr,Analysis,182,0.08791208791208792,0.0547945205479452
41f,45,iforest+entropy:max,thr,Backdoor,141,0.15602836879432624,0.07534246575342465
41f,45,iforest+entropy:max,thr,DoS,481,0.09771309771309772,0.16095890410958905
41f,45,iforest+entropy:max,thr,Exploits,1968,0.054878048780487805,0.3698630136986301
41f,45,iforest+entropy:max,thr,Fuzzers,1470,0.04149659863945578,0.2089041095890411
41f,45,iforest+entropy:max,thr,Generic,96,0.010416666666666666,0.003424657534246575
41f,45,iforest+entropy:max,thr,Normal,890,0.020224719101123594,0.06164383561643835
41f,45,iforest+entropy:max,thr,Reconnaissance,772,0.02461139896373057,0.06506849315068493
41f,45,iforest+entropy:max,cal,Analysis,109,0.14678899082568808,0.08465608465608465
41f,45,iforest+entropy:max,cal,Backdoor,84,0.20238095238095238,0.08994708994708994
41f,45,iforest+entropy:max,cal,DoS,270,0.11481481481481481,0.164021164021164
41f,45,iforest+entropy:max,cal,Exploits,1501,0.046635576282478344,0.37037037037037035
41f,45,iforest+entropy:max,cal,Fuzzers,1092,0.03205128205128205,0.18518518518518517
41f,45,iforest+entropy:max,cal,Generic,240,0.008333333333333333,0.010582010582010581
41f,45,iforest+entropy:max,cal,Normal,927,0.006472491909385114,0.031746031746031744
41f,45,iforest+entropy:max,cal,Reconnaissance,577,0.02079722703639515,0.06349206349206349
41f,45,iforest+entropy:max,test,Analysis,438,0.0547945205479452,0.019002375296912115
41f,45,iforest+entropy:max,test,Backdoor,345,0.06956521739130435,0.019002375296912115
41f,45,iforest+entropy:max,test,DoS,1694,0.08795749704840614,0.11797307996832937
41f,45,iforest+entropy:max,test,Exploits,7590,0.04782608695652174,0.28741092636579574
41f,45,iforest+entropy:max,test,Fuzzers,4810,0.02993762993762994,0.11401425178147269
41f,45,iforest+entropy:max,test,Generic,3418,0.023112931538911644,0.0625494853523357
41f,45,iforest+entropy:max,test,Normal,33832,0.012709860487112793,0.3404592240696754
41f,45,iforest+entropy:max,test,Reconnaissance,2469,0.02025111381125962,0.0395882818685669
41f,45,iforest+margin:mean,thr,Analysis,182,0.10989010989010989,0.06666666666666667
41f,45,iforest+margin:mean,thr,Backdoor,141,0.07801418439716312,0.03666666666666667
41f,45,iforest+margin:mean,thr,DoS,481,0.05405405405405406,0.08666666666666667
41f,45,iforest+margin:mean,thr,Exploits,1968,0.04217479674796748,0.27666666666666667
41f,45,iforest+margin:mean,thr,Fuzzers,1470,0.06190476190476191,0.30333333333333334
41f,45,iforest+margin:mean,thr,Generic,96,0.052083333333333336,0.016666666666666666
41f,45,iforest+margin:mean,thr,Normal,890,0.052808988764044947,0.15666666666666668
41f,45,iforest+margin:mean,thr,Reconnaissance,772,0.022020725388601035,0.056666666666666664
41f,45,iforest+margin:mean,cal,Analysis,109,0.07339449541284404,0.045454545454545456
41f,45,iforest+margin:mean,cal,Backdoor,84,0.08333333333333333,0.03977272727272727
41f,45,iforest+margin:mean,cal,DoS,270,0.1,0.1534090909090909
41f,45,iforest+margin:mean,cal,Exploits,1501,0.034643570952698204,0.29545454545454547
41f,45,iforest+margin:mean,cal,Fuzzers,1092,0.047619047619047616,0.29545454545454547
41f,45,iforest+margin:mean,cal,Generic,240,0.025,0.03409090909090909
41f,45,iforest+margin:mean,cal,Normal,927,0.017259978425026967,0.09090909090909091
41f,45,iforest+margin:mean,cal,Reconnaissance,577,0.01386481802426343,0.045454545454545456
41f,45,iforest+margin:mean,test,Analysis,438,0.0182648401826484,0.003798670465337132
41f,45,iforest+margin:mean,test,Backdoor,345,0.028985507246376812,0.004748338081671415
41f,45,iforest+margin:mean,test,DoS,1694,0.07201889020070838,0.057929724596391265
41f,45,iforest+margin:mean,test,Exploits,7590,0.02740447957839262,0.09876543209876543
41f,45,iforest+margin:mean,test,Fuzzers,4810,0.05010395010395011,0.1144349477682811
41f,45,iforest+margin:mean,test,Generic,3418,0.02633118782913985,0.042735042735042736
41f,45,iforest+margin:mean,test,Normal,33832,0.041528730196263894,0.6671415004748338
41f,45,iforest+margin:mean,test,Reconnaissance,2469,0.008910490076954233,0.010446343779677113
41f,45,iforest+margin:max,thr,Analysis,182,0.03296703296703297,0.020066889632107024
41f,45,iforest+margin:max,thr,Backdoor,141,0.028368794326241134,0.013377926421404682
41f,45,iforest+margin:max,thr,DoS,481,0.07692307692307693,0.12374581939799331
41f,45,iforest+margin:max,thr,Exploits,1968,0.056910569105691054,0.3745819397993311
41f,45,iforest+margin:max,thr,Fuzzers,1470,0.058503401360544216,0.28762541806020064
41f,45,iforest+margin:max,thr,Generic,96,0.020833333333333332,0.006688963210702341
41f,45,iforest+margin:max,thr,Normal,890,0.052808988764044947,0.15719063545150502
41f,45,iforest+margin:max,thr,Reconnaissance,772,0.006476683937823834,0.016722408026755852
41f,45,iforest+margin:max,cal,Analysis,109,0.009174311926605505,0.0049504950495049506
41f,45,iforest+margin:max,cal,Backdoor,84,0.0,0.0
41f,45,iforest+margin:max,cal,DoS,270,0.1037037037037037,0.13861386138613863
41f,45,iforest+margin:max,cal,Exploits,1501,0.059293804130579615,0.4405940594059406
41f,45,iforest+margin:max,cal,Fuzzers,1092,0.046703296703296704,0.2524752475247525
41f,45,iforest+margin:max,cal,Generic,240,0.0,0.0
41f,45,iforest+margin:max,cal,Normal,927,0.032362459546925564,0.1485148514851485
41f,45,iforest+margin:max,cal,Reconnaissance,577,0.005199306759098787,0.01485148514851485
41f,45,iforest+margin:max,test,Analysis,438,0.0136986301369863,0.003022670025188917
41f,45,iforest+margin:max,test,Backdoor,345,0.008695652173913044,0.0015113350125944584
41f,45,iforest+margin:max,test,DoS,1694,0.0755608028335301,0.06448362720403022
41f,45,iforest+margin:max,test,Exploits,7590,0.0544137022397892,0.20806045340050378
41f,45,iforest+margin:max,test,Fuzzers,4810,0.04095634095634096,0.09924433249370278
41f,45,iforest+margin:max,test,Generic,3418,0.014628437682855471,0.02518891687657431
41f,45,iforest+margin:max,test,Normal,33832,0.034375738945377154,0.5858942065491184
41f,45,iforest+margin:max,test,Reconnaissance,2469,0.01012555690562981,0.012594458438287154
41f,45,iforest+conformal:mean,thr,Analysis,182,0.054945054945054944,0.03333333333333333
41f,45,iforest+conformal:mean,thr,Backdoor,141,0.0851063829787234,0.04
41f,45,iforest+conformal:mean,thr,DoS,481,0.060291060291060294,0.09666666666666666
41f,45,iforest+conformal:mean,thr,Exploits,1968,0.06808943089430894,0.44666666666666666
41f,45,iforest+conformal:mean,thr,Fuzzers,1470,0.04013605442176871,0.19666666666666666
41f,45,iforest+conformal:mean,thr,Generic,96,0.052083333333333336,0.016666666666666666
41f,45,iforest+conformal:mean,thr,Normal,890,0.02696629213483146,0.08
41f,45,iforest+conformal:mean,thr,Reconnaissance,772,0.034974093264248704,0.09
41f,45,iforest+conformal:mean,cal,Analysis,109,0.03669724770642202,0.017094017094017096
41f,45,iforest+conformal:mean,cal,Backdoor,84,0.08333333333333333,0.029914529914529916
41f,45,iforest+conformal:mean,cal,DoS,270,0.1259259259259259,0.1452991452991453
41f,45,iforest+conformal:mean,cal,Exploits,1501,0.072618254497002,0.4658119658119658
41f,45,iforest+conformal:mean,cal,Fuzzers,1092,0.026556776556776556,0.12393162393162394
41f,45,iforest+conformal:mean,cal,Generic,240,0.09166666666666666,0.09401709401709402
41f,45,iforest+conformal:mean,cal,Normal,927,0.010787486515641856,0.042735042735042736
41f,45,iforest+conformal:mean,cal,Reconnaissance,577,0.03292894280762565,0.0811965811965812
41f,45,iforest+conformal:mean,test,Analysis,438,0.0136986301369863,0.00468384074941452
41f,45,iforest+conformal:mean,test,Backdoor,345,0.017391304347826087,0.00468384074941452
41f,45,iforest+conformal:mean,test,DoS,1694,0.07497048406139316,0.09914129586260734
41f,45,iforest+conformal:mean,test,Exploits,7590,0.05678524374176548,0.336455893832943
41f,45,iforest+conformal:mean,test,Fuzzers,4810,0.02286902286902287,0.0858704137392662
41f,45,iforest+conformal:mean,test,Generic,3418,0.06436512580456408,0.1717408274785324
41f,45,iforest+conformal:mean,test,Normal,33832,0.010197446204776544,0.2693208430913349
41f,45,iforest+conformal:mean,test,Reconnaissance,2469,0.014580801944106925,0.02810304449648712
41f,45,iforest+conformal:max,thr,Analysis,182,0.03296703296703297,0.02
41f,45,iforest+conformal:max,thr,Backdoor,141,0.07092198581560284,0.03333333333333333
41f,45,iforest+conformal:max,thr,DoS,481,0.07484407484407485,0.12
41f,45,iforest+conformal:max,thr,Exploits,1968,0.06808943089430894,0.44666666666666666
41f,45,iforest+conformal:max,thr,Fuzzers,1470,0.04557823129251701,0.22333333333333333
41f,45,iforest+conformal:max,thr,Generic,96,0.052083333333333336,0.016666666666666666
41f,45,iforest+conformal:max,thr,Normal,890,0.02247191011235955,0.06666666666666667
41f,45,iforest+conformal:max,thr,Reconnaissance,772,0.02849740932642487,0.07333333333333333
41f,45,iforest+conformal:max,cal,Analysis,109,0.0,0.0
41f,45,iforest+conformal:max,cal,Backdoor,84,0.05952380952380952,0.02512562814070352
41f,45,iforest+conformal:max,cal,DoS,270,0.10740740740740741,0.1457286432160804
41f,45,iforest+conformal:max,cal,Exploits,1501,0.06662225183211193,0.5025125628140703
41f,45,iforest+conformal:max,cal,Fuzzers,1092,0.026556776556776556,0.1457286432160804
41f,45,iforest+conformal:max,cal,Generic,240,0.03333333333333333,0.04020100502512563
41f,45,iforest+conformal:max,cal,Normal,927,0.016181229773462782,0.07537688442211055
41f,45,iforest+conformal:max,cal,Reconnaissance,577,0.022530329289428077,0.06532663316582915
41f,45,iforest+conformal:max,test,Analysis,438,0.01141552511415525,0.0035410764872521247
41f,45,iforest+conformal:max,test,Backdoor,345,0.020289855072463767,0.004957507082152974
41f,45,iforest+conformal:max,test,DoS,1694,0.07083825265643448,0.08498583569405099
41f,45,iforest+conformal:max,test,Exploits,7590,0.06152832674571805,0.3307365439093484
41f,45,iforest+conformal:max,test,Fuzzers,4810,0.022661122661122662,0.07719546742209632
41f,45,iforest+conformal:max,test,Generic,3418,0.0465184318314804,0.11260623229461757
41f,45,iforest+conformal:max,test,Normal,33832,0.013685268384960984,0.32790368271954673
41f,45,iforest+conformal:max,test,Reconnaissance,2469,0.03321182665046578,0.05807365439093484
41f,46,msp,thr,Analysis,184,0.13043478260869565,0.08275862068965517
41f,46,msp,thr,Backdoor,271,0.15129151291512916,0.1413793103448276
41f,46,msp,thr,DoS,190,0.17894736842105263,0.11724137931034483
41f,46,msp,thr,Exploits,872,0.06307339449541284,0.1896551724137931
41f,46,msp,thr,Fuzzers,915,0.08743169398907104,0.27586206896551724
41f,46,msp,thr,Generic,185,0.03783783783783784,0.02413793103448276
41f,46,msp,thr,Normal,2777,0.012963629816348578,0.12413793103448276
41f,46,msp,thr,Reconnaissance,406,0.03201970443349754,0.04482758620689655
41f,46,msp,cal,Analysis,64,0.15625,0.045454545454545456
41f,46,msp,cal,Backdoor,65,0.16923076923076924,0.05
41f,46,msp,cal,DoS,190,0.09473684210526316,0.08181818181818182
41f,46,msp,cal,Exploits,988,0.04959514170040486,0.22272727272727272
41f,46,msp,cal,Fuzzers,720,0.0625,0.20454545454545456
41f,46,msp,cal,Normal,2620,0.02862595419847328,0.3409090909090909
41f,46,msp,cal,Reconnaissance,353,0.0339943342776204,0.05454545454545454
41f,46,msp,test,Analysis,438,0.09817351598173515,0.012639623750734862
41f,46,msp,test,Backdoor,345,0.07246376811594203,0.007348618459729571
41f,46,msp,test,DoS,1694,0.11688311688311688,0.0582010582010582
41f,46,msp,test,Exploits,7590,0.05401844532279315,0.12051734273956496
41f,46,msp,test,Fuzzers,4810,0.08274428274428275,0.11699000587889477
41f,46,msp,test,Generic,3418,0.04183733177296665,0.042034097589653145
41f,46,msp,test,Normal,33832,0.06118467722865926,0.6084656084656085
41f,46,msp,test,Reconnaissance,2469,0.04657756176589713,0.03380364491475603
41f,46,entropy,thr,Analysis,184,0.32608695652173914,0.23904382470119523
41f,46,entropy,thr,Backdoor,271,0.3247232472324723,0.350597609561753
41f,46,entropy,thr,DoS,190,0.12105263157894737,0.09163346613545817
41f,46,entropy,thr,Exploits,872,0.021788990825688075,0.07569721115537849
41f,46,entropy,thr,Fuzzers,915,0.033879781420765025,0.12350597609561753
41f,46,entropy,thr,Generic,185,0.016216216216216217,0.01195219123505976
41f,46,entropy,thr,Normal,2777,0.0018005041411595247,0.0199203187250996
41f,46,entropy,thr,Reconnaissance,406,0.054187192118226604,0.08764940239043825
41f,46,entropy,cal,Analysis,64,0.0625,0.06557377049180328
41f,46,entropy,cal,Backdoor,65,0.1076923076923077,0.11475409836065574
41f,46,entropy,cal,DoS,190,0.042105263157894736,0.13114754098360656
41f,46,entropy,cal,Exploits,988,0.015182186234817813,0.2459016393442623
41f,46,entropy,cal,Fuzzers,720,0.019444444444444445,0.22950819672131148
41f,46,entropy,cal,Normal,2620,0.0022900763358778627,0.09836065573770492
41f,46,entropy,cal,Reconnaissance,353,0.019830028328611898,0.11475409836065574
41f,46,entropy,test,Analysis,438,0.14840182648401826,0.0783132530120482
41f,46,entropy,test,Backdoor,345,0.11594202898550725,0.04819277108433735
41f,46,entropy,test,DoS,1694,0.08028335301062574,0.163855421686747
41f,46,entropy,test,Exploits,7590,0.020289855072463767,0.1855421686746988
41f,46,entropy,test,Fuzzers,4810,0.03367983367983368,0.19518072289156627
41f,46,entropy,test,Generic,3418,0.01989467524868344,0.0819277108433735
41f,46,entropy,test,Normal,33832,0.0035173799952707497,0.14337349397590363
41f,46,entropy,test,Reconnaissance,2469,0.034831915755366545,0.10361445783132531
41f,46,margin,thr,Analysis,184,0.005434782608695652,0.0034482758620689655
41f,46,margin,thr,Backdoor,271,0.02214022140221402,0.020689655172413793
41f,46,margin,thr,DoS,190,0.09473684210526316,0.06206896551724138
41f,46,margin,thr,Exploits,872,0.058486238532110095,0.17586206896551723
41f,46,margin,thr,Fuzzers,915,0.12240437158469945,0.38620689655172413
41f,46,margin,thr,Generic,185,0.021621621621621623,0.013793103448275862
41f,46,margin,thr,Normal,2777,0.03132877205617573,0.3
41f,46,margin,thr,Reconnaissance,406,0.027093596059113302,0.03793103448275862
41f,46,margin,cal,Analysis,64,0.140625,0.03296703296703297
41f,46,margin,cal,Backdoor,65,0.046153846153846156,0.01098901098901099
41f,46,margin,cal,DoS,190,0.12631578947368421,0.08791208791208792
41f,46,margin,cal,Exploits,988,0.06072874493927125,0.21978021978021978
41f,46,margin,cal,Fuzzers,720,0.09027777777777778,0.23809523809523808
41f,46,margin,cal,Normal,2620,0.0366412213740458,0.3516483516483517
41f,46,margin,cal,Reconnaissance,353,0.0453257790368272,0.05860805860805861
41f,46,margin,test,Analysis,438,0.02511415525114155,0.002207505518763797
41f,46,margin,test,Backdoor,345,0.017391304347826087,0.0012040939193257074
41f,46,margin,test,DoS,1694,0.11038961038961038,0.037527593818984545
41f,46,margin,test,Exploits,7590,0.060210803689064556,0.09171182018864138
41f,46,margin,test,Fuzzers,4810,0.12370062370062371,0.11940598033313266
41f,46,margin,test,Generic,3418,0.030427150380339378,0.02087096126831226
41f,46,margin,test,Normal,33832,0.10327500591156302,0.701184025687337
41f,46,margin,test,Reconnaissance,2469,0.05224787363304982,0.02588801926550271
41f,46,conformal,thr,Analysis,184,0.0,0.0
41f,46,conformal,thr,Backdoor,271,0.0036900369003690036,0.0034602076124567475
41f,46,conformal,thr,DoS,190,0.02631578947368421,0.01730103806228374
41f,46,conformal,thr,Exploits,872,0.014908256880733946,0.04498269896193772
41f,46,conformal,thr,Fuzzers,915,0.06666666666666667,0.21107266435986158
41f,46,conformal,thr,Generic,185,0.8648648648648649,0.5536332179930796
41f,46,conformal,thr,Normal,2777,0.017284839755131436,0.16608996539792387
41f,46,conformal,thr,Reconnaissance,406,0.0024630541871921183,0.0034602076124567475
41f,46,conformal,cal,Analysis,64,0.0,0.0
41f,46,conformal,cal,Backdoor,65,0.0,0.0
41f,46,conformal,cal,DoS,190,0.021052631578947368,0.03669724770642202
41f,46,conformal,cal,Exploits,988,0.01417004048582996,0.12844036697247707
41f,46,conformal,cal,Fuzzers,720,0.05138888888888889,0.3394495412844037
41f,46,conformal,cal,Normal,2620,0.020229007633587787,0.48623853211009177
41f,46,conformal,cal,Reconnaissance,353,0.0028328611898017,0.009174311926605505
41f,46,conformal,test,Analysis,438,0.0091324200913242,0.0007690828686791001
41f,46,conformal,test,Backdoor,345,0.014492753623188406,0.0009613535858488752
41f,46,conformal,test,DoS,1694,0.01948051948051948,0.006344933666602577
41f,46,conformal,test,Exploits,7590,0.020553359683794466,0.029994231878484906
41f,46,conformal,test,Fuzzers,4810,0.06611226611226612,0.06114208805998846
41f,46,conformal,test,Generic,3418,0.8677589233469866,0.5702749471255528
41f,46,conformal,test,Normal,33832,0.049657129344998815,0.32301480484522205
41f,46,conformal,test,Reconnaissance,2469,0.015795868772782502,0.0074985579696212265
41f,46,iforest,thr,Analysis,184,0.010869565217391304,0.006896551724137931
41f,46,iforest,thr,Backdoor,271,0.0,0.0
41f,46,iforest,thr,DoS,190,0.08421052631578947,0.05517241379310345
41f,46,iforest,thr,Exploits,872,0.10091743119266056,0.30344827586206896
41f,46,iforest,thr,Fuzzers,915,0.07213114754098361,0.22758620689655173
41f,46,iforest,thr,Generic,185,0.032432432432432434,0.020689655172413793
41f,46,iforest,thr,Normal,2777,0.03961109110550954,0.3793103448275862
41f,46,iforest,thr,Reconnaissance,406,0.0049261083743842365,0.006896551724137931
41f,46,iforest,cal,Analysis,64,0.0625,0.015444015444015444
41f,46,iforest,cal,Backdoor,65,0.046153846153846156,0.011583011583011582
41f,46,iforest,cal,DoS,190,0.09473684210526316,0.0694980694980695
41f,46,iforest,cal,Exploits,988,0.09615384615384616,0.3667953667953668
41f,46,iforest,cal,Fuzzers,720,0.09444444444444444,0.2625482625482625
41f,46,iforest,cal,Normal,2620,0.026717557251908396,0.2702702702702703
41f,46,iforest,cal,Reconnaissance,353,0.0028328611898017,0.003861003861003861
41f,46,iforest,test,Analysis,438,0.0,0.0
41f,46,iforest,test,Backdoor,345,0.005797101449275362,0.0009828009828009828
41f,46,iforest,test,DoS,1694,0.07260920897284534,0.06044226044226044
41f,46,iforest,test,Exploits,7590,0.08142292490118577,0.3036855036855037
41f,46,iforest,test,Fuzzers,4810,0.0446985446985447,0.10565110565110565
41f,46,iforest,test,Generic,3418,0.0155061439438268,0.026044226044226043
41f,46,iforest,test,Normal,33832,0.03006029794277607,0.49975429975429975
41f,46,iforest,test,Reconnaissance,2469,0.0028351559335763467,0.0034398034398034397
41f,46,iforest+msp:mean,thr,Analysis,184,0.08695652173913043,0.05574912891986063
41f,46,iforest+msp:mean,thr,Backdoor,271,0.1070110701107011,0.10104529616724739
41f,46,iforest+msp:mean,thr,DoS,190,0.1736842105263158,0.11498257839721254
41f,46,iforest+msp:mean,thr,Exploits,872,0.05963302752293578,0.18118466898954705
41f,46,iforest+msp:mean,thr,Fuzzers,915,0.08524590163934426,0.27177700348432055
41f,46,iforest+msp:mean,thr,Generic,185,0.03783783783783784,0.024390243902439025
41f,46,iforest+msp:mean,thr,Normal,2777,0.019085343896290963,0.18466898954703834
41f,46,iforest+msp:mean,thr,Reconnaissance,406,0.046798029556650245,0.06620209059233449
41f,46,iforest+msp:mean,cal,Analysis,64,0.296875,0.08837209302325581
41f,46,iforest+msp:mean,cal,Backdoor,65,0.16923076923076924,0.05116279069767442
41f,46,iforest+msp:mean,cal,DoS,190,0.1631578947368421,0.14418604651162792
41f,46,iforest+msp:mean,cal,Exploits,988,0.0465587044534413,0.21395348837209302
41f,46,iforest+msp:mean,cal,Fuzzers,720,0.09722222222222222,0.32558139534883723
41f,46,iforest+msp:mean,cal,Normal,2620,0.008396946564885497,0.10232558139534884
41f,46,iforest+msp:mean,cal,Reconnaissance,353,0.0453257790368272,0.07441860465116279
41f,46,iforest+msp:mean,test,Analysis,438,0.0821917808219178,0.014229249011857707
41f,46,iforest+msp:mean,test,Backdoor,345,0.08405797101449275,0.011462450592885375
41f,46,iforest+msp:mean,test,DoS,1694,0.09740259740259741,0.06521739130434782
41f,46,iforest+msp:mean,test,Exploits,7590,0.03847167325428195,0.11541501976284585
41f,46,iforest+msp:mean,test,Fuzzers,4810,0.07567567567567568,0.14387351778656127
41f,46,iforest+msp:mean,test,Generic,3418,0.04154476301930954,0.05612648221343874
41f,46,iforest+msp:mean,test,Normal,33832,0.04241546464885316,0.567193675889328
41f,46,iforest+msp:mean,test,Reconnaissance,2469,0.02713649250708789,0.026482213438735178
41f,46,iforest+msp:max,thr,Analysis,184,0.03804347826086957,0.02422145328719723
41f,46,iforest+msp:max,thr,Backdoor,271,0.04797047970479705,0.04498269896193772
41f,46,iforest+msp:max,thr,DoS,190,0.14210526315789473,0.09342560553633218
41f,46,iforest+msp:max,thr,Exploits,872,0.0779816513761468,0.23529411764705882
41f,46,iforest+msp:max,thr,Fuzzers,915,0.07978142076502732,0.25259515570934254
41f,46,iforest+msp:max,thr,Generic,185,0.03783783783783784,0.02422145328719723
41f,46,iforest+msp:max,thr,Normal,2777,0.03204897371263954,0.3079584775086505
41f,46,iforest+msp:max,thr,Reconnaissance,406,0.012315270935960592,0.01730103806228374
41f,46,iforest+msp:max,cal,Analysis,64,0.109375,0.028112449799196786
41f,46,iforest+msp:max,cal,Backdoor,65,0.06153846153846154,0.01606425702811245
41f,46,iforest+msp:max,cal,DoS,190,0.11578947368421053,0.08835341365461848
41f,46,iforest+msp:max,cal,Exploits,988,0.0728744939271255,0.2891566265060241
41f,46,iforest+msp:max,cal,Fuzzers,720,0.0875,0.25301204819277107
41f,46,iforest+msp:max,cal,Normal,2620,0.02900763358778626,0.30522088353413657
41f,46,iforest+msp:max,cal,Reconnaissance,353,0.014164305949008499,0.020080321285140562
41f,46,iforest+msp:max,test,Analysis,438,0.02511415525114155,0.003854239663629993
41f,46,iforest+msp:max,test,Backdoor,345,0.03188405797101449,0.003854239663629993
41f,46,iforest+msp:max,test,DoS,1694,0.11038961038961038,0.06552207428170988
41f,46,iforest+msp:max,test,Exploits,7590,0.07127799736495388,0.18955851436580237
41f,46,iforest+msp:max,test,Fuzzers,4810,0.05883575883575884,0.09915907498248074
41f,46,iforest+msp:max,test,Generic,3418,0.03481568168519602,0.041695865451997195
41f,46,iforest+msp:max,test,Normal,33832,0.04877039489240955,0.578135949544499
41f,46,iforest+msp:max,test,Reconnaissance,2469,0.021061158363710003,0.018220042046250877
41f,46,iforest+entropy:mean,thr,Analysis,184,0.09782608695652174,0.06206896551724138
41f,46,iforest+entropy:mean,thr,Backdoor,271,0.1881918819188192,0.17586206896551723
41f,46,iforest+entropy:mean,thr,DoS,190,0.18421052631578946,0.1206896551724138
41f,46,iforest+entropy:mean,thr,Exploits,872,0.045871559633027525,0.13793103448275862
41f,46,iforest+entropy:mean,thr,Fuzzers,915,0.08306010928961749,0.2620689655172414
41f,46,iforest+entropy:mean,thr,Generic,185,0.04864864864864865,0.03103448275862069
41f,46,iforest+entropy:mean,thr,Normal,2777,0.013323730644580483,0.12758620689655173
41f,46,iforest+entropy:mean,thr,Reconnaissance,406,0.059113300492610835,0.08275862068965517
41f,46,iforest+entropy:mean,cal,Analysis,64,0.328125,0.109375
41f,46,iforest+entropy:mean,cal,Backdoor,65,0.2,0.06770833333333333
41f,46,iforest+entropy:mean,cal,DoS,190,0.12105263157894737,0.11979166666666667
41f,46,iforest+entropy:mean,cal,Exploits,988,0.03744939271255061,0.19270833333333334
41f,46,iforest+entropy:mean,cal,Fuzzers,720,0.09583333333333334,0.359375
41f,46,iforest+entropy:mean,cal,Normal,2620,0.0061068702290076335,0.08333333333333333
41f,46,iforest+entropy:mean,cal,Reconnaissance,353,0.036827195467422094,0.06770833333333333
41f,46,iforest+entropy:mean,test,Analysis,438,0.14383561643835616,0.03307086614173228
41f,46,iforest+entropy:mean,test,Backdoor,345,0.11594202898550725,0.02099737532808399
41f,46,iforest+entropy:mean,test,DoS,1694,0.09208972845336481,0.08188976377952756
41f,46,iforest+entropy:mean,test,Exploits,7590,0.032015810276679844,0.12755905511811025
41f,46,iforest+entropy:mean,test,Fuzzers,4810,0.07027027027027027,0.1774278215223097
41f,46,iforest+entropy:mean,test,Generic,3418,0.03627852545348157,0.06509186351706037
41f,46,iforest+entropy:mean,test,Normal,33832,0.025744856940174983,0.45721784776902885
41f,46,iforest+entropy:mean,test,Reconnaissance,2469,0.028351559335763468,0.03674540682414698
41f,46,iforest+entropy:max,thr,Analysis,184,0.1358695652173913,0.11013215859030837
41f,46,iforest+entropy:max,thr,Backdoor,271,0.2066420664206642,0.24669603524229075
41f,46,iforest+entropy:max,thr,DoS,190,0.1368421052631579,0.1145374449339207
41f,46,iforest+entropy:max,thr,Exploits,872,0.04357798165137615,0.16740088105726872
41f,46,iforest+entropy:max,thr,Fuzzers,915,0.030601092896174863,0.12334801762114538
41f,46,iforest+entropy:max,thr,Generic,185,0.03783783783783784,0.030837004405286344
41f,46,iforest+entropy:max,thr,Normal,2777,0.012963629816348578,0.15859030837004406
41f,46,iforest+entropy:max,thr,Reconnaissance,406,0.027093596059113302,0.048458149779735685
41f,46,iforest+entropy:max,cal,Analysis,64,0.0625,0.03571428571428571
41f,46,iforest+entropy:max,cal,Backdoor,65,0.1076923076923077,0.0625
41f,46,iforest+entropy:max,cal,DoS,190,0.09473684210526316,0.16071428571428573
41f,46,iforest+entropy:max,cal,Exploits,988,0.03441295546558704,0.30357142857142855
41f,46,iforest+entropy:max,cal,Fuzzers,720,0.02638888888888889,0.16964285714285715
41f,46,iforest+entropy:max,cal,Normal,2620,0.008778625954198474,0.20535714285714285
41f,46,iforest+entropy:max,cal,Reconnaissance,353,0.019830028328611898,0.0625
41f,46,iforest+entropy:max,test,Analysis,438,0.12100456621004566,0.0439469320066335
41f,46,iforest+entropy:max,test,Backdoor,345,0.09565217391304348,0.02736318407960199
41f,46,iforest+entropy:max,test,DoS,1694,0.09917355371900827,0.13930348258706468
41f,46,iforest+entropy:max,test,Exploits,7590,0.037022397891963106,0.2330016583747927
41f,46,iforest+entropy:max,test,Fuzzers,4810,0.028690228690228692,0.11442786069651742
41f,46,iforest+entropy:max,test,Generic,3418,0.022527794031597426,0.06384742951907131
41f,46,iforest+entropy:max,test,Normal,33832,0.011645779144005676,0.32669983416252074
41f,46,iforest+entropy:max,test,Reconnaissance,2469,0.025111381125961927,0.05140961857379768
41f,46,iforest+margin:mean,thr,Analysis,184,0.05434782608695652,0.03484320557491289
41f,46,iforest+margin:mean,thr,Backdoor,271,0.03690036900369004,0.03484320557491289
41f,46,iforest+margin:mean,thr,DoS,190,0.1368421052631579,0.09059233449477352
41f,46,iforest+margin:mean,thr,Exploits,872,0.06077981651376147,0.18466898954703834
41f,46,iforest+margin:mean,thr,Fuzzers,915,0.09289617486338798,0.2961672473867596
41f,46,iforest+margin:mean,thr,Generic,185,0.043243243243243246,0.027874564459930314
41f,46,iforest+margin:mean,thr,Normal,2777,0.02628736046092906,0.25435540069686413
41f,46,iforest+margin:mean,thr,Reconnaissance,406,0.054187192118226604,0.07665505226480836
41f,46,iforest+margin:mean,cal,Analysis,64,0.28125,0.07228915662650602
41f,46,iforest+margin:mean,cal,Backdoor,65,0.09230769230769231,0.024096385542168676
41f,46,iforest+margin:mean,cal,DoS,190,0.15263157894736842,0.11646586345381527
41f,46,iforest+margin:mean,cal,Exploits,988,0.0597165991902834,0.23694779116465864
41f,46,iforest+margin:mean,cal,Fuzzers,720,0.125,0.3614457831325301
41f,46,iforest+margin:mean,cal,Normal,2620,0.009923664122137405,0.10441767068273092
41f,46,iforest+margin:mean,cal,Reconnaissance,353,0.059490084985835696,0.08433734939759036
41f,46,iforest+margin:mean,test,Analysis,438,0.0365296803652968,0.005608131791097091
41f,46,iforest+margin:mean,test,Backdoor,345,0.05217391304347826,0.006309148264984227
41f,46,iforest+margin:mean,test,DoS,1694,0.09563164108618655,0.056782334384858045
41f,46,iforest+margin:mean,test,Exploits,7590,0.045718050065876155,0.12162635821941815
41f,46,iforest+margin:mean,test,Fuzzers,4810,0.08191268191268192,0.13810024535576587
41f,46,iforest+margin:mean,test,Generic,3418,0.04388531304856641,0.052576235541535225
41f,46,iforest+margin:mean,test,Normal,33832,0.04974580279025775,0.5899053627760252
41f,46,iforest+margin:mean,test,Reconnaissance,2469,0.033616848926690965,0.02909218366631616
41f,46,iforest+margin:max,thr,Analysis,184,0.0,0.0
41f,46,iforest+margin:max,thr,Backdoor,271,0.007380073800738007,0.006896551724137931
41f,46,iforest+margin:max,thr,DoS,190,0.08947368421052632,0.05862068965517241
41f,46,iforest+margin:max,thr,Exploits,872,0.06995412844036697,0.2103448275862069
41f,46,iforest+margin:max,thr,Fuzzers,915,0.10273224043715846,0.32413793103448274
41f,46,iforest+margin:max,thr,Generic,185,0.02702702702702703,0.017241379310344827
41f,46,iforest+margin:max,thr,Normal,2777,0.037450486136118115,0.3586206896551724
41f,46,iforest+margin:max,thr,Reconnaissance,406,0.017241379310344827,0.02413793103448276
41f,46,iforest+margin:max,cal,Analysis,64,0.0625,0.01593625498007968
41f,46,iforest+margin:max,cal,Backdoor,65,0.0,0.0
41f,46,iforest+margin:max,cal,DoS,190,0.09473684210526316,0.07171314741035857
41f,46,iforest+margin:max,cal,Exploits,988,0.06882591093117409,0.27091633466135456
41f,46,iforest+margin:max,cal,Fuzzers,720,0.10416666666666667,0.29880478087649404
41f,46,iforest+margin:max,cal,Normal,2620,0.030916030534351144,0.32270916334661354
41f,46,iforest+margin:max,cal,Reconnaissance,353,0.014164305949008499,0.0199203187250996
41f,46,iforest+margin:max,test,Analysis,438,0.00684931506849315,0.000966183574879227
41f,46,iforest+margin:max,test,Backdoor,345,0.005797101449275362,0.0006441223832528181
41f,46,iforest+margin:max,test,DoS,1694,0.09149940968122787,0.0499194847020934
41f,46,iforest+margin:max,test,Exploits,7590,0.059683794466403164,0.14589371980676327
41f,46,iforest+margin:max,test,Fuzzers,4810,0.061330561330561334,0.09500805152979067
41f,46,iforest+margin:max,test,Generic,3418,0.01989467524868344,0.021900161030595812
41f,46,iforest+margin:max,test,Normal,33832,0.06142113974934973,0.6692431561996779
41f,46,iforest+margin:max,test,Reconnaissance,2469,0.020656136087484813,0.01642512077294686
41f,46,iforest+conformal:mean,thr,Analysis,184,0.016304347826086956,0.010380622837370242
41f,46,iforest+conformal:mean,thr,Backdoor,271,0.0036900369003690036,0.0034602076124567475
41f,46,iforest+conformal:mean,thr,DoS,190,0.042105263157894736,0.02768166089965398
41f,46,iforest+conformal:mean,thr,Exploits,872,0.04931192660550459,0.14878892733564014
41f,46,iforest+conformal:mean,thr,Fuzzers,915,0.05027322404371585,0.15916955017301038
41f,46,iforest+conformal:mean,thr,Generic,185,0.0972972972972973,0.06228373702422145
41f,46,iforest+conformal:mean,thr,Normal,2777,0.05905653583003241,0.5674740484429066
41f,46,iforest+conformal:mean,thr,Reconnaissance,406,0.014778325123152709,0.020761245674740483
41f,46,iforest+conformal:mean,cal,Analysis,64,0.078125,0.027932960893854747
41f,46,iforest+conformal:mean,cal,Backdoor,65,0.03076923076923077,0.0111731843575419
41f,46,iforest+conformal:mean,cal,DoS,190,0.031578947368421054,0.0335195530726257
41f,46,iforest+conformal:mean,cal,Exploits,988,0.039473684210526314,0.21787709497206703
41f,46,iforest+conformal:mean,cal,Fuzzers,720,0.06944444444444445,0.27932960893854747
41f,46,iforest+conformal:mean,cal,Normal,2620,0.025572519083969465,0.3743016759776536
41f,46,iforest+conformal:mean,cal,Reconnaissance,353,0.028328611898016998,0.055865921787709494
41f,46,iforest+conformal:mean,test,Analysis,438,0.01141552511415525,0.0012758356723653994
41f,46,iforest+conformal:mean,test,Backdoor,345,0.002898550724637681,0.00025516713447307985
41f,46,iforest+conformal:mean,test,DoS,1694,0.0448642266824085,0.01939270221995407
41f,46,iforest+conformal:mean,test,Exploits,7590,0.034782608695652174,0.06736412350089309
41f,46,iforest+conformal:mean,test,Fuzzers,4810,0.056340956340956344,0.06915029344220465
41f,46,iforest+conformal:mean,test,Generic,3418,0.10415447630193095,0.09083949987241643
41f,46,iforest+conformal:mean,test,Normal,33832,0.08633837786710806,0.7453431997958663
41f,46,iforest+conformal:mean,test,Reconnaissance,2469,0.01012555690562981,0.006379178361826996
41f,46,iforest+conformal:max,thr,Analysis,184,0.0,0.0
41f,46,iforest+conformal:max,thr,Backdoor,271,0.0,0.0
41f,46,iforest+conformal:max,thr,DoS,190,0.05789473684210526,0.03793103448275862
41f,46,iforest+conformal:max,thr,Exploits,872,0.034403669724770644,0.10344827586206896
41f,46,iforest+conformal:max,thr,Fuzzers,915,0.03715846994535519,0.11724137931034483
41f,46,iforest+conformal:max,thr,Generic,185,0.8756756756756757,0.5586206896551724
41f,46,iforest+conformal:max,thr,Normal,2777,0.018725243068059057,0.1793103448275862
41f,46,iforest+conformal:max,thr,Reconnaissance,406,0.0024630541871921183,0.0034482758620689655
41f,46,iforest+conformal:max,cal,Analysis,64,0.0,0.0
41f,46,iforest+conformal:max,cal,Backdoor,65,0.0,0.0
41f,46,iforest+conformal:max,cal,DoS,190,0.07368421052631578,0.12962962962962962
41f,46,iforest+conformal:max,cal,Exploits,988,0.02834008097165992,0.25925925925925924
41f,46,iforest+conformal:max,cal,Fuzzers,720,0.03333333333333333,0.2222222222222222
41f,46,iforest+conformal:max,cal,Normal,2620,0.015648854961832062,0.37962962962962965
41f,46,iforest+conformal:max,cal,Reconnaissance,353,0.0028328611898017,0.009259259259259259
41f,46,iforest+conformal:max,test,Analysis,438,0.00684931506849315,0.0006942837306179125
41f,46,iforest+conformal:max,test,Backdoor,345,0.002898550724637681,0.00023142791020597085
41f,46,iforest+conformal:max,test,DoS,1694,0.053128689492325853,0.020828511918537376
41f,46,iforest+conformal:max,test,Exploits,7590,0.034255599472990776,0.06017125665355242
41f,46,iforest+conformal:max,test,Fuzzers,4810,0.03617463617463618,0.040268456375838924
41f,46,iforest+conformal:max,test,Generic,3418,0.8642480983031012,0.6836380467484379
41f,46,iforest+conformal:max,test,Normal,33832,0.023971388034996453,0.18768803517704236
41f,46,iforest+conformal:max,test,Reconnaissance,2469,0.011340623734305387,0.0064799814857671835
