pool,seed,score,target,threshold,alert_fpr_off,alert_fpr_on,confident_alert_fpr,review_rate_normal,normal_called_normal_but_reviewed,share_of_false_alerts_that_skip_review,zero_day_catch,zero_day_flagged,known_attack_alert_rate,known_attack_confident_detection
41f,42,msp,0.005,0.6264212131500244,0.3073126034523528,0.30952943958382595,0.30296760463466543,0.006561834949160558,0.0022168361314731616,0.9858613061460038,0.9477566072526121,0.022126613398893668,0.9732710460412252,0.9651801194374879
41f,42,msp,0.01,0.6063439846038818,0.3073126034523528,0.31150981319460863,0.2998049184204304,0.011704894774178293,0.004197209742255853,0.975569875925748,0.9477566072526121,0.03318992009834051,0.9741860913118859,0.9620978616836833
41f,42,msp,0.02,0.5717798471450806,0.3073126034523528,0.31606171671790023,0.29271104279971627,0.02335067391818397,0.008749113265547412,0.952486294123305,0.9526736324523664,0.0743700061462815,0.9755827393565787,0.9527066075900598
41f,42,msp,0.03,0.5429613590240479,0.3073126034523528,0.3207022936864507,0.28576495625443366,0.034937337432017025,0.013389690234097895,0.9298836202750793,0.956361401352182,0.10448678549477566,0.9769793874012714,0.9431708726642265
41f,42,msp,0.05,0.5064529180526733,0.3073126034523528,0.32927406006148024,0.2720796878694727,0.05719437219200757,0.021961456609127454,0.8853515437145331,0.9637369391518131,0.15365703749231716,0.9791947601618185,0.9218840300520131
41f,42,msp,0.075,0.482491672039032,0.3073126034523528,0.3397966422322062,0.2574190115866635,0.08237763064554268,0.03248403877985339,0.8376454746561509,0.9711124769514444,0.1997541487400123,0.9826623001348488,0.9020419957618956
41f,42,msp,0.1,0.4605006277561188,0.3073126034523528,0.3508217072593994,0.24388153227713408,0.10694017498226531,0.04350910380704658,0.7935943060498222,0.97480024585126,0.23847572218807622,0.984685031785783,0.8772394528992487
41f,42,msp,0.15,0.4339645504951477,0.3073126034523528,0.36184677228659257,0.22602861196500354,0.13581816032158903,0.054534168834239775,0.7355006251803405,0.9784880147510756,0.2894898586355255,0.9868040839915238,0.8294644577152764
41f,42,msp,0.2,0.4025156795978546,0.3073126034523528,0.3734038779853393,0.2004611019153464,0.1729427760699929,0.06609127453298652,0.6523035491007021,0.984019668100799,0.34787953288260604,0.9895010595261029,0.7679637834713928
41f,42,msp,0.3,0.3136337101459503,0.3073126034523528,0.3973752660203358,0.1401040435091038,0.25727122251123197,0.09006266256798297,0.4559007405982495,0.9956976029502151,0.5580823601720959,0.9947505297630514,0.6743883644769794
41f,42,entropy,0.005,0.8033785604252894,0.3073126034523528,0.307519508157957,0.307046583116576,0.0004729250413809411,0.00020690470560416174,0.9991343656824084,0.9465273509526736,0.01290719114935464,0.9723560007705644,0.9687439799653246
41f,42,entropy,0.01,0.7674679375750317,0.3073126034523528,0.3077264128635611,0.30645542681484983,0.0012709860487112794,0.0004138094112083235,0.9972107338655382,0.9471419791026429,0.023970497848801474,0.9726931227123868,0.9640724330572145
41f,42,entropy,0.02,0.7351686262148552,0.3073126034523528,0.30802199101442423,0.3050070938756207,0.0030148971388035,0.0007093875620714117,0.992497835914206,0.9483712354025814,0.04732636754763368,0.9731747254864188,0.954006935079946
41f,42,entropy,0.03,0.7156314483119084,0.3073126034523528,0.30870182076140934,0.30352920312130527,0.005172617640104044,0.0013892173090565146,0.9876887563720305,0.9496004917025199,0.0762138905961893,0.973704488537854,0.9408110190714698
41f,42,entropy,0.05,0.6986853932924811,0.3073126034523528,0.3095885552139986,0.3015783873256089,0.00801016788838969,0.002275951761645779,0.9813407713763586,0.9508297480024586,0.09895513214505225,0.9745713735311116,0.924773646696205
41f,42,entropy,0.075,0.671279011426264,0.3073126034523528,0.3114211397493497,0.29673090565145427,0.014690234097895483,0.004108536296996926,0.9655669904780226,0.9532882606023356,0.1432083589428396,0.9757753804661915,0.8881236755923714
41f,42,entropy,0.1,0.645426653405863,0.3073126034523528,0.3146724994088437,0.28851383305746037,0.026158666351383305,0.007359895956490896,0.938828508223526,0.9575906576521205,0.2071296865396435,0.9768830668464651,0.8441533423232518
41f,42,entropy,0.15,0.5644898982472768,0.3073126034523528,0.3371364388744384,0.25348782218018445,0.08364861669425395,0.0298238354220856,0.8248533230739638,0.9692685925015365,0.3896742470805163,0.9809766904257369,0.7846272394528992
41f,42,entropy,0.2,0.4959145704505626,0.3073126034523528,0.3537774887680303,0.22274769449042328,0.131029794277607,0.04646488531567747,0.7248244685967107,0.9815611555009219,0.5359557467732022,0.9832883837410904,0.7393565786938933
41f,42,entropy,0.3,0.41921553926339106,0.3073126034523528,0.38046819579096713,0.15322771340742491,0.22724048238354222,0.07315559233861434,0.4986053669327691,0.9969268592501537,0.7154271665642287,0.99051242535157,0.6602292429204393
41f,42,margin,0.005,0.9910926222801208,0.3073126034523528,0.3099432489950343,0.3040612437928588,0.005882005202175455,0.002630645542681485,0.9894200250072136,0.9471419791026429,0.006760909649661954,0.97274128298979,0.9684068580235022
41f,42,margin,0.01,0.9834094643592834,0.3073126034523528,0.3120714116812485,0.30110546228422796,0.010965949397020572,0.00475880822889572,0.9798018659228624,0.9489858635525507,0.013521819299323909,0.9731265652090156,0.9657098824889231
41f,42,margin,0.02,0.9668447971343994,0.3073126034523528,0.3170666824308347,0.2923563490186805,0.024710333412154173,0.009754078978481911,0.9513321150331826,0.9526736324523664,0.034419176398279044,0.9750048160277404,0.9586784819880563
41f,42,margin,0.03,0.945877194404602,0.3073126034523528,0.3232442657838733,0.2847895483565855,0.038454717427287774,0.015931662331520453,0.9267096277772435,0.9551321450522434,0.05716041794714198,0.9766422654594491,0.9498651512232711
41f,42,margin,0.05,0.9031112790107727,0.3073126034523528,0.33462402459210216,0.26933081106644596,0.06529321352565619,0.02731142113974935,0.8764066557660865,0.9643515673017824,0.09895513214505225,0.9804469273743017,0.9326719321903294
41f,42,margin,0.075,0.8544852137565613,0.3073126034523528,0.34591510995507213,0.2503251359659494,0.09558997398912272,0.03860250650271932,0.8145618928537078,0.9717271051014137,0.14566687154271665,0.9831439029088808,0.9136486226160663
41f,42,margin,0.1,0.803322970867157,0.3073126034523528,0.3579155828801135,0.2298711279262237,0.1280444549538898,0.0506029794277607,0.7480042319899971,0.9760295021511985,0.18377381684081132,0.9862261606626854,0.8910132922365633
41f,42,margin,0.15,0.7082674503326416,0.3073126034523528,0.3770394892409553,0.19401749822653108,0.1830219910144242,0.0697268857886025,0.6313359622968164,0.9852489244007375,0.2894898586355255,0.9902234636871509,0.8462723945289925
41f,42,margin,0.2,0.6315788626670837,0.3073126034523528,0.38827145897375265,0.1638389690234098,0.22443248995034287,0.08095885552139986,0.5331345580455902,0.9913952059004303,0.37861094038106946,0.9932575611635523,0.7938740127143132
41f,42,margin,0.3,0.5589199662208557,0.3073126034523528,0.3987940411444786,0.13191652873019627,0.2668775124142823,0.0914814376921258,0.42925843993459656,0.9950829748002459,0.4849416103257529,0.9949913311500674,0.7046811789635908
41f,42,conformal,0.005,0.7987839583956261,0.3073126034523528,0.30814022227476945,0.29945022463939464,0.008689997635374792,0.000827618822416647,0.9744156968356257,0.9477566072526121,0.03626306084818685,0.9725968021575804,0.9650837988826816
41f,42,conformal,0.01,0.774700873215888,0.3073126034523528,0.3111846772286593,0.2939820288484275,0.017202648380231732,0.0038720737763064555,0.9566221025295758,0.9508297480024586,0.05654578979717271,0.9740416104796764,0.9580523983818147
41f,42,conformal,0.02,0.7479674796747968,0.3073126034523528,0.31718491369117996,0.2830751950815796,0.03410971860960038,0.009872310238827146,0.9211310955083198,0.9545175169022742,0.0878918254456054,0.975438258524369,0.9449046426507417
41f,42,conformal,0.03,0.743321718931475,0.3073126034523528,0.3201406951998108,0.2769862851738,0.04315441002601088,0.012828091747458028,0.9013176877945562,0.9569760295021512,0.10264290104486785,0.9762088229628203,0.9386919668657292
41f,42,conformal,0.05,0.728110599078341,0.3073126034523528,0.33462402459210216,0.2621482620004729,0.07247576259162923,0.02731142113974935,0.8530345291911129,0.9668100799016595,0.13398893669330056,0.9802061259872857,0.9242438836447698
41f,42,conformal,0.075,0.7131421087148063,0.3073126034523528,0.35197446204776545,0.2503251359659494,0.10164932608181604,0.04466185859541263,0.8145618928537078,0.9729563614013522,0.17762753534111864,0.9832402234636871,0.8960701213638991
41f,42,conformal,0.1,0.6896551724137931,0.3073126034523528,0.37207377630645544,0.23915228186332466,0.13292149444313076,0.06476117285410263,0.7782052515148601,0.984019668100799,0.21634910878918254,0.987815449816991,0.8752167212483144
41f,42,conformal,0.15,0.6551724137931034,0.3073126034523528,0.49210806337195556,0.21804800189170018,0.27406006148025536,0.18479545991960275,0.7095315956525922,0.9963122311001844,0.2679778733866011,0.9973511847428241,0.8403968406858023
41f,42,conformal,0.2,0.6159587888982337,0.3073126034523528,0.5507507685031923,0.193337668479546,0.35741310002364624,0.24343816505083946,0.6291237857074157,0.9981561155500922,0.389059618930547,0.9987478327875169,0.797486033519553
41f,42,conformal,0.3,0.5400696864111498,0.3073126034523528,0.6234038779853394,0.14938519744620476,0.47401868053913454,0.3160912745329865,0.4861017601231124,0.9987707437000615,0.560540872771973,0.9994702369485648,0.7158543633211327
41f,42,iforest,0.005,0.6484041627808171,0.3073126034523528,0.3116871600851265,0.30686923622605816,0.004817923859068337,0.004374556632773706,0.9985572761373473,0.9465273509526736,0.003073140749846343,0.9721151993835484,0.9664804469273743
41f,42,iforest,0.01,0.6205270293993368,0.3073126034523528,0.3143769212579806,0.30545046110191537,0.008926460156065264,0.007064317805627808,0.9939405597768588,0.9465273509526736,0.007990165949600492,0.9721151993835484,0.9604122519745714
41f,42,iforest,0.02,0.6048428571559561,0.3073126034523528,0.31650508394419485,0.3015192716954363,0.014985812248758572,0.009192480491842042,0.9811484081946716,0.9465273509526736,0.010448678549477565,0.9721633596609517,0.9532363706414949
41f,42,iforest,0.03,0.5867331088006416,0.3073126034523528,0.31892882478127216,0.2976471979191298,0.021281626862142352,0.011616221328919367,0.9685486197941714,0.9465273509526736,0.014751075599262446,0.9723560007705644,0.9439414371026777
41f,42,iforest,0.05,0.5518687502556188,0.3073126034523528,0.326761645779144,0.294218491369118,0.03254315441002601,0.019449042326791205,0.9573915552563239,0.9465273509526736,0.019053472649047325,0.9731265652090156,0.9205837025621267
41f,42,iforest,0.075,0.532627569981886,0.3073126034523528,0.3391463703003074,0.2894892409553086,0.049657129344998815,0.0318337668479546,0.942002500721362,0.9465273509526736,0.022126613398893668,0.9734155268734348,0.8993931805047197
41f,42,iforest,0.1,0.5172402097527138,0.3073126034523528,0.3544868763301017,0.2818633246630409,0.07262355166706078,0.04717427287774888,0.9171876502837358,0.9471419791026429,0.027043638598647817,0.9742824118666924,0.8735792718166057
41f,42,iforest,0.15,0.49483985826876553,0.3073126034523528,0.37576850319224403,0.26717309056514543,0.10859541262709861,0.06845589973989123,0.86938539963451,0.9477566072526121,0.06084818684695759,0.9747640146407244,0.8187247158543633
41f,42,iforest,0.2,0.48243921452458316,0.3073126034523528,0.4014246866871601,0.25186214235043747,0.14956254433672264,0.09411208323480728,0.8195633355775706,0.9489858635525507,0.07928703134603565,0.9755345790791755,0.764833365440185
41f,42,iforest,0.3,0.46766467199526535,0.3073126034523528,0.42678529203121307,0.22156538188697092,0.20521991014424215,0.11947268857886024,0.7209772049629701,0.9520590043023971,0.14013521819299324,0.9769793874012714,0.6503082257753805
41f,42,iforest+msp:mean,0.005,0.9354573863636364,0.3073126034523528,0.3084358004256325,0.3056869236226058,0.00274887680302672,0.0011231969732797352,0.9947100125036068,0.9465273509526736,0.001229256299938537,0.972500481602774,0.9674436524754383
41f,42,iforest+msp:mean,0.01,0.9097818181818184,0.3073126034523528,0.309440766138567,0.3032336249704422,0.006207141168124852,0.002128162686214235,0.9867269404635954,0.9465273509526736,0.0036877688998156115,0.97274128298979,0.9620497014062801
41f,42,iforest+msp:mean,0.02,0.8804590909090908,0.3073126034523528,0.3109186568928825,0.2986521636320643,0.01226649326081816,0.0036060534405296762,0.9718187938828509,0.9471419791026429,0.008604794099569761,0.9732710460412252,0.9541995761895589
41f,42,iforest+msp:mean,0.03,0.8551238636363635,0.3073126034523528,0.31351974462047766,0.29410026010877277,0.019419484511704894,0.006207141168124852,0.95700682889295,0.9483712354025814,0.015980331899200985,0.9736563282604508,0.9465420920824504
41f,42,iforest+msp:mean,0.05,0.8171704545454546,0.3073126034523528,0.32022936864506973,0.2838732560889099,0.03635611255615985,0.012916765192716954,0.9237279984610945,0.9496004917025199,0.024585125998770743,0.9751011365825467,0.928674629165864
41f,42,iforest+msp:mean,0.075,0.7887500000000001,0.3073126034523528,0.32788484275242374,0.270867817450934,0.057017025301489714,0.02057223930007094,0.881408098489949,0.9502151198524893,0.040565457897971724,0.9764014640724331,0.9048352918512811
41f,42,iforest+msp:mean,0.1,0.7689772727272728,0.3073126034523528,0.33290967131709626,0.26081816032158905,0.07209151099550722,0.025597067864743438,0.8487063576031549,0.9502151198524893,0.0528580208973571,0.9772201887882874,0.8841263725679059
41f,42,iforest+msp:mean,0.15,0.7354715909090909,0.3073126034523528,0.3398557578623788,0.2369354457318515,0.10292031213052731,0.03254315441002601,0.7709916322015966,0.9526736324523664,0.11063306699446834,0.9788576382199962,0.8384704295896744
41f,42,iforest+msp:mean,0.2,0.7067045454545455,0.3073126034523528,0.34431898794041144,0.21263892173090565,0.13168006620950579,0.037006384488058645,0.6919303645282293,0.956361401352182,0.1720958819913952,0.9792429204392217,0.7920439221729917
41f,42,iforest+msp:mean,0.3,0.6432159090909091,0.3073126034523528,0.35853629699692596,0.17646015606526366,0.18207614093166233,0.051223693544573186,0.5742040973357699,0.9618930547019053,0.3251382913337431,0.9821806973608168,0.6654305528799845
41f,42,iforest+msp:max,0.005,0.9970454545454546,0.3073126034523528,0.308672262946323,0.30471151572475763,0.003960747221565382,0.0013596594939702057,0.991536020005771,0.9471419791026429,0.015365703749231715,0.9728857638219996,0.9657580427663264
41f,42,iforest+msp:max,0.01,0.9945477272727273,0.3073126034523528,0.31272168361314734,0.3022877748876803,0.010433908725467013,0.005409080160794514,0.983649129556603,0.9477566072526121,0.02581438229870928,0.9733192063186284,0.9597861683683298
41f,42,iforest+msp:max,0.02,0.9895454545454545,0.3073126034523528,0.31889926696618587,0.29738117758335303,0.02151808938283282,0.011586663513833058,0.9676829854765798,0.9502151198524893,0.05162876459741856,0.9743787324214987,0.9512617992679638
41f,42,iforest+msp:max,0.03,0.9852340909090909,0.3073126034523528,0.32191416410498935,0.29238590683376686,0.029528257271222512,0.014601560652636557,0.9514282966240263,0.9520590043023971,0.07006760909649662,0.9751492968599499,0.9422558273935658
41f,42,iforest+msp:max,0.05,0.9729545454545454,0.3073126034523528,0.3280917474580279,0.28207022936864506,0.04602151808938283,0.020779144005675102,0.9178609214196403,0.9539028887523049,0.0977258758451137,0.9764014640724331,0.9269408591793489
41f,42,iforest+msp:max,0.075,0.9581818181818181,0.3073126034523528,0.33796405769685506,0.26956727358713645,0.06839678410971861,0.030651454244502246,0.8771761084928346,0.9594345421020283,0.14259373079287033,0.9784241957233674,0.8978520516278173
41f,42,iforest+msp:max,0.1,0.9434318181818182,0.3073126034523528,0.3489300070938756,0.25925159612201465,0.08967841097186097,0.04161740364152282,0.8436087332884487,0.9643515673017824,0.17516902274124155,0.9802542862646889,0.8719418223848969
41f,42,iforest+msp:max,0.15,0.9145454545454546,0.3073126034523528,0.3726944904232679,0.2393296287538425,0.1333648616694254,0.06538188697091511,0.7787823410599212,0.972341733251383,0.22618315918869084,0.9839144673473319,0.8296089385474861
41f,42,iforest+msp:max,0.2,0.8795454545454545,0.3073126034523528,0.39997635374793095,0.2192303144951525,0.18074603925277843,0.09266375029557815,0.7133788592863326,0.9754148740012293,0.2698217578365089,0.9865151223271046,0.7776439992294356
41f,42,iforest+msp:max,0.3,0.8213636363636364,0.3073126034523528,0.43311066445968316,0.1856526365571057,0.24745802790257745,0.12579806100733035,0.6041165720881024,0.9797172710510141,0.345421020282729,0.9888749759198613,0.6759294933538817
41f,42,iforest+entropy:mean,0.005,0.9223863636363636,0.3073126034523528,0.30748995034287063,0.30651454244502246,0.000975407897848191,0.00017734689051785292,0.9974030970472252,0.9465273509526736,0.0,0.9722115199383549,0.9666249277595839
41f,42,iforest+entropy:mean,0.01,0.8951306818181822,0.3073126034523528,0.3080515488295105,0.30447505320406715,0.003576495625443367,0.0007389453771577205,0.9907665672790228,0.9471419791026429,0.007375537799631223,0.9724041610479677,0.9575707956077827
41f,42,iforest+entropy:mean,0.02,0.8705704545454546,0.3073126034523528,0.30952943958382595,0.29998226531094824,0.009547174272877748,0.0022168361314731616,0.976146965470809,0.9471419791026429,0.011677934849416103,0.9726449624349837,0.9470718551338856
41f,42,iforest+entropy:mean,0.03,0.8558124999999999,0.3073126034523528,0.31053440529676046,0.2970560416174036,0.013478363679356823,0.0032218018444076612,0.9666249879773011,0.9477566072526121,0.020282728948985862,0.9730302446542092,0.9384993257561164
41f,42,iforest+entropy:mean,0.05,0.8296647727272727,0.3073126034523528,0.312692125798061,0.29010995507212106,0.02258217072593994,0.005379522345708205,0.9440223141290758,0.9483712354025814,0.03011677934849416,0.9733673665960316,0.9183683298015797
41f,42,iforest+entropy:mean,0.075,0.7893267045454545,0.3073126034523528,0.3177169543627335,0.2761586663513833,0.041558288011350204,0.010404350910380705,0.8986246032509378,0.9489858635525507,0.05900430239704978,0.9745713735311116,0.8891350414178386
41f,42,iforest+entropy:mean,0.1,0.7647727272727273,0.3073126034523528,0.32386497990068575,0.2637739418302199,0.060091038070465834,0.01655237644833294,0.8583245166875061,0.9502151198524893,0.08973570989551322,0.9757753804661915,0.8653438643806588
41f,42,iforest+entropy:mean,0.15,0.7388636363636364,0.3073126034523528,0.3322002837550248,0.24683731378576496,0.08536296996925988,0.024887680302672025,0.8032124651341733,0.9514443761524278,0.14996926859250154,0.9771238682334811,0.8242149874783279
41f,42,iforest+entropy:mean,0.2,0.7117045454545454,0.3073126034523528,0.3421612674391109,0.22661976826672972,0.11554149917238117,0.0348486639867581,0.7374242569972108,0.9526736324523664,0.2169637369391518,0.9787131573877865,0.7757657484107109
41f,42,iforest+entropy:mean,0.3,0.6477272727272727,0.3073126034523528,0.35235871364388743,0.18884488058642704,0.1635138330574604,0.04504611019153464,0.6145041838992017,0.9594345421020283,0.40995697602950215,0.9804469273743017,0.6571951454440378
41f,42,iforest+entropy:max,0.005,0.9993181818181818,0.3073126034523528,0.30746039252778434,0.30719437219200757,0.0002660203357767794,0.0001477890754315441,0.9996152736366261,0.9465273509526736,0.006146281499692686,0.9723078404931612,0.9696108649585822
41f,42,iforest+entropy:max,0.01,0.9970454545454546,0.3073126034523528,0.3076968550484748,0.3066327737053677,0.0010640813431071175,0.00038425159612201466,0.9977878234105992,0.9465273509526736,0.022741241548862937,0.972500481602774,0.9641205933346176
41f,42,iforest+entropy:max,0.02,0.9913681818181816,0.3073126034523528,0.31399266966185857,0.3048888626152755,0.009103807046583116,0.006680066209505793,0.992113109550832,0.9471419791026429,0.03687768899815612,0.9728376035445964,0.9529955692544789
41f,42,iforest+entropy:max,0.03,0.9856818181818182,0.3073126034523528,0.3153227713407425,0.3027015842988886,0.012621187041853867,0.00801016788838969,0.9849956718284121,0.9477566072526121,0.04855562384757222,0.9730784049316124,0.943507994606049
41f,42,iforest+entropy:max,0.05,0.9727272727272728,0.3073126034523528,0.31892882478127216,0.2956668243083471,0.02326200047292504,0.011616221328919367,0.9621044532076561,0.9489858635525507,0.08297480024585126,0.9737526488152571,0.9223656328260451
41f,42,iforest+entropy:max,0.075,0.9561363636363637,0.3073126034523528,0.3236580751950816,0.29043509103807047,0.033222984157011116,0.016345471742728778,0.9450803116283544,0.9502151198524893,0.10694529809465274,0.9748603351955307,0.8946253130418031
41f,42,iforest+entropy:max,0.1,0.945,0.3073126034523528,0.3280621896429416,0.28827737053676994,0.039784819106171675,0.02074958619058879,0.938059055496778,0.9508297480024586,0.11862323294406883,0.9754864188017723,0.8752167212483144
41f,42,iforest+entropy:max,0.15,0.9136363636363637,0.3073126034523528,0.34405296760463466,0.2787006384488059,0.0653523291558288,0.036740364152281865,0.9068962200634799,0.9532882606023356,0.16656422864167178,0.9771238682334811,0.815497977268349
41f,42,iforest+entropy:max,0.2,0.882090909090909,0.3073126034523528,0.36376803026720267,0.26303499645306216,0.10073303381414046,0.05645542681484984,0.8559199769164182,0.9582052858020897,0.23786109403810696,0.9789057984973993,0.7461471778077442
41f,42,iforest+entropy:max,0.3,0.8179545454545455,0.3073126034523528,0.41079451406952,0.21402813903996218,0.19676637502955782,0.10348191061716717,0.6964508992978745,0.9698832206515058,0.45298094652735094,0.9837218262377191,0.6378347139279522
41f,42,iforest+margin:mean,0.005,0.9305767045454548,0.3073126034523528,0.3092338614329629,0.3048888626152755,0.004344998817687396,0.0019212579806100734,0.992113109550832,0.9465273509526736,0.0018438844499078057,0.9726931227123868,0.9677807744172606
41f,42,iforest+margin:mean,0.01,0.912393181818182,0.3073126034523528,0.3100023646252069,0.30320406715535586,0.006798297469851029,0.0026897611728541027,0.9866307588727518,0.9465273509526736,0.0043023970497848806,0.9729339240994028,0.96445771527644
41f,42,iforest+margin:mean,0.02,0.8857090909090903,0.3073126034523528,0.31148025537952234,0.2993319933790494,0.012148262000472925,0.004167651927169544,0.9740309704722516,0.9465273509526736,0.005531653349723417,0.9735118474282412,0.9578115969947987
41f,42,iforest+margin:mean,0.03,0.8625034090909091,0.3073126034523528,0.313933554031686,0.29480964767084417,0.019123906360841807,0.006620950579333176,0.9593151870731942,0.9477566072526121,0.010448678549477565,0.9740416104796764,0.950828356771335
41f,42,iforest+margin:mean,0.05,0.8221590909090909,0.3073126034523528,0.3188697091510996,0.2841097186096004,0.03475999054149917,0.01155710569874675,0.9244974511878427,0.9483712354025814,0.015980331899200985,0.9750529763051435,0.9319013677518783
41f,42,iforest+margin:mean,0.075,0.7929545454545455,0.3073126034523528,0.32492906124379284,0.2703062189642942,0.0546228422794987,0.017616457791440058,0.8795806482639225,0.9502151198524893,0.03073140749846343,0.976160662685417,0.910662685417068
41f,42,iforest+margin:mean,0.1,0.7715568181818184,0.3073126034523528,0.3307223930007094,0.2570938756207141,0.07362851737999528,0.023409789548356586,0.8365874771568722,0.9502151198524893,0.044253226797787336,0.9767867462916586,0.891446734733192
41f,42,iforest+margin:mean,0.15,0.7366590909090908,0.3073126034523528,0.33896902340978957,0.22874793095294396,0.1102210924568456,0.031656419957436746,0.7443493315379437,0.9520590043023971,0.0743700061462815,0.9787131573877865,0.8511847428241187
41f,42,iforest+margin:mean,0.2,0.6966136363636363,0.3073126034523528,0.3478068101205959,0.20326909434854576,0.14453771577205013,0.040494206668243084,0.6614408002308358,0.9551321450522434,0.14689612784265518,0.9797245232132538,0.7924773646696205
41f,42,iforest+margin:mean,0.3,0.6315113636363636,0.3073126034523528,0.36820170253014894,0.16209505793331758,0.2061066445968314,0.06088909907779617,0.5274598441858229,0.9661954517516902,0.32821143208358944,0.9843960701213639,0.6553650549027162
41f,42,iforest+margin:max,0.005,0.9965909090909091,0.3073126034523528,0.30947032395365337,0.3053322298415701,0.004138094112083235,0.0021577205013005437,0.9935558334134846,0.9465273509526736,0.003073140749846343,0.9725486418801772,0.9666249277595839
41f,42,iforest+margin:max,0.01,0.9954545454545455,0.3073126034523528,0.31218964294159374,0.30344052967604634,0.008749113265547412,0.004877039489240956,0.9874002115994999,0.9477566072526121,0.010448678549477565,0.9727894432671932,0.9636389905605857
41f,42,iforest+margin:max,0.02,0.9915954545454544,0.3073126034523528,0.32028848427524237,0.2976471979191298,0.022641286356112556,0.012975880822889573,0.9685486197941714,0.9514443761524278,0.03011677934849416,0.973704488537854,0.9547774995183972
41f,42,iforest+margin:max,0.03,0.9859159090909091,0.3073126034523528,0.3237763064554268,0.2909375738945377,0.0328387325608891,0.016463703003074013,0.9467153986726942,0.9526736324523664,0.03933620159803319,0.9749566557503371,0.9462531304180312
41f,42,iforest+margin:max,0.05,0.9747727272727272,0.3073126034523528,0.3314613383778671,0.28000118231260346,0.051460156065263656,0.024148734925514306,0.9111282100605945,0.9545175169022742,0.06207744314689613,0.9765459449046426,0.9313234444230398
41f,42,iforest+margin:max,0.075,0.9609261363636363,0.3073126034523528,0.3425455190352329,0.26622724048238355,0.07631827855284937,0.035232915582880116,0.8663075887275177,0.9606637984019668,0.09711124769514444,0.979291080716625,0.9083991523791177
41f,42,iforest+margin:max,0.1,0.9454545454545454,0.3073126034523528,0.3535114684322535,0.2554090801607945,0.09810238827145898,0.04619886497990069,0.831105126478792,0.9649661954517517,0.12661339889366932,0.9813619726449624,0.8844153342323252
41f,42,iforest+margin:max,0.15,0.915,0.3073126034523528,0.37860605344052967,0.23176282809174745,0.14684322534878222,0.07129344998817687,0.7541598538039819,0.9717271051014137,0.1702519975414874,0.984444230398767,0.8404450009632055
41f,42,iforest+margin:max,0.2,0.8805,0.3073126034523528,0.40798652163632065,0.2000177346890518,0.20796878694726886,0.10067391818396784,0.6508608252380494,0.9766441303011678,0.2169637369391518,0.9883452128684261,0.7885282219225582
41f,42,iforest+margin:max,0.3,0.8197727272727273,0.3073126034523528,0.4484216126743911,0.1507744147552613,0.2976471979191298,0.1411090092220383,0.49062229489275755,0.9889366933005531,0.3712354025814382,0.9924869967251011,0.6884030052013099
41f,42,iforest+conformal:mean,0.005,0.927390340909091,0.3073126034523528,0.3093225348782218,0.3049775360605344,0.004344998817687396,0.0020099314258689997,0.9924016543233626,0.9465273509526736,0.0006146281499692685,0.9725486418801772,0.9670583702562127
41f,42,iforest+conformal:mean,0.01,0.9078420454545455,0.3073126034523528,0.3120714116812485,0.3039725703475999,0.008098841333648616,0.00475880822889572,0.9891314802346831,0.9465273509526736,0.001229256299938537,0.9728857638219996,0.964216913889424
41f,42,iforest+conformal:mean,0.02,0.8855681818181819,0.3073126034523528,0.32693899266966187,0.30243556396311183,0.02450342870655001,0.019626389217309057,0.9841300375108204,0.9471419791026429,0.003073140749846343,0.9741860913118859,0.9611346561356193
41f,42,iforest+conformal:mean,0.03,0.8662738636363634,0.3073126034523528,0.34529439583825966,0.3001596122014661,0.04513478363679357,0.037981792385906835,0.9767240550158701,0.9471419791026429,0.006760909649661954,0.9747640146407244,0.9561741475630899
41f,42,iforest+conformal:mean,0.05,0.8244488636363637,0.3073126034523528,0.38114802553795224,0.29073066918893353,0.09041735634901868,0.07383542208559943,0.9460421275367894,0.9483712354025814,0.0215119852489244,0.9760161818532075,0.937439799653246
41f,42,iforest+conformal:mean,0.075,0.7927272727272727,0.3073126034523528,0.4121837313785765,0.27923267912035943,0.13295105225821707,0.10487112792622369,0.9086274886986632,0.9496004917025199,0.04179471419791026,0.9771720285108842,0.9100366018108265
41f,42,iforest+conformal:mean,0.1,0.7697727272727273,0.3073126034523528,0.42474580279025775,0.27036533459446677,0.15438046819579096,0.11743319933790494,0.8797730114456094,0.9508297480024586,0.059618930547019056,0.9777017915623194,0.8842708534001156
41f,42,iforest+conformal:mean,0.15,0.7268522727272726,0.3073126034523528,0.4457909671317096,0.2462757152991251,0.19951525183258453,0.13847836367935681,0.8013850149081466,0.9539028887523049,0.0977258758451137,0.9787131573877865,0.8380851473704488
41f,42,iforest+conformal:mean,0.2,0.6816136363636364,0.3073126034523528,0.4645601797115157,0.21438283282099788,0.25017734689051785,0.1572475762591629,0.6976050783879966,0.9575906576521205,0.16717885679164105,0.9804950876517049,0.7870352533230591
41f,42,iforest+conformal:mean,0.3,0.6089772727272726,0.3073126034523528,0.5049952707495862,0.16824308347126982,0.3367521872783164,0.19768266729723338,0.5474656150812736,0.9852489244007375,0.4240934234787953,0.9894528992486997,0.6790117511076864
41f,42,iforest+conformal:max,0.005,0.9970454545454546,0.3073126034523528,0.30748995034287063,0.30287893118940645,0.004611019153464176,0.00017734689051785292,0.985572761373473,0.9465273509526736,0.02642901044867855,0.9723078404931612,0.9662396455403583
41f,42,iforest+conformal:max,0.01,0.9940909090909091,0.3073126034523528,0.3120122960510759,0.30045519035232915,0.01155710569874675,0.0046996925987231025,0.9776858709243051,0.9471419791026429,0.03503380454824831,0.9724041610479677,0.9604604122519745
41f,42,iforest+conformal:max,0.02,0.9872727272727273,0.3073126034523528,0.3171257980610073,0.2929179475053204,0.024207850555686923,0.009813194608654529,0.9531595652592094,0.9489858635525507,0.05716041794714198,0.9735118474282412,0.9476497784627239
41f,42,iforest+conformal:max,0.03,0.9813636363636363,0.3073126034523528,0.3224166469614566,0.2859127453298652,0.036503901631591396,0.015104043509103807,0.9303645282292969,0.9526736324523664,0.07990165949600492,0.9749084954729339,0.9358505104989405
41f,42,iforest+conformal:max,0.05,0.9732045454545455,0.3073126034523528,0.3296583116576023,0.27048356585481204,0.05917474580279026,0.02234570820524947,0.8801577378089835,0.9569760295021512,0.11493546404425323,0.975919861298401,0.9179348873049509
41f,42,iforest+conformal:max,0.075,0.9602272727272727,0.3073126034523528,0.3387916765192717,0.2578032631827855,0.08098841333648617,0.03147907306691889,0.8388958353371164,0.9631223110018439,0.13767670559311618,0.977846272394529,0.8983336544018493
41f,42,iforest+conformal:max,0.1,0.9445681818181819,0.3073126034523528,0.3558465358240719,0.24781272168361315,0.10803381414045873,0.04853393237171908,0.8063864576320093,0.9674247080516287,0.1585740626920713,0.9811211712579464,0.8718455018300906
41f,42,iforest+conformal:max,0.15,0.9145454545454546,0.3073126034523528,0.3863797588082289,0.2328860250650272,0.15349373374320172,0.07906715535587609,0.7578147542560355,0.9741856177012908,0.2052858020897357,0.984925833172799,0.824503949142747
41f,42,iforest+conformal:max,0.2,0.8819090909090909,0.3073126034523528,0.42164223220619534,0.2147966422322062,0.20684558997398914,0.11432962875384252,0.6989516206598058,0.986478180700676,0.25322679778733864,0.9899345020227317,0.7754286264688884
41f,42,iforest+conformal:max,0.3,0.8218181818181818,0.3073126034523528,0.5234984629936155,0.1726176401040435,0.350880822889572,0.2161858595412627,0.5617004905261134,0.9993853718500307,0.3534111862323294,0.9980254286264689,0.6802639183201695
41f,43,msp,0.005,0.6146506667137146,0.3056869236226058,0.30837668479545993,0.29942066682430835,0.008956017971151572,0.0026897611728541027,0.9795010636240573,0.9041180086047941,0.054087277197295634,0.9707185513388558,0.9604122519745714
41f,43,msp,0.01,0.5849013328552246,0.3056869236226058,0.311539371009695,0.2932726412863561,0.01826672972333885,0.0058524473870891465,0.9593888996325662,0.9059618930547019,0.07928703134603565,0.9723560007705644,0.9534771720285109
41f,43,msp,0.02,0.5334885120391846,0.3056869236226058,0.3194608654528257,0.2811834949160558,0.038277370536769925,0.01377394183021991,0.9198414233223748,0.9145666871542717,0.13767670559311618,0.9747158543633211,0.9358505104989405
41f,43,msp,0.03,0.51067054271698,0.3056869236226058,0.3258453535114684,0.27391227240482385,0.051933081106644595,0.020158429888862614,0.8960549216785922,0.9207129686539643,0.16902274124154887,0.9764977846272395,0.9228472356000771
41f,43,msp,0.05,0.49812206625938416,0.3056869236226058,0.33261409316623314,0.26303499645306216,0.06957909671317096,0.026927169543627335,0.860471862309031,0.9293177627535341,0.19668100799016594,0.9777499518397226,0.9021864765941052
41f,43,msp,0.075,0.4754485487937927,0.3056869236226058,0.3447032395365335,0.247990068574131,0.09671317096240246,0.039016315913927645,0.811255076387546,0.9366933005531654,0.23724646588813766,0.9808322095935272,0.8679926796378347
41f,43,msp,0.1,0.45804649591445923,0.3056869236226058,0.3535705840624261,0.23619650035469378,0.11737408370773232,0.047883660439820286,0.7726745310384839,0.9422249539028887,0.27473878303626303,0.982951261799268,0.8237333847042959
41f,43,msp,0.15,0.3882312774658203,0.3056869236226058,0.38318751477890756,0.19147552612910854,0.19171198864979902,0.07750059115630173,0.6263778766196094,0.9741856177012908,0.43454210202827287,0.9908495472933924,0.7290984396070121
41f,43,msp,0.2,0.3141006827354431,0.3056869236226058,0.3996807755970679,0.14267557342161266,0.2570052021754552,0.09399385197446204,0.46673757493714946,0.986478180700676,0.6287645974185617,0.9957618955885186,0.6702465806203044
41f,43,msp,0.3,0.18063122034072876,0.3056869236226058,0.4122132891936628,0.0472629463230078,0.364950342870655,0.10652636557105699,0.1546122606845871,0.9987707437000615,0.8752304855562385,0.9993257561163552,0.547967636293585
41f,43,entropy,0.005,0.7618761675651621,0.3056869236226058,0.30589382832821,0.30412035942303145,0.0017734689051785292,0.00020690470560416174,0.9948752659060144,0.8967424708051629,0.06023355869698832,0.9694663841263725,0.9591600847620882
41f,43,entropy,0.01,0.7577656207874923,0.3056869236226058,0.3059233861432963,0.3038543390872547,0.0020690470560416176,0.00023646252069047056,0.994005028040998,0.8973570989551322,0.0645359557467732,0.9695145444037757,0.9560778270082836
41f,43,entropy,0.02,0.742025407183251,0.3056869236226058,0.30607117521872784,0.30284937337432016,0.0032218018444076612,0.00038425159612201466,0.990717462773158,0.8998156115550092,0.07744314689612784,0.9700924677326141,0.9361876324407629
41f,43,entropy,0.03,0.7278367457620929,0.3056869236226058,0.30645542681484983,0.3019035232915583,0.004551903523291558,0.0007685031922440293,0.987623283697544,0.9010448678549478,0.09157959434542103,0.9704777499518398,0.9234733192063186
41f,43,entropy,0.05,0.7029171293864801,0.3056869236226058,0.30734216126743913,0.29903641522818636,0.008305746039252779,0.001655237644833294,0.9782440533745892,0.9022741241548863,0.11555009219422249,0.9712001541128877,0.8864380658832595
41f,43,entropy,0.075,0.652482102832425,0.3056869236226058,0.31156892882478127,0.28869117994797827,0.022877748876803026,0.005882005202175455,0.944401469735061,0.9127228027043639,0.19422249539028888,0.9738008090926604,0.8283567713350029
41f,43,entropy,0.1,0.5667701351926279,0.3056869236226058,0.33290967131709626,0.25523173327027665,0.07767793804681958,0.027222747694490422,0.8349448849352157,0.9237861094038107,0.38844499078057776,0.9789539587748025,0.7791851281063379
41f,43,entropy,0.15,0.46576706804093215,0.3056869236226058,0.36749231496807755,0.20303263182785528,0.16445968314022227,0.06180539134547174,0.6641848771997679,0.958819913952059,0.6564228641671789,0.9871412059333462,0.7101232903101522
41f,43,entropy,0.2,0.4141635171890629,0.3056869236226058,0.39631118467722865,0.1565677465121778,0.23974343816505084,0.09062426105462285,0.5121833301102301,0.9895513214505224,0.8248309772587584,0.9950394914274706,0.6560874590637642
41f,43,entropy,0.3,0.31077196890133946,0.3056869236226058,0.4127748876803027,0.054209032868290374,0.3585658548120123,0.10708796405769686,0.17733513827112746,0.9987707437000615,0.9084204056545789,0.9993257561163552,0.5445000963205548
41f,43,margin,0.005,0.9904025197029114,0.3056869236226058,0.30941120832348074,0.3016670607708678,0.007744147552612911,0.0037242847008749115,0.9868497389286405,0.89920098340504,0.010448678549477565,0.9701406280100173,0.9661433249855519
41f,43,margin,0.01,0.9759056568145752,0.3056869236226058,0.313933554031686,0.2956077086781745,0.018325845353511467,0.00824663040908016,0.9670276542254883,0.9059618930547019,0.027658266748617086,0.9713927952225004,0.9601714505875554
41f,43,margin,0.02,0.9510401487350464,0.3056869236226058,0.32132300780326317,0.2816859777725231,0.03963703003074013,0.015636084180657366,0.9214852059562948,0.9145666871542717,0.06146281499692686,0.973463687150838,0.9495280292814486
41f,43,margin,0.03,0.9202503561973572,0.3056869236226058,0.3316978008985576,0.26965594703239537,0.06204185386616221,0.026010877275951763,0.8821311158383293,0.9231714812538414,0.09895513214505225,0.9757753804661915,0.9368618763244076
41f,43,margin,0.05,0.8603489398956299,0.3056869236226058,0.34934381650508395,0.24677819815559235,0.1025656183494916,0.04365689288247813,0.8072906594469156,0.9403810694529809,0.1782421634910879,0.981506453477172,0.9128780581776151
41f,43,margin,0.075,0.7743358612060547,0.3056869236226058,0.36944313076377394,0.215831165760227,0.15361196500354693,0.06375620714116813,0.7060529878166699,0.9600491702519975,0.2685925015365704,0.9872375264881526,0.8787324214987479
41f,43,margin,0.1,0.6978374719619751,0.3056869236226058,0.3822416646961457,0.18789903050366516,0.1943426341924805,0.07655474107353985,0.6146780119899439,0.9735709895513215,0.3534111862323294,0.9908495472933924,0.8384704295896744
41f,43,margin,0.15,0.6473268270492554,0.3056869236226058,0.38989713880349963,0.17066682430834712,0.2192303144951525,0.08421021518089383,0.5583059369561013,0.9791026429010449,0.41794714197910265,0.9929204392217299,0.7669042573685224
41f,43,margin,0.2,0.5700713992118835,0.3056869236226058,0.39838023173327025,0.13830101678883897,0.2600792149444313,0.09269330811066447,0.45242699671243475,0.9846342962507683,0.5371850030731408,0.9955692544789058,0.6807936813716047
41f,43,margin,0.3,0.3257623612880707,0.3056869236226058,0.411947268857886,0.04613974934972807,0.36580751950815793,0.1062603452352802,0.1509379230322955,0.9981561155500922,0.844499078057775,0.9989886341745329,0.5501830090541322
41f,43,conformal,0.005,0.8833619210977701,0.3056869236226058,0.31375620714116814,0.3035883187514779,0.010167888389690235,0.008069283518562308,0.9931347901759815,0.9090350338045482,0.01782421634910879,0.9739934502022731,0.9673473319206318
41f,43,conformal,0.01,0.8805120546945517,0.3056869236226058,0.3328801135020099,0.3032927406006148,0.02958737290139513,0.027193189879404115,0.9921678592148521,0.9379225568531039,0.04732636754763368,0.9800616451550761,0.9672028510884223
41f,43,conformal,0.02,0.8730703259005146,0.3056869236226058,0.35646724994088436,0.3027015842988886,0.053765665641995745,0.05078032631827855,0.9902339972925933,0.9606637984019668,0.0725261216963737,0.9879117703717973,0.9663359660951647
41f,43,conformal,0.03,0.8653516295025729,0.3056869236226058,0.455781508630882,0.3019330811066446,0.1538484275242374,0.1500945850082762,0.9877199767936569,0.968039336201598,0.08297480024585126,0.9907050664611828,0.9653246002696976
41f,43,conformal,0.05,0.8430531732418525,0.3056869236226058,0.47984157011113737,0.2978836604398203,0.1819579096713171,0.17415464648853157,0.9744730226261845,0.9827904118008605,0.12476951444376153,0.9952321325370834,0.9571373531111539
41f,43,conformal,0.075,0.825069427427918,0.3056869236226058,0.5036947268857886,0.2904055332229842,0.21328919366280444,0.1980078032631828,0.9500096693096114,0.9956976029502151,0.17639827904118008,0.9985551916779041,0.9467828934694664
41f,43,conformal,0.1,0.7963244422865957,0.3056869236226058,0.5247103334121542,0.2682371719082525,0.25647316150390165,0.21902340978954835,0.8774898472249081,0.9987707437000615,0.2446220036877689,0.9991331150067424,0.92891543055288
41f,43,conformal,0.15,0.7641509433962264,0.3056869236226058,0.5519330811066446,0.2398912272404824,0.31204185386616223,0.24624615748403877,0.7847611680526011,1.0,0.34603564843269824,0.9997110383355808,0.8848006164515507
41f,43,conformal,0.2,0.7393452392964046,0.3056869236226058,0.5786829037597541,0.21565381886970916,0.36302908489004493,0.27299598013714826,0.7054728292399923,1.0,0.4124154886293792,0.999759198612984,0.839578115969948
41f,43,conformal,0.3,0.6669931439764936,0.3056869236226058,0.633512650744857,0.1702825727122251,0.46323007803263183,0.3278257271222511,0.5570489267066332,1.0,0.6017209588199139,1.0,0.7475919861298401
41f,43,iforest,0.005,0.6587538833370502,0.3056869236226058,0.3063371955545046,0.30477063135493027,0.0015665641995743676,0.000650271931898794,0.9970025140204991,0.8948985863552551,0.003073140749846343,0.969081101907147,0.9614236178000385
41f,43,iforest,0.01,0.6418990864224484,0.3056869236226058,0.30917474580279025,0.3040316859777725,0.005143059825017735,0.003487822180184441,0.9945851866176756,0.8948985863552551,0.0043023970497848806,0.969081101907147,0.9572336736659603
41f,43,iforest,0.02,0.6220114016049944,0.3056869236226058,0.314317805627808,0.3006029794277607,0.013714826200047292,0.008630882005202175,0.9833687874685748,0.8948985863552551,0.00921942224953903,0.9693700635715662,0.9492390676170295
41f,43,iforest,0.03,0.5867904415423433,0.3056869236226058,0.3182785528493734,0.29540080397257035,0.022877748876803026,0.012591629226767558,0.9663508025526978,0.8948985863552551,0.015980331899200985,0.9698998266230013,0.9307455210942015
41f,43,iforest,0.05,0.547068561673356,0.3056869236226058,0.3257271222511232,0.29173563490186805,0.033991487349255146,0.02004019862851738,0.9543608586346936,0.8948985863552551,0.02089735709895513,0.9707667116162589,0.9019456752070892
41f,43,iforest,0.075,0.529176092601676,0.3056869236226058,0.3368704185386616,0.2849077796169307,0.051962638921730905,0.031183494916055807,0.9320247534326049,0.8948985863552551,0.023355869698832205,0.9711038335580813,0.8780100173376999
41f,43,iforest,0.1,0.5087305611730176,0.3056869236226058,0.35484157011113737,0.27669070702293685,0.07815086308820052,0.049154646488531566,0.9051440727132083,0.8961278426551936,0.041180086047940996,0.9713927952225004,0.8409266037372375
41f,43,iforest,0.15,0.48404424733034523,0.3056869236226058,0.3863502009931426,0.2515961220146607,0.1347540789784819,0.08066327737053677,0.8230516341133244,0.8998156115550092,0.08297480024585126,0.973704488537854,0.7657484107108457
41f,43,iforest,0.2,0.46662782507140593,0.3056869236226058,0.4276720264838023,0.21869827382359897,0.20897375266020335,0.1219851028611965,0.7154322181396249,0.901659496004917,0.14013521819299324,0.9748121749181275,0.6596513195916008
41f,43,iforest,0.3,0.4440524264418656,0.3056869236226058,0.47871837313785764,0.18911090092220384,0.2896074722156538,0.17303144951525185,0.6186424289305744,0.9065765212046711,0.3306699446834665,0.9770757079560778,0.4494317087266423
41f,43,iforest+msp:mean,0.005,0.9154276041666669,0.3056869236226058,0.3074012768976117,0.30308583589501065,0.0043154410026010875,0.0017143532750059115,0.9914910075420615,0.8955132145052244,0.0036877688998156115,0.9694663841263725,0.9621941822384897
41f,43,iforest+msp:mean,0.01,0.8842906250000004,0.3056869236226058,0.31017971151572477,0.2960215180893828,0.014158193426341925,0.004492787893118941,0.9683813575710695,0.8973570989551322,0.011063306699446834,0.9701887882874205,0.9523694856482373
41f,43,iforest+msp:mean,0.02,0.8401062499999999,0.3056869236226058,0.3211456609127453,0.2814790730669189,0.03966658784582644,0.015458737290139513,0.9208083542835042,0.8985863552550707,0.03011677934849416,0.9718743979965324,0.9320458485840879
41f,43,iforest+msp:mean,0.03,0.8194854166666667,0.3056869236226058,0.3267025301489714,0.27072002837550246,0.055982501773468904,0.021015606526365572,0.8856120672983949,0.89920098340504,0.03872157344806392,0.97274128298979,0.9133596609516471
41f,43,iforest+msp:mean,0.05,0.7882291666666666,0.3056869236226058,0.33426933081106647,0.2547292504138094,0.07954008039725703,0.02858240718846063,0.8333011023012957,0.9004302397049785,0.05347264904732637,0.9743305721440956,0.8800809092660373
41f,43,iforest+msp:mean,0.075,0.7664661458333333,0.3056869236226058,0.33920548593048,0.24018680539134546,0.09901868053913454,0.0335185623078742,0.7857280990137304,0.901659496004917,0.08912108174554395,0.9749084954729339,0.8494991331150067
41f,43,iforest+msp:mean,0.1,0.7328333333333333,0.3056869236226058,0.3444963348309293,0.22345708205249468,0.12103925277843462,0.03880941120832348,0.7309998066138078,0.9028887523048555,0.12661339889366932,0.9758235407435947,0.8012425351570025
41f,43,iforest+msp:mean,0.15,0.6954322916666666,0.3056869236226058,0.35034878221801846,0.20424450224639396,0.1461042799716245,0.04466185859541263,0.6681492941403985,0.9065765212046711,0.19606637984019668,0.9769312271238683,0.7250529763051435
41f,43,iforest+msp:mean,0.2,0.6569583333333332,0.3056869236226058,0.3546051075904469,0.18999763537479308,0.1646074722156538,0.048918183967841096,0.6215432218139625,0.9133374308543332,0.29870928088506454,0.9782797148911577,0.6424581005586593
41f,43,iforest+msp:mean,0.3,0.5743645833333334,0.3056869236226058,0.40674509340269566,0.14861669425396073,0.2581283991487349,0.10105816978008986,0.4861728872558499,0.9379225568531039,0.5888137676705593,0.985407435946831,0.46739549219803506
41f,43,iforest+msp:max,0.005,0.9960416666666667,0.3056869236226058,0.306278079924332,0.30305627807992436,0.0032218018444076612,0.0005911563017261764,0.9913943144459487,0.8979717271051014,0.024585125998770743,0.969803506068195,0.9616162589096513
41f,43,iforest+msp:max,0.01,0.9925041666666669,0.3056869236226058,0.30858358950106407,0.2991250886734453,0.009458500827618822,0.0028966658784582646,0.978534132662928,0.9035033804548248,0.05224339274738783,0.9704777499518398,0.9535734925833173
41f,43,iforest+msp:max,0.02,0.9864583333333333,0.3056869236226058,0.31511586663513835,0.29126270986048713,0.02385315677465122,0.009428943012532514,0.9528137690968866,0.9065765212046711,0.0860479409956976,0.9724041610479677,0.9419187054517434
41f,43,iforest+msp:max,0.03,0.98000625,0.3056869236226058,0.3212638921730906,0.2849964530621896,0.03626743911090092,0.015576968550484748,0.9323148327209437,0.9096496619545175,0.11186232329440689,0.9732710460412252,0.9306973608167983
41f,43,iforest+msp:max,0.05,0.9641666666666666,0.3056869236226058,0.33296878694726884,0.2691534641759281,0.06381532277134075,0.02728186332466304,0.8804873332044093,0.9170251997541488,0.16472034419176398,0.9761125024080138,0.9045944904642651
41f,43,iforest+msp:max,0.075,0.9437812499999999,0.3056869236226058,0.3464175928115394,0.2542563253724285,0.0921612674391109,0.04073066918893355,0.8317540127634888,0.9287031346035648,0.20405654578979718,0.9787131573877865,0.8646214602196108
41f,43,iforest+msp:max,0.1,0.9256458333333334,0.3056869236226058,0.3555509576732088,0.24453180420903287,0.11101915346417593,0.04986403405060298,0.7999419841423323,0.9323909035033805,0.22802704363859866,0.9798690040454633,0.832016952417646
41f,43,iforest+msp:max,0.15,0.8933333333333333,0.3056869236226058,0.3750886734452589,0.22777252305509577,0.14731615039016316,0.06940174982265311,0.7451169986462967,0.9379225568531039,0.26551936078672406,0.9827586206896551,0.7755249470236949
41f,43,iforest+msp:max,0.2,0.8566666666666667,0.3056869236226058,0.40201584298888626,0.20725939938519744,0.19475644360368882,0.09632891936628045,0.678011989943918,0.9465273509526736,0.32329440688383526,0.9856000770564438,0.693026391832017
41f,43,iforest+msp:max,0.3,0.7710416666666666,0.3056869236226058,0.4761468432253488,0.13413336486166944,0.34201347836367935,0.17045991960274295,0.4387932701605106,0.9791026429010449,0.5752919483712354,0.9952321325370834,0.5285590445000963
41f,43,iforest+entropy:mean,0.005,0.9028151041666668,0.3056869236226058,0.30654410026010875,0.30367699219673683,0.0028671080633719554,0.0008571766375029558,0.9934248694643203,0.8955132145052244,0.005531653349723417,0.969321903294163,0.961279136967829
41f,43,iforest+entropy:mean,0.01,0.8810593750000004,0.3056869236226058,0.3079333175691653,0.3003665169070702,0.007566800662095058,0.0022463939465594703,0.9825952426996712,0.8967424708051629,0.013521819299323909,0.9700924677326141,0.9502504334424966
41f,43,iforest+entropy:mean,0.02,0.8508374999999999,0.3056869236226058,0.31100733033814143,0.29238590683376686,0.018621423504374558,0.005320406715535588,0.9564881067491782,0.8979717271051014,0.03318992009834051,0.9707185513388558,0.9315160855326526
41f,43,iforest+entropy:mean,0.03,0.8255333333333331,0.3056869236226058,0.31470205722393,0.27997162449751717,0.034730432726412866,0.00901513360132419,0.9158770063817445,0.89920098340504,0.05838967424708052,0.9713446349450973,0.9078212290502793
41f,43,iforest+entropy:mean,0.05,0.7941145833333335,0.3056869236226058,0.32554977536060536,0.2622960510759045,0.06325372428470087,0.019862851737999527,0.8580545349062078,0.89920098340504,0.07990165949600492,0.9726449624349837,0.8740608745906376
41f,43,iforest+entropy:mean,0.075,0.7551276041666666,0.3056869236226058,0.3387621187041854,0.237556159848664,0.1012059588555214,0.03307519508157957,0.777122413459679,0.9028887523048555,0.1253841425937308,0.9745713735311116,0.8328356771335003
41f,43,iforest+entropy:mean,0.1,0.7347083333333333,0.3056869236226058,0.34340269567273585,0.22638330574603927,0.11701938992669662,0.037715772050130054,0.7405724231289886,0.9035033804548248,0.16472034419176398,0.9752937776921595,0.795993064920054
41f,43,iforest+entropy:mean,0.15,0.6980520833333332,0.3056869236226058,0.34807283045637266,0.20749586190588792,0.14057696855048474,0.04238590683376685,0.6787855347128215,0.9053472649047326,0.2421634910878918,0.976160662685417,0.7203332691196301
41f,43,iforest+entropy:mean,0.2,0.66,0.3056869236226058,0.35265429179475055,0.19590919839205487,0.15674509340269568,0.04696736817214472,0.6408818410365501,0.9084204056545789,0.38721573448063923,0.9772201887882874,0.6391350414178386
41f,43,iforest+entropy:mean,0.3,0.5678020833333335,0.3056869236226058,0.40470560416174034,0.15665641995743676,0.2480491842043036,0.09901868053913454,0.512473409398569,0.9244007375537799,0.6213890596189305,0.982710460412252,0.4603640916971682
41f,43,iforest+entropy:max,0.005,0.9939593750000001,0.3056869236226058,0.3059233861432963,0.30435682194372193,0.0015665641995743676,0.00023646252069047056,0.995648810674918,0.8961278426551936,0.03810694529809465,0.9694182238489694,0.9601714505875554
41f,43,iforest+entropy:max,0.01,0.9891666666666666,0.3056869236226058,0.30802199101442423,0.30311539371009694,0.004906597304327264,0.002335067391818397,0.9915877006381745,0.8967424708051629,0.05654578979717271,0.9694663841263725,0.9518878828742053
41f,43,iforest+entropy:max,0.02,0.98625,0.3056869236226058,0.3093520926933081,0.3022286592575077,0.0071234334358004255,0.0036651690707022937,0.9886869077547864,0.8973570989551322,0.06883835279655809,0.9695145444037757,0.9446156809863224
41f,43,iforest+entropy:max,0.03,0.9775,0.3056869236226058,0.3136084180657366,0.29986403405060297,0.013744384015133601,0.007921494443130764,0.9809514600657513,0.8979717271051014,0.07744314689612784,0.9698516663455982,0.9331535349643614
41f,43,iforest+entropy:max,0.05,0.9579479166666668,0.3056869236226058,0.31816032158902813,0.2925632537242847,0.025597067864743438,0.012473397966422321,0.9570682653258559,0.9010448678549478,0.09895513214505225,0.9711038335580813,0.8957811596994799
41f,43,iforest+entropy:max,0.075,0.9384114583333332,0.3056869236226058,0.3232442657838733,0.28969614566091273,0.03354812012296051,0.01755734216126744,0.9476890350029008,0.9010448678549478,0.11124769514443761,0.9719707185513389,0.8623097669042573
41f,43,iforest+entropy:max,0.1,0.9208541666666666,0.3056869236226058,0.3272641286356113,0.28538070465831167,0.0418834239772996,0.02157720501300544,0.933571842970412,0.9022741241548863,0.13644744929317762,0.9728857638219996,0.8184357541899442
41f,43,iforest+entropy:max,0.15,0.8885729166666666,0.3056869236226058,0.34597422558524477,0.26726176401040436,0.07871246157484038,0.040287301962638924,0.8742989750531813,0.9139520590043024,0.2231100184388445,0.9760161818532075,0.7365632826045078
41f,43,iforest+entropy:max,0.2,0.8477499999999999,0.3056869236226058,0.38632064317805626,0.22327973516197683,0.16304090801607946,0.08063371955545046,0.7304196480371302,0.9262446220036877,0.45421020282728947,0.9816509343093817,0.6505490271623965
41f,43,iforest+entropy:max,0.3,0.7652083333333334,0.3056869236226058,0.46840269567273585,0.15142468668716008,0.31697800898557577,0.16271577205013005,0.495358731386579,0.9704978488014752,0.7553779963122311,0.9924869967251011,0.5130032748988634
41f,43,iforest+margin:mean,0.005,0.9271010416666671,0.3056869236226058,0.3078446441239064,0.302642468668716,0.005202175455190352,0.0021577205013005437,0.9900406111003676,0.8955132145052244,0.003073140749846343,0.9697553457907917,0.96325370834136
41f,43,iforest+margin:mean,0.01,0.8916833333333336,0.3056869236226058,0.31088909907779616,0.29744029321352566,0.013448805864270514,0.005202175455190352,0.9730226261844905,0.8967424708051629,0.008604794099569761,0.9706222307840493,0.955451743402042
41f,43,iforest+margin:mean,0.02,0.8507437499999998,0.3056869236226058,0.3201111373847245,0.28366635138330576,0.036444786001418775,0.014424213762118705,0.9279636433958617,0.8985863552550707,0.020282728948985862,0.9725968021575804,0.9402330957426315
41f,43,iforest+margin:mean,0.03,0.8327114583333334,0.3056869236226058,0.3254019862851738,0.2747694490423268,0.05063253724284701,0.01971506266256798,0.8988590214658675,0.8985863552550707,0.03011677934849416,0.9734155268734348,0.928674629165864
41f,43,iforest+margin:mean,0.05,0.7945885416666668,0.3056869236226058,0.33530385433908727,0.25546819579096713,0.07983565854812012,0.029616930716481436,0.8357184297041191,0.8998156115550092,0.03995082974800246,0.9743305721440956,0.8908688114043537
41f,43,iforest+margin:mean,0.075,0.7619947916666666,0.3056869236226058,0.3408016079451407,0.23498462993615513,0.10581697800898558,0.03511468432253488,0.7687101140978535,0.9022741241548863,0.07805777504609711,0.9752937776921595,0.8450202273165094
41f,43,iforest+margin:mean,0.1,0.7384791666666669,0.3056869236226058,0.3465358240718846,0.21872783163868526,0.12780799243319935,0.04084890044927879,0.7155289112357378,0.9035033804548248,0.10202827289489859,0.9763533037950298,0.8092853014833365
41f,43,iforest+margin:mean,0.15,0.6829635416666666,0.3056869236226058,0.3521813667533696,0.19694372192007567,0.15523764483329391,0.04649444313076377,0.6442660994005028,0.9090350338045482,0.19299323909035035,0.9773646696204971,0.7194663841263725
41f,43,iforest+margin:mean,0.2,0.6465624999999999,0.3056869236226058,0.361314731615039,0.18328801135020098,0.178026720264838,0.0556278079924332,0.5995938889963257,0.9157959434542102,0.29256299938537184,0.9794837218262378,0.6307069928722789
41f,43,iforest+margin:mean,0.3,0.5847187500000001,0.3056869236226058,0.4071884606289903,0.13632064317805628,0.270867817450934,0.10150153700638449,0.445948559272868,0.9446834665027658,0.5525507068223725,0.9867559237141206,0.481506453477172
41f,43,iforest+margin:max,0.005,0.996875,0.3056869236226058,0.30814022227476945,0.3029084890044928,0.005231733270276661,0.002453298652163632,0.990910848965384,0.8979717271051014,0.005531653349723417,0.9696108649585822,0.9642650741668272
41f,43,iforest+margin:max,0.01,0.9941666666666666,0.3056869236226058,0.3100023646252069,0.3003960747221565,0.009606289903050366,0.0043154410026010875,0.9826919357957842,0.8998156115550092,0.011677934849416103,0.9702369485648238,0.9602196108649586
41f,43,iforest+margin:max,0.02,0.9875,0.3056869236226058,0.31753960747221566,0.2932430834712698,0.02429652400094585,0.011852683849609837,0.9592922065364534,0.9071911493546404,0.03564843269821758,0.9715372760547101,0.9481795415141592
41f,43,iforest+margin:max,0.03,0.9818937499999999,0.3056869236226058,0.32386497990068575,0.2849964530621896,0.0388685268384961,0.018178056278079925,0.9323148327209437,0.9090350338045482,0.05224339274738783,0.972259680215758,0.9407146985166635
41f,43,iforest+margin:max,0.05,0.9683437500000001,0.3056869236226058,0.3389394655947032,0.2654587372901395,0.07348072830456373,0.03325254197209742,0.8684006961902921,0.9219422249539029,0.1038721573448064,0.9758235407435947,0.9169716817568869
41f,43,iforest+margin:max,0.075,0.9491666666666667,0.3056869236226058,0.35504847481674157,0.24314258689997637,0.11190588791676519,0.04936155119413573,0.7953974086250243,0.933620159803319,0.16656422864167178,0.9801098054324793,0.8797919476016182
41f,43,iforest+margin:max,0.1,0.9297916666666667,0.3056869236226058,0.3736107826909435,0.22534878221801843,0.14826200047292504,0.06792385906833767,0.7371881647650358,0.9471419791026429,0.22987092808850645,0.9849739934502023,0.8462242342515893
41f,43,iforest+margin:max,0.15,0.8964895833333333,0.3056869236226058,0.4015429179475053,0.18887443840151336,0.21266847954599197,0.09585599432489951,0.6178688841616709,0.968039336201598,0.3251382913337431,0.990030822577538,0.7838566750144481
41f,43,iforest+margin:max,0.2,0.8620833333333333,0.3056869236226058,0.4259872310238827,0.1622132891936628,0.2637739418302199,0.1203003074012769,0.5306517114678012,0.9760295021511985,0.39028887523048555,0.9922943556154884,0.7165767674821807
41f,43,iforest+margin:max,0.3,0.775,0.3056869236226058,0.46931898794041144,0.12588673445258927,0.3434322534878222,0.16363206431780564,0.411815896345001,0.9821757836508912,0.5230485556238476,0.9956655750337122,0.5445000963205548
41f,43,iforest+conformal:mean,0.005,0.9726041666666667,0.3056869236226058,0.31020926933081105,0.3056278079924332,0.004581461338377867,0.004522345708205249,0.9998066138077742,0.8948985863552551,0.0,0.9698998266230013,0.9689847813523406
41f,43,iforest+conformal:mean,0.01,0.950625,0.3056869236226058,0.3206136202411918,0.3049775360605344,0.015636084180657366,0.014926696618585955,0.9976793656932895,0.8948985863552551,0.0,0.9707667116162589,0.9682142169138894
41f,43,iforest+conformal:mean,0.02,0.9230604166666658,0.3056869236226058,0.3410380704658312,0.30347008749113263,0.03756798297469851,0.03535114684322535,0.9927480177915297,0.8961278426551936,0.0036877688998156115,0.9713446349450973,0.9652282797148911
41f,43,iforest+conformal:mean,0.03,0.885940625,0.3056869236226058,0.3716304090801608,0.3007212106881059,0.07090919839205485,0.06594348545755498,0.9837555598530265,0.89920098340504,0.014136447449293177,0.973704488537854,0.9569447120015411
41f,43,iforest+conformal:mean,0.05,0.8285572916666667,0.3056869236226058,0.41546464885315676,0.2872724048238354,0.12819224402932136,0.10977772523055096,0.9397602011216399,0.9022741241548863,0.037492317148125384,0.9746195338085147,0.9306973608167983
41f,43,iforest+conformal:mean,0.075,0.7839583333333333,0.3056869236226058,0.44023409789548357,0.2724343816505084,0.16779971624497517,0.13454717427287774,0.8912202668729452,0.9053472649047326,0.06699446834665028,0.975438258524369,0.900934309381622
41f,43,iforest+conformal:mean,0.1,0.7496250000000001,0.3056869236226058,0.4577323244265784,0.2587195554504611,0.19901276897611728,0.15204540080397258,0.8463546702765423,0.9071911493546404,0.09219422249539029,0.9769793874012714,0.8598535927566943
41f,43,iforest+conformal:mean,0.15,0.6989583333333333,0.3056869236226058,0.4705308583589501,0.22895483565854813,0.241576022700402,0.1648439347363443,0.7489847224908143,0.9108789182544561,0.16717885679164105,0.9782797148911577,0.7924773646696205
41f,43,iforest+conformal:mean,0.2,0.6529166666666667,0.3056869236226058,0.49535942303144953,0.20864861669425397,0.28671080633719553,0.1896724994088437,0.6825565654612261,0.9219422249539029,0.2962507682851875,0.9820843768060104,0.7406087459063764
41f,43,iforest+conformal:mean,0.3,0.5926354166666667,0.3056869236226058,0.5588496098368408,0.17719910144242138,0.3816505083944195,0.25316268621423504,0.5796751111970606,0.9655808236017209,0.5255070682237246,0.9933057214409555,0.636052783664034
41f,43,iforest+conformal:max,0.005,0.996875,0.3056869236226058,0.3132537242847009,0.30344052967604634,0.009813194608654529,0.007566800662095058,0.9926513246954168,0.9078057775046097,0.015980331899200985,0.9736563282604508,0.9645540358312464
41f,43,iforest+conformal:max,0.01,0.995,0.3056869236226058,0.3204658311657602,0.30296760463466543,0.017498226531094823,0.01477890754315441,0.9911042351576099,0.917639827904118,0.02642901044867855,0.9762088229628203,0.9625794644577153
41f,43,iforest+conformal:max,0.02,0.9895875,0.3056869236226058,0.3428706550011823,0.3019035232915583,0.04096713170962402,0.037183731378576494,0.987623283697544,0.942839582052858,0.055931161647203444,0.9829031015218648,0.9571373531111539
41f,43,iforest+conformal:max,0.03,0.9833333333333333,0.3056869236226058,0.36104871127926225,0.3005734216126744,0.06047528966658785,0.05536178765665642,0.983272094372462,0.9606637984019668,0.07805777504609711,0.9879117703717973,0.9535253323059141
41f,43,iforest+conformal:max,0.05,0.975,0.3056869236226058,0.4683140222274769,0.2961397493497281,0.1721742728777489,0.16262709860487112,0.9687681299555213,0.9717271051014137,0.10079901659496004,0.9918609131188596,0.9443267193219033
41f,43,iforest+conformal:max,0.075,0.961875,0.3056869236226058,0.48938874438401514,0.2886616221328919,0.20072712225112319,0.1837018207614093,0.944304776638948,0.984019668100799,0.13952059004302397,0.9957137353111154,0.9269408591793489
41f,43,iforest+conformal:max,0.1,0.9502083333333333,0.3056869236226058,0.5096949633483093,0.2802967604634665,0.22939820288484275,0.20400803972570347,0.9169406304389867,0.9956976029502151,0.19299323909035035,0.9985070314005009,0.9050279329608939
41f,43,iforest+conformal:max,0.15,0.9172916666666666,0.3056869236226058,0.5359423031449515,0.24807874201938993,0.2878635611255616,0.2302553795223457,0.8115451556758848,0.9993853718500307,0.28518746158574065,0.9992294355615489,0.8528221922558273
41f,43,iforest+conformal:max,0.2,0.8885833333333333,0.3056869236226058,0.5550957673208796,0.22271813667533696,0.33237763064554265,0.24940884369827382,0.7285824792109844,1.0,0.3632452366318377,0.9996147177807744,0.8000866884993257
41f,43,iforest+conformal:max,0.3,0.8273541666666667,0.3056869236226058,0.5936391581934264,0.17672617640104044,0.4169129817923859,0.28795223457082053,0.5781280216592536,1.0,0.48985863552550707,0.9998073588903872,0.6820458485840879
41f,44,msp,0.005,0.6269590258598328,0.27955781508630884,0.28150863088200523,0.2760699929061244,0.005438637975880823,0.001950815795696382,0.9875237893846479,0.915181315304241,0.041180086047940996,0.9623868233481024,0.9544403775765748
41f,44,msp,0.01,0.5948283672332764,0.27955781508630884,0.2847599905414992,0.27107472215653816,0.013685268384960984,0.005202175455190352,0.9696553182491011,0.917639827904118,0.06637984019668101,0.9637834713927952,0.9465420920824504
41f,44,msp,0.02,0.5610163807868958,0.27955781508630884,0.2888685268384961,0.26327145897375265,0.025597067864743438,0.009310711752187279,0.9417424402622118,0.9237861094038107,0.11309157959434542,0.9654690811019071,0.9355615488345213
41f,44,msp,0.03,0.5240859389305115,0.27955781508630884,0.2960215180893828,0.25319224402932133,0.04282927406006148,0.016463703003074013,0.905688306195813,0.9293177627535341,0.15488629379225569,0.9682623771912926,0.9190425736852245
41f,44,msp,0.05,0.49552756547927856,0.27955781508630884,0.3076377394183022,0.2372014660676283,0.07043627335067391,0.02807992433199338,0.8484880524423768,0.9434542102028273,0.22003687768899816,0.9716335966095164,0.8954921980350606
41f,44,msp,0.075,0.46932417154312134,0.27955781508630884,0.32132300780326317,0.219466777015843,0.10185623078742019,0.041765192716954364,0.7850496933812645,0.956361401352182,0.2876459741856177,0.975919861298401,0.8638990560585629
41f,44,msp,0.1,0.45200315117836,0.27955781508630884,0.3296583116576023,0.20492433199337906,0.12473397966422323,0.05010049657129345,0.7330302389511525,0.9631223110018439,0.32022126613398894,0.9781352340589482,0.8406376420728183
41f,44,msp,0.15,0.42966288328170776,0.27955781508630884,0.3390576968550485,0.1883423977299598,0.1507152991250887,0.05949988176873965,0.6737153732290124,0.9704978488014752,0.36508912108174557,0.9811211712579464,0.7872760547100751
41f,44,msp,0.2,0.388771653175354,0.27955781508630884,0.35643769212579807,0.16159257507685032,0.19484511704894775,0.07687987703948924,0.578029181645168,0.9815611555009219,0.45543945912722805,0.9862261606626854,0.7208630321710653
41f,44,msp,0.3,0.25884294509887695,0.27955781508630884,0.39767084417119886,0.06461338377867108,0.33305746039252776,0.11811302908489005,0.2311270881793191,0.9975414874001229,0.7357098955132145,0.9962916586399537,0.6046041225197457
41f,44,entropy,0.005,0.7745223261493117,0.27955781508630884,0.27970560416174034,0.2783755024828565,0.001330101678883897,0.0001477890754315441,0.9957707760625925,0.9145666871542717,0.049170251997541485,0.9619533808514737,0.9516952417645925
41f,44,entropy,0.01,0.7503406734173418,0.27955781508630884,0.2799420666824308,0.2772227476944904,0.0027193189879404114,0.00038425159612201466,0.9916472827236201,0.915181315304241,0.07006760909649662,0.9622423425158929,0.9424003082257754
41f,44,entropy,0.02,0.7302684600383794,0.27955781508630884,0.28035587609363916,0.2758335303854339,0.004522345708205249,0.0007980610073303381,0.9866779445971663,0.9157959434542102,0.09219422249539029,0.9630610672317472,0.933057214409555
41f,44,entropy,0.03,0.7216421535119476,0.27955781508630884,0.2805036651690707,0.27533104752896664,0.005172617640104044,0.0009458500827618822,0.9848805244237682,0.9164105716041795,0.10510141364474493,0.9634463494509728,0.9221729917164323
41f,44,entropy,0.05,0.7080599942143967,0.27955781508630884,0.28091747458027905,0.2738531567746512,0.007064317805627808,0.0013596594939702057,0.9795939945020088,0.9170251997541488,0.11677934849416104,0.9639279522250048,0.9021864765941052
41f,44,entropy,0.075,0.6797473687242537,0.27955781508630884,0.28266138567037125,0.26956727358713645,0.013094112083234808,0.003103570584062426,0.9642630577289067,0.9219422249539029,0.17086662569145666,0.9654690811019071,0.8568194952802928
41f,44,entropy,0.1,0.6526308150946344,0.27955781508630884,0.2857058406242611,0.2625029557815086,0.023202884842752423,0.0061480255379522345,0.9389934447028969,0.9262446220036877,0.23232944068838352,0.9669620497014063,0.8186765555769602
41f,44,entropy,0.15,0.5394622239705066,0.27955781508630884,0.3157661385670371,0.21801844407661386,0.09774769449042327,0.036208323480728305,0.7798688940579404,0.9496004917025199,0.4695759065765212,0.9735600077056444,0.7535157002504335
41f,44,entropy,0.2,0.46491632705074887,0.27955781508630884,0.33630882005202173,0.17285410262473397,0.1634547174272878,0.056751004965712934,0.6183125396489744,0.9784880147510756,0.6631837738168408,0.9786168368329802,0.702273165093431
41f,44,entropy,0.3,0.37011805482699484,0.27955781508630884,0.39155237644833296,0.07315559233861434,0.3183967841097186,0.11199456136202413,0.2616832311270882,0.9993853718500307,0.8518746158574063,0.9947505297630514,0.5950202273165094
41f,44,margin,0.005,0.9887180328369141,0.27955781508630884,0.28289784819106173,0.27595176164577917,0.006946086545282572,0.0033400331047528965,0.9871008669909072,0.917639827904118,0.015980331899200985,0.9623868233481024,0.9576671161625891
41f,44,margin,0.01,0.9742113351821899,0.27955781508630884,0.2878931189406479,0.2705131236698983,0.017379995270749585,0.008335303854339088,0.9676464368788327,0.9219422249539029,0.037492317148125384,0.963735311115392,0.9511654787131574
41f,44,margin,0.02,0.9494509696960449,0.27955781508630884,0.29575549775360604,0.25889690234097895,0.0368585954126271,0.016197682667297233,0.9260943116938041,0.933620159803319,0.0743700061462815,0.9669138894240031,0.9408591793488731
41f,44,margin,0.03,0.921819806098938,0.27955781508630884,0.30376566564199575,0.2486403405060298,0.05512532513596595,0.024207850555686923,0.8894057940367942,0.9422249539028887,0.11493546404425323,0.969803506068195,0.9297341552687344
41f,44,margin,0.05,0.8684989809989929,0.27955781508630884,0.31777606999290614,0.22744738708914636,0.09032868290375975,0.038218254906597304,0.8135969549587649,0.9532882606023356,0.16902274124154887,0.9747158543633211,0.9076285879406666
41f,44,margin,0.075,0.8231551647186279,0.27955781508630884,0.33051548829510524,0.20492433199337906,0.12559115630172618,0.050957673208796406,0.7330302389511525,0.958819913952059,0.21450522433927474,0.9787131573877865,0.8857638219996147
41f,44,margin,0.1,0.7518939971923828,0.27955781508630884,0.34810238827145895,0.1773468905178529,0.17075549775360604,0.06854457318515016,0.6343835906111228,0.9698832206515058,0.30239704978488013,0.9835291851281064,0.8525813908688114
41f,44,margin,0.15,0.6552878022193909,0.27955781508630884,0.3699456136202412,0.14137502955781509,0.2285705840624261,0.09038779853393238,0.5057094523155,0.9821757836508912,0.4154886293792256,0.9894528992486997,0.7944037757657484
41f,44,margin,0.2,0.6070132255554199,0.27955781508630884,0.37860605344052967,0.11979782454480965,0.25880822889572,0.09904823835422086,0.4285261154578135,0.9870928088506453,0.48985863552550707,0.9910421884030052,0.7367077634367174
41f,44,margin,0.3,0.48101606965065,0.27955781508630884,0.3976117285410262,0.06446559470323954,0.3331461338377867,0.11805391345471743,0.23059843518714315,0.9956976029502151,0.6588813767670559,0.9960508572529377,0.6155846657676748
41f,44,conformal,0.005,0.9685992023928216,0.27955781508630884,0.37792622369354456,0.27955781508630884,0.09836840860723575,0.09836840860723575,1.0,0.9139520590043024,0.0,0.9615680986322481,0.9614236178000385
41f,44,conformal,0.01,0.9566326021934198,0.27955781508630884,0.38655710569874674,0.27955781508630884,0.10699929061243793,0.10699929061243793,1.0,0.9139520590043024,0.0,0.9617607397418609,0.9614236178000385
41f,44,conformal,0.02,0.9259820538384843,0.27955781508630884,0.4021340742492315,0.27955781508630884,0.12257625916292268,0.12257625916292268,1.0,0.915181315304241,0.001229256299938537,0.9621460219610865,0.9614236178000385
41f,44,conformal,0.03,0.8995513459621136,0.27955781508630884,0.4144596831402223,0.27955781508630884,0.13490186805391347,0.13490186805391347,1.0,0.915181315304241,0.001229256299938537,0.9622423425158929,0.9614236178000385
41f,44,conformal,0.05,0.8562295257085887,0.27955781508630884,0.44647079687869473,0.27955781508630884,0.1669129817923859,0.1669129817923859,1.0,0.9250153657037492,0.011063306699446834,0.9671546908110191,0.9614236178000385
41f,44,conformal,0.075,0.8215353938185443,0.27955781508630884,0.4998817687396548,0.27805036651690707,0.2218314022227477,0.22032395365334595,0.9946077394798054,0.9459127228027043,0.04486785494775661,0.9787131573877865,0.9568483914467347
41f,44,conformal,0.1,0.7953488372093023,0.27955781508630884,0.5340506029794277,0.27533104752896664,0.2587195554504611,0.25449278789311897,0.9848805244237682,0.958819913952059,0.09157959434542103,0.984685031785783,0.9453380851473705
41f,44,conformal,0.15,0.7395348837209302,0.27955781508630884,0.5989891227240483,0.2613502009931426,0.33763892173090565,0.3194313076377394,0.9348699513639247,0.9956976029502151,0.2175783650891211,0.9971103833558081,0.9090252359853592
41f,44,conformal,0.2,0.7017543859649122,0.27955781508630884,0.6219259872310239,0.22975289666587845,0.39217309056514543,0.34236817214471504,0.8218439416367096,1.0,0.345421020282729,0.9994702369485648,0.8670294740897707
41f,44,conformal,0.3,0.6325713557003408,0.27955781508630884,0.6798001891700165,0.1813076377394183,0.49849255143059823,0.4002423740837077,0.6485514908014379,1.0,0.48063921327596804,1.0,0.7327586206896551
41f,44,iforest,0.005,0.6587565228587154,0.27955781508630884,0.28207022936864506,0.27935091038070464,0.0027193189879404114,0.0025124142823362496,0.9992598858109536,0.9139520590043024,0.003073140749846343,0.9614236178000385,0.955451743402042
41f,44,iforest,0.01,0.6326944139764291,0.27955781508630884,0.2866221328919366,0.2790553322298416,0.007566800662095058,0.007064317805627808,0.9982025798266018,0.9139520590043024,0.005531653349723417,0.961519938354845,0.9513581198227702
41f,44,iforest,0.02,0.5953121910824015,0.27955781508630884,0.2908784582643651,0.2742374083707732,0.016641049893591865,0.011320643178056278,0.9809684922816662,0.9139520590043024,0.013521819299323909,0.9618089000192641,0.9390290888075515
41f,44,iforest,0.03,0.5713991755529737,0.27955781508630884,0.29336131473161503,0.27104516434145187,0.02231615039016316,0.013803499645306219,0.969549587650666,0.9139520590043024,0.016594960049170254,0.9618570602966673,0.9270853400115585
41f,44,iforest,0.05,0.5446091385696132,0.27955781508630884,0.2980018917001655,0.2680302672026484,0.029971624497517144,0.018444076613856705,0.9587650666102769,0.9139520590043024,0.01782421634910879,0.9625794644577153,0.9097958004238105
41f,44,iforest,0.075,0.5191580171587902,0.27955781508630884,0.3116871600851265,0.2644242137621187,0.0472629463230078,0.032129344998817685,0.9458659336011842,0.9139520590043024,0.019053472649047325,0.9635426700057792,0.8839337314582932
41f,44,iforest,0.1,0.5007644221686754,0.27955781508630884,0.32486994561362026,0.25922203830692836,0.06564790730669189,0.04531213052731142,0.9272573482765912,0.9139520590043024,0.023355869698832205,0.9637834713927952,0.8525332305914082
41f,44,iforest,0.15,0.4771904815659742,0.27955781508630884,0.3462993615511941,0.2436155119413573,0.10268384960983684,0.06674154646488531,0.8714315923028124,0.9145666871542717,0.05716041794714198,0.9648911577730688,0.7903583124638798
41f,44,iforest,0.2,0.4610506878817078,0.27955781508630884,0.377867108063372,0.22425514305982502,0.15361196500354693,0.09830929297706313,0.8021780503277648,0.9188690842040566,0.09157959434542103,0.9662878058177615,0.7121460219610865
41f,44,iforest,0.3,0.44371880500978106,0.27955781508630884,0.42637148262000474,0.1970619531804209,0.22930952943958383,0.1468136675336959,0.7049058997673927,0.9194837123540258,0.1622618315918869,0.9680215758042766,0.5762858794066654
41f,44,iforest+msp:mean,0.005,0.9662045,0.27955781508630884,0.280533222984157,0.27748876803026723,0.0030444549538898085,0.000975407897848191,0.992598858109537,0.9139520590043024,0.0043023970497848806,0.9617607397418609,0.955451743402042
41f,44,iforest+msp:mean,0.01,0.957601,0.27955781508630884,0.2816859777725231,0.27562662567982976,0.006059352092693308,0.002128162686214235,0.9859378304081201,0.9139520590043024,0.008604794099569761,0.9623386630706993,0.9496243498362551
41f,44,iforest+msp:mean,0.02,0.9457,0.27955781508630884,0.28573539843934737,0.26696618585954124,0.0187692125798061,0.006177583353038543,0.9549587650666101,0.9139520590043024,0.010448678549477565,0.9632055480639569,0.9378732421498748
41f,44,iforest+msp:mean,0.03,0.9380029999999999,0.27955781508630884,0.29141049893591864,0.25789193662804444,0.0335185623078742,0.011852683849609837,0.9224994713470077,0.915181315304241,0.023970497848801474,0.96445771527644,0.9242438836447698
41f,44,iforest+msp:mean,0.05,0.9292,0.27955781508630884,0.29744029321352566,0.24550721210688106,0.051933081106644595,0.017882478127216835,0.8781983506026644,0.9157959434542102,0.041180086047940996,0.9657098824889231,0.899971103833558
41f,44,iforest+msp:mean,0.075,0.9198,0.27955781508630884,0.30539134547174274,0.22845235280208087,0.07693899266966187,0.025833530385433907,0.8171917953055614,0.9164105716041795,0.05162876459741856,0.9665286072047775,0.8633211327297245
41f,44,iforest+msp:mean,0.1,0.9134,0.27955781508630884,0.3107117521872783,0.21837313785764956,0.09233861432962875,0.031153937100969496,0.7811376612391625,0.9170251997541488,0.06945298094652735,0.9673473319206318,0.8289346946638413
41f,44,iforest+msp:mean,0.15,0.9034,0.27955781508630884,0.3169188933554032,0.20761409316623317,0.10930480018917002,0.03736107826909435,0.7426517234087545,0.9182544560540873,0.09956976029502151,0.9678289346946638,0.7644480832209594
41f,44,iforest+msp:mean,0.2,0.89242,0.27955781508630884,0.32534287065500117,0.19886497990068575,0.12647789075431545,0.04578505556869236,0.711355466271939,0.9194837123540258,0.12231100184388445,0.9681660566364862,0.6934598343286458
41f,44,iforest+msp:mean,0.3,0.8694299999999999,0.27955781508630884,0.3807342161267439,0.18050957673208795,0.20022463939465596,0.10117640104043508,0.6456967646436877,0.9200983405039951,0.2132759680393362,0.9691774224619534,0.5612117125794645
41f,44,iforest+msp:max,0.005,0.9986,0.27955781508630884,0.2808583589501064,0.2770749586190589,0.003783400331047529,0.001300543863797588,0.9911186297314443,0.915181315304241,0.03626306084818685,0.9622905027932961,0.9555480639568484
41f,44,iforest+msp:max,0.01,0.9964,0.27955781508630884,0.2835185623078742,0.27358713643887445,0.009931425868999763,0.003960747221565382,0.9786424191160922,0.9170251997541488,0.05716041794714198,0.9632055480639569,0.9481313812367559
41f,44,iforest+msp:max,0.02,0.9942,0.27955781508630884,0.288572948687633,0.2668775124142823,0.021695436273350674,0.00901513360132419,0.9546415732713046,0.9213275968039336,0.0958819913952059,0.9646021961086496,0.9358986707763437
41f,44,iforest+msp:max,0.03,0.9912059999999999,0.27955781508630884,0.2948687633010168,0.2586013241901159,0.03626743911090092,0.015310948214707968,0.9250370057094524,0.9250153657037492,0.1309157959434542,0.9668175688691967,0.9228953958774803
41f,44,iforest+msp:max,0.05,0.9854,0.27955781508630884,0.306662331520454,0.24583234807283047,0.060829983447623553,0.027104516434145187,0.8793613871854514,0.9354640442532268,0.18684695759065764,0.9700924677326141,0.8990078982854941
41f,44,iforest+msp:max,0.075,0.9776,0.27955781508630884,0.32212106881059355,0.2282158902813904,0.09390517852920312,0.042563253724284704,0.8163459505180798,0.9489858635525507,0.25138291333743085,0.9734155268734348,0.8657291465998844
41f,44,iforest+msp:max,0.1,0.9714,0.27955781508630884,0.33361905887916765,0.21266847954599197,0.1209505793331757,0.05406124379285883,0.7607316557411715,0.956361401352182,0.2980946527350953,0.976160662685417,0.8353881718358698
41f,44,iforest+msp:max,0.15,0.9654,0.27955781508630884,0.3461811302908489,0.19165287301962639,0.15452825727122252,0.06662331520454008,0.6855572002537533,0.9643515673017824,0.33743085433312847,0.9789057984973993,0.7906472741282989
41f,44,iforest+msp:max,0.2,0.9568,0.27955781508630884,0.3580042563253724,0.17885433908725468,0.17914991723811777,0.07844644123906361,0.6397758511313174,0.9704978488014752,0.37861094038106946,0.98222885763822,0.7373820073203622
41f,44,iforest+msp:max,0.3,0.9366,0.27955781508630884,0.404380468195791,0.12429061243792859,0.2800898557578624,0.12482265310948215,0.44459716641996194,0.986478180700676,0.5697602950215119,0.9906087459063764,0.6104315160855327
41f,44,iforest+entropy:mean,0.005,0.9651005,0.27955781508630884,0.2798533932371719,0.2784641759281154,0.0013892173090565146,0.0002955781508630882,0.996087967857898,0.9139520590043024,0.006146281499692686,0.9615680986322481,0.9557888653438644
41f,44,iforest+entropy:mean,0.01,0.9569010000000001,0.27955781508630884,0.28094703239536534,0.27645424450224637,0.004492787893118941,0.0013892173090565146,0.9888982871643052,0.9139520590043024,0.00921942224953903,0.9619533808514737,0.9493835484492391
41f,44,iforest+entropy:mean,0.02,0.9466019999999999,0.27955781508630884,0.2831934263419248,0.27163632064317805,0.01155710569874675,0.003635611255615985,0.9716641996193698,0.9139520590043024,0.015365703749231715,0.9627239452899249,0.9392698901945675
41f,44,iforest+entropy:mean,0.03,0.939403,0.27955781508630884,0.28561716717900215,0.26483802317332705,0.020779144005675102,0.006059352092693308,0.9473461619792768,0.9145666871542717,0.028272894898586354,0.9636871508379888,0.9253997303024465
41f,44,iforest+entropy:mean,0.05,0.9290050000000001,0.27955781508630884,0.2923563490186805,0.245980137148262,0.046376211870418536,0.012798533932371719,0.8798900401776274,0.9164105716041795,0.05654578979717271,0.9645058755538432,0.8909169716817569
41f,44,iforest+entropy:mean,0.075,0.9211,0.27955781508630884,0.2992433199337905,0.2338909907779617,0.0653523291558288,0.019685504847481675,0.8366462254176358,0.917639827904118,0.07191149354640443,0.9657098824889231,0.8587459063764207
41f,44,iforest+entropy:mean,0.1,0.9146,0.27955781508630884,0.30550957673208795,0.22393000709387562,0.08157956963821235,0.025951761645779146,0.8010150137449777,0.9182544560540873,0.08481868469575907,0.9666249277595839,0.8285975727220188
41f,44,iforest+entropy:mean,0.15,0.9037,0.27955781508630884,0.31526365571056986,0.21062899030503665,0.10463466540553322,0.035705840624261055,0.7534362444491436,0.9188690842040566,0.11309157959434542,0.9673954921980351,0.7657002504334425
41f,44,iforest+entropy:mean,0.2,0.89424,0.27955781508630884,0.3234216126743911,0.20016552376448332,0.12325608890990777,0.04386379758808229,0.7160076126030873,0.9188690842040566,0.14628149969268592,0.9680215758042766,0.6975534579079176
41f,44,iforest+entropy:mean,0.3,0.8711,0.27955781508630884,0.36678292740600615,0.1816918893355403,0.18509103807046584,0.08722511231969733,0.6499259885810953,0.9200983405039951,0.23786109403810696,0.9691292621845502,0.5608264303602388
41f,44,iforest+entropy:max,0.005,0.9974,0.27955781508630884,0.2797351619768267,0.27902577441475523,0.0007093875620714117,0.00017734689051785292,0.9980968492281664,0.9139520590043024,0.03564843269821758,0.9618570602966673,0.9539587748025429
41f,44,iforest+entropy:max,0.01,0.9954,0.27955781508630884,0.2806514542445022,0.2779025774414755,0.00274887680302672,0.0010936391581934264,0.9940790864876294,0.9145666871542717,0.06392132759680394,0.9620015411288769,0.9445193604315161
41f,44,iforest+entropy:max,0.02,0.9920039999999999,0.27955781508630884,0.2827205013005439,0.27633601324190116,0.006384488058642705,0.003162686214235044,0.9884753647705645,0.915181315304241,0.08358942839582052,0.9626276247351184,0.9322866499711039
41f,44,iforest+entropy:max,0.03,0.989,0.27955781508630884,0.2845826436509813,0.2754492787893119,0.009133364861669425,0.005024828564672499,0.985303446817509,0.9157959434542102,0.09834050399508297,0.9631092275091504,0.9232806780967059
41f,44,iforest+entropy:max,0.05,0.9856,0.27955781508630884,0.2860605344052968,0.2744443130763774,0.011616221328919367,0.006502719318987941,0.9817086064707126,0.9164105716041795,0.11186232329440689,0.9636871508379888,0.9052687343479099
41f,44,iforest+entropy:max,0.075,0.9802,0.27955781508630884,0.28910498935918655,0.2707791440056751,0.018325845353511467,0.009547174272877748,0.9685980122647494,0.9200983405039951,0.15181315304240933,0.9647466769408591,0.8647659410518205
41f,44,iforest+entropy:max,0.1,0.976,0.27955781508630884,0.2942776069992906,0.26359659493970206,0.030681012059588557,0.014719791912981792,0.9429054768449989,0.9219422249539029,0.1954517516902274,0.9660951647081487,0.8298015796570988
41f,44,iforest+entropy:max,0.15,0.9688,0.27955781508630884,0.30480018917001656,0.24394064790730668,0.060859541262709864,0.025242374083707733,0.8725946288855995,0.9323909035033805,0.3091579594345421,0.9691774224619534,0.767048738200732
41f,44,iforest+entropy:max,0.2,0.9574,0.27955781508630884,0.3345944667770158,0.20965358240718845,0.12494088436982738,0.055036651690707025,0.7499471347007823,0.9496004917025199,0.47387830362630606,0.9744268926989019,0.7046811789635908
41f,44,iforest+entropy:max,0.3,0.9356,0.27955781508630884,0.38159139276424686,0.13694135729486875,0.2446500354693781,0.10203357767793805,0.48984986255022195,0.986478180700676,0.7240319606637984,0.9827586206896551,0.5981988056251204
41f,44,iforest+margin:mean,0.005,0.9669140000000003,0.27955781508630884,0.28150863088200523,0.27657247576259164,0.004936155119413573,0.001950815795696382,0.989321209558046,0.9139520590043024,0.005531653349723417,0.9621460219610865,0.9552591022924292
41f,44,iforest+margin:mean,0.01,0.9582,0.27955781508630884,0.28254315441002603,0.2745329865216363,0.00801016788838969,0.0029853393237171907,0.9820257982660181,0.9139520590043024,0.008604794099569761,0.9626276247351184,0.9506357156617222
41f,44,iforest+margin:mean,0.02,0.9465039999999999,0.27955781508630884,0.28703594230314494,0.26661149207850554,0.020424450224639394,0.007478127216836132,0.9536899978853879,0.9139520590043024,0.011063306699446834,0.963735311115392,0.9384511654787132
41f,44,iforest+margin:mean,0.03,0.9389,0.27955781508630884,0.2917947505320407,0.2578032631827855,0.033991487349255146,0.012236935445731852,0.9221822795517022,0.915181315304241,0.02089735709895513,0.9647948372182624,0.9251107686380273
41f,44,iforest+margin:mean,0.05,0.9289050000000001,0.27955781508630884,0.2985930480018917,0.24193071648143769,0.05666233152045401,0.01903523291558288,0.8654049481920066,0.9164105716041795,0.03503380454824831,0.9661914852629551,0.8973704488537854
41f,44,iforest+margin:mean,0.075,0.9216,0.27955781508630884,0.3040316859777725,0.22960510759044692,0.07442657838732561,0.024473870891463703,0.8213152886445337,0.9164105716041795,0.04732636754763368,0.9664804469273743,0.8670294740897707
41f,44,iforest+margin:mean,0.1,0.9142,0.27955781508630884,0.31017971151572477,0.21872783163868526,0.09145187987703948,0.030621896429415936,0.7824064284203848,0.9164105716041795,0.05900430239704978,0.9672991716432287,0.8365921787709497
41f,44,iforest+margin:mean,0.15,0.9025150000000001,0.27955781508630884,0.3173918183967841,0.20418538661622132,0.11320643178056278,0.03783400331047529,0.7303869739902727,0.9182544560540873,0.09526736324523663,0.9677807744172606,0.7643036023887497
41f,44,iforest+margin:mean,0.2,0.8929,0.27955781508630884,0.32569756443603687,0.1954067155355876,0.13029084890044929,0.04613974934972807,0.6989849862550221,0.9194837123540258,0.11309157959434542,0.9682142169138894,0.7009728376035446
41f,44,iforest+margin:mean,0.3,0.8682000000000001,0.27955781508630884,0.38206431780562783,0.17569165287301963,0.20637266493260817,0.10250650271931899,0.6284626770987524,0.9200983405039951,0.20467117393976644,0.9692737430167597,0.5619822770179156
41f,44,iforest+margin:max,0.005,0.9982,0.27955781508630884,0.28277961693071646,0.2760995507212107,0.006680066209505793,0.0032218018444076612,0.987629519983083,0.917639827904118,0.015980331899200985,0.9623868233481024,0.9572336736659603
41f,44,iforest+margin:max,0.01,0.998,0.27955781508630884,0.28541026247339796,0.27287774887680305,0.01253251359659494,0.0058524473870891465,0.9761048847536478,0.9200983405039951,0.028887523048555623,0.9628202658447312,0.9534771720285109
41f,44,iforest+margin:max,0.02,0.9944,0.27955781508630884,0.2946618585954126,0.2635374793095294,0.031124379285883186,0.015104043509103807,0.9426940156481285,0.9299323909035033,0.06637984019668101,0.9659025235985359,0.9400404546330187
41f,44,iforest+margin:max,0.03,0.9918,0.27955781508630884,0.3025833530385434,0.2542563253724285,0.04832702766611492,0.02302553795223457,0.9094946077394798,0.9379225568531039,0.09834050399508297,0.9680697360816798,0.9299749566557504
41f,44,iforest+margin:max,0.05,0.98701,0.27955781508630884,0.3173031449515252,0.2356053440529676,0.08169780089855758,0.037745329865216365,0.8427786001268767,0.9502151198524893,0.15119852489244007,0.97274128298979,0.9100366018108265
41f,44,iforest+margin:max,0.075,0.9816,0.27955781508630884,0.3301312366989832,0.21657011113738472,0.11356112556159849,0.05057342161267439,0.7746880947346162,0.9539028887523049,0.19114935464044253,0.9768830668464651,0.8896648044692738
41f,44,iforest+margin:max,0.1,0.97602,0.27955781508630884,0.34440766138567036,0.19661858595412626,0.1477890754315441,0.06484984629936155,0.7033199407908648,0.9600491702519975,0.23355869698832207,0.9799171643228665,0.8608167983047582
41f,44,iforest+margin:max,0.15,0.9642,0.27955781508630884,0.36772877748876803,0.1628340033104753,0.20489477417829274,0.08817096240245921,0.5824698667794459,0.9711124769514444,0.33743085433312847,0.984685031785783,0.8006164515507609
41f,44,iforest+margin:max,0.2,0.9554,0.27955781508630884,0.38847836367935684,0.1356703712461575,0.25280799243319935,0.108920548593048,0.485303446817509,0.9815611555009219,0.42347879532882604,0.9899345020227317,0.7491812752841457
41f,44,iforest+margin:max,0.3,0.9352,0.27955781508630884,0.41717900212816267,0.09943248995034287,0.3177465121778198,0.13762118704185386,0.3556777331359695,0.9889366933005531,0.521819299323909,0.9927759583895204,0.6298401078790213
41f,44,iforest+conformal:mean,0.005,0.9677070000000002,0.27955781508630884,0.3005734216126744,0.27955781508630884,0.021015606526365572,0.021015606526365572,1.0,0.9139520590043024,0.0,0.9614717780774418,0.9614236178000385
41f,44,iforest+conformal:mean,0.01,0.9418170000000003,0.27955781508630884,0.34736344289430127,0.27955781508630884,0.06780562780799243,0.06780562780799243,1.0,0.9139520590043024,0.0,0.961519938354845,0.9614236178000385
41f,44,iforest+conformal:mean,0.02,0.8937039999999998,0.27955781508630884,0.38930598250177345,0.27929179475053206,0.11001418775124143,0.10974816741546464,0.9990484246140834,0.9170251997541488,0.0036877688998156115,0.9636871508379888,0.9578115969947987
41f,44,iforest+conformal:mean,0.03,0.8637389999999997,0.27955781508630884,0.41274532986521634,0.27666114920785057,0.1360841806573658,0.13318751477890756,0.9896384013533517,0.9188690842040566,0.011063306699446834,0.9661433249855519,0.9483721826237719
41f,44,iforest+conformal:mean,0.05,0.8375300000000001,0.27955781508630884,0.431662331520454,0.27024710333412155,0.16141522818633247,0.1521045164341452,0.9666948614929161,0.9194837123540258,0.022741241548862937,0.9679734155268734,0.9346946638412638
41f,44,iforest+conformal:mean,0.075,0.8168074999999999,0.27955781508630884,0.446973279735162,0.263685268384961,0.18328801135020098,0.16741546464885315,0.9432226686403045,0.9200983405039951,0.04486785494775661,0.9691292621845502,0.9147563089963399
41f,44,iforest+conformal:mean,0.1,0.79361,0.27955781508630884,0.467072593993852,0.256414045873729,0.21065854812012297,0.18751477890754314,0.9172129414252485,0.9225568531038721,0.06515058389674247,0.9694663841263725,0.8892795222500481
41f,44,iforest+conformal:mean,0.15,0.7583,0.27955781508630884,0.48974343816505084,0.23711279262236937,0.2526306455426815,0.21018562307874203,0.8481708606470713,0.9262446220036877,0.12784265519360788,0.9717299171643229,0.8246965902523599
41f,44,iforest+conformal:mean,0.2,0.72136,0.27955781508630884,0.5158725467013479,0.21707259399385198,0.2987999527074959,0.23631473161503902,0.7764855149080143,0.9379225568531039,0.2292562999385372,0.9767867462916586,0.7690714698516663
41f,44,iforest+conformal:mean,0.3,0.6629,0.27955781508630884,0.5769981082998344,0.16026247339796643,0.41673563490186805,0.29744029321352566,0.5732713047155846,0.9791026429010449,0.48985863552550707,0.9935465228279715,0.6322962820265845
41f,44,iforest+conformal:max,0.005,0.9946,0.27955781508630884,0.3742906124379286,0.2794691416410499,0.09482147079687869,0.09473279735161977,0.9996828082046945,0.9139520590043024,0.003073140749846343,0.9615680986322481,0.9577152764399923
41f,44,iforest+conformal:max,0.01,0.9908020000000001,0.27955781508630884,0.379019862851738,0.27935091038070464,0.09966895247103334,0.09946204776542918,0.9992598858109536,0.9139520590043024,0.003073140749846343,0.9615680986322481,0.9550183009054132
41f,44,iforest+conformal:max,0.02,0.9796,0.27955781508630884,0.3916706077086782,0.2787893118940648,0.11288129581461338,0.11211279262236935,0.9972510044406852,0.9139520590043024,0.006146281499692686,0.9618089000192641,0.950587555384319
41f,44,iforest+conformal:max,0.03,0.976,0.27955781508630884,0.39639985812248757,0.27462165996689525,0.12177819815559233,0.11684204303617876,0.9823429900613236,0.9139520590043024,0.01290719114935464,0.9620015411288769,0.9392217299171643
41f,44,iforest+conformal:max,0.05,0.968,0.27955781508630884,0.4021636320643178,0.2698332939229132,0.13233033814140457,0.12260581697800899,0.9652146331148234,0.9139520590043024,0.017209588199139522,0.9624831439029089,0.9197168175688692
41f,44,iforest+conformal:max,0.075,0.954415,0.27955781508630884,0.4141936628044455,0.26729132182549065,0.14690234097895483,0.13463584771813666,0.9561218016493972,0.915181315304241,0.019053472649047325,0.9638797919476016,0.9013195916008476
41f,44,iforest+conformal:max,0.1,0.9394,0.27955781508630884,0.4251891700165524,0.2635374793095294,0.16165169070702293,0.14563135493024357,0.9426940156481285,0.915181315304241,0.0215119852489244,0.9644095549990368,0.8769986515122327
41f,44,iforest+conformal:max,0.15,0.9204,0.27955781508630884,0.43816505083944196,0.2534582643650981,0.18470678647434383,0.15860723575313312,0.9066398815817296,0.9164105716041795,0.03503380454824831,0.9651319591600848,0.8243594683105374
41f,44,iforest+conformal:max,0.2,0.9038,0.27955781508630884,0.4589146370300307,0.23536888153227714,0.2235457554977536,0.17935682194372193,0.8419327553393952,0.9219422249539029,0.07006760909649662,0.9691774224619534,0.7718647659410518
41f,44,iforest+conformal:max,0.3,0.8649799999999999,0.27955781508630884,0.5266315913927643,0.21068810593520926,0.31594348545755496,0.24707377630645544,0.7536477056460139,0.9477566072526121,0.16594960049170251,0.9818435754189944,0.645058755538432
41f,45,msp,0.005,0.6498748660087585,0.30104634665405533,0.3017557342161267,0.2992728777488768,0.002482856467249941,0.0007093875620714117,0.9941089837997054,0.942839582052858,0.01290719114935464,0.9707185513388558,0.9656135619341167
41f,45,msp,0.01,0.6239861845970154,0.30104634665405533,0.30355876093639156,0.29596240245921024,0.007596358477181367,0.0025124142823362496,0.9831124202258223,0.9459127228027043,0.028272894898586354,0.9714891157773069,0.9619052205740705
41f,45,msp,0.02,0.5893777012825012,0.30104634665405533,0.30678056278079924,0.2888389690234098,0.017941593757389455,0.005734216126743911,0.9594501718213058,0.9502151198524893,0.059618930547019056,0.9731265652090156,0.9532845309188981
41f,45,msp,0.03,0.5654544234275818,0.30104634665405533,0.31020926933081105,0.28266138567037125,0.02754788366043982,0.009162922676755733,0.9389297987236132,0.9508297480024586,0.08174554394591273,0.9737526488152571,0.9445675207089193
41f,45,msp,0.05,0.5348209738731384,0.30104634665405533,0.31570702293686453,0.2748285646724994,0.0408784582643651,0.014660676282809175,0.9129111438389789,0.9545175169022742,0.1210817455439459,0.9758235407435947,0.9309863224812175
41f,45,msp,0.075,0.5071521401405334,0.30104634665405533,0.32318515015370064,0.2627689761172854,0.06041617403641523,0.022138803499645306,0.8728522336769758,0.9649661954517517,0.17516902274124155,0.9777017915623194,0.9122038142939703
41f,45,msp,0.1,0.48698607087135315,0.30104634665405533,0.33361905887916765,0.2502364625206905,0.08338259635847718,0.03257271222511232,0.8312223858615612,0.9704978488014752,0.21204671173939765,0.9803024465420921,0.8909169716817569
41f,45,msp,0.15,0.4591430723667145,0.30104634665405533,0.34570820524946794,0.23179238590683376,0.11391581934263419,0.04466185859541263,0.7699558173784978,0.9772587584511371,0.2618315918869084,0.9840589481795415,0.8625024080138701
41f,45,msp,0.2,0.43916550278663635,0.30104634665405533,0.35380704658311657,0.21488531567746513,0.13892173090565146,0.052760699929061246,0.7137947962690231,0.9803318992009834,0.30669944683466505,0.9860816798304758,0.8331246387979194
41f,45,msp,0.3,0.40906405448913574,0.30104634665405533,0.36545282572712223,0.19694372192007567,0.1685091038070466,0.06440647907306692,0.6541973490427099,0.9858635525507068,0.379840196681008,0.9889712964746677,0.7717684453862454
41f,45,entropy,0.005,0.8031403606657467,0.30104634665405533,0.30110546228422796,0.3005438637975881,0.0005615984866398676,5.911563017261764e-05,0.9983308787432499,0.9409956976029502,0.01843884449907806,0.9703332691196301,0.964698516663456
41f,45,entropy,0.01,0.7812590405283935,0.30104634665405533,0.30113502009931425,0.2998935918656893,0.0012414282336249704,8.867344525892646e-05,0.9961708394698087,0.9422249539028887,0.02581438229870928,0.9706222307840493,0.9620497014062801
41f,45,entropy,0.02,0.7548509642380643,0.30104634665405533,0.3012828091747458,0.2990068574131,0.002275951761645779,0.00023646252069047056,0.9932253313696613,0.942839582052858,0.03995082974800246,0.9712001541128877,0.9540550953573492
41f,45,entropy,0.03,0.7382571155028892,0.30104634665405533,0.3016079451406952,0.297854102624734,0.0037538425159612202,0.0005615984866398676,0.9893961708394698,0.9434542102028273,0.06023355869698832,0.9715372760547101,0.9480832209593527
41f,45,entropy,0.05,0.7190850969936842,0.30104634665405533,0.3020217545519035,0.29608063371955545,0.005941120832348073,0.000975407897848191,0.9835051546391753,0.9465273509526736,0.08543331284572833,0.9720670391061452,0.9387401271431324
41f,45,entropy,0.075,0.7075707513635751,0.30104634665405533,0.30252423740837076,0.29433672262946325,0.008187514778907543,0.001477890754315441,0.977712322042219,0.9477566072526121,0.0958819913952059,0.9723078404931612,0.9277114236178
41f,45,entropy,0.1,0.6998172185549361,0.30104634665405533,0.30279025774414753,0.29271104279971627,0.010079214944431307,0.0017439110900922205,0.9723122238586157,0.9477566072526121,0.107559926244622,0.9726931227123868,0.9153342323251782
41f,45,entropy,0.15,0.6708851088902895,0.30104634665405533,0.30515488295105225,0.2870950579333176,0.01805982501773469,0.004108536296996926,0.9536573392243496,0.9532882606023356,0.1720958819913952,0.9740416104796764,0.8715565401656713
41f,45,entropy,0.2,0.6305739896049168,0.30104634665405533,0.310682194372192,0.2738531567746512,0.03682903759754079,0.009635847718136675,0.9096710849288169,0.9594345421020283,0.2624462200368777,0.9759680215758043,0.8226256983240223
41f,45,entropy,0.3,0.5031775829945315,0.30104634665405533,0.34360960037834004,0.21237290139512888,0.13123669898321116,0.042563253724284704,0.7054491899852725,0.9784880147510756,0.5580823601720959,0.9821325370834136,0.7410421884030052
41f,45,margin,0.005,0.9931159019470215,0.30104634665405533,0.3032631827855285,0.2982087964057697,0.005054386379758808,0.0022168361314731616,0.9905743740795288,0.9434542102028273,0.006760909649661954,0.9709593527258717,0.9675399730302446
41f,45,margin,0.01,0.9836199879646301,0.30104634665405533,0.30615984866398677,0.29528257271222513,0.010877275951761646,0.005113502009931426,0.9808541973490428,0.9459127228027043,0.0215119852489244,0.9723078404931612,0.963012906954344
41f,45,margin,0.02,0.9685620665550232,0.30104634665405533,0.31017971151572477,0.2881295814613384,0.02205013005438638,0.009133364861669425,0.9570937653411881,0.9496004917025199,0.03810694529809465,0.9735118474282412,0.955933346176074
41f,45,margin,0.03,0.9555084705352783,0.30104634665405533,0.31470205722393,0.28277961693071646,0.031922440293213526,0.013655710569874675,0.939322533136966,0.9526736324523664,0.04855562384757222,0.9743787324214987,0.9498169909458678
41f,45,margin,0.05,0.9187772274017334,0.30104634665405533,0.32569756443603687,0.26696618585954124,0.05873137857649562,0.024651217781981555,0.8867943053510063,0.9600491702519975,0.08236017209588199,0.9775573107301098,0.9338759391254093
41f,45,margin,0.075,0.8758779764175415,0.30104634665405533,0.33692953416883425,0.2517143532750059,0.08521518089382833,0.03588318751477891,0.8361315660284733,0.968039336201598,0.12845728334357714,0.98102485070314,0.9142747062223079
41f,45,margin,0.1,0.8431007862091064,0.30104634665405533,0.34570820524946794,0.23581224875857176,0.10989595649089619,0.04466185859541263,0.7833087874324988,0.9729563614013522,0.16164720344191763,0.9841552687343479,0.8993931805047197
41f,45,margin,0.15,0.775018036365509,0.30104634665405533,0.36033932371719085,0.21098368408607235,0.14935563963111848,0.059292977063135494,0.700834560628375,0.984019668100799,0.24339274738783037,0.9876709689847814,0.8656328260450781
41f,45,margin,0.2,0.714134693145752,0.30104634665405533,0.3723397966422322,0.184913691179948,0.18742610546228422,0.07129344998817687,0.6142366224840452,0.9901659496004918,0.31407498463429623,0.9902234636871509,0.8313908688114043
41f,45,margin,0.3,0.6225013732910156,0.30104634665405533,0.38581816032158905,0.15039016315913928,0.23542799716244975,0.0847718136675337,0.4995581737849779,0.9932390903503381,0.4320835894283958,0.9938354844923907,0.765555769601233
41f,45,conformal,0.005,0.7966804979253113,0.30104634665405533,0.30104634665405533,0.30045519035232915,0.0005911563017261764,0.0,0.9980363279332352,0.9409956976029502,0.015980331899200985,0.970044307455211,0.9628202658447312
41f,45,conformal,0.01,0.7854671280276817,0.30104634665405533,0.30104634665405533,0.29998226531094824,0.0010640813431071175,0.0,0.9964653902798234,0.9409956976029502,0.028887523048555623,0.970044307455211,0.9590156039298786
41f,45,conformal,0.02,0.773356401384083,0.30104634665405533,0.30104634665405533,0.2993615511941357,0.0016847954599196028,0.0,0.9944035346097201,0.9409956976029502,0.03872157344806392,0.970044307455211,0.9487093045655943
41f,45,conformal,0.03,0.759698275862069,0.30104634665405533,0.30104634665405533,0.29874083707732324,0.002305509576732088,0.0,0.9923416789396171,0.9409956976029502,0.06084818684695759,0.970044307455211,0.936717395492198
41f,45,conformal,0.05,0.7435344827586207,0.30104634665405533,0.30104634665405533,0.2969673681721447,0.004078978481910617,0.0,0.9864506627393225,0.9409956976029502,0.08358942839582052,0.970044307455211,0.9141302253900982
41f,45,conformal,0.075,0.715046604527297,0.30104634665405533,0.30104634665405533,0.2931544100260109,0.007891936628044455,0.0,0.9737849779086893,0.9409956976029502,0.13829133374308544,0.970044307455211,0.861731843575419
41f,45,conformal,0.1,0.6951160851275578,0.30104634665405533,0.30104634665405533,0.2892232206195318,0.011823126034523528,0.0,0.960726558664703,0.9409956976029502,0.17332513829133375,0.970044307455211,0.8337988826815642
41f,45,conformal,0.15,0.643148689822536,0.30104634665405533,0.30104634665405533,0.27666114920785057,0.024385197446204775,0.0,0.91899852724595,0.9409956976029502,0.2735095267363245,0.970044307455211,0.7825563475245617
41f,45,conformal,0.2,0.5986159169550174,0.30104634665405533,0.30104634665405533,0.2603747930952944,0.04067155355876094,0.0,0.8648993618065782,0.9409956976029502,0.39213275968039335,0.9700924677326141,0.7226449624349837
41f,45,conformal,0.3,0.5226314626475045,0.30104634665405533,0.30379522345708204,0.18940647907306693,0.11438874438401514,0.00274887680302672,0.6291605301914581,0.9471419791026429,0.5586969883220652,0.9715372760547101,0.61491042188403
41f,45,iforest,0.005,0.6734360563371928,0.30104634665405533,0.30137148262000474,0.3007212106881059,0.000650271931898794,0.000325135965949397,0.9989199803632793,0.9409956976029502,0.003073140749846343,0.970044307455211,0.9645058755538432
41f,45,iforest,0.01,0.6525723934071318,0.30104634665405533,0.3019330811066446,0.30021872783163867,0.0017143532750059115,0.0008867344525892646,0.9972508591065291,0.9409956976029502,0.0043023970497848806,0.9701406280100173,0.9599306492005394
41f,45,iforest,0.02,0.6339443974381375,0.30104634665405533,0.30571648143769214,0.29812012296051077,0.007596358477181367,0.004670134783636794,0.990279823269514,0.9409956976029502,0.007375537799631223,0.9702369485648238,0.9534771720285109
41f,45,iforest,0.03,0.6216183362678257,0.30104634665405533,0.3076672972333885,0.2951052258217073,0.01256207141168125,0.006620950579333176,0.9802650957290133,0.9409956976029502,0.00921942224953903,0.9703814293970333,0.9475534579079176
41f,45,iforest,0.05,0.5972683418309952,0.30104634665405533,0.3123669898321116,0.2892232206195318,0.023143769212579806,0.011320643178056278,0.960726558664703,0.9409956976029502,0.015365703749231715,0.9706222307840493,0.9336832980157965
41f,45,iforest,0.075,0.5661296193347487,0.30104634665405533,0.318337668479546,0.28671080633719553,0.031626862142350436,0.01729132182549066,0.9523809523809523,0.9409956976029502,0.01843884449907806,0.9712001541128877,0.9122038142939703
41f,45,iforest,0.1,0.5467789204045522,0.30104634665405533,0.3233624970442185,0.28390281390399624,0.039459683140222274,0.02231615039016316,0.9430535100638194,0.9409956976029502,0.019053472649047325,0.9714891157773069,0.8935176266615296
41f,45,iforest,0.15,0.5199897235221657,0.30104634665405533,0.34508749113265547,0.2741487349255143,0.07093875620714117,0.04404114447860014,0.9106529209621992,0.9416103257529195,0.027043638598647817,0.9729339240994028,0.8500770564438451
41f,45,iforest,0.2,0.5023956119697623,0.30104634665405533,0.36554149917238116,0.2593698273823599,0.10617167179002128,0.06449515251832584,0.8615611192930781,0.942839582052858,0.046097111247695145,0.9751011365825467,0.8097187439799653
41f,45,iforest,0.3,0.4788980939064485,0.30104634665405533,0.4061834949160558,0.22797942776069993,0.1782040671553559,0.10513714826200048,0.7572901325478645,0.9440688383527965,0.0958819913952059,0.9760161818532075,0.7204777499518398
41f,45,iforest+msp:mean,0.005,0.9433375000000002,0.30104634665405533,0.3015192716954363,0.3000413809411208,0.001477890754315441,0.0004729250413809411,0.9966617574864997,0.9409956976029502,0.002458512599877074,0.9703332691196301,0.9673473319206318
41f,45,iforest+msp:mean,0.01,0.9170833333333333,0.30104634665405533,0.30213998581224877,0.29814968077559706,0.003990305036651691,0.0010936391581934264,0.9903780068728522,0.9416103257529195,0.0036877688998156115,0.9708148718936621,0.9648911577730688
41f,45,iforest+msp:mean,0.02,0.8809562499999994,0.30104634665405533,0.30400212816268624,0.29309529439583826,0.010906833766847954,0.002955781508630882,0.9735886107020127,0.942839582052858,0.004917025199754148,0.9713446349450973,0.9587748025428626
41f,45,iforest+msp:mean,0.03,0.850315625,0.30104634665405533,0.3080515488295105,0.28567628280917473,0.022375266020335776,0.007005202175455191,0.9489445262641139,0.9434542102028273,0.010448678549477565,0.9717780774417261,0.9520805239838181
41f,45,iforest+msp:mean,0.05,0.8076458333333335,0.30104634665405533,0.3163868526838496,0.2727595176164578,0.04362733506739182,0.015340506029794278,0.9060382916053019,0.9434542102028273,0.0215119852489244,0.97274128298979,0.9371508379888268
41f,45,iforest+msp:mean,0.075,0.7645026041666666,0.30104634665405533,0.32283045637266494,0.2583648616694254,0.06446559470323954,0.021784109718609602,0.8582228767795779,0.9440688383527965,0.03687768899815612,0.9740416104796764,0.9168272009246773
41f,45,iforest+msp:mean,0.1,0.7407395833333333,0.30104634665405533,0.32649562544336724,0.24955663277370538,0.07693899266966187,0.025449278789311892,0.8289641629847816,0.9440688383527965,0.046097111247695145,0.9748603351955307,0.900934309381622
41f,45,iforest+msp:mean,0.15,0.7017708333333333,0.30104634665405533,0.3312544336722629,0.23285646724994088,0.09839796642232206,0.030208087018207614,0.7734904270986745,0.9440688383527965,0.07744314689612784,0.9762569832402235,0.8625505682912734
41f,45,iforest+msp:mean,0.2,0.6714791666666666,0.30104634665405533,0.33500827618822415,0.2211811302908489,0.11382714589737526,0.033961929534168836,0.7347079037800688,0.9446834665027658,0.10448678549477566,0.9769793874012714,0.8279233288383742
41f,45,iforest+msp:mean,0.3,0.6202083333333334,0.30104634665405533,0.34071293449988177,0.19786001418775123,0.14285292031213054,0.03966658784582644,0.6572410407461954,0.9483712354025814,0.1727105101413645,0.9785205162781737,0.747062223078405
41f,45,iforest+msp:max,0.005,0.9979166666666667,0.30104634665405533,0.3011941357294869,0.30033695909198393,0.0008571766375029558,0.0001477890754315441,0.9976435935198822,0.9416103257529195,0.009834050399508297,0.970525910229243,0.9665286072047775
41f,45,iforest+msp:max,0.01,0.9950020833333334,0.30104634665405533,0.302258217072594,0.29806100733033813,0.004197209742255853,0.0012118704185386617,0.9900834560628375,0.942839582052858,0.015980331899200985,0.9709111924484685,0.9602677711423617
41f,45,iforest+msp:max,0.02,0.9908333333333333,0.30104634665405533,0.3048593048001892,0.2941889335540317,0.010670371246157485,0.0038129581461338376,0.9772214040255278,0.9477566072526121,0.03872157344806392,0.9717780774417261,0.951550760932383
41f,45,iforest+msp:max,0.03,0.9864583333333333,0.30104634665405533,0.30746039252778434,0.29010995507212106,0.017350437455663278,0.006414045873729014,0.9636720667648503,0.9483712354025814,0.05162876459741856,0.9725968021575804,0.9440377576574841
41f,45,iforest+msp:max,0.05,0.9798020833333333,0.30104634665405533,0.3139631118467723,0.28298652163632065,0.030976590210451644,0.012916765192716954,0.9400098183603338,0.9502151198524893,0.07498463429625077,0.9738008090926604,0.9309863224812175
41f,45,iforest+msp:max,0.075,0.97,0.30104634665405533,0.3197860014187751,0.2713703003074013,0.048415701111373846,0.018739654764719792,0.9014236622484045,0.9520590043023971,0.10940381069452981,0.9745232132537084,0.9106145251396648
41f,45,iforest+msp:max,0.1,0.9573333333333335,0.30104634665405533,0.327145897375266,0.26321234334358007,0.06393355403168598,0.026099550721210688,0.8743249877270497,0.9545175169022742,0.13275968039336203,0.9763051435176267,0.8937102677711424
41f,45,iforest+msp:max,0.15,0.9341979166666666,0.30104634665405533,0.3401513360132419,0.24952707495861906,0.09062426105462285,0.03910498935918657,0.8288659793814434,0.9643515673017824,0.18623232944068838,0.9785205162781737,0.8547967636293585
41f,45,iforest+msp:max,0.2,0.9064583333333334,0.30104634665405533,0.3565854812012296,0.23371364388744384,0.12287183731378576,0.055539134547174275,0.7763377515954836,0.9698832206515058,0.22433927473878304,0.9813619726449624,0.8115488345212868
41f,45,iforest+msp:max,0.3,0.8502083333333333,0.30104634665405533,0.3922026483802317,0.20619531804209032,0.1860073303381414,0.0911563017261764,0.6849288168875798,0.9772587584511371,0.28703134603564845,0.986611442881911,0.740030822577538
41f,45,iforest+entropy:mean,0.005,0.9164583333333334,0.30104634665405533,0.3013123669898321,0.3005143059825018,0.0007980610073303381,0.0002660203357767794,0.9982326951399116,0.9409956976029502,0.0006146281499692685,0.9701406280100173,0.9671065305336158
41f,45,iforest+entropy:mean,0.01,0.9003135416666668,0.30104634665405533,0.3014305982501774,0.299479782454481,0.001950815795696382,0.00038425159612201466,0.9947962690230732,0.9409956976029502,0.0018438844499078057,0.970285108842227,0.9642650741668272
41f,45,iforest+entropy:mean,0.02,0.8711520833333332,0.30104634665405533,0.3023173327027666,0.29640576968550486,0.005911563017261764,0.0012709860487112794,0.984585174275896,0.9422249539028887,0.007375537799631223,0.9707185513388558,0.9587748025428626
41f,45,iforest+entropy:mean,0.03,0.8469791666666666,0.30104634665405533,0.30296760463466543,0.292592811539371,0.010374793095294396,0.0019212579806100734,0.9719194894452626,0.942839582052858,0.013521819299323909,0.9710556732806781,0.9514544403775765
41f,45,iforest+entropy:mean,0.05,0.8081354166666667,0.30104634665405533,0.30618940647907306,0.2808879167651927,0.02530148971388035,0.005143059825017735,0.9330387825233185,0.9434542102028273,0.03564843269821758,0.9715854363321133,0.9353689077249085
41f,45,iforest+entropy:mean,0.075,0.7735416666666667,0.30104634665405533,0.31307637739418304,0.2667888389690234,0.04628753842515961,0.01203003074012769,0.8862052037309769,0.9440688383527965,0.05531653349723417,0.9723560007705644,0.9156713542670005
41f,45,iforest+entropy:mean,0.1,0.7498020833333333,0.30104634665405533,0.31963821234334355,0.2562071411681249,0.06343107117521873,0.018591865689288247,0.8510554737358862,0.9440688383527965,0.06330669944683466,0.9730784049316124,0.8998266230013485
41f,45,iforest+entropy:mean,0.15,0.711265625,0.30104634665405533,0.32844644123906364,0.23814731615039017,0.09029912508867345,0.027400094585008278,0.79106529209622,0.9440688383527965,0.08727719729563614,0.9752456174147563,0.8658736274320941
41f,45,iforest+entropy:mean,0.2,0.6773125,0.30104634665405533,0.3339146370300307,0.22546701347836368,0.10844762355166707,0.032868290375975405,0.7489445262641139,0.9440688383527965,0.11800860479409957,0.9764496243498363,0.8285012521672125
41f,45,iforest+entropy:mean,0.3,0.6327083333333333,0.30104634665405533,0.33775715299125086,0.20533814140458737,0.13241901158666353,0.036710806337195555,0.6820814923907708,0.9459127228027043,0.20036877688998156,0.9772683490656906,0.7554902716239645
41f,45,iforest+entropy:max,0.005,0.9975020833333335,0.30104634665405533,0.30104634665405533,0.30080988413336485,0.00023646252069047056,0.0,0.9992145311732941,0.9409956976029502,0.017209588199139522,0.9701887882874205,0.9655172413793104
41f,45,iforest+entropy:max,0.01,0.9954166666666666,0.30104634665405533,0.30110546228422796,0.30033695909198393,0.0007685031922440293,5.911563017261764e-05,0.9976435935198822,0.9409956976029502,0.020282728948985862,0.9703814293970333,0.9611346561356193
41f,45,iforest+entropy:max,0.02,0.9910416666666667,0.30104634665405533,0.30181484984629936,0.2992728777488768,0.0025419720974225587,0.0007685031922440293,0.9941089837997054,0.9422249539028887,0.03073140749846343,0.9707667116162589,0.9522250048160278
41f,45,iforest+entropy:max,0.03,0.9870958333333332,0.30104634665405533,0.30317450934026957,0.2979132182549066,0.00526129108536297,0.002128162686214235,0.9895925380461462,0.942839582052858,0.0430239704978488,0.9711038335580813,0.9433153534964361
41f,45,iforest+entropy:max,0.05,0.9810416666666667,0.30104634665405533,0.3071648143769213,0.29445495388980847,0.012709860487112793,0.006118467722865926,0.9781050564555719,0.9434542102028273,0.05900430239704978,0.9715854363321133,0.9314679252552495
41f,45,iforest+entropy:max,0.075,0.9708333333333333,0.30104634665405533,0.3103275005911563,0.2875679829746985,0.02275951761645779,0.00928115393710097,0.9552282768777614,0.9440688383527965,0.08051628764597418,0.9721151993835484,0.9155750337121942
41f,45,iforest+entropy:max,0.1,0.959375,0.30104634665405533,0.31384488058642707,0.2842279498699456,0.029616930716481436,0.012798533932371719,0.94413352970054,0.9459127228027043,0.09711124769514444,0.9725486418801772,0.9019938354844924
41f,45,iforest+entropy:max,0.15,0.9402083333333333,0.30104634665405533,0.31996334830929296,0.2801194135729487,0.03984393473634429,0.018917001655237645,0.9304860088365242,0.9477566072526121,0.11370620774431468,0.973463687150838,0.8707859757272202
41f,45,iforest+entropy:max,0.2,0.9197916666666667,0.30104634665405533,0.3240718846062899,0.27624733979664223,0.04782454480964767,0.02302553795223457,0.9176239567992145,0.9477566072526121,0.12845728334357714,0.9740897707570796,0.8390001926411096
41f,45,iforest+entropy:max,0.3,0.8752083333333334,0.30104634665405533,0.344466777015843,0.26087727595176163,0.08358950106408135,0.04342043036178766,0.8665684830633283,0.956361401352182,0.2169637369391518,0.9766422654594491,0.7508668849932576
41f,45,iforest+margin:mean,0.005,0.9411510416666667,0.30104634665405533,0.30169661858595415,0.2996275715299125,0.0020690470560416176,0.000650271931898794,0.9952871870397643,0.9409956976029502,0.002458512599877074,0.9704777499518398,0.9672510113658255
41f,45,iforest+margin:mean,0.01,0.9068770833333334,0.30104634665405533,0.3029971624497517,0.29708559943248997,0.005911563017261764,0.001950815795696382,0.9868433971526755,0.9422249539028887,0.0043023970497848806,0.9711519938354845,0.9633018686187632
41f,45,iforest+margin:mean,0.02,0.8760416666666666,0.30104634665405533,0.3053322298415701,0.2924745802790258,0.012857649562544336,0.004285883187514779,0.9715267550319098,0.942839582052858,0.004917025199754148,0.9718743979965324,0.9583895203236371
41f,45,iforest+margin:mean,0.03,0.8544822916666667,0.30104634665405533,0.3073717190825254,0.28632655474107355,0.02104516434145188,0.006325372428470088,0.9511045655375553,0.9434542102028273,0.006146281499692686,0.9723560007705644,0.9528992486996725
41f,45,iforest+margin:mean,0.05,0.8113645833333333,0.30104634665405533,0.3144064790730669,0.27287774887680305,0.041528730196263894,0.013360132419011586,0.906431026018655,0.9434542102028273,0.01290719114935464,0.9733673665960316,0.9396070121363899
41f,45,iforest+margin:mean,0.075,0.7683802083333332,0.30104634665405533,0.32194372192007564,0.25647316150390165,0.06547056041617404,0.020897375266020337,0.8519391261659304,0.9434542102028273,0.028887523048555623,0.9743787324214987,0.9181756886919669
41f,45,iforest+margin:mean,0.1,0.7402291666666667,0.30104634665405533,0.32652518325845353,0.24801962638921732,0.07850555686923623,0.025478836604398203,0.823858615611193,0.9440688383527965,0.03810694529809465,0.9751011365825467,0.8996821421691389
41f,45,iforest+margin:mean,0.15,0.6960729166666666,0.30104634665405533,0.3324367462757153,0.22960510759044692,0.10283163868526839,0.031390399621659966,0.7626902307314679,0.9440688383527965,0.06760909649661954,0.9766904257368523,0.861009439414371
41f,45,iforest+margin:mean,0.2,0.6655208333333333,0.30104634665405533,0.33731378576495624,0.21405769685504847,0.12325608890990777,0.03626743911090092,0.7110456553755523,0.9446834665027658,0.0940381069452981,0.9775573107301098,0.8241668272009247
41f,45,iforest+margin:mean,0.3,0.61375,0.30104634665405533,0.3467427287774888,0.18922913218254905,0.15751359659493971,0.04569638212343344,0.6285714285714286,0.9483712354025814,0.15427166564228642,0.9788576382199962,0.7495665575033712
41f,45,iforest+margin:max,0.005,0.996875,0.30104634665405533,0.30240600614802554,0.29950934026956727,0.0028966658784582646,0.0013596594939702057,0.9948944526264114,0.942839582052858,0.0043023970497848806,0.9706222307840493,0.9669138894240031
41f,45,iforest+margin:max,0.01,0.994375,0.30104634665405533,0.30367699219673683,0.2977358713643887,0.005941120832348073,0.002630645542681485,0.9890034364261168,0.9434542102028273,0.009834050399508297,0.9710556732806781,0.9622905027932961
41f,45,iforest+margin:max,0.02,0.9889583333333334,0.30104634665405533,0.30689879404114445,0.2945436273350674,0.012355166706077086,0.0058524473870891465,0.9783996072655866,0.9446834665027658,0.022126613398893668,0.9724041610479677,0.9531882103640917
41f,45,iforest+margin:max,0.03,0.9847979166666666,0.30104634665405533,0.3114211397493497,0.29073066918893353,0.020690470560416174,0.010374793095294396,0.9657339224349533,0.9477566072526121,0.03380454824830977,0.9728376035445964,0.9462531304180312
41f,45,iforest+margin:max,0.05,0.97875,0.30104634665405533,0.3168006620950579,0.28242492314968076,0.034375738945377154,0.0157543154410026,0.9381443298969072,0.9496004917025199,0.04732636754763368,0.9738489693700636,0.934261221344635
41f,45,iforest+margin:max,0.075,0.9685729166666666,0.30104634665405533,0.3260522582170726,0.27125206904705607,0.054800189170016556,0.025005911563017263,0.9010309278350517,0.9539028887523049,0.06515058389674247,0.9751492968599499,0.9180312078597572
41f,45,iforest+margin:max,0.1,0.9558333333333333,0.30104634665405533,0.33477181366753367,0.2607590446914164,0.07401276897611729,0.033725467013478366,0.8661757486499755,0.9582052858020897,0.08481868469575907,0.9772683490656906,0.8992005393951069
41f,45,iforest+margin:max,0.15,0.93125,0.30104634665405533,0.3514719791912982,0.2416646961456609,0.10980728304563726,0.050425632537242845,0.8027491408934708,0.9649661954517517,0.13460356484326982,0.9810730109805432,0.8576863802735504
41f,45,iforest+margin:max,0.2,0.9035416666666667,0.30104634665405533,0.36808347126980373,0.22168361314731616,0.1463998581224876,0.0670371246157484,0.7363770250368189,0.9711124769514444,0.16963736939151813,0.9839144673473319,0.8187728761317665
41f,45,iforest+margin:max,0.3,0.8522916666666667,0.30104634665405533,0.40559233861432964,0.1846181130290849,0.22097422558524474,0.1045459919602743,0.6132547864506628,0.9846342962507683,0.2704363859864782,0.9897418609131189,0.743691003660181
41f,45,iforest+conformal:mean,0.005,0.9399052083333336,0.30104634665405533,0.30104634665405533,0.3008394419484512,0.00020690470560416174,0.0,0.9993127147766324,0.9409956976029502,0.006146281499692686,0.970044307455211,0.9638316316701985
41f,45,iforest+conformal:mean,0.01,0.916771875,0.30104634665405533,0.30104634665405533,0.3001891700165524,0.0008571766375029558,0.0,0.997152675503191,0.9409956976029502,0.006760909649661954,0.970044307455211,0.9584858408784435
41f,45,iforest+conformal:mean,0.02,0.8801104166666666,0.30104634665405533,0.30104634665405533,0.29850437455663276,0.0025419720974225587,0.0,0.9915562101129111,0.9409956976029502,0.011063306699446834,0.970044307455211,0.9491427470622231
41f,45,iforest+conformal:mean,0.03,0.8605208333333334,0.30104634665405533,0.30104634665405533,0.29667179002128163,0.004374556632773706,0.0,0.9854688267059402,0.9409956976029502,0.015980331899200985,0.970044307455211,0.9419668657291466
41f,45,iforest+conformal:mean,0.05,0.8214635416666668,0.30104634665405533,0.3010759044691416,0.2908784582643651,0.010197446204776544,2.955781508630882e-05,0.9662248404516446,0.9409956976029502,0.02581438229870928,0.9700924677326141,0.925014448083221
41f,45,iforest+conformal:mean,0.075,0.7897343749999999,0.30104634665405533,0.3012828091747458,0.2828387325608891,0.018444076613856705,0.00023646252069047056,0.9395189003436426,0.9409956976029502,0.041180086047940996,0.9701406280100173,0.9032460026969755
41f,45,iforest+conformal:mean,0.1,0.7663854166666668,0.30104634665405533,0.3015783873256089,0.2763951288720738,0.025183258453535116,0.0005320406715535588,0.9181148748159058,0.9409956976029502,0.05716041794714198,0.9702369485648238,0.8810922750915046
41f,45,iforest+conformal:mean,0.15,0.7246874999999999,0.30104634665405533,0.3032336249704422,0.25981319460865454,0.04342043036178766,0.002187278316386853,0.8630338733431517,0.9422249539028887,0.07990165949600492,0.9710556732806781,0.8357252937776921
41f,45,iforest+conformal:mean,0.2,0.6853125,0.30104634665405533,0.3069579096713171,0.2456254433672263,0.0613324663040908,0.005911563017261764,0.8159057437407953,0.9434542102028273,0.11616472034419176,0.9719707185513389,0.7905027932960894
41f,45,iforest+conformal:mean,0.3,0.6223958333333333,0.30104634665405533,0.3217072593993852,0.21763419248049184,0.10407306691889336,0.020660912745329864,0.7229258713794796,0.9434542102028273,0.1972956361401352,0.9751974571373531,0.6811789635908303
41f,45,iforest+conformal:max,0.005,0.996875,0.30104634665405533,0.30104634665405533,0.300632537242847,0.0004138094112083235,0.0,0.9986254295532646,0.9409956976029502,0.010448678549477565,0.970044307455211,0.9654209208245039
41f,45,iforest+conformal:max,0.01,0.9947916666666666,0.30104634665405533,0.30116457791440054,0.30010049657129345,0.0010640813431071175,0.00011823126034523528,0.9968581246931763,0.9409956976029502,0.01782421634910879,0.970044307455211,0.9578597572722019
41f,45,iforest+conformal:max,0.02,0.9902124999999999,0.30104634665405533,0.30181484984629936,0.29918420430361786,0.002630645542681485,0.0007685031922440293,0.9938144329896906,0.9409956976029502,0.03318992009834051,0.9701406280100173,0.9477460990175304
41f,45,iforest+conformal:max,0.03,0.9858333333333333,0.30104634665405533,0.30435682194372193,0.29779498699456136,0.006561834949160558,0.003310475289666588,0.9891998036327934,0.9409956976029502,0.03872157344806392,0.9701406280100173,0.9407628587940666
41f,45,iforest+conformal:max,0.05,0.9791875,0.30104634665405533,0.307519508157957,0.293834239772996,0.013685268384960984,0.006473161503901631,0.9760432007854689,0.9409956976029502,0.04978488014751076,0.9703814293970333,0.9246773261413985
41f,45,iforest+conformal:max,0.075,0.9672916666666667,0.30104634665405533,0.3103275005911563,0.2881000236462521,0.022227476944904234,0.00928115393710097,0.9569955817378498,0.9409956976029502,0.0743700061462815,0.9705740705066461,0.9046426507416683
41f,45,iforest+conformal:max,0.1,0.9547916666666667,0.30104634665405533,0.3142882478127217,0.2847895483565855,0.0294986994561362,0.013241901158666351,0.9459990181639667,0.9409956976029502,0.08727719729563614,0.9707667116162589,0.881959160084762
41f,45,iforest+conformal:max,0.15,0.92625,0.30104634665405533,0.3212934499881769,0.27991250886734453,0.04138094112083235,0.020247103334121542,0.9297987236131566,0.9409956976029502,0.12231100184388445,0.9712964746676941,0.831053746869582
41f,45,iforest+conformal:max,0.2,0.8983333333333333,0.30104634665405533,0.3294514069519981,0.2721388034996453,0.057312603452352805,0.028405060297942777,0.9039764359351988,0.9409956976029502,0.1684081130915796,0.9716335966095164,0.7637738393373146
41f,45,iforest+conformal:max,0.3,0.8389583333333334,0.30104634665405533,0.35401395128872076,0.2463052731142114,0.10770867817450934,0.052967604634665405,0.818163966617575,0.9422249539028887,0.2901044867854948,0.9742824118666924,0.6690425736852245
41f,46,msp,0.005,0.6219862103462219,0.2851442421376212,0.28736107826909435,0.2804149917238118,0.006946086545282572,0.0022168361314731616,0.9834145330154452,0.9102642901044868,0.03503380454824831,0.9696590252359854,0.9611346561356193
41f,46,msp,0.01,0.5871477127075195,0.2851442421376212,0.29141049893591864,0.27426696618585955,0.017143532750059115,0.00626625679829747,0.961853425935524,0.9145666871542717,0.05716041794714198,0.9710075130032749,0.9541514159121557
41f,46,msp,0.02,0.550937294960022,0.2851442421376212,0.29711515724757626,0.26569519981083,0.031419957436746276,0.011970915109955071,0.9317922670260186,0.9188690842040566,0.10079901659496004,0.9729339240994028,0.9404257368522443
41f,46,msp,0.03,0.5274072885513306,0.2851442421376212,0.3016670607708678,0.2593993851974462,0.04226767557342161,0.01652281863324663,0.9097128641028299,0.9207129686539643,0.1309157959434542,0.9741379310344828,0.9298786361009439
41f,46,msp,0.05,0.5064527988433838,0.2851442421376212,0.30947032395365337,0.2482856467249941,0.06118467722865926,0.024326081816032158,0.8707370166891262,0.9256299938537185,0.1702519975414874,0.975679059911385,0.9115295704103256
41f,46,msp,0.075,0.4844360053539276,0.2851442421376212,0.32593402695672735,0.23480728304563728,0.09112674391109009,0.040789784819106174,0.8234684357831451,0.9360786724031961,0.21819299323909036,0.979050279329609,0.8862935850510499
41f,46,msp,0.1,0.4790470600128174,0.2851442421376212,0.3284168834239773,0.23096476708441713,0.09745211633956018,0.04327264128635611,0.8099927438581943,0.9379225568531039,0.22864167178856792,0.9798690040454633,0.875120400693508
41f,46,msp,0.15,0.46238037943840027,0.2851442421376212,0.33707732324426576,0.22165405533222984,0.11542326791203594,0.051933081106644595,0.777340105732352,0.9477566072526121,0.2636754763368162,0.982469659025236,0.8324503949142747
41f,46,msp,0.2,0.4291765093803406,0.2851442421376212,0.35138330574603927,0.20114093166233152,0.15024237408370772,0.06623906360841807,0.7054006426868457,0.9575906576521205,0.3337430854333128,0.9865151223271046,0.7683490656906183
41f,46,msp,0.3,0.2979809045791626,0.2851442421376212,0.39385788602506505,0.12112792622369355,0.2727299598013715,0.10871364388744384,0.4247952731419094,0.9852489244007375,0.6238475722188076,0.9953284530918898,0.6532941629743787
41f,46,entropy,0.005,0.7886107880931005,0.2851442421376212,0.2852329155828801,0.2841983920548593,0.0010345235280208088,8.867344525892646e-05,0.996682906603089,0.9102642901044868,0.04671173939766441,0.9683586977460991,0.9614236178000385
41f,46,entropy,0.01,0.7779056468781835,0.2851442421376212,0.2852329155828801,0.28381414045873726,0.0014187751241428233,8.867344525892646e-05,0.9953353374105939,0.9102642901044868,0.051014136447449294,0.9685031785783086,0.9571373531111539
41f,46,entropy,0.02,0.7597113868761746,0.2851442421376212,0.2853511468432253,0.28289784819106173,0.002453298652163632,0.00020690470560416174,0.9921219031823365,0.9108789182544561,0.05900430239704978,0.9686958196879214,0.9481795415141592
41f,46,entropy,0.03,0.751332910612129,0.2851442421376212,0.28541026247339796,0.2824544809647671,0.002955781508630882,0.0002660203357767794,0.9905670156525346,0.9108789182544561,0.06699446834665028,0.9687439799653246,0.9424003082257754
41f,46,entropy,0.05,0.745766845894684,0.2851442421376212,0.28561716717900215,0.28209978718373135,0.0035173799952707497,0.0004729250413809411,0.9893231056286927,0.9108789182544561,0.0725261216963737,0.9688884607975342,0.9346465035638605
41f,46,entropy,0.075,0.7322343094679137,0.2851442421376212,0.2859127453298652,0.2813312839914873,0.004581461338377867,0.0007685031922440293,0.9866279672437026,0.9114935464044254,0.08297480024585126,0.9692737430167597,0.9216913889424003
41f,46,entropy,0.1,0.7157229570505298,0.2851442421376212,0.28641522818633247,0.27979427760699926,0.006620950579333176,0.0012709860487112794,0.9812376904737223,0.9133374308543332,0.0977258758451137,0.9697071855133885,0.8977075707956078
41f,46,entropy,0.15,0.6591898495238705,0.2851442421376212,0.29046464885315676,0.2684145187987704,0.02205013005438638,0.005320406715535588,0.9413289105421374,0.917639827904118,0.1782421634910879,0.9722115199383549,0.8267193219032941
41f,46,entropy,0.2,0.5499355837651503,0.2851442421376212,0.3187810357058406,0.2268266729723339,0.09195436273350674,0.033636793568219435,0.7954804602467088,0.9323909035033805,0.4320835894283958,0.9781833943363514,0.7639664804469274
41f,46,entropy,0.3,0.408059697833936,0.2851442421376212,0.3813844880586427,0.13753251359659494,0.24385197446204776,0.09624024592102152,0.4823261117445838,0.9883220651505839,0.7578365089121082,0.9926314775573107,0.6485262955114621
41f,46,margin,0.005,0.9876875877380371,0.2851442421376212,0.2887798533932372,0.27970560416174034,0.009074249231496807,0.003635611255615985,0.9809267129677619,0.9121081745543946,0.00921942224953903,0.9689366210749374,0.9622423425158929
41f,46,margin,0.01,0.9737797975540161,0.2851442421376212,0.2945140695199811,0.272966422322062,0.02154764719791913,0.009369827382359896,0.9572924225147715,0.9133374308543332,0.023355869698832205,0.9701406280100173,0.9568965517241379
41f,46,margin,0.02,0.9519888758659363,0.2851442421376212,0.30471151572475763,0.2650153700638449,0.03969614566091274,0.01956727358713644,0.9294081061469888,0.9213275968039336,0.04732636754763368,0.972500481602774,0.9498651512232711
41f,46,margin,0.03,0.9191741347312927,0.2851442421376212,0.31697800898557577,0.2526602033577678,0.06431780562780799,0.0318337668479546,0.8860785736498393,0.9287031346035648,0.08297480024585126,0.9766904257368523,0.936958196879214
41f,46,margin,0.05,0.8596540093421936,0.2851442421376212,0.33293922913218255,0.22966422322061952,0.10327500591156302,0.04779498699456136,0.8054317404374417,0.942839582052858,0.1505838967424708,0.9824214987478328,0.9107108456944712
41f,46,margin,0.075,0.7953840494155884,0.2851442421376212,0.35102861196500357,0.20646133837786712,0.14456727358713645,0.06588436982738236,0.7240592930444698,0.956361401352182,0.23417332513829134,0.9856963976112503,0.8830186861876325
41f,46,margin,0.1,0.7329539060592651,0.2851442421376212,0.3651276897611729,0.18104161740364152,0.18408607235753133,0.07998344762355167,0.6349124080024878,0.9643515673017824,0.3048555623847572,0.9883452128684261,0.8519553072625698
41f,46,margin,0.15,0.6627522706985474,0.2851442421376212,0.37715772050130053,0.15653818869709152,0.22061953180420904,0.09201347836367936,0.5489789571887633,0.9754148740012293,0.38721573448063923,0.9916682720092468,0.8040839915237912
41f,46,margin,0.2,0.6410239934921265,0.2851442421376212,0.3802908489004493,0.15050839441948452,0.22978245448096477,0.09514660676282809,0.5278324867834561,0.9778733866011063,0.4105716041794714,0.9921980350606819,0.7685898670776343
41f,46,margin,0.3,0.5340023636817932,0.2851442421376212,0.39391700165523763,0.11707850555686923,0.2768384960983684,0.10877275951761646,0.41059396703638434,0.986478180700676,0.5384142593730793,0.9957618955885186,0.6622038142939703
41f,46,conformal,0.005,0.996875,0.2851442421376212,0.2851442421376212,0.2851442421376212,0.0,0.0,1.0,0.9090350338045482,0.0,0.9678289346946638,0.9678289346946638
41f,46,conformal,0.01,0.996875,0.2851442421376212,0.2851442421376212,0.2851442421376212,0.0,0.0,1.0,0.9090350338045482,0.0,0.9678289346946638,0.9678289346946638
41f,46,conformal,0.02,0.996875,0.2851442421376212,0.2851442421376212,0.2851442421376212,0.0,0.0,1.0,0.9090350338045482,0.0,0.9678289346946638,0.9678289346946638
41f,46,conformal,0.03,0.8807212205270458,0.2851442421376212,0.28538070465831167,0.2842279498699456,0.001152754788366044,0.00023646252069047056,0.9967865657717424,0.9096496619545175,0.007990165949600492,0.9679252552494703,0.8279233288383742
41f,46,conformal,0.05,0.8432732316227461,0.2851442421376212,0.3254019862851738,0.275744856940175,0.049657129344998815,0.040257744147552614,0.9670363843681974,0.956361401352182,0.0878918254456054,0.9821325370834136,0.812560200346754
41f,46,conformal,0.075,0.8155339805825242,0.2851442421376212,0.3971683613147316,0.26900567510049656,0.12816268621423504,0.11202411917711043,0.9434020939152068,0.9987707437000615,0.18500307314074985,0.9979772683490656,0.7997977268349066
41f,46,conformal,0.1,0.7776039679511638,0.2851442421376212,0.4127748876803027,0.23867935682194372,0.17409553085835894,0.1276306455426815,0.8370477868767492,1.0,0.2876459741856177,0.9991331150067424,0.7622808707378155
41f,46,conformal,0.15,0.7457627118644068,0.2851442421376212,0.4826495625443367,0.21928943012532515,0.26336013241901157,0.19750532040671553,0.7690473722400747,1.0,0.36447449293177625,0.9996628780581777,0.722982084376806
41f,46,conformal,0.2,0.7087378640776699,0.2851442421376212,0.5352033577677938,0.19608654528257272,0.3391168124852211,0.25005911563017263,0.6876749248471028,1.0,0.43761524277811925,0.9999518397225968,0.6762666152957041
41f,46,conformal,0.3,0.6263365930230627,0.2851442421376212,0.5970678647434382,0.15169070702293685,0.4453771577205013,0.31192362260581696,0.5319788535295946,1.0,0.5820528580208973,1.0,0.5885185898670776
41f,46,iforest,0.005,0.6579319988016508,0.2851442421376212,0.2896074722156538,0.2848191061716718,0.004788366043982029,0.004463230078032632,0.9988597491448118,0.9090350338045482,0.003073140749846343,0.9679252552494703,0.9627721055673281
41f,46,iforest,0.01,0.6319726479917614,0.2851442421376212,0.291440056751005,0.284168834239773,0.00727122251123197,0.006295814613383779,0.9965792474344356,0.9090350338045482,0.006760909649661954,0.9679734155268734,0.9568965517241379
41f,46,iforest,0.02,0.6077000427149473,0.2851442421376212,0.2945140695199811,0.28171553558760937,0.012798533932371719,0.009369827382359896,0.9879755364361978,0.9090350338045482,0.010448678549477565,0.9680697360816798,0.9489982662300135
41f,46,iforest,0.03,0.5956667478823977,0.2851442421376212,0.29611019153464174,0.2783755024828565,0.017734689051785293,0.010965949397020572,0.976262050378356,0.9090350338045482,0.013521819299323909,0.9681660566364862,0.9426892698901945
41f,46,iforest,0.05,0.5509373327901317,0.2851442421376212,0.30400212816268624,0.27394183021991014,0.03006029794277607,0.018857886025065027,0.9607131750803358,0.9090350338045482,0.017209588199139522,0.9687921402427278,0.9197649778462724
41f,46,iforest,0.075,0.5203773574410655,0.2851442421376212,0.31993379049420667,0.26888744384015134,0.05104634665405533,0.03478954835658548,0.942987457240593,0.9090350338045482,0.02089735709895513,0.9699479869004045,0.888508957811597
41f,46,iforest,0.1,0.5003211254514559,0.2851442421376212,0.33636793568219436,0.259281153937101,0.0770867817450934,0.051223693544573186,0.9092982274282161,0.9102642901044868,0.041180086047940996,0.9700924677326141,0.8491620111731844
41f,46,iforest,0.15,0.4825445333126516,0.2851442421376212,0.3568810593520927,0.24547765429179474,0.11140340506029794,0.0717368172144715,0.8608893956670467,0.9108789182544561,0.06945298094652735,0.9707185513388558,0.7941629743787324
41f,46,iforest,0.2,0.4710751474328889,0.2851442421376212,0.3887739418302199,0.22650153700638448,0.16227240482383543,0.10362969969259872,0.7943402093915206,0.9108789182544561,0.09649661954517517,0.9724523213253708,0.7386823348102485
41f,46,iforest,0.3,0.4555957053963134,0.2851442421376212,0.4235930480018917,0.19558406242610546,0.22800898557578625,0.13844880586427052,0.6859127189799937,0.9139520590043024,0.1720958819913952,0.9745232132537084,0.6053746869581969
41f,46,iforest+msp:mean,0.005,0.9331100000000002,0.2851442421376212,0.2865039016315914,0.282158902813904,0.004344998817687396,0.0013596594939702057,0.9895304239659998,0.9090350338045482,0.003073140749846343,0.9685031785783086,0.9605085725293778
41f,46,iforest+msp:mean,0.01,0.9245,0.2851442421376212,0.2871541735634902,0.2807992433199338,0.006354930243556396,0.0020099314258689997,0.9847621022079402,0.9096496619545175,0.0036877688998156115,0.9686476594105182,0.9580042381044115
41f,46,iforest+msp:mean,0.02,0.8985000000000001,0.2851442421376212,0.2906124379285883,0.2734097895483566,0.017202648380231732,0.0054681957909671315,0.9588473100445735,0.9096496619545175,0.009834050399508297,0.969321903294163,0.9445193604315161
41f,46,iforest+msp:mean,0.03,0.887906,0.2851442421376212,0.2938637975880823,0.2702175455190352,0.023646252069047056,0.008719555450461101,0.9476521198299989,0.9096496619545175,0.014751075599262446,0.9697553457907917,0.9375842804854556
41f,46,iforest+msp:mean,0.05,0.8609,0.2851442421376212,0.3005143059825018,0.25809884133364863,0.04241546464885316,0.015370063844880587,0.9051518606820774,0.9108789182544561,0.02519975414874001,0.9708148718936621,0.9180793681371605
41f,46,iforest+msp:mean,0.075,0.8392999999999999,0.2851442421376212,0.30775597067864746,0.2423149680775597,0.06544100260108773,0.022611728541026246,0.8497978646211257,0.9121081745543946,0.04179471419791026,0.9720670391061452,0.8933249855519168
41f,46,iforest+msp:mean,0.1,0.82111,0.2851442421376212,0.31375620714116814,0.23016670607708678,0.08358950106408135,0.028611965003546937,0.8071939463045507,0.9127228027043639,0.057775046097111246,0.972982084376806,0.869533808514737
41f,46,iforest+msp:mean,0.15,0.7855449999999998,0.2851442421376212,0.3220915109955072,0.20986048711279262,0.1122310238827146,0.036947268857886024,0.7359800974396186,0.9139520590043024,0.10079901659496004,0.9746676940859179,0.8083220959352726
41f,46,iforest+msp:mean,0.2,0.7611,0.2851442421376212,0.33030858358950105,0.19410617167179003,0.13620241191771104,0.04516434145187988,0.6807297605473205,0.9157959434542102,0.1505838967424708,0.9758235407435947,0.7548160277403198
41f,46,iforest+msp:mean,0.3,0.723,0.2851442421376212,0.3405651454244502,0.18110073303381413,0.15946441239063608,0.05542090328682904,0.6351197263397947,0.9213275968039336,0.2685925015365704,0.9772201887882874,0.6508861491042188
41f,46,iforest+msp:max,0.005,0.9968,0.2851442421376212,0.2889276424686687,0.2824544809647671,0.006473161503901631,0.003783400331047529,0.9905670156525346,0.9096496619545175,0.02089735709895513,0.968840300520131,0.960315931419765
41f,46,iforest+msp:max,0.01,0.994402,0.2851442421376212,0.29149917238117756,0.2806514542445022,0.010847718136675337,0.006354930243556396,0.9842438063646729,0.9102642901044868,0.034419176398279044,0.9692737430167597,0.9564149489501059
41f,46,iforest+msp:max,0.02,0.9890039999999999,0.2851442421376212,0.2963466540553322,0.2761882241664696,0.020158429888862614,0.011202411917711043,0.9685912718979993,0.9127228027043639,0.05162876459741856,0.9704777499518398,0.9457715276439992
41f,46,iforest+msp:max,0.03,0.9830059999999999,0.2851442421376212,0.3016670607708678,0.268946559470324,0.03272050130054387,0.01652281863324663,0.9431947755779,0.9157959434542102,0.08113091579594345,0.9718262377191292,0.9334906569061838
41f,46,iforest+msp:max,0.05,0.975,0.2851442421376212,0.30816978008985574,0.2593993851974462,0.04877039489240955,0.02302553795223457,0.9097128641028299,0.9194837123540258,0.11862323294406883,0.9733673665960316,0.9153823926025814
41f,46,iforest+msp:max,0.075,0.964,0.2851442421376212,0.3169484511704895,0.24946795932844645,0.06748049184204304,0.03180420903286829,0.874883383435265,0.9219422249539029,0.1604179471419791,0.9748603351955307,0.894336351377384
41f,46,iforest+msp:max,0.1,0.9530200000000001,0.2851442421376212,0.33016079451406954,0.2373196973279735,0.092841097186096,0.04501655237644833,0.8322794651186897,0.9256299938537185,0.19299323909035035,0.9768349065690618,0.8667886727027547
41f,46,iforest+msp:max,0.15,0.9292,0.2851442421376212,0.3548711279262237,0.21846181130290848,0.1364093166233152,0.0697268857886025,0.7661449155177775,0.9379225568531039,0.2464658881376767,0.9814582931997688,0.8155942978231555
41f,46,iforest+msp:max,0.2,0.9166,0.2851442421376212,0.36947268857886023,0.21071766375029558,0.15875502482856468,0.08432844644123906,0.7389862133305691,0.9434542102028273,0.26920712968653965,0.9826623001348488,0.7752359853592756
41f,46,iforest+msp:max,0.3,0.878,0.2851442421376212,0.40831165760227006,0.1773468905178529,0.23096476708441713,0.12316741546464885,0.6219550119208044,0.9575906576521205,0.37676705593116167,0.9878636100943942,0.6526199190907339
41f,46,iforest+entropy:mean,0.005,0.9347,0.2851442421376212,0.2855876093639158,0.2838436982738236,0.0017439110900922205,0.0004433672262946323,0.9954389965792475,0.9090350338045482,0.002458512599877074,0.9681178963590831,0.9614236178000385
41f,46,iforest+entropy:mean,0.01,0.9212,0.2851442421376212,0.2858831875147789,0.28233624970442184,0.0035469378103570584,0.0007389453771577205,0.9901523789779205,0.9096496619545175,0.006146281499692686,0.9684068580235022,0.955692544789058
41f,46,iforest+entropy:mean,0.02,0.9092059999999998,0.2851442421376212,0.28671080633719553,0.2798533932371719,0.006857413100023646,0.0015665641995743676,0.9814450088110294,0.9102642901044868,0.012292562999385371,0.968599499133115,0.9456752070891928
41f,46,iforest+entropy:mean,0.03,0.895103,0.2851442421376212,0.2883364861669425,0.27568574131000234,0.012650744856940175,0.0031922440293213525,0.9668290660308904,0.9102642901044868,0.019053472649047325,0.968840300520131,0.9375361202080524
41f,46,iforest+entropy:mean,0.05,0.87472,0.2851442421376212,0.2917947505320407,0.2660498935918657,0.025744856940174983,0.006650508394419484,0.9330361770498601,0.9108789182544561,0.03564843269821758,0.9694182238489694,0.9196204970140628
41f,46,iforest+entropy:mean,0.075,0.8507,0.2851442421376212,0.2979132182549066,0.25381295814613386,0.04410026010877276,0.01276897611728541,0.8901212812273246,0.9121081745543946,0.06146281499692686,0.9703332691196301,0.8994413407821229
41f,46,iforest+entropy:mean,0.1,0.8285100000000001,0.2851442421376212,0.3053026720264838,0.24045282572712226,0.06484984629936155,0.020158429888862614,0.8432673369959574,0.9127228027043639,0.07928703134603565,0.9713927952225004,0.8730013484877673
41f,46,iforest+entropy:mean,0.15,0.8044449999999999,0.2851442421376212,0.3142882478127217,0.22463939465594704,0.08964885315677465,0.029144005675100497,0.7878096817663522,0.9133374308543332,0.10141364474492932,0.972982084376806,0.8298979002119052
41f,46,iforest+entropy:mean,0.2,0.77028,0.2851442421376212,0.3260818160321589,0.2027666114920785,0.1233152045400804,0.04093757389453771,0.7111018969627864,0.9145666871542717,0.16779348494161034,0.9745232132537084,0.7595357349258332
41f,46,iforest+entropy:mean,0.3,0.7263299999999999,0.2851442421376212,0.3352742965240009,0.18251950815795695,0.15275478836604398,0.05013005438637976,0.6400953664351612,0.9200983405039951,0.363859864781807,0.9765941051820458,0.6395684839144673
41f,46,iforest+entropy:max,0.005,0.9968020000000001,0.2851442421376212,0.28815913927642467,0.28405060297942775,0.004108536296996926,0.0030148971388035,0.9961646107598217,0.9096496619545175,0.04363859864781807,0.9683586977460991,0.9593527258717011
41f,46,iforest+entropy:max,0.01,0.9964,0.2851442421376212,0.2884547174272878,0.2839619295341688,0.004492787893118941,0.003310475289666588,0.9958536332538612,0.9102642901044868,0.04978488014751076,0.9684550183009054,0.9572336736659603
41f,46,iforest+entropy:max,0.02,0.9952039999999999,0.2851442421376212,0.28966658784582644,0.28322298415701114,0.0064436036888153225,0.004522345708205249,0.9932621540375247,0.9102642901044868,0.05531653349723417,0.968599499133115,0.9489982662300135
41f,46,iforest+entropy:max,0.03,0.9924,0.2851442421376212,0.29078978481910617,0.2822180184440766,0.008571766375029558,0.005645542681484985,0.9897377423033068,0.9108789182544561,0.06330669944683466,0.968840300520131,0.9390772490849547
41f,46,iforest+entropy:max,0.05,0.9888,0.2851442421376212,0.29274060061480256,0.2810948214707969,0.011645779144005676,0.007596358477181367,0.985798693894475,0.9108789182544561,0.0743700061462815,0.9688884607975342,0.9297823155461375
41f,46,iforest+entropy:max,0.075,0.9842,0.2851442421376212,0.2942776069992906,0.2791440056751005,0.015133601324190116,0.009133364861669425,0.9789571887633461,0.9108789182544561,0.0842040565457898,0.9693700635715662,0.9097476401464072
41f,46,iforest+entropy:max,0.1,0.97862,0.2851442421376212,0.2957850555686924,0.2771340742492315,0.018650981319460865,0.010640813431071176,0.9719083652949103,0.9114935464044254,0.09526736324523663,0.9695145444037757,0.8969370063571566
41f,46,iforest+entropy:max,0.15,0.9588,0.2851442421376212,0.3019330811066446,0.2702175455190352,0.03171553558760937,0.01678883896902341,0.9476521198299989,0.9139520590043024,0.11985248924400738,0.9704777499518398,0.8476690425736852
41f,46,iforest+entropy:max,0.2,0.9364,0.2851442421376212,0.3116576022700402,0.25786237881295815,0.053795223457082056,0.026513360132419013,0.9043225873328496,0.917639827904118,0.18623232944068838,0.9732710460412252,0.7824118666923522
41f,46,iforest+entropy:max,0.3,0.8792599999999999,0.2851442421376212,0.37819224402932133,0.19951525183258453,0.17867699219673683,0.09304800189170016,0.699699388410905,0.933620159803319,0.48862937922556854,0.9803024465420921,0.6438547486033519
41f,46,iforest+margin:mean,0.005,0.9393005,0.2851442421376212,0.28679947978245446,0.28263182785528496,0.004167651927169544,0.001655237644833294,0.9911889706644553,0.9090350338045482,0.0018438844499078057,0.9686476594105182,0.9618570602966673
41f,46,iforest+margin:mean,0.01,0.9164040000000001,0.2851442421376212,0.28875029557815085,0.27890754315441,0.009842752423740837,0.0036060534405296762,0.9781279154141184,0.9090350338045482,0.0043023970497848806,0.9691774224619534,0.9555480639568484
41f,46,iforest+margin:mean,0.02,0.8997219999999996,0.2851442421376212,0.2921198864979901,0.27338023173327025,0.018739654764719792,0.006975644360368882,0.95874365087592,0.9096496619545175,0.006146281499692686,0.9698998266230013,0.9485166634559815
41f,46,iforest+margin:mean,0.03,0.8795209999999998,0.2851442421376212,0.2963466540553322,0.26463111846772286,0.03171553558760937,0.011202411917711043,0.9280605369544936,0.9096496619545175,0.011677934849416103,0.9705740705066461,0.9360913118859565
41f,46,iforest+margin:mean,0.05,0.8565,0.2851442421376212,0.3016670607708678,0.25192125798061005,0.04974580279025775,0.01652281863324663,0.8834870944335026,0.9102642901044868,0.022741241548862937,0.9713927952225004,0.915045270660759
41f,46,iforest+margin:mean,0.075,0.8330074999999999,0.2851442421376212,0.3087609363915819,0.2378812958146134,0.07087964057696855,0.02361669425396075,0.8342489893231056,0.9114935464044254,0.041180086047940996,0.9725486418801772,0.8894240030822578
41f,46,iforest+margin:mean,0.1,0.81242,0.2851442421376212,0.3154114447860014,0.22224521163395602,0.0931662331520454,0.03026720264838023,0.7794132891054214,0.9133374308543332,0.05224339274738783,0.9737526488152571,0.8603833558081294
41f,46,iforest+margin:mean,0.15,0.7776000000000001,0.2851442421376212,0.3267025301489714,0.20013596594939703,0.12656656419957438,0.041558288011350204,0.7018762309526279,0.9139520590043024,0.10202827289489859,0.9752937776921595,0.8011462146021961
41f,46,iforest+margin:mean,0.2,0.7455,0.2851442421376212,0.33695909198392054,0.18757389453771578,0.14938519744620476,0.05181484984629936,0.6578210842749042,0.9182544560540873,0.1604179471419791,0.9763051435176267,0.7403197842419572
41f,46,iforest+margin:mean,0.3,0.6977,0.2851442421376212,0.35197446204776545,0.16413454717427287,0.18783991487349255,0.06683021991014425,0.5756193635327044,0.9250153657037492,0.33005531653349723,0.9800616451550761,0.6047486033519553
41f,46,iforest+margin:max,0.005,0.997001,0.2851442421376212,0.29019862851738,0.28159730432726415,0.008601324190115866,0.005054386379758808,0.987560899761584,0.9114935464044254,0.007990165949600492,0.9682623771912926,0.9605085725293778
41f,46,iforest+margin:max,0.01,0.9952,0.2851442421376212,0.29297706313549304,0.27991250886734453,0.013064554268148499,0.007832820997871838,0.9816523271483363,0.9114935464044254,0.010448678549477565,0.9689366210749374,0.9576189558851859
41f,46,iforest+margin:max,0.02,0.99,0.2851442421376212,0.3000118231260345,0.2734984629936155,0.026513360132419013,0.014867580988413337,0.9591582875505339,0.9133374308543332,0.027043638598647817,0.970044307455211,0.9467347331920631
41f,46,iforest+margin:max,0.03,0.9852,0.2851442421376212,0.3073717190825254,0.26956727358713645,0.03780444549538898,0.022227476944904234,0.9453716181196227,0.9145666871542717,0.03626306084818685,0.9707185513388558,0.9405220574070506
41f,46,iforest+margin:max,0.05,0.97482,0.2851442421376212,0.31928351856230786,0.25786237881295815,0.06142113974934973,0.034139276424686685,0.9043225873328496,0.9225568531038721,0.06330669944683466,0.9738489693700636,0.9243883644769794
41f,46,iforest+margin:max,0.075,0.96123,0.2851442421376212,0.33648616694253963,0.23767439110900923,0.09881177583353039,0.05134192480491842,0.8335233751425314,0.9342347879532883,0.1173939766441303,0.9791465998844153,0.8935657869389327
41f,46,iforest+margin:max,0.1,0.94642,0.2851442421376212,0.35144242137621184,0.22032395365334595,0.13111846772286592,0.06629817923859069,0.772675443142946,0.942839582052858,0.16656422864167178,0.9829994220766711,0.8637064149489501
41f,46,iforest+margin:max,0.15,0.91703,0.2851442421376212,0.38915819342634195,0.1886970915109955,0.2004611019153464,0.10401395128872074,0.6617601326837359,0.9575906576521205,0.2704363859864782,0.987333847042959,0.8015314968214217
41f,46,iforest+margin:max,0.2,0.88564,0.2851442421376212,0.41877512414282336,0.1568337668479546,0.2619413572948688,0.13363088200520218,0.550015548875298,0.9661954517516902,0.36263060848186845,0.9901271431323444,0.7328067809670584
41f,46,iforest+margin:max,0.3,0.8476,0.2851442421376212,0.4457022936864507,0.1283400331047529,0.3173622605816978,0.16055805154882952,0.45008811029335544,0.9784880147510756,0.46097111247695144,0.9929204392217299,0.6328260450780196
41f,46,iforest+conformal:mean,0.005,0.9436025,0.2851442421376212,0.29010995507212106,0.28390281390399624,0.006207141168124852,0.004965712934499882,0.9956463149165544,0.9096496619545175,0.001229256299938537,0.9698998266230013,0.9620015411288769
41f,46,iforest+conformal:mean,0.01,0.9250040000000002,0.2851442421376212,0.29321352565618347,0.28233624970442184,0.010877275951761646,0.008069283518562308,0.9901523789779205,0.9102642901044868,0.0043023970497848806,0.9702369485648238,0.9523213253708341
41f,46,iforest+conformal:mean,0.02,0.9003,0.2851442421376212,0.3081993379049421,0.27932135256561835,0.028877985339323717,0.023055095767320878,0.9795791437752669,0.9108789182544561,0.00921942224953903,0.9713446349450973,0.9440859179348873
41f,46,iforest+conformal:mean,0.03,0.8879,0.2851442421376212,0.32256443603688817,0.277754788366044,0.04480964767084417,0.037420193899266964,0.9740852078366332,0.9114935464044254,0.014751075599262446,0.9720670391061452,0.9397996532460027
41f,46,iforest+conformal:mean,0.05,0.8572,0.2851442421376212,0.3586840860723575,0.27234570820524945,0.08633837786710806,0.07353984393473634,0.9551155799730485,0.9127228027043639,0.028272894898586354,0.9731747254864188,0.9251107686380273
41f,46,iforest+conformal:mean,0.075,0.8280674999999998,0.2851442421376212,0.393473634428943,0.2634192480491842,0.1300543863797588,0.10832939229132182,0.9238105110397015,0.9139520590043024,0.044253226797787336,0.9741379310344828,0.9003082257753805
41f,46,iforest+conformal:mean,0.1,0.8027400000000001,0.2851442421376212,0.40934618113029086,0.2546701347836368,0.15467604634665405,0.12420193899266967,0.8931273971182752,0.9157959434542102,0.05654578979717271,0.9748603351955307,0.8643324985551917
41f,46,iforest+conformal:mean,0.15,0.7537,0.2851442421376212,0.44047056041617405,0.23477772523055096,0.2056928351856231,0.15532631827855284,0.8233647766144916,0.9213275968039336,0.11923786109403811,0.9772201887882874,0.7546715469081102
41f,46,iforest+conformal:mean,0.2,0.7152,0.2851442421376212,0.4636143296287538,0.2087372901395129,0.25487703948924095,0.17847008749113266,0.7320410490307868,0.9293177627535341,0.20651505838967424,0.9811211712579464,0.6611442881910999
41f,46,iforest+conformal:mean,0.3,0.6377599999999999,0.2851442421376212,0.5169070702293687,0.16803617876566565,0.348870891463703,0.23176282809174745,0.5893023737949622,0.9803318992009834,0.4658881376767056,0.9949431708726643,0.5496050857252938
41f,46,iforest+conformal:max,0.005,1.0,0.2851442421376212,0.2851442421376212,0.2851442421376212,0.0,0.0,1.0,0.9090350338045482,0.0,0.9678289346946638,0.9678289346946638
41f,46,iforest+conformal:max,0.01,1.0,0.2851442421376212,0.2851442421376212,0.2851442421376212,0.0,0.0,1.0,0.9090350338045482,0.0,0.9678289346946638,0.9678289346946638
41f,46,iforest+conformal:max,0.02,1.0,0.2851442421376212,0.2851442421376212,0.2851442421376212,0.0,0.0,1.0,0.9090350338045482,0.0,0.9678289346946638,0.9678289346946638
41f,46,iforest+conformal:max,0.03,0.999,0.2851442421376212,0.2851737999527075,0.28437573894537715,0.0007980610073303381,2.955781508630882e-05,0.9973048616150099,0.9090350338045482,0.006760909649661954,0.9678770949720671,0.8273454055095357
41f,46,iforest+conformal:max,0.05,0.98921,0.2851442421376212,0.3012236935445732,0.27725230550957675,0.023971388034996453,0.016079451406951998,0.9723230019695243,0.9225568531038721,0.044253226797787336,0.9743305721440956,0.8052879984588711
41f,46,iforest+conformal:max,0.075,0.9776,0.2851442421376212,0.3380231733270277,0.27083825963584773,0.06718491369117995,0.05287893118940648,0.9498289623717219,0.9575906576521205,0.1038721573448064,0.9831439029088808,0.790406472741283
41f,46,iforest+conformal:max,0.1,0.96602,0.2851442421376212,0.38082288957200283,0.26554741073539845,0.1152754788366044,0.09567864743438165,0.9312739711827511,0.9870928088506453,0.15365703749231716,0.9939799653246003,0.7782700828356771
41f,46,iforest+conformal:max,0.15,0.9294,0.2851442421376212,0.42601678883896904,0.24086663513833056,0.18515015370063845,0.14087254670134783,0.8447185653571058,1.0,0.25322679778733864,0.9987478327875169,0.7200924677326141
41f,46,iforest+conformal:max,0.2,0.8936,0.2851442421376212,0.46163395601797114,0.2108063371955545,0.25082761882241666,0.17648971388034995,0.7392971908365294,1.0,0.34480639213275965,0.9992294355615489,0.6487189366210749
41f,46,iforest+conformal:max,0.3,0.83546,0.2851442421376212,0.532543154410026,0.16921849136911798,0.363324663040908,0.24739891227240482,0.5934487405411009,1.0,0.46220036877688997,0.9999518397225968,0.5395395877480255
