pool,seed,score,target,threshold,alert_fpr_off,alert_fpr_on,confident_alert_fpr,review_rate_normal,normal_called_normal_but_reviewed,share_of_false_alerts_that_skip_review,zero_day_catch,zero_day_flagged,known_attack_alert_rate,known_attack_confident_detection
48f_t15,42,msp,0.005,0.6259528994560242,0.32998344762355164,0.3321707259399385,0.32501773468905176,0.007152991250886734,0.002187278316386853,0.9849516302400574,0.9846342962507683,0.022126613398893668,0.9811211712579464,0.9744750529763051
48f_t15,42,msp,0.01,0.6063172817230225,0.32998344762355164,0.3334712698037361,0.3212934499881769,0.012177819815559234,0.003487822180184441,0.9736653529201005,0.9858635525507068,0.03318992009834051,0.9816509343093817,0.9708148718936621
48f_t15,42,msp,0.02,0.5734007358551025,0.32998344762355164,0.3361019153464176,0.31307637739418304,0.02302553795223457,0.006118467722865926,0.9487638839125763,0.986478180700676,0.0645359557467732,0.9822770179156232,0.9612309766904258
48f_t15,42,msp,0.03,0.5487748384475708,0.32998344762355164,0.3395010640813431,0.3055391345471743,0.033961929534168836,0.00951761645779144,0.9259226083840919,0.9889366933005531,0.08543331284572833,0.982951261799268,0.951309959545367
48f_t15,42,msp,0.05,0.5151165723800659,0.32998344762355164,0.3437869472688579,0.29229723338850794,0.051489713880349966,0.013803499645306219,0.8857936223575781,0.9926244622003688,0.14812538414259374,0.9839626276247351,0.9310344827586207
48f_t15,42,msp,0.075,0.4884967803955078,0.32998344762355164,0.356910617167179,0.2737940411444786,0.08311657602270041,0.026927169543627335,0.8297205302758868,0.9938537185003073,0.20651505838967424,0.9867077634367174,0.9069061837796186
48f_t15,42,msp,0.1,0.46514448523521423,0.32998344762355164,0.3699160558051549,0.25475880822889574,0.11515724757625917,0.03993260818160321,0.7720351128627733,0.9944683466502766,0.2519975414874001,0.9893565786938933,0.8728568676555577
48f_t15,42,msp,0.15,0.442082941532135,0.32998344762355164,0.3780740127689761,0.2298711279262237,0.14820288484275243,0.04809056514542445,0.696614116804013,0.9956976029502151,0.297480024585126,0.9906569061837797,0.8345212868426122
48f_t15,42,msp,0.2,0.4190816581249237,0.32998344762355164,0.38448805864270513,0.20935800425632536,0.17513005438637977,0.054504611019153465,0.6344500179147259,0.9969268592501537,0.3484941610325753,0.9920535542284723,0.7751396648044693
48f_t15,42,msp,0.3,0.32640594244003296,0.32998344762355164,0.4019862851738,0.14799598013714826,0.2539903050366517,0.07200283755024829,0.44849516302400577,1.0,0.5494775660725261,0.9966287805817762,0.6692833750722404
48f_t15,42,entropy,0.005,0.8076610730544511,0.32998344762355164,0.3303381414045874,0.328771577205013,0.0015665641995743676,0.00035469378103570584,0.9963274811895378,0.9821757836508912,0.011677934849416103,0.9803987670968984,0.9764977846272395
48f_t15,42,entropy,0.01,0.7661994283654552,0.32998344762355164,0.3309292977063136,0.32628872073776305,0.004640576968550485,0.0009458500827618822,0.9888032963095665,0.9834050399508297,0.03564843269821758,0.9806877287613177,0.9657580427663264
48f_t15,42,entropy,0.02,0.7371430835508336,0.32998344762355164,0.33193426341924803,0.32220974225585247,0.009724521163395602,0.001950815795696382,0.976442135435328,0.9858635525507068,0.07068223724646588,0.9809766904257369,0.9564149489501059
48f_t15,42,entropy,0.03,0.7203580199342353,0.32998344762355164,0.332791440056751,0.31928351856230786,0.013507921494443131,0.002807992433199338,0.9675743461125045,0.9858635525507068,0.10325752919483712,0.9811211712579464,0.9491427470622231
48f_t15,42,entropy,0.05,0.701719314388309,0.32998344762355164,0.3335303854339087,0.3142882478127217,0.019242137621187042,0.0035469378103570584,0.9524364027230384,0.986478180700676,0.1309157959434542,0.9815546137545752,0.9126854170680023
48f_t15,42,entropy,0.075,0.6996193391659494,0.32998344762355164,0.3337668479545992,0.31384488058642707,0.019921967368172144,0.003783400331047529,0.9510927982801864,0.9870928088506453,0.13398893669330056,0.9816509343093817,0.9017048738200732
48f_t15,42,entropy,0.1,0.6810044919849249,0.32998344762355164,0.3351265074485694,0.3090269567273587,0.026099550721210688,0.005143059825017735,0.936492296667861,0.9883220651505839,0.17455439459127228,0.9820843768060104,0.8642843382777885
48f_t15,42,entropy,0.15,0.6146429589804405,0.32998344762355164,0.34473279735161977,0.2785824071884606,0.06615039016315914,0.0147493497280681,0.8442314582586886,0.9901659496004918,0.3208358942839582,0.9841552687343479,0.7970044307455211
48f_t15,42,entropy,0.2,0.5431618706241785,0.32998344762355164,0.35572830456372667,0.23279735161976828,0.12293095294395838,0.025744856940174983,0.7054819061268364,0.9975414874001229,0.49969268592501537,0.9865632826045078,0.7484588711230977
48f_t15,42,entropy,0.3,0.431801156082293,0.32998344762355164,0.38020217545519036,0.15494206668243082,0.2252601087727595,0.050218727831638686,0.4695449659620208,1.0,0.7480024585125998,0.9901753034097477,0.6530052013099595
48f_t15,42,margin,0.005,0.9858340620994568,0.32998344762355164,0.334032868290376,0.32362851737999526,0.010404350910380705,0.004049420666824308,0.9807416696524544,0.9821757836508912,0.009834050399508297,0.9811693315353497,0.9748603351955307
48f_t15,42,margin,0.01,0.9746913313865662,0.32998344762355164,0.3396488531567747,0.3201111373847245,0.01953771577205013,0.009665405533222983,0.9700824077391617,0.984019668100799,0.019053472649047325,0.9821325370834136,0.9704295896744365
48f_t15,42,margin,0.02,0.9563354849815369,0.32998344762355164,0.34564908961929536,0.3125443367226295,0.03310475289666588,0.015665641995743676,0.9471515585811539,0.9877074370006146,0.03872157344806392,0.9831920631862839,0.963012906954344
48f_t15,42,margin,0.03,0.9359105825424194,0.32998344762355164,0.35164932608181604,0.30550957673208795,0.04613974934972807,0.021665878458264363,0.9258330347545682,0.9883220651505839,0.049170251997541485,0.9852147948372183,0.9546330186861877
48f_t15,42,margin,0.05,0.9010804891586304,0.32998344762355164,0.3618172144715063,0.286178765665642,0.07563844880586428,0.0318337668479546,0.8672518810462201,0.9920098340503996,0.08666256914566688,0.987815449816991,0.9403775765748411
48f_t15,42,margin,0.075,0.8513479828834534,0.32998344762355164,0.3716895247103334,0.2623847245211634,0.10930480018917002,0.04170607708678174,0.7951451092798281,0.9932390903503381,0.12231100184388445,0.9893565786938933,0.91942785590445
48f_t15,42,margin,0.1,0.8036577105522156,0.32998344762355164,0.3777488768030267,0.2402754788366044,0.13747339796642233,0.04776542917947505,0.7281440343962738,0.9950829748002459,0.17455439459127228,0.990994028125602,0.8961182816413023
48f_t15,42,margin,0.15,0.7036130428314209,0.32998344762355164,0.39223220619531807,0.2007566800662095,0.19147552612910854,0.06224875857176637,0.6083840917233967,0.9963122311001844,0.2980946527350953,0.9938354844923907,0.8457907917549605
48f_t15,42,margin,0.2,0.6332557201385498,0.32998344762355164,0.3978481910617167,0.17179002128162688,0.22605816978008986,0.06786474343816505,0.5206019347903977,0.9975414874001229,0.3896742470805163,0.9955210942015026,0.7872760547100751
48f_t15,42,margin,0.3,0.5733458995819092,0.32998344762355164,0.4015429179475053,0.13824190115866636,0.263301016788839,0.07155947032395366,0.41893586528126125,1.0,0.4757221880762139,0.996821421691389,0.6865247543825852
48f_t15,42,conformal,0.005,0.796852014010508,0.32998344762355164,0.3302199101442421,0.3244561362024119,0.0057637739418302195,0.00023646252069047056,0.9832497312791115,0.9803318992009834,0.0215119852489244,0.9802061259872857,0.9733673665960316
48f_t15,42,conformal,0.01,0.7897793263646922,0.32998344762355164,0.331165760227004,0.32144123906360844,0.009724521163395602,0.0011823126034523528,0.9741132210677178,0.9809465273509527,0.03810694529809465,0.9804469273743017,0.9691774224619534
48f_t15,42,conformal,0.02,0.7621951219512195,0.32998344762355164,0.3358358950106408,0.31009103807046584,0.025744856940174983,0.0058524473870891465,0.939716947330706,0.9834050399508297,0.07006760909649662,0.9820843768060104,0.9596416875361202
48f_t15,42,conformal,0.03,0.7421922183507547,0.32998344762355164,0.33902813903996215,0.3003074012768976,0.038720737763064554,0.009044691416410499,0.9100680759584379,0.9889366933005531,0.09526736324523663,0.9826141398574456,0.9502504334424966
48f_t15,42,conformal,0.05,0.7258064516129032,0.32998344762355164,0.34304800189170015,0.2823953653345945,0.0606526365571057,0.013064554268148499,0.8557864564672162,0.9920098340503996,0.1272280270436386,0.9836736659603159,0.9319013677518783
48f_t15,42,conformal,0.075,0.7096774193548387,0.32998344762355164,0.35472333885079216,0.26081816032158905,0.09390517852920312,0.024739891227240483,0.7903977069150844,0.9938537185003073,0.18070067609096496,0.9861298401078791,0.9022827971489116
48f_t15,42,conformal,0.1,0.6896551724137931,0.32998344762355164,0.3696500354693781,0.24645306218964294,0.12319697327973517,0.03966658784582644,0.7468649229666787,0.9944683466502766,0.20835894283958206,0.9891157773068773,0.8833558081294548
48f_t15,42,conformal,0.15,0.6598915989159891,0.32998344762355164,0.4031094821470797,0.22372310238827145,0.17938637975880822,0.07312603452352802,0.6779828018631315,0.9993853718500307,0.29194837123540257,0.9967251011365825,0.8376998651512233
48f_t15,42,conformal,0.2,0.6359447004608295,0.32998344762355164,0.5248876803026721,0.19481555923386143,0.3300721210688106,0.19490423267912035,0.5903797921891796,0.9993853718500307,0.39397664413030115,0.9995665575033712,0.7954633018686188
48f_t15,42,conformal,0.3,0.5560420315236427,0.32998344762355164,0.6140340506029794,0.15464648853156773,0.4593875620714117,0.28405060297942775,0.46864922966678607,0.9993853718500307,0.5623847572218807,0.9995665575033712,0.7143613947216336
48f_t15,42,iforest,0.005,0.7436016365186409,0.32998344762355164,0.32998344762355164,0.32856467249940885,0.0014187751241428233,0.0,0.9957004657828736,0.9803318992009834,0.0,0.9801098054324793,0.9730302446542092
48f_t15,42,iforest,0.01,0.724342635673099,0.32998344762355164,0.3310475289666588,0.3268207614093166,0.004226767557342161,0.0010640813431071175,0.9904156216409888,0.9803318992009834,0.0,0.9802542862646889,0.9638797919476016
48f_t15,42,iforest,0.02,0.7060218756725067,0.32998344762355164,0.3314908961929534,0.3197860014187751,0.011704894774178293,0.00150744856940175,0.9690970978144035,0.9803318992009834,0.0006146281499692685,0.9803024465420921,0.9531400500866885
48f_t15,42,iforest,0.03,0.682241217119033,0.32998344762355164,0.3397375266020336,0.31810120595885555,0.021636320643178057,0.009754078978481911,0.9639914009315659,0.9803318992009834,0.0043023970497848806,0.9808322095935272,0.9437006357156618
48f_t15,42,iforest,0.05,0.6458739540598557,0.32998344762355164,0.3435504847481674,0.3116871600851265,0.031863324663040905,0.013567037124615749,0.9445539233249731,0.9803318992009834,0.016594960049170254,0.981506453477172,0.9227990753226739
48f_t15,42,iforest,0.075,0.6259646448676011,0.32998344762355164,0.3466540553322298,0.30213998581224877,0.04451406951998108,0.016670607708678176,0.915621640988893,0.9803318992009834,0.023355869698832205,0.9816509343093817,0.906761702947409
48f_t15,42,iforest,0.1,0.5991359546123395,0.32998344762355164,0.35014187751241427,0.2968786947268858,0.053263182785528496,0.020158429888862614,0.8996775349337155,0.9803318992009834,0.02950215119852489,0.981747254864188,0.8767578501252167
48f_t15,42,iforest,0.15,0.5571690758103433,0.32998344762355164,0.3752364625206905,0.28000118231260346,0.09523528020808701,0.0452530148971388,0.8485309924758152,0.9803318992009834,0.06699446834665028,0.9821806973608168,0.8196879214024273
48f_t15,42,iforest,0.2,0.5216337895029189,0.32998344762355164,0.4517025301489714,0.2636557105698747,0.18804681957909672,0.12171908252541973,0.7989967753493372,0.9803318992009834,0.20405654578979718,0.9826623001348488,0.7681564245810056
48f_t15,42,iforest,0.3,0.5022196053237638,0.32998344762355164,0.47664932608181604,0.24775360605344052,0.2288957200283755,0.14666587845826437,0.7508061626657112,0.9803318992009834,0.3712354025814382,0.9828067809670584,0.6399056058562897
48f_t15,42,iforest+msp:mean,0.005,0.9365920454545454,0.32998344762355164,0.33166824308347126,0.32652518325845353,0.005143059825017735,0.0016847954599196028,0.9895198853457543,0.9803318992009834,0.001229256299938537,0.9805432479291081,0.9754864188017723
48f_t15,42,iforest+msp:mean,0.01,0.9248886363636364,0.32998344762355164,0.3322002837550248,0.3249881768739655,0.0072121068810593525,0.0022168361314731616,0.9848620566105339,0.9803318992009834,0.0018438844499078057,0.9808322095935272,0.9715854363321133
48f_t15,42,iforest+msp:mean,0.02,0.8887568181818181,0.32998344762355164,0.3336781745093403,0.320731851501537,0.012946323007803262,0.0036947268857886024,0.9719634539591545,0.9803318992009834,0.019668100799016593,0.9813138123675592,0.9613754575226353
48f_t15,42,iforest+msp:mean,0.03,0.8464011363636361,0.32998344762355164,0.33521518089382835,0.31458382596358475,0.020631354930243557,0.005231733270276661,0.9533321390182731,0.9803318992009834,0.05531653349723417,0.981506453477172,0.951069158158351
48f_t15,42,iforest+msp:mean,0.05,0.813409090909091,0.32998344762355164,0.3361905887916765,0.30858358950106407,0.027606999290612437,0.006207141168124852,0.935148692225009,0.9803318992009834,0.09649661954517517,0.9818435754189944,0.9276632633403968
48f_t15,42,iforest+msp:mean,0.075,0.7943181818181818,0.32998344762355164,0.3379049420666824,0.303499645306219,0.034405296760463465,0.007921494443130764,0.9197420279469726,0.9803318992009834,0.12292562999385372,0.9823251781930263,0.901175110768638
48f_t15,42,iforest+msp:mean,0.1,0.7857954545454546,0.32998344762355164,0.33888034996453065,0.2952530148971388,0.04362733506739182,0.008896902340978955,0.8947509853099248,0.9803318992009834,0.1333743085433313,0.9823251781930263,0.875361202080524
48f_t15,42,iforest+msp:mean,0.15,0.7682954545454546,0.32998344762355164,0.341215417356349,0.2846713170962403,0.056544100260108775,0.011231969732797352,0.8626836259405233,0.9803318992009834,0.17086662569145666,0.9826141398574456,0.8144866114428819
48f_t15,42,iforest+msp:mean,0.2,0.7353409090909091,0.32998344762355164,0.3454717427287775,0.25360605344052967,0.09186568928824781,0.015488295105225822,0.768541741311358,0.9803318992009834,0.2329440688383528,0.9837218262377191,0.785301483336544
48f_t15,42,iforest+msp:mean,0.3,0.6409431818181818,0.32998344762355164,0.36681248522109244,0.18884488058642704,0.1779676046346654,0.03682903759754079,0.5722859190254389,0.9834050399508297,0.4560540872771973,0.988297052591023,0.6491042188403006
48f_t15,42,iforest+msp:max,0.005,0.9968204545454546,0.32998344762355164,0.33098841333648615,0.3276779380468196,0.003310475289666588,0.0010049657129344999,0.9930132568971697,0.9821757836508912,0.011677934849416103,0.9806395684839144,0.9731265652090156
48f_t15,42,iforest+msp:max,0.01,0.9936409090909092,0.32998344762355164,0.3326436509813195,0.32259399385197446,0.010049657129344998,0.002660203357767794,0.977606592619133,0.9852489244007375,0.02519975414874001,0.9813619726449624,0.9671065305336158
48f_t15,42,iforest+msp:max,0.02,0.9868363636363632,0.32998344762355164,0.3351560652636557,0.31620950579333174,0.018946559470323955,0.005172617640104044,0.9582586886420638,0.9858635525507068,0.04363859864781807,0.9820843768060104,0.9577152764399923
48f_t15,42,iforest+msp:max,0.03,0.9791045454545454,0.32998344762355164,0.33630882005202173,0.31124379285883186,0.02506502719318988,0.006325372428470088,0.9432103188821211,0.986478180700676,0.06146281499692686,0.9823251781930263,0.9427374301675978
48f_t15,42,iforest+msp:max,0.05,0.9684204545454546,0.32998344762355164,0.3417179002128163,0.2965240009458501,0.04519389926696619,0.011734452589264602,0.898602651379434,0.9870928088506453,0.08297480024585126,0.9830957426314776,0.9237622808707379
48f_t15,42,iforest+msp:max,0.075,0.9572727272727273,0.32998344762355164,0.3527429652400095,0.2858240718846063,0.06691889335540317,0.02275951761645779,0.8661769974919384,0.9913952059004303,0.12231100184388445,0.9842034290117511,0.9008379888268156
48f_t15,42,iforest+msp:max,0.1,0.9447727272727273,0.32998344762355164,0.3574426578387326,0.2747694490423268,0.08267320879640577,0.027459210215180895,0.8326764600501614,0.9932390903503381,0.1702519975414874,0.9851184742824118,0.876565209015604
48f_t15,42,iforest+msp:max,0.15,0.9140909090909091,0.32998344762355164,0.3732560889099078,0.2476353747930953,0.1256207141168125,0.04327264128635611,0.7504478681476174,0.9938537185003073,0.2292562999385372,0.9876709689847814,0.8312463879791948
48f_t15,42,iforest+msp:max,0.2,0.8870454545454546,0.32998344762355164,0.38726649326081813,0.22298415701111374,0.16428233624970442,0.057283045637266494,0.6757434611250448,0.9944683466502766,0.281499692685925,0.990030822577538,0.7683490656906183
48f_t15,42,iforest+msp:max,0.3,0.8388636363636364,0.32998344762355164,0.43656892882478127,0.18071648143769212,0.2558524473870891,0.1065854812012296,0.5476531709064851,0.9956976029502151,0.37676705593116167,0.9916682720092468,0.6801194374879599
48f_t15,42,iforest+entropy:mean,0.005,0.9213636363636364,0.32998344762355164,0.33030858358950105,0.3265547410735398,0.0037538425159612202,0.000325135965949397,0.9896094589752777,0.9803318992009834,0.001229256299938537,0.9803506068194953,0.9739934502022731
48f_t15,42,iforest+entropy:mean,0.01,0.8994375000000001,0.32998344762355164,0.3310179711515725,0.32424923149680773,0.00676873965476472,0.0010345235280208088,0.9826227158724472,0.9803318992009834,0.00921942224953903,0.9803506068194953,0.9696108649585822
48f_t15,42,iforest+entropy:mean,0.02,0.8709090909090909,0.32998344762355164,0.3327323244265784,0.32028848427524237,0.012443840151336013,0.00274887680302672,0.9706198495163024,0.9803318992009834,0.044253226797787336,0.9809285301483337,0.9598824889231362
48f_t15,42,iforest+entropy:mean,0.03,0.864090909090909,0.32998344762355164,0.33296878694726884,0.31884015133601323,0.014128635611255616,0.0029853393237171907,0.9662307416696525,0.9803318992009834,0.054087277197295634,0.9809766904257369,0.9489501059526103
48f_t15,42,iforest+entropy:mean,0.05,0.8496704545454545,0.32998344762355164,0.33397375266020335,0.3149976353747931,0.018976117285410262,0.003990305036651691,0.9545861698316016,0.9803318992009834,0.06760909649661954,0.9811693315353497,0.9204873820073204
48f_t15,42,iforest+entropy:mean,0.075,0.845,0.32998344762355164,0.33429888862615276,0.31354930243556395,0.02074958619058879,0.0043154410026010875,0.9501970619849517,0.9803318992009834,0.07498463429625077,0.9813619726449624,0.9000674243883645
48f_t15,42,iforest+entropy:mean,0.1,0.83375,0.32998344762355164,0.3345944667770158,0.31009103807046584,0.02450342870655001,0.004611019153464176,0.939716947330706,0.9803318992009834,0.08727719729563614,0.9814582931997688,0.8685224426892699
48f_t15,42,iforest+entropy:mean,0.15,0.7654715909090908,0.32998344762355164,0.33787538425159613,0.28869117994797827,0.049184204303617876,0.007891936628044455,0.874865639555715,0.9803318992009834,0.2667486170866626,0.9823733384704296,0.8015314968214217
48f_t15,42,iforest+entropy:mean,0.2,0.7160227272727273,0.32998344762355164,0.3409198392054859,0.26058169780089857,0.08033814140458738,0.010936391581934263,0.7896811178788966,0.9803318992009834,0.3337430854333128,0.9830957426314776,0.7615103062993643
48f_t15,42,iforest+entropy:mean,0.3,0.6313636363636363,0.32998344762355164,0.3572357531331284,0.18964294159375739,0.167592811539371,0.027252305509576732,0.5747044070225726,0.9827904118008605,0.5076828518746158,0.985648237333847,0.6444808322095935
48f_t15,42,iforest+entropy:max,0.005,0.9981818181818182,0.32998344762355164,0.33030858358950105,0.32891936628044455,0.0013892173090565146,0.000325135965949397,0.9967753493371552,0.9821757836508912,0.011063306699446834,0.9803024465420921,0.9753419379695627
48f_t15,42,iforest+entropy:max,0.01,0.9936363636363637,0.32998344762355164,0.33051548829510524,0.32664341451879875,0.0038720737763064555,0.0005320406715535588,0.9898781798638481,0.9827904118008605,0.01843884449907806,0.9806877287613177,0.9672028510884223
48f_t15,42,iforest+entropy:max,0.02,0.9879545454545454,0.32998344762355164,0.3318455899739891,0.32247576259162924,0.009369827382359896,0.0018621423504374558,0.9772482981010392,0.9846342962507683,0.04732636754763368,0.9808803698709304,0.9523213253708341
48f_t15,42,iforest+entropy:max,0.03,0.9840909090909091,0.32998344762355164,0.3326436509813195,0.3197860014187751,0.012857649562544336,0.002660203357767794,0.9690970978144035,0.9858635525507068,0.0626920712968654,0.9810730109805432,0.9411963012906954
48f_t15,42,iforest+entropy:max,0.05,0.9743181818181819,0.32998344762355164,0.3343580042563254,0.310682194372192,0.023675809884133366,0.004374556632773706,0.9415084199211753,0.9858635525507068,0.10940381069452981,0.9814582931997688,0.9241475630899634
48f_t15,42,iforest+entropy:max,0.075,0.961590909090909,0.32998344762355164,0.3431366753369591,0.3029380468195791,0.04019862851737999,0.013153227713407425,0.9180401289860266,0.986478180700676,0.1309157959434542,0.98222885763822,0.8823926025813909
48f_t15,42,iforest+entropy:max,0.1,0.9572727272727273,0.32998344762355164,0.3445554504611019,0.30113502009931425,0.04342043036178766,0.014572002837550248,0.912576137585095,0.986478180700676,0.13583282114320835,0.9824214987478328,0.8730013484877673
48f_t15,42,iforest+entropy:max,0.15,0.9277954545454544,0.32998344762355164,0.34904823835422083,0.2895779144005675,0.05947032395365335,0.01906479073066919,0.8775528484414189,0.9870928088506453,0.16656422864167178,0.9830957426314776,0.8131862839529955
48f_t15,42,iforest+entropy:max,0.2,0.8975,0.32998344762355164,0.35510759044691415,0.2774296524000946,0.07767793804681958,0.0251241428233625,0.8407380867072735,0.9883220651505839,0.20282728948985865,0.9835291851281064,0.7500963205548064
48f_t15,42,iforest+entropy:max,0.3,0.8281818181818181,0.32998344762355164,0.4052080870182076,0.22901395128872074,0.1761941357294869,0.07522463939465594,0.6940164815478324,0.9901659496004918,0.40626920712968656,0.9856000770564438,0.635330379502986
48f_t15,42,iforest+margin:mean,0.005,0.9322727272727273,0.32998344762355164,0.33166824308347126,0.3269094348545756,0.00475880822889572,0.0016847954599196028,0.9906843425295595,0.9803318992009834,0.0006146281499692685,0.9808322095935272,0.9751492968599499
48f_t15,42,iforest+margin:mean,0.01,0.9180693181818183,0.32998344762355164,0.33234807283045636,0.32549065973043273,0.006857413100023646,0.0023646252069047056,0.9863848083124329,0.9803318992009834,0.001229256299938537,0.9809285301483337,0.9719225582739357
48f_t15,42,iforest+margin:mean,0.02,0.8910250000000001,0.32998344762355164,0.3340919839205486,0.3210274296524001,0.013064554268148499,0.004108536296996926,0.9728591902543893,0.9803318992009834,0.004917025199754148,0.9811693315353497,0.9646021961086496
48f_t15,42,iforest+margin:mean,0.03,0.8666011363636363,0.32998344762355164,0.3354812012296051,0.31685977772523055,0.018621423504374558,0.00549775360605344,0.9602293084915802,0.9803318992009834,0.016594960049170254,0.9817954151415912,0.955451743402042
48f_t15,42,iforest+margin:mean,0.05,0.8279772727272727,0.32998344762355164,0.33684086072357533,0.30550957673208795,0.03133128399148735,0.006857413100023646,0.9258330347545682,0.9803318992009834,0.05900430239704978,0.981988056251204,0.9403775765748411
48f_t15,42,iforest+margin:mean,0.075,0.78625,0.32998344762355164,0.34177701584298886,0.28780444549538897,0.053972570347599905,0.01179356821943722,0.8721784306700108,0.9803318992009834,0.13214505224339274,0.9827586206896551,0.9185609709111925
48f_t15,42,iforest+margin:mean,0.1,0.7703409090909091,0.32998344762355164,0.34340269567273585,0.2722570347599905,0.07114566091274532,0.013419248049184204,0.8250627015406664,0.9803318992009834,0.14751075599262448,0.982951261799268,0.8988634174532846
48f_t15,42,iforest+margin:mean,0.15,0.7446590909090909,0.32998344762355164,0.34659493970205724,0.24624615748403877,0.10034878221801845,0.016611492078505558,0.7462379075600144,0.9803318992009834,0.1757836508912108,0.9836736659603159,0.8589385474860335
48f_t15,42,iforest+margin:mean,0.2,0.724,0.32998344762355164,0.3490777961693072,0.23551667060770867,0.11356112556159849,0.019094348545755497,0.7137226800429954,0.9803318992009834,0.2077443146896128,0.9843479098439607,0.789443267193219
48f_t15,42,iforest+margin:mean,0.3,0.6485227272727273,0.32998344762355164,0.3674331993379049,0.19318987940411445,0.1742433199337905,0.037449751714353274,0.5854532425653888,0.9809465273509527,0.4087277197295636,0.9891639375842805,0.6532941629743787
48f_t15,42,iforest+margin:max,0.005,0.9965920454545455,0.32998344762355164,0.33234807283045636,0.3266729723338851,0.005675100496571293,0.0023646252069047056,0.9899677534933716,0.9815611555009219,0.0036877688998156115,0.9805432479291081,0.9740416104796764
48f_t15,42,iforest+margin:max,0.01,0.9922750000000001,0.32998344762355164,0.3339146370300307,0.3225348782218018,0.011379758808228896,0.003931189406479073,0.977427445360086,0.9821757836508912,0.00921942224953903,0.9811693315353497,0.9673954921980351
48f_t15,42,iforest+margin:max,0.02,0.9831863636363635,0.32998344762355164,0.3387325608890991,0.31813076377394184,0.020601797115157246,0.008749113265547412,0.9640809745610893,0.9834050399508297,0.015980331899200985,0.9817954151415912,0.954247736466962
48f_t15,42,iforest+margin:max,0.03,0.9765909090909091,0.32998344762355164,0.34328446441239063,0.31148025537952234,0.03180420903286829,0.013301016788838969,0.9439269079183089,0.9852489244007375,0.028887523048555623,0.9827586206896551,0.946204970140628
48f_t15,42,iforest+margin:max,0.05,0.9665909090909091,0.32998344762355164,0.35395483565854813,0.2989772995980137,0.054977536060534404,0.023971388034996453,0.9060372626298818,0.9877074370006146,0.04732636754763368,0.9843960701213639,0.928674629165864
48f_t15,42,iforest+margin:max,0.075,0.9495454545454546,0.32998344762355164,0.36542326791203594,0.28529203121305274,0.08013123669898321,0.035439820288484275,0.864564672160516,0.9895513214505224,0.0725261216963737,0.986852244268927,0.9043536890772491
48f_t15,42,iforest+margin:max,0.1,0.9375,0.32998344762355164,0.37346299361551194,0.2724048238354221,0.10105816978008986,0.04347954599196027,0.8255105696882838,0.990780577750461,0.09895513214505225,0.988537853978039,0.8842226931227124
48f_t15,42,iforest+margin:max,0.15,0.9084090909090909,0.32998344762355164,0.38791676519271695,0.23841333648616694,0.14950342870655,0.05793331756916529,0.7225008957362953,0.9932390903503381,0.14013521819299324,0.9901271431323444,0.8426603737237527
48f_t15,42,iforest+margin:max,0.2,0.8859090909090909,0.32998344762355164,0.39572002837550246,0.20921021518089383,0.18650981319460866,0.06573658075195081,0.6340021497671087,0.9950829748002459,0.20467117393976644,0.9917645925640531,0.7893951069158158
48f_t15,42,iforest+margin:max,0.3,0.8234090909090909,0.32998344762355164,0.45288484275242374,0.15050839441948452,0.30237644833293925,0.12290139512887208,0.4561089215335006,0.9969268592501537,0.41979102642901045,0.994654209208245,0.6789635908302832
48f_t15,42,iforest+conformal:mean,0.005,0.9323863636363636,0.32998344762355164,0.3311066445968314,0.32664341451879875,0.004463230078032632,0.0011231969732797352,0.9898781798638481,0.9803318992009834,0.0,0.9803506068194953,0.9752456174147563
48f_t15,42,iforest+conformal:mean,0.01,0.918204545454546,0.32998344762355164,0.33222984157011115,0.3256680066209506,0.006561834949160558,0.0022463939465594703,0.9869222500895737,0.9803318992009834,0.003073140749846343,0.9807840493161241,0.9731265652090156
48f_t15,42,iforest+conformal:mean,0.02,0.8804568181818181,0.32998344762355164,0.33595412627098603,0.3208205249467959,0.015133601324190116,0.005970678647434381,0.9722321748477248,0.9803318992009834,0.015365703749231715,0.9819398959738008,0.9631092275091504
48f_t15,42,iforest+conformal:mean,0.03,0.8629545454545454,0.32998344762355164,0.3385256561834949,0.31629817923859066,0.022227476944904234,0.008542208559943249,0.9585274095306342,0.9803318992009834,0.024585125998770743,0.9821325370834136,0.9571373531111539
48f_t15,42,iforest+conformal:mean,0.05,0.8151136363636364,0.32998344762355164,0.42282454480964765,0.30754906597304327,0.1152754788366044,0.092841097186096,0.9320136151916876,0.9803318992009834,0.07006760909649662,0.9826141398574456,0.9373434790984396
48f_t15,42,iforest+conformal:mean,0.075,0.7804715909090909,0.32998344762355164,0.4426282809174746,0.2908489004492788,0.15177938046819578,0.11264483329392291,0.881404514510928,0.9803318992009834,0.13829133374308544,0.9826623001348488,0.9156231939895974
48f_t15,42,iforest+conformal:mean,0.1,0.7494318181818183,0.32998344762355164,0.45114093166233155,0.2772227476944904,0.1739181839678411,0.12115748403877985,0.8401110713006091,0.9803318992009834,0.1757836508912108,0.9832402234636871,0.8798401078790213
48f_t15,42,iforest+conformal:mean,0.15,0.7156818181818182,0.32998344762355164,0.4688460628990305,0.2463348309292977,0.2225112319697328,0.13886261527547883,0.7465066284485847,0.9803318992009834,0.215119852489244,0.9843479098439607,0.8336544018493547
48f_t15,42,iforest+conformal:mean,0.2,0.6823181818181817,0.32998344762355164,0.48746748640340504,0.22239300070938756,0.2650744856940175,0.1574840387798534,0.6739519885345755,0.9803318992009834,0.30055316533497234,0.986611442881911,0.7790406472741283
48f_t15,42,iforest+conformal:mean,0.3,0.6206818181818181,0.32998344762355164,0.5267793804681958,0.18334712698037361,0.3434322534878222,0.1967959328446441,0.5556252239340739,0.9858635525507068,0.46404425322679776,0.9942207667116163,0.6683201695241765
48f_t15,42,iforest+conformal:max,0.005,0.9961363636363636,0.32998344762355164,0.330013005438638,0.32785528493733745,0.0021577205013005437,2.955781508630882e-05,0.9935506986743105,0.9803318992009834,0.010448678549477565,0.9800616451550761,0.9726449624349837
48f_t15,42,iforest+conformal:max,0.01,0.9927295454545455,0.32998344762355164,0.3302199101442421,0.32315559233861435,0.007064317805627808,0.00023646252069047056,0.9793084915800789,0.9803318992009834,0.020282728948985862,0.9802061259872857,0.9662396455403583
48f_t15,42,iforest+conformal:max,0.02,0.9877272727272727,0.32998344762355164,0.33296878694726884,0.3173918183967841,0.015576968550484748,0.0029853393237171907,0.9618416338230026,0.9809465273509527,0.04179471419791026,0.9809285301483337,0.9566075900597187
48f_t15,42,iforest+conformal:max,0.03,0.980488636363636,0.32998344762355164,0.3355107590446914,0.31009103807046584,0.025419720974225585,0.005527311421139749,0.939716947330706,0.9827904118008605,0.059618930547019056,0.9819398959738008,0.942303987670969
48f_t15,42,iforest+conformal:max,0.05,0.9675,0.32998344762355164,0.34230905651454246,0.2919129817923859,0.050396074722156535,0.012325608890990778,0.8846291651737729,0.9877074370006146,0.08973570989551322,0.982710460412252,0.9237141205933346
48f_t15,42,iforest+conformal:max,0.075,0.9540909090909091,0.32998344762355164,0.3514719791912982,0.28174509340269566,0.0697268857886025,0.02148853156774651,0.8538158366176998,0.9901659496004918,0.12292562999385372,0.9838181467925255,0.9017048738200732
48f_t15,42,iforest+conformal:max,0.1,0.9402272727272727,0.32998344762355164,0.3559647670844171,0.2663750295578151,0.08958973752660203,0.025981319460865453,0.8072375492654964,0.9913952059004303,0.14013521819299324,0.9850703140050087,0.8784434598343287
48f_t15,42,iforest+conformal:max,0.15,0.9106818181818181,0.32998344762355164,0.37047765429179474,0.23516197682667297,0.13531567746512177,0.040494206668243084,0.7126477964887138,0.9938537185003073,0.2015980331899201,0.986852244268927,0.8256116355230206
48f_t15,42,iforest+conformal:max,0.2,0.8802272727272727,0.32998344762355164,0.38836013241901157,0.2144715062662568,0.1738886261527548,0.05837668479545992,0.6499462558222859,0.9944683466502766,0.24400737553779964,0.9899345020227317,0.7690714698516663
48f_t15,42,iforest+conformal:max,0.3,0.8286363636363636,0.32998344762355164,0.46964412390636084,0.16714944431307638,0.30249467959328447,0.13966067628280918,0.5065388749552132,0.9993853718500307,0.39643515673017826,0.9996628780581777,0.6696204970140628
48f_t15,43,msp,0.005,0.6298581957817078,0.3316978008985576,0.3333530385433909,0.3269094348545756,0.0064436036888153225,0.001655237644833294,0.985564070575655,0.9379225568531039,0.03872157344806392,0.9779907532267386,0.9692255827393566
48f_t15,43,msp,0.01,0.5944275259971619,0.3316978008985576,0.3358063371955545,0.3201111373847245,0.015695199810829983,0.004108536296996926,0.9650686152201033,0.9440688383527965,0.06883835279655809,0.9788576382199962,0.9620015411288769
48f_t15,43,msp,0.02,0.5520048141479492,0.3316978008985576,0.34127453298652166,0.30757862378812956,0.033695909198392056,0.009576732087964057,0.9272856888255212,0.9514443761524278,0.12292562999385372,0.9806395684839144,0.9427374301675978
48f_t15,43,msp,0.03,0.5206852555274963,0.3316978008985576,0.3470974225585245,0.2915582880113502,0.055539134547174275,0.015399621659966896,0.8789877027267866,0.9612784265519361,0.18131530424093423,0.9826141398574456,0.9236178000385282
48f_t15,43,msp,0.05,0.49010950326919556,0.3316978008985576,0.3615511941357295,0.2734393473634429,0.08811184677228659,0.02985339323717191,0.8243628586704687,0.9692685925015365,0.2526121696373694,0.9859371989982663,0.9020901560392988
48f_t15,43,msp,0.075,0.471462607383728,0.3316978008985576,0.3667238117758335,0.26152754788366045,0.1051962638921731,0.03502601087727595,0.7884512564605239,0.9729563614013522,0.29071911493546404,0.9880080909266037,0.8428530148333654
48f_t15,43,msp,0.1,0.46238118410110474,0.3316978008985576,0.3710983684086072,0.2560889099077796,0.11500945850082762,0.03940056751004966,0.7720548921760826,0.97480024585126,0.31346035648432696,0.9889231361972645,0.8096224234251589
48f_t15,43,msp,0.15,0.40111419558525085,0.3316978008985576,0.3881827855284937,0.20690470560416174,0.18127807992433198,0.056484984629936154,0.6237747282124398,0.9889366933005531,0.4757221880762139,0.9934983625505683,0.7291947601618185
48f_t15,43,msp,0.2,0.328581303358078,0.3316978008985576,0.4010995507212107,0.15059706786474344,0.25050248285646726,0.06940174982265311,0.4540188914631973,0.9981561155500922,0.6392132759680393,0.9967732614139857,0.6662011173184358
48f_t15,43,msp,0.3,0.1899866759777069,0.3316978008985576,0.41315913927642467,0.04528257271222511,0.3678765665641996,0.0814613383778671,0.1365175548030654,1.0,0.9053472649047326,0.9999036794451936,0.5356386052783664
48f_t15,43,entropy,0.005,0.7848453972066863,0.3316978008985576,0.33255497753606056,0.3281508630882005,0.0044041144478600145,0.0008571766375029558,0.9893067189449295,0.9379225568531039,0.04794099569760295,0.9773646696204971,0.9672510113658255
48f_t15,43,entropy,0.01,0.7499599395544431,0.3316978008985576,0.3339146370300307,0.324367462757153,0.009547174272877748,0.0022168361314731616,0.9779005524861878,0.9403810694529809,0.08113091579594345,0.9778944326719322,0.9554035831246388
48f_t15,43,entropy,0.02,0.7468297606678839,0.3316978008985576,0.3340919839205486,0.32383542208559946,0.010256561834949161,0.0023941830219910143,0.9762965603279273,0.9409956976029502,0.08358942839582052,0.9778944326719322,0.9546330186861877
48f_t15,43,entropy,0.03,0.7367473726758799,0.3316978008985576,0.3344762355166706,0.3217663750295578,0.012709860487112793,0.0027784346181130293,0.9700588130458028,0.942839582052858,0.09157959434542103,0.9781352340589482,0.9327200924677326
48f_t15,43,entropy,0.05,0.7197650870061709,0.3316978008985576,0.33521518089382835,0.3177465121778198,0.017468668716008513,0.0035173799952707497,0.9579397611833896,0.9452980946527351,0.11800860479409957,0.978568676555577,0.8962627624735119
48f_t15,43,entropy,0.075,0.6860977472484547,0.3316978008985576,0.33698864979900683,0.3099432489950343,0.02704540080397257,0.005290848900449278,0.9344145428622348,0.9520590043023971,0.1800860479409957,0.9794355615488345,0.8390483529185128
48f_t15,43,entropy,0.1,0.6220562406347473,0.3316978008985576,0.34502837550248283,0.28538070465831167,0.0596476708441712,0.013330574603925277,0.8603635715558724,0.9557467732022127,0.32022126613398894,0.98222885763822,0.7934405702176844
48f_t15,43,entropy,0.15,0.4981537854457202,0.3316978008985576,0.376241428233625,0.2187869472688579,0.15745448096476708,0.04454362733506739,0.6595972197469256,0.9821757836508912,0.677320221266134,0.9888749759198613,0.7114236178000385
48f_t15,43,entropy,0.2,0.42275624103767057,0.3316978008985576,0.4002423740837077,0.15780917474580278,0.24243319933790494,0.06854457318515016,0.4757618962751737,0.9981561155500922,0.8457283343577136,0.9950876517048738,0.6409169716817569
48f_t15,43,entropy,0.3,0.3267578251967506,0.3316978008985576,0.41404587372901397,0.04844525892646016,0.3656006148025538,0.08234807283045638,0.14605239707716983,1.0,0.9354640442532268,0.9998555191677904,0.5339529955692545
48f_t15,43,margin,0.005,0.9839634299278259,0.3316978008985576,0.33648616694253963,0.3256384488058643,0.010847718136675337,0.004788366043982029,0.9817323115309213,0.9385371850030731,0.02089735709895513,0.9781833943363514,0.9701887882874205
48f_t15,43,margin,0.01,0.966583788394928,0.3316978008985576,0.34026956727358715,0.3204067155355876,0.019862851737999527,0.008571766375029558,0.9659597219746924,0.9477566072526121,0.04671173939766441,0.9797245232132538,0.9631573877865537
48f_t15,43,margin,0.02,0.9337348937988281,0.3316978008985576,0.3511172854102625,0.30468195790967134,0.04643532750059116,0.019419484511704894,0.9185528426305472,0.9545175169022742,0.0860479409956976,0.9825659795800423,0.9503949142747062
48f_t15,43,margin,0.03,0.8997399806976318,0.3316978008985576,0.3574426578387326,0.29002128162686214,0.06742137621187042,0.025744856940174983,0.8743539476029227,0.9643515673017824,0.1309157959434542,0.984925833172799,0.9339722596802158
48f_t15,43,margin,0.05,0.8446053266525269,0.3316978008985576,0.37139394655947033,0.26522227476944904,0.10617167179002128,0.03969614566091274,0.7995900908928889,0.9729563614013522,0.19913952059004303,0.9890194567520709,0.9085436332113273
48f_t15,43,margin,0.075,0.7672926187515259,0.3316978008985576,0.3823894537715772,0.2272700401986285,0.1551194135729487,0.050691652873019626,0.6851719836036356,0.9852489244007375,0.30854333128457284,0.9925351570025044,0.8713638990560586
48f_t15,43,margin,0.1,0.7028517723083496,0.3316978008985576,0.3896902340978955,0.2017912035942303,0.18789903050366516,0.0579924331993379,0.6083585813580467,0.990780577750461,0.40196681007990165,0.994895010595261,0.8379888268156425
48f_t15,43,margin,0.15,0.6564510464668274,0.3316978008985576,0.3940352329155829,0.17885433908725468,0.21518089382832822,0.0623374320170253,0.5392086972019248,0.9938537185003073,0.4585125998770744,0.995617414756309,0.7674821806973608
48f_t15,43,margin,0.2,0.59373939037323,0.3316978008985576,0.3994147552612911,0.1463998581224876,0.2530148971388035,0.0677169543627335,0.4413651755480307,0.9987707437000615,0.5599262446220037,0.9966287805817762,0.6743402041995762
48f_t15,43,margin,0.3,0.336369127035141,0.3316978008985576,0.4120950579333176,0.04436628044454954,0.36772877748876803,0.08039725703475999,0.13375512386383887,1.0,0.8733866011063307,0.9999036794451936,0.5355904450009632
48f_t15,43,conformal,0.005,0.8799313893653516,0.3316978008985576,0.3438756207141168,0.33098841333648615,0.012887207377630645,0.012177819815559234,0.9978613437889858,0.9532882606023356,0.022741241548862937,0.9814582931997688,0.9761125024080138
48f_t15,43,conformal,0.01,0.8713550600343053,0.3316978008985576,0.3570879640576969,0.33063371955545046,0.026454244502246396,0.025390163159139275,0.9967920156834787,0.9686539643515673,0.03933620159803319,0.9852147948372183,0.9756308996339819
48f_t15,43,conformal,0.02,0.8550600343053173,0.3316978008985576,0.44703239536533457,0.3296583116576023,0.11737408370773232,0.11533459446677702,0.9938513633933345,0.9735709895513215,0.04978488014751076,0.9891157773068773,0.9740416104796764
48f_t15,43,conformal,0.03,0.8499142367066895,0.3316978008985576,0.4695554504611019,0.3293331756916529,0.14022227476944904,0.13785764956254434,0.9928711459632863,0.9754148740012293,0.05224339274738783,0.9895010595261029,0.9735600077056444
48f_t15,43,conformal,0.05,0.8344768439108061,0.3316978008985576,0.48870891463703003,0.3269981082998345,0.16171080633719556,0.15701111373847246,0.9858314026020317,0.9883220651505839,0.07068223724646588,0.9925351570025044,0.9686958196879214
48f_t15,43,conformal,0.075,0.8135522699153614,0.3316978008985576,0.5205426814849846,0.321973279735162,0.19856940174982265,0.18884488058642704,0.9706825877740153,0.9963122311001844,0.11247695144437615,0.9948468503178578,0.9600269697553457
48f_t15,43,conformal,0.1,0.7924528301886793,0.3316978008985576,0.5377453298652164,0.3050070938756207,0.23273823598959564,0.2060475289666588,0.9195330600605951,1.0,0.18684695759065764,0.9982180697360816,0.9384511654787132
48f_t15,43,conformal,0.15,0.7656903765690377,0.3316978008985576,0.5615689288247813,0.276513360132419,0.28505556869236226,0.2298711279262237,0.8336303689181963,1.0,0.297480024585126,0.9992294355615489,0.90045270660759
48f_t15,43,conformal,0.2,0.741852487135506,0.3316978008985576,0.5897670844171199,0.25041380941120833,0.33935327500591156,0.2580692835185623,0.75494564248797,1.0,0.3927473878303626,0.9997110383355808,0.8613465613561934
48f_t15,43,conformal,0.3,0.6650342801175319,0.3316978008985576,0.6449219673681722,0.18118940647907306,0.4637325608890991,0.31322416646961454,0.5462484405631794,1.0,0.6072526121696373,1.0,0.7527932960893855
48f_t15,43,iforest,0.005,0.7267145676865506,0.3316978008985576,0.3332052494679593,0.3291262709860487,0.004078978481910617,0.00150744856940175,0.9922473712350738,0.9342347879532883,0.0,0.9769793874012714,0.9646021961086496
48f_t15,43,iforest,0.01,0.7099137039534881,0.3316978008985576,0.33497871837313786,0.32900803972570347,0.005970678647434381,0.003280917474580279,0.9918909285332382,0.9342347879532883,0.0036877688998156115,0.9769793874012714,0.9601232903101522
48f_t15,43,iforest,0.02,0.7003081399561237,0.3316978008985576,0.3405355876093639,0.32891936628044455,0.011616221328919367,0.008837786710806338,0.9916235965068615,0.9342347879532883,0.0043023970497848806,0.9769793874012714,0.9568965517241379
48f_t15,43,iforest,0.03,0.6564145748537014,0.3316978008985576,0.34337313785764956,0.32052494679593285,0.02284819106171672,0.011675336959091984,0.9663161646765281,0.9342347879532883,0.013521819299323909,0.9774128298979002,0.9361394721633597
48f_t15,43,iforest,0.05,0.6199070667970854,0.3316978008985576,0.3508512650744857,0.31526365571056986,0.03558760936391582,0.019153464175928114,0.9504544644448404,0.9342347879532883,0.02089735709895513,0.9781352340589482,0.910421884030052
48f_t15,43,iforest,0.075,0.5776319921592296,0.3316978008985576,0.35534405296760463,0.30249467959328447,0.05284937337432017,0.023646252069047056,0.911958652646587,0.9342347879532883,0.024585125998770743,0.9798690040454633,0.8658736274320941
48f_t15,43,iforest,0.1,0.5460248310479656,0.3316978008985576,0.3636497990068574,0.29161740364152283,0.0720323953653346,0.03195199810829984,0.8791659240777044,0.9348494161032576,0.04240934234787953,0.9800134848776729,0.8239260258139087
48f_t15,43,iforest,0.15,0.5089211459495605,0.3316978008985576,0.42276542917947507,0.2725230550957673,0.15024237408370772,0.09106762828091748,0.8216004277312421,0.9348494161032576,0.1272280270436386,0.9803987670968984,0.7705644384511655
48f_t15,43,iforest,0.2,0.4842181522584956,0.3316978008985576,0.4993201702530149,0.2644242137621187,0.2348959564908962,0.16762236935445732,0.7971841026554981,0.9348494161032576,0.22802704363859866,0.9808803698709304,0.700587555384319
48f_t15,43,iforest,0.3,0.45799005145273525,0.3316978008985576,0.5308879167651928,0.23533932371719082,0.2955485930480019,0.19919011586663513,0.7094991980039208,0.9354640442532268,0.42593730792870316,0.98222885763822,0.47924292043922173
48f_t15,43,iforest+msp:mean,0.005,0.9368828125000002,0.3316978008985576,0.33326436509813195,0.3282986521636321,0.004965712934499882,0.0015665641995743676,0.9897522723222242,0.9342347879532883,0.003073140749846343,0.9769793874012714,0.9714409554999037
48f_t15,43,iforest+msp:mean,0.01,0.9084760416666675,0.3316978008985576,0.33441711988649797,0.32353984393473634,0.010877275951761646,0.0027193189879404114,0.975405453573338,0.9348494161032576,0.009834050399508297,0.9777981121171258,0.9620978616836833
48f_t15,43,iforest+msp:mean,0.02,0.8620999999999995,0.3316978008985576,0.3384665405533223,0.31674154646488534,0.021724994088436984,0.00676873965476472,0.9549099982177864,0.9354640442532268,0.03933620159803319,0.9788576382199962,0.9480350606819495
48f_t15,43,iforest+msp:mean,0.03,0.8388541666666667,0.3316978008985576,0.34118585954126274,0.31109600378340035,0.03008985575786238,0.009488058642705131,0.9378898592051328,0.9354640442532268,0.07006760909649662,0.9798208437680601,0.9377287613176651
48f_t15,43,iforest+msp:mean,0.05,0.8086458333333333,0.3316978008985576,0.342841097186096,0.3041794750532041,0.03866162213289193,0.011143296287538426,0.9170379611477455,0.9354640442532268,0.0958819913952059,0.9803506068194953,0.9020901560392988
48f_t15,43,iforest+msp:mean,0.075,0.7939557291666665,0.3316978008985576,0.3437573894537716,0.2946618585954126,0.04909553085835895,0.012059588555214,0.8883443236499732,0.9354640442532268,0.12784265519360788,0.9804950876517049,0.8589867077634367
48f_t15,43,iforest+msp:mean,0.1,0.7696875000000001,0.3316978008985576,0.3465062662567983,0.27154764719791913,0.07495861905887917,0.014808465358240718,0.8186597754410978,0.9354640442532268,0.2015980331899201,0.9808322095935272,0.8228664997110383
48f_t15,43,iforest+msp:mean,0.15,0.7073541666666665,0.3316978008985576,0.35853629699692596,0.24450224639394655,0.11403405060297943,0.026838496098368407,0.7371235073961859,0.9354640442532268,0.33988936693300553,0.9825659795800423,0.7265459449046426
48f_t15,43,iforest+msp:mean,0.2,0.6391041666666667,0.3316978008985576,0.3871482620004729,0.20637266493260817,0.18077559706786475,0.055450461101915344,0.6221707360541792,0.9360786724031961,0.46220036877688997,0.9863706414948951,0.6098535927566943
48f_t15,43,iforest+msp:mean,0.3,0.5575625000000001,0.3316978008985576,0.4758512650744857,0.14953298652163632,0.3263182785528494,0.14415346417592811,0.45081090714667615,0.968039336201598,0.652120467117394,0.9935465228279715,0.4395588518589867
48f_t15,43,iforest+msp:max,0.005,0.99625,0.3316978008985576,0.3322002837550248,0.32948096476708444,0.0027193189879404114,0.0005024828564672499,0.993316699340581,0.9360786724031961,0.0215119852489244,0.9772683490656906,0.9702369485648238
48f_t15,43,iforest+msp:max,0.01,0.991875,0.3316978008985576,0.33480137148262,0.32374674864034053,0.011054622842279498,0.003103570584062426,0.9760292283015505,0.9403810694529809,0.04732636754763368,0.9781833943363514,0.9590156039298786
48f_t15,43,iforest+msp:max,0.02,0.9858333333333333,0.3316978008985576,0.338821234334358,0.31617994797824545,0.022641286356112556,0.0071234334358004255,0.953216895384067,0.9446834665027658,0.07805777504609711,0.9790021190522057,0.9431708726642265
48f_t15,43,iforest+msp:max,0.03,0.9820895833333333,0.3316978008985576,0.34428943012532515,0.31384488058642707,0.030444549538898084,0.012591629226767558,0.9461771520228123,0.9459127228027043,0.08543331284572833,0.9796763629358505,0.9383066846465036
48f_t15,43,iforest+msp:max,0.05,0.9629166666666666,0.3316978008985576,0.3550189170016552,0.2906419957436746,0.06437692125798061,0.023321116103097658,0.87622527178756,0.9557467732022127,0.1622618315918869,0.9820362165286072,0.9017048738200732
48f_t15,43,iforest+msp:max,0.075,0.940625,0.3316978008985576,0.36941357294868765,0.27072002837550246,0.09869354457318515,0.037715772050130054,0.816164676528248,0.9668100799016595,0.23540258143822987,0.9850703140050087,0.8601425544211134
48f_t15,43,iforest+msp:max,0.1,0.9310416666666667,0.3316978008985576,0.3794632300780326,0.2589560179711516,0.12050721210688106,0.04776542917947505,0.780698627695598,0.9692685925015365,0.2716656422864167,0.9871412059333462,0.8383741090348681
48f_t15,43,iforest+msp:max,0.15,0.8904166666666666,0.3316978008985576,0.3881236698983211,0.23655119413572948,0.15157247576259164,0.05642586899976354,0.7131527356977365,0.9729563614013522,0.3153042409342348,0.9900789828549412,0.7334810248507031
48f_t15,43,iforest+msp:max,0.2,0.84925,0.3316978008985576,0.4052080870182076,0.2181662331520454,0.1870418538661622,0.07351028611965003,0.6577258955622883,0.9754148740012293,0.3601720958819914,0.9911866692352148,0.65165671354267
48f_t15,43,iforest+msp:max,0.3,0.7814583333333334,0.3316978008985576,0.5407602270040198,0.15609482147079687,0.384665405533223,0.20906242610546227,0.4705934770985563,0.9895513214505224,0.6207744314689613,0.9958100558659218,0.5220574070506646
48f_t15,43,iforest+entropy:mean,0.005,0.9129203125000002,0.3316978008985576,0.3324958619058879,0.32717545519035235,0.005320406715535588,0.0007980610073303381,0.9863660666547852,0.9342347879532883,0.003073140749846343,0.9769312271238683,0.9683586977460991
48f_t15,43,iforest+entropy:mean,0.01,0.8912729166666672,0.3316978008985576,0.33296878694726884,0.3242787893118941,0.008689997635374792,0.0012709860487112794,0.977633220459811,0.9342347879532883,0.012292562999385371,0.9770275476786746,0.9629647466769409
48f_t15,43,iforest+entropy:mean,0.02,0.8673958333333334,0.3316978008985576,0.33462402459210216,0.3206136202411918,0.014010404350910381,0.0029262236935445733,0.966583496702905,0.9348494161032576,0.02642901044867855,0.9774609901753034,0.9521286842612213
48f_t15,43,iforest+entropy:mean,0.03,0.8567770833333334,0.3316978008985576,0.33530385433908727,0.3177465121778198,0.01755734216126744,0.0036060534405296762,0.9579397611833896,0.9354640442532268,0.041180086047940996,0.9774609901753034,0.9305528799845887
48f_t15,43,iforest+entropy:mean,0.05,0.8342708333333333,0.3316978008985576,0.3377867108063372,0.3102683849609837,0.027518325845353513,0.006088909907779617,0.935394760292283,0.9354640442532268,0.07867240319606637,0.978327875168561,0.9149007898285494
48f_t15,43,iforest+entropy:mean,0.075,0.8017708333333333,0.3316978008985576,0.3424864034050603,0.2960215180893828,0.04646488531567747,0.01078860250650272,0.8924434147210835,0.9354640442532268,0.1979102642901045,0.9797245232132538,0.8483914467347332
48f_t15,43,iforest+entropy:mean,0.1,0.7869062500000001,0.3316978008985576,0.3431957909671317,0.2891345471742729,0.05406124379285883,0.01149799006857413,0.8716806273391552,0.9354640442532268,0.24339274738783037,0.9801098054324793,0.8250818724715855
48f_t15,43,iforest+entropy:mean,0.15,0.7040052083333332,0.3316978008985576,0.3513537479309529,0.25431544100260106,0.09703830692835186,0.019655947032395364,0.7667082516485474,0.9354640442532268,0.3988936693300553,0.9818435754189944,0.7265459449046426
48f_t15,43,iforest+entropy:mean,0.2,0.6307083333333333,0.3316978008985576,0.38253724284700874,0.22304327264128634,0.1594939702057224,0.05083944194845117,0.6724291570130101,0.9360786724031961,0.4849416103257529,0.9834328645732999,0.6065786938932768
48f_t15,43,iforest+entropy:mean,0.3,0.5516979166666667,0.3316978008985576,0.4762355166706077,0.1557696855048475,0.3204658311657602,0.14453771577205013,0.46961325966850825,0.9496004917025199,0.6410571604179471,0.9901753034097477,0.434020419957619
48f_t15,43,iforest+entropy:max,0.005,0.9941666666666666,0.3316978008985576,0.33228895720028373,0.3288602506502719,0.003428706550011823,0.0005911563017261764,0.9914453751559436,0.9348494161032576,0.03011677934849416,0.9771238682334811,0.9660470044307455
48f_t15,43,iforest+entropy:max,0.01,0.990625,0.3316978008985576,0.334032868290376,0.3260522582170726,0.007980610073303382,0.002335067391818397,0.9829798609873462,0.9379225568531039,0.04794099569760295,0.9774609901753034,0.9566557503371219
48f_t15,43,iforest+entropy:max,0.02,0.9845833333333334,0.3316978008985576,0.3373433435800426,0.32223930007093876,0.015104043509103807,0.005645542681484985,0.9714845838531455,0.9403810694529809,0.07744314689612784,0.9778944326719322,0.9405702176844538
48f_t15,43,iforest+entropy:max,0.03,0.9822916666666667,0.3316978008985576,0.3404173563490187,0.3211752187278316,0.019242137621187042,0.008719555450461101,0.9682765995366244,0.9409956976029502,0.0878918254456054,0.9779907532267386,0.9368137160470045
48f_t15,43,iforest+entropy:max,0.05,0.9639583333333334,0.3316978008985576,0.345235280208087,0.31159848663986756,0.033636793568219435,0.01353747930952944,0.9394047406879342,0.942839582052858,0.09711124769514444,0.9782797148911577,0.9029570410325564
48f_t15,43,iforest+entropy:max,0.075,0.94875,0.3316978008985576,0.34739300070938756,0.3085540316859778,0.03883896902340979,0.015695199810829983,0.9302263411156656,0.9434542102028273,0.12354025814382298,0.9788576382199962,0.8686669235214795
48f_t15,43,iforest+entropy:max,0.1,0.9285416666666667,0.3316978008985576,0.3543390872546701,0.3029084890044928,0.051430598250177345,0.022641286356112556,0.913206202103012,0.9440688383527965,0.12968653964351567,0.9797245232132538,0.8362550568291274
48f_t15,43,iforest+entropy:max,0.15,0.8902083333333334,0.3316978008985576,0.3604279971624498,0.28198155592338614,0.07844644123906361,0.02873019626389217,0.8501158438780965,0.9520590043023971,0.2052858020897357,0.9823251781930263,0.7253419379695627
48f_t15,43,iforest+entropy:max,0.2,0.8485416666666666,0.3316978008985576,0.3860546228422795,0.24518207614093165,0.14087254670134783,0.05435682194372192,0.7391730529317412,0.956361401352182,0.36754763368162263,0.9855519167790406,0.6413985744557889
48f_t15,43,iforest+entropy:max,0.3,0.7709583333333334,0.3316978008985576,0.5367403641522819,0.17598723102388272,0.36075313312839913,0.20504256325372427,0.5305649616824095,0.9827904118008605,0.7486170866625691,0.99171643228665,0.5076574841071084
48f_t15,43,iforest+margin:mean,0.005,0.9471937500000002,0.3316978008985576,0.334032868290376,0.3282986521636321,0.005734216126743911,0.002335067391818397,0.9897522723222242,0.9342347879532883,0.0018438844499078057,0.9775573107301098,0.9728857638219996
48f_t15,43,iforest+margin:mean,0.01,0.9215635416666667,0.3316978008985576,0.33601324190115867,0.3237763064554268,0.012236935445731852,0.0043154410026010875,0.9761183389770094,0.9348494161032576,0.003073140749846343,0.9782797148911577,0.9659025235985359
48f_t15,43,iforest+margin:mean,0.02,0.8733333333333333,0.3316978008985576,0.33970796878694726,0.316327737053677,0.023380231733270276,0.00801016788838969,0.9536624487613615,0.9348494161032576,0.02089735709895513,0.9794837218262378,0.9480350606819495
48f_t15,43,iforest+margin:mean,0.03,0.84469375,0.3316978008985576,0.341215417356349,0.3084062426105462,0.03280917474580279,0.00951761645779144,0.9297807877383709,0.9354640442532268,0.05039950829748002,0.9798208437680601,0.936235792718166
48f_t15,43,iforest+margin:mean,0.05,0.8017708333333333,0.3316978008985576,0.34520572239300074,0.2972038306928352,0.04800189170016552,0.013507921494443131,0.8960078417394403,0.9354640442532268,0.107559926244622,0.9807358890387209,0.916008476208823
48f_t15,43,iforest+margin:mean,0.075,0.7769869791666667,0.3316978008985576,0.35383660439820286,0.2741487349255143,0.07968786947268858,0.022138803499645306,0.8265015148814827,0.9354640442532268,0.15488629379225569,0.9816990945867848,0.8782989790021191
48f_t15,43,iforest+margin:mean,0.1,0.76334375,0.3316978008985576,0.35504847481674157,0.26117285410262475,0.09387562071411681,0.02335067391818397,0.787381928355017,0.9354640442532268,0.1819299323909035,0.9817954151415912,0.8311982277017915
48f_t15,43,iforest+margin:mean,0.15,0.7060624999999997,0.3316978008985576,0.36178765665641993,0.23935918656892882,0.12242847008749114,0.03008985575786238,0.7216182498663339,0.9354640442532268,0.3245236631837738,0.9830957426314776,0.7342515892891543
48f_t15,43,iforest+margin:mean,0.2,0.652875,0.3316978008985576,0.3790494206668243,0.21234334358004256,0.16670607708678176,0.04735161976826673,0.6401710924968811,0.9354640442532268,0.4031960663798402,0.9859371989982663,0.6267578501252167
48f_t15,43,iforest+margin:mean,0.3,0.566625,0.3316978008985576,0.4744916055805155,0.1478481910617167,0.32664341451879875,0.1427938046819579,0.44573159864551765,0.9692685925015365,0.652120467117394,0.9940281256020035,0.4464939318050472
48f_t15,43,iforest+margin:max,0.005,0.9956260416666667,0.3316978008985576,0.3348309292977063,0.32732324426578385,0.0075076850319224404,0.003133128399148735,0.9868116200320797,0.9366933005531654,0.015980331899200985,0.9777017915623194,0.9680697360816798
48f_t15,43,iforest+margin:max,0.01,0.991875,0.3316978008985576,0.3377275951761646,0.32327382359895956,0.014453771577205014,0.006029794277607,0.9746034574942077,0.9385371850030731,0.023355869698832205,0.978568676555577,0.960797534193797
48f_t15,43,iforest+margin:max,0.02,0.985625,0.3316978008985576,0.34328446441239063,0.3160912745329865,0.027193189879404115,0.011586663513833058,0.9529495633576902,0.9483712354025814,0.0528580208973571,0.9800134848776729,0.945723367366596
48f_t15,43,iforest+margin:max,0.03,0.9808520833333332,0.3316978008985576,0.35096949633483093,0.31085954126270987,0.04010995507212107,0.01927169543627335,0.9371769738014614,0.9514443761524278,0.06883835279655809,0.9809766904257369,0.9396551724137931
48f_t15,43,iforest+margin:max,0.05,0.9631458333333334,0.3316978008985576,0.36545282572712223,0.28632655474107355,0.07912627098604871,0.03375502482856467,0.8632151131705578,0.9625076828518746,0.12292562999385372,0.9841071084569447,0.9100366018108265
48f_t15,43,iforest+margin:max,0.075,0.9433645833333333,0.3316978008985576,0.3781035705840624,0.26749822653109484,0.11060534405296761,0.04640576968550485,0.8064516129032258,0.9692685925015365,0.17455439459127228,0.9876709689847814,0.8730976690425737
48f_t15,43,iforest+margin:max,0.1,0.9290000000000002,0.3316978008985576,0.38995625443367227,0.24822653109482148,0.14172972333885078,0.05825845353511468,0.7483514525040099,0.9741856177012908,0.22618315918869084,0.99051242535157,0.8408302831824311
48f_t15,43,iforest+margin:max,0.15,0.889083333333333,0.3316978008985576,0.40455781508630884,0.19629344998817688,0.20826436509813195,0.07286001418775125,0.5917839957226876,0.9870928088506453,0.36078672403196066,0.9945578886534386,0.7538046619148526
48f_t15,43,iforest+margin:max,0.2,0.8583333333333333,0.3316978008985576,0.41880468195790965,0.16348427524237408,0.2553204067155356,0.08710688105935209,0.49287114596328635,0.9926244622003688,0.4597418561770129,0.9961953380851474,0.6816605663648623
48f_t15,43,iforest+margin:max,0.3,0.793125,0.3316978008985576,0.5335481201229605,0.13463584771813666,0.39891227240482385,0.20185031922440294,0.4058991267153804,0.9950829748002459,0.5937307928703135,0.996821421691389,0.5552398381814679
48f_t15,43,iforest+conformal:mean,0.005,0.9689739583333337,0.3316978008985576,0.33669307164814377,0.331165760227004,0.005527311421139749,0.00499527074958619,0.9983960078417393,0.9342347879532883,0.0,0.9775091504527066,0.9765941051820458
48f_t15,43,iforest+conformal:mean,0.01,0.9421895833333334,0.3316978008985576,0.3417179002128163,0.32962875384251594,0.012089146370300308,0.01002009931425869,0.9937622527178754,0.9342347879532883,0.0,0.9793392409940281,0.9743787324214987
48f_t15,43,iforest+conformal:mean,0.02,0.9140874999999994,0.3316978008985576,0.36081224875857176,0.3252837550248286,0.0355284937337432,0.029114447860014186,0.9806629834254144,0.9348494161032576,0.008604794099569761,0.9800616451550761,0.9660470044307455
48f_t15,43,iforest+conformal:mean,0.03,0.8967708333333333,0.3316978008985576,0.41171080633719553,0.3212934499881769,0.09041735634901868,0.08001300543863797,0.9686330422384601,0.9348494161032576,0.014136447449293177,0.9806395684839144,0.9590156039298786
48f_t15,43,iforest+conformal:mean,0.05,0.8615677083333334,0.3316978008985576,0.4553381414045874,0.31490896192953416,0.1404291794750532,0.12364034050602979,0.9493851363393333,0.9348494161032576,0.03318992009834051,0.9808803698709304,0.9432190329416298
48f_t15,43,iforest+conformal:mean,0.075,0.8084843749999999,0.3316978008985576,0.4772995980137148,0.3050070938756207,0.1722925041380941,0.14560179711515725,0.9195330600605951,0.9354640442532268,0.11432083589428396,0.9818917356963976,0.916008476208823
48f_t15,43,iforest+conformal:mean,0.1,0.7640937500000002,0.3316978008985576,0.49175336959091986,0.2875384251596122,0.20421494443130764,0.16005556869236226,0.8668686508643735,0.9354640442532268,0.1856177012907191,0.9822770179156232,0.8886534386438066
48f_t15,43,iforest+conformal:mean,0.15,0.6939010416666666,0.3316978008985576,0.5054681957909671,0.24787183731378576,0.2575963584771814,0.17377039489240956,0.7472821243985028,0.9354640442532268,0.3054701905347265,0.984444230398767,0.8159314197649778
48f_t15,43,iforest+conformal:mean,0.2,0.6545,0.3316978008985576,0.522109245684559,0.23412745329865217,0.2879817923859068,0.19041144478600142,0.7058456603101051,0.9354640442532268,0.3564843269821758,0.9881044114814101,0.736611442881911
48f_t15,43,iforest+conformal:mean,0.3,0.5728020833333334,0.3316978008985576,0.5714116812485222,0.18458855521399858,0.3868231260345235,0.23971388034996452,0.5564961682409553,0.9895513214505224,0.6299938537185003,0.9984107108456944,0.5224426892698902
48f_t15,43,iforest+conformal:max,0.005,0.9966666666666667,0.3316978008985576,0.34269330811066445,0.33087018207614094,0.011823126034523528,0.01099550721210688,0.9975049010871502,0.9496004917025199,0.01843884449907806,0.9809766904257369,0.9730784049316124
48f_t15,43,iforest+conformal:max,0.01,0.9945833333333334,0.3316978008985576,0.3518562307874202,0.3296583116576023,0.022197919129817924,0.020158429888862614,0.9938513633933345,0.9612784265519361,0.03073140749846343,0.9835291851281064,0.9707667116162589
48f_t15,43,iforest+conformal:max,0.02,0.99,0.3316978008985576,0.44070702293686453,0.32844644123906364,0.1122605816978009,0.10900922203830693,0.9901978256995189,0.9698832206515058,0.040565457897971724,0.9875264881525717,0.9649874783278751
48f_t15,43,iforest+conformal:max,0.03,0.9870833333333333,0.3316978008985576,0.44715062662567984,0.32723457082052493,0.11991605580515488,0.11545282572712225,0.9865442880057029,0.9735709895513215,0.04978488014751076,0.9891157773068773,0.9592564053168946
48f_t15,43,iforest+conformal:max,0.05,0.9797916666666666,0.3316978008985576,0.4802553795223457,0.3265547410735398,0.15370063844880585,0.14855757862378813,0.9844947424701478,0.9754148740012293,0.05716041794714198,0.9903679445193604,0.954488537853978
48f_t15,43,iforest+conformal:max,0.075,0.9691666666666666,0.3316978008985576,0.49881768739654764,0.31889926696618587,0.1799184204303618,0.16711988649799006,0.9614150775262876,0.9901659496004918,0.08543331284572833,0.9928241186669235,0.942303987670969
48f_t15,43,iforest+conformal:max,0.1,0.9558333333333333,0.3316978008985576,0.5272818633246631,0.3113915819342634,0.21589028139039962,0.19558406242610546,0.9387809659597219,0.9963122311001844,0.12292562999385372,0.9947986900404546,0.9192833750722404
48f_t15,43,iforest+conformal:max,0.15,0.9289583333333333,0.3316978008985576,0.5505734216126744,0.28931189406479074,0.2612615275478837,0.21887562071411681,0.8722152913919087,1.0,0.2077443146896128,0.9982180697360816,0.8717010209978809
48f_t15,43,iforest+conformal:max,0.2,0.900875,0.3316978008985576,0.5709978718373138,0.2583944194845117,0.31260345235280207,0.23930007093875622,0.7790055248618784,1.0,0.29686539643515675,0.9990849547293392,0.8101040261991909
48f_t15,43,iforest+conformal:max,0.3,0.8408958333333334,0.3316978008985576,0.6109009222038307,0.1990718846062899,0.4118290375975408,0.27920312130527314,0.6001603992158261,1.0,0.47019053472649047,0.9999036794451936,0.6949046426507417
48f_t15,44,msp,0.005,0.6393009424209595,0.2995684558997399,0.30066209505793334,0.29631709624024594,0.004344998817687396,0.0010936391581934264,0.9891465219536261,0.9600491702519975,0.02581438229870928,0.9689366210749374,0.9628684261221344
48f_t15,44,msp,0.01,0.6124719381332397,0.2995684558997399,0.30249467959328447,0.2922381177583353,0.010256561834949161,0.0029262236935445733,0.9755303404045387,0.9625076828518746,0.03810694529809465,0.9698516663455982,0.9579079175496051
48f_t15,44,msp,0.02,0.5765652060508728,0.2995684558997399,0.30506620950579333,0.28331165760227006,0.02175455190352329,0.00549775360605344,0.9457326097681302,0.9649661954517517,0.07867240319606637,0.9707185513388558,0.9449528029281449
48f_t15,44,msp,0.03,0.5487126708030701,0.2995684558997399,0.30778552849373375,0.27462165996689525,0.033163868526838496,0.008217072593993851,0.9167242229896398,0.9674247080516287,0.11186232329440689,0.9716817568869197,0.9323829705259102
48f_t15,44,msp,0.05,0.5037707090377808,0.2995684558997399,0.31721447150626625,0.25614802553795224,0.06106644596831402,0.017646015606526365,0.8550567340897879,0.9797172710510141,0.2132759680393362,0.9743787324214987,0.9012232710460413
48f_t15,44,msp,0.075,0.47948580980300903,0.2995684558997399,0.3282986521636321,0.23335895010640814,0.09493970205722393,0.02873019626389217,0.7789837197829305,0.9877074370006146,0.2599877074370006,0.9781833943363514,0.8679926796378347
48f_t15,44,msp,0.1,0.453064501285553,0.2995684558997399,0.33775715299125086,0.2118408607235753,0.12591629226767556,0.038188697091510994,0.7071534287123827,0.9938537185003073,0.32821143208358944,0.9807840493161241,0.8385185898670776
48f_t15,44,msp,0.15,0.4439138174057007,0.2995684558997399,0.3415701111373847,0.2038011350200993,0.13776897611728542,0.04200165523764483,0.6803157375431672,0.9938537185003073,0.35771358328211433,0.9818435754189944,0.7972933924099402
48f_t15,44,msp,0.2,0.41725146770477295,0.2995684558997399,0.35324544809647673,0.17847008749113266,0.17477536060534404,0.053676992196736814,0.5957572767636902,0.9950829748002459,0.42347879532882604,0.9852147948372183,0.7267867462916586
48f_t15,44,msp,0.3,0.29734164476394653,0.2995684558997399,0.39666587845826434,0.07865334594466777,0.31801253251359657,0.09709742255852448,0.2625555007400099,0.9993853718500307,0.6736324523663184,0.9961953380851474,0.6193411674051242
48f_t15,44,entropy,0.005,0.8031973765691761,0.2995684558997399,0.30033695909198393,0.2973220619531804,0.0030148971388035,0.0007685031922440293,0.9925012333497779,0.956361401352182,0.027043638598647817,0.9686958196879214,0.9604604122519745
48f_t15,44,entropy,0.01,0.7733244156777622,0.2995684558997399,0.3008689997635375,0.29460274296524,0.00626625679829747,0.001300543863797588,0.9834237789837198,0.958819913952059,0.05654578979717271,0.9689366210749374,0.9510209978809478
48f_t15,44,entropy,0.02,0.7316453032567938,0.2995684558997399,0.3019921967368172,0.28904587372901397,0.012946323007803262,0.0024237408370773234,0.9648741983226443,0.9631223110018439,0.12292562999385372,0.9698516663455982,0.936958196879214
48f_t15,44,entropy,0.03,0.7165249800047416,0.2995684558997399,0.302642468668716,0.28541026247339796,0.017232206195318043,0.0030740127689761173,0.9527380365071534,0.9649661954517517,0.14259373079287033,0.9700924677326141,0.9250626083606242
48f_t15,44,entropy,0.05,0.7164877886327949,0.2995684558997399,0.302642468668716,0.28538070465831167,0.01726176401040435,0.0030740127689761173,0.9526393685249137,0.9649661954517517,0.14382298709280886,0.9700924677326141,0.9153342323251782
48f_t15,44,entropy,0.075,0.7038111194845952,0.2995684558997399,0.3032927406006148,0.2826022700401986,0.020690470560416174,0.0037242847008749115,0.9433645781943758,0.9668100799016595,0.16410571604179472,0.9701406280100173,0.8671257946445772
48f_t15,44,entropy,0.1,0.6801837535871911,0.2995684558997399,0.3043272641286356,0.27595176164577917,0.028375502482856467,0.00475880822889572,0.9211642821904292,0.968039336201598,0.20467117393976644,0.9709111924484685,0.8366403390483529
48f_t15,44,entropy,0.15,0.6097450914835727,0.2995684558997399,0.31316505083944196,0.24352683849609838,0.06963821234334358,0.013596594939702058,0.8129255056734089,0.972341733251383,0.34111862323294406,0.9734155268734348,0.7747062223078405
48f_t15,44,entropy,0.2,0.5276244331620104,0.2995684558997399,0.32936273350673917,0.19227358713643888,0.1370891463703003,0.029794277606999292,0.6418352244696596,0.9883220651505839,0.5685310387215734,0.977605471007513,0.7189847813523406
48f_t15,44,entropy,0.3,0.41184209695348856,0.2995684558997399,0.35980728304563725,0.09659493970205722,0.26321234334358007,0.06023882714589737,0.3224469659595461,0.9993853718500307,0.8186846957590658,0.9861780003852822,0.6031111539202466
48f_t15,44,margin,0.005,0.988398551940918,0.2995684558997399,0.30388389690234097,0.2956963821234334,0.008187514778907543,0.0043154410026010875,0.9870744943265909,0.958819913952059,0.017209588199139522,0.9697071855133885,0.9633981891735697
48f_t15,44,margin,0.01,0.9743102788925171,0.2995684558997399,0.3076377394183022,0.2911149207850556,0.01652281863324663,0.008069283518562308,0.9717809570794277,0.9637369391518131,0.032575291948371235,0.9708148718936621,0.9568483914467347
48f_t15,44,margin,0.02,0.9497302174568176,0.2995684558997399,0.314317805627808,0.2822475762591629,0.03207022936864507,0.0147493497280681,0.9421805624074987,0.9661954517516902,0.057775046097111246,0.9733192063186284,0.9465902523598536
48f_t15,44,margin,0.03,0.9298098683357239,0.2995684558997399,0.31928351856230786,0.2725230550957673,0.04676046346654055,0.01971506266256798,0.9097187962506166,0.97480024585126,0.08973570989551322,0.9752456174147563,0.9365729146599885
48f_t15,44,margin,0.05,0.8856079578399658,0.2995684558997399,0.32785528493733745,0.24997044218491368,0.07788484275242374,0.02828682903759754,0.8344351258016773,0.9846342962507683,0.13275968039336203,0.9780389135041417,0.9147081487189366
48f_t15,44,margin,0.075,0.8334904909133911,0.2995684558997399,0.3403582407188461,0.22564436036888152,0.11471388034996453,0.040789784819106174,0.7532313764183521,0.990780577750461,0.1972956361401352,0.9816509343093817,0.8911096127913697
48f_t15,44,margin,0.1,0.7697891592979431,0.2995684558997399,0.3574426578387326,0.19342634192480493,0.16401631591392765,0.05787420193899267,0.6456832757770103,0.9913952059004303,0.2618315918869084,0.9868040839915238,0.8584087844345983
48f_t15,44,margin,0.15,0.6670235395431519,0.2995684558997399,0.3799361551194136,0.14657720501300545,0.23335895010640814,0.08036769921967368,0.4892945239269857,0.9950829748002459,0.41794714197910265,0.9923425158928916,0.7923810441148141
48f_t15,44,margin,0.2,0.6145505905151367,0.2995684558997399,0.3883305746039253,0.12263537479309529,0.26569519981083,0.08876211870418539,0.4093734583127775,0.9975414874001229,0.4960049170251998,0.9945097283760355,0.7431612406087459
48f_t15,44,margin,0.3,0.5367006063461304,0.2995684558997399,0.39719791912981794,0.08054504611019153,0.3166528730196264,0.09762946323007803,0.2688702516033547,0.9993853718500307,0.5918869084204057,0.9964842997495665,0.6254093623579272
48f_t15,44,conformal,0.005,0.96535518444666,0.2995684558997399,0.39651808938283284,0.2995684558997399,0.09694963348309293,0.09694963348309293,1.0,0.9551321450522434,0.0,0.9686958196879214,0.9685031785783086
48f_t15,44,conformal,0.01,0.9503988035892323,0.2995684558997399,0.40429179475053206,0.2995684558997399,0.10472333885079214,0.10472333885079214,1.0,0.9551321450522434,0.0,0.9687921402427278,0.9685031785783086
48f_t15,44,conformal,0.02,0.9254885343968092,0.2995684558997399,0.42043036178765664,0.2995684558997399,0.12086190588791676,0.12086190588791676,1.0,0.9551321450522434,0.0,0.9690329416297437,0.9685031785783086
48f_t15,44,conformal,0.03,0.8923230309072782,0.2995684558997399,0.4432785528493734,0.2995684558997399,0.1437100969496335,0.1437100969496335,1.0,0.9551321450522434,0.0,0.9693700635715662,0.9685031785783086
48f_t15,44,conformal,0.05,0.8409770687936191,0.2995684558997399,0.4785705840624261,0.2995684558997399,0.1790021281626862,0.1790021281626862,1.0,0.9557467732022127,0.0018438844499078057,0.9712964746676941,0.9681178963590831
48f_t15,44,conformal,0.075,0.8145750249252243,0.2995684558997399,0.5186509813194609,0.29841570111137383,0.22023528020808703,0.21908252541972098,0.9961519486926491,0.9674247080516287,0.0215119852489244,0.9786649971103834,0.959834328645733
48f_t15,44,conformal,0.1,0.7859023125176998,0.2995684558997399,0.5649089619295342,0.294218491369118,0.2706904705604162,0.26534050602979425,0.9821410952146028,0.9766441303011678,0.05162876459741856,0.9881044114814101,0.9419187054517434
48f_t15,44,conformal,0.15,0.7438312968072526,0.2995684558997399,0.6187928588318752,0.2744147552612911,0.34437810357058407,0.3192244029321353,0.9160335471139616,1.0,0.19913952059004303,0.997543825852437,0.9101329223656328
48f_t15,44,conformal,0.2,0.704486540378863,0.2995684558997399,0.6447741782927406,0.24952707495861906,0.39524710333412155,0.34520572239300074,0.8329551060680809,1.0,0.272280270436386,0.9996147177807744,0.8757946445771527
48f_t15,44,conformal,0.3,0.6322400241137053,0.2995684558997399,0.6974757625916292,0.18639158193426342,0.5110841806573658,0.39790730669188934,0.6222002960039467,1.0,0.45912722802704364,1.0,0.7707570795607783
48f_t15,44,iforest,0.005,0.7160202382896637,0.2995684558997399,0.29974580279025775,0.2982974698510286,0.0014483329392291323,0.00017734689051785292,0.9957572767636902,0.9551321450522434,0.0,0.9685513388557118,0.9592564053168946
48f_t15,44,iforest,0.01,0.6987330289009762,0.2995684558997399,0.3039134547174273,0.29735161976826674,0.006561834949160558,0.004344998817687396,0.9925999013320177,0.9551321450522434,0.0043023970497848806,0.9686958196879214,0.9524176459256405
48f_t15,44,iforest,0.02,0.6791035477317593,0.2995684558997399,0.3106230787420194,0.2936273350673918,0.016995743674627573,0.011054622842279498,0.9801677355698075,0.9551321450522434,0.0043023970497848806,0.9687439799653246,0.9403775765748411
48f_t15,44,iforest,0.03,0.6650736202676556,0.2995684558997399,0.311539371009695,0.2886025065027193,0.022936864506975643,0.011970915109955071,0.9633941785890477,0.9551321450522434,0.009834050399508297,0.968840300520131,0.9316605663648623
48f_t15,44,iforest,0.05,0.6412593401182477,0.2995684558997399,0.31854457318515017,0.28597186096003785,0.03257271222511232,0.018976117285410262,0.954612728169709,0.9551321450522434,0.02089735709895513,0.969321903294163,0.915767674821807
48f_t15,44,iforest,0.075,0.6053342603141988,0.2995684558997399,0.3240423267912036,0.27793213525656185,0.046110191534641756,0.024473870891463703,0.9277750370004934,0.9551321450522434,0.022126613398893668,0.9708630321710653,0.882440762858794
48f_t15,44,iforest,0.1,0.5571180571945193,0.2995684558997399,0.3377867108063372,0.26900567510049656,0.06878103570584063,0.038218254906597304,0.8979773063640848,0.9551321450522434,0.0430239704978488,0.9714409554999037,0.8341841649007898
48f_t15,44,iforest,0.15,0.5229055139946491,0.2995684558997399,0.38587727595176163,0.25354693781035703,0.13233033814140457,0.08630882005202176,0.8463739516526886,0.9551321450522434,0.08666256914566688,0.9720670391061452,0.7909843960701214
48f_t15,44,iforest,0.2,0.5022970735021443,0.2995684558997399,0.45956490896192953,0.24042326791203594,0.2191416410498936,0.15999645306218965,0.8025653675382338,0.9551321450522434,0.21020282728948986,0.9723078404931612,0.7491331150067424
48f_t15,44,iforest,0.3,0.47763345848891314,0.2995684558997399,0.4893296287538425,0.23063963111846772,0.2586899976353748,0.18976117285410263,0.7699062654168721,0.9582052858020897,0.3718500307314075,0.9725968021575804,0.6082643036023887
48f_t15,44,iforest+msp:mean,0.005,0.9694020000000001,0.2995684558997399,0.3022877748876803,0.29548947741782927,0.006798297469851029,0.0027193189879404114,0.9863838184509126,0.9551321450522434,0.001229256299938537,0.9691292621845502,0.960315931419765
48f_t15,44,iforest+msp:mean,0.01,0.9651010000000001,0.2995684558997399,0.3036178765665642,0.29277015842988885,0.010847718136675337,0.004049420666824308,0.9773063640848544,0.9551321450522434,0.0036877688998156115,0.969562704681179,0.954488537853978
48f_t15,44,iforest+msp:mean,0.02,0.9512,0.2995684558997399,0.3062189642941594,0.2851146843225349,0.021104279971624496,0.006650508394419484,0.9517513566847559,0.9551321450522434,0.01782421634910879,0.9707185513388558,0.9395588518589867
48f_t15,44,iforest+msp:mean,0.03,0.9435,0.2995684558997399,0.3083175691652873,0.2799420666824308,0.028375502482856467,0.008749113265547412,0.9344844597927972,0.9551321450522434,0.02642901044867855,0.9712483143902909,0.9288191099980736
48f_t15,44,iforest+msp:mean,0.05,0.9331,0.2995684558997399,0.31177583353038546,0.26622724048238355,0.04554859304800189,0.012207377630645543,0.8887025160335471,0.9551321450522434,0.054087277197295634,0.9718743979965324,0.9054613754575226
48f_t15,44,iforest+msp:mean,0.075,0.9208,0.2995684558997399,0.31384488058642707,0.25328091747458026,0.06056396311184677,0.01427642468668716,0.8454859398125307,0.9551321450522434,0.13214505224339274,0.972018878828742,0.871219418223849
48f_t15,44,iforest+msp:mean,0.1,0.9117,0.2995684558997399,0.31455426814849846,0.24178292740600615,0.07277134074249232,0.014985812248758572,0.807104094721263,0.956361401352182,0.21819299323909036,0.9721151993835484,0.8370256212675785
48f_t15,44,iforest+msp:mean,0.15,0.8998999999999999,0.2995684558997399,0.315086308820052,0.23882714589737528,0.07625916292267676,0.01551785292031213,0.7972372964972866,0.9575906576521205,0.2636754763368162,0.9723078404931612,0.7552976305143517
48f_t15,44,iforest+msp:mean,0.2,0.8864000000000001,0.2995684558997399,0.3260522582170726,0.2309352092693308,0.09511704894774178,0.026483802317332703,0.7708929452392698,0.9575906576521205,0.3079287031346036,0.9726931227123868,0.6895106915815835
48f_t15,44,iforest+msp:mean,0.3,0.82943,0.2995684558997399,0.4222038306928352,0.19227358713643888,0.22993024355639632,0.12263537479309529,0.6418352244696596,0.9582052858020897,0.4615857406269207,0.9731265652090156,0.5556732806780967
48f_t15,44,iforest+msp:max,0.005,0.9992,0.2995684558997399,0.2998344762355167,0.29803144951525185,0.0018030267202648381,0.0002660203357767794,0.9948692649235323,0.9557467732022127,0.013521819299323909,0.9686958196879214,0.9604122519745714
48f_t15,44,iforest+msp:max,0.01,0.9986,0.2995684558997399,0.3003665169070702,0.29631709624024594,0.004049420666824308,0.0007980610073303381,0.9891465219536261,0.9582052858020897,0.019668100799016593,0.9688884607975342,0.9545366981313812
48f_t15,44,iforest+msp:max,0.02,0.9966039999999999,0.2995684558997399,0.3059825017734689,0.28768621423504376,0.01829628753842516,0.006414045873729014,0.9603354711396151,0.9625076828518746,0.04794099569760295,0.9701406280100173,0.9397033326911963
48f_t15,44,iforest+msp:max,0.03,0.9944,0.2995684558997399,0.3089087254670135,0.2807992433199338,0.028109482147079687,0.009340269567273587,0.9373458312777503,0.9655808236017209,0.0878918254456054,0.9709593527258717,0.9285783086110576
48f_t15,44,iforest+msp:max,0.05,0.989,0.2995684558997399,0.315086308820052,0.26749822653109484,0.0475880822889572,0.01551785292031213,0.8929452392698569,0.9711124769514444,0.15427166564228642,0.9727894432671932,0.9064245810055865
48f_t15,44,iforest+msp:max,0.075,0.980815,0.2995684558997399,0.3314317805627808,0.24444313076377394,0.08698864979900686,0.031863324663040905,0.8159842131228416,0.9852489244007375,0.2446220036877689,0.9764977846272395,0.8607204777499519
48f_t15,44,iforest+msp:max,0.1,0.9766,0.2995684558997399,0.34029912508867344,0.22357531331283992,0.11672381177583353,0.04073066918893355,0.7463246176615688,0.9889366933005531,0.272280270436386,0.9790021190522057,0.8354844923906761
48f_t15,44,iforest+msp:max,0.15,0.9684,0.2995684558997399,0.35144242137621184,0.20093402695672735,0.15050839441948452,0.05187396547647198,0.6707449432659102,0.9938537185003073,0.34111862323294406,0.981506453477172,0.7917068002311693
48f_t15,44,iforest+msp:max,0.2,0.9606,0.2995684558997399,0.3590387798533932,0.1939879404114448,0.16505083944194845,0.05947032395365335,0.6475579674395658,0.9938537185003073,0.37738168408113093,0.9823251781930263,0.747062223078405
48f_t15,44,iforest+msp:max,0.3,0.9436,0.2995684558997399,0.3908134310711752,0.1471388034996453,0.2436746275715299,0.09124497517143533,0.4911692155895412,0.9956976029502151,0.4794099569760295,0.9877191292621845,0.5999325756116355
48f_t15,44,iforest+entropy:mean,0.005,0.9675,0.2995684558997399,0.3009576732087964,0.29608063371955545,0.004877039489240956,0.0013892173090565146,0.9883571780957079,0.9551321450522434,0.0036877688998156115,0.9686958196879214,0.9608938547486033
48f_t15,44,iforest+entropy:mean,0.01,0.9594020000000001,0.2995684558997399,0.3019035232915583,0.29309529439583826,0.008808228895720029,0.002335067391818397,0.9783917118894918,0.9551321450522434,0.007990165949600492,0.9689366210749374,0.9534290117511077
48f_t15,44,iforest+entropy:mean,0.02,0.949502,0.2995684558997399,0.3039725703475999,0.2866221328919366,0.017350437455663278,0.0044041144478600145,0.9567834237789836,0.9551321450522434,0.02089735709895513,0.9693700635715662,0.9381140435368908
48f_t15,44,iforest+entropy:mean,0.03,0.945703,0.2995684558997399,0.3063076377394183,0.28334121541735635,0.022966422322061954,0.006739181839678411,0.94583127775037,0.9551321450522434,0.03503380454824831,0.970044307455211,0.9306492005393951
48f_t15,44,iforest+entropy:mean,0.05,0.932405,0.2995684558997399,0.3117462757152991,0.26723220619531807,0.04451406951998108,0.012177819815559234,0.8920572274296991,0.9551321450522434,0.09035033804548248,0.9717780774417261,0.9022346368715084
48f_t15,44,iforest+entropy:mean,0.075,0.9238999999999999,0.2995684558997399,0.31218964294159374,0.25960628990305035,0.05258335303854339,0.012621187041853867,0.8666008880118401,0.9551321450522434,0.14935464044253227,0.9719225582739357,0.8787324214987479
48f_t15,44,iforest+entropy:mean,0.1,0.91391,0.2995684558997399,0.3140517852920312,0.2486698983211161,0.06538188697091511,0.014483329392291322,0.8300937345831277,0.956361401352182,0.2390903503380455,0.9720670391061452,0.8328838374109034
48f_t15,44,iforest+entropy:mean,0.15,0.9012,0.2995684558997399,0.3149976353747931,0.23596003783400332,0.07903759754078979,0.015429179475053205,0.7876665022200297,0.9575906576521205,0.27412415488629377,0.972259680215758,0.7547197071855134
48f_t15,44,iforest+entropy:mean,0.2,0.8949,0.2995684558997399,0.317480491842043,0.23528020808701822,0.08220028375502483,0.017912035942303145,0.785397138628515,0.9575906576521205,0.28887523048555624,0.9723078404931612,0.6966384126372568
48f_t15,44,iforest+entropy:mean,0.3,0.8275,0.2995684558997399,0.421612674391109,0.1973870891463703,0.2242255852447387,0.12204421849136912,0.6589047853971386,0.9582052858020897,0.4634296250768285,0.9730302446542092,0.5468117896359083
48f_t15,44,iforest+entropy:max,0.005,0.999,0.2995684558997399,0.3001891700165524,0.2979723338850792,0.0022168361314731616,0.0006207141168124852,0.9946719289590528,0.956361401352182,0.014136447449293177,0.9686958196879214,0.9592082450394914
48f_t15,44,iforest+entropy:max,0.01,0.999,0.2995684558997399,0.3001891700165524,0.2979723338850792,0.0022168361314731616,0.0006207141168124852,0.9946719289590528,0.956361401352182,0.014136447449293177,0.9686958196879214,0.9592082450394914
48f_t15,44,iforest+entropy:max,0.02,0.9966,0.2995684558997399,0.30409080160794516,0.2916765192716954,0.012414282336249704,0.004522345708205249,0.9736556487419831,0.958819913952059,0.07314074984634296,0.9692737430167597,0.933538817183587
48f_t15,44,iforest+entropy:max,0.03,0.9918,0.2995684558997399,0.30654410026010875,0.28712461574840387,0.019419484511704894,0.006975644360368882,0.9584607794770597,0.9631223110018439,0.11985248924400738,0.969803506068195,0.9217395492198035
48f_t15,44,iforest+entropy:max,0.05,0.988,0.2995684558997399,0.3082288957200284,0.2830751950815796,0.025153700638448805,0.008660439820288484,0.9449432659102122,0.9649661954517517,0.14566687154271665,0.9703332691196301,0.9084473126565209
48f_t15,44,iforest+entropy:max,0.075,0.9814,0.2995684558997399,0.3109482147079688,0.28171553558760937,0.02923267912035942,0.011379758808228896,0.940404538727183,0.9661954517516902,0.15611555009219422,0.9703332691196301,0.8728087073781545
48f_t15,44,iforest+entropy:max,0.1,0.9774,0.2995684558997399,0.3135788602506503,0.27796169307164814,0.03561716717900213,0.014010404350910381,0.927873704982733,0.9668100799016595,0.16963736939151813,0.9703814293970333,0.8375072240416105
48f_t15,44,iforest+entropy:max,0.15,0.97163,0.2995684558997399,0.31813076377394184,0.26279853393237174,0.05533222984157011,0.01856230787420194,0.8772570300937346,0.9686539643515673,0.22065150583896742,0.9716335966095164,0.7746580620304373
48f_t15,44,iforest+entropy:max,0.2,0.9591199999999999,0.2995684558997399,0.3321707259399385,0.23347718136675336,0.09869354457318515,0.03260227004019863,0.7793783917118894,0.9717271051014137,0.35095267363245236,0.9741379310344828,0.7215854363321133
48f_t15,44,iforest+entropy:max,0.3,0.941,0.2995684558997399,0.3663986758098841,0.16413454717427287,0.20226412863561125,0.06683021991014425,0.547903305377405,0.990780577750461,0.6127842655193608,0.9799653246002697,0.5958871123097669
48f_t15,44,iforest+margin:mean,0.005,0.9750004999999999,0.2995684558997399,0.3020217545519035,0.2962579806100733,0.0057637739418302195,0.002453298652163632,0.9889491859891465,0.9551321450522434,0.002458512599877074,0.9691774224619534,0.9630610672317472
48f_t15,44,iforest+margin:mean,0.01,0.9644030000000001,0.2995684558997399,0.3050957673208796,0.29043509103807047,0.014660676282809175,0.005527311421139749,0.9695115934879132,0.9551321450522434,0.0043023970497848806,0.970285108842227,0.9539587748025429
48f_t15,44,iforest+margin:mean,0.02,0.9538059999999998,0.2995684558997399,0.3069283518562308,0.2824544809647671,0.024473870891463703,0.007359895956490896,0.9428712382831771,0.9551321450522434,0.01290719114935464,0.9709593527258717,0.9382103640916971
48f_t15,44,iforest+margin:mean,0.03,0.946303,0.2995684558997399,0.3086131473161504,0.2777843461811303,0.0308288011350201,0.009044691416410499,0.9272816970892945,0.9551321450522434,0.020282728948985862,0.9713927952225004,0.92891543055288
48f_t15,44,iforest+margin:mean,0.05,0.9340999999999999,0.2995684558997399,0.31213052731142116,0.26356703712461577,0.04856349018680539,0.01256207141168125,0.8798223976319685,0.9551321450522434,0.041180086047940996,0.9719225582739357,0.9079175496050857
48f_t15,44,iforest+margin:mean,0.075,0.9220075,0.2995684558997399,0.3137266493260818,0.2473102388271459,0.06641641049893592,0.014158193426341925,0.8255550074000986,0.9551321450522434,0.09956976029502151,0.972018878828742,0.8730495087651705
48f_t15,44,iforest+margin:mean,0.1,0.9094,0.2995684558997399,0.31452471033341217,0.2420193899266966,0.07250532040671553,0.014956254433672263,0.807893438579181,0.956361401352182,0.20405654578979718,0.9721633596609517,0.8282604507801965
48f_t15,44,iforest+margin:mean,0.15,0.8976,0.2995684558997399,0.315086308820052,0.23678765665641996,0.07829865216363206,0.01551785292031213,0.7904292057227429,0.9575906576521205,0.2624462200368777,0.9723560007705644,0.7548160277403198
48f_t15,44,iforest+margin:mean,0.2,0.8758,0.2995684558997399,0.3555509576732088,0.22180184440766137,0.13374911326554742,0.055982501773468904,0.7404045387271829,0.9582052858020897,0.32821143208358944,0.9728857638219996,0.6815160855326526
48f_t15,44,iforest+margin:mean,0.3,0.8311999999999999,0.2995684558997399,0.42244029321352566,0.1900271931898794,0.23241310002364626,0.12287183731378576,0.6343364578194376,0.9582052858020897,0.4585125998770744,0.9732710460412252,0.554999036794452
48f_t15,44,iforest+margin:max,0.005,0.9992,0.2995684558997399,0.3011941357294869,0.29767675573421615,0.0035173799952707497,0.0016256798297469852,0.9936852491366551,0.9557467732022127,0.005531653349723417,0.9688884607975342,0.9607493739163938
48f_t15,44,iforest+margin:max,0.01,0.9982,0.2995684558997399,0.30468195790967134,0.2946618585954126,0.01002009931425869,0.005113502009931426,0.9836211149481991,0.9575906576521205,0.012292562999385371,0.969562704681179,0.9517434020419958
48f_t15,44,iforest+margin:max,0.02,0.9952,0.2995684558997399,0.3114211397493497,0.2886025065027193,0.02281863324663041,0.011852683849609837,0.9633941785890477,0.9637369391518131,0.03687768899815612,0.9710075130032749,0.9405702176844538
48f_t15,44,iforest+margin:max,0.03,0.9932,0.2995684558997399,0.31745093402695673,0.28059233861432964,0.0368585954126271,0.017882478127216835,0.936655155402072,0.9661954517516902,0.059618930547019056,0.9730784049316124,0.9311789635908303
48f_t15,44,iforest+margin:max,0.05,0.9892,0.2995684558997399,0.32788484275242374,0.262059588555214,0.06582525419720975,0.02831638685268385,0.8747903305377405,0.9791026429010449,0.11370620774431468,0.9767867462916586,0.909458678481988
48f_t15,44,iforest+margin:max,0.075,0.9844,0.2995684558997399,0.33870300307401274,0.23873847245211635,0.09996453062189643,0.03913454717427288,0.7969412925505673,0.9852489244007375,0.15611555009219422,0.9798208437680601,0.888508957811597
48f_t15,44,iforest+margin:max,0.1,0.97882,0.2995684558997399,0.35475289666587845,0.2144123906360842,0.14034050602979428,0.055184440766138564,0.7157375431672423,0.990780577750461,0.21819299323909036,0.9831920631862839,0.8593238297052591
48f_t15,44,iforest+margin:max,0.15,0.9698,0.2995684558997399,0.3783695909198392,0.17176046346654056,0.20660912745329865,0.07880113502009932,0.5733596447952639,0.9932390903503381,0.30239704978488013,0.9893565786938933,0.8052879984588711
48f_t15,44,iforest+margin:max,0.2,0.9588399999999999,0.2995684558997399,0.39787774887680305,0.13729605107590448,0.26058169780089857,0.09830929297706313,0.4583127775037001,0.9950829748002459,0.4326982175783651,0.9927759583895204,0.7385860142554421
48f_t15,44,iforest+margin:max,0.3,0.942,0.2995684558997399,0.42075549775360604,0.10442776069992907,0.316327737053677,0.12118704185386617,0.3485939812530834,0.9975414874001229,0.5427166564228642,0.9952321325370834,0.6186187632440763
48f_t15,44,iforest+conformal:mean,0.005,0.9432,0.2995684558997399,0.34969851028611965,0.2995684558997399,0.05013005438637976,0.05013005438637976,1.0,0.9551321450522434,0.0,0.9686476594105182,0.9685031785783086
48f_t15,44,iforest+conformal:mean,0.01,0.9319,0.2995684558997399,0.39835067391818396,0.2995684558997399,0.09878221801844407,0.09878221801844407,1.0,0.9551321450522434,0.001229256299938537,0.9689847813523406,0.9684550183009054
48f_t15,44,iforest+conformal:mean,0.02,0.9061159999999996,0.2995684558997399,0.41871600851265073,0.2987999527074959,0.11991605580515488,0.11914755261291085,0.9974346324617661,0.9551321450522434,0.0018438844499078057,0.970044307455211,0.964939318050472
48f_t15,44,iforest+conformal:mean,0.03,0.8832149999999999,0.2995684558997399,0.43139631118467725,0.29711515724757626,0.13428115393710097,0.13182785528493735,0.9918105574740996,0.9551321450522434,0.0036877688998156115,0.9714891157773069,0.9557888653438644
48f_t15,44,iforest+conformal:mean,0.05,0.8412999999999999,0.2995684558997399,0.4503724284700875,0.29043509103807047,0.15993733743201702,0.1508039725703476,0.9695115934879132,0.9582052858020897,0.01782421634910879,0.9726449624349837,0.9385474860335196
48f_t15,44,iforest+conformal:mean,0.075,0.7881599999999999,0.2995684558997399,0.4645306218964294,0.2754492787893119,0.18908134310711752,0.16496216599668953,0.9194869264923533,0.9582052858020897,0.1272280270436386,0.9731747254864188,0.9079657098824889
48f_t15,44,iforest+conformal:mean,0.1,0.7645,0.2995684558997399,0.47044218491369116,0.26084771813667534,0.20959446677701585,0.1708737290139513,0.8707449432659102,0.9582052858020897,0.18500307314074985,0.9734155268734348,0.8764207281833943
48f_t15,44,iforest+conformal:mean,0.15,0.7119599999999998,0.2995684558997399,0.496364388744384,0.23796996925987232,0.2583944194845117,0.1967959328446441,0.7943759250123335,0.9582052858020897,0.2661339889366933,0.9784723560007705,0.8078404931612406
48f_t15,44,iforest+conformal:mean,0.2,0.68032,0.2995684558997399,0.526129108536297,0.2091215417356349,0.3170075668006621,0.2265606526365571,0.6980759743463246,0.958819913952059,0.3177627535341119,0.9857927181660566,0.7410421884030052
48f_t15,44,iforest+conformal:mean,0.3,0.63039,0.2995684558997399,0.5650567510049657,0.16339560179711515,0.40166114920785057,0.2654882951052258,0.545436605821411,0.9766441303011678,0.46404425322679776,0.9905605856289732,0.6047967636293585
48f_t15,44,iforest+conformal:max,0.005,0.9992,0.2995684558997399,0.3579746985102861,0.29906597304327265,0.05890872546701348,0.05840624261054623,0.998322644301924,0.9551321450522434,0.0,0.9685031785783086,0.9626276247351184
48f_t15,44,iforest+conformal:max,0.01,0.9966,0.2995684558997399,0.3829510522582171,0.29738117758335303,0.08556987467486403,0.08338259635847718,0.9926985693142575,0.9551321450522434,0.0043023970497848806,0.9686958196879214,0.9530918898092853
48f_t15,44,iforest+conformal:max,0.02,0.9828,0.2995684558997399,0.4050898557578624,0.2969673681721447,0.10812248758571766,0.10552139985812249,0.9913172175629007,0.9551321450522434,0.0043023970497848806,0.9689366210749374,0.9496243498362551
48f_t15,44,iforest+conformal:max,0.03,0.977,0.2995684558997399,0.41292267675573424,0.2923563490186805,0.12056632773705368,0.11335422085599432,0.9759250123334977,0.9551321450522434,0.0043023970497848806,0.9689847813523406,0.9390772490849547
48f_t15,44,iforest+conformal:max,0.05,0.9696,0.2995684558997399,0.42063726649326083,0.2872724048238354,0.1333648616694254,0.12106881059352093,0.9589541193882585,0.9551321450522434,0.011063306699446834,0.9694663841263725,0.9225582739356579
48f_t15,44,iforest+conformal:max,0.075,0.9588,0.2995684558997399,0.43417474580279025,0.2843166233152045,0.1498581224875857,0.13460628990305037,0.9490873211642821,0.9551321450522434,0.0215119852489244,0.9698998266230013,0.906520901560393
48f_t15,44,iforest+conformal:max,0.1,0.95282,0.2995684558997399,0.44682549065973043,0.2753901631591393,0.17143532750059115,0.14725703475999055,0.9192895905278736,0.9551321450522434,0.023355869698832205,0.9715372760547101,0.8689558851858987
48f_t15,44,iforest+conformal:max,0.15,0.931,0.2995684558997399,0.4708264365098132,0.261675336959092,0.2091510995507212,0.1712579806100733,0.8735076467686236,0.9551321450522434,0.05716041794714198,0.9722115199383549,0.8088036987093046
48f_t15,44,iforest+conformal:max,0.2,0.9006,0.2995684558997399,0.5117048947741782,0.24488649799006856,0.26681839678410973,0.2121364388744384,0.817464232856438,0.9551321450522434,0.1450522433927474,0.9733673665960316,0.7733095742631477
48f_t15,44,iforest+conformal:max,0.3,0.8400599999999999,0.2995684558997399,0.6072061953180421,0.23235398439347363,0.37485221092456844,0.3076377394183022,0.7756290083867784,0.9760295021511985,0.322679778733866,0.9873820073203622,0.687680601040262
48f_t15,45,msp,0.005,0.6495952606201172,0.3294514069519981,0.3304268148498463,0.325520217545519,0.004906597304327264,0.000975407897848191,0.988067468150009,0.9618930547019053,0.01782421634910879,0.9775573107301098,0.9724523213253708
48f_t15,45,msp,0.01,0.6192365288734436,0.3294514069519981,0.3321707259399385,0.3208205249467959,0.011350200993142587,0.0027193189879404114,0.9738022609007716,0.9631223110018439,0.03196066379840197,0.9782315546137546,0.9677807744172606
48f_t15,45,msp,0.02,0.5907515287399292,0.3294514069519981,0.33491960274296523,0.3143473634428943,0.02057223930007094,0.0054681957909671315,0.9541539565763504,0.9655808236017209,0.05654578979717271,0.9787613176651897,0.9600269697553457
48f_t15,45,msp,0.03,0.5676604509353638,0.3294514069519981,0.3373433435800426,0.30778552849373375,0.02955781508630882,0.007891936628044455,0.9342364973981698,0.9668100799016595,0.07990165949600492,0.9794837218262378,0.9529955692544789
48f_t15,45,msp,0.05,0.5251955389976501,0.3294514069519981,0.34272286592575074,0.29271104279971627,0.05001182312603453,0.01327145897375266,0.8884801722591065,0.9754148740012293,0.14812538414259374,0.9812174918127529,0.9323348102485071
48f_t15,45,msp,0.075,0.4976373314857483,0.3294514069519981,0.3515310948214708,0.271340742492315,0.08019035232915583,0.02207968786947269,0.8236138525031402,0.9803318992009834,0.19852489244007376,0.9831439029088808,0.9130225390098247
48f_t15,45,msp,0.1,0.48068177700042725,0.3294514069519981,0.36036888153227714,0.25854220855994325,0.10182667297233389,0.030917474580279027,0.7847658352772295,0.9852489244007375,0.24830977258758452,0.9852147948372183,0.8975630899633982
48f_t15,45,msp,0.15,0.4505385756492615,0.3294514069519981,0.3734038779853393,0.22673799952707496,0.14666587845826437,0.04395247103334122,0.6882289610622645,0.990780577750461,0.3306699446834665,0.9885860142554421,0.8550857252937777
48f_t15,45,msp,0.2,0.44972485303878784,0.3294514069519981,0.3735221092456846,0.2262059588555214,0.14731615039016316,0.04407070229368645,0.6866140319397093,0.990780577750461,0.33128457283343576,0.9885860142554421,0.8445867848198806
48f_t15,45,msp,0.3,0.42583343386650085,0.3294514069519981,0.3799361551194136,0.20864861669425397,0.17128753842515962,0.050484748167415466,0.6333213708953885,0.9932390903503381,0.38045482483097726,0.9903679445193604,0.7726834906569062
48f_t15,45,entropy,0.005,0.8139369367687962,0.3294514069519981,0.3301312366989832,0.32717545519035235,0.002955781508630882,0.0006798297469851029,0.9930916920868474,0.9606637984019668,0.02581438229870928,0.9772201887882874,0.9709593527258717
48f_t15,45,entropy,0.01,0.7862217440965953,0.3294514069519981,0.3304859304800189,0.324751714353275,0.005734216126743911,0.0010345235280208088,0.9857347927507626,0.9631223110018439,0.04548248309772587,0.9773646696204971,0.9669620497014063
48f_t15,45,entropy,0.02,0.7416760624390836,0.3294514069519981,0.33128399148734927,0.31963821234334355,0.011645779144005676,0.0018325845353511468,0.9702135295173155,0.9643515673017824,0.08051628764597418,0.9780389135041417,0.9562704681178964
48f_t15,45,entropy,0.03,0.7258702602869133,0.3294514069519981,0.3318160321589028,0.3165641995743675,0.01525183258453535,0.0023646252069047056,0.9608828279203303,0.9649661954517517,0.10694529809465274,0.978087073781545,0.9506357156617222
48f_t15,45,entropy,0.05,0.7141783308456572,0.3294514069519981,0.33234807283045636,0.3142882478127217,0.01805982501773469,0.0028966658784582646,0.9539745200071775,0.9661954517516902,0.1352181929932391,0.9782315546137546,0.9427374301675978
48f_t15,45,entropy,0.075,0.7141783308456572,0.3294514069519981,0.33234807283045636,0.3142882478127217,0.01805982501773469,0.0028966658784582646,0.9539745200071775,0.9661954517516902,0.1352181929932391,0.9782315546137546,0.9427374301675978
48f_t15,45,entropy,0.1,0.7114161096875518,0.3294514069519981,0.3325254197209742,0.313460628990305,0.01906479073066919,0.0030740127689761173,0.9514624080387583,0.9661954517516902,0.14197910264290103,0.978327875168561,0.918464650356386
48f_t15,45,entropy,0.15,0.6925802566043228,0.3294514069519981,0.33350082761882244,0.3090269567273587,0.024473870891463703,0.004049420666824308,0.9380046653507985,0.9692685925015365,0.1720958819913952,0.9789057984973993,0.8774802542862646
48f_t15,45,entropy,0.2,0.6702618274035247,0.3294514069519981,0.3350378340033105,0.3031449515251833,0.031892882478127216,0.005586427051312367,0.9201507267181053,0.9717271051014137,0.2175783650891211,0.9794837218262378,0.8287420535542285
48f_t15,45,entropy,0.3,0.5523515658915077,0.3294514069519981,0.3518266729723339,0.23253133128399148,0.1192953416883424,0.022375266020335776,0.7058137448411986,0.9858635525507068,0.5107559926244623,0.9842515892891543,0.7538528221922558
48f_t15,45,margin,0.005,0.9924529790878296,0.3294514069519981,0.3314908961929534,0.325520217545519,0.005970678647434381,0.0020394892409553085,0.988067468150009,0.9606637984019668,0.006146281499692686,0.9775091504527066,0.973704488537854
48f_t15,45,margin,0.01,0.9845271706581116,0.3294514069519981,0.3345944667770158,0.3222984157011114,0.012296051075904469,0.005143059825017735,0.9782881751300916,0.9618930547019053,0.011063306699446834,0.9782315546137546,0.9706703910614525
48f_t15,45,margin,0.02,0.9688427448272705,0.3294514069519981,0.3415109955072121,0.3154114447860014,0.026099550721210688,0.012059588555214,0.9573838148214606,0.9674247080516287,0.028272894898586354,0.9799171643228665,0.9644095549990368
48f_t15,45,margin,0.03,0.9514385461807251,0.3294514069519981,0.3465653818869709,0.306662331520454,0.03990305036651691,0.017113974934972808,0.9308272025838867,0.9704978488014752,0.04794099569760295,0.9814582931997688,0.955933346176074
48f_t15,45,margin,0.05,0.9198862910270691,0.3294514069519981,0.3569401749822653,0.29265192716954364,0.06428824781272169,0.027488768030267202,0.8883007356899336,0.9760295021511985,0.07867240319606637,0.9838663070699287,0.9417260643421306
48f_t15,45,margin,0.075,0.8807399272918701,0.3294514069519981,0.3654823835422086,0.2732915582880113,0.09219082525419721,0.03603097659021045,0.8295352592858424,0.9797172710510141,0.11432083589428396,0.9860816798304758,0.9253515700250433
48f_t15,45,margin,0.1,0.8458062410354614,0.3294514069519981,0.3720146606762828,0.25248285646724994,0.11953180420903287,0.042563253724284704,0.7663735869370177,0.9827904118008605,0.14812538414259374,0.9877191292621845,0.9071469851666346
48f_t15,45,margin,0.15,0.772847056388855,0.3294514069519981,0.3817096240245921,0.21461929534168833,0.16709032868290377,0.052258217072593996,0.651444464381841,0.990780577750461,0.24154886293792255,0.9907050664611828,0.8691966865729147
48f_t15,45,margin,0.2,0.6920022964477539,0.3294514069519981,0.38871482620004727,0.1790021281626862,0.2097126980373611,0.05926341924804918,0.5433339314552306,0.9969268592501537,0.3540258143822987,0.9936428433827779,0.8275380466191485
48f_t15,45,margin,0.3,0.627867579460144,0.3294514069519981,0.39504019862851736,0.14997635374793095,0.24506384488058644,0.06558879167651928,0.45523057599138705,0.9981561155500922,0.4499078057775046,0.9954729339240994,0.7532267385860143
48f_t15,45,conformal,0.005,0.8060344827586207,0.3294514069519981,0.3294514069519981,0.32800307401276896,0.0014483329392291323,0.0,0.9956038040552665,0.9606637984019668,0.015365703749231715,0.9770757079560778,0.9718743979965324
48f_t15,45,conformal,0.01,0.7966804979253113,0.3294514069519981,0.3294514069519981,0.3264069519981083,0.0030444549538898085,0.0,0.990759016687601,0.9606637984019668,0.02642901044867855,0.9770757079560778,0.9672510113658255
48f_t15,45,conformal,0.02,0.7786093321134487,0.3294514069519981,0.3294514069519981,0.3220619531804209,0.007389453771577205,0.0,0.9775704288534004,0.9606637984019668,0.05224339274738783,0.9770757079560778,0.9515026006549798
48f_t15,45,conformal,0.03,0.7694115409855624,0.3294514069519981,0.3294514069519981,0.3180420903286829,0.011409316623315204,0.0,0.9653687421496502,0.9606637984019668,0.07559926244622003,0.9770757079560778,0.9407628587940666
48f_t15,45,conformal,0.05,0.7503594976018136,0.3294514069519981,0.3294514069519981,0.3109482147079688,0.018503192244029323,0.0,0.9438363538489145,0.9606637984019668,0.12415488629379226,0.9770757079560778,0.9126854170680023
48f_t15,45,conformal,0.075,0.7276964047936085,0.3294514069519981,0.3294514069519981,0.3022286592575077,0.027222747694490422,0.0,0.9173694598959269,0.9606637984019668,0.18315918869084205,0.9770757079560778,0.8802735503756501
48f_t15,45,conformal,0.1,0.7068965517241379,0.3294514069519981,0.3294514069519981,0.29664223220619534,0.03280917474580279,0.0,0.9004127041090976,0.9606637984019668,0.23048555623847572,0.9770757079560778,0.8557599691774225
48f_t15,45,conformal,0.15,0.6551724137931034,0.3294514069519981,0.3294514069519981,0.2814495152518326,0.04800189170016552,0.0,0.8542975058316886,0.9606637984019668,0.33927473878303627,0.9770757079560778,0.8100077056443845
48f_t15,45,conformal,0.2,0.6131824234354195,0.3294514069519981,0.329540080397257,0.2672026483802317,0.0623374320170253,8.867344525892646e-05,0.8110532926610443,0.9606637984019668,0.44314689612784264,0.9770757079560778,0.7398381814679252
48f_t15,45,conformal,0.3,0.5333943275388838,0.3294514069519981,0.3314022227476945,0.2181662331520454,0.1132359895956491,0.001950815795696382,0.6622106585322088,0.9618930547019053,0.5961893054701906,0.9780389135041417,0.6479483721826238
48f_t15,45,iforest,0.005,0.747274422764293,0.3294514069519981,0.32956963821234336,0.3288602506502719,0.0007093875620714117,0.00011823126034523528,0.998205634308272,0.9606637984019668,0.0,0.9771720285108842,0.9726931227123868
48f_t15,45,iforest,0.01,0.7361825838428314,0.3294514069519981,0.3296583116576023,0.3281804209032868,0.001477890754315441,0.00020690470560416174,0.9961421137627848,0.9606637984019668,0.0,0.9771720285108842,0.9681660566364862
48f_t15,45,iforest,0.02,0.7260035383821851,0.3294514069519981,0.32983565854812014,0.3257271222511232,0.004108536296996926,0.00038425159612201466,0.9886954961421138,0.9606637984019668,0.0,0.9772201887882874,0.9634463494509728
48f_t15,45,iforest,0.03,0.7128324853838349,0.3294514069519981,0.33317569165287303,0.32120477654291796,0.011970915109955071,0.0037242847008749115,0.9749685986003949,0.9606637984019668,0.0006146281499692685,0.9772201887882874,0.9555480639568484
48f_t15,45,iforest,0.05,0.6685512318743883,0.3294514069519981,0.33958973752660204,0.3163868526838496,0.023202884842752423,0.010138330574603924,0.9603445182128117,0.9606637984019668,0.008604794099569761,0.9777499518397226,0.9389327682527452
48f_t15,45,iforest,0.075,0.6438748476499112,0.3294514069519981,0.34177701584298886,0.3102683849609837,0.0315086308820052,0.012325608890990778,0.9417728333034273,0.9606637984019668,0.02089735709895513,0.977846272394529,0.9207281833943364
48f_t15,45,iforest,0.1,0.6100030086505934,0.3294514069519981,0.3519153464175928,0.30296760463466543,0.048947741782927406,0.022463939465594704,0.9196124170105869,0.9606637984019668,0.023970497848801474,0.9806395684839144,0.8952513966480447
48f_t15,45,iforest,0.15,0.5611037685819658,0.3294514069519981,0.3633837786710806,0.28609009222038306,0.07729368645069756,0.033932371719082526,0.8683832765117531,0.9606637984019668,0.06637984019668101,0.9810730109805432,0.8406858023502215
48f_t15,45,iforest,0.2,0.5386243837067478,0.3294514069519981,0.4029025774414755,0.27119295341688343,0.1317096240245921,0.07345117048947741,0.8231652610802082,0.9606637984019668,0.12784265519360788,0.981506453477172,0.8024465420920824
48f_t15,45,iforest,0.3,0.5054613528488251,0.3294514069519981,0.4688756207141168,0.25783282099787186,0.21104279971624498,0.1394242137621187,0.7826125964471561,0.9612784265519361,0.2956361401352182,0.9819398959738008,0.7050664611828165
48f_t15,45,iforest+msp:mean,0.005,0.9524067708333336,0.3294514069519981,0.330013005438638,0.32649562544336724,0.0035173799952707497,0.0005615984866398676,0.9910281715413602,0.9606637984019668,0.0006146281499692685,0.9774128298979002,0.975438258524369
48f_t15,45,iforest+msp:mean,0.01,0.9292750000000002,0.3294514069519981,0.33027902577441476,0.32492906124379284,0.005349964530621897,0.000827618822416647,0.9862731024582809,0.9606637984019668,0.002458512599877074,0.9775573107301098,0.9696590252359854
48f_t15,45,iforest+msp:mean,0.02,0.8882291666666666,0.3294514069519981,0.3315204540080397,0.3207022936864507,0.010818160321589028,0.0020690470560416176,0.973443387762426,0.9606637984019668,0.011063306699446834,0.9782315546137546,0.9622423425158929
48f_t15,45,iforest+msp:mean,0.03,0.8604166666666666,0.3294514069519981,0.3321411681248522,0.31777606999290614,0.014365098131946086,0.0026897611728541027,0.9645612775883726,0.9606637984019668,0.020282728948985862,0.9784241957233674,0.9565594297823156
48f_t15,45,iforest+msp:mean,0.05,0.8026041666666667,0.3294514069519981,0.3338850792149444,0.3087609363915819,0.0251241428233625,0.004433672262946323,0.9371972007895208,0.9612784265519361,0.0743700061462815,0.9794837218262378,0.9402812560200347
48f_t15,45,iforest+msp:mean,0.075,0.7675078125,0.3294514069519981,0.33592456845589974,0.2980905651454244,0.03783400331047529,0.006473161503901631,0.904808900053831,0.9612784265519361,0.13030116779348494,0.9803987670968984,0.923810441148141
48f_t15,45,iforest+msp:mean,0.1,0.7548125000000001,0.3294514069519981,0.33663395601797114,0.2932430834712698,0.04339087254670135,0.007182549065973043,0.8900951013816617,0.9618930547019053,0.14689612784265518,0.9805432479291081,0.9040165671354267
48f_t15,45,iforest+msp:mean,0.15,0.7338541666666667,0.3294514069519981,0.3381709624024592,0.2783755024828565,0.05979545991960274,0.008719555450461101,0.844966804234703,0.9618930547019053,0.1800860479409957,0.9809766904257369,0.8694374879599307
48f_t15,45,iforest+msp:mean,0.2,0.7245833333333334,0.3294514069519981,0.3397375266020336,0.27264128635611257,0.06709624024592102,0.01028611965003547,0.8275614570249418,0.9618930547019053,0.19668100799016594,0.981265652090156,0.8571566172221152
48f_t15,45,iforest+msp:mean,0.3,0.674375,0.3294514069519981,0.3466540553322298,0.239950342870655,0.10670371246157484,0.017202648380231732,0.7283330342723847,0.9618930547019053,0.28457283343577133,0.9829031015218648,0.7618955885185899
48f_t15,45,iforest+msp:max,0.005,0.9968760416666667,0.3294514069519981,0.32983565854812014,0.3279439583825964,0.0018917001655237645,0.00038425159612201466,0.9954243674860938,0.9612784265519361,0.012292562999385371,0.9773165093430938,0.9717780774417261
48f_t15,45,iforest+msp:max,0.01,0.9952083333333334,0.3294514069519981,0.3303381414045874,0.3258453535114684,0.004492787893118941,0.0008867344525892646,0.9890543692804594,0.9618930547019053,0.015365703749231715,0.977605471007513,0.9680697360816798
48f_t15,45,iforest+msp:max,0.02,0.99,0.3294514069519981,0.33190470560416174,0.3208205249467959,0.011084180657365807,0.002453298652163632,0.9738022609007716,0.9618930547019053,0.027043638598647817,0.9782797148911577,0.9597380080909266
48f_t15,45,iforest+msp:max,0.03,0.9864583333333333,0.3294514069519981,0.3327323244265784,0.3169188933554032,0.015813431071175218,0.003280917474580279,0.9619594473353671,0.9631223110018439,0.034419176398279044,0.9783760354459642,0.955210942015026
48f_t15,45,iforest+msp:max,0.05,0.9795833333333334,0.3294514069519981,0.3384074249231497,0.3060120595885552,0.032395365334594466,0.008956017971151572,0.9288534003229858,0.9655808236017209,0.05716041794714198,0.9789057984973993,0.9394625313041803
48f_t15,45,iforest+msp:max,0.075,0.9647916666666667,0.3294514069519981,0.34700874911326557,0.2961693071648144,0.05083944194845117,0.01755734216126744,0.8989772115557151,0.9668100799016595,0.0878918254456054,0.9800616451550761,0.9181275284145637
48f_t15,45,iforest+msp:max,0.1,0.951875,0.3294514069519981,0.3501714353275006,0.2855580515488295,0.06461338377867108,0.02072002837550248,0.866768347389198,0.9704978488014752,0.13153042409342347,0.9809285301483337,0.896792525524947
48f_t15,45,iforest+msp:max,0.15,0.9197916666666667,0.3294514069519981,0.36657602270040196,0.26049302435563965,0.10608299834476236,0.03712461574840388,0.7906872420599319,0.9760295021511985,0.19668100799016594,0.9847331920631863,0.8513773839337314
48f_t15,45,iforest+msp:max,0.2,0.88875,0.3294514069519981,0.38321707259399385,0.23551667060770867,0.14770040198628517,0.053765665641995745,0.7148752915844249,0.984019668100799,0.26551936078672406,0.9876709689847814,0.8032652668079369
48f_t15,45,iforest+msp:max,0.3,0.8422916666666667,0.3294514069519981,0.4091097186096004,0.1866280444549539,0.22248167415464648,0.07965831165760227,0.5664812488785215,0.990780577750461,0.3915181315304241,0.9915719514544403,0.7269793874012714
48f_t15,45,iforest+entropy:mean,0.005,0.9313572916666668,0.3294514069519981,0.329540080397257,0.3267025301489714,0.0028375502482856467,8.867344525892646e-05,0.991656199533465,0.9606637984019668,0.002458512599877074,0.9772201887882874,0.9713446349450973
48f_t15,45,iforest+entropy:mean,0.01,0.9066666666666667,0.3294514069519981,0.32971742728777487,0.32466304090801607,0.005054386379758808,0.0002660203357767794,0.9854656378970034,0.9606637984019668,0.004917025199754148,0.9772683490656906,0.9689366210749374
48f_t15,45,iforest+entropy:mean,0.02,0.8838812499999993,0.3294514069519981,0.3304268148498463,0.32283045637266494,0.007596358477181367,0.000975407897848191,0.9799031042526468,0.9606637984019668,0.013521819299323909,0.9774609901753034,0.9634463494509728
48f_t15,45,iforest+entropy:mean,0.03,0.85375625,0.3294514069519981,0.330781508630882,0.31951998108299834,0.01126152754788366,0.001330101678883897,0.9698546563789701,0.9612784265519361,0.027043638598647817,0.9776536312849162,0.9567520708919284
48f_t15,45,iforest+entropy:mean,0.05,0.829375,0.3294514069519981,0.33122487585717664,0.31547056041617405,0.0157543154410026,0.0017734689051785292,0.9575632513906335,0.9612784265519361,0.059618930547019056,0.977846272394529,0.9475534579079176
48f_t15,45,iforest+entropy:mean,0.075,0.8035416666666666,0.3294514069519981,0.33187514778907545,0.30997280681012057,0.021902340978954837,0.0024237408370773234,0.9408756504575633,0.9612784265519361,0.1057160417947142,0.9782315546137546,0.9203429011751108
48f_t15,45,iforest+entropy:mean,0.1,0.7979166666666666,0.3294514069519981,0.33193426341924803,0.3080811066445968,0.02385315677465122,0.002482856467249941,0.9351336802440338,0.9612784265519361,0.12231100184388445,0.9783760354459642,0.9093141976497785
48f_t15,45,iforest+entropy:mean,0.15,0.7861458333333333,0.3294514069519981,0.3321411681248522,0.30503665169070704,0.027104516434145187,0.0026897611728541027,0.9258926969316348,0.9612784265519361,0.1505838967424708,0.9784723560007705,0.8898092853014833
48f_t15,45,iforest+entropy:mean,0.2,0.755625,0.3294514069519981,0.3341215417356349,0.2971742728777489,0.036947268857886024,0.004670134783636794,0.9020276332316527,0.9612784265519361,0.2366318377381684,0.9793874012714313,0.8561934116740513
48f_t15,45,iforest+entropy:mean,0.3,0.6676354166666667,0.3294514069519981,0.34062426105462285,0.25339914873492553,0.08722511231969733,0.011172854102624735,0.7691548537591962,0.9625076828518746,0.3368162261831592,0.9820843768060104,0.75828356771335
48f_t15,45,iforest+entropy:max,0.005,0.9972916666666667,0.3294514069519981,0.3296878694726886,0.32868290375975406,0.0010049657129344999,0.00023646252069047056,0.9976673246007536,0.9606637984019668,0.011677934849416103,0.9771238682334811,0.9730302446542092
48f_t15,45,iforest+entropy:max,0.01,0.9947916666666666,0.3294514069519981,0.33019035232915583,0.3269981082998345,0.0031922440293213525,0.0007389453771577205,0.992553382379329,0.9606637984019668,0.02089735709895513,0.9772683490656906,0.9674918127528415
48f_t15,45,iforest+entropy:max,0.02,0.9897916666666666,0.3294514069519981,0.33060416174036417,0.3241310002364625,0.006473161503901631,0.001152754788366044,0.9838507087744482,0.9606637984019668,0.032575291948371235,0.9774128298979002,0.959834328645733
48f_t15,45,iforest+entropy:max,0.03,0.9858333333333333,0.3294514069519981,0.33089973989122723,0.32087964057696855,0.01002009931425869,0.0014483329392291323,0.9739816974699445,0.9631223110018439,0.04732636754763368,0.9775091504527066,0.9531882103640917
48f_t15,45,iforest+entropy:max,0.05,0.9791666666666666,0.3294514069519981,0.33477181366753367,0.3118940647907307,0.022877748876803026,0.005320406715535588,0.9467073389556793,0.9637369391518131,0.07129686539643516,0.977846272394529,0.9387882874205355
48f_t15,45,iforest+entropy:max,0.075,0.968765625,0.3294514069519981,0.34165878458264365,0.30412035942303145,0.0375384251596122,0.012207377630645543,0.9231114301094564,0.9649661954517517,0.11247695144437615,0.9786649971103834,0.9167790406472741
48f_t15,45,iforest+entropy:max,0.1,0.956875,0.3294514069519981,0.3424864034050603,0.2992728777488768,0.04321352565618349,0.01303499645306219,0.9083976314372869,0.9661954517516902,0.14382298709280886,0.9788576382199962,0.9005490271623965
48f_t15,45,iforest+entropy:max,0.15,0.949375,0.3294514069519981,0.34399385197446203,0.29676046346654056,0.0472333885079215,0.01454244502246394,0.9007715772474431,0.9661954517516902,0.15734480639213275,0.9789057984973993,0.8816701984203429
48f_t15,45,iforest+entropy:max,0.2,0.9147916666666667,0.3294514069519981,0.3546937810357058,0.28969614566091273,0.0649976353747931,0.025242374083707733,0.8793289072312938,0.9661954517516902,0.16594960049170251,0.9816990945867848,0.839578115969948
48f_t15,45,iforest+entropy:max,0.3,0.8691666666666666,0.3294514069519981,0.3650094585008276,0.27131118467722865,0.09369827382359897,0.03555805154882951,0.8235241342185537,0.9704978488014752,0.24523663183773817,0.9828549412444616,0.7430649200539395
48f_t15,45,iforest+margin:mean,0.005,0.9511484375000001,0.3294514069519981,0.3301312366989832,0.32717545519035235,0.002955781508630882,0.0006798297469851029,0.9930916920868474,0.9606637984019668,0.0006146281499692685,0.9775091504527066,0.9746676940859179
48f_t15,45,iforest+margin:mean,0.01,0.9308333333333334,0.3294514069519981,0.330781508630882,0.32534287065500117,0.005438637975880823,0.001330101678883897,0.9875291584424906,0.9606637984019668,0.0006146281499692685,0.977846272394529,0.9714891157773069
48f_t15,45,iforest+margin:mean,0.02,0.8829166666666667,0.3294514069519981,0.3328505556869236,0.32008157956963823,0.01276897611728541,0.0033991487349255144,0.9715593037861117,0.9606637984019668,0.0043023970497848806,0.979050279329609,0.9608456944712002
48f_t15,45,iforest+margin:mean,0.03,0.8635416666666667,0.3294514069519981,0.33394419484511706,0.3147316150390163,0.019212579806100732,0.004492787893118941,0.9553202942759734,0.9606637984019668,0.011677934849416103,0.9794355615488345,0.955933346176074
48f_t15,45,iforest+margin:mean,0.05,0.812828125,0.3294514069519981,0.33530385433908727,0.30205131236698984,0.03325254197209742,0.0058524473870891465,0.9168311501884084,0.9606637984019668,0.03872157344806392,0.9801579657098825,0.9394625313041803
48f_t15,45,iforest+margin:mean,0.075,0.7687578125,0.3294514069519981,0.33763892173090565,0.29002128162686214,0.047617640104043506,0.008187514778907543,0.8803158083617442,0.9612784265519361,0.08973570989551322,0.9806877287613177,0.9246291658639954
48f_t15,45,iforest+margin:mean,0.1,0.7344791666666667,0.3294514069519981,0.34162922676755736,0.26885788602506505,0.07277134074249232,0.012177819815559234,0.8160775165978827,0.9612784265519361,0.14812538414259374,0.981506453477172,0.9062319398959738
48f_t15,45,iforest+margin:mean,0.15,0.7149114583333332,0.3294514069519981,0.344851028611965,0.25552731142113977,0.08932371719082526,0.015399621659966896,0.7756145702494169,0.9618930547019053,0.17762753534111864,0.9823733384704296,0.8700635715661722
48f_t15,45,iforest+margin:mean,0.2,0.6805208333333332,0.3294514069519981,0.34739300070938756,0.24119177110427997,0.1062012296051076,0.017941593757389455,0.7321012022250135,0.9618930547019053,0.2329440688383528,0.9829031015218648,0.8315835099210171
48f_t15,45,iforest+margin:mean,0.3,0.6532291666666667,0.3294514069519981,0.3498758571766375,0.2315854812012296,0.1182903759754079,0.020424450224639394,0.7029427597344339,0.9625076828518746,0.28887523048555624,0.9833847042958967,0.7640146407243306
48f_t15,45,iforest+margin:max,0.005,0.9966697916666668,0.3294514069519981,0.330013005438638,0.32729368645069756,0.0027193189879404114,0.0005615984866398676,0.9934505652251929,0.9606637984019668,0.0043023970497848806,0.9772201887882874,0.9723078404931612
48f_t15,45,iforest+margin:max,0.01,0.995,0.3294514069519981,0.33060416174036417,0.3257566800662095,0.004847481674154647,0.001152754788366044,0.9887852144267002,0.9606637984019668,0.004917025199754148,0.9773646696204971,0.9688884607975342
48f_t15,45,iforest+margin:max,0.02,0.99,0.3294514069519981,0.33394419484511706,0.321500354693781,0.012443840151336013,0.004492787893118941,0.9758657814462588,0.9612784265519361,0.010448678549477565,0.9781833943363514,0.9620015411288769
48f_t15,45,iforest+margin:max,0.03,0.9858333333333333,0.3294514069519981,0.3351560652636557,0.31780562780799243,0.017350437455663278,0.005704658311657602,0.964650995872959,0.9637369391518131,0.014136447449293177,0.9785205162781737,0.9573299942207667
48f_t15,45,iforest+margin:max,0.05,0.9795833333333334,0.3294514069519981,0.343225348782218,0.3079628753842516,0.03526247339796642,0.01377394183021991,0.9347748071056882,0.9674247080516287,0.024585125998770743,0.9796763629358505,0.9441340782122905
48f_t15,45,iforest+margin:max,0.075,0.965625,0.3294514069519981,0.3564081343107118,0.29445495388980847,0.06195318042090329,0.026956727358713645,0.893773551049704,0.9704978488014752,0.05654578979717271,0.9820362165286072,0.9222693122712387
48f_t15,45,iforest+margin:max,0.1,0.9552083333333333,0.3294514069519981,0.36196500354693784,0.28357767793804683,0.07838732560889099,0.0325135965949397,0.8607572223219093,0.9735709895513215,0.07682851874615858,0.9835291851281064,0.9045463301868619
48f_t15,45,iforest+margin:max,0.15,0.9266979166666666,0.3294514069519981,0.38206431780562783,0.25623669898321116,0.12582761882241664,0.0526129108536297,0.7777678090794904,0.9791026429010449,0.12661339889366932,0.9870448853785397,0.8636582546715469
48f_t15,45,iforest+margin:max,0.2,0.8945833333333333,0.3294514069519981,0.39252778434618113,0.23300425632537242,0.1595235280208087,0.06307637739418302,0.707249237394581,0.9827904118008605,0.17393976644130302,0.9904161047967637,0.8160277403197842
48f_t15,45,iforest+margin:max,0.3,0.838125,0.3294514069519981,0.41694253960747224,0.1721742728777489,0.24476826672972335,0.0874911326554741,0.5226090077157726,0.990780577750461,0.3146896127842655,0.9931130803313427,0.7332402234636871
48f_t15,45,iforest+conformal:mean,0.005,0.9530218750000001,0.3294514069519981,0.3294514069519981,0.3281508630882005,0.001300543863797588,0.0,0.9960523954781985,0.9606637984019668,0.0018438844499078057,0.9770757079560778,0.9730302446542092
48f_t15,45,iforest+conformal:mean,0.01,0.9394822916666667,0.3294514069519981,0.3294514069519981,0.3264069519981083,0.0030444549538898085,0.0,0.990759016687601,0.9606637984019668,0.0018438844499078057,0.9770757079560778,0.9683586977460991
48f_t15,45,iforest+conformal:mean,0.02,0.9088541666666667,0.3294514069519981,0.3294514069519981,0.3227713407424923,0.006680066209505793,0.0,0.979723667683474,0.9606637984019668,0.006760909649661954,0.9770757079560778,0.9582450394914275
48f_t15,45,iforest+conformal:mean,0.03,0.8758364583333333,0.3294514069519981,0.3294514069519981,0.3199042326791204,0.009547174272877748,0.0,0.9710209940785933,0.9606637984019668,0.022741241548862937,0.9770757079560778,0.9475534579079176
48f_t15,45,iforest+conformal:mean,0.05,0.8394791666666667,0.3294514069519981,0.32948096476708444,0.31487940411444787,0.014601560652636557,2.955781508630882e-05,0.9557688856989055,0.9606637984019668,0.05224339274738783,0.9770757079560778,0.9283856675014448
48f_t15,45,iforest+conformal:mean,0.075,0.7889583333333334,0.3294514069519981,0.32983565854812014,0.30311539371009694,0.026720264838023172,0.00038425159612201466,0.9200610084335188,0.9606637984019668,0.12231100184388445,0.9773165093430938,0.906280100173377
48f_t15,45,iforest+conformal:mean,0.1,0.7473958333333333,0.3294514069519981,0.33030858358950105,0.2878635611255616,0.04244502246393946,0.0008571766375029558,0.8737663735869371,0.9606637984019668,0.20835894283958206,0.9774609901753034,0.8784916201117319
48f_t15,45,iforest+conformal:mean,0.15,0.6885416666666666,0.3294514069519981,0.33258453535114685,0.2735280208087018,0.059056514542445024,0.003133128399148735,0.8302530055625337,0.9606637984019668,0.2864167178856792,0.9784723560007705,0.7970525910229243
48f_t15,45,iforest+conformal:mean,0.2,0.6534166666666666,0.3294514069519981,0.33760936391581936,0.262059588555214,0.07554977536060535,0.008157956963821234,0.795442311143011,0.9612784265519361,0.3275968039336202,0.9811211712579464,0.7491331150067424
48f_t15,45,iforest+conformal:mean,0.3,0.6188541666666667,0.3294514069519981,0.33997398912272403,0.24636438874438402,0.09360960037834003,0.01052258217072594,0.7478019020276333,0.9612784265519361,0.3583282114320836,0.9816509343093817,0.6809381622038143
48f_t15,45,iforest+conformal:max,0.005,0.9966666666666667,0.3294514069519981,0.3294514069519981,0.32900803972570347,0.0004433672262946323,0.0,0.9986542257312041,0.9606637984019668,0.0043023970497848806,0.9770757079560778,0.9721151993835484
48f_t15,45,iforest+conformal:max,0.01,0.99479375,0.3294514069519981,0.32962875384251594,0.3274414755261291,0.002187278316386853,0.00017734689051785292,0.993899156648125,0.9606637984019668,0.012292562999385371,0.9771720285108842,0.9668175688691967
48f_t15,45,iforest+conformal:max,0.02,0.990625,0.3294514069519981,0.3296583116576023,0.32557933317569165,0.004078978481910617,0.00020690470560416174,0.9882469047191819,0.9606637984019668,0.023970497848801474,0.9771720285108842,0.9588711230976691
48f_t15,45,iforest+conformal:max,0.03,0.9870833333333333,0.3294514069519981,0.32983565854812014,0.3222984157011114,0.007537242847008749,0.00038425159612201466,0.9782881751300916,0.9606637984019668,0.03196066379840197,0.9772201887882874,0.9526102870352533
48f_t15,45,iforest+conformal:max,0.05,0.9795833333333334,0.3294514069519981,0.33317569165287303,0.3139631118467723,0.019212579806100732,0.0037242847008749115,0.9529876188767271,0.9606637984019668,0.04794099569760295,0.9772201887882874,0.9320458485840879
48f_t15,45,iforest+conformal:max,0.075,0.9677083333333333,0.3294514069519981,0.33938283282099785,0.30580515488295107,0.03357767793804682,0.009931425868999763,0.9282253723308811,0.9606637984019668,0.07867240319606637,0.9776536312849162,0.9095549990367945
48f_t15,45,iforest+conformal:max,0.1,0.9554166666666667,0.3294514069519981,0.3396488531567747,0.29874083707732324,0.04090801607945141,0.010197446204776544,0.9067827023147318,0.9606637984019668,0.11800860479409957,0.9777499518397226,0.8800809092660373
48f_t15,45,iforest+conformal:max,0.15,0.9239895833333333,0.3294514069519981,0.35005320406715534,0.28227713407424926,0.06777606999290613,0.020601797115157246,0.8568096178001078,0.9606637984019668,0.19299323909035035,0.9798208437680601,0.8232036216528608
48f_t15,45,iforest+conformal:max,0.2,0.895875,0.3294514069519981,0.3521813667533696,0.26992196736817214,0.08225939938519744,0.022729959801371484,0.819307374842993,0.9606637984019668,0.25138291333743085,0.9807840493161241,0.7717684453862454
48f_t15,45,iforest+conformal:max,0.3,0.8358333333333333,0.3294514069519981,0.3674036415228186,0.2335658548120123,0.13383778671080634,0.037952234570820524,0.7089538848017226,0.9606637984019668,0.4130301167793485,0.9812174918127529,0.6661529570410326
48f_t15,46,msp,0.005,0.6299129128456116,0.3157365807519508,0.3176282809174746,0.3113029084890045,0.006325372428470088,0.0018917001655237645,0.9859576858266242,0.9366933005531654,0.03073140749846343,0.9766422654594491,0.9697071855133885
48f_t15,46,msp,0.01,0.5967308878898621,0.3157365807519508,0.3194017498226531,0.30491842043036177,0.014483329392291322,0.0036651690707022937,0.9657367534169631,0.9409956976029502,0.0528580208973571,0.9774128298979002,0.9616644191870545
48f_t15,46,msp,0.02,0.5645396709442139,0.3157365807519508,0.32353984393473634,0.2970560416174036,0.026483802317332703,0.007803263182785528,0.9408350496161767,0.9483712354025814,0.0940381069452981,0.9782315546137546,0.9500096320554806
48f_t15,46,msp,0.03,0.5408280491828918,0.3157365807519508,0.3267912035942303,0.28898675809884133,0.03780444549538898,0.011054622842279498,0.9152780378206328,0.9514443761524278,0.12169637369391519,0.9790984396070121,0.9385956463109227
48f_t15,46,msp,0.05,0.5009632706642151,0.3157365807519508,0.3392941593757389,0.2673504374556633,0.07194372192007567,0.023557578623788128,0.846751544654559,0.9661954517516902,0.2052858020897357,0.9829031015218648,0.9112887690233096
48f_t15,46,msp,0.075,0.47826552391052246,0.3157365807519508,0.3506739181839678,0.2489654764719792,0.10170844171198865,0.034937337432017025,0.7885227485489609,0.9711124769514444,0.2636754763368162,0.9859371989982663,0.8781544981699094
48f_t15,46,msp,0.1,0.4770137667655945,0.3157365807519508,0.3507625916292268,0.24843343580042562,0.10232915582880113,0.03502601087727595,0.7868376708481557,0.9717271051014137,0.2685925015365704,0.9859853592756694,0.8620208052398382
48f_t15,46,msp,0.15,0.4652521014213562,0.3157365807519508,0.3606349018680539,0.23867935682194372,0.1219555450461102,0.0448983211161031,0.755944579666729,0.97480024585126,0.2956361401352182,0.9876228087073782,0.8299460604893084
48f_t15,46,msp,0.2,0.4604089856147766,0.3157365807519508,0.3619945613620241,0.23551667060770867,0.12647789075431545,0.0462579806100733,0.745927728889721,0.9754148740012293,0.3048555623847572,0.988056251204007,0.7992679637834714
48f_t15,46,msp,0.3,0.326837956905365,0.3157365807519508,0.39598604871127924,0.13179829746985103,0.26418775124142824,0.08024946795932844,0.41743119266055045,0.9969268592501537,0.6060233558696988,0.996099017530341,0.6622038142939703
48f_t15,46,entropy,0.005,0.8074981362567817,0.3157365807519508,0.3162390636084181,0.313933554031686,0.002305509576732088,0.0005024828564672499,0.9942894589028272,0.9354640442532268,0.032575291948371235,0.9762088229628203,0.9703814293970333
48f_t15,46,entropy,0.01,0.7748668855814449,0.3157365807519508,0.3167711042799716,0.3117462757152991,0.005024828564672499,0.0010345235280208088,0.9873619172439617,0.9360786724031961,0.06023355869698832,0.9763533037950298,0.9640242727798112
48f_t15,46,entropy,0.02,0.7504564184224611,0.3157365807519508,0.31765783873256087,0.30938165050839445,0.00827618822416647,0.0019212579806100734,0.9798726830181614,0.9385371850030731,0.07682851874615858,0.9765941051820458,0.9545366981313812
48f_t15,46,entropy,0.03,0.7504564184224611,0.3157365807519508,0.31765783873256087,0.30938165050839445,0.00827618822416647,0.0019212579806100734,0.9798726830181614,0.9385371850030731,0.07682851874615858,0.9765941051820458,0.9545366981313812
48f_t15,46,entropy,0.05,0.7434490050791647,0.3157365807519508,0.31786474343816506,0.3084062426105462,0.009458500827618822,0.002128162686214235,0.9767833739000187,0.9397664413030117,0.07928703134603565,0.9766904257368523,0.9358023502215372
48f_t15,46,entropy,0.075,0.7282503750275525,0.3157365807519508,0.3187810357058406,0.30618940647907306,0.012591629226767558,0.0030444549538898085,0.9697622168133307,0.9409956976029502,0.09526736324523663,0.9771720285108842,0.9169235214794837
48f_t15,46,entropy,0.1,0.7282503750275525,0.3157365807519508,0.3187810357058406,0.30618940647907306,0.012591629226767558,0.0030444549538898085,0.9697622168133307,0.9409956976029502,0.09526736324523663,0.9771720285108842,0.9169235214794837
48f_t15,46,entropy,0.15,0.7016386543529253,0.3157365807519508,0.320731851501537,0.29977536060534404,0.020956490896192954,0.00499527074958619,0.9494476689758472,0.9477566072526121,0.14197910264290103,0.9778944326719322,0.8487285686765556
48f_t15,46,entropy,0.2,0.5922185609823835,0.3157365807519508,0.3350969496334831,0.2547292504138094,0.08036769921967368,0.019360368881532277,0.8067777569743493,0.958819913952059,0.37738168408113093,0.9816027740319784,0.7756694278559044
48f_t15,46,entropy,0.3,0.4327470111786208,0.3157365807519508,0.38815322771340743,0.15677465121778197,0.23137857649562543,0.07241664696145661,0.4965362291705673,0.9981561155500922,0.7670559311616472,0.9916682720092468,0.65045270660759
48f_t15,46,margin,0.005,0.9927452206611633,0.3157365807519508,0.31848545755497754,0.31192362260581696,0.006561834949160558,0.00274887680302672,0.9879236098108968,0.9379225568531039,0.010448678549477565,0.9766422654594491,0.9728857638219996
48f_t15,46,margin,0.01,0.982621431350708,0.3157365807519508,0.32353984393473634,0.30707614093166236,0.016463703003074013,0.007803263182785528,0.972570679648006,0.9422249539028887,0.028887523048555623,0.978327875168561,0.9687439799653246
48f_t15,46,margin,0.02,0.9526258111000061,0.3157365807519508,0.3312544336722629,0.29371600851265073,0.0375384251596122,0.01551785292031213,0.9302565062722336,0.9514443761524278,0.06207744314689613,0.9802061259872857,0.9553554228472356
48f_t15,46,margin,0.03,0.9285802841186523,0.3157365807519508,0.33855521399858124,0.2830751950815796,0.055480018917001654,0.02281863324663041,0.8965549522561318,0.9557467732022127,0.0977258758451137,0.982469659025236,0.945241764592564
48f_t15,46,margin,0.05,0.873656153678894,0.3157365807519508,0.35634901868053914,0.2578032631827855,0.0985457554977536,0.04061243792858832,0.8165137614678898,0.9661954517516902,0.1604179471419791,0.986611442881911,0.9195241764592564
48f_t15,46,margin,0.075,0.8071070909500122,0.3157365807519508,0.36805391345471744,0.22762473397966423,0.1404291794750532,0.05231733270276661,0.7209324096611122,0.9766441303011678,0.23540258143822987,0.9896937006357157,0.8878347139279522
48f_t15,46,margin,0.1,0.7550492882728577,0.3157365807519508,0.3766552376448333,0.20235280208087017,0.1743024355639631,0.06091865689288248,0.6408912188728701,0.9834050399508297,0.30178242163491087,0.9921980350606819,0.860768638027355
48f_t15,46,margin,0.15,0.6522152423858643,0.3157365807519508,0.3884192480491842,0.1557696855048475,0.23264956254433672,0.07268266729723338,0.49335330462460214,0.9920098340503996,0.4400737553779963,0.9948468503178578,0.7911288769023309
48f_t15,46,margin,0.2,0.6397432088851929,0.3157365807519508,0.38924686687160087,0.15121778198155592,0.23802908489004493,0.07351028611965003,0.4789365287399363,0.9926244622003688,0.4566687154271666,0.995135811982277,0.7511558466576768
48f_t15,46,margin,0.3,0.5657538771629333,0.3157365807519508,0.39583825963584773,0.12692125798061007,0.26891700165523763,0.0801016788838969,0.4019846470698371,0.9969268592501537,0.553779963122311,0.9968695819687922,0.6618666923521479
48f_t15,46,conformal,0.005,0.996875,0.3157365807519508,0.3157365807519508,0.3157365807519508,0.0,0.0,1.0,0.9348494161032576,0.0,0.975919861298401,0.975919861298401
48f_t15,46,conformal,0.01,0.996875,0.3157365807519508,0.3157365807519508,0.3157365807519508,0.0,0.0,1.0,0.9348494161032576,0.0,0.975919861298401,0.975919861298401
48f_t15,46,conformal,0.02,0.996875,0.3157365807519508,0.3157365807519508,0.3157365807519508,0.0,0.0,1.0,0.9348494161032576,0.0,0.975919861298401,0.975919861298401
48f_t15,46,conformal,0.03,0.871804654711942,0.3157365807519508,0.3162390636084181,0.313933554031686,0.002305509576732088,0.0005024828564672499,0.9942894589028272,0.9360786724031961,0.014751075599262446,0.9762088229628203,0.8276825274513582
48f_t15,46,conformal,0.05,0.8317436093094239,0.3157365807519508,0.34369827382359897,0.308288011350201,0.035410262473397965,0.027961693071648145,0.9764089121887287,0.9735709895513215,0.07928703134603565,0.9836255056829127,0.8134270853400115
48f_t15,46,conformal,0.075,0.7988904299583911,0.3157365807519508,0.39258689997635376,0.2934795459919603,0.09910735398439348,0.07685031922440293,0.9295075828496537,0.9963122311001844,0.18377381684081132,0.9962434983625506,0.7945964168753612
48f_t15,46,conformal,0.1,0.7718428080885158,0.3157365807519508,0.40869590919839205,0.2690943485457555,0.13960156065263657,0.09295932844644124,0.8522748548960868,1.0,0.25568531038721576,0.9980254286264689,0.7682045848584088
48f_t15,46,conformal,0.15,0.7462800457840519,0.3157365807519508,0.48040316859777726,0.23513241901158666,0.24527074958619058,0.16466658784582644,0.7447107283280284,1.0,0.36754763368162263,0.9998555191677904,0.7346368715083799
48f_t15,46,conformal,0.2,0.7132392216711178,0.3157365807519508,0.5301785292031213,0.20235280208087017,0.3278257271222511,0.21444194845117048,0.6408912188728701,1.0,0.46404425322679776,1.0,0.6893662107493739
48f_t15,46,conformal,0.3,0.6413582602060282,0.3157365807519508,0.5883187514778907,0.15441002601087728,0.4339087254670135,0.27258217072593993,0.4890469949447669,1.0,0.5820528580208973,1.0,0.5836062415719514
48f_t15,46,iforest,0.005,0.73149299803828,0.3157365807519508,0.31617994797824545,0.31414045873729013,0.0020394892409553085,0.0004433672262946323,0.9949447668975847,0.9348494161032576,0.0,0.9761125024080138,0.9668657291465999
48f_t15,46,iforest,0.01,0.7166696733928257,0.3157365807519508,0.31792385906833764,0.31307637739418304,0.004847481674154647,0.002187278316386853,0.9915746114959746,0.9348494161032576,0.0,0.9762088229628203,0.9618570602966673
48f_t15,46,iforest,0.02,0.6948847170825156,0.3157365807519508,0.3251064081343107,0.31109600378340035,0.014010404350910381,0.009369827382359896,0.9853023778318667,0.9348494161032576,0.0043023970497848806,0.9762088229628203,0.9534771720285109
48f_t15,46,iforest,0.03,0.6931878141780379,0.3157365807519508,0.3251655237644833,0.3076968550484748,0.017468668716008513,0.009428943012532514,0.9745366036322786,0.9348494161032576,0.0043023970497848806,0.9762088229628203,0.9508765170487382
48f_t15,46,iforest,0.05,0.6368112200348262,0.3157365807519508,0.3314022227476945,0.29986403405060297,0.03153818869709151,0.015665641995743676,0.9497285152593147,0.9348494161032576,0.02089735709895513,0.9768830668464651,0.9192833750722404
48f_t15,46,iforest,0.075,0.586331020060236,0.3157365807519508,0.34026956727358715,0.28747930952943956,0.05279025774414755,0.02453298652163632,0.910503651001685,0.9348494161032576,0.02581438229870928,0.9786168368329802,0.8769986515122327
48f_t15,46,iforest,0.1,0.5466574202606159,0.3157365807519508,0.34931425868999766,0.2778434618113029,0.07147079687869473,0.03357767793804682,0.8799850215315485,0.9348494161032576,0.055931161647203444,0.9786649971103834,0.8301387015989212
48f_t15,46,iforest,0.15,0.5292151181604746,0.3157365807519508,0.4155533222984157,0.2687987703948924,0.1467545519035233,0.09981674154646489,0.8513387006178619,0.9348494161032576,0.08297480024585126,0.9787131573877865,0.8021575804276633
48f_t15,46,iforest,0.2,0.4977483045785479,0.3157365807519508,0.4765606526365571,0.253635611255616,0.22292504138094113,0.1608240718846063,0.8033139861449168,0.9354640442532268,0.19360786724031961,0.9793392409940281,0.7492294355615489
48f_t15,46,iforest,0.3,0.47069048442755196,0.3157365807519508,0.4946204776542918,0.24438401513360133,0.2502364625206905,0.17888389690234097,0.7740123572364725,0.9373079287031346,0.338660110633067,0.9795800423810441,0.624638797919476
48f_t15,46,iforest+msp:mean,0.005,0.9473010000000001,0.3157365807519508,0.31653464175928114,0.31180539134547175,0.004729250413809411,0.0007980610073303381,0.9875491480996068,0.9348494161032576,0.002458512599877074,0.9762088229628203,0.9692255827393566
48f_t15,46,iforest+msp:mean,0.01,0.9308050000000001,0.3157365807519508,0.317480491842043,0.3089973989122724,0.008483092929770631,0.0017439110900922205,0.9786556824564688,0.9348494161032576,0.005531653349723417,0.9765941051820458,0.9624349836255057
48f_t15,46,iforest+msp:mean,0.02,0.8894,0.3157365807519508,0.3194017498226531,0.3019330811066446,0.017468668716008513,0.0036651690707022937,0.95628159520689,0.9348494161032576,0.015980331899200985,0.977605471007513,0.9512617992679638
48f_t15,46,iforest+msp:mean,0.03,0.8790209999999998,0.3157365807519508,0.3206136202411918,0.2998935918656893,0.02072002837550248,0.004877039489240956,0.9498221306871373,0.9348494161032576,0.019668100799016593,0.977846272394529,0.9441340782122905
48f_t15,46,iforest+msp:mean,0.05,0.843105,0.3157365807519508,0.32534287065500117,0.284168834239773,0.04117403641522819,0.009606289903050366,0.9000187230855645,0.9366933005531654,0.0743700061462815,0.9787131573877865,0.923569639761125
48f_t15,46,iforest+msp:mean,0.075,0.8378,0.3157365807519508,0.3256680066209506,0.2829569638212343,0.04271104279971624,0.009931425868999763,0.8961804905448417,0.9366933005531654,0.0842040565457898,0.9787131573877865,0.9196204970140628
48f_t15,46,iforest+msp:mean,0.1,0.8119000000000001,0.3157365807519508,0.3315204540080397,0.2685918656892882,0.06292858831875148,0.01578387325608891,0.8506833926231042,0.9373079287031346,0.1432083589428396,0.9790021190522057,0.8792140242727798
48f_t15,46,iforest+msp:mean,0.15,0.8047,0.3157365807519508,0.3331461338377867,0.2616162213289194,0.07152991250886734,0.017409553085835895,0.8285901516569931,0.9373079287031346,0.1702519975414874,0.9791465998844153,0.8420824503949143
48f_t15,46,iforest+msp:mean,0.2,0.7947399999999999,0.3157365807519508,0.33636793568219436,0.2546996925987231,0.08166824308347127,0.020631354930243557,0.8066841415465269,0.9373079287031346,0.1972956361401352,0.9798690040454633,0.8102485070314005
48f_t15,46,iforest+msp:mean,0.3,0.7021099999999998,0.3157365807519508,0.39093166233152044,0.20285528493733743,0.188076377394183,0.07519508157956964,0.6424826811458528,0.9373079287031346,0.3700061462814997,0.984685031785783,0.642650741668272
48f_t15,46,iforest+msp:max,0.005,0.9976,0.3157365807519508,0.3164755261291085,0.3139631118467723,0.0025124142823362496,0.0007389453771577205,0.9943830743306497,0.9348494161032576,0.01782421634910879,0.9762569832402235,0.9684068580235022
48f_t15,46,iforest+msp:max,0.01,0.9948,0.3157365807519508,0.3176282809174746,0.31017971151572477,0.007448569401749823,0.0018917001655237645,0.982400299569369,0.9366933005531654,0.028887523048555623,0.9767867462916586,0.9613272972452321
48f_t15,46,iforest+msp:max,0.02,0.9896,0.3157365807519508,0.3216481437692126,0.3033814140458737,0.01826672972333885,0.005911563017261764,0.9608687511701928,0.9391518131530424,0.051014136447449294,0.9774609901753034,0.9486129840107879
48f_t15,46,iforest+msp:max,0.03,0.9848,0.3157365807519508,0.32927406006148024,0.2995980137148262,0.029676046346654054,0.01353747930952944,0.9488859764089121,0.9434542102028273,0.07129686539643516,0.9778944326719322,0.9389809285301484
48f_t15,46,iforest+msp:max,0.05,0.9772,0.3157365807519508,0.33282099787183733,0.28827737053676994,0.04454362733506739,0.017084417119886498,0.9130312675528928,0.9483712354025814,0.0977258758451137,0.9784723560007705,0.9243883644769794
48f_t15,46,iforest+msp:max,0.075,0.963415,0.3157365807519508,0.3403582407188461,0.2731437692125798,0.06721447150626626,0.02462165996689525,0.8651001685077702,0.9539028887523049,0.14996926859250154,0.9806395684839144,0.8926025813908688
48f_t15,46,iforest+msp:max,0.1,0.94582,0.3157365807519508,0.3558760936391582,0.2516552376448333,0.1042208559943249,0.04013951288720738,0.7970417524808088,0.9668100799016595,0.22802704363859866,0.9839144673473319,0.8533037950298594
48f_t15,46,iforest+msp:max,0.15,0.9262,0.3157365807519508,0.37254670134783635,0.22676755734216128,0.1457791440056751,0.056810120595885555,0.7182175622542595,0.9711124769514444,0.28395820528580207,0.9878636100943942,0.7970525910229243
48f_t15,46,iforest+msp:max,0.2,0.9157199999999999,0.3157365807519508,0.3766552376448333,0.22206786474343818,0.15458737290139513,0.06091865689288248,0.7033327092304812,0.972341733251383,0.3011677934849416,0.9882488923136197,0.7448468503178578
48f_t15,46,iforest+msp:max,0.3,0.8724,0.3157365807519508,0.40429179475053206,0.2007566800662095,0.20353511468432253,0.08855521399858123,0.635835985770455,0.9778733866011063,0.37553779963122313,0.9908013870159892,0.648237333847043
48f_t15,46,iforest+entropy:mean,0.005,0.9373080000000001,0.3157365807519508,0.31615039016315916,0.3118940647907307,0.00425632537242847,0.0004138094112083235,0.9878299943830743,0.9348494161032576,0.0036877688998156115,0.976160662685417,0.9689366210749374
48f_t15,46,iforest+entropy:mean,0.01,0.9200100000000002,0.3157365807519508,0.31662331520454007,0.30893828328209977,0.007685031922440294,0.0008867344525892646,0.9784684516008237,0.9348494161032576,0.009834050399508297,0.9762569832402235,0.9633500288961664
48f_t15,46,iforest+entropy:mean,0.02,0.8989,0.3157365807519508,0.3170371246157484,0.3052139985812249,0.011823126034523528,0.001300543863797588,0.9666729076951882,0.9348494161032576,0.015980331899200985,0.9763533037950298,0.9555962242342516
48f_t15,46,iforest+entropy:mean,0.03,0.884906,0.3157365807519508,0.31845589973989125,0.301873965476472,0.016581934263419248,0.0027193189879404114,0.9560943643512451,0.9348494161032576,0.028887523048555623,0.9764496243498363,0.9474089770757079
48f_t15,46,iforest+entropy:mean,0.05,0.8704000000000001,0.3157365807519508,0.31987467486403404,0.29803144951525185,0.02184322534878222,0.004138094112083235,0.9439243587343195,0.9354640442532268,0.04671173939766441,0.9768830668464651,0.9392698901945675
48f_t15,46,iforest+entropy:mean,0.075,0.8496999999999999,0.3157365807519508,0.322357531331284,0.2906124379285883,0.03174509340269567,0.006620950579333176,0.9204268863508706,0.9354640442532268,0.0878918254456054,0.9777017915623194,0.9085917934887305
48f_t15,46,iforest+entropy:mean,0.1,0.8402000000000001,0.3157365807519508,0.32549065973043273,0.2864743438165051,0.039016315913927645,0.009754078978481911,0.9073207264557199,0.9354640442532268,0.12599877074370006,0.9781352340589482,0.8907724908495472
48f_t15,46,iforest+entropy:mean,0.15,0.8323,0.3157365807519508,0.32856467249940885,0.28263182785528496,0.04593284464412391,0.012828091747458028,0.8951507208387943,0.9354640442532268,0.15119852489244007,0.9784723560007705,0.8539780389135041
48f_t15,46,iforest+entropy:mean,0.2,0.80162,0.3157365807519508,0.33462402459210216,0.2690647907306692,0.06555923386143296,0.018887443840151338,0.8521812394682644,0.9373079287031346,0.2667486170866626,0.9790021190522057,0.8131862839529955
48f_t15,46,iforest+entropy:mean,0.3,0.69983,0.3157365807519508,0.38617285410262475,0.21030385433908724,0.17586899976353748,0.07043627335067391,0.6660737689571241,0.9373079287031346,0.41364474492931774,0.9833365440184936,0.6455885185898671
48f_t15,46,iforest+entropy:max,0.005,0.9976,0.3157365807519508,0.31617994797824545,0.3143769212579806,0.0018030267202648381,0.0004433672262946323,0.9956936903201647,0.9348494161032576,0.027658266748617086,0.976160662685417,0.9679252552494703
48f_t15,46,iforest+entropy:max,0.01,0.996,0.3157365807519508,0.316327737053677,0.3118940647907307,0.004433672262946323,0.0005911563017261764,0.9878299943830743,0.9354640442532268,0.03503380454824831,0.9763051435176267,0.9624831439029089
48f_t15,46,iforest+entropy:max,0.02,0.992,0.3157365807519508,0.3187514778907543,0.30893828328209977,0.009813194608654529,0.0030148971388035,0.9784684516008237,0.9360786724031961,0.06084818684695759,0.9766422654594491,0.9485648237333847
48f_t15,46,iforest+entropy:max,0.03,0.9878,0.3157365807519508,0.32454480964767085,0.30639631118467725,0.018148498462993615,0.008808228895720029,0.9704175248080884,0.9385371850030731,0.08113091579594345,0.9768349065690618,0.9376324407628588
48f_t15,46,iforest+entropy:max,0.05,0.9878,0.3157365807519508,0.32454480964767085,0.30639631118467725,0.018148498462993615,0.008808228895720029,0.9704175248080884,0.9385371850030731,0.08113091579594345,0.9768349065690618,0.9376324407628588
48f_t15,46,iforest+entropy:max,0.075,0.9864,0.3157365807519508,0.32628872073776305,0.30550957673208795,0.020779144005675102,0.010552139985812248,0.9676090619734131,0.9397664413030117,0.08358942839582052,0.9769793874012714,0.9176940859179349
48f_t15,46,iforest+entropy:max,0.1,0.9784,0.3157365807519508,0.3277074958619059,0.29903641522818636,0.028671080633719554,0.011970915109955071,0.9471072832802846,0.9403810694529809,0.09649661954517517,0.9771238682334811,0.8933249855519168
48f_t15,46,iforest+entropy:max,0.15,0.9638,0.3157365807519508,0.3301312366989832,0.294218491369118,0.035912745329865214,0.014394655947032396,0.9318479685452162,0.9409956976029502,0.10940381069452981,0.978087073781545,0.8652475438258524
48f_t15,46,iforest+entropy:max,0.2,0.9418,0.3157365807519508,0.3391168124852211,0.28449397020572237,0.0546228422794987,0.023380231733270276,0.9010484927916119,0.9452980946527351,0.14935464044253227,0.9789057984973993,0.7897322288576383
48f_t15,46,iforest+entropy:max,0.3,0.87,0.3157365807519508,0.37964057696855047,0.2152104516434145,0.16443012532513596,0.06390399621659967,0.68161392997566,0.9594345421020283,0.4585125998770744,0.9850221537276055,0.624638797919476
48f_t15,46,iforest+margin:mean,0.005,0.9513110000000002,0.3157365807519508,0.3173327027666115,0.3125738945377158,0.00475880822889572,0.0015961220146606763,0.9899831492229919,0.9348494161032576,0.0018438844499078057,0.9767867462916586,0.9712001541128877
48f_t15,46,iforest+margin:mean,0.01,0.9331,0.3157365807519508,0.31854457318515017,0.30929297706313547,0.009251596122014661,0.002807992433199338,0.9795918367346937,0.9348494161032576,0.0036877688998156115,0.9773646696204971,0.9643613947216336
48f_t15,46,iforest+margin:mean,0.02,0.9023539999999988,0.3157365807519508,0.32085008276188226,0.3010759044691416,0.0197741782927406,0.005113502009931426,0.9535667478000374,0.9348494161032576,0.011677934849416103,0.9779907532267386,0.9521768445386245
48f_t15,46,iforest+margin:mean,0.03,0.871903,0.3157365807519508,0.32259399385197446,0.2922676755734216,0.03032631827855285,0.006857413100023646,0.9256693503089308,0.9348494161032576,0.01843884449907806,0.9784241957233674,0.9390290888075515
48f_t15,46,iforest+margin:mean,0.05,0.843325,0.3157365807519508,0.3258453535114684,0.27589264601560654,0.049952707495861906,0.010108772759517616,0.873806403295263,0.9366933005531654,0.0528580208973571,0.9788576382199962,0.9204392217299172
48f_t15,46,iforest+margin:mean,0.075,0.8030075,0.3157365807519508,0.3390576968550485,0.2543745566327737,0.08468314022227477,0.023321116103097658,0.8056543718404793,0.9373079287031346,0.1407498463429625,0.9810730109805432,0.8896166441918706
48f_t15,46,iforest+margin:mean,0.1,0.8006,0.3157365807519508,0.3409198392054859,0.251152754788366,0.08976708441711989,0.025183258453535116,0.7954502902078261,0.9373079287031346,0.14689612784265518,0.9816027740319784,0.8867270275476786
48f_t15,46,iforest+margin:mean,0.15,0.7739,0.3157365807519508,0.3512059588555214,0.23507330338141405,0.11613265547410735,0.035469378103570585,0.7445234974723834,0.9373079287031346,0.21880762138905963,0.9820843768060104,0.8213735311115392
48f_t15,46,iforest+margin:mean,0.2,0.7603,0.3157365807519508,0.3554918420430362,0.2309056514542445,0.12458619058879168,0.039755261291085364,0.7313237221494102,0.9373079287031346,0.2501536570374923,0.9821806973608168,0.7980157965709882
48f_t15,46,iforest+margin:mean,0.3,0.7078099999999998,0.3157365807519508,0.38558169780089857,0.2054268148498463,0.18015488295105225,0.06984511704894775,0.6506272233664108,0.9373079287031346,0.35095267363245236,0.985166634559815,0.6451550760932383
48f_t15,46,iforest+margin:max,0.005,0.9982,0.3157365807519508,0.31653464175928114,0.3136970915109955,0.0028375502482856467,0.0007980610073303381,0.9935405354802471,0.9360786724031961,0.002458512599877074,0.9762088229628203,0.9707185513388558
48f_t15,46,iforest+margin:max,0.01,0.995202,0.3157365807519508,0.31949042326791205,0.3103275005911563,0.009162922676755733,0.0037538425159612202,0.9828683767084816,0.9379225568531039,0.011677934849416103,0.9771720285108842,0.9650837988826816
48f_t15,46,iforest+margin:max,0.02,0.99,0.3157365807519508,0.3257566800662095,0.30545046110191537,0.02030621896429416,0.01002009931425869,0.9674218311177682,0.9409956976029502,0.02950215119852489,0.9784723560007705,0.9546811789635908
48f_t15,46,iforest+margin:max,0.03,0.9854,0.3157365807519508,0.3347126980373611,0.2992728777488768,0.035439820288484275,0.018976117285410262,0.9478562067028645,0.9471419791026429,0.04671173939766441,0.9794837218262378,0.945723367366596
48f_t15,46,iforest+margin:max,0.05,0.9784,0.3157365807519508,0.3412449751714353,0.2852033577677938,0.056041617403641525,0.025508394419484513,0.9032952630593521,0.9526736324523664,0.06760909649661954,0.9806877287613177,0.9297823155461375
48f_t15,46,iforest+margin:max,0.075,0.963,0.3157365807519508,0.35333412154173566,0.264453771577205,0.08888034996453062,0.03759754078978482,0.8375772327279536,0.9582052858020897,0.12784265519360788,0.9842034290117511,0.8953958774802543
48f_t15,46,iforest+margin:max,0.1,0.94442,0.3157365807519508,0.37349255143059823,0.24252187278316387,0.1309706786474344,0.057755970678647434,0.7681145852836547,0.9661954517516902,0.17947141979102643,0.987333847042959,0.860768638027355
48f_t15,46,iforest+margin:max,0.15,0.9158,0.3157365807519508,0.3924391109009222,0.19954480964767085,0.19289430125325135,0.07670253014897138,0.6319977532297323,0.9778733866011063,0.2735095267363245,0.991234829512618,0.7874686958196879
48f_t15,46,iforest+margin:max,0.2,0.8832,0.3157365807519508,0.4112674391109009,0.15523764483329391,0.256029794277607,0.0955308583589501,0.491668226923797,0.9858635525507068,0.3927473878303626,0.9941244461568098,0.7117125794644578
48f_t15,46,iforest+margin:max,0.3,0.8372,0.3157365807519508,0.4459387562071412,0.12863561125561598,0.3173031449515252,0.13020217545519036,0.4074143418835424,0.9926244622003688,0.5150583896742471,0.9957618955885186,0.6191966865729147
48f_t15,46,iforest+conformal:mean,0.005,0.953601,0.3157365807519508,0.3211752187278316,0.3120122960510759,0.009162922676755733,0.005438637975880823,0.9882044560943642,0.9348494161032576,0.001229256299938537,0.977846272394529,0.9674918127528415
48f_t15,46,iforest+conformal:mean,0.01,0.9323130000000003,0.3157365807519508,0.32398321116103096,0.3093520926933081,0.014631118467722866,0.00824663040908016,0.9797790675903388,0.9348494161032576,0.002458512599877074,0.9785205162781737,0.9584376806010403
48f_t15,46,iforest+conformal:mean,0.02,0.8906000000000001,0.3157365807519508,0.33385552139985814,0.3026720264838023,0.031183494916055807,0.018118940647907308,0.9586219809024527,0.9348494161032576,0.01290719114935464,0.978809477942593,0.9461086495858216
48f_t15,46,iforest+conformal:mean,0.03,0.8771,0.3157365807519508,0.3403582407188461,0.30033695909198393,0.040021281626862144,0.02462165996689525,0.9512263621044749,0.9354640442532268,0.014751075599262446,0.9790984396070121,0.9358505104989405
48f_t15,46,iforest+conformal:mean,0.05,0.8536400000000001,0.3157365807519508,0.3659553085835895,0.29667179002128163,0.06928351856230787,0.050218727831638686,0.9396180490544842,0.9373079287031346,0.03564843269821758,0.9793392409940281,0.9198612984010788
48f_t15,46,iforest+conformal:mean,0.075,0.8271599999999998,0.3157365807519508,0.42876566564199575,0.29114447860014186,0.13762118704185386,0.11302908489004493,0.9221119640516756,0.9373079287031346,0.08850645359557467,0.9797245232132538,0.892650741668272
48f_t15,46,iforest+conformal:mean,0.1,0.8031,0.3157365807519508,0.446500354693781,0.2808288011350201,0.16567155355876093,0.13076377394183022,0.8894401797416215,0.9373079287031346,0.12784265519360788,0.981506453477172,0.8378925062608361
48f_t15,46,iforest+conformal:mean,0.15,0.762115,0.3157365807519508,0.46275715299125086,0.25144833293922914,0.21130882005202176,0.14702057223930007,0.7963864444860513,0.9373079287031346,0.2052858020897357,0.9828549412444616,0.7356000770564438
48f_t15,46,iforest+conformal:mean,0.2,0.717,0.3157365807519508,0.48941830219910143,0.23740837077323243,0.252009931425869,0.17368172144715063,0.7519191162703613,0.9373079287031346,0.26490473263675474,0.9868040839915238,0.6983240223463687
48f_t15,46,iforest+conformal:mean,0.3,0.6657,0.3157365807519508,0.5255970678647435,0.21328919366280444,0.312307874201939,0.20986048711279262,0.6755289271671971,0.9471419791026429,0.39028887523048555,0.9928722789443267,0.5840396840685802
48f_t15,46,iforest+conformal:max,0.005,1.0,0.3157365807519508,0.3157365807519508,0.3157365807519508,0.0,0.0,1.0,0.9348494161032576,0.0,0.975919861298401,0.975919861298401
48f_t15,46,iforest+conformal:max,0.01,1.0,0.3157365807519508,0.3157365807519508,0.3157365807519508,0.0,0.0,1.0,0.9348494161032576,0.0,0.975919861298401,0.975919861298401
48f_t15,46,iforest+conformal:max,0.02,1.0,0.3157365807519508,0.3157365807519508,0.3157365807519508,0.0,0.0,1.0,0.9348494161032576,0.0,0.975919861298401,0.975919861298401
48f_t15,46,iforest+conformal:max,0.03,0.999,0.3157365807519508,0.31582525419720975,0.3146133837786711,0.0012118704185386617,8.867344525892646e-05,0.9964426137427448,0.9354640442532268,0.01290719114935464,0.9760161818532075,0.8279714891157773
48f_t15,46,iforest+conformal:max,0.05,0.9916,0.3157365807519508,0.32652518325845353,0.3081993379049421,0.018325845353511467,0.01078860250650272,0.9761280659052612,0.9582052858020897,0.054087277197295634,0.9798690040454633,0.804276632633404
48f_t15,46,iforest+conformal:max,0.075,0.9802299999999999,0.3157365807519508,0.35933435800425634,0.30216954362733506,0.05716481437692126,0.04359777725230551,0.9570305186294701,0.9778733866011063,0.09219422249539029,0.985407435946831,0.7899730302446543
48f_t15,46,iforest+conformal:max,0.1,0.96562,0.3157365807519508,0.3827737053676992,0.2924745802790258,0.09029912508867345,0.0670371246157484,0.9263246583036885,0.9926244622003688,0.12661339889366932,0.991957233673666,0.7698901945675207
48f_t15,46,iforest+conformal:max,0.15,0.9264,0.3157365807519508,0.4159080160794514,0.25685741310002363,0.15905060297942777,0.10017143532750059,0.8135180677775697,0.9975414874001229,0.24154886293792255,0.9973993450202273,0.7046330186861877
48f_t15,46,iforest+conformal:max,0.2,0.8942,0.3157365807519508,0.44679593284464414,0.22978245448096477,0.21701347836367935,0.13105935209269332,0.727766335892155,1.0,0.3325138291333743,0.9988923136197264,0.6342708534001156
48f_t15,46,iforest+conformal:max,0.3,0.8180599999999999,0.3157365807519508,0.5557460392527784,0.17048947741782927,0.38525656183494916,0.2400094585008276,0.5399737876802096,1.0,0.5273509526736324,1.0,0.5482565979580042
