pool,seed,score,target,threshold,alert_fpr_off,alert_fpr_on,confident_alert_fpr,review_rate_normal,normal_called_normal_but_reviewed,share_of_false_alerts_that_skip_review,zero_day_catch,zero_day_flagged,known_attack_alert_rate,known_attack_confident_detection
40f,42,msp,0.005,0.6392396092414856,0.29835658548120125,0.29974580279025775,0.2951938992669662,0.004551903523291558,0.0013892173090565146,0.9893996433524866,0.9532882606023356,0.04179471419791026,0.9659988441533424,0.9584858408784435
40f,42,msp,0.01,0.6133160591125488,0.29835658548120125,0.3016670607708678,0.2913218254906597,0.010345235280208087,0.003310475289666588,0.9764216366158113,0.9545175169022742,0.06699446834665028,0.9669138894240031,0.9528992486996725
40f,42,msp,0.02,0.5700592398643494,0.29835658548120125,0.30689879404114445,0.2825727122251123,0.024326081816032158,0.008542208559943249,0.9470972855161481,0.9557467732022127,0.11800860479409957,0.9686958196879214,0.9433153534964361
40f,42,msp,0.03,0.5379092693328857,0.29835658548120125,0.3131059352092693,0.274887680302672,0.038218254906597304,0.0147493497280681,0.9213394095502278,0.9594345421020283,0.18254456054087279,0.9707185513388558,0.9312271238682335
40f,42,msp,0.05,0.5047785639762878,0.29835658548120125,0.320731851501537,0.2640104043509104,0.056721447150626624,0.022375266020335776,0.884882108183079,0.9674247080516287,0.23847572218807622,0.9728376035445964,0.9133115006742439
40f,42,msp,0.075,0.4794798493385315,0.29835658548120125,0.3337077323244266,0.2456254433672263,0.08808228895720029,0.03535114684322535,0.8232613433723004,0.9735709895513215,0.28088506453595574,0.9764014640724331,0.8941918705451743
40f,42,msp,0.1,0.45992377400398254,0.29835658548120125,0.34369827382359897,0.23229486876330102,0.11140340506029794,0.04534168834239773,0.7785813354468001,0.9784880147510756,0.3239090350338045,0.9790984396070121,0.8732903101521865
40f,42,msp,0.15,0.429955393075943,0.29835658548120125,0.35829983447623553,0.21432371719082524,0.14397611728541027,0.05994324899503429,0.7183475331880324,0.9821757836508912,0.3878303626306085,0.9824214987478328,0.8260932382970526
40f,42,msp,0.2,0.3979169726371765,0.29835658548120125,0.3708914637030031,0.19425396074722157,0.1766375029557815,0.07253487822180184,0.6510798494154943,0.9852489244007375,0.4597418561770129,0.9855519167790406,0.777499518397226
40f,42,msp,0.3,0.30990976095199585,0.29835658548120125,0.3978481910617167,0.14506975644360368,0.252778434618113,0.0994916055805155,0.48622944323360406,0.9932390903503381,0.6896127842655193,0.9916682720092468,0.6792525524947024
40f,42,entropy,0.005,0.7955000266836861,0.29835658548120125,0.2985339323717191,0.2977358713643887,0.0007980610073303381,0.00017734689051785292,0.9979195561719832,0.9502151198524893,0.04240934234787953,0.9654209208245039,0.9588711230976691
40f,42,entropy,0.01,0.7783073003888125,0.29835658548120125,0.2986521636320643,0.2972629463230078,0.0013892173090565146,0.0002955781508630882,0.996334456112542,0.9502151198524893,0.06207744314689613,0.9655172413793104,0.955692544789058
40f,42,entropy,0.02,0.7363295385898351,0.29835658548120125,0.2992433199337905,0.2945436273350674,0.0046996925987231025,0.0008867344525892646,0.9872201307707549,0.9514443761524278,0.11677934849416104,0.9661914852629551,0.9440859179348873
40f,42,entropy,0.03,0.7177106462649566,0.29835658548120125,0.2995980137148262,0.2929475053204067,0.006650508394419484,0.0012414282336249704,0.9818704180701405,0.9520590043023971,0.1407498463429625,0.9668175688691967,0.9341649007898285
40f,42,entropy,0.05,0.6912815126057171,0.29835658548120125,0.3012828091747458,0.2885433908725467,0.012739418302199101,0.0029262236935445733,0.967109173766594,0.9532882606023356,0.1856177012907191,0.9676844538624543,0.9109516470814872
40f,42,entropy,0.075,0.6551638286217758,0.29835658548120125,0.30477063135493027,0.2808288011350201,0.023941830219910143,0.006414045873729014,0.9412522290469586,0.958819913952059,0.288260602335587,0.9693700635715662,0.8726160662685417
40f,42,entropy,0.1,0.6234911290061868,0.29835658548120125,0.31216008512650745,0.267705131236699,0.04445495388980847,0.013803499645306219,0.8972657023974637,0.9649661954517517,0.38660110633066996,0.9717299171643229,0.8382296282026584
40f,42,entropy,0.15,0.5480923604098652,0.29835658548120125,0.33234807283045636,0.2385906833766848,0.09375738945377157,0.033991487349255146,0.7996829799881117,0.9760295021511985,0.604179471419791,0.975679059911385,0.7822192255827394
40f,42,entropy,0.2,0.4660976155072536,0.29835658548120125,0.35404350910380705,0.20391936628044455,0.1501241428233625,0.05568692362260582,0.6834753318803248,0.990780577750461,0.7559926244622004,0.9801579657098825,0.7290984396070121
40f,42,entropy,0.3,0.39343961317159876,0.29835658548120125,0.3914341451879877,0.14297115157247575,0.24846299361551194,0.09307755970678648,0.4791955617198335,0.9981561155500922,0.8641671788567916,0.9898863417453284,0.6422654594490464
40f,42,margin,0.005,0.9925537109375,0.29835658548120125,0.3001891700165524,0.29548947741782927,0.0046996925987231025,0.0018325845353511468,0.9903903308896373,0.9520590043023971,0.009834050399508297,0.9659506838759391,0.9609420150260065
40f,42,margin,0.01,0.9803819060325623,0.29835658548120125,0.3039134547174273,0.2907602270040199,0.013153227713407425,0.0055568692362260586,0.9745393302952249,0.9551321450522434,0.027043638598647817,0.9672510113658255,0.9567520708919284
40f,42,margin,0.02,0.9635182619094849,0.29835658548120125,0.3100319224402932,0.2844348545755498,0.025597067864743438,0.011675336959091984,0.9533386170001981,0.9582052858020897,0.04732636754763368,0.9689847813523406,0.9497688306684646
40f,42,margin,0.03,0.9440350532531738,0.29835658548120125,0.3158843698273824,0.2766315913927642,0.039252778434618114,0.01752778434618113,0.9271844660194173,0.9612784265519361,0.06822372464658881,0.9707667116162589,0.9405220574070506
40f,42,margin,0.05,0.9062039256095886,0.29835658548120125,0.32755970678647434,0.2622960510759045,0.06526365571056987,0.029203121305273114,0.8791361204676045,0.9661954517516902,0.11677934849416104,0.9738489693700636,0.9260739741860913
40f,42,margin,0.075,0.8628790378570557,0.29835658548120125,0.3398262000472925,0.24388153227713408,0.09594466777015843,0.04146961456609127,0.8174162869031107,0.9729563614013522,0.17455439459127228,0.9771720285108842,0.9086881140435369
40f,42,margin,0.1,0.8215184807777405,0.29835658548120125,0.3491960274296524,0.2295459919602743,0.11965003546937811,0.05083944194845117,0.7693679413512978,0.9754148740012293,0.21819299323909036,0.9803024465420921,0.8931805047197072
40f,42,margin,0.15,0.7335931062698364,0.29835658548120125,0.3699456136202412,0.19812603452352803,0.17181957909671317,0.07158902813903996,0.6640578561521696,0.9821757836508912,0.32206515058389673,0.9855519167790406,0.8531593141976498
40f,42,margin,0.2,0.6467262506484985,0.29835658548120125,0.3873847245211634,0.16910026010877277,0.21828446441239063,0.08902813903996216,0.5667723400039627,0.9889366933005531,0.4240934234787953,0.9892602581390869,0.8045655942978232
40f,42,margin,0.3,0.5432401895523071,0.29835658548120125,0.39994679593284466,0.1343698273823599,0.26557696855048474,0.10159021045164342,0.45036655438874573,0.9920098340503996,0.5679164105716041,0.9926314775573107,0.6974089770757079
40f,42,conformal,0.005,0.7942265269412766,0.29835658548120125,0.29965712934499883,0.29170607708678176,0.007951052258217073,0.001300543863797588,0.9777095304141074,0.9526736324523664,0.027658266748617086,0.9660951647081487,0.9589674436524754
40f,42,conformal,0.01,0.7746806039488966,0.29835658548120125,0.30172617640104044,0.2862674391109009,0.015458737290139513,0.0033695909198392057,0.9594808797305329,0.9539028887523049,0.054087277197295634,0.9673473319206318,0.9522250048160278
40f,42,conformal,0.02,0.747289972899729,0.29835658548120125,0.3096181130290849,0.2706609127453299,0.038957200283755024,0.01126152754788366,0.9071725777689716,0.9606637984019668,0.10079901659496004,0.9699961471778078,0.9406665382392603
40f,42,conformal,0.03,0.7373383594606521,0.29835658548120125,0.3164755261291085,0.2597540789784819,0.056721447150626624,0.018118940647907308,0.8706162076481077,0.9661954517516902,0.1210817455439459,0.9713927952225004,0.933538817183587
40f,42,conformal,0.05,0.7269696089818041,0.29835658548120125,0.32956963821234336,0.2476944904232679,0.08187514778907543,0.031213052731142114,0.8301961561323558,0.9704978488014752,0.14689612784265518,0.9747640146407244,0.9168753612020806
40f,42,conformal,0.075,0.7155172413793103,0.29835658548120125,0.34452589264601563,0.23980255379522344,0.10472333885079214,0.04616930716481438,0.8037447988904298,0.9772587584511371,0.2071296865396435,0.9790984396070121,0.8959738008090926
40f,42,conformal,0.1,0.6991869918699187,0.29835658548120125,0.3589501064081343,0.22936864506975643,0.12958146133837786,0.060593520926933084,0.7687735288290072,0.9815611555009219,0.24400737553779964,0.9820362165286072,0.8788287420535542
40f,42,conformal,0.15,0.6674457994579944,0.29835658548120125,0.3968432253487822,0.21018562307874203,0.1866576022700402,0.098486639867581,0.7044779076679215,0.9913952059004303,0.3079287031346036,0.9910903486804084,0.8453573492583317
40f,42,conformal,0.2,0.6295005807200929,0.29835658548120125,0.5144833293922914,0.1906774651217782,0.3238058642705131,0.2161267439110901,0.6390925302159698,0.9969268592501537,0.3829133374308543,0.9985070314005009,0.8084665767674821
40f,42,conformal,0.3,0.5435540069686411,0.29835658548120125,0.6123196973279735,0.14025183258453536,0.47206786474343815,0.3139631118467723,0.47008123637804633,0.9975414874001229,0.6674861708666256,0.9991812752841457,0.7206222307840493
40f,42,iforest,0.005,0.641487881650046,0.29835658548120125,0.3029971624497517,0.29803144951525185,0.004965712934499882,0.004640576968550485,0.9989102437091341,0.9496004917025199,0.002458512599877074,0.9652764399922944,0.9606048930841842
40f,42,iforest,0.01,0.6152383432177019,0.29835658548120125,0.3063667533695909,0.2972629463230078,0.009103807046583116,0.00801016788838969,0.996334456112542,0.9496004917025199,0.0036877688998156115,0.9652764399922944,0.9556443845116548
40f,42,iforest,0.02,0.5879200058941912,0.29835658548120125,0.30947032395365337,0.2935682194372192,0.015902104516434146,0.011113738472452117,0.9839508618981573,0.9496004917025199,0.006146281499692686,0.9654209208245039,0.9478424195723367
40f,42,iforest,0.03,0.5687132763386678,0.29835658548120125,0.31192362260581696,0.288188697091511,0.023734925514305984,0.013567037124615749,0.965920348722013,0.9496004917025199,0.00921942224953903,0.9656135619341167,0.9380177229820844
40f,42,iforest,0.05,0.5448684865147854,0.29835658548120125,0.31629817923859066,0.283400331047529,0.032897848191061715,0.017941593757389455,0.9498712106201704,0.9496004917025199,0.011063306699446834,0.9663841263725679,0.9220766711616258
40f,42,iforest,0.075,0.5240823526767572,0.29835658548120125,0.3236876330101679,0.27873019626389217,0.04495743674627572,0.025331047528966658,0.934218347533188,0.9496004917025199,0.019668100799016593,0.9676362935850511,0.8942400308225775
40f,42,iforest,0.1,0.5151738288788966,0.29835658548120125,0.3289784819106172,0.27500591156301724,0.053972570347599905,0.030621896429415936,0.921735684565088,0.9496004917025199,0.020282728948985862,0.9681660566364862,0.8676555576960123
40f,42,iforest,0.15,0.5029051347711915,0.29835658548120125,0.3355403168597777,0.2685031922440293,0.0670371246157484,0.037183731378576494,0.8999405587477708,0.9496004917025199,0.028272894898586354,0.9689366210749374,0.8179541514159121
40f,42,iforest,0.2,0.4925149683795814,0.29835658548120125,0.3440234097895484,0.2635374793095294,0.08048593048001891,0.04566682430834713,0.8832970081236377,0.9502151198524893,0.03687768899815612,0.9694663841263725,0.7537565016374494
40f,42,iforest,0.3,0.4675750850451405,0.29835658548120125,0.3663986758098841,0.2423149680775597,0.12408370773232442,0.0680420903286829,0.8121656429562115,0.9514443761524278,0.07498463429625077,0.970525910229243,0.6115873627432094
40f,42,iforest+msp:mean,0.005,0.9375,0.29835658548120125,0.29942066682430835,0.29679002128162685,0.002630645542681485,0.0010640813431071175,0.9947493560531008,0.9496004917025199,0.0,0.9657098824889231,0.9584858408784435
40f,42,iforest+msp:mean,0.01,0.9189806818181818,0.29835658548120125,0.2999231496807756,0.29543036178765664,0.004492787893118941,0.0015665641995743676,0.9901921933822071,0.9496004917025199,0.0018438844499078057,0.9659506838759391,0.9545848584087845
40f,42,iforest+msp:mean,0.02,0.8979659090909088,0.29835658548120125,0.30116457791440054,0.29333175691652874,0.007832820997871838,0.002807992433199338,0.9831583118684366,0.9496004917025199,0.009834050399508297,0.9665286072047775,0.9465420920824504
40f,42,iforest+msp:mean,0.03,0.8813636363636363,0.29835658548120125,0.3023173327027666,0.2915878458264365,0.010729486876330102,0.003960747221565382,0.977313255399247,0.9496004917025199,0.011063306699446834,0.9669620497014063,0.9401849354652283
40f,42,iforest+msp:mean,0.05,0.8518181818181818,0.29835658548120125,0.30536178765665645,0.28635611255615984,0.019005675100496573,0.007005202175455191,0.9597780859916781,0.9496004917025199,0.027658266748617086,0.9675881333076478,0.9219803506068195
40f,42,iforest+msp:mean,0.075,0.8282159090909089,0.29835658548120125,0.3084062426105462,0.2789371009694963,0.029469141641049895,0.010049657129344998,0.9349118288091934,0.9508297480024586,0.04548248309772587,0.9683586977460991,0.8993450202273165
40f,42,iforest+msp:mean,0.1,0.8076818181818184,0.29835658548120125,0.3133719555450461,0.2717841097186096,0.04158784582643651,0.015015370063844881,0.9109371904101446,0.9520590043023971,0.07928703134603565,0.969321903294163,0.8732903101521865
40f,42,iforest+msp:mean,0.15,0.7653579545454545,0.29835658548120125,0.32593402695672735,0.251152754788366,0.07478127216836132,0.02757744147552613,0.8417872003170198,0.9532882606023356,0.1684081130915796,0.9716335966095164,0.8189173569639762
40f,42,iforest+msp:mean,0.2,0.7147954545454546,0.29835658548120125,0.3378162686214235,0.22138803499645307,0.11642823362497044,0.039459683140222274,0.7420249653259362,0.9551321450522434,0.24953902888752305,0.9738489693700636,0.7722018878828742
40f,42,iforest+msp:mean,0.3,0.6243068181818183,0.29835658548120125,0.35818160321589027,0.17427287774887681,0.18390872546701348,0.059825017734689054,0.5841093719041014,0.9649661954517517,0.4382298709280885,0.9779425929493354,0.6532460026969755
40f,42,iforest+msp:max,0.005,0.9975,0.29835658548120125,0.29903641522818636,0.2963762118704185,0.002660203357767794,0.0006798297469851029,0.9933623935010896,0.9520590043023971,0.032575291948371235,0.9656135619341167,0.9590637642072818
40f,42,iforest+msp:max,0.01,0.9952272727272727,0.29835658548120125,0.3028198155592339,0.2949278789311894,0.007891936628044455,0.004463230078032632,0.9885080245690507,0.9532882606023356,0.04363859864781807,0.9659988441533424,0.9548738200732036
40f,42,iforest+msp:max,0.02,0.9895454545454545,0.29835658548120125,0.3096181130290849,0.28963703003074015,0.01998108299834476,0.01126152754788366,0.9707747176540519,0.9545175169022742,0.07682851874615858,0.9669138894240031,0.9428819109998073
40f,42,iforest+msp:max,0.03,0.9850136363636363,0.29835658548120125,0.31375620714116814,0.2848782218018444,0.028877985339323717,0.015399621659966896,0.9548246483059243,0.9551321450522434,0.0958819913952059,0.9679734155268734,0.9349836255056829
40f,42,iforest+msp:max,0.05,0.9736363636363636,0.29835658548120125,0.3233329392291322,0.27083825963584773,0.052494679593284466,0.024976353747930953,0.9077669902912621,0.9582052858020897,0.16533497234173325,0.970044307455211,0.9162974378732421
40f,42,iforest+msp:max,0.075,0.9609090909090909,0.29835658548120125,0.3313726649326082,0.2597836367935682,0.07158902813903996,0.03301607945140695,0.8707152764018227,0.9600491702519975,0.2132759680393362,0.9721633596609517,0.8927470622230784
40f,42,iforest+msp:max,0.1,0.9443409090909092,0.29835658548120125,0.3391463703003074,0.24875857176637503,0.09038779853393238,0.040789784819106174,0.8337626312660986,0.9686539643515673,0.2526121696373694,0.9739934502022731,0.8696301290695434
40f,42,iforest+msp:max,0.15,0.9154545454545454,0.29835658548120125,0.3583293922913218,0.2285705840624261,0.1297588082288957,0.0599728068101206,0.7660986724787002,0.972341733251383,0.29686539643515675,0.977846272394529,0.8260932382970526
40f,42,iforest+msp:max,0.2,0.8945454545454545,0.29835658548120125,0.37092102151808937,0.21429415937573895,0.15662686214235044,0.07256443603688816,0.7182484644343173,0.97480024585126,0.33005531653349723,0.9803506068194953,0.7791851281063379
40f,42,iforest+msp:max,0.3,0.8518181818181818,0.29835658548120125,0.39122724048238355,0.19490423267912035,0.19632300780326317,0.09287065500118231,0.653259361997226,0.9803318992009834,0.38229870928088505,0.9834328645732999,0.6649971103833558
40f,42,iforest+entropy:mean,0.005,0.9373863636363636,0.29835658548120125,0.2985339323717191,0.2979132182549066,0.0006207141168124852,0.00017734689051785292,0.9985139686942737,0.9496004917025199,0.0,0.9652764399922944,0.9586784819880563
40f,42,iforest+entropy:mean,0.01,0.9254545454545455,0.29835658548120125,0.2985930480018917,0.2976471979191298,0.0009458500827618822,0.00023646252069047056,0.997622349910838,0.9496004917025199,0.0006146281499692685,0.9653246002696976,0.9545848584087845
40f,42,iforest+entropy:mean,0.02,0.9052272727272728,0.29835658548120125,0.2989772995980137,0.2961693071648144,0.002807992433199338,0.0006207141168124852,0.9926689122250841,0.9496004917025199,0.007375537799631223,0.9655654016567136,0.9409073396262763
40f,42,iforest+entropy:mean,0.03,0.8972727272727272,0.29835658548120125,0.2992137621187042,0.2953121305273114,0.003901631591392764,0.0008571766375029558,0.9897959183673468,0.9496004917025199,0.007990165949600492,0.9657098824889231,0.932575611635523
40f,42,iforest+entropy:mean,0.05,0.8747897727272728,0.29835658548120125,0.3005438637975881,0.2923267912035942,0.008217072593993851,0.002187278316386853,0.979789974242124,0.9496004917025199,0.019053472649047325,0.9658543633211327,0.9042092082450395
40f,42,iforest+entropy:mean,0.075,0.8531818181818183,0.29835658548120125,0.3019035232915583,0.2888094112083235,0.013094112083234808,0.0035469378103570584,0.9680007925500297,0.9496004917025199,0.02950215119852489,0.9662396455403583,0.874638797919476
40f,42,iforest+entropy:mean,0.1,0.8159090909090909,0.29835658548120125,0.3046228422794987,0.28091747458027905,0.023705367699219673,0.00626625679829747,0.9415494353081039,0.9508297480024586,0.08543331284572833,0.966673088036987,0.8359660951647081
40f,42,iforest+entropy:mean,0.15,0.7555852272727273,0.29835658548120125,0.3164755261291085,0.2546701347836368,0.06180539134547174,0.018118940647907308,0.8535763820091143,0.9545175169022742,0.2698217578365089,0.9701887882874205,0.8016759776536313
40f,42,iforest+entropy:mean,0.2,0.7138636363636364,0.29835658548120125,0.3327323244265784,0.22969378103570584,0.10303854339087255,0.034375738945377154,0.7698632851198731,0.9551321450522434,0.36508912108174557,0.9726449624349837,0.7726353303795029
40f,42,iforest+entropy:mean,0.3,0.6190113636363637,0.29835658548120125,0.3542208559943249,0.17909080160794513,0.17513005438637977,0.05586427051312367,0.6002575787596591,0.9618930547019053,0.5212046711739398,0.9768349065690618,0.6504045463301869
40f,42,iforest+entropy:max,0.005,0.9979568181818183,0.29835658548120125,0.2985339323717191,0.29776542917947507,0.0007685031922440293,0.00017734689051785292,0.9980186249256984,0.9502151198524893,0.03995082974800246,0.9654209208245039,0.9581005586592178
40f,42,iforest+entropy:max,0.01,0.9972727272727273,0.29835658548120125,0.2986817214471506,0.2975585244738709,0.0011231969732797352,0.000325135965949397,0.9973251436496927,0.9502151198524893,0.05039950829748002,0.9654209208245039,0.9557407050664611
40f,42,iforest+entropy:max,0.02,0.9936454545454544,0.29835658548120125,0.3042977063135493,0.2960215180893828,0.00827618822416647,0.005941120832348073,0.9921735684565087,0.9508297480024586,0.07990165949600492,0.9657098824889231,0.9459160084762088
40f,42,iforest+entropy:max,0.03,0.9847795454545454,0.29835658548120125,0.30846535824071886,0.29371600851265073,0.0147493497280681,0.010108772759517616,0.9844462056667326,0.9514443761524278,0.10633066994468347,0.9659988441533424,0.9354652282797149
40f,42,iforest+entropy:max,0.05,0.9743181818181819,0.29835658548120125,0.3120122960510759,0.2859423031449515,0.02606999290612438,0.013655710569874675,0.958391123439667,0.9520590043023971,0.1450522433927474,0.9667212483143903,0.9158158350992102
40f,42,iforest+entropy:max,0.075,0.9620454545454545,0.29835658548120125,0.31582525419720975,0.2794986994561362,0.03632655474107354,0.017468668716008513,0.9367941351297799,0.9520590043023971,0.16533497234173325,0.9679252552494703,0.8941918705451743
40f,42,iforest+entropy:max,0.1,0.9475,0.29835658548120125,0.3189583825963585,0.27394183021991014,0.04501655237644833,0.020601797115157246,0.9181692094313453,0.9532882606023356,0.19668100799016594,0.9687921402427278,0.8688595646310923
40f,42,iforest+entropy:max,0.15,0.9145454545454546,0.29835658548120125,0.33084062426105465,0.2623551667060771,0.06848545755497754,0.03248403877985339,0.8793342579750347,0.958819913952059,0.2778119237861094,0.9714409554999037,0.8082257753804661
40f,42,iforest+entropy:max,0.2,0.8938636363636364,0.29835658548120125,0.340446914164105,0.2513596594939702,0.08908725467013479,0.04209032868290376,0.8424806815930255,0.9625076828518746,0.3435771358328211,0.9733192063186284,0.7610768638027355
40f,42,iforest+entropy:max,0.3,0.8447045454545459,0.29835658548120125,0.3684677228659258,0.2211515724757626,0.14731615039016316,0.07011113738472452,0.7412324152962155,0.9692685925015365,0.5242778119237861,0.9776536312849162,0.6362454247736467
40f,42,iforest+margin:mean,0.005,0.9373886363636366,0.29835658548120125,0.2998935918656893,0.29608063371955545,0.0038129581461338376,0.0015370063844880586,0.9923717059639389,0.9496004917025199,0.0006146281499692685,0.9659025235985359,0.9611346561356193
40f,42,iforest+margin:mean,0.01,0.9186375000000001,0.29835658548120125,0.3009872310238827,0.2946323007803263,0.006354930243556396,0.002630645542681485,0.9875173370319,0.9496004917025199,0.001229256299938537,0.9667212483143903,0.9567520708919284
40f,42,iforest+margin:mean,0.02,0.9001181818181817,0.29835658548120125,0.30308583589501065,0.29229723338850794,0.01078860250650272,0.004729250413809411,0.979690905488409,0.9496004917025199,0.0036877688998156115,0.9672991716432287,0.9537661336929301
40f,42,iforest+margin:mean,0.03,0.8827477272727272,0.29835658548120125,0.30435682194372193,0.28963703003074015,0.014719791912981792,0.00600023646252069,0.9707747176540519,0.9496004917025199,0.007990165949600492,0.9675881333076478,0.9482277017915623
40f,42,iforest+margin:mean,0.05,0.8553693181818182,0.29835658548120125,0.3072534878221802,0.284553085835895,0.022700401986285174,0.008896902340978955,0.9537348920150583,0.9496004917025199,0.015980331899200985,0.9683105374686958,0.9381140435368908
40f,42,iforest+margin:mean,0.075,0.8188636363636363,0.29835658548120125,0.31319460865452825,0.27361669425396073,0.03957791440056751,0.014838023173327027,0.9170794531404793,0.9514443761524278,0.03626306084818685,0.9694663841263725,0.9177904064727412
40f,42,iforest+margin:mean,0.1,0.7925,0.29835658548120125,0.3183672262946323,0.26259162922676754,0.055775597067864745,0.020010640813431072,0.8801268080047552,0.9514443761524278,0.06883835279655809,0.9704777499518398,0.8872567905991139
40f,42,iforest+margin:mean,0.15,0.7527954545454544,0.29835658548120125,0.32927406006148024,0.2426401040435091,0.08663395601797115,0.030917474580279027,0.8132553992470775,0.9526736324523664,0.13153042409342347,0.9725486418801772,0.8289828549412445
40f,42,iforest+margin:mean,0.2,0.7146590909090909,0.29835658548120125,0.33766847954599194,0.2205013005438638,0.11716717900212817,0.03931189406479073,0.7390529027144838,0.9545175169022742,0.2132759680393362,0.9740416104796764,0.770708919283375
40f,42,iforest+margin:mean,0.3,0.6299204545454545,0.29835658548120125,0.3605757862378813,0.17034168834239774,0.19023409789548357,0.06221920075668007,0.570933227659996,0.9655808236017209,0.3988936693300553,0.9777981121171258,0.6541128876902331
40f,42,iforest+margin:max,0.005,0.9970477272727274,0.29835658548120125,0.2998049184204304,0.29608063371955545,0.0037242847008749115,0.0014483329392291323,0.9923717059639389,0.9520590043023971,0.008604794099569761,0.9657580427663264,0.9600269697553457
40f,42,iforest+margin:max,0.01,0.9947727272727273,0.29835658548120125,0.30444549538898086,0.29540080397257035,0.009044691416410499,0.006088909907779617,0.9900931246284921,0.9520590043023971,0.010448678549477565,0.9659506838759391,0.9571855133885571
40f,42,iforest+margin:max,0.02,0.9888636363636364,0.29835658548120125,0.31112556159848664,0.29070111137384724,0.020424450224639394,0.01276897611728541,0.9743411927877946,0.9545175169022742,0.022741241548862937,0.9668657291465999,0.9479387401271432
40f,42,iforest+margin:max,0.03,0.9829545454545454,0.29835658548120125,0.31718491369117996,0.2858240718846063,0.031360841806573655,0.018828328209978717,0.9579948484248068,0.956361401352182,0.03872157344806392,0.9679734155268734,0.9401849354652283
40f,42,iforest+margin:max,0.05,0.9722727272727273,0.29835658548120125,0.32569756443603687,0.27255261291085364,0.05314495152518326,0.027340978954835657,0.9135129780067367,0.9594345421020283,0.06576521204671174,0.9698998266230013,0.9234733192063186
40f,42,iforest+margin:max,0.075,0.9620454545454545,0.29835658548120125,0.3344762355166706,0.260906833766848,0.07356940174982265,0.03611965003546938,0.8744798890429959,0.9625076828518746,0.09157959434542103,0.9725968021575804,0.9046908110190715
40f,42,iforest+margin:max,0.1,0.9456818181818182,0.29835658548120125,0.34508749113265547,0.2483152045400804,0.09677228659257507,0.04673090565145425,0.8322765999603725,0.9661954517516902,0.12845728334357714,0.9748121749181275,0.8843190136775188
40f,42,iforest+margin:max,0.15,0.9190909090909091,0.29835658548120125,0.3652163632064318,0.22443248995034287,0.1407838732560889,0.06685977772523055,0.7522290469585892,0.9729563614013522,0.19913952059004303,0.9794837218262378,0.8380851473704488
40f,42,iforest+margin:max,0.2,0.9,0.29835658548120125,0.3787834003310475,0.20835303854339088,0.17043036178765666,0.0804268148498463,0.6983356449375866,0.9754148740012293,0.23786109403810696,0.9823251781930263,0.795270660759006
40f,42,iforest+margin:max,0.3,0.8606818181818182,0.29835658548120125,0.4025183258453535,0.1769330811066446,0.22558524473870892,0.10416174036415228,0.5930255597384585,0.9803318992009834,0.3355869698832207,0.9865632826045078,0.6864284338277788
40f,42,iforest+conformal:mean,0.005,0.9326136363636364,0.29835658548120125,0.2999527074958619,0.29572593993851976,0.004226767557342161,0.0015961220146606763,0.991182880919358,0.9496004917025199,0.0,0.9659506838759391,0.9607493739163938
40f,42,iforest+conformal:mean,0.01,0.9106829545454546,0.29835658548120125,0.3021104279971624,0.29445495388980847,0.007655474107353984,0.0037538425159612202,0.9869229245096096,0.9496004917025199,0.002458512599877074,0.9668175688691967,0.9581005586592178
40f,42,iforest+conformal:mean,0.02,0.8892090909090907,0.29835658548120125,0.308288011350201,0.292592811539371,0.015695199810829983,0.009931425868999763,0.9806815930255597,0.9496004917025199,0.004917025199754148,0.9681660566364862,0.9551627817376228
40f,42,iforest+conformal:mean,0.03,0.8721590909090909,0.29835658548120125,0.31523409789548357,0.2904055332229842,0.024828564672499408,0.016877512414282335,0.9733505052506439,0.9496004917025199,0.007990165949600492,0.9691774224619534,0.9530437295318821
40f,42,iforest+conformal:mean,0.05,0.8384431818181819,0.29835658548120125,0.33338259635847717,0.2838436982738236,0.04953889808465358,0.03502601087727595,0.9513572419258965,0.9502151198524893,0.015980331899200985,0.9699961471778078,0.9446638412637257
40f,42,iforest+conformal:mean,0.075,0.797403409090909,0.29835658548120125,0.3632655474107354,0.2721388034996453,0.09112674391109009,0.06490896192953417,0.9121260154547255,0.9520590043023971,0.0430239704978488,0.9719225582739357,0.9283375072240416
40f,42,iforest+conformal:mean,0.1,0.7583409090909092,0.29835658548120125,0.39456727358713645,0.2575963584771814,0.13697091510995507,0.09621068810593521,0.863384188626907,0.9532882606023356,0.07867240319606637,0.973222885763822,0.9017048738200732
40f,42,iforest+conformal:mean,0.15,0.7056988636363636,0.29835658548120125,0.43290375975407897,0.2322653109482147,0.20063844880586426,0.13454717427287774,0.778482266693085,0.9551321450522434,0.19053472649047326,0.9747158543633211,0.8466095164708148
40f,42,iforest+conformal:mean,0.2,0.6609772727272727,0.29835658548120125,0.4590919839205486,0.2118408607235753,0.2472511231969733,0.16073539843934737,0.7100257578759658,0.9612784265519361,0.2931776275353411,0.9769312271238683,0.7924773646696205
40f,42,iforest+conformal:mean,0.3,0.595784090909091,0.29835658548120125,0.5262473397966422,0.16638094112083235,0.3598663986758099,0.227890754315441,0.5576580146621755,0.9809465273509527,0.4880147510755993,0.9831920631862839,0.6816605663648623
40f,42,iforest+conformal:max,0.005,0.9965920454545455,0.29835658548120125,0.2998935918656893,0.2938637975880823,0.006029794277607,0.0015370063844880586,0.984941549435308,0.9514443761524278,0.017209588199139522,0.9655172413793104,0.9585340011558466
40f,42,iforest+conformal:max,0.01,0.9940909090909091,0.29835658548120125,0.30423859068337666,0.2917947505320407,0.012443840151336013,0.005882005202175455,0.9780067366752526,0.9526736324523664,0.027043638598647817,0.9660470044307455,0.9549219803506068
40f,42,iforest+conformal:max,0.02,0.9888636363636364,0.29835658548120125,0.30893828328209977,0.28668124852210924,0.02225703475999054,0.010581697800898557,0.960867842282544,0.9539028887523049,0.05224339274738783,0.9668657291465999,0.9437969562704681
40f,42,iforest+conformal:max,0.03,0.9829545454545454,0.29835658548120125,0.3149385197446205,0.27861196500354696,0.03632655474107354,0.016581934263419248,0.9338220725183277,0.956361401352182,0.08113091579594345,0.9684550183009054,0.9335869774609902
40f,42,iforest+conformal:max,0.05,0.9711363636363637,0.29835658548120125,0.32454480964767085,0.2575963584771814,0.06694845117048948,0.026188224166469615,0.863384188626907,0.9637369391518131,0.11677934849416104,0.9707185513388558,0.9146599884415334
40f,42,iforest+conformal:max,0.075,0.9559090909090909,0.29835658548120125,0.33429888862615276,0.24473870891463703,0.08956017971151572,0.035942303144951525,0.820289280760848,0.9668100799016595,0.13767670559311618,0.97274128298979,0.895058755538432
40f,42,iforest+conformal:max,0.1,0.9443181818181818,0.29835658548120125,0.3462993615511941,0.23616694253960746,0.11013241901158666,0.04794277606999291,0.7915593421834752,0.9704978488014752,0.15673017824216348,0.9755345790791755,0.8762762473511847
40f,42,iforest+conformal:max,0.15,0.9188636363636363,0.29835658548120125,0.3696795932844644,0.22053085835895012,0.1491487349255143,0.07132300780326319,0.7391519714681989,0.9772587584511371,0.23110018438844498,0.98102485070314,0.8239260258139087
40f,42,iforest+conformal:max,0.2,0.8986363636363637,0.29835658548120125,0.38664577914400566,0.20858950106408133,0.17805627807992433,0.08828919366280445,0.6991281949673073,0.9815611555009219,0.2624462200368777,0.9835773454055096,0.7786553650549027
40f,42,iforest+conformal:max,0.3,0.8586363636363636,0.29835658548120125,0.41945495388980847,0.18990896192953416,0.2295459919602743,0.12109836840860723,0.6365167426193777,0.9889366933005531,0.3171481253841426,0.9892602581390869,0.6749662878058178
40f,43,msp,0.005,0.6127141118049622,0.3013123669898321,0.30471151572475763,0.29412981792385906,0.010581697800898557,0.0033991487349255144,0.9761624484991172,0.9299323909035033,0.05531653349723417,0.9648911577730688,0.9502504334424966
40f,43,msp,0.01,0.5661384463310242,0.3013123669898321,0.309440766138567,0.28402104516434146,0.025419720974225585,0.008128399148734925,0.9426133019423191,0.9323909035033805,0.10325752919483712,0.9670102099788095,0.9392217299171643
40f,43,msp,0.02,0.5243014693260193,0.3013123669898321,0.3171257980610073,0.27403050366516907,0.04309529439583826,0.015813431071175218,0.9094565430645478,0.9397664413030117,0.16902274124154887,0.9698516663455982,0.9211616258909652
40f,43,msp,0.03,0.5054377913475037,0.3013123669898321,0.3223870891463703,0.26454244502246393,0.05784464412390636,0.02107472215653819,0.8779674318226408,0.9434542102028273,0.20835894283958206,0.9712001541128877,0.9076767482180698
40f,43,msp,0.05,0.4916169047355652,0.3013123669898321,0.3294218491369118,0.25558642705131235,0.07383542208559943,0.028109482147079687,0.8482440651363546,0.9496004917025199,0.24585125998770743,0.9731747254864188,0.8902908880755153
40f,43,msp,0.075,0.47212153673171997,0.3013123669898321,0.34059470323953656,0.2429947978245448,0.09759990541499172,0.039282336249704425,0.8064547773199922,0.9539028887523049,0.2962507682851875,0.9764014640724331,0.8551338855711809
40f,43,msp,0.1,0.45152488350868225,0.3013123669898321,0.3502009931425869,0.2302258217072594,0.1199751714353275,0.048888626152754786,0.7640769079850892,0.9582052858020897,0.3466502765826675,0.9799171643228665,0.8183394336351377
40f,43,msp,0.15,0.3847618103027344,0.3013123669898321,0.37907897848191063,0.187307874201939,0.19177110427997163,0.0777666114920785,0.6216401804983324,0.9791026429010449,0.551321450522434,0.9874301675977654,0.7216335966095164
40f,43,msp,0.2,0.3093509376049042,0.3013123669898321,0.3995625443367226,0.14090210451643415,0.25866043982028847,0.09825017734689052,0.4676280164802825,0.9895513214505224,0.7074370006146281,0.9935465228279715,0.6611442881910999
40f,43,msp,0.3,0.1751810908317566,0.3013123669898321,0.4145187987703949,0.052494679593284466,0.3620241191771104,0.11320643178056278,0.17422012948793408,0.9987707437000615,0.8887523048555623,0.9979291080716625,0.5324118666923522
40f,43,entropy,0.005,0.7689147824070306,0.3013123669898321,0.30184440766138565,0.29977536060534404,0.0020690470560416176,0.0005320406715535588,0.9948989601726506,0.9262446220036877,0.054701905347264906,0.9638316316701985,0.9506838759391254
40f,43,entropy,0.01,0.7673538758287856,0.3013123669898321,0.30184440766138565,0.29977536060534404,0.0020690470560416176,0.0005320406715535588,0.9948989601726506,0.9262446220036877,0.055931161647203444,0.9638797919476016,0.9476016181853207
40f,43,entropy,0.02,0.7389223028170856,0.3013123669898321,0.3023173327027666,0.2976176401040435,0.0046996925987231025,0.0010049657129344999,0.98773788503041,0.9280885064535955,0.10510141364474493,0.9646503563860528,0.9292525524947024
40f,43,entropy,0.03,0.7316050500835293,0.3013123669898321,0.3025537952234571,0.2969378103570584,0.005615984866398676,0.0012414282336249704,0.9854816558760056,0.9280885064535955,0.11800860479409957,0.9647466769408591,0.9237141205933346
40f,43,entropy,0.05,0.6967595056261776,0.3013123669898321,0.30414991723811774,0.2918538661622133,0.012296051075904469,0.0028375502482856467,0.9686089856778498,0.931161647203442,0.19913952059004303,0.9656135619341167,0.8861972644962435
40f,43,entropy,0.075,0.6378782103885984,0.3013123669898321,0.3113324663040908,0.2770749586190589,0.03425750768503192,0.01002009931425869,0.91956052579949,0.9391518131530424,0.3700061462814997,0.9694182238489694,0.8167983047582354
40f,43,entropy,0.1,0.5372636583465037,0.3013123669898321,0.33828919366280447,0.24210806337195553,0.0961811302908489,0.036976826672972335,0.8035118697272905,0.9532882606023356,0.6312231100184389,0.9748121749181275,0.7644480832209594
40f,43,entropy,0.15,0.4388035545782541,0.3013123669898321,0.3704185386616221,0.19732797351619769,0.17309056514542445,0.06910617167179002,0.6548950362958603,0.9889366933005531,0.819299323909035,0.9821806973608168,0.6943748795993064
40f,43,entropy,0.2,0.3952046531441309,0.3013123669898321,0.3937100969496335,0.14867580988413337,0.24503428706550012,0.09239772995980138,0.49342750637629984,0.9963122311001844,0.8623232944068838,0.9909458678481988,0.6383644769793874
40f,43,entropy,0.3,0.3019619183685394,0.3013123669898321,0.41508039725703477,0.055036651690707025,0.36004374556632773,0.11376803026720265,0.18265646458701199,0.9987707437000615,0.9127228027043639,0.9982662300134849,0.5284145636678867
40f,43,margin,0.005,0.9860356450080872,0.3013123669898321,0.30539134547174274,0.29551903523291556,0.009872310238827146,0.004078978481910617,0.980773003727683,0.9293177627535341,0.01782421634910879,0.9645058755538432,0.9565594297823156
40f,43,margin,0.01,0.9695711731910706,0.3013123669898321,0.3103275005911563,0.28665169070702295,0.023675809884133366,0.00901513360132419,0.9513439278006671,0.933620159803319,0.04548248309772587,0.9666249277595839,0.9490464265074167
40f,43,margin,0.02,0.9448657035827637,0.3013123669898321,0.3173918183967841,0.27657247576259164,0.04081934263419248,0.016079451406951998,0.9178928781636257,0.9397664413030117,0.0762138905961893,0.9696108649585822,0.9385956463109227
40f,43,margin,0.03,0.9127870202064514,0.3013123669898321,0.32664341451879875,0.2640104043509104,0.06263301016788839,0.025331047528966658,0.8762016872670199,0.9434542102028273,0.11063306699446834,0.9730302446542092,0.9255923714120593
40f,43,margin,0.05,0.8531367182731628,0.3013123669898321,0.3431957909671317,0.24068928824781272,0.10250650271931899,0.0418834239772996,0.798803217578968,0.9532882606023356,0.18377381684081132,0.978568676555577,0.8993450202273165
40f,43,margin,0.075,0.7870057225227356,0.3013123669898321,0.3618763301016789,0.21456017971151572,0.14731615039016316,0.06056396311184677,0.7120855405140278,0.9637369391518131,0.2606023355869699,0.9831439029088808,0.86731843575419
40f,43,margin,0.1,0.7147062420845032,0.3013123669898321,0.37547292504138097,0.18896311184677228,0.18650981319460866,0.07416055805154884,0.6271336080047086,0.97480024585126,0.36078672403196066,0.9865151223271046,0.8328838374109034
40f,43,margin,0.15,0.6526095867156982,0.3013123669898321,0.3865866635138331,0.16720855994324899,0.21937810357058407,0.08527429652400094,0.554934275063763,0.9797172710510141,0.4480639213275968,0.9903679445193604,0.7692641109612791
40f,43,margin,0.2,0.5637948513031006,0.3013123669898321,0.39802553795223455,0.13903996216599668,0.2589855757862379,0.09671317096240246,0.46144791053560913,0.9877074370006146,0.5832821143208359,0.993450202273165,0.6689944134078212
40f,43,margin,0.3,0.3216726779937744,0.3013123669898321,0.41398675809884133,0.0502778434618113,0.36370891463703003,0.11267439110900922,0.1668628605061801,0.9987707437000615,0.8610940381069453,0.9978327875168561,0.5361683683298015
40f,43,conformal,0.005,0.8833647193354186,0.3013123669898321,0.32008157956963823,0.29939110900922206,0.020690470560416174,0.0187692125798061,0.9936237002158133,0.9452980946527351,0.02519975414874001,0.9696590252359854,0.9614717780774418
40f,43,conformal,0.01,0.8799313893653516,0.3013123669898321,0.33131354930243556,0.29903641522818636,0.03227713407424923,0.03000118231260345,0.9924465371787327,0.9569760295021512,0.03687768899815612,0.9730784049316124,0.9609901753034098
40f,43,conformal,0.02,0.8756432246998285,0.3013123669898321,0.35235871364388743,0.29835658548120125,0.054002128162686215,0.05104634665405533,0.9901903080243282,0.9698832206515058,0.04978488014751076,0.9802542862646889,0.9599788094779426
40f,43,conformal,0.03,0.8705920377945497,0.3013123669898321,0.37035942303144953,0.2973220619531804,0.0730373610782691,0.0690470560416174,0.9867569158328428,0.9803318992009834,0.06637984019668101,0.9871412059333462,0.9592082450394914
40f,43,conformal,0.05,0.861900097943193,0.3013123669898321,0.42084417119886497,0.29575549775360604,0.12508867344525892,0.11953180420903287,0.9815577790857367,0.9821757836508912,0.07928703134603565,0.9895492198035061,0.9572818339433635
40f,43,conformal,0.075,0.8421955403087479,0.3013123669898321,0.46710215180893827,0.29229723338850794,0.17480491842043036,0.16578978481910617,0.9700804394742006,0.9913952059004303,0.11001843884449908,0.9932094008861491,0.9522250048160278
40f,43,conformal,0.1,0.823327615780446,0.3013123669898321,0.5013892173090565,0.28165641995743673,0.21973279735161977,0.2000768503192244,0.9347655483617814,0.9956976029502151,0.15488629379225569,0.9967732614139857,0.9426411096127914
40f,43,conformal,0.15,0.7845249755142018,0.3013123669898321,0.5452825727122251,0.24219673681721446,0.30308583589501065,0.243970205722393,0.8038061604865607,0.9993853718500307,0.3159188690842041,0.9984588711230977,0.903583124638798
40f,43,conformal,0.2,0.7397540983606558,0.3013123669898321,0.5789784819106172,0.21503310475289666,0.3639453771577205,0.2776661149207851,0.7136550912301354,1.0,0.478180700676091,0.9993739163937584,0.8469947986900405
40f,43,conformal,0.3,0.6680960548885078,0.3013123669898321,0.6235812248758572,0.16404587372901394,0.45953535114684324,0.32226885788602505,0.544437904649794,1.0,0.6724031960663799,1.0,0.7067039106145251
40f,43,iforest,0.005,0.673113961563665,0.3013123669898321,0.3042977063135493,0.3011941357294869,0.003103570584062426,0.0029853393237171907,0.9996076123209732,0.9244007375537799,0.0006146281499692685,0.9631573877865537,0.959593527258717
40f,43,iforest,0.01,0.6526155163150101,0.3013123669898321,0.3069579096713171,0.30104634665405533,0.005911563017261764,0.005645542681484985,0.9991171277221895,0.9244007375537799,0.003073140749846343,0.9631573877865537,0.9570891928337507
40f,43,iforest,0.02,0.6112655029566569,0.3013123669898321,0.3106526365571057,0.2989772995980137,0.011675336959091984,0.009340269567273587,0.9922503433392192,0.9244007375537799,0.006146281499692686,0.9632055480639569,0.9460604893084185
40f,43,iforest,0.03,0.5714244364520241,0.3013123669898321,0.3147611728541026,0.29194253960747224,0.02281863324663041,0.013448805864270514,0.9689032764371199,0.9244007375537799,0.012292562999385371,0.9643132344442304,0.9296859949913312
40f,43,iforest,0.05,0.5344595288305752,0.3013123669898321,0.3246925987231024,0.28807046583116575,0.03662213289193663,0.023380231733270276,0.9560525799489896,0.9244007375537799,0.017209588199139522,0.9650837988826816,0.9078693893276826
40f,43,iforest,0.075,0.5068445298789077,0.3013123669898321,0.3324367462757153,0.28159730432726415,0.05083944194845117,0.031124379285883186,0.9345693545222681,0.9244007375537799,0.02089735709895513,0.9659506838759391,0.8600462338663071
40f,43,iforest,0.1,0.48553313059215863,0.3013123669898321,0.344851028611965,0.27154764719791913,0.07330338141404587,0.04353866162213289,0.9012164018049833,0.9250153657037492,0.02950215119852489,0.966673088036987,0.7773550375650163
40f,43,iforest,0.15,0.4599259095218189,0.3013123669898321,0.3696795932844644,0.2548179238590683,0.11486166942539608,0.0683672262946323,0.8456935452226799,0.9262446220036877,0.06637984019668101,0.9684068580235022,0.6492968599499133
40f,43,iforest,0.2,0.44435457301804693,0.3013123669898321,0.38753251359659496,0.2400094585008276,0.14752305509576732,0.08622014660676283,0.7965469884245635,0.9274738783036263,0.09219422249539029,0.9700924677326141,0.5734444230398767
40f,43,iforest,0.3,0.41950755036361437,0.3013123669898321,0.47044218491369116,0.20465831165760226,0.26578387325608893,0.16912981792385906,0.6792230723955268,0.933620159803319,0.24585125998770743,0.972982084376806,0.46493931805047195
40f,43,iforest+msp:mean,0.005,0.9078156250000001,0.3013123669898321,0.30296760463466543,0.2985634901868054,0.0044041144478600145,0.001655237644833294,0.9908769864626251,0.9244007375537799,0.002458512599877074,0.963976112502408,0.9518397225968022
40f,43,iforest+msp:mean,0.01,0.8822916666666667,0.3013123669898321,0.304652400094585,0.2965831165760227,0.008069283518562308,0.0033400331047528965,0.984304492838925,0.9244007375537799,0.008604794099569761,0.9645540358312464,0.9431227123868233
40f,43,iforest+msp:mean,0.02,0.8577083333333333,0.3013123669898321,0.30642586899976354,0.29321352565618347,0.013212343343580043,0.005113502009931426,0.9731214439866588,0.9244007375537799,0.014136447449293177,0.9651801194374879,0.9221248314390291
40f,43,iforest+msp:mean,0.03,0.833753125,0.3013123669898321,0.30905651454244504,0.2879817923859068,0.02107472215653819,0.007744147552612911,0.9557582891897194,0.9244007375537799,0.019668100799016593,0.9664804469273743,0.897996532460027
40f,43,iforest+msp:mean,0.05,0.8128124999999999,0.3013123669898321,0.31295814613383777,0.28106526365571055,0.031892882478127216,0.011645779144005676,0.932803609966647,0.9250153657037492,0.02950215119852489,0.9676844538624543,0.8691485262955114
40f,43,iforest+msp:mean,0.075,0.7908567708333333,0.3013123669898321,0.31813076377394184,0.2714589737526602,0.04667179002128163,0.016818396784109717,0.9009221110457132,0.926859250153657,0.04732636754763368,0.9684550183009054,0.8343768060104026
40f,43,iforest+msp:mean,0.1,0.7446250000000002,0.3013123669898321,0.3310179711515725,0.2473397966422322,0.08367817450934027,0.029705604161740364,0.82087502452423,0.9299323909035033,0.10264290104486785,0.9707185513388558,0.7897322288576383
40f,43,iforest+msp:mean,0.15,0.679723958333333,0.3013123669898321,0.3485753133128399,0.2101560652636557,0.1384192480491842,0.0472629463230078,0.6974690994702767,0.9342347879532883,0.26429010448678547,0.9736563282604508,0.719803506068195
40f,43,iforest+msp:mean,0.2,0.6253124999999999,0.3013123669898321,0.36486166942539605,0.17956372664932607,0.18529794277606998,0.06354930243556396,0.5959387875220717,0.9440688383527965,0.42778119237861095,0.9771720285108842,0.6335484492390676
40f,43,iforest+msp:mean,0.3,0.5503020833333334,0.3013123669898321,0.41573066918893353,0.13301016788838968,0.2827205013005439,0.11441830219910144,0.44143613890523836,0.9655808236017209,0.6195451751690227,0.9850703140050087,0.49412444615680984
40f,43,iforest+msp:max,0.005,0.996875,0.3013123669898321,0.3038247812721684,0.299479782454481,0.004344998817687396,0.0025124142823362496,0.9939179909750835,0.926859250153657,0.023970497848801474,0.9636871508379888,0.9554999036794452
40f,43,iforest+msp:max,0.01,0.9933354166666667,0.3013123669898321,0.307519508157957,0.2965831165760227,0.010936391581934263,0.006207141168124852,0.984304492838925,0.9280885064535955,0.04671173939766441,0.9643132344442304,0.9495280292814486
40f,43,iforest+msp:max,0.02,0.9883333333333333,0.3013123669898321,0.3125738945377158,0.2908784582643651,0.021695436273350674,0.01126152754788366,0.965371787325878,0.9317762753534112,0.0725261216963737,0.9657098824889231,0.9396551724137931
40f,43,iforest+msp:max,0.03,0.978125,0.3013123669898321,0.319579096713171,0.2807992433199338,0.038779853393237175,0.01826672972333885,0.9319207376888365,0.9323909035033805,0.11800860479409957,0.9673473319206318,0.9209208245039492
40f,43,iforest+msp:max,0.05,0.9608333333333333,0.3013123669898321,0.3319638212343344,0.2619413572948688,0.0700224639394656,0.030651454244502246,0.8693349028840496,0.9409956976029502,0.1972956361401352,0.9715854363321133,0.8879791947601618
40f,43,iforest+msp:max,0.075,0.9458333333333333,0.3013123669898321,0.3406833766847955,0.2522759517616458,0.08840742492314968,0.03937100969496335,0.8372572101236022,0.9459127228027043,0.2347879532882606,0.9727894432671932,0.8612020805239838
40f,43,iforest+msp:max,0.1,0.9287708333333333,0.3013123669898321,0.35368881532277135,0.2419011586663514,0.11178765665641996,0.05237644833293923,0.8028251912889935,0.9496004917025199,0.26551936078672406,0.9753900982469659,0.8328356771335003
40f,43,iforest+msp:max,0.15,0.8896145833333332,0.3013123669898321,0.37210333412154173,0.22363442894301253,0.1484689051785292,0.07079096713170963,0.7422012948793408,0.9539028887523049,0.3245236631837738,0.9791465998844153,0.7538046619148526
40f,43,iforest+msp:max,0.2,0.8408333333333333,0.3013123669898321,0.396724994088437,0.197357531331284,0.199367462757153,0.09541262709860487,0.6549931332156171,0.9655808236017209,0.4105716041794714,0.9840589481795415,0.636052783664034
40f,43,iforest+msp:max,0.3,0.736875,0.3013123669898321,0.45595885552139986,0.11672381177583353,0.33923504374556634,0.15464648853156773,0.38738473611928587,0.9895513214505224,0.7271051014136447,0.9942207667116163,0.4483240223463687
40f,43,iforest+entropy:mean,0.005,0.9034416666666668,0.3013123669898321,0.3021104279971624,0.29945022463939464,0.002660203357767794,0.0007980610073303381,0.9938198940553267,0.9244007375537799,0.0006146281499692685,0.9633981891735697,0.9498651512232711
40f,43,iforest+entropy:mean,0.01,0.8950031250000001,0.3013123669898321,0.3026129108536297,0.29885906833766845,0.0037538425159612202,0.001300543863797588,0.9918579556601922,0.9244007375537799,0.0018438844499078057,0.963735311115392,0.9400404546330187
40f,43,iforest+entropy:mean,0.02,0.8690625,0.3013123669898321,0.30435682194372193,0.2960215180893828,0.008335303854339088,0.0030444549538898085,0.9824406513635472,0.9244007375537799,0.010448678549477565,0.964698516663456,0.9129262184550183
40f,43,iforest+entropy:mean,0.03,0.8456499999999999,0.3013123669898321,0.30580515488295107,0.29262236935445735,0.013182785528493734,0.004492787893118941,0.9711595055915245,0.9244007375537799,0.01782421634910879,0.964939318050472,0.888749759198613
40f,43,iforest+entropy:mean,0.05,0.8240052083333336,0.3013123669898321,0.3076672972333885,0.28839560179711515,0.01927169543627335,0.006354930243556396,0.9571316460663135,0.9244007375537799,0.03073140749846343,0.9651801194374879,0.8546041225197457
40f,43,iforest+entropy:mean,0.075,0.7801197916666666,0.3013123669898321,0.31275124142823363,0.27355757862378816,0.039193662804445493,0.011438874438401513,0.9078869923484404,0.9280885064535955,0.07805777504609711,0.9671546908110191,0.815497977268349
40f,43,iforest+entropy:mean,0.1,0.7379270833333335,0.3013123669898321,0.32327382359895956,0.25180302672026483,0.07147079687869473,0.021961456609127454,0.8356876594074946,0.931161647203442,0.16349108789182545,0.9693700635715662,0.7866499711038336
40f,43,iforest+entropy:mean,0.15,0.6733333333333333,0.3013123669898321,0.3484570820524947,0.21296405769685506,0.13549302435563962,0.047144715062662566,0.7067883068471651,0.9354640442532268,0.39520590043023973,0.9732710460412252,0.7172028510884223
40f,43,iforest+entropy:mean,0.2,0.6256458333333333,0.3013123669898321,0.36140340506029794,0.18582998344762355,0.1755734216126744,0.060091038070465834,0.6167353345104964,0.9391518131530424,0.5064535955746773,0.9754864188017723,0.6392795222500481
40f,43,iforest+entropy:mean,0.3,0.5430833333333334,0.3013123669898321,0.411947268857886,0.14164104989359186,0.2703062189642942,0.11063490186805391,0.4700804394742005,0.9631223110018439,0.6207744314689613,0.9825659795800423,0.4816509343093816
40f,43,iforest+entropy:max,0.005,0.995834375,0.3013123669898321,0.30412035942303145,0.30075076850319227,0.0033695909198392057,0.002807992433199338,0.9981361585246225,0.9256299938537185,0.03318992009834051,0.96325370834136,0.95497014062801
40f,43,iforest+entropy:max,0.01,0.9925020833333335,0.3013123669898321,0.30642586899976354,0.3000118231260345,0.006414045873729014,0.005113502009931426,0.9956837355307043,0.9262446220036877,0.0528580208973571,0.9636871508379888,0.9493353881718358
40f,43,iforest+entropy:max,0.02,0.9866666666666667,0.3013123669898321,0.3089678410971861,0.2992728777488768,0.009694963348309294,0.007655474107353984,0.9932313125367863,0.9262446220036877,0.05838967424708052,0.9638316316701985,0.9405220574070506
40f,43,iforest+entropy:max,0.03,0.9777145833333333,0.3013123669898321,0.31112556159848664,0.29735161976826674,0.01377394183021991,0.009813194608654529,0.9868550127525997,0.9262446220036877,0.06637984019668101,0.9640242727798112,0.9285783086110576
40f,43,iforest+entropy:max,0.05,0.9602083333333333,0.3013123669898321,0.31514542445022464,0.2891641049893592,0.025981319460865453,0.013833057460392527,0.9596821659799882,0.9280885064535955,0.1173939766441303,0.9657098824889231,0.8992486996725101
40f,43,iforest+entropy:max,0.075,0.9433489583333333,0.3013123669898321,0.32132300780326317,0.28461220146606764,0.036710806337195555,0.020010640813431072,0.9445752403374534,0.9280885064535955,0.14689612784265518,0.9662396455403583,0.8735792718166057
40f,43,iforest+entropy:max,0.1,0.9250208333333334,0.3013123669898321,0.3287420193899267,0.27923267912035943,0.04950934026956727,0.027429652400094585,0.9267216009417305,0.931161647203442,0.20036877688998156,0.9674436524754383,0.8330764785205163
40f,43,iforest+entropy:max,0.15,0.8850312499999999,0.3013123669898321,0.3431366753369591,0.25798061007330336,0.08515606526365571,0.04182430834712698,0.8561899156366489,0.9391518131530424,0.38229870928088505,0.9722115199383549,0.7225486418801772
40f,43,iforest+entropy:max,0.2,0.8288333333333333,0.3013123669898321,0.38995625443367227,0.2027074958619059,0.18724875857176637,0.08864388744384015,0.6727486756915834,0.9686539643515673,0.7430854333128457,0.9798690040454633,0.5979580042381044
40f,43,iforest+entropy:max,0.3,0.7341666666666666,0.3013123669898321,0.45060889099077794,0.1309706786474344,0.31963821234334355,0.14929652400094584,0.4346674514420248,0.9963122311001844,0.8783036263060848,0.9910903486804084,0.432575611635523
40f,43,iforest+margin:mean,0.005,0.9293963541666671,0.3013123669898321,0.3033814140458737,0.2981792385906834,0.005202175455190352,0.0020690470560416176,0.9896017265057878,0.9244007375537799,0.0018438844499078057,0.964216913889424,0.9562704681178964
40f,43,iforest+margin:mean,0.01,0.8966666666666667,0.3013123669898321,0.3053322298415701,0.2952234570820525,0.010108772759517616,0.0040198628517379995,0.9797920345301158,0.9244007375537799,0.003073140749846343,0.9652282797148911,0.9509728376035446
40f,43,iforest+margin:mean,0.02,0.8555208333333333,0.3013123669898321,0.30952943958382595,0.2895483565854812,0.01998108299834476,0.008217072593993851,0.9609574259368256,0.9244007375537799,0.00921942224953903,0.9668175688691967,0.9365729146599885
40f,43,iforest+margin:mean,0.03,0.8319791666666667,0.3013123669898321,0.31343107117521873,0.2842279498699456,0.029203121305273114,0.012118704185386617,0.943299980380616,0.9244007375537799,0.016594960049170254,0.9676362935850511,0.9213061067231747
40f,43,iforest+margin:mean,0.05,0.7993854166666666,0.3013123669898321,0.3193721920075668,0.27219791912981794,0.04717427287774888,0.01805982501773469,0.9033745340396312,0.9256299938537185,0.034419176398279044,0.9687921402427278,0.883644769793874
40f,43,iforest+margin:mean,0.075,0.7650078125,0.3013123669898321,0.32622960510759047,0.25656183494916057,0.06966777015842988,0.024917238117758336,0.8514812634883265,0.926859250153657,0.06023355869698832,0.9703332691196301,0.8292236563282605
40f,43,iforest+margin:mean,0.1,0.7460416666666667,0.3013123669898321,0.33234807283045636,0.24660085126507447,0.08574722156538189,0.03103570584062426,0.8184226015303119,0.9287031346035648,0.08174554394591273,0.9712964746676941,0.8000385282219226
40f,43,iforest+margin:mean,0.15,0.677203125,0.3013123669898321,0.35141286356112555,0.20764365098131946,0.1437692125798061,0.05010049657129345,0.6891308612909555,0.933620159803319,0.20897357098955133,0.9745713735311116,0.7078597572722019
40f,43,iforest+margin:mean,0.2,0.6311458333333333,0.3013123669898321,0.366960274296524,0.17613502009931425,0.19082525419720975,0.06564790730669189,0.5845595448302924,0.9440688383527965,0.35894283958205286,0.977605471007513,0.6344153342323252
40f,43,iforest+margin:mean,0.3,0.5593020833333334,0.3013123669898321,0.4197800898557579,0.12245802790257744,0.2973220619531804,0.11846772286592575,0.40641553855208945,0.9717271051014137,0.5642286416717885,0.9865151223271046,0.5102099788094779
40f,43,iforest+margin:max,0.005,0.998125,0.3013123669898321,0.30305627807992436,0.2992433199337905,0.0038129581461338376,0.0017439110900922205,0.9931332156170296,0.9256299938537185,0.0036877688998156115,0.9635908302831824,0.9588229628202658
40f,43,iforest+margin:max,0.01,0.9958354166666668,0.3013123669898321,0.3082288957200284,0.2953121305273114,0.012916765192716954,0.006916528730196264,0.980086325289386,0.9293177627535341,0.02089735709895513,0.9646021961086496,0.9529474089770757
40f,43,iforest+margin:max,0.02,0.9893791666666666,0.3013123669898321,0.31490896192953416,0.28872073776306456,0.026188224166469615,0.013596594939702058,0.9582107121836375,0.9323909035033805,0.037492317148125384,0.9659025235985359,0.9444712001541129
40f,43,iforest+margin:max,0.03,0.9839583333333334,0.3013123669898321,0.3212638921730906,0.28171553558760937,0.0395483565854812,0.019951525183258455,0.9349617422012949,0.9360786724031961,0.06637984019668101,0.9682623771912926,0.9331053746869582
40f,43,iforest+margin:max,0.05,0.9691770833333333,0.3013123669898321,0.33228895720028373,0.2654291794750532,0.06685977772523055,0.030976590210451644,0.8809103394153422,0.9416103257529195,0.10018438844499078,0.9716335966095164,0.909699479869004
40f,43,iforest+margin:max,0.075,0.949375,0.3013123669898321,0.34910735398439346,0.2432903759754079,0.10581697800898558,0.04779498699456136,0.8074357465175593,0.9483712354025814,0.15427166564228642,0.9760161818532075,0.8752167212483144
40f,43,iforest+margin:max,0.1,0.9335416666666667,0.3013123669898321,0.3675514305982502,0.22667888389690233,0.14087254670134783,0.06623906360841807,0.7523052776142829,0.9532882606023356,0.2071296865396435,0.9802542862646889,0.8448757464842997
40f,43,iforest+margin:max,0.15,0.8944374999999999,0.3013123669898321,0.39468550484748166,0.19044100260108773,0.20424450224639396,0.09337313785764956,0.6320384539925447,0.9649661954517517,0.3048555623847572,0.9859371989982663,0.7657002504334425
40f,43,iforest+margin:max,0.2,0.85375,0.3013123669898321,0.41626270986048713,0.16026247339796643,0.2560002364625207,0.114950342870655,0.531881498920934,0.9784880147510756,0.4105716041794714,0.9895973800809093,0.6805047197071855
40f,43,iforest+margin:max,0.3,0.7395,0.3013123669898321,0.45400803972570347,0.11421139749349728,0.3397966422322062,0.15269567273587137,0.3790464979399647,0.9895513214505224,0.6072526121696373,0.9942207667116163,0.4497688306684646
40f,43,iforest+conformal:mean,0.005,0.9678130208333333,0.3013123669898321,0.30678056278079924,0.30110546228422796,0.005675100496571293,0.0054681957909671315,0.999313321561703,0.9244007375537799,0.0,0.9643132344442304,0.9630610672317472
40f,43,iforest+conformal:mean,0.01,0.9455302083333336,0.3013123669898321,0.31272168361314734,0.29986403405060297,0.012857649562544336,0.011409316623315204,0.9951932509319207,0.9244007375537799,0.0006146281499692685,0.9655654016567136,0.9615680986322481
40f,43,iforest+conformal:mean,0.02,0.9160416666666666,0.3013123669898321,0.3247221565381887,0.29850437455663276,0.026217781981555922,0.023409789548356586,0.9906807926231116,0.9250153657037492,0.0018438844499078057,0.9665286072047775,0.9592082450394914
40f,43,iforest+conformal:mean,0.03,0.8933364583333333,0.3013123669898321,0.33462402459210216,0.29699692598723104,0.03762709860487113,0.03331165760227004,0.985677849715519,0.9250153657037492,0.0036877688998156115,0.9668657291465999,0.9551627817376228
40f,43,iforest+conformal:mean,0.05,0.8413697916666667,0.3013123669898321,0.35933435800425634,0.2913218254906597,0.0680125325135966,0.058021991014424214,0.9668432411222287,0.9262446220036877,0.015980331899200985,0.9694182238489694,0.9371026777114236
40f,43,iforest+conformal:mean,0.075,0.7976197916666666,0.3013123669898321,0.38623196973279733,0.2835481201229605,0.10268384960983684,0.08491960274296524,0.9410437512262114,0.9317762753534112,0.046097111247695145,0.9719225582739357,0.9141302253900982
40f,43,iforest+conformal:mean,0.1,0.75125,0.3013123669898321,0.43624379285883186,0.270867817450934,0.16537597540789784,0.13493142586899975,0.8989601726505788,0.9348494161032576,0.08113091579594345,0.973463687150838,0.8642361780003853
40f,43,iforest+conformal:mean,0.15,0.6915625,0.3013123669898321,0.4834771813667534,0.2453003074012769,0.23817687396547646,0.18216481437692125,0.8141063370610163,0.9379225568531039,0.22987092808850645,0.9755345790791755,0.7777884800616451
40f,43,iforest+conformal:mean,0.2,0.6547083333333333,0.3013123669898321,0.5207200283755025,0.2231910617167179,0.2975289666587846,0.21940766138567036,0.74072984108299,0.9496004917025199,0.3552550706822373,0.9796763629358505,0.7173954921980351
40f,43,iforest+conformal:mean,0.3,0.5955208333333333,0.3013123669898321,0.5814317805627808,0.1842338614329629,0.39719791912981794,0.2801194135729487,0.6114381008436336,0.9791026429010449,0.4972341733251383,0.9876709689847814,0.6107204777499519
40f,43,iforest+conformal:max,0.005,0.9977083333333333,0.3013123669898321,0.3076968550484748,0.30048474816741544,0.0072121068810593525,0.006384488058642705,0.9972532862468118,0.9293177627535341,0.005531653349723417,0.9658543633211327,0.9606048930841842
40f,43,iforest+conformal:max,0.01,0.995,0.3013123669898321,0.32223930007093876,0.2993615511941357,0.022877748876803026,0.020926933081106644,0.9935256032960564,0.9446834665027658,0.024585125998770743,0.9691774224619534,0.9580523983818147
40f,43,iforest+conformal:max,0.02,0.991875,0.3013123669898321,0.3366635138330575,0.29877039489240953,0.03789311894064791,0.03535114684322535,0.9915636649009221,0.9569760295021512,0.03995082974800246,0.9730302446542092,0.9554035831246388
40f,43,iforest+conformal:max,0.03,0.9877083333333333,0.3013123669898321,0.3503192244029321,0.2980018917001655,0.05231733270276661,0.04900685741310002,0.9890131449872474,0.9643515673017824,0.04794099569760295,0.9773165093430938,0.9512617992679638
40f,43,iforest+conformal:max,0.05,0.979375,0.3013123669898321,0.3790494206668243,0.2956077086781745,0.0834417119886498,0.0777370536769922,0.9810672944869531,0.9803318992009834,0.07191149354640443,0.9871412059333462,0.9440377576574841
40f,43,iforest+conformal:max,0.075,0.9729166666666667,0.3013123669898321,0.43420430361787654,0.29182430834712697,0.1423799952707496,0.13289193662804447,0.968510888758093,0.9834050399508297,0.08912108174554395,0.9900789828549412,0.9368137160470045
40f,43,iforest+conformal:max,0.1,0.9610416666666667,0.3013123669898321,0.47638330574603927,0.28449397020572237,0.19188933554031687,0.17507093875620713,0.9441828526584265,0.990780577750461,0.11923786109403811,0.9932094008861491,0.9239549219803506
40f,43,iforest+conformal:max,0.15,0.9416979166666666,0.3013123669898321,0.5293509103807047,0.2634192480491842,0.26593166233152044,0.22803854339087254,0.8742397488718855,0.9975414874001229,0.2052858020897357,0.9974475052976305,0.8913022539009825
40f,43,iforest+conformal:max,0.2,0.9115,0.3013123669898321,0.5601797115157248,0.22724048238354222,0.33293922913218255,0.25886734452589266,0.7541691190896607,0.9993853718500307,0.3343577135832821,0.9985070314005009,0.8276343671739549
40f,43,iforest+conformal:max,0.3,0.8216666666666667,0.3013123669898321,0.6066150390163159,0.17941593757389454,0.4271991014424214,0.3053026720264838,0.5954483029232882,1.0,0.5636140135218193,0.9997110383355808,0.6401464072433057
40f,44,msp,0.005,0.6260973215103149,0.2716954362733507,0.27394183021991014,0.2671139749349728,0.0068278552849373375,0.0022463939465594703,0.9831375108790251,0.9330055316533498,0.054087277197295634,0.9580042381044115,0.9488537853978039
40f,44,msp,0.01,0.598361074924469,0.2716954362733507,0.2768089382832821,0.2630645542681485,0.013744384015133601,0.005113502009931426,0.9682332463011314,0.9348494161032576,0.08051628764597418,0.9592082450394914,0.9422076671161626
40f,44,msp,0.02,0.5670438408851624,0.2716954362733507,0.2807401276897612,0.2563549302435564,0.024385197446204775,0.009044691416410499,0.9435378590078328,0.9391518131530424,0.12292562999385372,0.960797534193797,0.933538817183587
40f,44,msp,0.03,0.538469672203064,0.2716954362733507,0.28496689524710334,0.24887680302672027,0.03609009222038307,0.01327145897375266,0.9160139251523063,0.9434542102028273,0.1622618315918869,0.9625313041803121,0.9232806780967059
40f,44,msp,0.05,0.5032303333282471,0.2716954362733507,0.2946618585954126,0.23749704421849138,0.05716481437692126,0.022966422322061954,0.874129677980853,0.9526736324523664,0.24769514443761526,0.9656135619341167,0.9021864765941052
40f,44,msp,0.075,0.4795345067977905,0.2716954362733507,0.30846535824071886,0.22023528020808703,0.08823007803263183,0.03676992196736817,0.8105961705831157,0.9594345421020283,0.31653349723417334,0.969562704681179,0.8810441148141013
40f,44,msp,0.1,0.46396195888519287,0.2716954362733507,0.31697800898557577,0.20968314022227477,0.10729486876330102,0.04528257271222511,0.7717580504786771,0.9668100799016595,0.35279655808236016,0.9715854363321133,0.8618763244076286
40f,44,msp,0.15,0.43113744258880615,0.2716954362733507,0.3327323244265784,0.18639158193426342,0.14634074249231496,0.06103688815322771,0.6860313315926893,0.9741856177012908,0.4363859864781807,0.9768349065690618,0.7988826815642458
40f,44,msp,0.2,0.391317754983902,0.2716954362733507,0.35049657129344997,0.16038070465831167,0.19011586663513833,0.07880113502009932,0.59029590948651,0.9870928088506453,0.5494775660725261,0.9816509343093817,0.7362743209400886
40f,44,msp,0.3,0.25666338205337524,0.2716954362733507,0.39734570820524945,0.07327382359895956,0.3240718846062899,0.1256502719318988,0.2696910356832028,0.9987707437000615,0.8131530424093424,0.9940762858794067,0.6068194952802928
40f,44,entropy,0.005,0.7820172561714347,0.2716954362733507,0.2720205722393001,0.27063135493024354,0.0013892173090565146,0.000325135965949397,0.996083550913838,0.9293177627535341,0.059618930547019056,0.9568002311693315,0.9462531304180312
40f,44,entropy,0.01,0.7608839077495044,0.2716954362733507,0.27228659257507687,0.2699810829983448,0.002305509576732088,0.0005911563017261764,0.9936901653611836,0.931161647203442,0.0842040565457898,0.9569928722789444,0.9414371026777114
40f,44,entropy,0.02,0.7388065225500208,0.2716954362733507,0.2727004019862852,0.26820761409316624,0.004492787893118941,0.0010049657129344999,0.9871627502175805,0.9323909035033805,0.11923786109403811,0.9577152764399923,0.9318050471970718
40f,44,entropy,0.03,0.7219232923404358,0.2716954362733507,0.27332111610309767,0.2667888389690234,0.0065322771340742495,0.0016256798297469852,0.9819408181026978,0.9342347879532883,0.14689612784265518,0.9581487189366211,0.9214024272779812
40f,44,entropy,0.05,0.7034948231665225,0.2716954362733507,0.2742078505556869,0.26451288720737764,0.009694963348309294,0.0025124142823362496,0.9735639686684073,0.9354640442532268,0.18438844499078058,0.9591119244846851,0.9043536890772491
40f,44,entropy,0.075,0.6805535632330653,0.2716954362733507,0.2760995507212107,0.2597540789784819,0.016345471742728778,0.0044041144478600145,0.9560487380330722,0.9385371850030731,0.23847572218807622,0.9606048930841842,0.8816220381429397
40f,44,entropy,0.1,0.6458066773726283,0.2716954362733507,0.2804149917238118,0.25047292504138097,0.029942066682430834,0.008719555450461101,0.9218885987815493,0.9434542102028273,0.37062077443146896,0.9627239452899249,0.834473126565209
40f,44,entropy,0.15,0.5400463347591791,0.2716954362733507,0.3069579096713171,0.21136793568219436,0.09558997398912272,0.03526247339796642,0.7779590948651001,0.9631223110018439,0.6355255070682237,0.9684068580235022,0.7644480832209594
40f,44,entropy,0.2,0.4509712192168623,0.2716954362733507,0.3314022227476945,0.17235161976826674,0.15905060297942777,0.05970678647434382,0.6343559617058312,0.9920098340503996,0.8125384142593731,0.9745713735311116,0.7019360431516085
40f,44,entropy,0.3,0.36317312165792914,0.2716954362733507,0.393473634428943,0.07883069283518562,0.3146429415937574,0.12177819815559233,0.29014360313315923,0.9987707437000615,0.9053472649047326,0.9930167597765364,0.5905894817954151
40f,44,margin,0.005,0.9904999136924744,0.2716954362733507,0.274887680302672,0.26817805627807995,0.006709624024592102,0.0031922440293213525,0.9870539599651872,0.931161647203442,0.012292562999385371,0.9578115969947987,0.9527066075900598
40f,44,margin,0.01,0.9797943830490112,0.2716954362733507,0.27875975407897846,0.2631236698983211,0.015636084180657366,0.007064317805627808,0.968450826805918,0.933620159803319,0.028272894898586354,0.9599788094779426,0.9485648237333847
40f,44,margin,0.02,0.9595623016357422,0.2716954362733507,0.28567628280917473,0.2556159848663987,0.03006029794277607,0.013980846535824073,0.9408181026979983,0.9360786724031961,0.057775046097111246,0.9619052205740705,0.9392217299171643
40f,44,margin,0.03,0.9390137195587158,0.2716954362733507,0.29203121305273116,0.24680775597067864,0.04522345708205249,0.02033577677938047,0.9083986074847693,0.9422249539028887,0.0940381069452981,0.963976112502408,0.9305528799845887
40f,44,margin,0.05,0.8971645832061768,0.2716954362733507,0.30536178765665645,0.22963466540553323,0.0757271222511232,0.033666351383305745,0.8451914708442123,0.9520590043023971,0.14628149969268592,0.9679252552494703,0.9116740512425352
40f,44,margin,0.075,0.842664897441864,0.2716954362733507,0.3205840624261055,0.20690470560416174,0.11367935682194372,0.048888626152754786,0.7615317667536988,0.9625076828518746,0.21204671173939765,0.9725968021575804,0.8874012714313234
40f,44,margin,0.1,0.7880597114562988,0.2716954362733507,0.3343875620714117,0.18721920075668005,0.14716836131473163,0.06269212579806101,0.689077458659704,0.9711124769514444,0.2765826674861709,0.9771720285108842,0.8626950491234829
40f,44,margin,0.15,0.6823079586029053,0.2716954362733507,0.3597186096003783,0.14702057223930007,0.21269803736107826,0.08802317332702767,0.5411227154046997,0.986478180700676,0.42470805162876457,0.9847813523405895,0.8096705837025622
40f,44,margin,0.2,0.6084434390068054,0.2716954362733507,0.37529557815086306,0.12251714353275006,0.252778434618113,0.10360014187751242,0.4509355961705831,0.9901659496004918,0.5384142593730793,0.9888749759198613,0.7431130803313427
40f,44,margin,0.3,0.47062304615974426,0.2716954362733507,0.39687278316386854,0.0730669188933554,0.3238058642705131,0.12517734689051785,0.26892950391644904,0.9981561155500922,0.7289489858635525,0.9945097283760355,0.6198227701791562
40f,44,conformal,0.005,0.9558985543369894,0.2716954362733507,0.3341215417356349,0.2716954362733507,0.06242610546228423,0.06242610546228423,1.0,0.9280885064535955,0.0,0.9569447120015411,0.9565112695049124
40f,44,conformal,0.01,0.9429212362911266,0.2716954362733507,0.34751123196973277,0.2716954362733507,0.07581579569638212,0.07581579569638212,1.0,0.9287031346035648,0.0006146281499692685,0.9571373531111539,0.9565112695049124
40f,44,conformal,0.02,0.9147756729810563,0.2716954362733507,0.37848782218018445,0.2716954362733507,0.10679238590683376,0.10679238590683376,1.0,0.9287031346035648,0.0006146281499692685,0.9576671161625891,0.9565112695049124
40f,44,conformal,0.03,0.8924731182795699,0.2716954362733507,0.394715062662568,0.2716954362733507,0.1230196263892173,0.1230196263892173,1.0,0.9293177627535341,0.001229256299938537,0.9592082450394914,0.9565112695049124
40f,44,conformal,0.05,0.8494623655913979,0.2716954362733507,0.4396429415937574,0.27151808938283284,0.16812485221092457,0.16794750532040673,0.9993472584856397,0.9434542102028273,0.016594960049170254,0.9682142169138894,0.9564149489501059
40f,44,conformal,0.075,0.813953488372093,0.2716954362733507,0.49603925277843464,0.2678824781272168,0.22815677465121778,0.22434381650508395,0.9859660574412532,0.9557467732022127,0.05900430239704978,0.9777499518397226,0.9442303987670969
40f,44,conformal,0.1,0.7953488372093023,0.2716954362733507,0.5328978481910617,0.26424686687160087,0.26865098131946086,0.26120241191771104,0.9725848563968669,0.9735709895513215,0.10633066994468347,0.9854555962242343,0.9323348102485071
40f,44,conformal,0.15,0.7417746759720838,0.2716954362733507,0.6046346654055332,0.25153700638448806,0.3530976590210452,0.33293922913218255,0.925805047867711,0.9987707437000615,0.2267977873386601,0.9972067039106145,0.8625024080138701
40f,44,conformal,0.2,0.7105263157894737,0.2716954362733507,0.6261527547883661,0.22638330574603927,0.3997694490423268,0.3544573185150154,0.83322454308094,1.0,0.3306699446834665,0.9988923136197264,0.8210364091697168
40f,44,conformal,0.3,0.6465116279069767,0.2716954362733507,0.675248285646725,0.16531685977772523,0.5099314258689998,0.4035528493733743,0.6084638816362054,1.0,0.578979717271051,0.9997110383355808,0.7107012136389905
40f,44,iforest,0.005,0.6488044487891693,0.2716954362733507,0.2758335303854339,0.27154764719791913,0.004285883187514779,0.004138094112083235,0.9994560487380331,0.9280885064535955,0.003073140749846343,0.9565112695049124,0.9515026006549798
40f,44,iforest,0.01,0.6199480383622563,0.2716954362733507,0.2800602979427761,0.27116339560179714,0.008896902340978955,0.008364861669425397,0.9980417754569191,0.9280885064535955,0.0043023970497848806,0.9567039106145251,0.9463012906954344
40f,44,iforest,0.02,0.584719834615008,0.2716954362733507,0.28334121541735635,0.26764601560652634,0.015695199810829983,0.011645779144005676,0.985095735422106,0.9280885064535955,0.009834050399508297,0.9569447120015411,0.9369100366018108
40f,44,iforest,0.03,0.5669108992849785,0.2716954362733507,0.28656301726176403,0.2637443840151336,0.02281863324663041,0.014867580988413337,0.9707354221061792,0.9280885064535955,0.01290719114935464,0.9572818339433635,0.9283375072240416
40f,44,iforest,0.05,0.53669321561577,0.2716954362733507,0.2941889335540317,0.2603156774651218,0.033873256088909905,0.02249349728068101,0.9581157528285466,0.9280885064535955,0.015980331899200985,0.9581968792140243,0.9087362743209401
40f,44,iforest,0.075,0.507418965837632,0.2716954362733507,0.3019626389217309,0.25594112083234805,0.04602151808938283,0.03026720264838023,0.9420147954743253,0.9280885064535955,0.019053472649047325,0.9589674436524754,0.8754093623579272
40f,44,iforest,0.1,0.490492756032332,0.2716954362733507,0.30947032395365337,0.2511231969732797,0.05834712698037361,0.037774887680302675,0.9242819843342036,0.9280885064535955,0.024585125998770743,0.9600269697553457,0.8350992101714506
40f,44,iforest,0.15,0.46691409635657954,0.2716954362733507,0.3274414755261291,0.23983211161030976,0.08760936391581935,0.055746039252778434,0.8827241079199303,0.9299323909035033,0.04794099569760295,0.9609901753034098,0.7301579657098825
40f,44,iforest,0.2,0.45175126530203996,0.2716954362733507,0.3478363679356822,0.22676755734216128,0.12106881059352093,0.07614093166233152,0.834638816362054,0.9299323909035033,0.06699446834665028,0.9617607397418609,0.6527162396455404
40f,44,iforest,0.3,0.4328850572279348,0.2716954362733507,0.3851087727595176,0.2040967131709624,0.1810120595885552,0.11341333648616694,0.7511966927763272,0.933620159803319,0.11677934849416104,0.9643613947216336,0.5130514351762666
40f,44,iforest+msp:mean,0.005,0.961901,0.2716954362733507,0.27335067391818396,0.2694194845117049,0.003931189406479073,0.001655237644833294,0.9916231505657093,0.9280885064535955,0.002458512599877074,0.9573781544981699,0.9478905798497399
40f,44,iforest+msp:mean,0.01,0.9552010000000001,0.2716954362733507,0.27438519744620476,0.26794159375738946,0.0064436036888153225,0.0026897611728541027,0.98618363794604,0.9280885064535955,0.002458512599877074,0.9579560778270083,0.9425929493353882
40f,44,iforest+msp:mean,0.02,0.9447,0.2716954362733507,0.2765429179475053,0.2646902340978955,0.011852683849609837,0.004847481674154647,0.9742167101827676,0.9280885064535955,0.0036877688998156115,0.9588229628202658,0.9355133885571181
40f,44,iforest+msp:mean,0.03,0.933603,0.2716954362733507,0.27873019626389217,0.2587195554504611,0.020010640813431072,0.007034759990541499,0.9522410791993037,0.9280885064535955,0.006760909649661954,0.9594008861491042,0.9188017722982085
40f,44,iforest+msp:mean,0.05,0.920005,0.2716954362733507,0.28171553558760937,0.24881768739654764,0.032897848191061715,0.01002009931425869,0.9157963446475195,0.9287031346035648,0.02581438229870928,0.9603640916971682,0.8863417453284531
40f,44,iforest+msp:mean,0.075,0.9101,0.2716954362733507,0.28532158902813903,0.24101442421376212,0.04430716481437692,0.013626152754788366,0.8870757180156658,0.9293177627535341,0.04671173939766441,0.9612309766904258,0.8523887497591986
40f,44,iforest+msp:mean,0.1,0.8992100000000001,0.2716954362733507,0.29126270986048713,0.2328860250650272,0.05837668479545992,0.01956727358713644,0.8571583986074848,0.9305470190534727,0.06146281499692686,0.9620978616836833,0.8124157195145444
40f,44,iforest+msp:mean,0.15,0.8855,0.2716954362733507,0.2995980137148262,0.22180184440766137,0.07779616930716482,0.027902577441475528,0.8163620539599651,0.9317762753534112,0.07928703134603565,0.9631573877865537,0.753178578308611
40f,44,iforest+msp:mean,0.2,0.8645200000000001,0.2716954362733507,0.3144064790730669,0.2047174272877749,0.10968905178529204,0.04271104279971624,0.7534812880765883,0.9348494161032576,0.13644744929317762,0.9647948372182624,0.6905702176844538
40f,44,iforest+msp:mean,0.3,0.8133,0.2716954362733507,0.35747221565381887,0.1785587609363916,0.17891345471742728,0.0857767793804682,0.6572019147084421,0.9379225568531039,0.24585125998770743,0.966673088036987,0.5735407435946831
40f,44,iforest+msp:max,0.005,0.998001,0.2716954362733507,0.2734393473634429,0.2685031922440293,0.004936155119413573,0.0017439110900922205,0.9882506527415142,0.9317762753534112,0.04240934234787953,0.9576671161625891,0.9483240223463687
40f,44,iforest+msp:max,0.01,0.9966,0.2716954362733507,0.2750354693781036,0.2656065263655711,0.009428943012532514,0.0033400331047528965,0.9775892080069626,0.9342347879532883,0.06023355869698832,0.9583413600462338,0.9441822384896937
40f,44,iforest+msp:max,0.02,0.9944039999999998,0.2716954362733507,0.2814790730669189,0.25706431780562783,0.024414755261291086,0.00978363679356822,0.9461488250652742,0.9391518131530424,0.11985248924400738,0.960556732806781,0.9307936813716047
40f,44,iforest+msp:max,0.03,0.9912,0.2716954362733507,0.2865334594466777,0.25076850319224403,0.03576495625443367,0.014838023173327027,0.922976501305483,0.9422249539028887,0.15550092194222495,0.9621460219610865,0.9222693122712387
40f,44,iforest+msp:max,0.05,0.9852,0.2716954362733507,0.29708559943248997,0.24125088673445258,0.05583471269803736,0.025390163159139275,0.8879460400348128,0.9502151198524893,0.2267977873386601,0.9645058755538432,0.9029088807551532
40f,44,iforest+msp:max,0.075,0.979,0.2716954362733507,0.3113915819342634,0.2259103807046583,0.0854812012296051,0.03969614566091274,0.8314838990426456,0.956361401352182,0.29870928088506454,0.9683105374686958,0.879984588711231
40f,44,iforest+msp:max,0.1,0.9736,0.2716954362733507,0.321973279735162,0.21426460156065263,0.10770867817450934,0.0502778434618113,0.7886205395996518,0.9612784265519361,0.33312845728334356,0.9706222307840493,0.85783086110576
40f,44,iforest+msp:max,0.15,0.96643,0.2716954362733507,0.3387325608890991,0.1937514778907543,0.14498108299834475,0.0670371246157484,0.7131201044386423,0.9686539643515673,0.39827904118008606,0.9740416104796764,0.8152571758813331
40f,44,iforest+msp:max,0.2,0.958,0.2716954362733507,0.35510759044691415,0.1740068574131,0.18110073303381413,0.08341215417356349,0.6404482158398607,0.9778733866011063,0.46465888137676703,0.9781833943363514,0.7524080138701599
40f,44,iforest+msp:max,0.3,0.9386,0.2716954362733507,0.39616339560179714,0.116960274296524,0.27920312130527314,0.12446795932844644,0.4304830287206266,0.9913952059004303,0.7086662569145666,0.9886341745328453,0.6264207281833943
40f,44,iforest+entropy:mean,0.005,0.9628005,0.2716954362733507,0.27258217072593993,0.2699810829983448,0.002601087727595176,0.0008867344525892646,0.9936901653611836,0.9280885064535955,0.0018438844499078057,0.9570891928337507,0.9478905798497399
40f,44,iforest+entropy:mean,0.01,0.9557070000000002,0.2716954362733507,0.2734984629936155,0.2687396547647198,0.00475880822889572,0.0018030267202648381,0.9891209747606614,0.9280885064535955,0.002458512599877074,0.9574263147755732,0.9421113465613562
40f,44,iforest+entropy:mean,0.02,0.9469000000000001,0.2716954362733507,0.27521281626862143,0.26622724048238355,0.008985575786237881,0.0035173799952707497,0.9798738033072236,0.9280885064535955,0.0043023970497848806,0.9578597572722019,0.9329127335773454
40f,44,iforest+entropy:mean,0.03,0.9363179999999998,0.2716954362733507,0.2771045164341452,0.2606999290612438,0.016404587372901396,0.005409080160794514,0.9595300261096605,0.9280885064535955,0.00921942224953903,0.9587266422654594,0.9185609709111925
40f,44,iforest+entropy:mean,0.05,0.9246050000000001,0.2716954362733507,0.27964648853156776,0.2533104752896666,0.026336013241901157,0.007951052258217073,0.9323324630113142,0.9293177627535341,0.02581438229870928,0.9594490464265074,0.8865343864380659
40f,44,iforest+entropy:mean,0.075,0.9108075,0.2716954362733507,0.28310475289666587,0.24488649799006856,0.038218254906597304,0.011409316623315204,0.9013272410791993,0.9293177627535341,0.05347264904732637,0.9606048930841842,0.8418898092853014
40f,44,iforest+entropy:mean,0.1,0.9024,0.2716954362733507,0.2866221328919366,0.23930007093875622,0.04732206195318042,0.014926696618585955,0.8807658833768495,0.9299323909035033,0.06207744314689613,0.9614717780774418,0.8108264303602388
40f,44,iforest+entropy:mean,0.15,0.8889,0.2716954362733507,0.29401158666351385,0.22638330574603927,0.06762828091747458,0.02231615039016316,0.83322454308094,0.9330055316533498,0.09035033804548248,0.9623386630706993,0.7485551916779041
40f,44,iforest+entropy:mean,0.2,0.86502,0.2716954362733507,0.31319460865452825,0.20660912745329865,0.1065854812012296,0.04149917238117758,0.760443864229765,0.9354640442532268,0.14812538414259374,0.9643613947216336,0.692544789057985
40f,44,iforest+entropy:mean,0.3,0.8110999999999999,0.2716954362733507,0.35803381414045876,0.17823362497044218,0.17980018917001656,0.08633837786710806,0.6560052219321149,0.9373079287031346,0.26121696373693915,0.9663359660951647,0.5674725486418801
40f,44,iforest+entropy:max,0.005,0.997201,0.2716954362733507,0.2720501300543864,0.2710156065263656,0.0010345235280208088,0.00035469378103570584,0.9974978241949521,0.9287031346035648,0.04671173939766441,0.9566557503371219,0.9466384126372568
40f,44,iforest+entropy:max,0.01,0.9952040000000001,0.2716954362733507,0.27293686450697563,0.2704244502246394,0.0025124142823362496,0.0012414282336249704,0.9953220191470844,0.9293177627535341,0.06699446834665028,0.9568002311693315,0.9419187054517434
40f,44,iforest+entropy:max,0.02,0.991,0.2716954362733507,0.2755675100496571,0.26862142350437457,0.006946086545282572,0.0038720737763064555,0.9886858137510879,0.9323909035033805,0.11247695144437615,0.9574744750529763,0.9309381622038143
40f,44,iforest+entropy:max,0.03,0.9872059999999999,0.2716954362733507,0.2771340742492315,0.2676755734216127,0.009458500827618822,0.005438637975880823,0.9852045256744996,0.9330055316533498,0.13153042409342347,0.9578597572722019,0.9234251589289154
40f,44,iforest+entropy:max,0.05,0.984,0.2716954362733507,0.27890754315441,0.2654882951052258,0.013419248049184204,0.0072121068810593525,0.977154046997389,0.9354640442532268,0.16349108789182545,0.9585340011558466,0.9078693893276826
40f,44,iforest+entropy:max,0.075,0.980415,0.2716954362733507,0.2828682903759754,0.2617048947741783,0.021163395601797114,0.011172854102624735,0.9632288946910357,0.9373079287031346,0.21573448063921327,0.960075130032749,0.8841263725679059
40f,44,iforest+entropy:max,0.1,0.977,0.2716954362733507,0.28869117994797827,0.25360605344052967,0.03508512650744857,0.016995743674627573,0.933420365535248,0.9409956976029502,0.29379225568531037,0.9618570602966673,0.8458871123097669
40f,44,iforest+entropy:max,0.15,0.9686,0.2716954362733507,0.30284937337432016,0.23004847481674154,0.07280089855757862,0.031153937100969496,0.8467145343777197,0.9483712354025814,0.4843269821757836,0.9654209208245039,0.7782219225582739
40f,44,iforest+entropy:max,0.2,0.9584,0.2716954362733507,0.3314908961929534,0.19647079687869473,0.13502009931425868,0.05979545991960274,0.7231288076588337,0.9717271051014137,0.6951444376152428,0.9705740705066461,0.7184068580235022
40f,44,iforest+entropy:max,0.3,0.93606,0.2716954362733507,0.376625679829747,0.13416292267675572,0.24246275715299126,0.10493024355639631,0.49379895561357695,0.9981561155500922,0.883220651505839,0.9828067809670584,0.6001252167212483
40f,44,iforest+margin:mean,0.005,0.9659004999999999,0.2716954362733507,0.27367580988413337,0.26885788602506505,0.004817923859068337,0.001980373610782691,0.989556135770235,0.9280885064535955,0.002458512599877074,0.9576189558851859,0.9512136389905606
40f,44,iforest+margin:mean,0.01,0.958401,0.2716954362733507,0.2750945850082762,0.26752778434618113,0.007566800662095058,0.0033991487349255144,0.9846605744125326,0.9280885064535955,0.002458512599877074,0.9583895203236371,0.9473608167983048
40f,44,iforest+margin:mean,0.02,0.9441019999999999,0.2716954362733507,0.27734097895483567,0.26303499645306216,0.014305982501773468,0.005645542681484985,0.9681244560487379,0.9280885064535955,0.0036877688998156115,0.9594008861491042,0.9351281063378926
40f,44,iforest+margin:mean,0.03,0.9322059999999999,0.2716954362733507,0.2798533932371719,0.2565322771340742,0.023321116103097658,0.008157956963821234,0.9441906005221931,0.9287031346035648,0.007375537799631223,0.9596898478135234,0.9200057792332884
40f,44,iforest+margin:mean,0.05,0.920115,0.2716954362733507,0.2828091747458028,0.2473102388271459,0.035498935918656896,0.011113738472452117,0.9102480417754568,0.9287031346035648,0.02089735709895513,0.9607493739163938,0.8908688114043537
40f,44,iforest+margin:mean,0.075,0.9072,0.2716954362733507,0.28863206431780564,0.23808820052021754,0.05054386379758808,0.016936628044454952,0.8763054830287206,0.9293177627535341,0.04240934234787953,0.9616162589096513,0.853207474475053
40f,44,iforest+margin:mean,0.1,0.8986000000000001,0.2716954362733507,0.2929179475053204,0.22984157011113737,0.06307637739418302,0.02122251123196973,0.845953002610966,0.9305470190534727,0.05716041794714198,0.9624349836255057,0.8218551338855712
40f,44,iforest+margin:mean,0.15,0.8819,0.2716954362733507,0.30332229841570113,0.21692480491842042,0.08639749349728068,0.031626862142350436,0.7984116623150564,0.9330055316533498,0.08236017209588199,0.963735311115392,0.754382585243691
40f,44,iforest+margin:mean,0.2,0.8651,0.2716954362733507,0.31340151336013244,0.20521991014424215,0.10818160321589028,0.04170607708678174,0.7553307223672759,0.9348494161032576,0.12046711739397664,0.9647948372182624,0.6929782315546138
40f,44,iforest+margin:mean,0.3,0.81416,0.2716954362733507,0.35714707968786946,0.17914991723811777,0.17799716244975172,0.0854516434145188,0.6593777197563099,0.9379225568531039,0.2366318377381684,0.9666249277595839,0.5706992872278944
40f,44,iforest+margin:max,0.005,0.9992,0.2716954362733507,0.27382359895956493,0.26936036888153225,0.004463230078032632,0.002128162686214235,0.9914055700609224,0.931161647203442,0.007375537799631223,0.9573299942207667,0.9532363706414949
40f,44,iforest+margin:max,0.01,0.998,0.2716954362733507,0.2771931898794041,0.2647789075431544,0.012414282336249704,0.00549775360605344,0.9745430809399478,0.9330055316533498,0.022741241548862937,0.9592082450394914,0.9484685031785783
40f,44,iforest+margin:max,0.02,0.9954,0.2716954362733507,0.28434618113029086,0.2578032631827855,0.02654291794750532,0.012650744856940175,0.9488685813751087,0.9342347879532883,0.04855562384757222,0.961519938354845,0.9389809285301484
40f,44,iforest+margin:max,0.03,0.992,0.2716954362733507,0.2924745802790258,0.24929061243792858,0.04318396784109719,0.020779144005675102,0.9175369886858137,0.9403810694529809,0.08543331284572833,0.9631573877865537,0.9298304758235407
40f,44,iforest+margin:max,0.05,0.9876,0.2716954362733507,0.3063667533695909,0.23468905178529204,0.07167770158429888,0.034671317096240245,0.8637946040034813,0.9508297480024586,0.13030116779348494,0.9673473319206318,0.9106145251396648
40f,44,iforest+margin:max,0.075,0.9826,0.2716954362733507,0.3226826672972334,0.2137325608890991,0.10895010640813431,0.050987231023882716,0.7866623150565709,0.958819913952059,0.19299323909035035,0.9712483143902909,0.888749759198613
40f,44,iforest+margin:max,0.1,0.9782,0.2716954362733507,0.3370182076140932,0.19664814376921258,0.1403700638448806,0.06532277134074249,0.723781549173194,0.9686539643515673,0.24953902888752305,0.9749566557503371,0.8640916971681757
40f,44,iforest+margin:max,0.15,0.9676,0.2716954362733507,0.3594821470796879,0.16437100969496335,0.19511113738472452,0.0877867108063372,0.604982593559617,0.9809465273509527,0.3515673017824216,0.9802061259872857,0.8173762280870738
40f,44,iforest+margin:max,0.2,0.9568,0.2716954362733507,0.3831579569638212,0.1323894537715772,0.25076850319224403,0.11146252069047057,0.4872715404699739,0.9870928088506453,0.4677320221266134,0.9863224812174918,0.7602581390868811
40f,44,iforest+margin:max,0.3,0.9386,0.2716954362733507,0.407927406006148,0.10176755734216127,0.30615984866398677,0.13623196973279736,0.3745648389904264,0.9938537185003073,0.6084818684695759,0.9913311500674243,0.6354267000577923
40f,44,iforest+conformal:mean,0.005,0.9207070000000002,0.2716954362733507,0.2986817214471506,0.27166587845826434,0.027015842988886263,0.026986285173799952,0.9998912097476065,0.9287031346035648,0.001229256299938537,0.9574263147755732,0.9564149489501059
40f,44,iforest+conformal:mean,0.01,0.905401,0.2716954362733507,0.308288011350201,0.27160676282809176,0.036681248522109244,0.03659257507685032,0.9996736292428199,0.9287031346035648,0.001229256299938537,0.9582931997688307,0.9558370256212676
40f,44,iforest+conformal:mean,0.02,0.8656019999999999,0.2716954362733507,0.3340033104752897,0.2705131236698983,0.06349018680539134,0.06230787420193899,0.9956483899042645,0.9305470190534727,0.003073140749846343,0.9607493739163938,0.9490464265074167
40f,44,iforest+conformal:mean,0.03,0.8411119999999999,0.2716954362733507,0.3502305509576732,0.2680598250177347,0.08217072593993852,0.07853511468432253,0.9866187989556134,0.9342347879532883,0.010448678549477565,0.9629165863995377,0.9370063571566172
40f,44,iforest+conformal:mean,0.05,0.8181100000000001,0.2716954362733507,0.3810593520926933,0.2647197919129818,0.11633956017971152,0.10936391581934263,0.974325500435161,0.9342347879532883,0.015980331899200985,0.9645058755538432,0.9134078212290503
40f,44,iforest+conformal:mean,0.075,0.7894374999999999,0.2716954362733507,0.4068042090328683,0.25558642705131235,0.15121778198155592,0.1351087727595176,0.9407093124456047,0.9354640442532268,0.034419176398279044,0.9655172413793104,0.8662107493739164
40f,44,iforest+conformal:mean,0.1,0.7670100000000001,0.2716954362733507,0.432519508157957,0.24858122487585718,0.1839382832820998,0.1608240718846063,0.9149260226283724,0.9366933005531654,0.059618930547019056,0.9663359660951647,0.842515892891543
40f,44,iforest+conformal:mean,0.15,0.724615,0.2716954362733507,0.4865807519508158,0.2308760936391582,0.2557046583116576,0.21488531567746513,0.8497606614447345,0.9391518131530424,0.1389059618930547,0.9681660566364862,0.7930071277210556
40f,44,iforest+conformal:mean,0.2,0.68682,0.2716954362733507,0.518000709387562,0.21473752660203357,0.3032631827855285,0.2463052731142114,0.7903611836379459,0.942839582052858,0.27904118008604795,0.9699479869004045,0.7311211712579464
40f,44,iforest+conformal:mean,0.3,0.6210199999999999,0.2716954362733507,0.5609482147079687,0.177642468668716,0.38330574603925277,0.2892527784346181,0.6538294168842471,0.9489858635525507,0.446220036877689,0.97394528992487,0.6194856482373339
40f,44,iforest+conformal:max,0.005,0.994001,0.2716954362733507,0.29114447860014186,0.27154764719791913,0.019596831402222747,0.019449042326791205,0.9994560487380331,0.9280885064535955,0.0,0.9568002311693315,0.9530437295318821
40f,44,iforest+conformal:max,0.01,0.9862060000000001,0.2716954362733507,0.3206136202411918,0.27154764719791913,0.04906597304327264,0.048918183967841096,0.9994560487380331,0.9280885064535955,0.0036877688998156115,0.9568483914467347,0.9512617992679638
40f,44,iforest+conformal:max,0.02,0.9778,0.2716954362733507,0.34863442894301255,0.27015842988886263,0.07847599905414991,0.07693899266966187,0.9943429068755439,0.9280885064535955,0.007375537799631223,0.9571373531111539,0.9426411096127914
40f,44,iforest+conformal:max,0.03,0.9722119999999999,0.2716954362733507,0.35705840624261054,0.2667297233388508,0.09032868290375975,0.08536296996925988,0.9817232375979112,0.9287031346035648,0.011063306699446834,0.9576671161625891,0.9348391446734733
40f,44,iforest+conformal:max,0.05,0.9628,0.2716954362733507,0.3716599668952471,0.2630645542681485,0.10859541262709861,0.09996453062189643,0.9682332463011314,0.9287031346035648,0.016594960049170254,0.9581968792140243,0.9235214794837219
40f,44,iforest+conformal:max,0.075,0.9478,0.2716954362733507,0.39870536769921966,0.25877867108063374,0.13992669661858595,0.127009931425869,0.9524586597040905,0.9287031346035648,0.01782421634910879,0.9594490464265074,0.9010787902138316
40f,44,iforest+conformal:max,0.1,0.9344,0.2716954362733507,0.41410498935918655,0.2560593520926933,0.15804563726649326,0.1424095530858359,0.9424499564838991,0.9293177627535341,0.020282728948985862,0.9609901753034098,0.8761317665189752
40f,44,iforest+conformal:max,0.15,0.8994,0.2716954362733507,0.4510522582170726,0.24955663277370538,0.20149562544336722,0.17935682194372193,0.9185161009573543,0.9379225568531039,0.034419176398279044,0.9673473319206318,0.7971007513003275
40f,44,iforest+conformal:max,0.2,0.8733199999999999,0.2716954362733507,0.497990068574131,0.2393296287538425,0.25866043982028847,0.2262946323007803,0.8808746736292428,0.9508297480024586,0.06883835279655809,0.9769312271238683,0.7374301675977654
40f,44,iforest+conformal:max,0.3,0.8332,0.2716954362733507,0.5723870891463703,0.21719082525419722,0.35519626389217307,0.30069165287301963,0.799390774586597,0.9803318992009834,0.18623232944068838,0.9894528992486997,0.621219418223849
40f,45,msp,0.005,0.6561828851699829,0.2928883896902341,0.29342043036178767,0.2913218254906597,0.0020986048711279263,0.0005320406715535588,0.994651327076395,0.9514443761524278,0.022126613398893668,0.963976112502408,0.9587266422654594
40f,45,msp,0.01,0.6240512728691101,0.2928883896902341,0.2949278789311894,0.2872724048238354,0.007655474107353984,0.0020394892409553085,0.9808255121606619,0.9526736324523664,0.04486785494775661,0.9649874783278751,0.9534290117511077
40f,45,msp,0.02,0.5937530994415283,0.2928883896902341,0.2979132182549066,0.28103570584062426,0.016877512414282335,0.005024828564672499,0.9595317388232919,0.9532882606023356,0.07068223724646588,0.9656617222115199,0.9469755345790791
40f,45,msp,0.03,0.5757115483283997,0.2928883896902341,0.2998344762355167,0.2770749586190589,0.02275951761645779,0.006946086545282572,0.9460086789787062,0.9551321450522434,0.0940381069452981,0.9661433249855519,0.9413889424003082
40f,45,msp,0.05,0.5386670827865601,0.2928883896902341,0.304652400094585,0.26729132182549065,0.03736107826909435,0.01176401040435091,0.9126047027954384,0.9606637984019668,0.15795943454210204,0.9680697360816798,0.9262184550183009
40f,45,msp,0.075,0.5080718398094177,0.2928883896902341,0.3116871600851265,0.2557342161267439,0.055952943958382594,0.01879877039489241,0.8731456251892219,0.9674247080516287,0.21266133988936695,0.9697553457907917,0.9096031593141977
40f,45,msp,0.1,0.4909813404083252,0.2928883896902341,0.32052494679593285,0.24527074958619058,0.07525419720974226,0.027636557105698747,0.8374205267938237,0.9711124769514444,0.24585125998770743,0.9724041610479677,0.8935176266615296
40f,45,msp,0.15,0.46166741847991943,0.2928883896902341,0.33477181366753367,0.22673799952707496,0.10803381414045873,0.0418834239772996,0.7741447169240084,0.9778733866011063,0.33189920098340503,0.9762569832402235,0.8611057599691774
40f,45,msp,0.2,0.4476081132888794,0.2928883896902341,0.3401217781981556,0.21600851265074486,0.12411326554741074,0.0472333885079215,0.737511353315168,0.984019668100799,0.3718500307314075,0.9782315546137546,0.8401560392987864
40f,45,msp,0.3,0.3965599834918976,0.2928883896902341,0.3607826909434855,0.185682194372192,0.17510049657129345,0.06789430125325135,0.6339691189827429,0.9920098340503996,0.5169022741241549,0.9837699865151224,0.7693604315160856
40f,45,entropy,0.005,0.8005274302653408,0.2928883896902341,0.29306573658075197,0.29238590683376686,0.0006798297469851029,0.00017734689051785292,0.9982843879301645,0.9514443761524278,0.041180086047940996,0.9634463494509728,0.9576189558851859
40f,45,entropy,0.01,0.7715316398570415,0.2928883896902341,0.2932430834712698,0.2912035942303145,0.0020394892409553085,0.00035469378103570584,0.9942476536481986,0.9514443761524278,0.06883835279655809,0.963976112502408,0.9512136389905606
40f,45,entropy,0.02,0.7480751220740118,0.2928883896902341,0.2935091038070466,0.28943012532513596,0.004078978481910617,0.0006207141168124852,0.9881925522252497,0.9514443761524278,0.09096496619545175,0.9644095549990368,0.9451936043151609
40f,45,entropy,0.03,0.7336141299920432,0.2928883896902341,0.29371600851265073,0.28830692835185623,0.005409080160794514,0.000827618822416647,0.9843576546573821,0.9514443761524278,0.11247695144437615,0.9648429974956656,0.9377769215950684
40f,45,entropy,0.05,0.7218939770232496,0.2928883896902341,0.29412981792385906,0.2871837313785765,0.006946086545282572,0.0012414282336249704,0.9805227570895145,0.9520590043023971,0.13644744929317762,0.9652282797148911,0.934020419957619
40f,45,entropy,0.075,0.7050122876941189,0.2928883896902341,0.2948983211161031,0.28505556869236226,0.009842752423740837,0.0020099314258689997,0.9732566353819759,0.9532882606023356,0.16717885679164105,0.9656135619341167,0.9208726642265459
40f,45,entropy,0.1,0.6896621310779124,0.2928883896902341,0.2959032868290376,0.28275005911563017,0.013153227713407425,0.0030148971388035,0.9653850035321424,0.956361401352182,0.20835894283958206,0.9661433249855519,0.905557696012329
40f,45,entropy,0.15,0.6563138786544644,0.2928883896902341,0.29930243556396313,0.27429652400094584,0.025005911563017263,0.006414045873729014,0.9365223534160863,0.9600491702519975,0.32206515058389673,0.9676362935850511,0.8676073974186091
40f,45,entropy,0.2,0.6115221604365126,0.2928883896902341,0.3079628753842516,0.25419720974225585,0.053765665641995745,0.015074485694017498,0.8678978706226662,0.9661954517516902,0.4578979717271051,0.9697071855133885,0.8235889038720863
40f,45,entropy,0.3,0.4814106406302878,0.2928883896902341,0.3364566091274533,0.20096358477181367,0.13549302435563962,0.043568219437219204,0.686143909577152,0.9877074370006146,0.720958819913952,0.9744750529763051,0.738056251204007
40f,45,margin,0.005,0.9929841160774231,0.2928883896902341,0.294986994561362,0.2904942066682431,0.004492787893118941,0.0020986048711279263,0.9918256130790191,0.9532882606023356,0.007990165949600492,0.963735311115392,0.9593527258717011
40f,45,margin,0.01,0.9864878058433533,0.2928883896902341,0.2964944431307638,0.28815913927642467,0.008335303854339088,0.0036060534405296762,0.9838530628721364,0.9551321450522434,0.014751075599262446,0.9647466769408591,0.9560778270082836
40f,45,margin,0.02,0.9704118371009827,0.2928883896902341,0.3015192716954363,0.2812426105462284,0.02027666114920785,0.008630882005202175,0.9602381673226359,0.9575906576521205,0.034419176398279044,0.9662878058177615,0.9492872278944327
40f,45,margin,0.03,0.9578306078910828,0.2928883896902341,0.305420903286829,0.27553795223457084,0.029882951052258216,0.01253251359659494,0.9407609244121505,0.9594345421020283,0.054701905347264906,0.9679252552494703,0.9437969562704681
40f,45,margin,0.05,0.9273287653923035,0.2928883896902341,0.31399266966185857,0.2631236698983211,0.05086899976353748,0.021104279971624496,0.8983752144515086,0.9631223110018439,0.0842040565457898,0.9710075130032749,0.9301675977653632
40f,45,margin,0.075,0.8924728035926819,0.2928883896902341,0.3234511704894774,0.24976353747930952,0.07368763301016788,0.03056278079924332,0.8527601170652941,0.968039336201598,0.11800860479409957,0.9737526488152571,0.9139857445578886
40f,45,margin,0.1,0.8504506945610046,0.2928883896902341,0.33453535114684324,0.2346299361551194,0.09990541499172381,0.04164696145660913,0.8010899182561307,0.9735709895513215,0.17393976644130302,0.9765941051820458,0.8945771527644
40f,45,margin,0.15,0.7831883430480957,0.2928883896902341,0.3507921494443131,0.20823480728304564,0.14255734216126745,0.05790375975407898,0.7109698254112422,0.9815611555009219,0.26490473263675474,0.9814582931997688,0.8626950491234829
40f,45,margin,0.2,0.7236704230308533,0.2928883896902341,0.3622310238827146,0.1873669898321116,0.17486403405060297,0.06934263419248049,0.6397214653345443,0.9895513214505224,0.34603564843269824,0.9850703140050087,0.8281159699479869
40f,45,margin,0.3,0.6254525184631348,0.2928883896902341,0.37887207377630644,0.15745448096476708,0.22141759281153936,0.08598368408607236,0.5375920880008073,0.9926244622003688,0.49231714812538413,0.9892602581390869,0.7568387593912541
40f,45,conformal,0.005,0.7923150941664002,0.2928883896902341,0.2928883896902341,0.292208559943249,0.0006798297469851029,0.0,0.9976788777878696,0.9508297480024586,0.023970497848801474,0.963012906954344,0.9539587748025429
40f,45,conformal,0.01,0.7854671280276817,0.2928883896902341,0.2928883896902341,0.29173563490186805,0.001152754788366044,0.0,0.9960641840750831,0.9508297480024586,0.041180086047940996,0.963012906954344,0.9486611442881911
40f,45,conformal,0.02,0.7699177106418658,0.2928883896902341,0.2928883896902341,0.29031685977772526,0.0025715299125088674,0.0,0.9912201029367242,0.9508297480024586,0.07375537799631224,0.963012906954344,0.9351762666152957
40f,45,conformal,0.03,0.7583264582873948,0.2928883896902341,0.2928883896902341,0.28910498935918655,0.003783400331047529,0.0,0.987082450297709,0.9508297480024586,0.10694529809465274,0.963012906954344,0.9231361972644962
40f,45,conformal,0.05,0.734687135217844,0.2928883896902341,0.2928883896902341,0.2865334594466777,0.006354930243556396,0.0,0.9783025532344333,0.9508297480024586,0.15427166564228642,0.963012906954344,0.896551724137931
40f,45,conformal,0.075,0.7128212556268689,0.2928883896902341,0.2928883896902341,0.2808288011350201,0.012059588555214,0.0,0.9588253103239479,0.9508297480024586,0.23540258143822987,0.963012906954344,0.8537372375264881
40f,45,conformal,0.1,0.6918103448275862,0.2928883896902341,0.2928883896902341,0.27598131946086546,0.016907070229368645,0.0,0.9422746997678877,0.9508297480024586,0.28703134603564845,0.963012906954344,0.8057214409554999
40f,45,conformal,0.15,0.6498867171357727,0.2928883896902341,0.2928883896902341,0.2640399621659967,0.02884842752423741,0.0,0.9015036835200322,0.9508297480024586,0.4124154886293792,0.9630610672317472,0.749759198612984
40f,45,conformal,0.2,0.5985352862849533,0.2928883896902341,0.29306573658075197,0.243585954126271,0.04947978245448097,0.00017734689051785292,0.8316681804420224,0.9514443761524278,0.5310387215734481,0.9634463494509728,0.6885474860335196
40f,45,conformal,0.3,0.5388838060384263,0.2928883896902341,0.2972629463230078,0.17208559943248994,0.12517734689051785,0.004374556632773706,0.5875466747401351,0.9532882606023356,0.6748617086662569,0.9653727605471008,0.6016181853207474
40f,45,iforest,0.005,0.6513979344807518,0.2928883896902341,0.29676046346654056,0.2922381177583353,0.004522345708205249,0.0038720737763064555,0.9977797961449187,0.9508297480024586,0.0006146281499692685,0.9630610672317472,0.9583413600462338
40f,45,iforest,0.01,0.633131945702791,0.2928883896902341,0.29906597304327265,0.2917947505320407,0.00727122251123197,0.006177583353038543,0.9962660207891815,0.9508297480024586,0.0036877688998156115,0.9632055480639569,0.95497014062801
40f,45,iforest,0.02,0.6164642651888008,0.2928883896902341,0.30125325135965947,0.2895187987703949,0.011734452589264602,0.008364861669425397,0.9884953072963971,0.9508297480024586,0.0036877688998156115,0.9633500288961664,0.9495280292814486
40f,45,iforest,0.03,0.6013923603468143,0.2928883896902341,0.30320406715535586,0.2851442421376212,0.01805982501773469,0.010315677465121778,0.9735593904531233,0.9508297480024586,0.004917025199754148,0.9634463494509728,0.9441340782122905
40f,45,iforest,0.05,0.5732138387819202,0.2928883896902341,0.30527311421139747,0.2800602979427761,0.025212816268621423,0.012384724521163395,0.9562014330406701,0.9508297480024586,0.011063306699446834,0.963735311115392,0.92891543055288
40f,45,iforest,0.075,0.540533868190828,0.2928883896902341,0.3080515488295105,0.2771931898794041,0.03085835895010641,0.015163159139276424,0.9464123524069027,0.9508297480024586,0.01782421634910879,0.964698516663456,0.9093141976497785
40f,45,iforest,0.1,0.522011197557341,0.2928883896902341,0.3149680775597068,0.2744147552612911,0.0405533222984157,0.02207968786947269,0.9369260268442829,0.9508297480024586,0.019668100799016593,0.9650837988826816,0.8814293970333269
40f,45,iforest,0.15,0.4983799936686096,0.2928883896902341,0.32998344762355164,0.26634547174272877,0.06363797588082289,0.03709505793331757,0.9093753153698657,0.9508297480024586,0.022126613398893668,0.9659988441533424,0.8262858794066654
40f,45,iforest,0.2,0.4838592918494712,0.2928883896902341,0.3428115393710097,0.2569756443603689,0.08583589501064082,0.049923149680775596,0.8773841961852861,0.9532882606023356,0.03380454824830977,0.9673473319206318,0.7530340974764015
40f,45,iforest,0.3,0.46513491428890913,0.2928883896902341,0.37145306218964297,0.23740837077323243,0.1340446914164105,0.07856467249940885,0.8105762438187505,0.9545175169022742,0.06822372464658881,0.9706703910614525,0.6623001348487767
40f,45,iforest+msp:mean,0.005,0.9601083333333336,0.2928883896902341,0.2931544100260109,0.29217900212816267,0.000975407897848191,0.0002660203357767794,0.9975779594308203,0.9508297480024586,0.0006146281499692685,0.9633981891735697,0.9607493739163938
40f,45,iforest+msp:mean,0.01,0.9391666666666667,0.2928883896902341,0.2937455663277371,0.29105580515488294,0.0026897611728541027,0.0008571766375029558,0.9937430618629528,0.9508297480024586,0.001229256299938537,0.9634463494509728,0.9580523983818147
40f,45,iforest+msp:mean,0.02,0.9031583333333325,0.2928883896902341,0.2951347836367936,0.2891936628044455,0.005941120832348073,0.0022463939465594703,0.9873852053688564,0.9508297480024586,0.001229256299938537,0.963976112502408,0.9526102870352533
40f,45,iforest+msp:mean,0.03,0.8767708333333333,0.2928883896902341,0.2963466540553322,0.2865925750768503,0.009754078978481911,0.003458264365098132,0.9785043899485316,0.9526736324523664,0.004917025199754148,0.9643132344442304,0.9461568098632248
40f,45,iforest+msp:mean,0.05,0.8453177083333334,0.2928883896902341,0.29877039489240953,0.2808583589501064,0.017912035942303145,0.005882005202175455,0.958926228680997,0.9532882606023356,0.009834050399508297,0.9652282797148911,0.9365247543825852
40f,45,iforest+msp:mean,0.075,0.8089661458333334,0.2928883896902341,0.3040612437928588,0.2718136675336959,0.03224757625916292,0.011172854102624735,0.9280452114239579,0.9532882606023356,0.0215119852489244,0.9665286072047775,0.9155750337121942
40f,45,iforest+msp:mean,0.1,0.7759687500000001,0.2928883896902341,0.3111846772286593,0.2614388744384015,0.04974580279025775,0.01829628753842516,0.8926228680997074,0.9532882606023356,0.032575291948371235,0.9672028510884223,0.8960219610864959
40f,45,iforest+msp:mean,0.15,0.7349114583333333,0.2928883896902341,0.3180716481437692,0.24680775597067864,0.07126389217309057,0.025183258453535116,0.8426682813603794,0.9545175169022742,0.0626920712968654,0.9687921402427278,0.8623579271816606
40f,45,iforest+msp:mean,0.2,0.6988958333333333,0.2928883896902341,0.3237171908252542,0.23270867817450935,0.09100851265074486,0.0308288011350201,0.7945302250479362,0.9551321450522434,0.09035033804548248,0.9707185513388558,0.825226353303795
40f,45,iforest+msp:mean,0.3,0.6489583333333333,0.2928883896902341,0.33486048711279265,0.21151572475762592,0.12334476235516671,0.04197209742255852,0.7221717630436976,0.9569760295021512,0.148740012292563,0.973222885763822,0.7607397418609131
40f,45,iforest+msp:max,0.005,0.996875,0.2928883896902341,0.2932726412863561,0.29176519271695434,0.00150744856940175,0.00038425159612201466,0.9961651024321322,0.9514443761524278,0.019053472649047325,0.963735311115392,0.9576189558851859
40f,45,iforest+msp:max,0.01,0.9945833333333334,0.2928883896902341,0.29480964767084417,0.289814376921258,0.00499527074958619,0.0019212579806100734,0.9895044908668886,0.9520590043023971,0.02519975414874001,0.9641687536120208,0.9538142939703332
40f,45,iforest+msp:max,0.02,0.9914624999999999,0.2928883896902341,0.30110546228422796,0.2860605344052968,0.01504492787893119,0.008217072593993851,0.9766878595216469,0.9526736324523664,0.04855562384757222,0.9651801194374879,0.945241764592564
40f,45,iforest+msp:max,0.03,0.9877083333333333,0.2928883896902341,0.30409080160794516,0.2821884606289903,0.021902340978954837,0.011202411917711043,0.9634675547482086,0.9526736324523664,0.057775046097111246,0.9654690811019071,0.9388364476979387
40f,45,iforest+msp:max,0.05,0.9820833333333333,0.2928883896902341,0.30814022227476945,0.2737940411444786,0.03434618113029085,0.01525183258453535,0.9348067413462507,0.9532882606023356,0.07744314689612784,0.9660470044307455,0.9287227894432671
40f,45,iforest+msp:max,0.075,0.9729166666666667,0.2928883896902341,0.3125443367226295,0.263301016788839,0.0492433199337905,0.019655947032395364,0.8989807245938036,0.9569760295021512,0.12046711739397664,0.9673473319206318,0.9115777306877287
40f,45,iforest+msp:max,0.1,0.9606458333333333,0.2928883896902341,0.3172735871364389,0.2543449988176874,0.06292858831875148,0.024385197446204775,0.868402462407912,0.9606637984019668,0.16963736939151813,0.9686958196879214,0.8906280100173377
40f,45,iforest+msp:max,0.15,0.9375312499999999,0.2928883896902341,0.3280326318278553,0.24148734925514306,0.08654528257271223,0.035144242137621184,0.8245029770915329,0.9668100799016595,0.22802704363859866,0.9709111924484685,0.8535927566942786
40f,45,iforest+msp:max,0.2,0.91075,0.2928883896902341,0.34452589264601563,0.22735871364388743,0.11716717900212817,0.05163750295578151,0.7762640024220405,0.9711124769514444,0.2636754763368162,0.9738971296474668,0.8078886534386438
40f,45,iforest+msp:max,0.3,0.848125,0.2928883896902341,0.3736107826909435,0.1990423267912036,0.1745684558997399,0.0807223930007094,0.6795842163689575,0.9809465273509527,0.36570374923171484,0.9790021190522057,0.702273165093431
40f,45,iforest+entropy:mean,0.005,0.9377088541666667,0.2928883896902341,0.29306573658075197,0.29253369590919837,0.0005320406715535588,0.00017734689051785292,0.99878897971541,0.9508297480024586,0.001229256299938537,0.9631092275091504,0.9604122519745714
40f,45,iforest+entropy:mean,0.01,0.9197916666666667,0.2928883896902341,0.29336131473161503,0.29217900212816267,0.0011823126034523528,0.0004729250413809411,0.9975779594308203,0.9508297480024586,0.001229256299938537,0.96325370834136,0.9587266422654594
40f,45,iforest+entropy:mean,0.02,0.8966791666666665,0.2928883896902341,0.2938933554031686,0.2909080160794514,0.0029853393237171907,0.0010049657129344999,0.9932384700777069,0.9514443761524278,0.0018438844499078057,0.963494509728376,0.9494798690040455
40f,45,iforest+entropy:mean,0.03,0.8848104166666665,0.2928883896902341,0.2942776069992906,0.2895187987703949,0.00475880822889572,0.0013892173090565146,0.9884953072963971,0.9514443761524278,0.003073140749846343,0.9636389905605857,0.9423521479483722
40f,45,iforest+entropy:mean,0.05,0.8587499999999999,0.2928883896902341,0.2955485930480019,0.28603097659021043,0.00951761645779144,0.002660203357767794,0.9765869411645977,0.9526736324523664,0.005531653349723417,0.964216913889424,0.9306010402619919
40f,45,iforest+entropy:mean,0.075,0.8258489583333334,0.2928883896902341,0.29738117758335303,0.28103570584062426,0.016345471742728778,0.004492787893118941,0.9595317388232919,0.9532882606023356,0.020282728948985862,0.964698516663456,0.9097958004238105
40f,45,iforest+entropy:mean,0.1,0.8057291666666666,0.2928883896902341,0.29885906833766845,0.2759222038306928,0.022936864506975643,0.005970678647434381,0.9420728630537893,0.9539028887523049,0.02581438229870928,0.9653727605471008,0.8912540936235793
40f,45,iforest+entropy:mean,0.15,0.760625,0.2928883896902341,0.30586427051312365,0.26132064317805626,0.04454362733506739,0.012975880822889573,0.8922191946715106,0.9545175169022742,0.06146281499692686,0.9665767674821807,0.8587459063764207
40f,45,iforest+entropy:mean,0.2,0.7209791666666666,0.2928883896902341,0.3165641995743675,0.24441357294868762,0.07215062662567982,0.023675809884133366,0.8344938944393985,0.9545175169022742,0.10079901659496004,0.9677326141398574,0.8258524369100366
40f,45,iforest+entropy:mean,0.3,0.6498958333333333,0.2928883896902341,0.3318160321589028,0.21139749349728068,0.12041853866162214,0.03892764246866871,0.721768089615501,0.9551321450522434,0.19606637984019668,0.9718743979965324,0.7481217491812753
40f,45,iforest+entropy:max,0.005,0.9970833333333333,0.2928883896902341,0.2929179475053204,0.29244502246393944,0.0004729250413809411,2.955781508630882e-05,0.9984862246442626,0.9514443761524278,0.02950215119852489,0.9633981891735697,0.9584858408784435
40f,45,iforest+entropy:max,0.01,0.995625,0.2928883896902341,0.2934795459919603,0.29194253960747224,0.0015370063844880586,0.0005911563017261764,0.9967706125744273,0.9514443761524278,0.04855562384757222,0.9635426700057792,0.9535253323059141
40f,45,iforest+entropy:max,0.02,0.991875,0.2928883896902341,0.29930243556396313,0.29022818633246633,0.009074249231496807,0.006414045873729014,0.9909173478655767,0.9514443761524278,0.07191149354640443,0.9641687536120208,0.943507994606049
40f,45,iforest+entropy:max,0.03,0.98813125,0.2928883896902341,0.3008394419484512,0.28863206431780564,0.012207377630645543,0.007951052258217073,0.9854677565849228,0.9514443761524278,0.07928703134603565,0.9644095549990368,0.9372953188210364
40f,45,iforest+entropy:max,0.05,0.981875,0.2928883896902341,0.3033814140458737,0.2823658075195082,0.021015606526365572,0.01049302435563963,0.9640730648905036,0.9514443761524278,0.09834050399508297,0.9647466769408591,0.9269408591793489
40f,45,iforest+entropy:max,0.075,0.9685416666666666,0.2928883896902341,0.3052435563963112,0.2768089382832821,0.028434618113029084,0.012355166706077086,0.9451004137652639,0.9514443761524278,0.12415488629379226,0.9654209208245039,0.9081101907146986
40f,45,iforest+entropy:max,0.1,0.9597916666666667,0.2928883896902341,0.3066032158902814,0.274119177110428,0.03248403877985339,0.013714826200047292,0.9359168432737914,0.9520590043023971,0.148740012292563,0.9659025235985359,0.8986226160662686
40f,45,iforest+entropy:max,0.15,0.9391979166666666,0.2928883896902341,0.311066445968314,0.2691534641759281,0.04191298179238591,0.018178056278079925,0.9189625592895347,0.9532882606023356,0.18131530424093423,0.9671546908110191,0.8677037179734155
40f,45,iforest+entropy:max,0.2,0.9158333333333334,0.2928883896902341,0.31954953889808463,0.2638921730905651,0.05565736580751951,0.026661149207850555,0.9009990917347864,0.956361401352182,0.2249539028887523,0.9681178963590831,0.8233481024850703
40f,45,iforest+entropy:max,0.3,0.8645,0.2928883896902341,0.3379049420666824,0.24243319933790494,0.0954717427287775,0.04501655237644833,0.8277323645171056,0.9625076828518746,0.4093423478795329,0.9715854363321133,0.7308803698709304
40f,45,iforest+margin:mean,0.005,0.9486640625000005,0.2928883896902341,0.2935386616221329,0.29149917238117756,0.0020394892409553085,0.000650271931898794,0.99525683721869,0.9508297480024586,0.0006146281499692685,0.9636871508379888,0.9609420150260065
40f,45,iforest+margin:mean,0.01,0.9245833333333333,0.2928883896902341,0.29460274296524,0.29031685977772526,0.004285883187514779,0.0017143532750059115,0.9912201029367242,0.9508297480024586,0.0006146281499692685,0.9640724330572145,0.9591119244846851
40f,45,iforest+margin:mean,0.02,0.883779166666666,0.2928883896902341,0.296228422794987,0.2873019626389217,0.008926460156065264,0.0033400331047528965,0.980926430517711,0.9508297480024586,0.001229256299938537,0.9647466769408591,0.9524658062030438
40f,45,iforest+margin:mean,0.03,0.8622916666666667,0.2928883896902341,0.29767675573421615,0.2848191061716718,0.012857649562544336,0.004788366043982029,0.9724492885255827,0.9514443761524278,0.004917025199754148,0.9654690811019071,0.9470718551338856
40f,45,iforest+margin:mean,0.05,0.82875,0.2928883896902341,0.3007212106881059,0.2785528493733743,0.022168361314731613,0.007832820997871838,0.9510545968311636,0.9532882606023356,0.010448678549477565,0.9662878058177615,0.9364284338277788
40f,45,iforest+margin:mean,0.075,0.7966822916666666,0.2928883896902341,0.307046583116576,0.26968550484748166,0.03736107826909435,0.014158193426341925,0.9207790897164193,0.9532882606023356,0.014751075599262446,0.9672991716432287,0.9218840300520131
40f,45,iforest+margin:mean,0.1,0.7615729166666667,0.2928883896902341,0.313933554031686,0.25786237881295815,0.05607117521872783,0.02104516434145188,0.8804117468967605,0.9532882606023356,0.02642901044867855,0.9689366210749374,0.8991042188403006
40f,45,iforest+margin:mean,0.15,0.717515625,0.2928883896902341,0.32212106881059355,0.24036415228186334,0.0817569165287302,0.02923267912035942,0.8206680795236654,0.9539028887523049,0.05347264904732637,0.9704777499518398,0.8564342130610673
40f,45,iforest+margin:mean,0.2,0.6855833333333333,0.2928883896902341,0.32853511468432256,0.22676755734216128,0.10176755734216127,0.035646724994088434,0.7742456352810576,0.9545175169022742,0.08113091579594345,0.9721151993835484,0.8194471200154113
40f,45,iforest+margin:mean,0.3,0.6385729166666667,0.2928883896902341,0.3396488531567747,0.20371246157484038,0.13593639158193427,0.04676046346654055,0.6955293167827227,0.9575906576521205,0.13952059004302397,0.9744750529763051,0.7526006549797727
40f,45,iforest+margin:max,0.005,0.9958333333333333,0.2928883896902341,0.2938637975880823,0.29173563490186805,0.002128162686214235,0.000975407897848191,0.9960641840750831,0.9526736324523664,0.003073140749846343,0.9633018686187632,0.9590156039298786
40f,45,iforest+margin:max,0.01,0.9937520833333334,0.2928883896902341,0.2992728777488768,0.2906124379285883,0.008660439820288484,0.006384488058642705,0.9922292865072156,0.9526736324523664,0.006146281499692686,0.9636871508379888,0.9550183009054132
40f,45,iforest+margin:max,0.02,0.9889583333333334,0.2928883896902341,0.302258217072594,0.28836604398202886,0.013892173090565145,0.009369827382359896,0.9845594913714805,0.9532882606023356,0.011677934849416103,0.9640724330572145,0.9482277017915623
40f,45,iforest+margin:max,0.03,0.986875,0.2928883896902341,0.30468195790967134,0.2849964530621896,0.019685504847481675,0.01179356821943722,0.9730547986678776,0.9551321450522434,0.01782421634910879,0.964939318050472,0.9434116740512425
40f,45,iforest+margin:max,0.05,0.97875,0.2928883896902341,0.3111846772286593,0.2740896192953417,0.03709505793331757,0.01829628753842516,0.9358159249167424,0.9575906576521205,0.03503380454824831,0.9665286072047775,0.9303602388749759
40f,45,iforest+margin:max,0.075,0.9660885416666666,0.2928883896902341,0.3183967841097186,0.26288720737763066,0.055509576732087965,0.025508394419484513,0.8975678675951155,0.9600491702519975,0.06822372464658881,0.9687439799653246,0.9120593334617607
40f,45,iforest+margin:max,0.1,0.9552291666666667,0.2928883896902341,0.3237763064554268,0.2539016315913928,0.06987467486403405,0.030887916765192716,0.8668886870521748,0.9618930547019053,0.08727719729563614,0.9705740705066461,0.8954440377576575
40f,45,iforest+margin:max,0.15,0.9327395833333333,0.2928883896902341,0.33926460156065263,0.2382655474107354,0.10099905414991724,0.046376211870418536,0.8135028761731758,0.9668100799016595,0.1290719114935464,0.9739934502022731,0.8555673280678097
40f,45,iforest+margin:max,0.2,0.9050416666666666,0.2928883896902341,0.3585658548120123,0.2205013005438638,0.1380645542681485,0.0656774651217782,0.7528509435866384,0.972341733251383,0.1782421634910879,0.9772201887882874,0.8081294548256598
40f,45,iforest+margin:max,0.3,0.8435416666666666,0.2928883896902341,0.3893355403168598,0.1819874674864034,0.20734807283045636,0.09644715062662568,0.6213543243515995,0.984019668100799,0.3011677934849416,0.9836736659603159,0.6980832209593527
40f,45,iforest+conformal:mean,0.005,0.947199479166667,0.2928883896902341,0.2928883896902341,0.29271104279971627,0.00017734689051785292,0.0,0.9993944898577052,0.9508297480024586,0.002458512599877074,0.963012906954344,0.9579560778270083
40f,45,iforest+conformal:mean,0.01,0.921875,0.2928883896902341,0.2928883896902341,0.29244502246393944,0.0004433672262946323,0.0,0.9984862246442626,0.9508297480024586,0.0036877688998156115,0.963012906954344,0.9515026006549798
40f,45,iforest+conformal:mean,0.02,0.8902104166666666,0.2928883896902341,0.2928883896902341,0.290967131709624,0.0019212579806100734,0.0,0.9934403067918053,0.9508297480024586,0.0043023970497848806,0.9630610672317472,0.9437487959930649
40f,45,iforest+conformal:mean,0.03,0.8657291666666667,0.2928883896902341,0.2929179475053204,0.28907543154410026,0.003842515961220147,2.955781508630882e-05,0.98698153194066,0.9508297480024586,0.006760909649661954,0.9630610672317472,0.9338759391254093
40f,45,iforest+conformal:mean,0.05,0.8259739583333334,0.2928883896902341,0.2930361787656656,0.2836072357531331,0.009428943012532514,0.0001477890754315441,0.9683116358865677,0.9508297480024586,0.019053472649047325,0.9632055480639569,0.9102292429204393
40f,45,iforest+conformal:mean,0.075,0.7945911458333333,0.2928883896902341,0.29333175691652874,0.27728186332466304,0.01604989359186569,0.0004433672262946323,0.9467151074780502,0.9508297480024586,0.03380454824830977,0.9633500288961664,0.8821518011943749
40f,45,iforest+conformal:mean,0.1,0.7641458333333336,0.2928883896902341,0.2942776069992906,0.2691239063608418,0.025153700638448805,0.0013892173090565146,0.9188616409324856,0.9514443761524278,0.059618930547019056,0.9636871508379888,0.8347620882296282
40f,45,iforest+conformal:mean,0.15,0.7236458333333333,0.2928883896902341,0.29640576968550486,0.2563253724284701,0.04008039725703476,0.0035173799952707497,0.8751639923302048,0.9520590043023971,0.09526736324523663,0.9644095549990368,0.7762473511847429
40f,45,iforest+conformal:mean,0.2,0.6842708333333333,0.2928883896902341,0.30078032631827856,0.24003901631591393,0.06074131000236462,0.007891936628044455,0.8195579775961247,0.9532882606023356,0.12784265519360788,0.9655654016567136,0.7221633596609517
40f,45,iforest+conformal:mean,0.3,0.6173958333333334,0.2928883896902341,0.31487940411444787,0.21299361551194135,0.10188578860250651,0.02199101442421376,0.7272176808961549,0.9539028887523049,0.2735095267363245,0.9684068580235022,0.6259872856867655
40f,45,iforest+conformal:max,0.005,0.9972916666666667,0.2928883896902341,0.2928883896902341,0.29229723338850794,0.0005911563017261764,0.0,0.9979816328590171,0.9508297480024586,0.014751075599262446,0.963012906954344,0.9562223078404931
40f,45,iforest+conformal:max,0.01,0.99416875,0.2928883896902341,0.29563726649326083,0.2915287301962639,0.004108536296996926,0.00274887680302672,0.9953577555757392,0.9508297480024586,0.028272894898586354,0.963012906954344,0.9491427470622231
40f,45,iforest+conformal:max,0.02,0.991875,0.2928883896902341,0.2989477417829274,0.29078978481910617,0.008157956963821234,0.006059352092693308,0.9928347966495105,0.9508297480024586,0.04548248309772587,0.9632055480639569,0.9404257368522443
40f,45,iforest+conformal:max,0.03,0.9885416666666667,0.2928883896902341,0.30021872783163867,0.2894596831402223,0.01075904469141641,0.007330338141404587,0.988293470582299,0.9508297480024586,0.06023355869698832,0.9633018686187632,0.9320940088614911
40f,45,iforest+conformal:max,0.05,0.9814583333333333,0.2928883896902341,0.30276069992906124,0.28334121541735635,0.019419484511704894,0.009872310238827146,0.9674033706731254,0.9508297480024586,0.07744314689612784,0.9633981891735697,0.9172124831439029
40f,45,iforest+conformal:max,0.075,0.96875,0.2928883896902341,0.30414991723811774,0.2778139039962166,0.026336013241901157,0.01126152754788366,0.9485316379049348,0.9508297480024586,0.12231100184388445,0.9635908302831824,0.8928433827778848
40f,45,iforest+conformal:max,0.1,0.9554583333333335,0.2928883896902341,0.3056573658075195,0.2737644833293923,0.031892882478127216,0.01276897611728541,0.9347058229892017,0.9508297480024586,0.1530424093423479,0.9640242727798112,0.8679926796378347
40f,45,iforest+conformal:max,0.15,0.9320833333333334,0.2928883896902341,0.31227831638685266,0.26655237644833296,0.04572593993851974,0.019389926696618588,0.9100817438692098,0.9508297480024586,0.20467117393976644,0.9650356386052784,0.8163648622616066
40f,45,iforest+conformal:max,0.2,0.9010416666666666,0.2928883896902341,0.3218550484748167,0.25647316150390165,0.06538188697091511,0.028966658784582645,0.8756685841154506,0.9508297480024586,0.28518746158574065,0.9652282797148911,0.7272201887882874
40f,45,iforest+conformal:max,0.3,0.840625,0.2928883896902341,0.3332052494679593,0.23474816741546464,0.09845708205249468,0.04031685977772523,0.8014935916843273,0.9520590043023971,0.45421020282728947,0.9662878058177615,0.5882296282026584
40f,46,msp,0.005,0.6232120990753174,0.2823658075195082,0.2848782218018444,0.2773114211397493,0.007566800662095058,0.0025124142823362496,0.9820998639170939,0.9256299938537185,0.03503380454824831,0.964698516663456,0.9554035831246388
40f,46,msp,0.01,0.5949704051017761,0.2823658075195082,0.28747930952943956,0.2728481910617167,0.014631118467722866,0.005113502009931426,0.9662933110017794,0.9287031346035648,0.05900430239704978,0.9653246002696976,0.9492390676170295
40f,46,msp,0.02,0.5559995174407959,0.2823658075195082,0.2924745802790258,0.26392173090565146,0.02855284937337432,0.010108772759517616,0.9346802051711504,0.931161647203442,0.11186232329440689,0.9670102099788095,0.9360913118859565
40f,46,msp,0.03,0.5322418808937073,0.2823658075195082,0.29655355876093636,0.2574781272168361,0.03907543154410026,0.014187751241428233,0.9118601486444047,0.9348494161032576,0.1524277811923786,0.9681178963590831,0.9252070891928338
40f,46,msp,0.05,0.5030500888824463,0.2823658075195082,0.30642586899976354,0.24589146370300308,0.06053440529676046,0.02406006148025538,0.8708259185596147,0.9452980946527351,0.22741241548862937,0.970525910229243,0.9064245810055865
40f,46,msp,0.075,0.4864180088043213,0.2823658075195082,0.3169188933554032,0.23655119413572948,0.08036769921967368,0.03455308583589501,0.8377473045116716,0.9508297480024586,0.26490473263675474,0.972982084376806,0.8884126372567906
40f,46,msp,0.1,0.47946614027023315,0.2823658075195082,0.3201111373847245,0.231910617167179,0.08820052021754551,0.037745329865216365,0.8213126766460797,0.9526736324523664,0.281499692685925,0.9741860913118859,0.873675592371412
40f,46,msp,0.15,0.45500892400741577,0.2823658075195082,0.3314613383778671,0.21597895483565854,0.11548238354220856,0.04909553085835895,0.7648906102794932,0.9557467732022127,0.33497234173325136,0.9778944326719322,0.8363513773839337
40f,46,msp,0.2,0.41252338886260986,0.2823658075195082,0.35129463230078034,0.19360368881532278,0.15769094348545756,0.06892882478127217,0.6856484873861614,0.9698832206515058,0.44499078057775043,0.9840107879021384,0.7696012329031016
40f,46,msp,0.3,0.2867237329483032,0.2823658075195082,0.3932371719082525,0.12553204067155355,0.267705131236699,0.11087136438874438,0.4445723856380194,0.9938537185003073,0.746158574062692,0.993691003660181,0.6462627624735119
40f,46,entropy,0.005,0.8007513968402673,0.2823658075195082,0.2824840387798534,0.28171553558760937,0.0007685031922440293,0.00011823126034523528,0.9976970585156495,0.9237861094038107,0.04179471419791026,0.963735311115392,0.9574744750529763
40f,46,entropy,0.01,0.7849727713350662,0.2823658075195082,0.2825727122251123,0.28139039962165996,0.0011823126034523528,0.00020690470560416174,0.9965455877734742,0.9237861094038107,0.04855562384757222,0.9639279522250048,0.954729339240994
40f,46,entropy,0.02,0.7658474642575782,0.2823658075195082,0.28277961693071646,0.28047410735398437,0.002305509576732088,0.0004138094112083235,0.9933005338637075,0.9262446220036877,0.06207744314689613,0.9640242727798112,0.946445771527644
40f,46,entropy,0.03,0.7585304723293492,0.2823658075195082,0.2828682903759754,0.2800898557578624,0.0027784346181130293,0.0005024828564672499,0.9919397048047733,0.9262446220036877,0.0725261216963737,0.9641687536120208,0.9417742246195339
40f,46,entropy,0.05,0.7481151583530505,0.2823658075195082,0.2830751950815796,0.27920312130527314,0.0038720737763064555,0.0007093875620714117,0.9887993300533864,0.9262446220036877,0.08666256914566688,0.9643132344442304,0.9308900019264111
40f,46,entropy,0.075,0.7317825573829094,0.2823658075195082,0.2836072357531331,0.2781685977772523,0.005438637975880823,0.0012414282336249704,0.9851355595101013,0.9262446220036877,0.1038721573448064,0.9646021961086496,0.9145155076093239
40f,46,entropy,0.1,0.7109042260069028,0.2823658075195082,0.28437573894537715,0.27553795223457084,0.008837786710806338,0.0020099314258689997,0.9758191144143201,0.926859250153657,0.13952059004302397,0.9652764399922944,0.897755731073011
40f,46,entropy,0.15,0.6423912952194548,0.2823658075195082,0.29135138330574606,0.25851265074485696,0.0328387325608891,0.008985575786237881,0.9155239191876897,0.9342347879532883,0.3288260602335587,0.9684068580235022,0.8338952032363707
40f,46,entropy,0.2,0.49389054812661837,0.2823658075195082,0.3317569165287302,0.2084417119886498,0.1233152045400804,0.049391109009222035,0.7381974248927038,0.9655808236017209,0.6957590657652121,0.9769793874012714,0.7432094008861491
40f,46,entropy,0.3,0.3844380536860622,0.2823658075195082,0.388685268384961,0.12949278789311894,0.25919248049184207,0.10631946086545283,0.45859939286088136,0.9963122311001844,0.8789182544560541,0.9921980350606819,0.6279618570602966
40f,46,margin,0.005,0.982369065284729,0.2823658075195082,0.28807046583116575,0.27533104752896664,0.012739418302199101,0.005704658311657602,0.975086360305663,0.9280885064535955,0.023970497848801474,0.9650356386052784,0.9557407050664611
40f,46,margin,0.01,0.9691348075866699,0.2823658075195082,0.2928588318751478,0.2703062189642942,0.02255261291085363,0.01049302435563963,0.9572909033811369,0.9293177627535341,0.03995082974800246,0.9666249277595839,0.9502022731650934
40f,46,margin,0.02,0.9416191577911377,0.2823658075195082,0.3017557342161267,0.25960628990305035,0.04214944431307638,0.019389926696618588,0.9193970480477336,0.9366933005531654,0.0725261216963737,0.9689847813523406,0.9385474860335196
40f,46,margin,0.03,0.913581907749176,0.2823658075195082,0.3113620241191771,0.2487290139512887,0.06263301016788839,0.02899621659966895,0.880875117764053,0.9440688383527965,0.11432083589428396,0.9717299171643229,0.9275669427855905
40f,46,margin,0.05,0.8554975986480713,0.2823658075195082,0.3275892646015606,0.22792031213052732,0.09966895247103334,0.04522345708205249,0.8071809902648382,0.9539028887523049,0.18377381684081132,0.9775091504527066,0.9042573685224427
40f,46,margin,0.075,0.7872956991195679,0.2823658075195082,0.3450579333175692,0.20445140695199812,0.14060652636557106,0.06269212579806101,0.7240657385114624,0.9649661954517517,0.2661339889366933,0.981988056251204,0.873675592371412
40f,46,margin,0.1,0.7390241622924805,0.2823658075195082,0.35673327027666113,0.18881532277134075,0.1679179475053204,0.07436746275715299,0.6686904637286716,0.9717271051014137,0.3208358942839582,0.9845405509535735,0.8503660181082643
40f,46,margin,0.15,0.6644576787948608,0.2823658075195082,0.372221565381887,0.16496216599668953,0.20725939938519744,0.08985575786237882,0.5842143829163613,0.9784880147510756,0.4111862323294407,0.9879117703717973,0.804035831246388
40f,46,margin,0.2,0.6396205425262451,0.2823658075195082,0.37618231260345236,0.15804563726649326,0.2181366753369591,0.0938165050839442,0.5597194598555427,0.9821757836508912,0.4437615242778119,0.9890194567520709,0.7735022153727605
40f,46,margin,0.3,0.5239371061325073,0.2823658075195082,0.39329628753842516,0.12233979664223221,0.27095649089619295,0.110930480018917,0.4332670365330263,0.9913952059004303,0.6133988936693301,0.993691003660181,0.6575322673858601
40f,46,conformal,0.005,0.996875,0.2823658075195082,0.2823658075195082,0.2823658075195082,0.0,0.0,1.0,0.9231714812538414,0.0,0.963494509728376,0.963494509728376
40f,46,conformal,0.01,0.996875,0.2823658075195082,0.2823658075195082,0.2823658075195082,0.0,0.0,1.0,0.9231714812538414,0.0,0.963494509728376,0.963494509728376
40f,46,conformal,0.02,0.996875,0.2823658075195082,0.2823658075195082,0.2823658075195082,0.0,0.0,1.0,0.9231714812538414,0.0,0.963494509728376,0.963494509728376
40f,46,conformal,0.03,0.8557558945908461,0.2823658075195082,0.28629699692598726,0.2798238354220856,0.006473161503901631,0.003931189406479073,0.9909975923793573,0.9305470190534727,0.015980331899200985,0.9660470044307455,0.8198805625120401
40f,46,conformal,0.05,0.8313620755436856,0.2823658075195082,0.34290021281626865,0.2747990068574131,0.06810120595885552,0.06053440529676046,0.9732021354548308,0.97480024585126,0.08973570989551322,0.982469659025236,0.8089000192641109
40f,46,conformal,0.075,0.8028531818756318,0.2823658075195082,0.42817450934026957,0.2675573421612674,0.16061716717900212,0.14580870182076142,0.947555741651837,0.9963122311001844,0.1702519975414874,0.9947505297630514,0.7915141591215565
40f,46,conformal,0.1,0.7765576683322373,0.2823658075195082,0.4613974934972807,0.25313312839914875,0.20826436509813195,0.17903168597777253,0.8964723123626086,1.0,0.2347879532882606,0.9985070314005009,0.7681564245810056
40f,46,conformal,0.15,0.7336914952895662,0.2823658075195082,0.494827382359896,0.22168361314731616,0.2731437692125798,0.2124615748403878,0.7850936878467497,1.0,0.3614013521819299,0.9992294355615489,0.7234155268734348
40f,46,conformal,0.2,0.6990291262135923,0.2823658075195082,0.5375975407897848,0.1946973279735162,0.34290021281626865,0.25523173327027665,0.6895216162462053,1.0,0.5070682237246465,0.999759198612984,0.6702465806203044
40f,46,conformal,0.3,0.6226631056848531,0.2823658075195082,0.6153050366516907,0.14737526602033577,0.46792977063135494,0.33293922913218255,0.5219302836805191,1.0,0.7135832821143209,1.0,0.5806684646503564
40f,46,iforest,0.005,0.6628655459910071,0.2823658075195082,0.2863856703712462,0.2822180184440766,0.004167651927169544,0.0040198628517379995,0.9994766042081021,0.9231714812538414,0.002458512599877074,0.963494509728376,0.9580042381044115
40f,46,iforest,0.01,0.6386576033883192,0.2823658075195082,0.2899326081816032,0.28198155592338614,0.007951052258217073,0.007566800662095058,0.9986391709410656,0.9231714812538414,0.003073140749846343,0.9636389905605857,0.9540550953573492
40f,46,iforest,0.02,0.5920030172681124,0.2823658075195082,0.2939820288484275,0.27955781508630884,0.014424213762118705,0.011616221328919367,0.9900554799539412,0.9231714812538414,0.007375537799631223,0.9637834713927952,0.943026391832017
40f,46,iforest,0.03,0.5606737609668745,0.2823658075195082,0.2962579806100733,0.2767202648380232,0.01953771577205013,0.013892173090565145,0.9800062807495028,0.9231714812538414,0.011677934849416103,0.9640724330572145,0.9319976883066846
40f,46,iforest,0.05,0.5280363263194138,0.2823658075195082,0.30376566564199575,0.26968550484748166,0.03408016079451407,0.021399858122487587,0.9550926410551658,0.9231714812538414,0.017209588199139522,0.9648911577730688,0.9134559815064535
40f,46,iforest,0.075,0.4957939590199848,0.2823658075195082,0.3139631118467723,0.2645720028375502,0.049391109009222035,0.031597304327264125,0.9369831466555008,0.9231714812538414,0.02089735709895513,0.9656135619341167,0.8796474667694086
40f,46,iforest,0.1,0.4778134554890786,0.2823658075195082,0.3220915109955072,0.2573598959564909,0.06473161503901631,0.039725703475999054,0.9114414320108866,0.9237861094038107,0.027658266748617086,0.9663841263725679,0.8333654401849354
40f,46,iforest,0.15,0.4643923487038178,0.2823658075195082,0.3371659966895247,0.2493497280681012,0.0878162686214235,0.054800189170016556,0.883073380090024,0.9244007375537799,0.0430239704978488,0.9674918127528415,0.7651704873820073
40f,46,iforest,0.2,0.45130696706532497,0.2823658075195082,0.35770867817450935,0.23802908489004493,0.11967959328446441,0.07534287065500118,0.84298126243065,0.9256299938537185,0.06207744314689613,0.9694182238489694,0.7054035831246388
40f,46,iforest,0.3,0.4297977501683308,0.2823658075195082,0.39870536769921966,0.21624497517143532,0.18246039252778434,0.11633956017971152,0.7658327227049093,0.9274738783036263,0.09465273509526737,0.9717780774417261,0.5722404161047968
40f,46,iforest+msp:mean,0.005,0.941401,0.2823658075195082,0.28372546701347834,0.2804149917238118,0.003310475289666588,0.0013596594939702057,0.9930911755469486,0.9231714812538414,0.002458512599877074,0.9637834713927952,0.9542958967443652
40f,46,iforest+msp:mean,0.01,0.9269020000000001,0.2823658075195082,0.2847895483565855,0.27890754315441,0.005882005202175455,0.0024237408370773234,0.9877525384695905,0.9237861094038107,0.0043023970497848806,0.963976112502408,0.950828356771335
40f,46,iforest+msp:mean,0.02,0.9066039999999999,0.2823658075195082,0.2863856703712462,0.27497635374793095,0.011409316623315204,0.0040198628517379995,0.9738302104051082,0.9237861094038107,0.014136447449293177,0.9646503563860528,0.937680601040262
40f,46,iforest+msp:mean,0.03,0.895403,0.2823658075195082,0.2878635611255616,0.2720796878694727,0.01578387325608891,0.00549775360605344,0.9635716528839107,0.9244007375537799,0.01843884449907806,0.9652282797148911,0.9290117511076864
40f,46,iforest+msp:mean,0.05,0.8792150000000001,0.2823658075195082,0.29135138330574606,0.26737999527074957,0.023971388034996453,0.008985575786237881,0.9469276667015596,0.9262446220036877,0.027658266748617086,0.966673088036987,0.9128780581776151
40f,46,iforest+msp:mean,0.075,0.8647225,0.2823658075195082,0.29436628044454954,0.2607886025065027,0.03357767793804682,0.01200047292504138,0.9235842143829163,0.926859250153657,0.03933620159803319,0.9675881333076478,0.8898574455788866
40f,46,iforest+msp:mean,0.1,0.8522100000000001,0.2823658075195082,0.29779498699456136,0.2553204067155356,0.04247458027902577,0.015429179475053205,0.9042185700826965,0.926859250153657,0.049170251997541485,0.968840300520131,0.8716047004430746
40f,46,iforest+msp:mean,0.15,0.8286,0.2823658075195082,0.304652400094585,0.24216717900212817,0.06248522109245685,0.02228659257507685,0.8576363446037893,0.9274738783036263,0.07068223724646588,0.9698516663455982,0.8262377191292621
40f,46,iforest+msp:mean,0.2,0.78372,0.2823658075195082,0.3206727358713644,0.21518089382832822,0.10549184204303617,0.03830692835185623,0.7620642730032451,0.9287031346035648,0.1407498463429625,0.9725968021575804,0.7657965709882489
40f,46,iforest+msp:mean,0.3,0.7079,0.2823658075195082,0.3472156538188697,0.1761941357294869,0.17102151808938285,0.06484984629936155,0.6239924631005966,0.9342347879532883,0.33988936693300553,0.9754864188017723,0.6406280100173377
40f,46,iforest+msp:max,0.005,0.996401,0.2823658075195082,0.2862083234807283,0.2801194135729487,0.006088909907779617,0.003842515961220147,0.9920443839631528,0.9237861094038107,0.022126613398893668,0.964216913889424,0.9553554228472356
40f,46,iforest+msp:max,0.01,0.9942,0.2823658075195082,0.28872073776306456,0.2773114211397493,0.011409316623315204,0.006354930243556396,0.9820998639170939,0.9256299938537185,0.03687768899815612,0.964698516663456,0.9504912348295126
40f,46,iforest+msp:max,0.02,0.99,0.2823658075195082,0.29415937573894535,0.2734689051785292,0.020690470560416174,0.01179356821943722,0.9684915733277503,0.9256299938537185,0.054701905347264906,0.9652764399922944,0.9412926218455018
40f,46,iforest+msp:max,0.03,0.983606,0.2823658075195082,0.30013005438637974,0.2681189406479073,0.03201111373847245,0.0177642468668716,0.9495446456610488,0.9287031346035648,0.08174554394591273,0.9658543633211327,0.927470622230784
40f,46,iforest+msp:max,0.05,0.9732,0.2823658075195082,0.30775597067864746,0.2556159848663987,0.05213998581224876,0.025390163159139275,0.9052653616664922,0.9348494161032576,0.14689612784265518,0.9681660566364862,0.9021864765941052
40f,46,iforest+msp:max,0.075,0.9646,0.2823658075195082,0.3146724994088437,0.24450224639394655,0.07017025301489714,0.03230669188933554,0.8659059981157751,0.9409956976029502,0.2071296865396435,0.9698516663455982,0.8834521286842613
40f,46,iforest+msp:max,0.1,0.9508,0.2823658075195082,0.32844644123906364,0.2325608890990778,0.09588555213998581,0.04608063371955545,0.8236156181304302,0.9459127228027043,0.24830977258758452,0.9717780774417261,0.8595646310922751
40f,46,iforest+msp:max,0.15,0.9322,0.2823658075195082,0.3444372192007567,0.21949633483092928,0.12494088436982738,0.06207141168124852,0.7773474301266616,0.9520590043023971,0.29194837123540257,0.9755345790791755,0.8156906183779619
40f,46,iforest+msp:max,0.2,0.9144399999999999,0.2823658075195082,0.3576495625443367,0.20551548829510521,0.1521340742492315,0.07528375502482856,0.7278341882131266,0.9545175169022742,0.3245236631837738,0.9780389135041417,0.7658447312656521
40f,46,iforest+msp:max,0.3,0.8802599999999999,0.2823658075195082,0.3917888389690234,0.17725821707259398,0.2145306218964294,0.10942303144951525,0.627760912802261,0.9668100799016595,0.4290104486785495,0.9844923906761703,0.632440762858794
40f,46,iforest+entropy:mean,0.005,0.9421999999999999,0.2823658075195082,0.2828091747458028,0.28159730432726415,0.0012118704185386617,0.0004433672262946323,0.9972783418821313,0.9237861094038107,0.001229256299938537,0.9636871508379888,0.9552591022924292
40f,46,iforest+entropy:mean,0.01,0.9322,0.2823658075195082,0.28298652163632065,0.28103570584062426,0.001950815795696382,0.0006207141168124852,0.9952894378729195,0.9237861094038107,0.003073140749846343,0.9637834713927952,0.9496725101136583
40f,46,iforest+entropy:mean,0.02,0.9184059999999998,0.2823658075195082,0.2841097186096004,0.27875975407897846,0.005349964530621897,0.0017439110900922205,0.9872291426776927,0.9237861094038107,0.01290719114935464,0.9639279522250048,0.9387882874205355
40f,46,iforest+entropy:mean,0.03,0.9131,0.2823658075195082,0.28470087491132656,0.27740009458500825,0.007300780326318279,0.002335067391818397,0.9824139013922326,0.9244007375537799,0.014136447449293177,0.963976112502408,0.9313234444230398
40f,46,iforest+entropy:mean,0.05,0.9019250000000001,0.2823658075195082,0.28579451406952,0.2748285646724994,0.010965949397020572,0.003428706550011823,0.9733068146132103,0.9244007375537799,0.023970497848801474,0.9642650741668272,0.9123964554035832
40f,46,iforest+entropy:mean,0.075,0.8877999999999999,0.2823658075195082,0.28712461574840387,0.2711042799716245,0.01602033577677938,0.00475880822889572,0.960117240657385,0.9250153657037492,0.03564843269821758,0.9647466769408591,0.8927470622230784
40f,46,iforest+entropy:mean,0.1,0.8690100000000001,0.2823658075195082,0.28934145187987703,0.2654882951052258,0.02385315677465122,0.006975644360368882,0.9402282005652673,0.9262446220036877,0.04486785494775661,0.9658062030437295,0.8623097669042573
40f,46,iforest+entropy:mean,0.15,0.835,0.2823658075195082,0.29735161976826674,0.24929061243792858,0.04806100733033814,0.014985812248758572,0.8828640217732648,0.9274738783036263,0.08236017209588199,0.9681660566364862,0.8192063186283953
40f,46,iforest+entropy:mean,0.2,0.7863399999999999,0.2823658075195082,0.31384488058642707,0.22064908961929533,0.09319579096713171,0.03147907306691889,0.7814299173034648,0.9293177627535341,0.18930547019053473,0.9710556732806781,0.767048738200732
40f,46,iforest+entropy:mean,0.3,0.70753,0.2823658075195082,0.3462106881059352,0.17867699219673683,0.1675336959091984,0.06384488058642705,0.6327855124044802,0.9348494161032576,0.4191763982790412,0.9749084954729339,0.6450105952610287
40f,46,iforest+entropy:max,0.005,0.9984,0.2823658075195082,0.2825135965949397,0.2818042090328683,0.0007093875620714117,0.0001477890754315441,0.9980110959907882,0.9237861094038107,0.03810694529809465,0.963735311115392,0.9571373531111539
40f,46,iforest+entropy:max,0.01,0.9968,0.2823658075195082,0.2841097186096004,0.28141995743674625,0.0026897611728541027,0.0017439110900922205,0.9966502669318537,0.9237861094038107,0.04732636754763368,0.9639279522250048,0.9516952417645925
40f,46,iforest+entropy:max,0.02,0.9952,0.2823658075195082,0.2858240718846063,0.2807696855048475,0.005054386379758808,0.003458264365098132,0.9943473254475034,0.9256299938537185,0.05531653349723417,0.963976112502408,0.9453380851473705
40f,46,iforest+entropy:max,0.03,0.9908,0.2823658075195082,0.2900508394419484,0.2800602979427761,0.00999054149917238,0.007685031922440294,0.9918350256463938,0.9262446220036877,0.06576521204671174,0.9641205933346176,0.9375361202080524
40f,46,iforest+entropy:max,0.05,0.988,0.2823658075195082,0.29176519271695434,0.27908489004492787,0.012680302672026484,0.009399385197446205,0.9883806134198679,0.9262446220036877,0.08174554394591273,0.9644095549990368,0.924051242535157
40f,46,iforest+entropy:max,0.075,0.983,0.2823658075195082,0.29412981792385906,0.2766315913927642,0.017498226531094823,0.01176401040435091,0.9796922432743639,0.9262446220036877,0.09895513214505225,0.964698516663456,0.909699479869004
40f,46,iforest+entropy:max,0.1,0.9754200000000001,0.2823658075195082,0.2962579806100733,0.27403050366516907,0.022227476944904234,0.013892173090565145,0.9704804773369621,0.9262446220036877,0.11432083589428396,0.9650837988826816,0.8866788672702755
40f,46,iforest+entropy:max,0.15,0.9588,0.2823658075195082,0.3001596122014661,0.2640399621659967,0.03611965003546938,0.01779380468195791,0.9350989218046686,0.9274738783036263,0.1782421634910879,0.9664804469273743,0.8523887497591986
40f,46,iforest+entropy:max,0.2,0.9356,0.2823658075195082,0.31319460865452825,0.2506502719318988,0.06254433672262946,0.0308288011350201,0.887679263058725,0.9323909035033805,0.3048555623847572,0.9691774224619534,0.7905991138508958
40f,46,iforest+entropy:max,0.3,0.87986,0.2823658075195082,0.3710096949633483,0.19283518562307875,0.17817450934026957,0.08864388744384015,0.6829268292682926,0.9551321450522434,0.6656422864167179,0.9776536312849162,0.6086977460990175
40f,46,iforest+margin:mean,0.005,0.9368025000000001,0.2823658075195082,0.2847895483565855,0.27890754315441,0.005882005202175455,0.0024237408370773234,0.9877525384695905,0.9231714812538414,0.003073140749846343,0.9643613947216336,0.9568002311693315
40f,46,iforest+margin:mean,0.01,0.9207010000000001,0.2823658075195082,0.2862674391109009,0.27630645542681487,0.009960983684086072,0.003901631591392764,0.9785407725321889,0.9231714812538414,0.0036877688998156115,0.9648429974956656,0.9519842034290118
40f,46,iforest+margin:mean,0.02,0.9014,0.2823658075195082,0.2894892409553086,0.2711338377867108,0.018355403168597777,0.0071234334358004255,0.9602219198157645,0.9231714812538414,0.00921942224953903,0.9660470044307455,0.9418705451743402
40f,46,iforest+margin:mean,0.03,0.888309,0.2823658075195082,0.2920016552376448,0.267320879640577,0.024680775597067866,0.009635847718136675,0.9467183083848005,0.9244007375537799,0.016594960049170254,0.9672510113658255,0.932575611635523
40f,46,iforest+margin:mean,0.05,0.8621,0.2823658075195082,0.29735161976826674,0.25833530385433906,0.039016315913927645,0.014985812248758572,0.9148958442374121,0.9256299938537185,0.027658266748617086,0.968840300520131,0.9129262184550183
40f,46,iforest+margin:mean,0.075,0.84023,0.2823658075195082,0.3020217545519035,0.24875857176637503,0.053263182785528496,0.019655947032395364,0.8809797969224327,0.926859250153657,0.04363859864781807,0.9697553457907917,0.8854267000577923
40f,46,iforest+margin:mean,0.1,0.8273999999999999,0.2823658075195082,0.3049479782454481,0.24210806337195553,0.06283991487349255,0.02258217072593994,0.8574269862870302,0.926859250153657,0.059618930547019056,0.9705740705066461,0.8639953766133693
40f,46,iforest+margin:mean,0.15,0.8052,0.2823658075195082,0.3126625679829747,0.2286001418775124,0.08406242610546229,0.030296760463466542,0.8095886109075682,0.9280885064535955,0.09526736324523663,0.9714409554999037,0.8182431130803314
40f,46,iforest+margin:mean,0.2,0.7793,0.2823658075195082,0.3228008985575786,0.2117226294632301,0.11107826909434855,0.04043509103807046,0.7498168114728357,0.9287031346035648,0.1290719114935464,0.9730302446542092,0.7643999229435562
40f,46,iforest+margin:mean,0.3,0.7037499999999999,0.2823658075195082,0.35141286356112555,0.17279498699456136,0.1786178765665642,0.0690470560416174,0.6119543598869465,0.933620159803319,0.29870928088506454,0.9764977846272395,0.6279618570602966
40f,46,iforest+margin:max,0.005,0.9966,0.2823658075195082,0.28736107826909435,0.2777843461811303,0.009576732087964057,0.00499527074958619,0.9837747304511671,0.9244007375537799,0.011063306699446834,0.9643132344442304,0.9553072625698324
40f,46,iforest+margin:max,0.01,0.994,0.2823658075195082,0.2908489004492788,0.2762768976117285,0.014572002837550248,0.008483092929770631,0.9784360933738091,0.9274738783036263,0.022126613398893668,0.9648429974956656,0.9523213253708341
40f,46,iforest+margin:max,0.02,0.9896,0.2823658075195082,0.29826791203594233,0.2721683613147316,0.026099550721210688,0.015902104516434146,0.9638856903590494,0.9293177627535341,0.034419176398279044,0.9659988441533424,0.942063186283953
40f,46,iforest+margin:max,0.03,0.9838,0.2823658075195082,0.30550957673208795,0.26495625443367227,0.0405533222984157,0.023143769212579806,0.9383439757144352,0.9305470190534727,0.051014136447449294,0.9673954921980351,0.9283856675014448
40f,46,iforest+margin:max,0.05,0.9716,0.2823658075195082,0.31996334830929296,0.25141877512414285,0.06854457318515016,0.03759754078978482,0.8904009211765938,0.9409956976029502,0.09834050399508297,0.9704777499518398,0.9065690618377962
40f,46,iforest+margin:max,0.075,0.9592,0.2823658075195082,0.3304268148498463,0.2346299361551194,0.09579687869472689,0.04806100733033814,0.8309431592169998,0.9471419791026429,0.14812538414259374,0.97394528992487,0.8841745328453092
40f,46,iforest+margin:max,0.1,0.94362,0.2823658075195082,0.34922558524473873,0.2161858595412627,0.133039725703476,0.06685977772523055,0.7656233643881503,0.9539028887523049,0.1997541487400123,0.978809477942593,0.8542670005779234
40f,46,iforest+margin:max,0.15,0.9184,0.2823658075195082,0.376152754788366,0.18789903050366516,0.18825372428470089,0.09378694726885789,0.665445409818905,0.9649661954517517,0.29194837123540257,0.9839144673473319,0.7927663263340397
40f,46,iforest+margin:max,0.2,0.8982,0.2823658075195082,0.3969023409789548,0.16410498935918658,0.23279735161976828,0.11453653345944667,0.5811786873233539,0.9741856177012908,0.36447449293177625,0.9869004045463302,0.7235600077056444
40f,46,iforest+margin:max,0.3,0.8566,0.2823658075195082,0.4313667533695909,0.13785764956254434,0.2935091038070466,0.14900094585008275,0.48822359468229876,0.9803318992009834,0.45482483097725873,0.9902234636871509,0.6019071469851667
40f,46,iforest+conformal:mean,0.005,0.9541,0.2823658075195082,0.2888685268384961,0.2820406715535588,0.0068278552849373375,0.006502719318987941,0.9988485292578247,0.9231714812538414,0.0006146281499692685,0.9654209208245039,0.952513966480447
40f,46,iforest+conformal:mean,0.01,0.947701,0.2823658075195082,0.29031685977772526,0.28174509340269566,0.008571766375029558,0.007951052258217073,0.9978017376740289,0.9237861094038107,0.001229256299938537,0.9656617222115199,0.937921402427278
40f,46,iforest+conformal:mean,0.02,0.938402,0.2823658075195082,0.29342043036178767,0.28106526365571055,0.012355166706077086,0.011054622842279498,0.9953941170312989,0.9237861094038107,0.001229256299938537,0.9659988441533424,0.9141302253900982
40f,46,iforest+conformal:mean,0.03,0.9299179999999998,0.2823658075195082,0.29676046346654056,0.28068101205958856,0.016079451406951998,0.014394655947032396,0.9940332879723647,0.9237861094038107,0.001229256299938537,0.9668175688691967,0.9008379888268156
40f,46,iforest+conformal:mean,0.05,0.8848050000000001,0.2823658075195082,0.32374674864034053,0.2757152991250887,0.04803144951525183,0.04138094112083235,0.9764471893645975,0.926859250153657,0.01290719114935464,0.9710075130032749,0.8442496628780581
40f,46,iforest+conformal:mean,0.075,0.8446,0.2823658075195082,0.3619058879167652,0.26773468905178527,0.0941711988649799,0.07954008039725703,0.9481838166021144,0.9293177627535341,0.034419176398279044,0.972259680215758,0.8039876709689848
40f,46,iforest+conformal:mean,0.1,0.8197,0.2823658075195082,0.3827737053676992,0.2621778198155592,0.12059588555213999,0.10040789784819106,0.9285041348267559,0.9305470190534727,0.049170251997541485,0.9728376035445964,0.7922365632826045
40f,46,iforest+conformal:mean,0.15,0.7509,0.2823658075195082,0.4451111373847245,0.24057105698746747,0.20454008039725705,0.16274532986521636,0.8519836700512927,0.9348494161032576,0.1309157959434542,0.9751974571373531,0.7423906761702947
40f,46,iforest+conformal:mean,0.2,0.7033200000000001,0.2823658075195082,0.47549657129344997,0.21973279735161977,0.2557637739418302,0.19313076377394184,0.7781848633936983,0.9385371850030731,0.24769514443761526,0.9781833943363514,0.686958196879214
40f,46,iforest+conformal:mean,0.3,0.63873,0.2823658075195082,0.5313312839914873,0.18278552849373375,0.34854575549775363,0.2489654764719792,0.64733591541924,0.9582052858020897,0.42778119237861095,0.9855037565016375,0.5889038720863032
40f,46,iforest+conformal:max,0.005,1.0,0.2823658075195082,0.2823658075195082,0.2823658075195082,0.0,0.0,1.0,0.9231714812538414,0.0,0.963494509728376,0.963494509728376
40f,46,iforest+conformal:max,0.01,1.0,0.2823658075195082,0.2823658075195082,0.2823658075195082,0.0,0.0,1.0,0.9231714812538414,0.0,0.963494509728376,0.963494509728376
40f,46,iforest+conformal:max,0.02,1.0,0.2823658075195082,0.2823658075195082,0.2823658075195082,0.0,0.0,1.0,0.9231714812538414,0.0,0.963494509728376,0.963494509728376
40f,46,iforest+conformal:max,0.03,0.9966299999999998,0.2823658075195082,0.2866221328919366,0.2802967604634665,0.006325372428470088,0.00425632537242847,0.9926724589134301,0.926859250153657,0.010448678549477565,0.9652764399922944,0.8167501444808322
40f,46,iforest+conformal:max,0.05,0.988,0.2823658075195082,0.3122192007566801,0.2763951288720738,0.03582407188460629,0.02985339323717191,0.9788548100073275,0.9496004917025199,0.05654578979717271,0.972500481602774,0.8015796570988248
40f,46,iforest+conformal:max,0.075,0.9744,0.2823658075195082,0.3543095294395838,0.27057223930007096,0.0837372901395129,0.07194372192007567,0.958233015806553,0.97480024585126,0.09895513214505225,0.982710460412252,0.7822673858601426
40f,46,iforest+conformal:max,0.1,0.9608,0.2823658075195082,0.3978481910617167,0.2629758808228896,0.13487231023882715,0.11548238354220856,0.9313304721030042,0.9889366933005531,0.1389059618930547,0.9906087459063764,0.7651223271046041
40f,46,iforest+conformal:max,0.15,0.9258,0.2823658075195082,0.4685209269330811,0.24668952471033342,0.2218314022227477,0.18615511941357296,0.873652255835863,0.9987707437000615,0.2169637369391518,0.9971585436332113,0.7136871508379888
40f,46,iforest+conformal:max,0.2,0.8948,0.2823658075195082,0.4942953416883424,0.22351619768266728,0.2707791440056751,0.21192953416883423,0.7915837956662827,1.0,0.2759680393362016,0.9986515122327104,0.6510306299364285
40f,46,iforest+conformal:max,0.3,0.8428,0.2823658075195082,0.5339619295341689,0.1846772286592575,0.3492847008749113,0.2515961220146607,0.6540353815555322,1.0,0.40811309157959436,0.9992294355615489,0.5481602774031978
