pool,seed,score,target,threshold,alert_fpr_off,alert_fpr_on,confident_alert_fpr,review_rate_normal,normal_called_normal_but_reviewed,share_of_false_alerts_that_skip_review,zero_day_catch,zero_day_flagged,known_attack_alert_rate,known_attack_confident_detection
48f_t30,42,msp,0.005,0.6093501448631287,0.30550957673208795,0.30722393000709386,0.30148971388034995,0.005734216126743911,0.0017143532750059115,0.9868421052631579,0.9852489244007375,0.10694529809465274,0.9677326141398574,0.95497014062801
48f_t30,42,msp,0.01,0.5924486517906189,0.30550957673208795,0.30802199101442423,0.3001596122014661,0.007862378812958147,0.0025124142823362496,0.9824883900928794,0.9852489244007375,0.13767670559311618,0.9680215758042766,0.9518878828742053
48f_t30,42,msp,0.02,0.5453953146934509,0.30550957673208795,0.3116871600851265,0.29480964767084417,0.016877512414282335,0.006177583353038543,0.9649767801857585,0.9870928088506453,0.22864167178856792,0.9686958196879214,0.93599499133115
48f_t30,42,msp,0.03,0.5184999704360962,0.30550957673208795,0.3160026010877276,0.28839560179711515,0.027606999290612437,0.01049302435563963,0.9439821981424149,0.9883220651505839,0.2833435771358328,0.9693700635715662,0.9253034097476401
48f_t30,42,msp,0.05,0.48668625950813293,0.30550957673208795,0.3269094348545756,0.27589264601560654,0.05101678883896903,0.021399858122487587,0.9030572755417957,0.9895513214505224,0.34910878918254457,0.9720670391061452,0.9029570410325564
48f_t30,42,msp,0.075,0.4663107395172119,0.30550957673208795,0.3358654528257271,0.2640990777961693,0.07176637502955782,0.03035587609363916,0.8644543343653251,0.9920098340503996,0.4056545789797173,0.975438258524369,0.8867270275476786
48f_t30,42,msp,0.1,0.45299196243286133,0.30550957673208795,0.3404764719791913,0.25721210688105933,0.08326436509813194,0.034966895247103336,0.8419117647058824,0.9926244622003688,0.4388444990780578,0.9771720285108842,0.869774609901753
48f_t30,42,msp,0.15,0.42147237062454224,0.30550957673208795,0.354132182549066,0.24051194135729487,0.11362024119177111,0.04862260581697801,0.7872484520123839,0.9944683466502766,0.5021511985248924,0.9803024465420921,0.8211327297245232
48f_t30,42,msp,0.2,0.3830479383468628,0.30550957673208795,0.3679947978245448,0.21795932844644125,0.15003546937810358,0.06248522109245685,0.7134287925696595,0.9963122311001844,0.5673017824216349,0.9848776728953959,0.7753804661914853
48f_t30,42,msp,0.3,0.2737772762775421,0.30550957673208795,0.39802553795223455,0.15328682903759755,0.24473870891463703,0.0925159612201466,0.5017414860681115,0.9981561155500922,0.7400122925629994,0.9923425158928916,0.6705355422847236
48f_t30,42,entropy,0.005,0.7997444307976775,0.30550957673208795,0.3056278079924332,0.3042977063135493,0.001330101678883897,0.00011823126034523528,0.9960332817337462,0.9846342962507683,0.06207744314689613,0.9674436524754383,0.9613754575226353
48f_t30,42,entropy,0.01,0.7801236232048088,0.30550957673208795,0.30583471269803736,0.3035883187514779,0.0022463939465594703,0.000325135965949397,0.9937113003095976,0.9846342962507683,0.09035033804548248,0.9674918127528415,0.9581968792140243
48f_t30,42,entropy,0.02,0.725275610833989,0.30550957673208795,0.30683967841097187,0.30080988413336485,0.006029794277607,0.001330101678883897,0.9846168730650154,0.986478180700676,0.2077443146896128,0.9678770949720671,0.9392217299171643
48f_t30,42,entropy,0.03,0.7177214909762756,0.30550957673208795,0.30698746748640343,0.30010049657129345,0.006886970915109955,0.001477890754315441,0.9822948916408669,0.986478180700676,0.22556853103872157,0.9679734155268734,0.9287709497206704
48f_t30,42,entropy,0.05,0.6982278063535954,0.30550957673208795,0.3076377394183022,0.2984452589264602,0.009192480491842042,0.002128162686214235,0.9768769349845202,0.986478180700676,0.27904118008604795,0.9682623771912926,0.9074359468310538
48f_t30,42,entropy,0.075,0.6611387772118289,0.30550957673208795,0.3097954599196027,0.2945436273350674,0.01525183258453535,0.004285883187514779,0.9641060371517028,0.9877074370006146,0.37861094038106946,0.9685031785783086,0.8822481217491813
48f_t30,42,entropy,0.1,0.6095291952367629,0.30550957673208795,0.3153523291558288,0.28541026247339796,0.029942066682430834,0.009842752423740837,0.9342105263157895,0.9889366933005531,0.4566687154271666,0.9701406280100173,0.8513292236563282
48f_t30,42,entropy,0.15,0.4900459216543259,0.30550957673208795,0.33961929534168833,0.2513005438637976,0.08831875147789076,0.03410971860960038,0.822561919504644,0.9950829748002459,0.6724031960663799,0.9743305721440956,0.7813523405894818
48f_t30,42,entropy,0.2,0.42646112043088397,0.30550957673208795,0.3562603452352802,0.22203830692835186,0.13422203830692836,0.050750768503192246,0.726780185758514,0.9956976029502151,0.7664413030116779,0.9781352340589482,0.7236563282604508
48f_t30,42,entropy,0.3,0.375800147975757,0.30550957673208795,0.3924391109009222,0.15878458264365097,0.23365452825727123,0.08692953416883424,0.5197368421052632,0.9981561155500922,0.8322065150583897,0.9899826623001349,0.6569543440570218
48f_t30,42,margin,0.005,0.9902868270874023,0.30550957673208795,0.30882005202175455,0.30252423740837076,0.006295814613383779,0.003310475289666588,0.9902283281733746,0.984019668100799,0.01290719114935464,0.9676362935850511,0.9635426700057792
48f_t30,42,margin,0.01,0.9792290925979614,0.30550957673208795,0.3113029084890045,0.29877039489240953,0.01253251359659494,0.005793331756916529,0.9779411764705882,0.9846342962507683,0.03073140749846343,0.9684068580235022,0.9592564053168946
48f_t30,42,margin,0.02,0.9580449461936951,0.30550957673208795,0.3164459683140222,0.29312485221092455,0.023321116103097658,0.010936391581934263,0.9594620743034056,0.9858635525507068,0.06883835279655809,0.9699961471778078,0.9507801964939318
48f_t30,42,margin,0.03,0.9387531876564026,0.30550957673208795,0.3207909671317096,0.2859423031449515,0.0348486639867581,0.01528139039962166,0.9359520123839009,0.9870928088506453,0.10694529809465274,0.9714891157773069,0.9435561548834521
48f_t30,42,margin,0.05,0.8973132371902466,0.30550957673208795,0.3304268148498463,0.27332111610309767,0.05710569874674864,0.024917238117758336,0.894640092879257,0.9889366933005531,0.1874615857406269,0.9744750529763051,0.9258813330764786
48f_t30,42,margin,0.075,0.8464698791503906,0.30550957673208795,0.3415109955072121,0.2587195554504611,0.082791440056751,0.036001418775124146,0.8468459752321982,0.9895513214505224,0.2704363859864782,0.9772683490656906,0.9064245810055865
48f_t30,42,margin,0.1,0.7933405637741089,0.30550957673208795,0.3522109245684559,0.24246275715299126,0.10974816741546464,0.04670134783636794,0.7936339009287926,0.990780577750461,0.345421020282729,0.9804469273743017,0.8830186861876325
48f_t30,42,margin,0.15,0.6966993808746338,0.30550957673208795,0.3704185386616221,0.2131414045873729,0.15727713407424923,0.06490896192953417,0.6976586687306502,0.9950829748002459,0.46404425322679776,0.9856963976112503,0.8364958582161434
48f_t30,42,margin,0.2,0.6220667958259583,0.30550957673208795,0.38286237881295815,0.18993851974462048,0.19292385906833767,0.07735280208087018,0.6217105263157895,0.9956976029502151,0.5562384757221881,0.9896937006357157,0.786987093045656
48f_t30,42,margin,0.3,0.5006941556930542,0.30550957673208795,0.3987940411444786,0.14929652400094584,0.24949751714353274,0.09328446441239063,0.48868034055727555,0.9975414874001229,0.6834665027658267,0.9932094008861491,0.6779040647274128
48f_t30,42,conformal,0.005,0.7931034482758621,0.30550957673208795,0.30746039252778434,0.301401040435091,0.006059352092693308,0.001950815795696382,0.9865518575851393,0.984019668100799,0.03687768899815612,0.9673473319206318,0.9616162589096513
48f_t30,42,conformal,0.01,0.7715530090645735,0.30550957673208795,0.3113324663040908,0.2943071648143769,0.01702530148971388,0.005822889572002838,0.9633320433436533,0.986478180700676,0.06207744314689613,0.9681660566364862,0.9562223078404931
48f_t30,42,conformal,0.02,0.7619105691056909,0.30550957673208795,0.3160026010877276,0.2853511468432253,0.030651454244502246,0.01049302435563963,0.934017027863777,0.986478180700676,0.08358942839582052,0.9692255827393566,0.9494798690040455
48f_t30,42,conformal,0.03,0.7574430823117337,0.30550957673208795,0.3197564436036888,0.27598131946086546,0.04377512414282336,0.014246866871600851,0.9033475232198143,0.9870928088506453,0.10018438844499078,0.9702369485648238,0.9437006357156618
48f_t30,42,conformal,0.05,0.744579945799458,0.30550957673208795,0.3305746039252778,0.2660498935918657,0.06452471033341216,0.02506502719318988,0.8708397832817338,0.9889366933005531,0.1333743085433313,0.9739934502022731,0.9299749566557504
48f_t30,42,conformal,0.075,0.7259194395796847,0.30550957673208795,0.3472156538188697,0.2539311894064791,0.09328446441239063,0.04170607708678174,0.8311726006191951,0.9913952059004303,0.16472034419176398,0.9782797148911577,0.9074359468310538
48f_t30,42,conformal,0.1,0.709051724137931,0.30550957673208795,0.3629108536296997,0.2426105462284228,0.1203003074012769,0.05740127689761173,0.7941176470588236,0.9938537185003073,0.2390903503380455,0.9830475823540744,0.8859083028318243
48f_t30,42,conformal,0.15,0.6751313485113835,0.30550957673208795,0.3945081579569638,0.21769330811066445,0.17681484984629936,0.08899858122487586,0.7125580495356038,0.9956976029502151,0.3435771358328211,0.9910421884030052,0.833991523791177
48f_t30,42,conformal,0.2,0.6485481997677118,0.30550957673208795,0.5090742492314968,0.19650035469378105,0.3125738945377158,0.20356467249940885,0.6431888544891642,0.9975414874001229,0.3995082974800246,0.9989404738971297,0.7916586399537662
48f_t30,42,conformal,0.3,0.570267131242741,0.30550957673208795,0.5858358950106408,0.1538188697091511,0.4320170253014897,0.28032631827855287,0.503482972136223,0.9993853718500307,0.6674861708666256,0.999759198612984,0.6989982662300135
48f_t30,42,iforest,0.005,0.6677011867836392,0.30550957673208795,0.30683967841097187,0.30471151572475763,0.002128162686214235,0.001330101678883897,0.9973877708978329,0.9834050399508297,0.0,0.9670102099788095,0.9578115969947987
48f_t30,42,iforest,0.01,0.6510207760015713,0.30550957673208795,0.30837668479545993,0.3031449515251833,0.005231733270276661,0.0028671080633719554,0.9922600619195048,0.9834050399508297,0.002458512599877074,0.9670583702562127,0.9537661336929301
48f_t30,42,iforest,0.02,0.6240584895071846,0.30550957673208795,0.31183494916055804,0.30007093875620716,0.01176401040435091,0.006325372428470088,0.9821981424148608,0.9834050399508297,0.006760909649661954,0.9673473319206318,0.942303987670969
48f_t30,42,iforest,0.03,0.6045276706300285,0.30550957673208795,0.3159139276424687,0.29584417119886497,0.02006975644360369,0.010404350910380705,0.9683630030959752,0.9834050399508297,0.009834050399508297,0.9673954921980351,0.9320458485840879
48f_t30,42,iforest,0.05,0.5775828255214341,0.30550957673208795,0.3208205249467959,0.2908784582643651,0.029942066682430834,0.015310948214707968,0.952109133126935,0.9834050399508297,0.015980331899200985,0.9682142169138894,0.9144673473319206
48f_t30,42,iforest,0.075,0.5548237558594961,0.30550957673208795,0.3333530385433909,0.28508512650744855,0.0482679120359423,0.02784346181130291,0.9331462848297213,0.9834050399508297,0.017209588199139522,0.9687921402427278,0.8917838566750145
48f_t30,42,iforest,0.1,0.5394672572395054,0.30550957673208795,0.34189524710333413,0.27636557105698745,0.06552967604634666,0.03638567037124616,0.9046052631578947,0.9846342962507683,0.022741241548862937,0.9695145444037757,0.870015411288769
48f_t30,42,iforest,0.15,0.5080315896662573,0.30550957673208795,0.36447741782927406,0.2593993851974462,0.10507803263182786,0.0589678410971861,0.8490712074303406,0.9858635525507068,0.037492317148125384,0.9716335966095164,0.8182431130803314
48f_t30,42,iforest,0.2,0.48805297174918993,0.30550957673208795,0.38513833057460395,0.24991132655474108,0.13522700401986285,0.07962875384251596,0.818014705882353,0.9895513214505224,0.0626920712968654,0.9721633596609517,0.750963205548064
48f_t30,42,iforest,0.3,0.45878000003192476,0.30550957673208795,0.44014542445022464,0.21858004256325372,0.22156538188697092,0.13463584771813666,0.7154605263157895,0.9901659496004918,0.11985248924400738,0.9741379310344828,0.6432768252745136
48f_t30,42,iforest+msp:mean,0.005,0.9356852272727274,0.30550957673208795,0.3068101205958855,0.3029971624497517,0.0038129581461338376,0.001300543863797588,0.9917763157894738,0.9834050399508297,0.0036877688998156115,0.9675399730302446,0.9624831439029089
48f_t30,42,iforest+msp:mean,0.01,0.9213647727272728,0.30550957673208795,0.30748995034287063,0.30213998581224877,0.005349964530621897,0.001980373610782691,0.9889705882352942,0.9846342962507683,0.006760909649661954,0.9677326141398574,0.9598824889231362
48f_t30,42,iforest+msp:mean,0.02,0.8903727272727265,0.30550957673208795,0.3096476708441712,0.2978836604398203,0.01176401040435091,0.004138094112083235,0.9750386996904025,0.9870928088506453,0.027658266748617086,0.9685513388557118,0.951550760932383
48f_t30,42,iforest+msp:mean,0.03,0.8644454545454544,0.30550957673208795,0.31218964294159374,0.292592811539371,0.019596831402222747,0.006680066209505793,0.9577205882352942,0.9870928088506453,0.05838967424708052,0.9698998266230013,0.9441822384896937
48f_t30,42,iforest+msp:mean,0.05,0.8272727272727273,0.30550957673208795,0.31615039016315916,0.28141995743674625,0.034730432726412866,0.010640813431071176,0.9211493808049536,0.9883220651505839,0.11923786109403811,0.9714891157773069,0.9312752841456367
48f_t30,42,iforest+msp:mean,0.075,0.7909090909090909,0.30550957673208795,0.3213821234334358,0.26717309056514543,0.054209032868290374,0.015872546701347835,0.8745162538699691,0.9883220651505839,0.19299323909035035,0.9732710460412252,0.9052687343479099
48f_t30,42,iforest+msp:mean,0.1,0.7697727272727273,0.30550957673208795,0.32522463939465596,0.257655474107354,0.06756916528730196,0.01971506266256798,0.8433630030959753,0.9889366933005531,0.24708051628764596,0.9739934502022731,0.8815738778655365
48f_t30,42,iforest+msp:mean,0.15,0.7296761363636364,0.30550957673208795,0.33338259635847717,0.23365452825727123,0.09972806810120596,0.027873019626389217,0.7648026315789475,0.9920098340503996,0.3466502765826675,0.9763051435176267,0.816461182816413
48f_t30,42,iforest+msp:mean,0.2,0.7045454545454546,0.30550957673208795,0.3406833766847955,0.21255024828564673,0.12813312839914873,0.035173799952707495,0.6957236842105263,0.9944683466502766,0.40196681007990165,0.9776536312849162,0.7657965709882489
48f_t30,42,iforest+msp:mean,0.3,0.6494318181818182,0.30550957673208795,0.3602802080870182,0.16239063608418067,0.19788957200283755,0.054770631354930245,0.5315402476780187,0.9969268592501537,0.5543945912722803,0.9823251781930263,0.6532460026969755
48f_t30,42,iforest+msp:max,0.005,0.9952272727272727,0.30550957673208795,0.30610073303381413,0.30409080160794516,0.0020099314258689997,0.0005911563017261764,0.9953560371517028,0.984019668100799,0.040565457897971724,0.9674918127528415,0.9582931997688307
48f_t30,42,iforest+msp:max,0.01,0.9915931818181819,0.30550957673208795,0.30846535824071886,0.30101678883896904,0.007448569401749823,0.002955781508630882,0.9852941176470589,0.9852489244007375,0.09834050399508297,0.9677326141398574,0.9465902523598536
48f_t30,42,iforest+msp:max,0.02,0.9875,0.30550957673208795,0.3107413100023646,0.2980018917001655,0.012739418302199101,0.005231733270276661,0.9754256965944272,0.9852489244007375,0.14566687154271665,0.9681178963590831,0.9389809285301484
48f_t30,42,iforest+msp:max,0.03,0.9827340909090909,0.30550957673208795,0.3140517852920312,0.2938637975880823,0.020187987703948924,0.008542208559943249,0.9618808049535604,0.9852489244007375,0.18869084204056547,0.9686476594105182,0.9249662878058178
48f_t30,42,iforest+msp:max,0.05,0.9720568181818182,0.30550957673208795,0.32085008276188226,0.2858831875147789,0.034966895247103336,0.015340506029794278,0.9357585139318887,0.9877074370006146,0.2679778733866011,0.9695145444037757,0.9052687343479099
48f_t30,42,iforest+msp:max,0.075,0.9591420454545453,0.30550957673208795,0.33323480728304566,0.2697741782927406,0.06346062899030504,0.027725230550957672,0.8830301857585139,0.9889366933005531,0.3325138291333743,0.9712483143902909,0.8712675785012521
48f_t30,42,iforest+msp:max,0.1,0.9461363636363637,0.30550957673208795,0.3431366753369591,0.2617935682194372,0.08134310711752188,0.03762709860487113,0.8569078947368421,0.9895513214505224,0.36508912108174557,0.9731747254864188,0.8503178578308611
48f_t30,42,iforest+msp:max,0.15,0.9195454545454546,0.30550957673208795,0.3635020099314259,0.2439110900922204,0.11959091983920549,0.0579924331993379,0.7983746130030961,0.9920098340503996,0.4290104486785495,0.9771238682334811,0.813041803120786
48f_t30,42,iforest+msp:max,0.2,0.8931818181818182,0.30550957673208795,0.37712816268621424,0.22842279498699455,0.1487053676992197,0.07161858595412628,0.7476780185758514,0.9938537185003073,0.4615857406269207,0.9793874012714313,0.7735503756501637
48f_t30,42,iforest+msp:max,0.3,0.8309090909090909,0.30550957673208795,0.4164696145660913,0.20028375502482856,0.2161858595412627,0.11096003783400331,0.6555727554179567,0.9963122311001844,0.5175169022741242,0.9829031015218648,0.6557503371219419
48f_t30,42,iforest+entropy:mean,0.005,0.9125011363636364,0.30550957673208795,0.30618940647907306,0.30347008749113263,0.0027193189879404114,0.0006798297469851029,0.9933243034055728,0.9846342962507683,0.010448678549477565,0.9672028510884223,0.9627721055673281
48f_t30,42,iforest+entropy:mean,0.01,0.8955704545454546,0.30550957673208795,0.3070170253014897,0.3009281153937101,0.006088909907779617,0.00150744856940175,0.9850038699690403,0.9852489244007375,0.022741241548862937,0.9675399730302446,0.9564149489501059
48f_t30,42,iforest+entropy:mean,0.02,0.8694386363636362,0.30550957673208795,0.3085244738708915,0.29679002128162685,0.011734452589264602,0.0030148971388035,0.9714589783281734,0.9858635525507068,0.0430239704978488,0.9680215758042766,0.9466384126372568
48f_t30,42,iforest+entropy:mean,0.03,0.8456022727272724,0.30550957673208795,0.31029794277607,0.29176519271695434,0.01853275005911563,0.004788366043982029,0.9550116099071208,0.9877074370006146,0.09035033804548248,0.9689847813523406,0.9333943363513774
48f_t30,42,iforest+entropy:mean,0.05,0.8171647727272727,0.30550957673208795,0.3137266493260818,0.28201111373847243,0.03171553558760937,0.008217072593993851,0.9230843653250773,0.9883220651505839,0.14628149969268592,0.9703332691196301,0.9163937584280486
48f_t30,42,iforest+entropy:mean,0.075,0.7955852272727273,0.30550957673208795,0.3169188933554032,0.2724639394655947,0.04445495388980847,0.011409316623315204,0.8918343653250775,0.9895513214505224,0.20036877688998156,0.9716817568869197,0.8903390483529185
48f_t30,42,iforest+entropy:mean,0.1,0.7770454545454546,0.30550957673208795,0.3199929061243793,0.2630054386379759,0.056987467486403404,0.014483329392291322,0.860874613003096,0.9901659496004918,0.2735095267363245,0.9728376035445964,0.8588422269312271
48f_t30,42,iforest+entropy:mean,0.15,0.7442045454545454,0.30550957673208795,0.32478127216836133,0.24515251832584536,0.07962875384251596,0.01927169543627335,0.8024380804953561,0.9901659496004918,0.37861094038106946,0.9736563282604508,0.8150163744943171
48f_t30,42,iforest+entropy:mean,0.2,0.7096363636363635,0.30550957673208795,0.332407188460629,0.22345708205249468,0.10895010640813431,0.026897611728541028,0.7314241486068112,0.9926244622003688,0.4585125998770744,0.975438258524369,0.750722404161048
48f_t30,42,iforest+entropy:mean,0.3,0.6430681818181818,0.30550957673208795,0.35212225112319695,0.16836131473161503,0.18376093639158195,0.046612674391109006,0.5510835913312694,0.9956976029502151,0.5937307928703135,0.9794355615488345,0.6450105952610287
48f_t30,42,iforest+entropy:max,0.005,0.9970454545454546,0.30550957673208795,0.3055982501773469,0.30480018917001656,0.0007980610073303381,8.867344525892646e-05,0.9976780185758515,0.9846342962507683,0.04179471419791026,0.9672510113658255,0.9606048930841842
48f_t30,42,iforest+entropy:max,0.01,0.9954545454545455,0.30550957673208795,0.30589382832821,0.3037361078269094,0.0021577205013005437,0.00038425159612201466,0.9941950464396284,0.9846342962507683,0.08236017209588199,0.9675399730302446,0.9539106145251397
48f_t30,42,iforest+entropy:max,0.02,0.9893181818181818,0.30550957673208795,0.30846535824071886,0.3006029794277607,0.007862378812958147,0.002955781508630882,0.9839396284829722,0.9858635525507068,0.1727105101413645,0.9677807744172606,0.9393180504719707
48f_t30,42,iforest+entropy:max,0.03,0.985,0.30550957673208795,0.309913691179948,0.29835658548120125,0.01155710569874675,0.0044041144478600145,0.9765866873065017,0.986478180700676,0.20467117393976644,0.9679734155268734,0.9287709497206704
48f_t30,42,iforest+entropy:max,0.05,0.9727272727272728,0.30550957673208795,0.3136379758808229,0.2945731851501537,0.01906479073066919,0.008128399148734925,0.964202786377709,0.986478180700676,0.22372464658881377,0.9683105374686958,0.9047871315738779
48f_t30,42,iforest+entropy:max,0.075,0.9591420454545453,0.30550957673208795,0.31949042326791205,0.28691771104279973,0.03257271222511232,0.013980846535824073,0.9391447368421053,0.986478180700676,0.25752919483712355,0.968840300520131,0.87680601040262
48f_t30,42,iforest+entropy:max,0.1,0.9443181818181818,0.30550957673208795,0.3251950815795696,0.283400331047529,0.041794750532040674,0.019685504847481675,0.9276315789473685,0.986478180700676,0.2864167178856792,0.9695145444037757,0.8535445964168754
48f_t30,42,iforest+entropy:max,0.15,0.9090909090909091,0.30550957673208795,0.34086072357531333,0.27255261291085364,0.06830811066445969,0.03535114684322535,0.8921246130030961,0.9877074370006146,0.37738168408113093,0.970285108842227,0.8075033712194182
48f_t30,42,iforest+entropy:max,0.2,0.8798181818181817,0.30550957673208795,0.3535705840624261,0.2570347599905415,0.0965358240718846,0.04806100733033814,0.8413312693498451,0.9889366933005531,0.43700061462815,0.9724041610479677,0.7598728568676556
48f_t30,42,iforest+entropy:max,0.3,0.8321136363636364,0.30550957673208795,0.3997103334121542,0.21562426105462285,0.18408607235753133,0.09420075668006621,0.7057856037151703,0.9956976029502151,0.6465888137676705,0.9772201887882874,0.6242053554228473
48f_t30,42,iforest+margin:mean,0.005,0.9468181818181818,0.30550957673208795,0.30675100496571295,0.30352920312130527,0.0032218018444076612,0.0012414282336249704,0.9935178018575852,0.9834050399508297,0.002458512599877074,0.9675399730302446,0.9633018686187632
48f_t30,42,iforest+margin:mean,0.01,0.9311420454545456,0.30550957673208795,0.3077264128635611,0.30184440766138565,0.005882005202175455,0.0022168361314731616,0.9880030959752322,0.9834050399508297,0.003073140749846343,0.9678289346946638,0.9612309766904258
48f_t30,42,iforest+margin:mean,0.02,0.9060227272727273,0.30550957673208795,0.309440766138567,0.2979132182549066,0.011527547883660439,0.003931189406479073,0.9751354489164087,0.984019668100799,0.009834050399508297,0.9686958196879214,0.9560296667308804
48f_t30,42,iforest+margin:mean,0.03,0.8825000000000001,0.30550957673208795,0.3116280444549539,0.29262236935445735,0.019005675100496573,0.006118467722865926,0.9578173374613005,0.9852489244007375,0.020282728948985862,0.9701406280100173,0.9488056251204007
48f_t30,42,iforest+margin:mean,0.05,0.8405795454545455,0.30550957673208795,0.31606171671790023,0.28207022936864506,0.033991487349255146,0.010552139985812248,0.9232778637770898,0.9877074370006146,0.07191149354640443,0.9720670391061452,0.9348873049508765
48f_t30,42,iforest+margin:mean,0.075,0.7946590909090909,0.30550957673208795,0.323598959564909,0.2630941120832348,0.06050484748167415,0.018089382832820997,0.8611648606811145,0.9883220651505839,0.1450522433927474,0.9737526488152571,0.9125890965131959
48f_t30,42,iforest+margin:mean,0.1,0.7630795454545455,0.30550957673208795,0.3312544336722629,0.2476944904232679,0.08355994324899503,0.025744856940174983,0.8107585139318886,0.9895513214505224,0.2249539028887523,0.9754864188017723,0.8826334039684068
48f_t30,42,iforest+margin:mean,0.15,0.7222727272727272,0.30550957673208795,0.3410380704658312,0.2181957909671317,0.12284227949869946,0.0355284937337432,0.714202786377709,0.9932390903503381,0.32145052243392747,0.9777981121171258,0.8262858794066654
48f_t30,42,iforest+margin:mean,0.2,0.6972954545454545,0.30550957673208795,0.34946204776542916,0.19744620477654293,0.15201584298888626,0.04395247103334122,0.6462848297213623,0.9950829748002459,0.38660110633066996,0.9800616451550761,0.7727316509343094
48f_t30,42,iforest+margin:mean,0.3,0.6501136363636364,0.30550957673208795,0.3650390163159139,0.15390754315441002,0.2111314731615039,0.05952943958382596,0.5037732198142415,0.9975414874001229,0.5212046711739398,0.9850221537276055,0.6631188595646311
48f_t30,42,iforest+margin:max,0.005,0.9968181818181818,0.30550957673208795,0.30713525656183494,0.3039134547174273,0.0032218018444076612,0.0016256798297469852,0.9947755417956657,0.9834050399508297,0.007990165949600492,0.9672028510884223,0.9607493739163938
48f_t30,42,iforest+margin:max,0.01,0.9938636363636364,0.30550957673208795,0.30988413336486165,0.3013419248049184,0.008542208559943249,0.004374556632773706,0.9863583591331269,0.984019668100799,0.019053472649047325,0.9678289346946638,0.9553554228472356
48f_t30,42,iforest+margin:max,0.02,0.9877272727272727,0.30550957673208795,0.31452471033341217,0.29655355876093636,0.017971151572475762,0.00901513360132419,0.9706849845201238,0.9852489244007375,0.041180086047940996,0.9685513388557118,0.9458196879214025
48f_t30,42,iforest+margin:max,0.03,0.9813636363636363,0.30550957673208795,0.3183967841097186,0.2915287301962639,0.026868053913454717,0.012887207377630645,0.9542376160990713,0.9858635525507068,0.06207744314689613,0.9693700635715662,0.9364284338277788
48f_t30,42,iforest+margin:max,0.05,0.9722727272727273,0.30550957673208795,0.32693899266966187,0.2809765902104516,0.04596240245921022,0.021429415937573894,0.9196981424148607,0.9870928088506453,0.10878918254456055,0.9716817568869197,0.9191388942400308
48f_t30,42,iforest+margin:max,0.075,0.9618181818181818,0.30550957673208795,0.33740245921021517,0.26865098131946086,0.06875147789075431,0.031892882478127216,0.8793537151702786,0.9889366933005531,0.17148125384142593,0.9738489693700636,0.8987670968984781
48f_t30,42,iforest+margin:max,0.1,0.95,0.30550957673208795,0.34635847718136675,0.2577145897375266,0.08864388744384015,0.04084890044927879,0.8435565015479876,0.9889366933005531,0.2095881991395206,0.9760161818532075,0.8734829512617993
48f_t30,42,iforest+margin:max,0.15,0.9204545454545454,0.30550957673208795,0.3710096949633483,0.2356053440529676,0.1354043509103807,0.06550011823126034,0.771188080495356,0.9901659496004918,0.322679778733866,0.9796763629358505,0.8269119630129069
48f_t30,42,iforest+margin:max,0.2,0.8907727272727272,0.30550957673208795,0.39158193426341925,0.21189997635374794,0.1796819579096713,0.08607235753133129,0.6935952012383901,0.9938537185003073,0.3810694529809465,0.982710460412252,0.779474089770757
48f_t30,42,iforest+margin:max,0.3,0.8345454545454546,0.30550957673208795,0.43553440529676046,0.16806573658075194,0.2674686687160085,0.1300248285646725,0.5501160990712074,0.9969268592501537,0.5199754148740012,0.9890194567520709,0.6612887690233096
48f_t30,42,iforest+conformal:mean,0.005,0.9475051136363638,0.30550957673208795,0.3069283518562308,0.3025537952234571,0.004374556632773706,0.0014187751241428233,0.9903250773993809,0.9834050399508297,0.0,0.9674436524754383,0.9627721055673281
48f_t30,42,iforest+conformal:mean,0.01,0.9318181818181819,0.30550957673208795,0.30781508630882004,0.3003960747221565,0.0074190115866635134,0.002305509576732088,0.9832623839009288,0.9834050399508297,0.0,0.9677807744172606,0.961038335580813
48f_t30,42,iforest+conformal:mean,0.02,0.9119318181818181,0.30550957673208795,0.3095885552139986,0.2971742728777489,0.012414282336249704,0.004078978481910617,0.9727167182662539,0.984019668100799,0.003073140749846343,0.9684550183009054,0.9578115969947987
48f_t30,42,iforest+conformal:mean,0.03,0.8859090909090909,0.30550957673208795,0.3147316150390163,0.2912331520454008,0.02349846299361551,0.009222038306928353,0.9532701238390093,0.9858635525507068,0.013521819299323909,0.9701887882874205,0.9519842034290118
48f_t30,42,iforest+conformal:mean,0.05,0.8508011363636364,0.30550957673208795,0.3395601797115157,0.28130172617640103,0.05825845353511468,0.03405060297942776,0.9207623839009288,0.986478180700676,0.028887523048555623,0.97274128298979,0.9384993257561164
48f_t30,42,iforest+conformal:mean,0.075,0.8116079545454544,0.30550957673208795,0.38448805864270513,0.26868053913454715,0.11580751950815796,0.07897848191061717,0.8794504643962848,0.9889366933005531,0.06023355869698832,0.9743787324214987,0.9166827200924678
48f_t30,42,iforest+conformal:mean,0.1,0.7812613636363637,0.30550957673208795,0.436066445968314,0.2543745566327737,0.1816918893355403,0.13055686923622606,0.8326238390092879,0.9901659496004918,0.10018438844499078,0.976160662685417,0.8936139472163359
48f_t30,42,iforest+conformal:mean,0.15,0.7142215909090908,0.30550957673208795,0.45953535114684324,0.22029439583825963,0.23924095530858358,0.15402577441475526,0.7210719814241486,0.9944683466502766,0.23417332513829134,0.9798208437680601,0.8321132729724523
48f_t30,42,iforest+conformal:mean,0.2,0.6779772727272727,0.30550957673208795,0.4752896665878458,0.195347599905415,0.2799420666824308,0.16978008985575785,0.6394156346749227,0.9956976029502151,0.34910878918254457,0.9840107879021384,0.7845790791754961
48f_t30,42,iforest+conformal:mean,0.3,0.6197727272727273,0.30550957673208795,0.516168124852211,0.1524296524000946,0.3637384724521163,0.21065854812012297,0.49893575851393196,0.9993853718500307,0.5734480639213276,0.9918127528414563,0.6784819880562512
48f_t30,42,iforest+conformal:max,0.005,0.9963647727272728,0.30550957673208795,0.3061302908489004,0.3026720264838023,0.003458264365098132,0.0006207141168124852,0.9907120743034056,0.984019668100799,0.023355869698832205,0.9670583702562127,0.9594972067039106
48f_t30,42,iforest+conformal:max,0.01,0.9922727272727273,0.30550957673208795,0.3085540316859778,0.30010049657129345,0.008453535114684323,0.0030444549538898085,0.9822948916408669,0.984019668100799,0.03933620159803319,0.9674436524754383,0.9522250048160278
48f_t30,42,iforest+conformal:max,0.02,0.985231818181818,0.30550957673208795,0.31414045873729013,0.2925041380941121,0.021636320643178057,0.008630882005202175,0.9574303405572756,0.986478180700676,0.06330669944683466,0.9682623771912926,0.9431227123868233
48f_t30,42,iforest+conformal:max,0.03,0.9806818181818182,0.30550957673208795,0.31653464175928114,0.28470087491132656,0.0318337668479546,0.01102506502719319,0.931888544891641,0.986478180700676,0.08236017209588199,0.9688884607975342,0.9343575418994413
48f_t30,42,iforest+conformal:max,0.05,0.9709090909090909,0.30550957673208795,0.3260522582170726,0.2706609127453299,0.05539134547174273,0.02054268148498463,0.8859326625386998,0.9870928088506453,0.10202827289489859,0.9706222307840493,0.91822384896937
48f_t30,42,iforest+conformal:max,0.075,0.9602272727272727,0.30550957673208795,0.33787538425159613,0.2587491132655474,0.07912627098604871,0.032365807519508155,0.8469427244582043,0.9883220651505839,0.1290719114935464,0.9732710460412252,0.8985744557888653
48f_t30,42,iforest+conformal:max,0.1,0.9490909090909091,0.30550957673208795,0.3475703475999054,0.2511231969732797,0.09644715062662568,0.042060770867817454,0.8219814241486069,0.9901659496004918,0.15795943454210204,0.9760161818532075,0.8735311115392025
48f_t30,42,iforest+conformal:max,0.15,0.9202613636363636,0.30550957673208795,0.3755911563017262,0.23306337195554505,0.14252778434618113,0.07008157956963822,0.7628676470588236,0.9926244622003688,0.2267977873386601,0.9799171643228665,0.8285975727220188
48f_t30,42,iforest+conformal:max,0.2,0.8884090909090909,0.30550957673208795,0.40408489004492787,0.211811302908489,0.19227358713643888,0.09857531331283992,0.6933049535603716,0.9950829748002459,0.26551936078672406,0.9856963976112503,0.7810152186476594
48f_t30,42,iforest+conformal:max,0.3,0.8320454545454545,0.30550957673208795,0.4591510995507212,0.17767202648380231,0.2814790730669189,0.15364152281863325,0.5815595975232198,0.9981561155500922,0.38721573448063923,0.9929685994991331,0.6589289154305529
48f_t30,43,msp,0.005,0.5859643220901489,0.31109600378340035,0.3135788602506503,0.30539134547174274,0.008187514778907543,0.002482856467249941,0.9816627078384798,0.9803318992009834,0.11370620774431468,0.9628684261221344,0.9489019456752071
48f_t30,43,msp,0.01,0.5479297637939453,0.31109600378340035,0.31626862142350437,0.2998049184204304,0.016463703003074013,0.005172617640104044,0.9637054631828978,0.9834050399508297,0.17947141979102643,0.9636389905605857,0.9394625313041803
48f_t30,43,msp,0.02,0.5048888325691223,0.31109600378340035,0.3233920548593048,0.2908489004492788,0.03254315441002601,0.012296051075904469,0.934916864608076,0.986478180700676,0.26920712968653965,0.9647466769408591,0.9157195145444038
48f_t30,43,msp,0.03,0.49501603841781616,0.31109600378340035,0.32685031922440294,0.2864743438165051,0.04037597540789785,0.0157543154410026,0.920855106888361,0.9877074370006146,0.29502151198524895,0.9656617222115199,0.9009824696590253
48f_t30,43,msp,0.05,0.4802529811859131,0.31109600378340035,0.33296878694726884,0.27920312130527314,0.053765665641995745,0.021872783163868526,0.8974821852731591,0.9889366933005531,0.3325138291333743,0.9686958196879214,0.8765170487382007
48f_t30,43,msp,0.075,0.4661005139350891,0.31109600378340035,0.3386143296287538,0.2714589737526602,0.06715535587609364,0.027518325845353513,0.8725890736342042,0.9901659496004918,0.36693300553165337,0.9709111924484685,0.8494509728376035
48f_t30,43,msp,0.1,0.4385378062725067,0.31109600378340035,0.34839796642232207,0.2562071411681249,0.09219082525419721,0.03730196263892173,0.823562945368171,0.9920098340503996,0.4271665642286417,0.9751011365825467,0.8090445000963206
48f_t30,43,msp,0.15,0.3656485974788666,0.31109600378340035,0.37310829983447624,0.2144123906360842,0.15869590919839205,0.0620122960510759,0.6892161520190023,0.9938537185003073,0.5752919483712354,0.9833365440184936,0.7341552687343479
48f_t30,43,msp,0.2,0.2738145887851715,0.31109600378340035,0.3948628517379995,0.1602329155828801,0.2346299361551194,0.0837668479545992,0.5150593824228028,0.9963122311001844,0.7228027043638598,0.9914274706222308,0.6583509921017145
48f_t30,43,msp,0.3,0.138800248503685,0.31109600378340035,0.41236107826909435,0.0663572948687633,0.34600378340033106,0.10126507448569402,0.21330166270783843,0.9981561155500922,0.892440073755378,0.9977846272394529,0.5112695049123483
48f_t30,43,entropy,0.005,0.7799842387249731,0.31109600378340035,0.3116576022700402,0.3096476708441712,0.0020099314258689997,0.0005615984866398676,0.9953444180522565,0.9803318992009834,0.06637984019668101,0.9620015411288769,0.9519360431516085
48f_t30,43,entropy,0.01,0.7608385994770615,0.31109600378340035,0.3118940647907307,0.3089973989122724,0.0028966658784582646,0.0007980610073303381,0.9932541567695962,0.9803318992009834,0.09711124769514444,0.9620978616836833,0.9468310537468696
48f_t30,43,entropy,0.02,0.7479278043219206,0.31109600378340035,0.3121009694963348,0.30837668479545993,0.0037242847008749115,0.0010049657129344999,0.9912589073634204,0.9803318992009834,0.12046711739397664,0.9621460219610865,0.9338277788480062
48f_t30,43,entropy,0.03,0.7324792136542024,0.31109600378340035,0.312307874201939,0.30722393000709386,0.0050839441948451174,0.0012118704185386617,0.9875534441805225,0.9809465273509527,0.15365703749231716,0.9623868233481024,0.9214024272779812
48f_t30,43,entropy,0.05,0.6953579664053428,0.31109600378340035,0.31340151336013244,0.304268148498463,0.009133364861669425,0.002305509576732088,0.9780522565320665,0.9821757836508912,0.2390903503380455,0.9628202658447312,0.89096513195916
48f_t30,43,entropy,0.075,0.6110153581351705,0.31109600378340035,0.31996334830929296,0.29081934263419246,0.029144005675100497,0.008867344525892646,0.9348218527315914,0.9858635525507068,0.4560540872771973,0.9650356386052784,0.8272490849547294
48f_t30,43,entropy,0.1,0.4982441574856121,0.31109600378340035,0.33864388744384016,0.259665405533223,0.07897848191061717,0.02754788366043982,0.8346793349168645,0.9901659496004918,0.6472034419176398,0.9678289346946638,0.7785108842226931
48f_t30,43,entropy,0.15,0.4095552650264844,0.31109600378340035,0.36323598959564907,0.21518089382832822,0.14805509576732087,0.05213998581224876,0.691686460807601,0.9926244622003688,0.7768899815611555,0.9751974571373531,0.6959160084762088
48f_t30,43,entropy,0.2,0.3770199085446554,0.31109600378340035,0.3891286356112556,0.16605580515488294,0.22307283045637266,0.07803263182785529,0.5337767220902612,0.9944683466502766,0.8156115550092194,0.9868040839915238,0.6465998844153342
48f_t30,43,entropy,0.3,0.25880122144676815,0.31109600378340035,0.4118290375975408,0.06753960747221566,0.34428943012532515,0.10073303381414046,0.2171021377672209,0.9981561155500922,0.9157959434542102,0.9972067039106145,0.5103062993642843
48f_t30,43,margin,0.005,0.9836702346801758,0.31109600378340035,0.315559233861433,0.30583471269803736,0.009724521163395602,0.004463230078032632,0.9830878859857481,0.9797172710510141,0.020282728948985862,0.9634463494509728,0.9548738200732036
48f_t30,43,margin,0.01,0.9652478098869324,0.31109600378340035,0.3196973279735162,0.30069165287301963,0.019005675100496573,0.008601324190115866,0.9665558194774346,0.9815611555009219,0.04732636754763368,0.9649874783278751,0.9470236948564824
48f_t30,43,margin,0.02,0.9331713318824768,0.31109600378340035,0.32649562544336724,0.29141049893591864,0.03508512650744857,0.015399621659966896,0.9367220902612825,0.9834050399508297,0.10694529809465274,0.9680697360816798,0.9345983432864573
48f_t30,43,margin,0.03,0.8922011256217957,0.31109600378340035,0.33456490896192953,0.27908489004492787,0.055480018917001654,0.023468905178529204,0.8971021377672208,0.9846342962507683,0.16717885679164105,0.9708630321710653,0.919668657291466
48f_t30,43,margin,0.05,0.8292131423950195,0.31109600378340035,0.34742255852447385,0.259665405533223,0.08775715299125089,0.03632655474107354,0.8346793349168645,0.9883220651505839,0.2526121696373694,0.9753900982469659,0.8947697938740127
48f_t30,43,margin,0.075,0.7511026263237,0.31109600378340035,0.362171908252542,0.2348959564908962,0.12727595176164577,0.05107590446914164,0.7550593824228028,0.9926244622003688,0.3540258143822987,0.9803024465420921,0.8618281641302253
48f_t30,43,margin,0.1,0.6882405877113342,0.31109600378340035,0.37251714353275006,0.2152104516434145,0.15730669188933555,0.06142113974934973,0.6917814726840854,0.9932390903503381,0.4308543331284573,0.9841552687343479,0.8219032941629744
48f_t30,43,margin,0.15,0.6405187249183655,0.31109600378340035,0.3798179238590683,0.20155474107353985,0.1782631827855285,0.068721920075668,0.6478859857482185,0.9944683466502766,0.4953902888752305,0.9864188017722982,0.758765170487382
48f_t30,43,margin,0.2,0.5103200674057007,0.31109600378340035,0.3948628517379995,0.16097186096003782,0.2338909907779617,0.0837668479545992,0.5174346793349168,0.9956976029502151,0.6398279041180086,0.99171643228665,0.6653823926025814
48f_t30,43,margin,0.3,0.2500554323196411,0.31109600378340035,0.4127748876803027,0.06564790730669189,0.3471269803736108,0.10167888389690234,0.211021377672209,0.9981561155500922,0.8783036263060848,0.9983625505682913,0.5111731843575419
48f_t30,43,conformal,0.005,0.8799313893653516,0.31109600378340035,0.32291912981792387,0.30952943958382595,0.013389690234097895,0.011823126034523528,0.9949643705463181,0.9870928088506453,0.01290719114935464,0.9659988441533424,0.9603640916971682
48f_t30,43,conformal,0.01,0.879073756432247,0.31109600378340035,0.3297469851028612,0.30947032395365337,0.02027666114920785,0.018650981319460865,0.9947743467933492,0.9870928088506453,0.013521819299323909,0.968840300520131,0.960315931419765
48f_t30,43,conformal,0.02,0.8747855917667239,0.31109600378340035,0.349639394655947,0.30893828328209977,0.04070111137384724,0.0385433908725467,0.993064133016627,0.9895513214505224,0.017209588199139522,0.9775091504527066,0.9597861683683298
48f_t30,43,conformal,0.03,0.8704974271012007,0.31109600378340035,0.37414282336249705,0.3076672972333885,0.06647552612910854,0.06304681957909672,0.9889786223277908,0.9938537185003073,0.02642901044867855,0.9879599306492005,0.9589674436524754
48f_t30,43,conformal,0.05,0.8491674828599413,0.31109600378340035,0.47883660439820286,0.2985930480018917,0.18024355639631118,0.16774060061480256,0.9598099762470308,0.9975414874001229,0.05224339274738783,0.996821421691389,0.9512617992679638
48f_t30,43,conformal,0.075,0.8310463121783876,0.31109600378340035,0.4966895247103334,0.2858240718846063,0.21086545282572713,0.18559352092693307,0.9187648456057006,0.9981561155500922,0.08174554394591273,0.9972067039106145,0.9421113465613562
48f_t30,43,conformal,0.1,0.8096054888507719,0.31109600378340035,0.5109955072121068,0.27125206904705607,0.23974343816505084,0.19989950342870655,0.8719239904988124,0.9987707437000615,0.14259373079287033,0.9977846272394529,0.9295896744365247
48f_t30,43,conformal,0.15,0.7692967409948542,0.31109600378340035,0.540671553558761,0.2412804445495389,0.29939110900922206,0.2295755497753606,0.7755819477434679,0.9993853718500307,0.32636754763368164,0.9988441533423232,0.8801290695434406
48f_t30,43,conformal,0.2,0.7365328109696376,0.31109600378340035,0.568248995034287,0.2178706550011823,0.35037834003310475,0.25715299125088675,0.7003325415676959,1.0,0.43761524277811925,0.999518397225968,0.8299460604893084
48f_t30,43,conformal,0.3,0.6672384219554031,0.31109600378340035,0.6142113974934973,0.1795932844644124,0.4346181130290849,0.30311539371009694,0.57729216152019,1.0,0.6103257529194838,0.9999518397225968,0.7009728376035446
48f_t30,43,iforest,0.005,0.682499077634091,0.31109600378340035,0.31283991487349255,0.3105935209269331,0.0022463939465594703,0.0017439110900922205,0.9983847980997624,0.9784880147510756,0.0,0.9618570602966673,0.9562223078404931
48f_t30,43,iforest,0.01,0.668809202836359,0.31109600378340035,0.3150567510049657,0.3105048474816742,0.004551903523291558,0.003960747221565382,0.9980997624703087,0.9784880147510756,0.003073140749846343,0.9618570602966673,0.9543922172991717
48f_t30,43,iforest,0.02,0.630165531524108,0.31109600378340035,0.32120477654291796,0.3078446441239064,0.013360132419011586,0.010108772759517616,0.9895486935866984,0.9784880147510756,0.004917025199754148,0.9621941822384897,0.943267193219033
48f_t30,43,iforest,0.03,0.5901177262575037,0.31109600378340035,0.32389453771577204,0.3041794750532041,0.01971506266256798,0.012798533932371719,0.9777672209026128,0.9784880147510756,0.013521819299323909,0.9624831439029089,0.9240030822577538
48f_t30,43,iforest,0.05,0.5591095580279322,0.31109600378340035,0.3340624261054623,0.29702648380231733,0.03703594230314495,0.022966422322061954,0.954774346793349,0.9784880147510756,0.017209588199139522,0.9643132344442304,0.8990078982854941
48f_t30,43,iforest,0.075,0.5303548063463899,0.31109600378340035,0.3458855521399858,0.29010995507212106,0.055775597067864745,0.03478954835658548,0.9325415676959619,0.9797172710510141,0.020282728948985862,0.9653727605471008,0.8699672510113658
48f_t30,43,iforest,0.1,0.5066817168263187,0.31109600378340035,0.36208323480728305,0.2799420666824308,0.08214116812485221,0.050987231023882716,0.8998574821852731,0.9797172710510141,0.03380454824830977,0.9676362935850511,0.8357252937776921
48f_t30,43,iforest,0.15,0.47280536738332013,0.31109600378340035,0.38827145897375265,0.2526897611728541,0.13558169780089857,0.07717545519035234,0.8122565320665082,0.9858635525507068,0.07314074984634296,0.9709111924484685,0.7406569061837797
48f_t30,43,iforest,0.2,0.44406440660232444,0.31109600378340035,0.4323126034523528,0.2232501773468905,0.20906242610546227,0.12121659966895247,0.717624703087886,0.9870928088506453,0.1432083589428396,0.9723078404931612,0.6195819687921402
48f_t30,43,iforest,0.3,0.4193609576089657,0.31109600378340035,0.505645542681485,0.17501182312603453,0.33063371955545046,0.19454953889808466,0.5625653206650831,0.9895513214505224,0.30055316533497234,0.9751011365825467,0.4575707956077827
48f_t30,43,iforest+msp:mean,0.005,0.9136541666666668,0.31109600378340035,0.31295814613383777,0.3074012768976117,0.0055568692362260586,0.0018621423504374558,0.9881235154394298,0.9815611555009219,0.016594960049170254,0.9627239452899249,0.9541995761895589
48f_t30,43,iforest+msp:mean,0.01,0.8916729166666667,0.31109600378340035,0.314317805627808,0.30471151572475763,0.009606289903050366,0.0032218018444076612,0.9794774346793349,0.9834050399508297,0.023355869698832205,0.963494509728376,0.9476497784627239
48f_t30,43,iforest+msp:mean,0.02,0.8556250000000001,0.31109600378340035,0.31765783873256087,0.29723338850792147,0.020424450224639394,0.006561834949160558,0.955439429928741,0.9834050399508297,0.04486785494775661,0.9655172413793104,0.9331535349643614
48f_t30,43,iforest+msp:mean,0.03,0.8239614583333333,0.31109600378340035,0.3221801844407661,0.28747930952943956,0.034700874911326555,0.011084180657365807,0.9240855106888359,0.9852489244007375,0.0725261216963737,0.9676362935850511,0.9183683298015797
48f_t30,43,iforest+msp:mean,0.05,0.787921875,0.31109600378340035,0.32720501300543864,0.2745625443367226,0.05264246866871601,0.01610900922203831,0.882565320665083,0.9852489244007375,0.11247695144437615,0.9703814293970333,0.8870159892120979
48f_t30,43,iforest+msp:mean,0.075,0.7401432291666665,0.31109600378340035,0.33486048711279265,0.2507093875620714,0.08415109955072121,0.02376448332939229,0.8058907363420427,0.9870928088506453,0.1917639827904118,0.9724523213253708,0.8373145829319977
48f_t30,43,iforest+msp:mean,0.1,0.7132395833333334,0.31109600378340035,0.3411563017261764,0.22939820288484275,0.11175809884133364,0.03006029794277607,0.7373871733966745,0.9889366933005531,0.256299938537185,0.9743787324214987,0.7972933924099402
48f_t30,43,iforest+msp:mean,0.15,0.6721875,0.31109600378340035,0.3534227949869946,0.19378103570584063,0.15964175928115393,0.04232679120359423,0.6228978622327791,0.9920098340503996,0.37062077443146896,0.9766904257368523,0.7038624542477364
48f_t30,43,iforest+msp:mean,0.2,0.6413541666666667,0.31109600378340035,0.36447741782927406,0.17078505556869236,0.1936923622605817,0.05338141404587373,0.5489786223277909,0.9938537185003073,0.4634296250768285,0.9786168368329802,0.6187632440762859
48f_t30,43,iforest+msp:mean,0.3,0.5748541666666667,0.31109600378340035,0.4189524710333412,0.12071411681248521,0.298238354220856,0.10785646724994088,0.3880285035629453,0.9975414874001229,0.6693300553165334,0.9865632826045078,0.46007513003274897
48f_t30,43,iforest+msp:max,0.005,0.9958354166666668,0.31109600378340035,0.3129877039489241,0.3092634192480492,0.0037242847008749115,0.0018917001655237645,0.9941092636579572,0.9784880147510756,0.027043638598647817,0.9622423425158929,0.952513966480447
48f_t30,43,iforest+msp:max,0.01,0.9933333333333333,0.31109600378340035,0.31487940411444787,0.3079924331993379,0.006886970915109955,0.003783400331047529,0.990023752969121,0.9784880147510756,0.054087277197295634,0.9624349836255057,0.9487574648429975
48f_t30,43,iforest+msp:max,0.02,0.9864666666666665,0.31109600378340035,0.3207022936864507,0.3019626389217309,0.018739654764719792,0.009606289903050366,0.9706413301662707,0.9809465273509527,0.13767670559311618,0.9633018686187632,0.9354170680023117
48f_t30,43,iforest+msp:max,0.03,0.9802083333333333,0.31109600378340035,0.3249881768739655,0.2975289666587846,0.027459210215180895,0.013892173090565145,0.9563895486935866,0.9834050399508297,0.18131530424093423,0.9638316316701985,0.9253034097476401
48f_t30,43,iforest+msp:max,0.05,0.9639583333333334,0.31109600378340035,0.3354516434145188,0.28496689524710334,0.050484748167415466,0.02435563963111847,0.9160095011876483,0.986478180700676,0.2901044867854948,0.9652282797148911,0.8806588325948758
48f_t30,43,iforest+msp:max,0.075,0.9431718749999999,0.31109600378340035,0.3451761645779144,0.2734097895483566,0.07176637502955782,0.03408016079451407,0.8788598574821852,0.9877074370006146,0.31960663798401967,0.9674436524754383,0.8430938162203814
48f_t30,43,iforest+msp:max,0.1,0.9250625000000002,0.31109600378340035,0.3570879640576969,0.2657247576259163,0.09136320643178056,0.04599196027429652,0.8541567695961995,0.9889366933005531,0.34173325138291333,0.970525910229243,0.8143421306106723
48f_t30,43,iforest+msp:max,0.15,0.8941666666666667,0.31109600378340035,0.37618231260345236,0.2505911563017262,0.12559115630172618,0.06508630882005202,0.8055106888361044,0.9901659496004918,0.3761524277811924,0.9738971296474668,0.7539973030244654
48f_t30,43,iforest+msp:max,0.2,0.858125,0.31109600378340035,0.40041972097422557,0.2262355166706077,0.1741842043036179,0.08932371719082526,0.7272209026128266,0.9920098340503996,0.44499078057775043,0.979531882103641,0.687439799653246
48f_t30,43,iforest+msp:max,0.3,0.7769375000000001,0.31109600378340035,0.4570820524946796,0.15461693071648144,0.3024651217781982,0.14598604871127926,0.4970071258907363,0.9956976029502151,0.6533497234173326,0.9905605856289732,0.49768830668464653
48f_t30,43,iforest+entropy:mean,0.005,0.8985500000000001,0.31109600378340035,0.3124556632773705,0.3073717190825254,0.0050839441948451174,0.0013596594939702057,0.9880285035629452,0.9803318992009834,0.017209588199139522,0.9621941822384897,0.9534771720285109
48f_t30,43,iforest+entropy:mean,0.01,0.8715656250000001,0.31109600378340035,0.31399266966185857,0.303026720264838,0.010965949397020572,0.0028966658784582646,0.9740617577197148,0.9821757836508912,0.03687768899815612,0.9628684261221344,0.9414371026777114
48f_t30,43,iforest+entropy:mean,0.02,0.8367999999999993,0.31109600378340035,0.31697800898557577,0.29415937573894535,0.02281863324663041,0.005882005202175455,0.9455581947743467,0.9852489244007375,0.06945298094652735,0.9641205933346176,0.9232806780967059
48f_t30,43,iforest+entropy:mean,0.03,0.8179197916666666,0.31109600378340035,0.3193130763773942,0.28712461574840387,0.032188460628990306,0.008217072593993851,0.9229453681710212,0.9852489244007375,0.09219422249539029,0.9654209208245039,0.9069061837796186
48f_t30,43,iforest+entropy:mean,0.05,0.7925104166666667,0.31109600378340035,0.32362851737999526,0.27728186332466304,0.04634665405533223,0.01253251359659494,0.8913064133016626,0.9852489244007375,0.11616472034419176,0.9684068580235022,0.8808996339818917
48f_t30,43,iforest+entropy:mean,0.075,0.7445911458333333,0.31109600378340035,0.3304859304800189,0.255645542681485,0.07484038779853393,0.019389926696618588,0.8217577197149643,0.9858635525507068,0.1972956361401352,0.9714409554999037,0.8361587362743209
48f_t30,43,iforest+entropy:mean,0.1,0.7111770833333335,0.31109600378340035,0.33719555450461103,0.23498462993615513,0.1022109245684559,0.026099550721210688,0.7553444180522565,0.9870928088506453,0.2894898586355255,0.972982084376806,0.7871797341552688
48f_t30,43,iforest+entropy:mean,0.15,0.6698072916666666,0.31109600378340035,0.3477772523055096,0.19995861905887916,0.14781863324663042,0.036681248522109244,0.6427553444180522,0.9901659496004918,0.4068838352796558,0.9748121749181275,0.693267193219033
48f_t30,43,iforest+entropy:mean,0.2,0.6346875000000001,0.31109600378340035,0.36137384724521165,0.17350437455663278,0.18786947268857887,0.0502778434618113,0.5577197149643706,0.9920098340503996,0.5181315304240934,0.9774128298979002,0.6045559622423425
48f_t30,43,iforest+entropy:mean,0.3,0.5689583333333333,0.31109600378340035,0.4167947505320407,0.12393591865689288,0.2928588318751478,0.10569874674864034,0.3983847980997624,0.9963122311001844,0.686539643515673,0.9832883837410904,0.45670391061452514
48f_t30,43,iforest+entropy:max,0.005,0.9958333333333333,0.31109600378340035,0.3127807992433199,0.30997280681012057,0.002807992433199338,0.0016847954599196028,0.9963895486935865,0.9797172710510141,0.032575291948371235,0.9620015411288769,0.9521768445386245
48f_t30,43,iforest+entropy:max,0.01,0.9939604166666668,0.31109600378340035,0.31384488058642707,0.30985457554977536,0.003990305036651691,0.00274887680302672,0.9960095011876484,0.9797172710510141,0.03687768899815612,0.9620015411288769,0.9494317087266423
48f_t30,43,iforest+entropy:max,0.02,0.9866666666666667,0.31109600378340035,0.31777606999290614,0.3078446441239064,0.009931425868999763,0.006680066209505793,0.9895486935866984,0.9803318992009834,0.09096496619545175,0.9621941822384897,0.9395106915815835
48f_t30,43,iforest+entropy:max,0.03,0.97875,0.31109600378340035,0.32123433435800425,0.3061302908489004,0.015104043509103807,0.010138330574603924,0.9840380047505937,0.9803318992009834,0.10141364474492932,0.9624831439029089,0.9278559044500096
48f_t30,43,iforest+entropy:max,0.05,0.9597916666666667,0.31109600378340035,0.324751714353275,0.3016079451406952,0.023143769212579806,0.013655710569874675,0.969501187648456,0.9803318992009834,0.13460356484326982,0.9628202658447312,0.8936139472163359
48f_t30,43,iforest+entropy:max,0.075,0.940640625,0.31109600378340035,0.3303676992196737,0.2946323007803263,0.035735398439347366,0.01927169543627335,0.9470783847980997,0.9809465273509527,0.17947141979102643,0.9640724330572145,0.8629358505104989
48f_t30,43,iforest+entropy:max,0.1,0.926875,0.31109600378340035,0.3377275951761646,0.2908489004492788,0.046878694726885786,0.026631591392764248,0.934916864608076,0.9815611555009219,0.19114935464044253,0.9652764399922944,0.8371701020997881
48f_t30,43,iforest+entropy:max,0.15,0.891875,0.31109600378340035,0.356910617167179,0.27355757862378816,0.08335303854339088,0.04581461338377867,0.8793349168646081,0.9846342962507683,0.40626920712968656,0.9679252552494703,0.7411385089578116
48f_t30,43,iforest+entropy:max,0.2,0.8521249999999999,0.31109600378340035,0.3906360841806574,0.23332939229132182,0.15730669188933555,0.07954008039725703,0.750023752969121,0.990780577750461,0.6299938537185003,0.9741860913118859,0.6533423232517819
48f_t30,43,iforest+entropy:max,0.3,0.755625,0.31109600378340035,0.45049065973043273,0.1624793095294396,0.28801135020099317,0.1393946559470324,0.5222802850356294,0.9938537185003073,0.8119237861094039,0.9837218262377191,0.46065305336158735
48f_t30,43,iforest+margin:mean,0.005,0.9395833333333333,0.31109600378340035,0.31272168361314734,0.3080811066445968,0.004640576968550485,0.0016256798297469852,0.9903087885985747,0.9791026429010449,0.0043023970497848806,0.9626276247351184,0.9561741475630899
48f_t30,43,iforest+margin:mean,0.01,0.914807291666667,0.31109600378340035,0.3148498462993615,0.30456372664932607,0.01028611965003547,0.0037538425159612202,0.979002375296912,0.9797172710510141,0.012292562999385371,0.96445771527644,0.9503467539973031
48f_t30,43,iforest+margin:mean,0.02,0.873658333333333,0.31109600378340035,0.3190766138567037,0.2969082525419721,0.022168361314731613,0.007980610073303382,0.9543942992874109,0.984019668100799,0.028887523048555623,0.9661433249855519,0.9373916393758428
48f_t30,43,iforest+margin:mean,0.03,0.83125625,0.31109600378340035,0.3223279735161977,0.2868881532277134,0.035439820288484275,0.011231969732797352,0.9221852731591448,0.984019668100799,0.05531653349723417,0.9684550183009054,0.9211616258909652
48f_t30,43,iforest+margin:mean,0.05,0.7793854166666666,0.31109600378340035,0.3305746039252778,0.268473634428943,0.06210096949633483,0.019478600141877512,0.8629928741092636,0.9858635525507068,0.11001843884449908,0.9712964746676941,0.8885571180890002
48f_t30,43,iforest+margin:mean,0.075,0.74625,0.31109600378340035,0.3381709624024592,0.24686687160085127,0.09130409080160795,0.02707495861905888,0.7935391923990498,0.9870928088506453,0.1628764597418562,0.973222885763822,0.8470911192448468
48f_t30,43,iforest+margin:mean,0.1,0.7163958333333335,0.31109600378340035,0.3467427287774888,0.22271813667533696,0.1240245921021518,0.035646724994088434,0.7159144893111639,0.9901659496004918,0.22003687768899816,0.975438258524369,0.8109227509150453
48f_t30,43,iforest+margin:mean,0.15,0.6754322916666666,0.31109600378340035,0.35965949397020575,0.1870418538661622,0.1726176401040435,0.04856349018680539,0.6012351543942992,0.9926244622003688,0.3275968039336202,0.979291080716625,0.7262569832402235
48f_t30,43,iforest+margin:mean,0.2,0.6389583333333333,0.31109600378340035,0.37151217781981555,0.15940529676046347,0.2121068810593521,0.06041617403641523,0.5123990498812351,0.9944683466502766,0.44929317762753535,0.9818917356963976,0.6279136967828934
48f_t30,43,iforest+margin:mean,0.3,0.5785729166666668,0.31109600378340035,0.4251596122014661,0.11234925514305982,0.31281035705840626,0.11406360841806573,0.3611401425178147,0.9975414874001229,0.6422864167178857,0.9900789828549412,0.4554999036794452
48f_t30,43,iforest+margin:max,0.005,0.9972927083333334,0.31109600378340035,0.3133128399148735,0.308672262946323,0.004640576968550485,0.0022168361314731616,0.9922090261282659,0.9784880147510756,0.007375537799631223,0.9625794644577153,0.9556443845116548
48f_t30,43,iforest+margin:max,0.01,0.995,0.31109600378340035,0.3164459683140222,0.30654410026010875,0.009901868053913455,0.005349964530621897,0.9853681710213775,0.9791026429010449,0.016594960049170254,0.9633018686187632,0.9508765170487382
48f_t30,43,iforest+margin:max,0.02,0.9885541666666664,0.31109600378340035,0.32389453771577204,0.3005438637975881,0.02335067391818397,0.012798533932371719,0.9660807600950118,0.9815611555009219,0.04486785494775661,0.9648429974956656,0.9396070121363899
48f_t30,43,iforest+margin:max,0.03,0.9820833333333333,0.31109600378340035,0.32971742728777487,0.2960215180893828,0.033695909198392056,0.018621423504374558,0.951543942992874,0.9815611555009219,0.07498463429625077,0.9663841263725679,0.9301675977653632
48f_t30,43,iforest+margin:max,0.05,0.9691770833333333,0.31109600378340035,0.34210215180893827,0.2812426105462284,0.060859541262709864,0.03100614802553795,0.9040380047505937,0.9846342962507683,0.15427166564228642,0.9699961471778078,0.900211905220574
48f_t30,43,iforest+margin:max,0.075,0.9508333333333333,0.31109600378340035,0.3567628280917475,0.2593698273823599,0.09739300070938756,0.04566682430834713,0.833729216152019,0.9870928088506453,0.22987092808850645,0.9743787324214987,0.8632729724523214
48f_t30,43,iforest+margin:max,0.1,0.9339583333333333,0.31109600378340035,0.37012296051075905,0.2436155119413573,0.12650744856940174,0.05902695672735871,0.7830878859857482,0.9889366933005531,0.28395820528580207,0.9775573107301098,0.8322577538046619
48f_t30,43,iforest+margin:max,0.15,0.9027395833333333,0.31109600378340035,0.40033104752896664,0.20994916055805155,0.1903818869709151,0.08923504374556633,0.6748693586698337,0.9932390903503381,0.3995082974800246,0.9843479098439607,0.7622327104604123
48f_t30,43,iforest+margin:max,0.2,0.8660416666666667,0.31109600378340035,0.42335658548120125,0.18653937100969498,0.23681721447150628,0.1122605816978009,0.5996199524940617,0.9938537185003073,0.46896127842655194,0.9881044114814101,0.6924966287805818
48f_t30,43,iforest+margin:max,0.3,0.7786041666666668,0.31109600378340035,0.45894419484511706,0.1487644833293923,0.31017971151572477,0.1478481910617167,0.4781947743467933,0.9969268592501537,0.5777504609711125,0.9917645925640531,0.5126179926796378
48f_t30,43,iforest+conformal:mean,0.005,0.9696942708333335,0.31109600378340035,0.31857413100023646,0.3103866162213289,0.008187514778907543,0.007478127216836132,0.9977197149643704,0.9784880147510756,0.0,0.9627721055673281,0.9610864958582161
48f_t30,43,iforest+conformal:mean,0.01,0.9524062500000002,0.31109600378340035,0.32513596594939703,0.3089087254670135,0.016227240482383543,0.01403996216599669,0.9929691211401425,0.9791026429010449,0.0006146281499692685,0.9647948372182624,0.9596416875361202
48f_t30,43,iforest+conformal:mean,0.02,0.9196895833333333,0.31109600378340035,0.355284937337432,0.30503665169070704,0.050248285646725,0.04418893355403169,0.9805225653206651,0.9821757836508912,0.008604794099569761,0.9697071855133885,0.954006935079946
48f_t30,43,iforest+conformal:mean,0.03,0.9015781249999999,0.31109600378340035,0.3646843225348782,0.30181484984629936,0.06286947268857886,0.05358831875147789,0.9701662707838479,0.984019668100799,0.016594960049170254,0.9704777499518398,0.9483240223463687
48f_t30,43,iforest+conformal:mean,0.05,0.8592968750000001,0.31109600378340035,0.38655710569874674,0.2922676755734216,0.09428943012532513,0.07546110191534641,0.9394774346793348,0.9858635525507068,0.04179471419791026,0.9717780774417261,0.9307936813716047
48f_t30,43,iforest+conformal:mean,0.075,0.8151432291666666,0.31109600378340035,0.4220560416174036,0.2822475762591629,0.1398084653582407,0.11096003783400331,0.9072684085510688,0.9877074370006146,0.0743700061462815,0.9728376035445964,0.9087362743209401
48f_t30,43,iforest+conformal:mean,0.1,0.77178125,0.31109600378340035,0.4537124615748404,0.2685031922440293,0.18520926933081105,0.14261645779144005,0.863087885985748,0.9895513214505224,0.11862323294406883,0.9748603351955307,0.8805143517626661
48f_t30,43,iforest+conformal:mean,0.15,0.7177239583333334,0.31109600378340035,0.48548711279262236,0.24266966185859543,0.24281745093402696,0.17439110900922203,0.7800475059382422,0.9950829748002459,0.1917639827904118,0.9806395684839144,0.8291754960508573
48f_t30,43,iforest+conformal:mean,0.2,0.6701041666666666,0.31109600378340035,0.5140990777961693,0.21553558760936392,0.2985634901868054,0.20300307401276899,0.6928266033254157,0.9963122311001844,0.2962507682851875,0.9851184742824118,0.7674340204199577
48f_t30,43,iforest+conformal:mean,0.3,0.5816666666666667,0.31109600378340035,0.5578742019389926,0.15328682903759755,0.4045873729013951,0.24677819815559235,0.4927315914489311,1.0,0.5347264904732637,0.9975919861298401,0.5538913504141784
48f_t30,43,iforest+conformal:max,0.005,0.9977083333333333,0.31109600378340035,0.3146429415937574,0.3096476708441712,0.00499527074958619,0.0035469378103570584,0.9953444180522565,0.9852489244007375,0.010448678549477565,0.9633018686187632,0.9573781544981699
48f_t30,43,iforest+conformal:max,0.01,0.99625,0.31109600378340035,0.3239240955308584,0.3091156301726176,0.014808465358240718,0.012828091747458028,0.9936342042755343,0.9870928088506453,0.012292562999385371,0.9659988441533424,0.9553554228472356
48f_t30,43,iforest+conformal:max,0.02,0.993125,0.31109600378340035,0.33728422794986995,0.3088791676519272,0.028405060297942777,0.026188224166469615,0.9928741092636579,0.9883220651505839,0.015365703749231715,0.9708630321710653,0.9534771720285109
48f_t30,43,iforest+conformal:max,0.03,0.9891666666666666,0.31109600378340035,0.3541026247339797,0.30825845353511466,0.04584417119886498,0.04300662095057933,0.990878859857482,0.9895513214505224,0.019668100799016593,0.9775573107301098,0.9514544403775765
48f_t30,43,iforest+conformal:max,0.05,0.98,0.31109600378340035,0.3930007093875621,0.30515488295105225,0.08784582643650982,0.08190470560416174,0.9809026128266032,0.9956976029502151,0.03196066379840197,0.9926314775573107,0.9440859179348873
48f_t30,43,iforest+conformal:max,0.075,0.9672916666666667,0.31109600378340035,0.4866103097659021,0.2935386616221329,0.1930716481437692,0.17551430598250178,0.9435629453681709,0.9975414874001229,0.06392132759680394,0.9968695819687922,0.9202465806203044
48f_t30,43,iforest+conformal:max,0.1,0.956875,0.31109600378340035,0.5012414282336249,0.27988295105225824,0.22135847718136675,0.19014542445022464,0.8996674584323041,0.9975414874001229,0.09157959434542103,0.9969659025235985,0.9038720863032171
48f_t30,43,iforest+conformal:max,0.15,0.9295833333333333,0.31109600378340035,0.5273114211397494,0.25449278789311897,0.2728186332466304,0.21621541735634903,0.8180522565320665,0.9987707437000615,0.18623232944068838,0.9979772683490656,0.8602388749759199
48f_t30,43,iforest+conformal:max,0.2,0.896875,0.31109600378340035,0.5442480491842043,0.2265606526365571,0.3176873965476472,0.23315204540080398,0.7282660332541567,0.9993853718500307,0.3073140749846343,0.9986515122327104,0.7946927374301676
48f_t30,43,iforest+conformal:max,0.3,0.8316666666666667,0.31109600378340035,0.5836486166942539,0.18178056278079924,0.4018680539134547,0.27255261291085364,0.5843230403800475,1.0,0.48740012292563,0.9996147177807744,0.6693796956270468
48f_t30,44,msp,0.005,0.6248632669448853,0.2824840387798534,0.283400331047529,0.2798238354220856,0.003576495625443367,0.0009162922676755734,0.9905828188762164,0.9809465273509527,0.06637984019668101,0.9546330186861877,0.9424966287805818
48f_t30,44,msp,0.01,0.5815258026123047,0.2824840387798534,0.2852624733979664,0.27630645542681487,0.008956017971151572,0.0027784346181130293,0.9781312127236581,0.9827904118008605,0.14812538414259374,0.9554035831246388,0.9309381622038143
48f_t30,44,msp,0.02,0.5290246605873108,0.2824840387798534,0.29019862851738,0.2684145187987704,0.021784109718609602,0.007714589737526602,0.9501935753897666,0.986478180700676,0.2427781192378611,0.9569928722789444,0.9168753612020806
48f_t30,44,msp,0.03,0.5001487731933594,0.2824840387798534,0.29596240245921024,0.25889690234097895,0.03706550011823126,0.013478363679356823,0.9165009940357852,0.9870928088506453,0.30669944683466505,0.9587748025428626,0.9000674243883645
48f_t30,44,msp,0.05,0.478979229927063,0.2824840387798534,0.3057755970678647,0.24636438874438402,0.05941120832348073,0.02329155828801135,0.8721356074081825,0.9877074370006146,0.35955746773202213,0.9624349836255057,0.8813812367559237
48f_t30,44,msp,0.075,0.4613647162914276,0.2824840387798534,0.31322416646961454,0.2359895956490896,0.07723457082052494,0.030740127689761174,0.8354086010254264,0.9889366933005531,0.3976644130301168,0.9663841263725679,0.8567713350028896
48f_t30,44,msp,0.1,0.44920164346694946,0.2824840387798534,0.31913572948687635,0.22839323717190826,0.09074249231496807,0.036651690707022934,0.8085173171497332,0.9895513214505224,0.4265519360786724,0.9678289346946638,0.8350028896166442
48f_t30,44,msp,0.15,0.41645628213882446,0.2824840387798534,0.3345057933317569,0.20847126980373612,0.1260345235280208,0.052021754551903526,0.737993094067176,0.9913952059004303,0.48862937922556854,0.9729339240994028,0.7842419572336736
48f_t30,44,msp,0.2,0.3676900863647461,0.2824840387798534,0.35498935918656893,0.17897257034759992,0.176016788838969,0.07250532040671553,0.6335670189389976,0.9944683466502766,0.594960049170252,0.9796282026584473,0.7320843768060104
48f_t30,44,msp,0.3,0.22983182966709137,0.2824840387798534,0.39719791912981794,0.09210215180893828,0.3050957673208796,0.11471388034996453,0.3260437375745527,0.9981561155500922,0.8045482483097726,0.993450202273165,0.6015700250433442
48f_t30,44,entropy,0.005,0.7872575307911649,0.2824840387798534,0.28277961693071646,0.2807696855048475,0.0020099314258689997,0.0002955781508630882,0.9939311499424506,0.9803318992009834,0.08543331284572833,0.9542958967443652,0.9441340782122905
48f_t30,44,entropy,0.01,0.7536464268495151,0.2824840387798534,0.2831343107117522,0.27920312130527314,0.003931189406479073,0.000650271931898794,0.9883854766140003,0.9834050399508297,0.14013521819299324,0.9545848584087845,0.9334906569061838
48f_t30,44,entropy,0.02,0.7331274346504021,0.2824840387798534,0.2836072357531331,0.2778139039962166,0.005793331756916529,0.0011231969732797352,0.9834676153604687,0.9834050399508297,0.17332513829133375,0.9546811789635908,0.9169716817568869
48f_t30,44,entropy,0.03,0.7229557354707886,0.2824840387798534,0.28372546701347834,0.2772227476944904,0.006502719318987941,0.0012414282336249704,0.9813749084440723,0.9834050399508297,0.1917639827904118,0.9547774995183972,0.9058948179541514
48f_t30,44,entropy,0.05,0.7086347539345054,0.2824840387798534,0.28402104516434146,0.2764246866871601,0.007596358477181367,0.0015370063844880586,0.9785497541069373,0.9846342962507683,0.23048555623847572,0.955210942015026,0.8959256405316894
48f_t30,44,entropy,0.075,0.6832703147786973,0.2824840387798534,0.2847599905414992,0.2740009458500828,0.01075904469141641,0.002275951761645779,0.9699696557497123,0.9858635525507068,0.30669944683466505,0.9557888653438644,0.8716047004430746
48f_t30,44,entropy,0.1,0.6184064896329377,0.2824840387798534,0.2906124379285883,0.26347836367935684,0.027134074249231498,0.008128399148734925,0.9327194726378571,0.9883220651505839,0.46527350952673635,0.9568965517241379,0.826189558851859
48f_t30,44,entropy,0.15,0.4820941102648726,0.2824840387798534,0.31470205722393,0.2232501773468905,0.09145187987703948,0.03221801844407662,0.7903107669770848,0.990780577750461,0.7000614628149969,0.9625313041803121,0.7568387593912541
48f_t30,44,entropy,0.2,0.42118384438798523,0.2824840387798534,0.3340919839205486,0.18872664932608182,0.14536533459446677,0.0516079451406952,0.6680966830595375,0.9944683466502766,0.7824216349108789,0.9677807744172606,0.6984203429011752
48f_t30,44,entropy,0.3,0.34865353686481165,0.2824840387798534,0.3903996216599669,0.09807283045637266,0.2923267912035942,0.1079155828801135,0.3471800774301559,0.9981561155500922,0.8647818070067609,0.9898863417453284,0.598824889231362
48f_t30,44,margin,0.005,0.9891356229782104,0.2824840387798534,0.28493733743201705,0.27902577441475523,0.005911563017261764,0.002453298652163632,0.9877576645390812,0.9809465273509527,0.019668100799016593,0.9544403775765748,0.9490464265074167
48f_t30,44,margin,0.01,0.9725151658058167,0.2824840387798534,0.2886025065027193,0.2738827145897375,0.014719791912981792,0.006118467722865926,0.9695511143664329,0.9821757836508912,0.04671173939766441,0.9566557503371219,0.9429300712772105
48f_t30,44,margin,0.02,0.9515470862388611,0.2824840387798534,0.29401158666351385,0.2675573421612674,0.026454244502246396,0.011527547883660439,0.9471591503609919,0.9827904118008605,0.07928703134603565,0.9587266422654594,0.9348873049508765
48f_t30,44,margin,0.03,0.929417073726654,0.2824840387798534,0.29945022463939464,0.260049657129345,0.03940056751004966,0.016966185859541263,0.9205817725227583,0.9827904118008605,0.11862323294406883,0.9606530533615874,0.9260258139086881
48f_t30,44,margin,0.05,0.8812940120697021,0.2824840387798534,0.31148025537952234,0.24382241664696144,0.06765783873256088,0.02899621659966895,0.8631369676676781,0.984019668100799,0.18930547019053473,0.9661914852629551,0.9040165671354267
48f_t30,44,margin,0.075,0.8178905844688416,0.2824840387798534,0.3276779380468196,0.2228659257507685,0.10481201229605108,0.04519389926696619,0.7889505074814271,0.9877074370006146,0.27473878303626303,0.9714409554999037,0.8759391254093624
48f_t30,44,margin,0.1,0.7549201846122742,0.2824840387798534,0.3418656892882478,0.20120004729250413,0.14066564199574366,0.05938165050839442,0.7122527989955006,0.9901659496004918,0.35586969883220654,0.9764496243498363,0.8489693700635715
48f_t30,44,margin,0.15,0.6382489204406738,0.2824840387798534,0.36509813194608653,0.16375029557815085,0.20134783636793568,0.08261409316623315,0.5796798158417913,0.9938537185003073,0.5267363245236631,0.9840107879021384,0.7817376228087074
48f_t30,44,margin,0.2,0.5944658517837524,0.2824840387798534,0.3742019389926697,0.14900094585008275,0.2252009931425869,0.09171790021281627,0.5274667782777022,0.9944683466502766,0.5857406269207129,0.9863224812174918,0.7275091504527066
48f_t30,44,margin,0.3,0.4266766309738159,0.2824840387798534,0.39719791912981794,0.0911563017261764,0.3060416174036415,0.11471388034996453,0.3226954065083185,0.9987707437000615,0.7535341118623233,0.9938836447697939,0.6068194952802928
48f_t30,44,conformal,0.005,0.9603701395812562,0.2824840387798534,0.38191652873019627,0.2824840387798534,0.09943248995034287,0.09943248995034287,1.0,0.9797172710510141,0.0,0.9546330186861877,0.9533808514737044
48f_t30,44,conformal,0.01,0.9464107676969092,0.2824840387798534,0.3920253014897139,0.2824840387798534,0.10954126270986049,0.10954126270986049,1.0,0.9797172710510141,0.0,0.9548738200732036,0.9533808514737044
48f_t30,44,conformal,0.02,0.9227417746759718,0.2824840387798534,0.405533222984157,0.2824840387798534,0.12304918420430362,0.12304918420430362,1.0,0.9797172710510141,0.0,0.9553072625698324,0.9533808514737044
48f_t30,44,conformal,0.03,0.8938260219341974,0.2824840387798534,0.41948451170489476,0.2824840387798534,0.1370004729250414,0.1370004729250414,1.0,0.9797172710510141,0.0,0.9568965517241379,0.9533808514737044
48f_t30,44,conformal,0.05,0.8539396888698982,0.2824840387798534,0.4571411681248522,0.282158902813904,0.1749822653109482,0.17465712934499883,0.998849011195982,0.9858635525507068,0.006760909649661954,0.9649874783278751,0.9532363706414949
48f_t30,44,conformal,0.075,0.8232558139534883,0.2824840387798534,0.5018030267202649,0.2804149917238118,0.22138803499645307,0.21931898794041144,0.9926755257926128,0.9920098340503996,0.03503380454824831,0.9730784049316124,0.9458678481988056
48f_t30,44,conformal,0.1,0.8,0.2824840387798534,0.5429475053204067,0.27695672735871363,0.26599077796169307,0.2604634665405533,0.980433190331694,0.9963122311001844,0.1057160417947142,0.9836736659603159,0.9310344827586207
48f_t30,44,conformal,0.15,0.7627906976744185,0.2824840387798534,0.5936391581934264,0.25005911563017263,0.34358004256325375,0.31115511941357293,0.8852150256356598,1.0,0.23540258143822987,0.9981699094586785,0.8886534386438066
48f_t30,44,conformal,0.2,0.7255813953488373,0.2824840387798534,0.6182312603452352,0.2255556869236226,0.3926755734216127,0.3357472215653819,0.7984723239510306,1.0,0.3779963122311002,0.9989886341745329,0.8239260258139087
48f_t30,44,conformal,0.3,0.6505483549351945,0.2824840387798534,0.6552376448332939,0.16682430834712697,0.4884133364861669,0.37275360605344054,0.5905618918070524,1.0,0.5980331899200984,0.9996147177807744,0.6901367751878251
48f_t30,44,iforest,0.005,0.6727529791327355,0.2824840387798534,0.284553085835895,0.2818633246630409,0.0026897611728541027,0.0020690470560416176,0.9978026577377839,0.9797172710510141,0.0,0.9534771720285109,0.9467347331920631
48f_t30,44,iforest,0.01,0.6421211082461991,0.2824840387798534,0.28966658784582644,0.2804149917238118,0.009251596122014661,0.007182549065973043,0.9926755257926128,0.9797172710510141,0.0036877688998156115,0.9536216528607204,0.9410036601810826
48f_t30,44,iforest,0.02,0.615967039890103,0.2824840387798534,0.29404114447860014,0.27799125088673443,0.01604989359186569,0.01155710569874675,0.9840954274353876,0.9797172710510141,0.004917025199754148,0.9538142939703332,0.9306973608167983
48f_t30,44,iforest,0.03,0.5950530694308025,0.2824840387798534,0.2965831165760227,0.2740009458500828,0.02258217072593994,0.014099077796169307,0.9699696557497123,0.9797172710510141,0.010448678549477565,0.9539587748025429,0.9188017722982085
48f_t30,44,iforest,0.05,0.566487529818326,0.2824840387798534,0.30480018917001656,0.26995152518325843,0.0348486639867581,0.02231615039016316,0.9556346133723971,0.9797172710510141,0.016594960049170254,0.9552591022924292,0.9031496821421692
48f_t30,44,iforest,0.075,0.5277728452770043,0.2824840387798534,0.32120477654291796,0.2638034996453062,0.05740127689761173,0.038720737763064554,0.9338704614418749,0.9797172710510141,0.01782421634910879,0.9570410325563475,0.8700635715661722
48f_t30,44,iforest,0.1,0.5056024986785267,0.2824840387798534,0.3343875620714117,0.252009931425869,0.08237763064554268,0.05190352329155829,0.8921209584597678,0.9809465273509527,0.022741241548862937,0.9595453669813138,0.8358216143324986
48f_t30,44,iforest,0.15,0.4672651233682682,0.2824840387798534,0.36669425396074723,0.23403877985339325,0.13265547410735398,0.08421021518089383,0.8285026682013185,0.9852489244007375,0.05900430239704978,0.9620978616836833,0.7399826623001349
48f_t30,44,iforest,0.2,0.4473527058178737,0.2824840387798534,0.40432135256561835,0.21636320643178056,0.1879581461338378,0.12183731378576496,0.7659307314010673,0.9858635525507068,0.10325752919483712,0.9631573877865537,0.6616740512425352
48f_t30,44,iforest,0.3,0.4246762222701327,0.2824840387798534,0.4728659257507685,0.18642113974934973,0.28644478600141876,0.1903818869709151,0.6599351260855917,0.9870928088506453,0.18377381684081132,0.9647948372182624,0.5379984588711231
48f_t30,44,iforest+msp:mean,0.005,0.9685010000000001,0.2824840387798534,0.28381414045873726,0.2794100260108773,0.0044041144478600145,0.001330101678883897,0.989117924034739,0.9797172710510141,0.004917025199754148,0.954247736466962,0.9479387401271432
48f_t30,44,iforest+msp:mean,0.01,0.961101,0.2824840387798534,0.28600141877512414,0.27657247576259164,0.009428943012532514,0.0035173799952707497,0.9790729308360364,0.9803318992009834,0.006760909649661954,0.9553554228472356,0.9417742246195339
48f_t30,44,iforest+msp:mean,0.02,0.9503,0.2824840387798534,0.2888389690234098,0.2706609127453299,0.018178056278079925,0.006354930243556396,0.9581458616720728,0.9821757836508912,0.022126613398893668,0.9567039106145251,0.9318532074744751
48f_t30,44,iforest+msp:mean,0.03,0.9427,0.2824840387798534,0.2921198864979901,0.26466067628280915,0.027459210215180895,0.009635847718136675,0.9369048864706497,0.9834050399508297,0.03564843269821758,0.9581968792140243,0.9214505875553843
48f_t30,44,iforest+msp:mean,0.05,0.9306050000000001,0.2824840387798534,0.296228422794987,0.2537834003310475,0.04244502246393946,0.013744384015133601,0.8983990792089567,0.9846342962507683,0.057775046097111246,0.9604604122519745,0.8988152571758813
48f_t30,44,iforest+msp:mean,0.075,0.9155074999999999,0.2824840387798534,0.2996275715299125,0.23983211161030976,0.05979545991960274,0.017143532750059115,0.8490111959820027,0.9846342962507683,0.08543331284572833,0.9621941822384897,0.8602870352533231
48f_t30,44,iforest+msp:mean,0.1,0.9047100000000001,0.2824840387798534,0.3046228422794987,0.22800898557578625,0.07661385670371246,0.022138803499645306,0.8071570576540755,0.9858635525507068,0.10510141364474493,0.9632055480639569,0.8180504719707186
48f_t30,44,iforest+msp:mean,0.15,0.883115,0.2824840387798534,0.3281508630882005,0.20894419484511706,0.11920666824308347,0.04566682430834713,0.739667259600293,0.9858635525507068,0.148740012292563,0.963976112502408,0.7389231361972645
48f_t30,44,iforest+msp:mean,0.2,0.8657,0.2824840387798534,0.3559647670844171,0.19596831402222747,0.15999645306218965,0.07348072830456373,0.6937323427853929,0.9877074370006146,0.19299323909035035,0.9645540358312464,0.6768445386245425
48f_t30,44,iforest+msp:mean,0.3,0.82206,0.2824840387798534,0.43012532513596596,0.1481142113974935,0.28201111373847243,0.14764128635611257,0.5243277179031077,0.990780577750461,0.36508912108174557,0.9710556732806781,0.5142554421113466
48f_t30,44,iforest+msp:max,0.005,0.9982,0.2824840387798534,0.28322298415701114,0.28032631827855287,0.0028966658784582646,0.0007389453771577205,0.9923616197551534,0.9803318992009834,0.055931161647203444,0.9546330186861877,0.9425929493353882
48f_t30,44,iforest+msp:max,0.01,0.9968,0.2824840387798534,0.28496689524710334,0.277754788366044,0.0072121068810593525,0.002482856467249941,0.9832583446688292,0.9809465273509527,0.107559926244622,0.95497014062801,0.9329127335773454
48f_t30,44,iforest+msp:max,0.02,0.9942039999999999,0.2824840387798534,0.2895779144005675,0.2720205722393001,0.01755734216126744,0.007093875620714117,0.9629590875797845,0.9852489244007375,0.21204671173939765,0.9561741475630899,0.9169235214794837
48f_t30,44,iforest+msp:max,0.03,0.991806,0.2824840387798534,0.294986994561362,0.2631827855284937,0.03180420903286829,0.012502955781508632,0.9316731191796589,0.9870928088506453,0.2802704363859865,0.9574744750529763,0.9025235985359276
48f_t30,44,iforest+msp:max,0.05,0.9856,0.2824840387798534,0.3063667533695909,0.25,0.05636675336959092,0.023882714589737526,0.8850057549440201,0.9877074370006146,0.3441917639827904,0.961279136967829,0.88268156424581
48f_t30,44,iforest+msp:max,0.075,0.9822,0.2824840387798534,0.31709624024592103,0.23906360841806573,0.07803263182785529,0.03461220146606763,0.8462906769906874,0.9877074370006146,0.37861094038106946,0.9647948372182624,0.858312463879792
48f_t30,44,iforest+msp:max,0.1,0.9772,0.2824840387798534,0.32546110191534644,0.23052139985812248,0.09493970205722393,0.04297706313549302,0.81605106204876,0.9889366933005531,0.4093423478795329,0.9669620497014063,0.8297534193796956
48f_t30,44,iforest+msp:max,0.15,0.97,0.2824840387798534,0.33820052021754554,0.21352565618349492,0.1246748640340506,0.055716481437692124,0.7558857382023648,0.990780577750461,0.45236631837738167,0.9699479869004045,0.7849643613947216
48f_t30,44,iforest+msp:max,0.2,0.9594,0.2824840387798534,0.35563963111846775,0.19732797351619769,0.15831165760227003,0.07315559233861434,0.6985455686931046,0.9913952059004303,0.5052243392747388,0.9741860913118859,0.7373820073203622
48f_t30,44,iforest+msp:max,0.3,0.941,0.2824840387798534,0.4061243792858832,0.1420548593048002,0.264069519981083,0.12364034050602979,0.502877472010045,0.9956976029502151,0.6822372464658881,0.9863224812174918,0.6138027355037565
48f_t30,44,iforest+entropy:mean,0.005,0.9634010000000001,0.2824840387798534,0.28372546701347834,0.2788484275242374,0.004877039489240956,0.0012414282336249704,0.9871298524641623,0.9797172710510141,0.006760909649661954,0.9541032556347524,0.9461086495858216
48f_t30,44,iforest+entropy:mean,0.01,0.956202,0.2824840387798534,0.28502601087727597,0.27621778198155594,0.008808228895720029,0.0025419720974225587,0.9778173066861987,0.9815611555009219,0.011063306699446834,0.954729339240994,0.9403294162974378
48f_t30,44,iforest+entropy:mean,0.02,0.9436019999999999,0.2824840387798534,0.2885433908725467,0.26965594703239537,0.018887443840151338,0.006059352092693308,0.954588259914199,0.9827904118008605,0.03933620159803319,0.9561259872856868,0.924051242535157
48f_t30,44,iforest+entropy:mean,0.03,0.938,0.2824840387798534,0.2915878458264365,0.2640104043509104,0.02757744147552613,0.009103807046583116,0.9346029088626138,0.984019668100799,0.05039950829748002,0.9572818339433635,0.9142265459449046
48f_t30,44,iforest+entropy:mean,0.05,0.9287150000000001,0.2824840387798534,0.2952530148971388,0.25381295814613386,0.04144005675100496,0.01276897611728541,0.8985037145547766,0.9846342962507683,0.06883835279655809,0.9596898478135234,0.8932286649971104
48f_t30,44,iforest+entropy:mean,0.075,0.9162075,0.2824840387798534,0.2985339323717191,0.24193071648143769,0.05660321589028139,0.01604989359186569,0.8564403055352098,0.9846342962507683,0.09465273509526737,0.961519938354845,0.8613465613561934
48f_t30,44,iforest+entropy:mean,0.1,0.90532,0.2824840387798534,0.3038247812721684,0.22969378103570584,0.07413100023646252,0.02134074249231497,0.8131212723658051,0.9852489244007375,0.11063306699446834,0.9623868233481024,0.8155942978231555
48f_t30,44,iforest+entropy:mean,0.15,0.885315,0.2824840387798534,0.3253133128399149,0.2111019153464176,0.11421139749349728,0.04282927406006148,0.7473056398451396,0.9858635525507068,0.148740012292563,0.9636389905605857,0.7382007320362165
48f_t30,44,iforest+entropy:mean,0.2,0.8645,0.2824840387798534,0.35611255615984866,0.1970323953653346,0.15908016079451406,0.07362851737999528,0.6974992152349063,0.986478180700676,0.1917639827904118,0.96445771527644,0.6690907339626276
48f_t30,44,iforest+entropy:mean,0.3,0.8214299999999999,0.2824840387798534,0.4256029794277607,0.1538484275242374,0.27175455190352327,0.1431189406479073,0.5446269749921524,0.9920098340503996,0.38414259373079285,0.9685513388557118,0.509246773261414
48f_t30,44,iforest+entropy:max,0.005,0.9976,0.2824840387798534,0.2827205013005439,0.28139039962165996,0.001330101678883897,0.00023646252069047056,0.9961284922046667,0.9797172710510141,0.057775046097111246,0.954006935079946,0.9440859179348873
48f_t30,44,iforest+entropy:max,0.01,0.9968040000000001,0.2824840387798534,0.28369590919839205,0.27908489004492787,0.004611019153464176,0.0012118704185386617,0.9879669352307209,0.9834050399508297,0.13829133374308544,0.9546811789635908,0.9323829705259102
48f_t30,44,iforest+entropy:max,0.02,0.9922,0.2824840387798534,0.2854693781035706,0.2778434618113029,0.007625916292267675,0.0029853393237171907,0.9835722507062886,0.9834050399508297,0.1585740626920713,0.9546811789635908,0.9163455981506453
48f_t30,44,iforest+entropy:max,0.03,0.9886,0.2824840387798534,0.28668124852210924,0.27701584298888626,0.009665405533222983,0.004197209742255853,0.9806424610233336,0.9834050399508297,0.1800860479409957,0.9548256597958005,0.9020901560392988
48f_t30,44,iforest+entropy:max,0.05,0.9836,0.2824840387798534,0.28969614566091273,0.2755083944194845,0.014187751241428233,0.0072121068810593525,0.9753060583865228,0.9834050399508297,0.21819299323909036,0.9550664611828165,0.8910614525139665
48f_t30,44,iforest+entropy:max,0.075,0.9792,0.2824840387798534,0.29300662095057933,0.2731437692125798,0.019862851737999527,0.01052258217072594,0.9669352307209376,0.9852489244007375,0.26121696373693915,0.9554999036794452,0.8701117318435754
48f_t30,44,iforest+entropy:max,0.1,0.976,0.2824840387798534,0.29673090565145427,0.26829628753842516,0.028434618113029084,0.014246866871600851,0.9497750340064873,0.9858635525507068,0.32944068838352797,0.9562704681178964,0.8417934887304951
48f_t30,44,iforest+entropy:max,0.15,0.968,0.2824840387798534,0.3136084180657366,0.24136911799479782,0.07223930007093876,0.031124379285883186,0.8544522339646332,0.9901659496004918,0.5617701290719115,0.9594490464265074,0.7604507801964939
48f_t30,44,iforest+entropy:max,0.2,0.9568,0.2824840387798534,0.3373729013951289,0.2121364388744384,0.12523646252069048,0.05488886261527548,0.7509678769488333,0.9913952059004303,0.7148125384142594,0.963976112502408,0.7073299942207667
48f_t30,44,iforest+entropy:max,0.3,0.9358,0.2824840387798534,0.3922026483802317,0.14761172854102625,0.24459091983920547,0.10971860960037834,0.5225489170241707,0.9969268592501537,0.8211432083589428,0.9763533037950298,0.5833654401849354
48f_t30,44,iforest+margin:mean,0.005,0.9731015,0.2824840387798534,0.2843166233152045,0.27923267912035943,0.0050839441948451174,0.0018325845353511468,0.9884901119598201,0.9797172710510141,0.0036877688998156115,0.9542958967443652,0.9477460990175304
48f_t30,44,iforest+margin:mean,0.01,0.9643010000000001,0.2824840387798534,0.28641522818633247,0.2754492787893119,0.010965949397020572,0.003931189406479073,0.9750967876948834,0.9797172710510141,0.006146281499692686,0.955692544789058,0.9429782315546138
48f_t30,44,iforest+margin:mean,0.02,0.9540019999999999,0.2824840387798534,0.29046464885315676,0.26924213762118704,0.02122251123196973,0.007980610073303382,0.9531233650727216,0.9797172710510141,0.010448678549477565,0.9575707956077827,0.9336832980157965
48f_t30,44,iforest+margin:mean,0.03,0.9452,0.2824840387798534,0.29241546464885315,0.26356703712461577,0.02884842752423741,0.009931425868999763,0.9330333786753165,0.9821757836508912,0.024585125998770743,0.9586784819880563,0.9229917164322866
48f_t30,44,iforest+margin:mean,0.05,0.929505,0.2824840387798534,0.29714471506266255,0.2512709860487113,0.04587372901395129,0.014660676282809175,0.8895050748142723,0.9846342962507683,0.05654578979717271,0.9613272972452321,0.8971296474667694
48f_t30,44,iforest+margin:mean,0.075,0.9168000000000001,0.2824840387798534,0.2995980137148262,0.23924095530858358,0.06035705840624261,0.017113974934972808,0.8469184890656063,0.9846342962507683,0.08113091579594345,0.9621460219610865,0.8649585821614333
48f_t30,44,iforest+margin:mean,0.1,0.9051300000000001,0.2824840387798534,0.3045932844644124,0.22558524473870892,0.07900803972570347,0.022109245684558996,0.7985769592968505,0.9858635525507068,0.10264290104486785,0.9632055480639569,0.8203140050086688
48f_t30,44,iforest+margin:mean,0.15,0.8843150000000001,0.2824840387798534,0.3272641286356113,0.2081461338377867,0.11911799479782455,0.04478008985575786,0.7368421052631579,0.9858635525507068,0.14013521819299324,0.9638797919476016,0.7430167597765364
48f_t30,44,iforest+margin:mean,0.2,0.86376,0.2824840387798534,0.36081224875857176,0.1923327027666115,0.16847954599196027,0.07832820997871838,0.6808621952495553,0.9877074370006146,0.19422249539028888,0.9649874783278751,0.6711134656135619
48f_t30,44,iforest+margin:mean,0.3,0.8230299999999999,0.2824840387798534,0.43405651454244504,0.14329628753842516,0.2907602270040199,0.15157247576259164,0.5072721565344773,0.9920098340503996,0.35279655808236016,0.9726931227123868,0.5268734347909844
48f_t30,44,iforest+margin:max,0.005,0.999,0.2824840387798534,0.2842279498699456,0.28032631827855287,0.003901631591392764,0.0017439110900922205,0.9923616197551534,0.9797172710510141,0.009834050399508297,0.9540550953573492,0.9490464265074167
48f_t30,44,iforest+margin:max,0.01,0.9976040000000002,0.2824840387798534,0.2875088673445259,0.275744856940175,0.01176401040435091,0.005024828564672499,0.9761431411530814,0.9821757836508912,0.041180086047940996,0.9561741475630899,0.9422076671161626
48f_t30,44,iforest+margin:max,0.02,0.9962,0.2824840387798534,0.292208559943249,0.27001064081343107,0.022197919129817924,0.009724521163395602,0.9558438840640369,0.9821757836508912,0.06146281499692686,0.9580042381044115,0.9344057021768445
48f_t30,44,iforest+margin:max,0.03,0.9938,0.2824840387798534,0.29918420430361786,0.26324190115866636,0.035942303144951525,0.016700165523764483,0.9318823898712986,0.9827904118008605,0.10202827289489859,0.9599306492005394,0.9244365247543825
48f_t30,44,iforest+margin:max,0.05,0.98921,0.2824840387798534,0.3121009694963348,0.24683731378576496,0.06526365571056987,0.029616930716481436,0.8738097729412996,0.9834050399508297,0.17148125384142593,0.9656135619341167,0.9042573685224427
48f_t30,44,iforest+margin:max,0.075,0.985,0.2824840387798534,0.3274710333412154,0.22845235280208087,0.09901868053913454,0.04498699456136202,0.8087265878413729,0.9870928088506453,0.25138291333743085,0.9702369485648238,0.8752648815257176
48f_t30,44,iforest+margin:max,0.1,0.98,0.2824840387798534,0.34201347836367935,0.21124970442184915,0.13076377394183022,0.05952943958382596,0.7478288165742388,0.9889366933005531,0.31223110018438843,0.973704488537854,0.8510884222693123
48f_t30,44,iforest+margin:max,0.15,0.9712,0.2824840387798534,0.36837904942066685,0.1741842043036179,0.19419484511704896,0.08589501064081344,0.6166160929161871,0.9913952059004303,0.44744929317762755,0.9802542862646889,0.7830861105759969
48f_t30,44,iforest+margin:max,0.2,0.95924,0.2824840387798534,0.38623196973279733,0.15328682903759755,0.2329451406951998,0.10374793095294396,0.5426389034215758,0.9938537185003073,0.5464044253226797,0.9851184742824118,0.7316509343093817
48f_t30,44,iforest+margin:max,0.3,0.9402,0.2824840387798534,0.4157602270040199,0.12789666587845827,0.2878635611255616,0.13327618822416648,0.45275714136235223,0.9963122311001844,0.6183159188690842,0.9890676170294741,0.6270949720670391
48f_t30,44,iforest+conformal:mean,0.005,0.9405005,0.2824840387798534,0.34393473634428945,0.2824840387798534,0.06145069756443604,0.06145069756443604,1.0,0.9797172710510141,0.0,0.9538142939703332,0.9533326911963013
48f_t30,44,iforest+conformal:mean,0.01,0.926304,0.2824840387798534,0.36849728068101206,0.28230669188933555,0.08619058879167651,0.08601324190115867,0.9993721879250811,0.9803318992009834,0.0006146281499692685,0.9553072625698324,0.9531882103640917
48f_t30,44,iforest+conformal:mean,0.02,0.8953059999999998,0.2824840387798534,0.4028139039962166,0.2806514542445022,0.12216244975171435,0.12032986521636321,0.9935126085591712,0.9827904118008605,0.006760909649661954,0.9597380080909266,0.9480832209593527
48f_t30,44,iforest+conformal:mean,0.03,0.878503,0.2824840387798534,0.4118881532277134,0.27828682903759755,0.13360132419011586,0.12940411444786,0.9851417808935858,0.9846342962507683,0.014751075599262446,0.9623868233481024,0.9398478135234059
48f_t30,44,iforest+conformal:mean,0.05,0.847005,0.2824840387798534,0.42716954362733506,0.2690647907306692,0.15810475289666587,0.14468550484748166,0.9524955529978026,0.9858635525507068,0.03380454824830977,0.9636871508379888,0.9219803506068195
48f_t30,44,iforest+conformal:mean,0.075,0.8101,0.2824840387798534,0.442953416883424,0.2566505083944195,0.1863029084890045,0.1604693781035706,0.9085487077534792,0.9870928088506453,0.07805777504609711,0.9657098824889231,0.8948661144288191
48f_t30,44,iforest+conformal:mean,0.1,0.7753,0.2824840387798534,0.46654055332229843,0.24305391345471744,0.223486639867581,0.184056514542445,0.8604164486763629,0.9938537185003073,0.13275968039336203,0.9710556732806781,0.8664515507609324
48f_t30,44,iforest+conformal:mean,0.15,0.737315,0.2824840387798534,0.5051135020099314,0.2188165050839442,0.28629699692598726,0.22262946323007804,0.7746154651041122,0.9963122311001844,0.23970497848801475,0.9836736659603159,0.8189173569639762
48f_t30,44,iforest+conformal:mean,0.2,0.7058,0.2824840387798534,0.5324249231496808,0.1930125325135966,0.3394123906360842,0.2499408843698274,0.6832688082034111,0.9987707437000615,0.3435771358328211,0.9900789828549412,0.7369485648237334
48f_t30,44,iforest+conformal:mean,0.3,0.6466000000000001,0.2824840387798534,0.5920134783636793,0.14235043745566328,0.44966304090801607,0.30952943958382595,0.5039238254682432,1.0,0.5863552550706822,0.9982180697360816,0.5861105759969177
48f_t30,44,iforest+conformal:max,0.005,0.994002,0.2824840387798534,0.3699456136202412,0.28201111373847243,0.08793449988176874,0.0874615748403878,0.9983258344668828,0.9797172710510141,0.0,0.9541995761895589,0.9472163359660951
48f_t30,44,iforest+conformal:max,0.01,0.987202,0.2824840387798534,0.3792563253724285,0.28174509340269566,0.0975112319697328,0.09677228659257507,0.9973841163545045,0.9797172710510141,0.0006146281499692685,0.954729339240994,0.9450972837603545
48f_t30,44,iforest+conformal:max,0.02,0.9784,0.2824840387798534,0.3911681248522109,0.27991250886734453,0.1112556159848664,0.10868408607235754,0.9908967249136759,0.9797172710510141,0.0036877688998156115,0.9548256597958005,0.9383066846465036
48f_t30,44,iforest+conformal:max,0.03,0.9746,0.2824840387798534,0.3966954362733507,0.2769862851738,0.11970915109955071,0.11421139749349728,0.9805378256775139,0.9797172710510141,0.008604794099569761,0.9552591022924292,0.9260739741860913
48f_t30,44,iforest+conformal:max,0.05,0.9662,0.2824840387798534,0.40497162449751717,0.27027666114920784,0.1346949633483093,0.12248758571766374,0.9567856021764152,0.9797172710510141,0.013521819299323909,0.9564149489501059,0.9095068387593912
48f_t30,44,iforest+conformal:max,0.075,0.9524,0.2824840387798534,0.4192776069992906,0.2687396547647198,0.1505379522345708,0.13679356821943722,0.9513445641937847,0.9797172710510141,0.017209588199139522,0.9574263147755732,0.8926025813908688
48f_t30,44,iforest+conformal:max,0.1,0.9426,0.2824840387798534,0.4287361078269094,0.26291676519271695,0.16581934263419248,0.14625206904705604,0.9307314010672805,0.9803318992009834,0.01843884449907806,0.9597861683683298,0.8664997110383356
48f_t30,44,iforest+conformal:max,0.15,0.9202,0.2824840387798534,0.45049065973043273,0.24447268857886026,0.20601797115157247,0.16800662095057933,0.8654389452757142,0.9821757836508912,0.03196066379840197,0.9641687536120208,0.8065883259487575
48f_t30,44,iforest+conformal:max,0.2,0.895,0.2824840387798534,0.4865807519508158,0.23211752187278317,0.2544632300780326,0.2040967131709624,0.8217013707230303,0.9883220651505839,0.07006760909649662,0.9711519938354845,0.7270757079560778
48f_t30,44,iforest+conformal:max,0.3,0.8398399999999998,0.2824840387798534,0.5829096713170963,0.20625443367226295,0.3766552376448333,0.30042563253724286,0.7301454431306895,0.9987707437000615,0.22249539028887522,0.9891639375842805,0.621219418223849
48f_t30,45,msp,0.005,0.6210317015647888,0.30148971388034995,0.3027015842988886,0.298238354220856,0.004463230078032632,0.0012118704185386617,0.9892156862745098,0.984019668100799,0.08358942839582052,0.9606530533615874,0.95497014062801
48f_t30,45,msp,0.01,0.595912754535675,0.30148971388034995,0.3038247812721684,0.2953416883423977,0.008483092929770631,0.002335067391818397,0.9796078431372549,0.9852489244007375,0.1352181929932391,0.960797534193797,0.9500577923328838
48f_t30,45,msp,0.02,0.5536739230155945,0.30148971388034995,0.30618940647907306,0.2900508394419484,0.016138567037124615,0.0046996925987231025,0.9620588235294117,0.986478180700676,0.21266133988936695,0.9614717780774418,0.9400886149104218
48f_t30,45,msp,0.03,0.5238473415374756,0.30148971388034995,0.3095589973989123,0.28440529676046344,0.025153700638448805,0.008069283518562308,0.9433333333333332,0.9870928088506453,0.26551936078672406,0.9623868233481024,0.9292043922172992
48f_t30,45,msp,0.05,0.5024296045303345,0.30148971388034995,0.3125738945377158,0.27864152281863325,0.033932371719082526,0.011084180657365807,0.9242156862745099,0.9877074370006146,0.30055316533497234,0.9631573877865537,0.9161047967636293
48f_t30,45,msp,0.075,0.48505404591560364,0.30148971388034995,0.32055450461101914,0.26927169543627333,0.0512828091747458,0.01906479073066919,0.8931372549019607,0.9901659496004918,0.3405039950829748,0.9654690811019071,0.9017048738200732
48f_t30,45,msp,0.1,0.47033244371414185,0.30148971388034995,0.3262000472925041,0.2610841806573658,0.06511586663513833,0.024710333412154173,0.8659803921568628,0.9901659496004918,0.36877688998156116,0.9678770949720671,0.8873531111539202
48f_t30,45,msp,0.15,0.457388311624527,0.30148971388034995,0.3311362024119177,0.25490659730432724,0.07622960510759044,0.029646488531567747,0.8454901960784313,0.990780577750461,0.38721573448063923,0.9696590252359854,0.8629358505104989
48f_t30,45,msp,0.2,0.4338955283164978,0.30148971388034995,0.340446914164105,0.2429652400094585,0.0974816741546465,0.038957200283755024,0.8058823529411765,0.9920098340503996,0.43700061462815,0.9724041610479677,0.834232325178193
48f_t30,45,msp,0.3,0.376112699508667,0.30148971388034995,0.3609895956490896,0.21187041853866162,0.149119177110428,0.05949988176873965,0.7027450980392157,0.9950829748002459,0.5359557467732022,0.9799171643228665,0.7595357349258332
48f_t30,45,entropy,0.005,0.7879819036163742,0.30148971388034995,0.3019921967368172,0.30021872783163867,0.0017734689051785292,0.0005024828564672499,0.9957843137254901,0.9821757836508912,0.07129686539643516,0.960556732806781,0.9542958967443652
48f_t30,45,entropy,0.01,0.757271172475238,0.30148971388034995,0.30216954362733506,0.2989181839678411,0.0032513596594939704,0.0006798297469851029,0.9914705882352941,0.9852489244007375,0.1290719114935464,0.9607493739163938,0.9494798690040455
48f_t30,45,entropy,0.02,0.7497195103085426,0.30148971388034995,0.3023173327027666,0.2985339323717191,0.003783400331047529,0.000827618822416647,0.9901960784313727,0.9852489244007375,0.14628149969268592,0.9607493739163938,0.9476016181853207
48f_t30,45,entropy,0.03,0.7374472963322822,0.30148971388034995,0.30240600614802554,0.2975880822889572,0.004817923859068337,0.0009162922676755734,0.9870588235294119,0.9852489244007375,0.17947141979102643,0.9608456944712002,0.9399922943556155
48f_t30,45,entropy,0.05,0.7291321831217261,0.30148971388034995,0.30252423740837076,0.2970560416174036,0.0054681957909671315,0.0010345235280208088,0.9852941176470588,0.9858635525507068,0.20282728948985865,0.9608456944712002,0.9285301483336544
48f_t30,45,entropy,0.075,0.7066938317059914,0.30148971388034995,0.3029380468195791,0.294986994561362,0.007951052258217073,0.0014483329392291323,0.9784313725490196,0.9858635525507068,0.2519975414874001,0.9611346561356193,0.915286072047775
48f_t30,45,entropy,0.1,0.6866294374969544,0.30148971388034995,0.30352920312130527,0.29309529439583826,0.010433908725467013,0.0020394892409553085,0.972156862745098,0.9870928088506453,0.29256299938537184,0.9612309766904258,0.8959256405316894
48f_t30,45,entropy,0.15,0.6275720005287055,0.30148971388034995,0.3069579096713171,0.2823658075195082,0.024592102151808938,0.0054681957909671315,0.9365686274509805,0.9883220651505839,0.4087277197295636,0.9623868233481024,0.855182045848584
48f_t30,45,entropy,0.2,0.5701268594333201,0.30148971388034995,0.3140813431071175,0.2678824781272168,0.04619886497990069,0.012591629226767558,0.8885294117647059,0.990780577750461,0.5076828518746158,0.963976112502408,0.8228183394336351
48f_t30,45,entropy,0.3,0.4392115502490455,0.30148971388034995,0.3361610309765902,0.22316150390163159,0.11299952707495863,0.034671317096240245,0.7401960784313726,0.9932390903503381,0.7215734480639213,0.9684550183009054,0.7334810248507031
48f_t30,45,margin,0.005,0.9897431135177612,0.30148971388034995,0.30400212816268624,0.29841570111137383,0.005586427051312367,0.0025124142823362496,0.9898039215686274,0.9827904118008605,0.024585125998770743,0.9609901753034098,0.9573781544981699
48f_t30,45,margin,0.01,0.9806678891181946,0.30148971388034995,0.30639631118467725,0.2956077086781745,0.01078860250650272,0.004906597304327264,0.9804901960784314,0.984019668100799,0.040565457897971724,0.9615680986322481,0.954729339240994
48f_t30,45,margin,0.02,0.9637879133224487,0.30148971388034995,0.3100319224402932,0.2899030503665169,0.020128872073776307,0.008542208559943249,0.9615686274509805,0.9858635525507068,0.07744314689612784,0.9627721055673281,0.9482758620689655
48f_t30,45,margin,0.03,0.9427924156188965,0.30148971388034995,0.3146133837786711,0.2841097186096004,0.0305036651690707,0.013123669898321116,0.9423529411764706,0.9858635525507068,0.11124769514443761,0.964216913889424,0.9406665382392603
48f_t30,45,margin,0.05,0.9051762223243713,0.30148971388034995,0.3226826672972334,0.2738531567746512,0.04882951052258217,0.021192953416883424,0.9083333333333333,0.9870928088506453,0.1819299323909035,0.9673473319206318,0.9262666152957041
48f_t30,45,margin,0.075,0.8604552745819092,0.30148971388034995,0.33246630409080163,0.26049302435563965,0.07197327973516197,0.030976590210451644,0.8640196078431374,0.9895513214505224,0.24154886293792255,0.970285108842227,0.9083509921017145
48f_t30,45,margin,0.1,0.8148429989814758,0.30148971388034995,0.34257507685031924,0.2472511231969733,0.09532395365334595,0.04108536296996926,0.8200980392156864,0.9926244622003688,0.31038721573448064,0.9740416104796764,0.8886052783664034
48f_t30,45,margin,0.15,0.7359007000923157,0.30148971388034995,0.3572357531331284,0.2232501773468905,0.13398557578623788,0.055746039252778434,0.7404901960784314,0.9926244622003688,0.3829133374308543,0.9793392409940281,0.8511365825467154
48f_t30,45,margin,0.2,0.6834914088249207,0.30148971388034995,0.365718846062899,0.20764365098131946,0.15807519508157958,0.06422913218254907,0.6887254901960784,0.9926244622003688,0.4468346650276583,0.9820843768060104,0.8228664997110383
48f_t30,45,margin,0.3,0.6232748627662659,0.30148971388034995,0.37562071411681247,0.19023409789548357,0.18538661622132893,0.07413100023646252,0.6309803921568627,0.9938537185003073,0.503380454824831,0.9843960701213639,0.7744172606434213
48f_t30,45,conformal,0.005,0.8055925432756325,0.30148971388034995,0.30148971388034995,0.29950934026956727,0.001980373610782691,0.0,0.9934313725490196,0.9815611555009219,0.09280885064535956,0.9604122519745714,0.9550183009054132
48f_t30,45,conformal,0.01,0.7952645119914092,0.30148971388034995,0.30148971388034995,0.2977358713643887,0.0037538425159612202,0.0,0.9875490196078431,0.9815611555009219,0.14628149969268592,0.9604122519745714,0.9426892698901945
48f_t30,45,conformal,0.02,0.7837370242214533,0.30148971388034995,0.30148971388034995,0.2961397493497281,0.005349964530621897,0.0,0.9822549019607845,0.9815611555009219,0.1874615857406269,0.9604122519745714,0.9344538624542478
48f_t30,45,conformal,0.03,0.7698961937716263,0.30148971388034995,0.30148971388034995,0.2927997162449752,0.008689997635374792,0.0,0.9711764705882354,0.9815611555009219,0.24585125998770743,0.9604122519745714,0.9212097861683683
48f_t30,45,conformal,0.05,0.7536617842876165,0.30148971388034995,0.30148971388034995,0.28931189406479074,0.012177819815559234,0.0,0.959607843137255,0.9815611555009219,0.3245236631837738,0.9604122519745714,0.897996532460027
48f_t30,45,conformal,0.075,0.7263648468708388,0.30148971388034995,0.30148971388034995,0.284168834239773,0.017320879640576967,0.0,0.9425490196078432,0.9815611555009219,0.4253226797787339,0.9604122519745714,0.8603351955307262
48f_t30,45,conformal,0.1,0.7010652463382157,0.30148971388034995,0.30148971388034995,0.2781094821470797,0.023380231733270276,0.0,0.9224509803921569,0.9815611555009219,0.48740012292563,0.9604122519745714,0.8016278173762281
48f_t30,45,conformal,0.15,0.6624770202590317,0.30148971388034995,0.3016079451406952,0.26729132182549065,0.03431662331520454,0.00011823126034523528,0.8865686274509804,0.9815611555009219,0.5826674861708666,0.9604604122519745,0.7372375264881526
48f_t30,45,conformal,0.2,0.6249085086916742,0.30148971388034995,0.30178529203121307,0.24352683849609838,0.05825845353511468,0.0002955781508630882,0.8077450980392158,0.9815611555009219,0.6472034419176398,0.9604604122519745,0.6857060296667309
48f_t30,45,conformal,0.3,0.554702781349006,0.30148971388034995,0.30477063135493027,0.17678529203121304,0.1279853393237172,0.003280917474580279,0.5863725490196078,0.9858635525507068,0.7307928703134604,0.9608456944712002,0.5966095164708148
48f_t30,45,iforest,0.005,0.6959390391790166,0.30148971388034995,0.3016670607708678,0.30116457791440054,0.0005024828564672499,0.00017734689051785292,0.998921568627451,0.9815611555009219,0.0,0.9605085725293778,0.9553072625698324
48f_t30,45,iforest,0.01,0.674132273568018,0.30148971388034995,0.30279025774414753,0.29998226531094824,0.002807992433199338,0.001300543863797588,0.9950000000000001,0.9815611555009219,0.0,0.9605085725293778,0.9512617992679638
48f_t30,45,iforest,0.02,0.6585598859914816,0.30148971388034995,0.3052139985812249,0.2975585244738709,0.007655474107353984,0.0037242847008749115,0.9869607843137255,0.9815611555009219,0.0018438844499078057,0.9607012136389905,0.945964168753612
48f_t30,45,iforest,0.03,0.6447850229289368,0.30148971388034995,0.3073717190825254,0.2956077086781745,0.01176401040435091,0.005882005202175455,0.9804901960784314,0.9815611555009219,0.0036877688998156115,0.960797534193797,0.9409073396262763
48f_t30,45,iforest,0.05,0.6181280459506017,0.30148971388034995,0.31148025537952234,0.28940056751004967,0.02207968786947269,0.00999054149917238,0.9599019607843138,0.9815611555009219,0.007990165949600492,0.9609420150260065,0.9285301483336544
48f_t30,45,iforest,0.075,0.5768445466954458,0.30148971388034995,0.316711988649799,0.2847895483565855,0.031922440293213526,0.015222274769449042,0.944607843137255,0.9815611555009219,0.016594960049170254,0.9625313041803121,0.9039202465806203
48f_t30,45,iforest,0.1,0.5568140744173306,0.30148971388034995,0.3235694017498226,0.279380468195791,0.04418893355403169,0.02207968786947269,0.9266666666666667,0.9815611555009219,0.01843884449907806,0.963494509728376,0.8846561356193412
48f_t30,45,iforest,0.15,0.5251244412346922,0.30148971388034995,0.35360014187751243,0.26424686687160087,0.08935327500591156,0.05211042799716245,0.8764705882352942,0.9834050399508297,0.03626306084818685,0.9686958196879214,0.8351473704488538
48f_t30,45,iforest,0.2,0.5001720304796368,0.30148971388034995,0.37999527074958617,0.24890636084180656,0.1310889099077796,0.07850555686923623,0.8255882352941176,0.9846342962507683,0.07928703134603565,0.9700924677326141,0.7700346753997303
48f_t30,45,iforest,0.3,0.4746687693960721,0.30148971388034995,0.4099964530621896,0.22159493970205724,0.18840151336013242,0.10850673918183967,0.7350000000000001,0.9858635525507068,0.1524277811923786,0.9712964746676941,0.6709208245039492
48f_t30,45,iforest+msp:mean,0.005,0.9527182291666668,0.30148971388034995,0.3019330811066446,0.29986403405060297,0.0020690470560416176,0.0004433672262946323,0.9946078431372549,0.9815611555009219,0.001229256299938537,0.9607493739163938,0.9583413600462338
48f_t30,45,iforest+msp:mean,0.01,0.9147093750000005,0.30148971388034995,0.3029971624497517,0.29746985102861195,0.005527311421139749,0.00150744856940175,0.9866666666666667,0.9827904118008605,0.014136447449293177,0.961279136967829,0.9537179734155269
48f_t30,45,iforest+msp:mean,0.02,0.8798979166666666,0.30148971388034995,0.30423859068337666,0.29480964767084417,0.009428943012532514,0.00274887680302672,0.977843137254902,0.9827904118008605,0.03196066379840197,0.9618089000192641,0.9473608167983048
48f_t30,45,iforest+msp:mean,0.03,0.8543937499999998,0.30148971388034995,0.30539134547174274,0.29194253960747224,0.013448805864270514,0.003901631591392764,0.9683333333333335,0.9827904118008605,0.04363859864781807,0.963012906954344,0.941581583509921
48f_t30,45,iforest+msp:mean,0.05,0.8120833333333333,0.30148971388034995,0.30870182076140934,0.2848191061716718,0.023882714589737526,0.0072121068810593525,0.9447058823529412,0.984019668100799,0.07682851874615858,0.9647466769408591,0.9293970333269119
48f_t30,45,iforest+msp:mean,0.075,0.7736536458333333,0.30148971388034995,0.3126625679829747,0.2749172381177583,0.037745329865216365,0.011172854102624735,0.9118627450980392,0.9846342962507683,0.13275968039336203,0.9667212483143903,0.9100847620882296
48f_t30,45,iforest+msp:mean,0.1,0.7428437500000001,0.30148971388034995,0.3169484511704895,0.26424686687160087,0.052701584298888625,0.015458737290139513,0.8764705882352942,0.9852489244007375,0.17148125384142593,0.9682142169138894,0.8894240030822578
48f_t30,45,iforest+msp:mean,0.15,0.6999114583333333,0.30148971388034995,0.32451525183258456,0.2443248995034287,0.08019035232915583,0.02302553795223457,0.8103921568627451,0.9877074370006146,0.2587584511370621,0.9710075130032749,0.8556154883452128
48f_t30,45,iforest+msp:mean,0.2,0.6643958333333333,0.30148971388034995,0.33155001182312605,0.22209742255852447,0.10945258926460157,0.03006029794277607,0.7366666666666667,0.9889366933005531,0.33312845728334356,0.9728857638219996,0.812560200346754
48f_t30,45,iforest+msp:mean,0.3,0.6158229166666667,0.30148971388034995,0.342841097186096,0.1907661385670371,0.15207495861905887,0.04135138330574604,0.6327450980392156,0.990780577750461,0.4056545789797173,0.9754864188017723,0.7400789828549412
48f_t30,45,iforest+msp:max,0.005,0.997084375,0.30148971388034995,0.30216954362733506,0.2993319933790494,0.0028375502482856467,0.0006798297469851029,0.992843137254902,0.9821757836508912,0.059618930547019056,0.9605085725293778,0.9545848584087845
48f_t30,45,iforest+msp:max,0.01,0.9952083333333334,0.30148971388034995,0.3028198155592339,0.2980905651454244,0.004729250413809411,0.001330101678883897,0.9887254901960784,0.984019668100799,0.07867240319606637,0.9607012136389905,0.9500577923328838
48f_t30,45,iforest+msp:max,0.02,0.9897916666666666,0.30148971388034995,0.30503665169070704,0.2940707022936864,0.010965949397020572,0.0035469378103570584,0.975392156862745,0.9852489244007375,0.1333743085433313,0.9608938547486033,0.9413889424003082
48f_t30,45,iforest+msp:max,0.03,0.9866666666666667,0.30148971388034995,0.307046583116576,0.29058288011350203,0.016463703003074013,0.0055568692362260586,0.9638235294117649,0.9858635525507068,0.1628764597418562,0.961038335580813,0.9340685802350222
48f_t30,45,iforest+msp:max,0.05,0.97771875,0.30148971388034995,0.312307874201939,0.28310475289666587,0.029203121305273114,0.010818160321589028,0.9390196078431372,0.986478180700676,0.22618315918869084,0.9619533808514737,0.9183201695241765
48f_t30,45,iforest+msp:max,0.075,0.9689895833333333,0.30148971388034995,0.31884015133601323,0.27426696618585955,0.0445731851501537,0.017350437455663278,0.9097058823529413,0.9870928088506453,0.2685925015365704,0.9628684261221344,0.900693507994606
48f_t30,45,iforest+msp:max,0.1,0.958125,0.30148971388034995,0.3236580751950816,0.2667297233388508,0.05692835185623079,0.022168361314731613,0.8847058823529412,0.9877074370006146,0.30424093423478793,0.9638797919476016,0.879743787324215
48f_t30,45,iforest+msp:max,0.15,0.9387812499999999,0.30148971388034995,0.3357176637502956,0.2548179238590683,0.08089973989122724,0.034227949869945616,0.8451960784313726,0.9901659496004918,0.34480639213275965,0.9672510113658255,0.8453091889809285
48f_t30,45,iforest+msp:max,0.2,0.91375,0.30148971388034995,0.35117640104043507,0.239566091274533,0.11161030976590211,0.049686687160085126,0.794607843137255,0.9901659496004918,0.38537185003073143,0.9707185513388558,0.8095261028703525
48f_t30,45,iforest+msp:max,0.3,0.8689583333333334,0.30148971388034995,0.38333530385433906,0.2202057223930007,0.16312958146133838,0.08184558997398912,0.7303921568627452,0.9920098340503996,0.4240934234787953,0.9770757079560778,0.7398381814679252
48f_t30,45,iforest+entropy:mean,0.005,0.9165630208333333,0.30148971388034995,0.30181484984629936,0.2997162449751714,0.0020986048711279263,0.000325135965949397,0.9941176470588234,0.9827904118008605,0.009834050399508297,0.960556732806781,0.9575707956077827
48f_t30,45,iforest+entropy:mean,0.01,0.90625,0.30148971388034995,0.3019626389217309,0.29885906833766845,0.003103570584062426,0.0004729250413809411,0.9912745098039215,0.9827904118008605,0.013521819299323909,0.9606048930841842,0.9558851858986708
48f_t30,45,iforest+entropy:mean,0.02,0.8842729166666666,0.30148971388034995,0.3025833530385434,0.2962579806100733,0.006325372428470088,0.0010936391581934264,0.9826470588235294,0.9827904118008605,0.023970497848801474,0.9608938547486033,0.9500577923328838
48f_t30,45,iforest+entropy:mean,0.03,0.8631531249999996,0.30148971388034995,0.30311539371009694,0.2935386616221329,0.009576732087964057,0.0016256798297469852,0.9736274509803922,0.9834050399508297,0.04179471419791026,0.9613754575226353,0.9430745521094202
48f_t30,45,iforest+entropy:mean,0.05,0.8206302083333333,0.30148971388034995,0.30482974698510285,0.2869768266729723,0.017852920312130528,0.0033400331047528965,0.9518627450980391,0.9846342962507683,0.08727719729563614,0.9623386630706993,0.9267482180697361
48f_t30,45,iforest+entropy:mean,0.075,0.7794791666666667,0.30148971388034995,0.30814022227476945,0.2767498226531095,0.031390399621659966,0.006650508394419484,0.9179411764705883,0.9846342962507683,0.13214505224339274,0.9640724330572145,0.9049316124060874
48f_t30,45,iforest+entropy:mean,0.1,0.7465937500000002,0.30148971388034995,0.3120122960510759,0.26625679829746984,0.04575549775360605,0.01052258217072594,0.8831372549019608,0.9852489244007375,0.18623232944068838,0.9662396455403583,0.8821036409169717
48f_t30,45,iforest+entropy:mean,0.15,0.7025,0.30148971388034995,0.31801253251359657,0.24946795932844645,0.06854457318515016,0.01652281863324663,0.8274509803921569,0.986478180700676,0.2901044867854948,0.9691774224619534,0.8455018300905414
48f_t30,45,iforest+entropy:mean,0.2,0.6725,0.30148971388034995,0.3228895720028376,0.2322653109482147,0.09062426105462285,0.021399858122487587,0.7703921568627451,0.9877074370006146,0.36078672403196066,0.9708148718936621,0.8128973222885764
48f_t30,45,iforest+entropy:mean,0.3,0.6275,0.30148971388034995,0.33255497753606056,0.20388980846535823,0.1286651690707023,0.03106526365571057,0.6762745098039216,0.9889366933005531,0.4499078057775046,0.9725968021575804,0.7347813523405895
48f_t30,45,iforest+entropy:max,0.005,0.9977083333333333,0.30148971388034995,0.3016375029557815,0.30104634665405533,0.0005911563017261764,0.0001477890754315441,0.9985294117647059,0.9815611555009219,0.034419176398279044,0.9604122519745714,0.9572818339433635
48f_t30,45,iforest+entropy:max,0.01,0.9958333333333333,0.30148971388034995,0.3020217545519035,0.2999231496807756,0.0020986048711279263,0.0005320406715535588,0.9948039215686275,0.984019668100799,0.08912108174554395,0.9606048930841842,0.9492390676170295
48f_t30,45,iforest+entropy:max,0.02,0.991875,0.30148971388034995,0.3032336249704422,0.2976471979191298,0.005586427051312367,0.0017439110900922205,0.9872549019607842,0.9852489244007375,0.13829133374308544,0.9608456944712002,0.9399922943556155
48f_t30,45,iforest+entropy:max,0.03,0.9895958333333332,0.30148971388034995,0.3036178765665642,0.29702648380231733,0.006591392764246867,0.002128162686214235,0.9851960784313726,0.9852489244007375,0.14628149969268592,0.9608456944712002,0.9366210749373917
48f_t30,45,iforest+entropy:max,0.05,0.9814583333333333,0.30148971388034995,0.307046583116576,0.2927997162449752,0.014246866871600851,0.0055568692362260586,0.9711764705882354,0.9852489244007375,0.17516902274124155,0.9610864958582161,0.9259294933538817
48f_t30,45,iforest+entropy:max,0.075,0.9729166666666667,0.30148971388034995,0.31148025537952234,0.28934145187987703,0.022138803499645306,0.00999054149917238,0.9597058823529412,0.9858635525507068,0.1880762138905962,0.9613754575226353,0.9108071662492776
48f_t30,45,iforest+entropy:max,0.1,0.9646041666666667,0.30148971388034995,0.31275124142823363,0.28425750768503194,0.028493733743201702,0.01126152754788366,0.9428431372549021,0.9858635525507068,0.20651505838967424,0.9614236178000385,0.8958293199768831
48f_t30,45,iforest+entropy:max,0.15,0.9423229166666666,0.30148971388034995,0.31854457318515017,0.2781981555923386,0.04034641759281154,0.01705485930480019,0.9227450980392158,0.9858635525507068,0.26306084818684694,0.9633981891735697,0.860768638027355
48f_t30,45,iforest+entropy:max,0.2,0.914375,0.30148971388034995,0.32888980846535826,0.2697446204776543,0.05914518798770395,0.027400094585008278,0.8947058823529412,0.9870928088506453,0.30854333128457284,0.9646503563860528,0.8206029666730881
48f_t30,45,iforest+entropy:max,0.3,0.8698541666666667,0.30148971388034995,0.35933435800425634,0.24556632773705367,0.11376803026720265,0.05784464412390636,0.8145098039215687,0.9895513214505224,0.4425322679778734,0.9706703910614525,0.7303506068194953
48f_t30,45,iforest+margin:mean,0.005,0.9500041666666668,0.30148971388034995,0.3021991014424214,0.29953889808465356,0.002660203357767794,0.0007093875620714117,0.9935294117647059,0.9815611555009219,0.001229256299938537,0.9607493739163938,0.9578115969947987
48f_t30,45,iforest+margin:mean,0.01,0.922396875,0.30148971388034995,0.3036474343816505,0.29714471506266255,0.006502719318987941,0.0021577205013005437,0.9855882352941177,0.9821757836508912,0.006146281499692686,0.9617125794644578,0.9543922172991717
48f_t30,45,iforest+margin:mean,0.02,0.8900124999999997,0.30148971388034995,0.3057755970678647,0.2936273350673918,0.012148262000472925,0.004285883187514779,0.9739215686274509,0.9827904118008605,0.017209588199139522,0.9633981891735697,0.94668657291466
48f_t30,45,iforest+margin:mean,0.03,0.8626041666666666,0.30148971388034995,0.30775597067864746,0.2904942066682431,0.01726176401040435,0.00626625679829747,0.963529411764706,0.9827904118008605,0.0313460356484327,0.9644095549990368,0.9409073396262763
48f_t30,45,iforest+margin:mean,0.05,0.80825,0.30148971388034995,0.31044573185150154,0.28269094348545754,0.027754788366043982,0.008956017971151572,0.9376470588235294,0.9834050399508297,0.0725261216963737,0.9655654016567136,0.9276151030629937
48f_t30,45,iforest+margin:mean,0.075,0.766875,0.30148971388034995,0.3154114447860014,0.27154764719791913,0.04386379758808229,0.013921730905651455,0.900686274509804,0.9846342962507683,0.12046711739397664,0.9676362935850511,0.9102292429204393
48f_t30,45,iforest+margin:mean,0.1,0.7327708333333335,0.30148971388034995,0.3211456609127453,0.25774414755261293,0.06340151336013242,0.019655947032395364,0.8549019607843138,0.9870928088506453,0.16164720344191763,0.9696108649585822,0.8920246580620305
48f_t30,45,iforest+margin:mean,0.15,0.6930520833333333,0.30148971388034995,0.32995388980846535,0.23442303144951526,0.0955308583589501,0.028464175928115395,0.7775490196078432,0.9877074370006146,0.2427781192378611,0.9723560007705644,0.8559526102870353
48f_t30,45,iforest+margin:mean,0.2,0.6619791666666667,0.30148971388034995,0.33763892173090565,0.213821234334358,0.12381768739654765,0.036149207850555684,0.7092156862745098,0.9895513214505224,0.3048555623847572,0.9744750529763051,0.8206511269504912
48f_t30,45,iforest+margin:mean,0.3,0.6107916666666666,0.30148971388034995,0.35167888389690233,0.17947505320406715,0.17220383069283518,0.050189170016552376,0.5952941176470589,0.9920098340503996,0.38537185003073143,0.9781352340589482,0.7434983625505683
48f_t30,45,iforest+margin:max,0.005,0.9966666666666667,0.30148971388034995,0.3029380468195791,0.29930243556396313,0.003635611255615985,0.0014483329392291323,0.9927450980392158,0.9821757836508912,0.01843884449907806,0.9609420150260065,0.9560296667308804
48f_t30,45,iforest+margin:max,0.01,0.9954166666666666,0.30148971388034995,0.3039725703475999,0.29838614329628754,0.005586427051312367,0.002482856467249941,0.9897058823529412,0.9827904118008605,0.022126613398893668,0.961038335580813,0.9529474089770757
48f_t30,45,iforest+margin:max,0.02,0.99,0.30148971388034995,0.30734216126743913,0.2944253960747222,0.012916765192716954,0.0058524473870891465,0.9765686274509805,0.984019668100799,0.03933620159803319,0.9616162589096513,0.9461568098632248
48f_t30,45,iforest+margin:max,0.03,0.9870833333333333,0.30148971388034995,0.31077086781745095,0.29070111137384724,0.02006975644360369,0.00928115393710097,0.9642156862745098,0.9846342962507683,0.05531653349723417,0.9623386630706993,0.9402812560200347
48f_t30,45,iforest+margin:max,0.05,0.9791979166666668,0.30148971388034995,0.3167711042799716,0.28254315441002603,0.034227949869945616,0.01528139039962166,0.9371568627450981,0.9858635525507068,0.09219422249539029,0.9636389905605857,0.9280003852822192
48f_t30,45,iforest+margin:max,0.075,0.9704322916666667,0.30148971388034995,0.3247221565381887,0.2742374083707732,0.050484748167415466,0.023232442657838734,0.9096078431372548,0.9858635525507068,0.12169637369391519,0.9649874783278751,0.9122038142939703
48f_t30,45,iforest+margin:max,0.1,0.9597916666666667,0.30148971388034995,0.3313726649326082,0.2640399621659967,0.06733270276661149,0.029882951052258216,0.8757843137254901,0.986478180700676,0.16779348494161034,0.9672028510884223,0.8938065883259487
48f_t30,45,iforest+margin:max,0.15,0.9364583333333333,0.30148971388034995,0.346860960037834,0.2466599668952471,0.1002009931425869,0.04537124615748404,0.8181372549019609,0.9895513214505224,0.2427781192378611,0.9715854363321133,0.8543633211327297
48f_t30,45,iforest+margin:max,0.2,0.9104166666666667,0.30148971388034995,0.36746275715299126,0.2265310948214708,0.14093166233152046,0.06597304327264128,0.7513725490196079,0.9926244622003688,0.31837738168408114,0.9763533037950298,0.8114525139664804
48f_t30,45,iforest+margin:max,0.3,0.8594375000000001,0.30148971388034995,0.4125679829746985,0.18846062899030502,0.22410735398439346,0.11107826909434855,0.6250980392156863,0.9932390903503381,0.4173325138291334,0.9852629551146215,0.7240416104796764
48f_t30,45,iforest+conformal:mean,0.005,0.9551098958333334,0.30148971388034995,0.30148971388034995,0.30021872783163867,0.0012709860487112794,0.0,0.9957843137254901,0.9815611555009219,0.0036877688998156115,0.9604122519745714,0.9558370256212676
48f_t30,45,iforest+conformal:mean,0.01,0.9316781250000002,0.30148971388034995,0.30148971388034995,0.2988886261527548,0.002601087727595176,0.0,0.9913725490196079,0.9815611555009219,0.011677934849416103,0.9604122519745714,0.9494317087266423
48f_t30,45,iforest+conformal:mean,0.02,0.8965625,0.30148971388034995,0.30148971388034995,0.2956668243083471,0.005822889572002838,0.0,0.980686274509804,0.9815611555009219,0.03380454824830977,0.9604122519745714,0.9375361202080524
48f_t30,45,iforest+conformal:mean,0.03,0.8730208333333334,0.30148971388034995,0.30148971388034995,0.29262236935445735,0.008867344525892646,0.0,0.9705882352941178,0.9815611555009219,0.04671173939766441,0.9604122519745714,0.9280485455596225
48f_t30,45,iforest+conformal:mean,0.05,0.8248958333333334,0.30148971388034995,0.30178529203121307,0.282927406006148,0.018857886025065027,0.0002955781508630882,0.9384313725490196,0.9821757836508912,0.0940381069452981,0.960556732806781,0.9049797726834906
48f_t30,45,iforest+conformal:mean,0.075,0.7799427083333332,0.30148971388034995,0.3023173327027666,0.27290730669188934,0.029410026010877277,0.000827618822416647,0.9051960784313726,0.9827904118008605,0.14259373079287033,0.9609420150260065,0.8776728953958775
48f_t30,45,iforest+conformal:mean,0.1,0.7419791666666666,0.30148971388034995,0.30423859068337666,0.26191179947978244,0.04232679120359423,0.00274887680302672,0.8687254901960784,0.9827904118008605,0.1874615857406269,0.9617125794644578,0.8471392795222501
48f_t30,45,iforest+conformal:mean,0.15,0.6912499999999999,0.30148971388034995,0.30882005202175455,0.24116221328919366,0.06765783873256088,0.007330338141404587,0.7999019607843137,0.984019668100799,0.2876459741856177,0.9648429974956656,0.7942111346561356
48f_t30,45,iforest+conformal:mean,0.2,0.6544791666666666,0.30148971388034995,0.3143769212579806,0.223870891463703,0.0905060297942776,0.012887207377630645,0.7425490196078431,0.9846342962507683,0.3632452366318377,0.9678289346946638,0.7359371989982663
48f_t30,45,iforest+conformal:mean,0.3,0.5934375000000001,0.30148971388034995,0.3277961693071648,0.1879581461338378,0.13983802317332703,0.02630645542681485,0.6234313725490197,0.9858635525507068,0.45421020282728947,0.9717299171643229,0.6242535157002504
48f_t30,45,iforest+conformal:max,0.005,0.99625,0.30148971388034995,0.30148971388034995,0.3003074012768976,0.0011823126034523528,0.0,0.996078431372549,0.9815611555009219,0.06637984019668101,0.9604122519745714,0.955210942015026
48f_t30,45,iforest+conformal:max,0.01,0.9952083333333334,0.30148971388034995,0.3016670607708678,0.2992137621187042,0.002453298652163632,0.00017734689051785292,0.992450980392157,0.9815611555009219,0.09219422249539029,0.9605085725293778,0.9499133115006743
48f_t30,45,iforest+conformal:max,0.02,0.9902083333333334,0.30148971388034995,0.3026720264838023,0.2961397493497281,0.0065322771340742495,0.0011823126034523528,0.9822549019607845,0.9815611555009219,0.14935464044253227,0.9605085725293778,0.9332498555191678
48f_t30,45,iforest+conformal:max,0.03,0.9870833333333333,0.30148971388034995,0.3039725703475999,0.2939820288484275,0.00999054149917238,0.002482856467249941,0.9750980392156863,0.9815611555009219,0.17947141979102643,0.9606048930841842,0.9262184550183009
48f_t30,45,iforest+conformal:max,0.05,0.97959375,0.30148971388034995,0.30698746748640343,0.2898439347363443,0.017143532750059115,0.00549775360605344,0.9613725490196079,0.9815611555009219,0.21204671173939765,0.9607493739163938,0.9125890965131959
48f_t30,45,iforest+conformal:max,0.075,0.969375,0.30148971388034995,0.3112733506739182,0.2825135965949397,0.028759754078978482,0.00978363679356822,0.9370588235294117,0.9815611555009219,0.2501536570374923,0.9609420150260065,0.8929878636100944
48f_t30,45,iforest+conformal:max,0.1,0.9579166666666666,0.30148971388034995,0.31387443840151336,0.2764838023173327,0.03739063608418066,0.012384724521163395,0.9170588235294118,0.9815611555009219,0.31960663798401967,0.9616162589096513,0.865151223271046
48f_t30,45,iforest+conformal:max,0.15,0.935,0.30148971388034995,0.3189879404114448,0.26829628753842516,0.050691652873019626,0.017498226531094823,0.8899019607843137,0.9815611555009219,0.4007375537799631,0.9628684261221344,0.8178096705837026
48f_t30,45,iforest+conformal:max,0.2,0.9060416666666666,0.30148971388034995,0.33075195081579567,0.25511350200993144,0.07563844880586428,0.029262236935445732,0.8461764705882354,0.9815611555009219,0.48740012292563,0.9642650741668272,0.732710460412252
48f_t30,45,iforest+conformal:max,0.3,0.85375,0.30148971388034995,0.3626448332939229,0.22907306691889334,0.13357176637502957,0.06115511941357295,0.7598039215686274,0.9846342962507683,0.6213890596189305,0.9691774224619534,0.6130321710653054
48f_t30,46,msp,0.005,0.6118301749229431,0.2956077086781745,0.29673090565145427,0.29161740364152283,0.005113502009931426,0.0011231969732797352,0.9865013498650136,0.9827904118008605,0.0940381069452981,0.9641687536120208,0.9529955692544789
48f_t30,46,msp,0.01,0.5635039210319519,0.2956077086781745,0.2997162449751714,0.28679947978245446,0.012916765192716954,0.004108536296996926,0.9702029797020298,0.984019668100799,0.1954517516902274,0.9651319591600848,0.943267193219033
48f_t30,46,msp,0.02,0.5290771126747131,0.2956077086781745,0.30344052967604634,0.28047410735398437,0.022966422322061954,0.007832820997871838,0.9488051194880512,0.9846342962507683,0.281499692685925,0.9659988441533424,0.9324311308033134
48f_t30,46,msp,0.03,0.5113641023635864,0.2956077086781745,0.3064849846299362,0.27666114920785057,0.0298238354220856,0.010877275951761646,0.9359064093590642,0.9852489244007375,0.3257529194837124,0.9663841263725679,0.9169716817568869
48f_t30,46,msp,0.05,0.49538445472717285,0.2956077086781745,0.31183494916055804,0.2704540080397257,0.04138094112083235,0.016227240482383543,0.9149085091490852,0.9858635525507068,0.35709895513214507,0.9677807744172606,0.8993931805047197
48f_t30,46,msp,0.075,0.4840959906578064,0.2956077086781745,0.316327737053677,0.2650744856940175,0.051253251359659496,0.02072002837550248,0.8967103289671033,0.986478180700676,0.37738168408113093,0.9692255827393566,0.8811885956463109
48f_t30,46,msp,0.1,0.48090410232543945,0.2956077086781745,0.31753960747221566,0.26321234334358007,0.05432726412863561,0.021931898794041144,0.8904109589041097,0.9870928088506453,0.3829133374308543,0.9697553457907917,0.8706896551724138
48f_t30,46,msp,0.15,0.4567152261734009,0.2956077086781745,0.32797351619768267,0.25109363915819344,0.07687987703948924,0.032365807519508155,0.8494150584941507,0.9889366933005531,0.4382298709280885,0.9736563282604508,0.8352918512810634
48f_t30,46,msp,0.2,0.4087424874305725,0.2956077086781745,0.34798415701111374,0.22570347599905416,0.12228068101205959,0.05237644833293923,0.7635236476352366,0.9920098340503996,0.5267363245236631,0.9799171643228665,0.7703236370641495
48f_t30,46,msp,0.3,0.25381237268447876,0.2956077086781745,0.3933554031685978,0.13815322771340743,0.25520217545519036,0.09774769449042327,0.4673532646735327,0.9975414874001229,0.7584511370620775,0.9937873242149875,0.6438065883259487
48f_t30,46,entropy,0.005,0.7961842414763494,0.2956077086781745,0.2961397493497281,0.29439583825963583,0.0017439110900922205,0.0005320406715535588,0.9959004099590041,0.9809465273509527,0.07375537799631224,0.963494509728376,0.9578597572722019
48f_t30,46,entropy,0.01,0.7837508132151563,0.2956077086781745,0.296228422794987,0.29401158666351385,0.0022168361314731616,0.0006207141168124852,0.9946005399460055,0.9815611555009219,0.09711124769514444,0.963735311115392,0.955451743402042
48f_t30,46,entropy,0.02,0.7653793399850809,0.2956077086781745,0.2963762118704185,0.2932430834712698,0.003133128399148735,0.0007685031922440293,0.9920007999200081,0.9821757836508912,0.1290719114935464,0.9638316316701985,0.9445193604315161
48f_t30,46,entropy,0.03,0.7597303098994473,0.2956077086781745,0.29643532750059115,0.29297706313549304,0.003458264365098132,0.000827618822416647,0.9911008899110091,0.9821757836508912,0.1432083589428396,0.9638797919476016,0.9398959738008091
48f_t30,46,entropy,0.05,0.7518198581099413,0.2956077086781745,0.29655355876093636,0.2925632537242847,0.003990305036651691,0.0009458500827618822,0.9897010298970104,0.9827904118008605,0.16717885679164105,0.963976112502408,0.9305528799845887
48f_t30,46,entropy,0.075,0.7446465805622391,0.2956077086781745,0.29667179002128163,0.29217900212816267,0.004492787893118941,0.0010640813431071175,0.9884011598840117,0.9827904118008605,0.1874615857406269,0.9640724330572145,0.9159121556540165
48f_t30,46,entropy,0.1,0.7284855389332462,0.2956077086781745,0.2969673681721447,0.29105580515488294,0.005911563017261764,0.0013596594939702057,0.9846015398460154,0.9834050399508297,0.23355869698832207,0.9643613947216336,0.9024272779811212
48f_t30,46,entropy,0.15,0.6246673011540996,0.2956077086781745,0.30320406715535586,0.27748876803026723,0.025715299125088673,0.007596358477181367,0.9387061293870614,0.9870928088506453,0.4634296250768285,0.9659506838759391,0.8255153149682142
48f_t30,46,entropy,0.2,0.4590185472308865,0.2956077086781745,0.33462402459210216,0.2318810593520927,0.10274296524000946,0.039016315913927645,0.7844215578442156,0.9920098340503996,0.7215734480639213,0.9717299171643229,0.7482180697360816
48f_t30,46,entropy,0.3,0.36385516418173003,0.2956077086781745,0.38847836367935684,0.14075431544100261,0.24772404823835423,0.09287065500118231,0.47615238476152394,0.9981561155500922,0.8223724646588814,0.9899345020227317,0.6356675014448083
48f_t30,46,margin,0.005,0.9830222129821777,0.2956077086781745,0.2992728777488768,0.2902873019626389,0.008985575786237881,0.0036651690707022937,0.982001799820018,0.9821757836508912,0.03196066379840197,0.9647466769408591,0.95497014062801
48f_t30,46,margin,0.01,0.9667539596557617,0.2956077086781745,0.30287893118940645,0.2855284937337432,0.017350437455663278,0.00727122251123197,0.9659034096590342,0.9834050399508297,0.05716041794714198,0.9663841263725679,0.9487093045655943
48f_t30,46,margin,0.02,0.9346351027488708,0.2956077086781745,0.31053440529676046,0.2757152991250887,0.03481910617167179,0.014926696618585955,0.9327067293270674,0.9858635525507068,0.11309157959434542,0.9692737430167597,0.9377287613176651
48f_t30,46,margin,0.03,0.9013217091560364,0.2956077086781745,0.3176282809174746,0.26622724048238355,0.051401040435091035,0.02202057223930007,0.9006099390060995,0.9858635525507068,0.1684081130915796,0.9716817568869197,0.9249181275284145
48f_t30,46,margin,0.05,0.8398661613464355,0.2956077086781745,0.33222984157011115,0.24858122487585718,0.08364861669425395,0.03662213289193663,0.8409159084091592,0.9883220651505839,0.2636754763368162,0.976160662685417,0.9007416682720093
48f_t30,46,margin,0.075,0.7597215175628662,0.2956077086781745,0.3498462993615512,0.22437337432017027,0.12547292504138094,0.054238590683376685,0.759024097590241,0.9895513214505224,0.395820528580209,0.98102485070314,0.8691485262955114
48f_t30,46,margin,0.1,0.707650899887085,0.2956077086781745,0.35945258926460155,0.21092456845589974,0.1485280208087018,0.06384488058642705,0.7135286471352865,0.990780577750461,0.4634296250768285,0.9834328645732999,0.8352918512810634
48f_t30,46,margin,0.15,0.657462477684021,0.2956077086781745,0.3679947978245448,0.1976531094821471,0.17034168834239774,0.0723870891463703,0.6686331366863315,0.9932390903503381,0.5187461585740627,0.9862261606626854,0.7999903679445194
48f_t30,46,margin,0.2,0.6339225769042969,0.2956077086781745,0.3717781981555923,0.19088436982738236,0.18089382832820997,0.07617048947741784,0.6457354264573543,0.9938537185003073,0.5402581438229871,0.9875264881525717,0.7689269890194568
48f_t30,46,margin,0.3,0.46967431902885437,0.2956077086781745,0.39368053913454715,0.1380645542681485,0.2556159848663987,0.09807283045637266,0.467053294670533,0.9969268592501537,0.7062077443146896,0.9942689269890195,0.6453477172028511
48f_t30,46,conformal,0.005,0.996875,0.2956077086781745,0.2956077086781745,0.2956077086781745,0.0,0.0,1.0,0.9803318992009834,0.0,0.9631573877865537,0.9631573877865537
48f_t30,46,conformal,0.01,0.996875,0.2956077086781745,0.2956077086781745,0.2956077086781745,0.0,0.0,1.0,0.9803318992009834,0.0,0.9631573877865537,0.9631573877865537
48f_t30,46,conformal,0.02,0.996875,0.2956077086781745,0.2956077086781745,0.2956077086781745,0.0,0.0,1.0,0.9803318992009834,0.0,0.9631573877865537,0.9631573877865537
48f_t30,46,conformal,0.03,0.8710297320455663,0.2956077086781745,0.29735161976826674,0.2945436273350674,0.002807992433199338,0.0017439110900922205,0.9964003599640037,0.9827904118008605,0.020282728948985862,0.9641687536120208,0.8155942978231555
48f_t30,46,conformal,0.05,0.840499306518724,0.2956077086781745,0.35212225112319695,0.29081934263419246,0.06130290848900449,0.056514542445022464,0.9838016198380162,0.9926244622003688,0.08481868469575907,0.9822770179156232,0.8078404931612406
48f_t30,46,conformal,0.075,0.8100154994784998,0.2956077086781745,0.4183908725467013,0.27657247576259164,0.1418183967841097,0.12278316386852683,0.9356064393560645,0.9993853718500307,0.21204671173939765,0.9984107108456944,0.7896359083028318
48f_t30,46,conformal,0.1,0.7785642062689585,0.2956077086781745,0.45323953653345944,0.24961574840387799,0.20362378812958146,0.15763182785528493,0.8444155584441556,1.0,0.3614013521819299,0.9993257561163552,0.7503371219418223
48f_t30,46,conformal,0.15,0.7485692483784815,0.2956077086781745,0.4901276897611729,0.22224521163395602,0.2678824781272168,0.19451998108299834,0.7518248175182483,1.0,0.49170251997541486,0.9999036794451936,0.701550760932383
48f_t30,46,conformal,0.2,0.7142312094620373,0.2956077086781745,0.5326909434854575,0.19989950342870655,0.332791440056751,0.23708323480728305,0.6762323767623238,1.0,0.5691456668715427,1.0,0.6646599884415334
48f_t30,46,conformal,0.3,0.6390690576115986,0.2956077086781745,0.5814317805627808,0.1584594466777016,0.4229723338850792,0.2858240718846063,0.5360463953604641,1.0,0.7012907191149355,1.0,0.5711808900019264
48f_t30,46,iforest,0.005,0.6700971231254528,0.2956077086781745,0.2976471979191298,0.2951052258217073,0.0025419720974225587,0.0020394892409553085,0.9983001699830019,0.9803318992009834,0.0,0.9633018686187632,0.9532845309188981
48f_t30,46,iforest,0.01,0.6553814234307526,0.2956077086781745,0.30069165287301963,0.2936273350673918,0.007064317805627808,0.0050839441948451174,0.9933006699330067,0.9803318992009834,0.0036877688998156115,0.9633018686187632,0.9495280292814486
48f_t30,46,iforest,0.02,0.6216844955379638,0.2956077086781745,0.30642586899976354,0.29176519271695434,0.014660676282809175,0.010818160321589028,0.987001299870013,0.9803318992009834,0.0043023970497848806,0.963735311115392,0.9392217299171643
48f_t30,46,iforest,0.03,0.6015048636541656,0.2956077086781745,0.30713525656183494,0.2875679829746985,0.01956727358713644,0.011527547883660439,0.9728027197280272,0.9803318992009834,0.009834050399508297,0.9638316316701985,0.9297341552687344
48f_t30,46,iforest,0.05,0.5674518407758111,0.2956077086781745,0.3156774651217782,0.2827205013005439,0.032956963821234336,0.02006975644360369,0.9564043595640437,0.9803318992009834,0.017209588199139522,0.9646021961086496,0.9083509921017145
48f_t30,46,iforest,0.075,0.52677336106183,0.2956077086781745,0.329540080397257,0.2731142113974935,0.05642586899976354,0.033932371719082526,0.9239076092390761,0.9803318992009834,0.022126613398893668,0.9659988441533424,0.8677518782508187
48f_t30,46,iforest,0.1,0.5011800415259923,0.2956077086781745,0.34692007566800664,0.2597245211633956,0.08719555450461101,0.05131236698983211,0.8786121387861215,0.9815611555009219,0.03933620159803319,0.9687439799653246,0.8223848969370063
48f_t30,46,iforest,0.15,0.4752122045469133,0.2956077086781745,0.3726944904232679,0.24624615748403877,0.12644833293922914,0.0770867817450934,0.833016698330167,0.9821757836508912,0.06637984019668101,0.9706222307840493,0.7492294355615489
48f_t30,46,iforest,0.2,0.45281859610410496,0.2956077086781745,0.4034346181130291,0.23350673918183967,0.1699278789311894,0.10782690943485458,0.7899210078992102,0.9852489244007375,0.11124769514443761,0.9712483143902909,0.676989019456752
48f_t30,46,iforest,0.3,0.4296478718006991,0.2956077086781745,0.46136793568219436,0.2000177346890518,0.2613502009931426,0.16576022700401985,0.6766323367663234,0.9870928088506453,0.23417332513829134,0.9730784049316124,0.545511462146022
48f_t30,46,iforest+msp:mean,0.005,0.9508080000000001,0.2956077086781745,0.29619886497990067,0.2935091038070466,0.0026897611728541027,0.0005911563017261764,0.9929007099290073,0.9809465273509527,0.0043023970497848806,0.9633981891735697,0.9586303217106531
48f_t30,46,iforest+msp:mean,0.01,0.928201,0.2956077086781745,0.29767675573421615,0.29114447860014186,0.0065322771340742495,0.0020690470560416176,0.9849015098490151,0.9809465273509527,0.022126613398893668,0.9641205933346176,0.9526102870352533
48f_t30,46,iforest+msp:mean,0.02,0.9079179999999996,0.2956077086781745,0.30010049657129345,0.2870950579333176,0.013005438637975882,0.004492787893118941,0.9712028797120289,0.9821757836508912,0.04240934234787953,0.9652282797148911,0.9433153534964361
48f_t30,46,iforest+msp:mean,0.03,0.8852359999999997,0.2956077086781745,0.303026720264838,0.28068101205958856,0.02234570820524947,0.0074190115866635134,0.9495050494950505,0.9827904118008605,0.06515058389674247,0.9668657291465999,0.9316605663648623
48f_t30,46,iforest+msp:mean,0.05,0.8613999999999999,0.2956077086781745,0.30683967841097187,0.2727299598013715,0.03410971860960038,0.011231969732797352,0.9226077392260775,0.9827904118008605,0.0940381069452981,0.9683586977460991,0.9082546715469081
48f_t30,46,iforest+msp:mean,0.075,0.8442899999999999,0.2956077086781745,0.30870182076140934,0.2657543154410026,0.04294750532040672,0.013094112083234808,0.899010098990101,0.9827904118008605,0.13214505224339274,0.9697553457907917,0.8886534386438066
48f_t30,46,iforest+msp:mean,0.1,0.8171999999999999,0.2956077086781745,0.31260345235280207,0.25047292504138097,0.06213052731142114,0.016995743674627573,0.8473152684731529,0.9852489244007375,0.2052858020897357,0.9711519938354845,0.8542188403005201
48f_t30,46,iforest+msp:mean,0.15,0.783915,0.2956077086781745,0.31910617167179,0.2268857886025065,0.09222038306928351,0.02349846299361551,0.7675232476752325,0.986478180700676,0.34480639213275965,0.9730784049316124,0.7945000963205548
48f_t30,46,iforest+msp:mean,0.2,0.762,0.2956077086781745,0.32424923149680773,0.20935800425632536,0.11489122724048238,0.028641522818633247,0.7082291770822918,0.9870928088506453,0.4130301167793485,0.9743787324214987,0.7399345020227317
48f_t30,46,iforest+msp:mean,0.3,0.71099,0.2956077086781745,0.34762946323007804,0.16578978481910617,0.18183967841097187,0.052021754551903526,0.5608439156084392,0.9932390903503381,0.5365703749231715,0.9795800423810441,0.5979580042381044
48f_t30,46,iforest+msp:max,0.005,0.9966010000000001,0.2956077086781745,0.29664223220619534,0.2935386616221329,0.003103570584062426,0.0010345235280208088,0.9930006999300071,0.9815611555009219,0.04978488014751076,0.9639279522250048,0.9521286842612213
48f_t30,46,iforest+msp:max,0.01,0.994202,0.2956077086781745,0.2983270276661149,0.2908784582643651,0.007448569401749823,0.0027193189879404114,0.984001599840016,0.9827904118008605,0.09711124769514444,0.9644095549990368,0.9437969562704681
48f_t30,46,iforest+msp:max,0.02,0.9888039999999999,0.2956077086781745,0.3045341688342398,0.2859127453298652,0.018621423504374558,0.008926460156065264,0.9672032796720329,0.9834050399508297,0.1800860479409957,0.9651801194374879,0.9311789635908303
48f_t30,46,iforest+msp:max,0.03,0.9854,0.2956077086781745,0.3090860723575313,0.2818928824781272,0.027193189879404115,0.013478363679356823,0.9536046395360465,0.9846342962507683,0.23540258143822987,0.9658062030437295,0.9236659603159314
48f_t30,46,iforest+msp:max,0.05,0.974,0.2956077086781745,0.3172735871364389,0.27255261291085364,0.04472097422558524,0.021665878458264363,0.9220077992200781,0.9852489244007375,0.32944068838352797,0.9668175688691967,0.8952032363706415
48f_t30,46,iforest+msp:max,0.075,0.966,0.2956077086781745,0.3204067155355876,0.2650744856940175,0.05533222984157011,0.0247990068574131,0.8967103289671033,0.9852489244007375,0.35279655808236016,0.9674436524754383,0.8747832787516856
48f_t30,46,iforest+msp:max,0.1,0.953,0.2956077086781745,0.3298652163632064,0.2556751004965713,0.07419011586663514,0.03425750768503192,0.8649135086491351,0.9858635525507068,0.38721573448063923,0.9696590252359854,0.8480543247929108
48f_t30,46,iforest+msp:max,0.15,0.9388,0.2956077086781745,0.34094939702057225,0.25041380941120833,0.09053558760936392,0.04534168834239773,0.847115288471153,0.9870928088506453,0.39827904118008606,0.9715372760547101,0.8121749181275284
48f_t30,46,iforest+msp:max,0.2,0.922,0.2956077086781745,0.35504847481674157,0.23796996925987232,0.11707850555686923,0.05944076613856704,0.8050194980501951,0.9877074370006146,0.4253226797787339,0.9745713735311116,0.7605471007513003
48f_t30,46,iforest+msp:max,0.3,0.8742599999999999,0.2956077086781745,0.40470560416174034,0.19310120595885552,0.21160439820288485,0.10909789548356585,0.6532346765323468,0.9926244622003688,0.5507068223724647,0.9843960701213639,0.6141398574455789
48f_t30,46,iforest+entropy:mean,0.005,0.9431015,0.2956077086781745,0.29596240245921024,0.2936273350673918,0.002335067391818397,0.00035469378103570584,0.9933006699330067,0.9809465273509527,0.006760909649661954,0.9633500288961664,0.9590156039298786
48f_t30,46,iforest+entropy:mean,0.01,0.9289090000000002,0.2956077086781745,0.2967013478363679,0.29206077086781745,0.004640576968550485,0.0010936391581934264,0.9880011998800121,0.9809465273509527,0.015365703749231715,0.963735311115392,0.9536698131381237
48f_t30,46,iforest+entropy:mean,0.02,0.9122259999999994,0.2956077086781745,0.29812012296051077,0.2891345471742729,0.008985575786237881,0.0025124142823362496,0.978102189781022,0.9809465273509527,0.03626306084818685,0.9641687536120208,0.9435561548834521
48f_t30,46,iforest+entropy:mean,0.03,0.8896029999999999,0.2956077086781745,0.3000118231260345,0.28402104516434146,0.01599077796169307,0.0044041144478600145,0.9608039196080392,0.9821757836508912,0.06576521204671174,0.9649874783278751,0.9296859949913312
48f_t30,46,iforest+entropy:mean,0.05,0.8769,0.2956077086781745,0.30104634665405533,0.27955781508630884,0.02148853156774651,0.005438637975880823,0.9457054294570544,0.9834050399508297,0.08174554394591273,0.9655172413793104,0.9169716817568869
48f_t30,46,iforest+entropy:mean,0.075,0.849945,0.2956077086781745,0.3055686923622606,0.26826672972333887,0.03730196263892173,0.009960983684086072,0.9075092490750927,0.9846342962507683,0.12784265519360788,0.9674918127528415,0.8838374109034868
48f_t30,46,iforest+entropy:mean,0.1,0.8279,0.2956077086781745,0.30929297706313547,0.25662095057933315,0.052672026483802314,0.013685268384960984,0.8681131886811319,0.9846342962507683,0.19422249539028888,0.9691292621845502,0.8592756694278559
48f_t30,46,iforest+entropy:mean,0.15,0.7947,0.2956077086781745,0.3149680775597068,0.23705367699219673,0.07791440056751005,0.019360368881532277,0.8019198080191982,0.9858635525507068,0.35279655808236016,0.9716335966095164,0.8030244654209209
48f_t30,46,iforest+entropy:mean,0.2,0.7714000000000001,0.2956077086781745,0.31987467486403404,0.21949633483092928,0.10037834003310475,0.02426696618585954,0.7425257474252575,0.9870928088506453,0.44437615242778117,0.9728376035445964,0.75
48f_t30,46,iforest+entropy:mean,0.3,0.706,0.2956077086781745,0.34340269567273585,0.1668538661622133,0.1765488295105226,0.04779498699456136,0.5644435556444356,0.9926244622003688,0.5586969883220652,0.9781352340589482,0.5901560392987864
48f_t30,46,iforest+entropy:max,0.005,0.9974,0.2956077086781745,0.2962579806100733,0.29436628044454954,0.0018917001655237645,0.000650271931898794,0.9958004199580043,0.9809465273509527,0.05162876459741856,0.963494509728376,0.9548738200732036
48f_t30,46,iforest+entropy:max,0.01,0.9954,0.2956077086781745,0.2969673681721447,0.29380468195790965,0.003162686214235044,0.0013596594939702057,0.9939006099390061,0.9815611555009219,0.09219422249539029,0.9637834713927952,0.9489019456752071
48f_t30,46,iforest+entropy:max,0.02,0.9936,0.2956077086781745,0.29850437455663276,0.2929475053204067,0.0055568692362260586,0.0028966658784582646,0.9910008999100091,0.9815611555009219,0.11432083589428396,0.9639279522250048,0.9384030052013099
48f_t30,46,iforest+entropy:max,0.03,0.990806,0.2956077086781745,0.3009872310238827,0.2914696145660913,0.00951761645779144,0.005379522345708205,0.9860013998600141,0.9821757836508912,0.13275968039336203,0.963976112502408,0.9301194374879599
48f_t30,46,iforest+entropy:max,0.05,0.987,0.2956077086781745,0.30352920312130527,0.28999172381177585,0.01353747930952944,0.007921494443130764,0.9810018998100192,0.9821757836508912,0.15918869084204057,0.9643132344442304,0.9216913889424003
48f_t30,46,iforest+entropy:max,0.075,0.9796,0.2956077086781745,0.3073717190825254,0.28872073776306456,0.018650981319460865,0.01176401040435091,0.9767023297670234,0.9827904118008605,0.1727105101413645,0.9646021961086496,0.9057021768445386
48f_t30,46,iforest+entropy:max,0.1,0.9746,0.2956077086781745,0.30778552849373375,0.2870655001182313,0.02072002837550248,0.012177819815559234,0.9711028897110291,0.9827904118008605,0.1954517516902274,0.9646503563860528,0.887786553650549
48f_t30,46,iforest+entropy:max,0.15,0.9554,0.2956077086781745,0.31041617403641525,0.2791144478600142,0.03130172617640104,0.014808465358240718,0.944205579442056,0.9834050399508297,0.2550706822372465,0.9651319591600848,0.8565305336158736
48f_t30,46,iforest+entropy:max,0.2,0.9312,0.2956077086781745,0.32900803972570347,0.2644833293922913,0.06452471033341216,0.033400331047528965,0.8947105289471052,0.986478180700676,0.4566687154271666,0.9677326141398574,0.7762473511847429
48f_t30,46,iforest+entropy:max,0.3,0.87166,0.2956077086781745,0.393946559470324,0.2004019862851738,0.19354457318515014,0.09833885079214945,0.6779322067793221,0.9920098340503996,0.727719729563614,0.9769312271238683,0.5945386245424774
48f_t30,46,iforest+margin:mean,0.005,0.9523024999999999,0.2956077086781745,0.2972629463230078,0.2927997162449752,0.004463230078032632,0.001655237644833294,0.9905009499050097,0.9809465273509527,0.004917025199754148,0.9636871508379888,0.9587266422654594
48f_t30,46,iforest+margin:mean,0.01,0.9359999999999999,0.2956077086781745,0.29903641522818636,0.28963703003074015,0.009399385197446205,0.003428706550011823,0.9798020197980204,0.9809465273509527,0.007990165949600492,0.9648911577730688,0.9541514159121557
48f_t30,46,iforest+margin:mean,0.02,0.9011099999999997,0.2956077086781745,0.3031449515251833,0.2828387325608891,0.02030621896429416,0.007537242847008749,0.9568043195680432,0.9821757836508912,0.034419176398279044,0.9670583702562127,0.9406665382392603
48f_t30,46,iforest+margin:mean,0.03,0.8858029999999999,0.2956077086781745,0.30444549538898086,0.27908489004492787,0.025360605344052968,0.008837786710806338,0.9441055894410559,0.9827904118008605,0.0528580208973571,0.9675881333076478,0.9324792910807166
48f_t30,46,iforest+margin:mean,0.05,0.8483,0.2956077086781745,0.30905651454244504,0.2652813903996217,0.04377512414282336,0.013448805864270514,0.8974102589741028,0.9834050399508297,0.10817455439459127,0.9697071855133885,0.9073877865536506
48f_t30,46,iforest+margin:mean,0.075,0.8246,0.2956077086781745,0.3125443367226295,0.2534582643650981,0.059086072357531334,0.016936628044454952,0.8574142585741426,0.984019668100799,0.14996926859250154,0.9714409554999037,0.8769023309574263
48f_t30,46,iforest+margin:mean,0.1,0.8083100000000001,0.2956077086781745,0.31582525419720975,0.24107353984393473,0.074751714353275,0.02021754551903523,0.8155184481551845,0.9852489244007375,0.18623232944068838,0.9722115199383549,0.8523887497591986
48f_t30,46,iforest+margin:mean,0.15,0.7718,0.2956077086781745,0.32492906124379284,0.2124024592102152,0.11252660203357767,0.02932135256561835,0.7185281471852816,0.9870928088506453,0.33743085433312847,0.9751011365825467,0.7856386052783664
48f_t30,46,iforest+margin:mean,0.2,0.74374,0.2956077086781745,0.3357176637502956,0.1880172617640104,0.14770040198628517,0.04010995507212107,0.636036396360364,0.9883220651505839,0.42470805162876457,0.977846272394529,0.7131092275091504
48f_t30,46,iforest+margin:mean,0.3,0.706,0.2956077086781745,0.35726531094821473,0.15476471979191297,0.20250059115630173,0.0616576022700402,0.5235476452354765,0.9944683466502766,0.5347264904732637,0.9832402234636871,0.5827875168560971
48f_t30,46,iforest+margin:max,0.005,0.9966020000000001,0.2956077086781745,0.29841570111137383,0.29182430834712697,0.006591392764246867,0.002807992433199338,0.9872012798720129,0.9821757836508912,0.02519975414874001,0.964216913889424,0.9528029281448661
48f_t30,46,iforest+margin:max,0.01,0.994402,0.2956077086781745,0.3009281153937101,0.2895779144005675,0.011350200993142587,0.005320406715535588,0.9796020397960205,0.9821757836508912,0.03503380454824831,0.9651319591600848,0.9460123290310152
48f_t30,46,iforest+margin:max,0.02,0.9896039999999999,0.2956077086781745,0.30802199101442423,0.2837550248285647,0.02426696618585954,0.012414282336249704,0.9599040095990402,0.9834050399508297,0.059618930547019056,0.9664804469273743,0.9352725871701021
48f_t30,46,iforest+margin:max,0.03,0.9854,0.2956077086781745,0.3142882478127217,0.27840506029794276,0.03588318751477891,0.018680539134547175,0.9418058194180582,0.9846342962507683,0.0878918254456054,0.9677326141398574,0.927952225004816
48f_t30,46,iforest+margin:max,0.05,0.9742200000000001,0.2956077086781745,0.3257271222511232,0.2651040435091038,0.06062307874201939,0.030119413572948686,0.8968103189681034,0.9858635525507068,0.14628149969268592,0.9711038335580813,0.9037757657484107
48f_t30,46,iforest+margin:max,0.075,0.9612,0.2956077086781745,0.3356289903050367,0.24908370773232444,0.08654528257271223,0.040021281626862144,0.8426157384261574,0.9877074370006146,0.2212661339889367,0.9740416104796764,0.8777692159506839
48f_t30,46,iforest+margin:max,0.1,0.945,0.2956077086781745,0.3534227949869946,0.2345708205249468,0.11885197446204776,0.057815086308820055,0.7935206479352065,0.9889366933005531,0.29379225568531037,0.9777499518397226,0.8455499903679445
48f_t30,46,iforest+margin:max,0.15,0.9184,0.2956077086781745,0.38425159612201465,0.2024119177110428,0.18183967841097187,0.08864388744384015,0.6847315268473153,0.9895513214505224,0.4185617701290719,0.9834810248507031,0.7710460412251975
48f_t30,46,iforest+margin:max,0.2,0.8936,0.2956077086781745,0.40801607945140694,0.17935682194372193,0.22865925750768504,0.11240837077323244,0.6067393260673933,0.9913952059004303,0.5046097111247695,0.9874301675977654,0.6977942592949335
48f_t30,46,iforest+margin:max,0.3,0.8578,0.2956077086781745,0.4392586899976354,0.15792740600614802,0.2813312839914873,0.14365098131946086,0.5342465753424658,0.9944683466502766,0.5654578979717271,0.9903679445193604,0.5969947986900405
48f_t30,46,iforest+conformal:mean,0.005,0.9610005,0.2956077086781745,0.2995980137148262,0.29410026010877277,0.00549775360605344,0.003990305036651691,0.9949005099490053,0.9803318992009834,0.002458512599877074,0.9646021961086496,0.9562704681178964
48f_t30,46,iforest+conformal:mean,0.01,0.948101,0.2956077086781745,0.3055391345471743,0.29300662095057933,0.01253251359659494,0.009931425868999763,0.9912008799120089,0.9803318992009834,0.0043023970497848806,0.9670583702562127,0.9455788865343865
48f_t30,46,iforest+conformal:mean,0.02,0.932804,0.2956077086781745,0.31145069756443605,0.29135138330574606,0.020099314258689997,0.015842988886261528,0.9856014398560146,0.9809465273509527,0.011677934849416103,0.9693700635715662,0.9178385667501445
48f_t30,46,iforest+conformal:mean,0.03,0.923306,0.2956077086781745,0.3160026010877276,0.28963703003074015,0.026365571056987468,0.020394892409553087,0.9798020197980204,0.9809465273509527,0.019053472649047325,0.970285108842227,0.8947216335966095
48f_t30,46,iforest+conformal:mean,0.05,0.886305,0.2956077086781745,0.3465062662567983,0.28136084180657367,0.06514542445022464,0.050898557578623785,0.9518048195180483,0.9858635525507068,0.044253226797787336,0.9715372760547101,0.8558081294548257
48f_t30,46,iforest+conformal:mean,0.075,0.8627,0.2956077086781745,0.3810889099077796,0.2760699929061244,0.10501891700165523,0.0854812012296051,0.9339066093390662,0.986478180700676,0.06883835279655809,0.9723560007705644,0.8332209593527259
48f_t30,46,iforest+conformal:mean,0.1,0.8328,0.2956077086781745,0.4156124379285883,0.26862142350437457,0.14699101442421375,0.1200047292504138,0.9087091290870914,0.9870928088506453,0.11677934849416104,0.9735118474282412,0.8031689462531304
48f_t30,46,iforest+conformal:mean,0.15,0.7586049999999998,0.2956077086781745,0.45300307401276896,0.23968432253487823,0.21331875147789076,0.15739536533459447,0.8108189181081893,0.9926244622003688,0.32145052243392747,0.9813619726449624,0.7162396455403583
48f_t30,46,iforest+conformal:mean,0.2,0.71702,0.2956077086781745,0.4897729959801371,0.2138507921494443,0.2759222038306928,0.19416528730196264,0.7234276572342766,0.9963122311001844,0.39520590043023973,0.9891639375842805,0.6686091311885957
48f_t30,46,iforest+conformal:mean,0.3,0.6523,0.2956077086781745,0.5322180184440766,0.1702234570820525,0.3619945613620241,0.2366103097659021,0.5758424157584242,0.9987707437000615,0.5728334357713584,0.9962916586399537,0.5598150645347717
48f_t30,46,iforest+conformal:max,0.005,1.0,0.2956077086781745,0.2956077086781745,0.2956077086781745,0.0,0.0,1.0,0.9803318992009834,0.0,0.9631573877865537,0.9631573877865537
48f_t30,46,iforest+conformal:max,0.01,1.0,0.2956077086781745,0.2956077086781745,0.2956077086781745,0.0,0.0,1.0,0.9803318992009834,0.0,0.9631573877865537,0.9631573877865537
48f_t30,46,iforest+conformal:max,0.02,1.0,0.2956077086781745,0.2956077086781745,0.2956077086781745,0.0,0.0,1.0,0.9803318992009834,0.0,0.9631573877865537,0.9631573877865537
48f_t30,46,iforest+conformal:max,0.03,0.9986,0.2956077086781745,0.2962579806100733,0.2949278789311894,0.001330101678883897,0.000650271931898794,0.9977002299770023,0.9821757836508912,0.016594960049170254,0.963735311115392,0.8146792525524947
48f_t30,46,iforest+conformal:max,0.05,0.9886,0.2956077086781745,0.32891936628044455,0.29008039725703477,0.03883896902340979,0.03331165760227004,0.9813018698130188,0.9895513214505224,0.04855562384757222,0.9732710460412252,0.7976305143517627
48f_t30,46,iforest+conformal:max,0.075,0.9766,0.2956077086781745,0.3713052731142114,0.2863856703712462,0.08491960274296524,0.07569756443603688,0.9688031196880313,0.9944683466502766,0.10202827289489859,0.985648237333847,0.7815449816990946
48f_t30,46,iforest+conformal:max,0.1,0.96342,0.2956077086781745,0.41064672499408844,0.27763655710569873,0.13301016788838968,0.11503901631591393,0.9392060793920608,0.9987707437000615,0.1530424093423479,0.9967732614139857,0.7673858601425544
48f_t30,46,iforest+conformal:max,0.15,0.9256,0.2956077086781745,0.4558110664459683,0.24305391345471744,0.2127571529912509,0.1602033577677938,0.8222177782221779,0.9993853718500307,0.30854333128457284,0.9989886341745329,0.6907146985166635
48f_t30,46,iforest+conformal:max,0.2,0.8912399999999999,0.2956077086781745,0.49790139512887205,0.2121068810593521,0.28579451406952,0.20229368645069756,0.7175282471752825,1.0,0.42962507682851875,0.9994702369485648,0.6145251396648045
48f_t30,46,iforest+conformal:max,0.3,0.82566,0.2956077086781745,0.5474402932135256,0.1655533222984157,0.38188697091511,0.2518325845353511,0.56004399560044,1.0,0.5968039336201598,0.9999518397225968,0.5082354074359469
