pool_label,seed,flow,stratum,predicted,check,reason,narrative
48f,42,1421,Overlap-Group-1,Overlap-Group-1,f_direction,ct_src_ltm: cue 'unusually high' but SHAP for Overlap-Group-1 falls as the value rises (rho -0.31 on training rows),"This flow was flagged as Overlap-Group-1 with 91.4% confidence. Main reasons: network protocol=vines, unusually high recent connections from this source, reduced average packet size, typical bytes sent by the source. Suggested action: Flagged as DoS, Backdoor, or Analysis-type behavior — this dataset's flow-level features can't reliably distinguish the three. Escalate for manual / packet-level inspection to determine the specific subtype."
48f,42,1421,Overlap-Group-1,Overlap-Group-1,f_direction,avg_pkt_size: cue 'reduced' but SHAP for Overlap-Group-1 falls as the value rises (rho 0.44 on training rows),"This flow was flagged as Overlap-Group-1 with 91.4% confidence. Main reasons: network protocol=vines, unusually high recent connections from this source, reduced average packet size, typical bytes sent by the source. Suggested action: Flagged as DoS, Backdoor, or Analysis-type behavior — this dataset's flow-level features can't reliably distinguish the three. Escalate for manual / packet-level inspection to determine the specific subtype."
48f,42,1589,Overlap-Group-1,Overlap-Group-1,f_direction,ct_src_ltm: cue 'unusually high' but SHAP for Overlap-Group-1 falls as the value rises (rho -0.31 on training rows),"This flow was flagged as Overlap-Group-1 with 94.6% confidence. Main reasons: network protocol=unas, unusually high recent connections from this source, reduced average packet size, elevated recent connections to this destination from the same source port, typical bytes sent by the source. Suggested action: Flagged as DoS, Backdoor, or Analysis-type behavior — this dataset's flow-level features can't reliably distinguish the three. Escalate for manual / packet-level inspection to determine the specific subtype."
48f,42,1589,Overlap-Group-1,Overlap-Group-1,f_direction,avg_pkt_size: cue 'reduced' but SHAP for Overlap-Group-1 falls as the value rises (rho 0.44 on training rows),"This flow was flagged as Overlap-Group-1 with 94.6% confidence. Main reasons: network protocol=unas, unusually high recent connections from this source, reduced average packet size, elevated recent connections to this destination from the same source port, typical bytes sent by the source. Suggested action: Flagged as DoS, Backdoor, or Analysis-type behavior — this dataset's flow-level features can't reliably distinguish the three. Escalate for manual / packet-level inspection to determine the specific subtype."
48f,42,1826,Overlap-Group-1,Overlap-Group-1,f_direction,avg_pkt_size: cue 'reduced' but SHAP for Overlap-Group-1 falls as the value rises (rho 0.44 on training rows),"This flow was flagged as Overlap-Group-1 with 73.0% confidence. Main reasons: network protocol=unas, reduced average packet size, typical bytes sent by the source, elevated recent connections to this destination from the same source port. Suggested action: Flagged as DoS, Backdoor, or Analysis-type behavior — this dataset's flow-level features can't reliably distinguish the three. Escalate for manual / packet-level inspection to determine the specific subtype."
48f,42,1910,Overlap-Group-1,Overlap-Group-1,f_direction,avg_pkt_size: cue 'reduced' but SHAP for Overlap-Group-1 falls as the value rises (rho 0.44 on training rows),"This flow was flagged as Overlap-Group-1 with 65.6% confidence. Main reasons: network protocol=iso-ip, reduced average packet size, typical bytes sent by the source, unusually high source time-to-live. Suggested action: Flagged as DoS, Backdoor, or Analysis-type behavior — this dataset's flow-level features can't reliably distinguish the three. Escalate for manual / packet-level inspection to determine the specific subtype."
48f,42,2279,Exploits,Exploits,f_direction,sttl: cue 'reduced' but SHAP for Exploits falls as the value rises (rho 0.68 on training rows),"This flow was flagged as Exploits with 98.7% confidence. Main reasons: reduced source time-to-live, unusually high stcpb, reduced connections to the same service and destination, unusually high destination time-to-live, typical bytes sent by the destination. Suggested action: Isolate the target host and check for unpatched vulnerabilities."
48f,42,2340,Exploits,Exploits,f_direction,sttl: cue 'reduced' but SHAP for Exploits falls as the value rises (rho 0.68 on training rows),"This flow was flagged as Exploits with 59.9% confidence. Main reasons: unusually high destination time-to-live, reduced source time-to-live, reduced connections to the same service and destination. Suggested action: Isolate the target host and check for unpatched vulnerabilities."
48f,42,2550,Unknown,Overlap-Group-1,f_direction,avg_pkt_size: cue 'reduced' but SHAP for Overlap-Group-1 falls as the value rises (rho 0.44 on training rows),"This flow was flagged as an unrecognized (potential zero-day) pattern with 50.3% confidence. Main reasons: reduced average packet size, reduced source time-to-live, typical response body len, reduced connections to the same service and destination. Suggested action: Unrecognized pattern — escalate to a human analyst for manual review."
48f,42,2550,Unknown,Overlap-Group-1,f_direction,sttl: cue 'reduced' but SHAP for Overlap-Group-1 falls as the value rises (rho 0.70 on training rows),"This flow was flagged as an unrecognized (potential zero-day) pattern with 50.3% confidence. Main reasons: reduced average packet size, reduced source time-to-live, typical response body len, reduced connections to the same service and destination. Suggested action: Unrecognized pattern — escalate to a human analyst for manual review."
48f,42,3187,Exploits,Exploits,f_direction,sttl: cue 'reduced' but SHAP for Exploits falls as the value rises (rho 0.68 on training rows),"This flow was flagged as Exploits with 99.2% confidence. Main reasons: reduced source time-to-live, reduced connections to the same service and destination, typical bytes sent by the destination, unusually high destination time-to-live, typical total bytes transferred. Suggested action: Isolate the target host and check for unpatched vulnerabilities."
48f,42,3378,Overlap-Group-1,Overlap-Group-1,f_direction,ct_src_ltm: cue 'unusually high' but SHAP for Overlap-Group-1 falls as the value rises (rho -0.31 on training rows),"This flow was flagged as Overlap-Group-1 with 96.6% confidence. Main reasons: network protocol=unas, unusually high recent connections from this source, reduced average packet size, unusually high recent connections to this destination from the same source port, elevated recent connections to this destination. Suggested action: Flagged as DoS, Backdoor, or Analysis-type behavior — this dataset's flow-level features can't reliably distinguish the three. Escalate for manual / packet-level inspection to determine the specific subtype."
48f,42,3378,Overlap-Group-1,Overlap-Group-1,f_direction,avg_pkt_size: cue 'reduced' but SHAP for Overlap-Group-1 falls as the value rises (rho 0.44 on training rows),"This flow was flagged as Overlap-Group-1 with 96.6% confidence. Main reasons: network protocol=unas, unusually high recent connections from this source, reduced average packet size, unusually high recent connections to this destination from the same source port, elevated recent connections to this destination. Suggested action: Flagged as DoS, Backdoor, or Analysis-type behavior — this dataset's flow-level features can't reliably distinguish the three. Escalate for manual / packet-level inspection to determine the specific subtype."
48f,42,3426,Overlap-Group-1,Overlap-Group-1,f_direction,avg_pkt_size: cue 'reduced' but SHAP for Overlap-Group-1 falls as the value rises (rho 0.44 on training rows),"This flow was flagged as Overlap-Group-1 with 59.4% confidence. Main reasons: network protocol=sat-mon, reduced average packet size, typical bytes sent by the source. Suggested action: Flagged as DoS, Backdoor, or Analysis-type behavior — this dataset's flow-level features can't reliably distinguish the three. Escalate for manual / packet-level inspection to determine the specific subtype."
48f,42,3633,Overlap-Group-1,Overlap-Group-1,f_direction,avg_pkt_size: cue 'reduced' but SHAP for Overlap-Group-1 falls as the value rises (rho 0.44 on training rows),"This flow was flagged as Overlap-Group-1 with 54.4% confidence. Main reasons: network protocol=emcon, reduced average packet size, unusually high recent connections from this source, typical bytes sent by the source. Suggested action: Flagged as DoS, Backdoor, or Analysis-type behavior — this dataset's flow-level features can't reliably distinguish the three. Escalate for manual / packet-level inspection to determine the specific subtype."
48f,42,3633,Overlap-Group-1,Overlap-Group-1,f_direction,ct_src_ltm: cue 'unusually high' but SHAP for Overlap-Group-1 falls as the value rises (rho -0.31 on training rows),"This flow was flagged as Overlap-Group-1 with 54.4% confidence. Main reasons: network protocol=emcon, reduced average packet size, unusually high recent connections from this source, typical bytes sent by the source. Suggested action: Flagged as DoS, Backdoor, or Analysis-type behavior — this dataset's flow-level features can't reliably distinguish the three. Escalate for manual / packet-level inspection to determine the specific subtype."
48f,42,4187,Exploits,Exploits,f_direction,smean: cue 'reduced' but SHAP for Exploits falls as the value rises (rho 0.15 on training rows),"This flow was flagged as Exploits with 85.9% confidence. Main reasons: typical bytes sent by the source, unusually high destination time-to-live, reduced connections to the same service and destination, reduced mean packet size from source. Suggested action: Isolate the target host and check for unpatched vulnerabilities."
48f,42,4454,Exploits,Exploits,f_direction,sttl: cue 'reduced' but SHAP for Exploits falls as the value rises (rho 0.68 on training rows),"This flow was flagged as Exploits with 75.3% confidence. Main reasons: unusually high destination time-to-live, reduced source time-to-live, reduced recent connections between this source and destination, typical response body len. Suggested action: Isolate the target host and check for unpatched vulnerabilities."
48f,42,5172,Overlap-Group-1,Overlap-Group-1,f_direction,ct_flw_http_mthd: cue 'extremely high' but SHAP for Overlap-Group-1 falls as the value rises (rho -0.21 on training rows),"This flow was flagged as Overlap-Group-1 with 67.7% confidence. Main reasons: extremely high ct flw http mthd, typical response body len, reduced average packet size, reduced source time-to-live. Suggested action: Flagged as DoS, Backdoor, or Analysis-type behavior — this dataset's flow-level features can't reliably distinguish the three. Escalate for manual / packet-level inspection to determine the specific subtype."
48f,42,5172,Overlap-Group-1,Overlap-Group-1,f_direction,avg_pkt_size: cue 'reduced' but SHAP for Overlap-Group-1 falls as the value rises (rho 0.44 on training rows),"This flow was flagged as Overlap-Group-1 with 67.7% confidence. Main reasons: extremely high ct flw http mthd, typical response body len, reduced average packet size, reduced source time-to-live. Suggested action: Flagged as DoS, Backdoor, or Analysis-type behavior — this dataset's flow-level features can't reliably distinguish the three. Escalate for manual / packet-level inspection to determine the specific subtype."
48f,42,5172,Overlap-Group-1,Overlap-Group-1,f_direction,sttl: cue 'reduced' but SHAP for Overlap-Group-1 falls as the value rises (rho 0.70 on training rows),"This flow was flagged as Overlap-Group-1 with 67.7% confidence. Main reasons: extremely high ct flw http mthd, typical response body len, reduced average packet size, reduced source time-to-live. Suggested action: Flagged as DoS, Backdoor, or Analysis-type behavior — this dataset's flow-level features can't reliably distinguish the three. Escalate for manual / packet-level inspection to determine the specific subtype."
48f,42,6738,Exploits,Exploits,f_direction,sttl: cue 'reduced' but SHAP for Exploits falls as the value rises (rho 0.68 on training rows),"This flow was flagged as Exploits with 87.3% confidence. Main reasons: reduced source time-to-live, typical bytes sent by the destination, reduced connections to the same service and destination, unusually high destination time-to-live, network service=pop3. Suggested action: Isolate the target host and check for unpatched vulnerabilities."
48f,42,6839,Generic,Generic,f_direction,ct_dst_ltm: cue 'extremely high' but SHAP for Generic falls as the value rises (rho -0.25 on training rows),"This flow was flagged as Generic with 100.0% confidence. Main reasons: typical total bytes transferred, typical bytes sent by the source, network service=dns, extremely high recent connections to this destination, extremely high recent connections to this destination from the same source port. Suggested action: Review firewall rules for this flow's protocol/service combination."
48f,42,6939,Generic,Generic,f_direction,avg_pkt_size: cue 'reduced' but SHAP for Generic falls as the value rises (rho 0.15 on training rows),"This flow was flagged as Generic with 100.0% confidence. Main reasons: typical total bytes transferred, typical bytes sent by the source, network service=dns, extremely high recent connections to this destination from the same source port, reduced average packet size. Suggested action: Review firewall rules for this flow's protocol/service combination."
48f,42,7218,Generic,Generic,f_direction,ct_dst_ltm: cue 'extremely high' but SHAP for Generic falls as the value rises (rho -0.25 on training rows),"This flow was flagged as Generic with 100.0% confidence. Main reasons: typical total bytes transferred, typical bytes sent by the source, network service=dns, extremely high recent connections to this destination from the same source port, extremely high recent connections to this destination. Suggested action: Review firewall rules for this flow's protocol/service combination."
48f,42,7504,Generic,Generic,f_direction,ct_dst_ltm: cue 'extremely high' but SHAP for Generic falls as the value rises (rho -0.25 on training rows),"This flow was flagged as Generic with 100.0% confidence. Main reasons: typical total bytes transferred, typical bytes sent by the source, network service=dns, extremely high recent connections to this destination from the same source port, extremely high recent connections to this destination. Suggested action: Review firewall rules for this flow's protocol/service combination."
48f,42,7642,Generic,Generic,f_direction,avg_pkt_size: cue 'reduced' but SHAP for Generic falls as the value rises (rho 0.15 on training rows),"This flow was flagged as Generic with 100.0% confidence. Main reasons: typical total bytes transferred, typical bytes sent by the source, network service=dns, extremely high recent connections to this destination from the same source port, reduced average packet size. Suggested action: Review firewall rules for this flow's protocol/service combination."
48f,42,8286,Generic,Generic,f_direction,avg_pkt_size: cue 'reduced' but SHAP for Generic falls as the value rises (rho 0.15 on training rows),"This flow was flagged as Generic with 100.0% confidence. Main reasons: typical total bytes transferred, typical bytes sent by the source, network service=dns, extremely high recent connections to this destination from the same source port, reduced average packet size. Suggested action: Review firewall rules for this flow's protocol/service combination."
48f,42,8539,Unknown,Exploits,f_direction,dttl: cue 'reduced' but SHAP for Exploits falls as the value rises (rho 0.66 on training rows),"This flow was flagged as an unrecognized (potential zero-day) pattern with 38.1% confidence. Main reasons: typical flow duration, reduced recent connections between this source and destination, reduced destination time-to-live. Suggested action: Unrecognized pattern — escalate to a human analyst for manual review."
48f,42,25427,Unknown,Normal,f_direction,smean: cue 'elevated' but SHAP for Normal falls as the value rises (rho -0.32 on training rows),"This flow was flagged as an unrecognized (potential zero-day) pattern with 38.8% confidence. Main reasons: typical bytes sent by the source, elevated mean packet size from source. Suggested action: Unrecognized pattern — escalate to a human analyst for manual review."
48f,42,26632,Unknown,Overlap-Group-1,f_direction,sttl: cue 'reduced' but SHAP for Overlap-Group-1 falls as the value rises (rho 0.70 on training rows),"This flow was flagged as an unrecognized (potential zero-day) pattern with 43.9% confidence. Main reasons: typical response body len, reduced source time-to-live, reduced average packet size, typical bytes sent by the destination. Suggested action: Unrecognized pattern — escalate to a human analyst for manual review."
48f,42,26632,Unknown,Overlap-Group-1,f_direction,avg_pkt_size: cue 'reduced' but SHAP for Overlap-Group-1 falls as the value rises (rho 0.44 on training rows),"This flow was flagged as an unrecognized (potential zero-day) pattern with 43.9% confidence. Main reasons: typical response body len, reduced source time-to-live, reduced average packet size, typical bytes sent by the destination. Suggested action: Unrecognized pattern — escalate to a human analyst for manual review."
48f,42,28821,Exploits,Exploits,f_direction,sttl: cue 'reduced' but SHAP for Exploits falls as the value rises (rho 0.68 on training rows),"This flow was flagged as Exploits with 95.1% confidence. Main reasons: reduced source time-to-live, reduced connections to the same service and destination, typical total bytes transferred, unusually high destination time-to-live, typical bytes sent by the destination. Suggested action: Isolate the target host and check for unpatched vulnerabilities."
48f,42,28943,Exploits,Exploits,f_direction,sttl: cue 'reduced' but SHAP for Exploits falls as the value rises (rho 0.68 on training rows),"This flow was flagged as Exploits with 79.5% confidence. Main reasons: reduced source time-to-live, reduced connections to the same service and destination, unusually high destination time-to-live, typical bytes sent by the destination, network service=http. Suggested action: Isolate the target host and check for unpatched vulnerabilities."
48f,42,28964,Fuzzers,Fuzzers,f_direction,ct_dst_src_ltm: cue 'reduced' but SHAP for Fuzzers falls as the value rises (rho 0.74 on training rows),"This flow was flagged as Fuzzers with 77.0% confidence. Main reasons: unusually high source time-to-live, typical bytes sent by the source, reduced recent connections between this source and destination, typical connections to the same service and destination, unusually high average packet size. Suggested action: Inspect the application for crash logs; consider input validation hardening."
48f,42,29760,Overlap-Group-1,Overlap-Group-1,f_direction,avg_pkt_size: cue 'reduced' but SHAP for Overlap-Group-1 falls as the value rises (rho 0.44 on training rows),"This flow was flagged as Overlap-Group-1 with 94.3% confidence. Main reasons: reduced mean packet size from source, reduced average packet size, unusually high source time-to-live, reduced recent connections between this source and destination, reduced connections to the same service and destination. Suggested action: Flagged as DoS, Backdoor, or Analysis-type behavior — this dataset's flow-level features can't reliably distinguish the three. Escalate for manual / packet-level inspection to determine the specific subtype."
48f,42,30371,Overlap-Group-1,Overlap-Group-1,f_direction,sttl: cue 'reduced' but SHAP for Overlap-Group-1 falls as the value rises (rho 0.70 on training rows),"This flow was flagged as Overlap-Group-1 with 56.8% confidence. Main reasons: reduced source time-to-live, reduced connections to the same service and destination, reduced average packet size, reduced connections to the same service from this source, typical destination jitter. Suggested action: Flagged as DoS, Backdoor, or Analysis-type behavior — this dataset's flow-level features can't reliably distinguish the three. Escalate for manual / packet-level inspection to determine the specific subtype."
48f,42,30371,Overlap-Group-1,Overlap-Group-1,f_direction,avg_pkt_size: cue 'reduced' but SHAP for Overlap-Group-1 falls as the value rises (rho 0.44 on training rows),"This flow was flagged as Overlap-Group-1 with 56.8% confidence. Main reasons: reduced source time-to-live, reduced connections to the same service and destination, reduced average packet size, reduced connections to the same service from this source, typical destination jitter. Suggested action: Flagged as DoS, Backdoor, or Analysis-type behavior — this dataset's flow-level features can't reliably distinguish the three. Escalate for manual / packet-level inspection to determine the specific subtype."
48f,42,30511,Exploits,Exploits,f_direction,sttl: cue 'reduced' but SHAP for Exploits falls as the value rises (rho 0.68 on training rows),"This flow was flagged as Exploits with 66.4% confidence. Main reasons: reduced source time-to-live, unusually high destination time-to-live, reduced connections to the same service and destination, typical bytes sent by the destination. Suggested action: Isolate the target host and check for unpatched vulnerabilities."
48f,42,30746,Exploits,Exploits,f_direction,sttl: cue 'reduced' but SHAP for Exploits falls as the value rises (rho 0.68 on training rows),"This flow was flagged as Exploits with 97.5% confidence. Main reasons: reduced source time-to-live, typical bytes sent by the destination, reduced connections to the same service and destination, unusually high destination time-to-live, typical dloss. Suggested action: Isolate the target host and check for unpatched vulnerabilities."
48f,42,31825,Overlap-Group-1,Overlap-Group-1,f_direction,avg_pkt_size: cue 'reduced' but SHAP for Overlap-Group-1 falls as the value rises (rho 0.44 on training rows),"This flow was flagged as Overlap-Group-1 with 59.3% confidence. Main reasons: network protocol=unas, reduced average packet size, typical bytes sent by the source, unusually high source time-to-live. Suggested action: Flagged as DoS, Backdoor, or Analysis-type behavior — this dataset's flow-level features can't reliably distinguish the three. Escalate for manual / packet-level inspection to determine the specific subtype."
48f,42,32309,Unknown,Overlap-Group-1,f_direction,avg_pkt_size: cue 'reduced' but SHAP for Overlap-Group-1 falls as the value rises (rho 0.44 on training rows),"This flow was flagged as an unrecognized (potential zero-day) pattern with 44.4% confidence. Main reasons: network protocol=leaf-2, reduced average packet size, typical bytes sent by the source, unusually high source time-to-live. Suggested action: Unrecognized pattern — escalate to a human analyst for manual review."
48f,42,32338,Unknown,Overlap-Group-1,f_direction,avg_pkt_size: cue 'reduced' but SHAP for Overlap-Group-1 falls as the value rises (rho 0.44 on training rows),"This flow was flagged as an unrecognized (potential zero-day) pattern with 44.4% confidence. Main reasons: network protocol=leaf-2, reduced average packet size, typical bytes sent by the source, unusually high source time-to-live. Suggested action: Unrecognized pattern — escalate to a human analyst for manual review."
48f,42,32601,Unknown,Fuzzers,f_direction,ct_dst_src_ltm: cue 'reduced' but SHAP for Fuzzers falls as the value rises (rho 0.74 on training rows),"This flow was flagged as an unrecognized (potential zero-day) pattern with 49.5% confidence. Main reasons: unusually high source time-to-live, typical total bytes transferred, reduced recent connections between this source and destination, network service=-. Suggested action: Unrecognized pattern — escalate to a human analyst for manual review."
48f,42,32723,Generic,Generic,f_direction,avg_pkt_size: cue 'reduced' but SHAP for Generic falls as the value rises (rho 0.15 on training rows),"This flow was flagged as Generic with 99.9% confidence. Main reasons: typical total bytes transferred, typical bytes sent by the source, network service=dns, reduced average packet size. Suggested action: Review firewall rules for this flow's protocol/service combination."
48f,42,32885,Unknown,Overlap-Group-1,f_direction,avg_pkt_size: cue 'reduced' but SHAP for Overlap-Group-1 falls as the value rises (rho 0.44 on training rows),"This flow was flagged as an unrecognized (potential zero-day) pattern with 42.6% confidence. Main reasons: network protocol=unas, reduced average packet size, typical bytes sent by the source, unusually high recent connections to this destination from the same source port. Suggested action: Unrecognized pattern — escalate to a human analyst for manual review."
48f,42,33007,Generic,Generic,f_direction,avg_pkt_size: cue 'reduced' but SHAP for Generic falls as the value rises (rho 0.15 on training rows),"This flow was flagged as Generic with 99.9% confidence. Main reasons: typical total bytes transferred, typical bytes sent by the source, network service=dns, reduced average packet size. Suggested action: Review firewall rules for this flow's protocol/service combination."
48f,42,33311,Unknown,Overlap-Group-1,f_direction,avg_pkt_size: cue 'reduced' but SHAP for Overlap-Group-1 falls as the value rises (rho 0.44 on training rows),"This flow was flagged as an unrecognized (potential zero-day) pattern with 42.4% confidence. Main reasons: network protocol=mfe-nsp, reduced average packet size, typical bytes sent by the source, unusually high source time-to-live. Suggested action: Unrecognized pattern — escalate to a human analyst for manual review."
48f,42,34204,Generic,Generic,f_direction,avg_pkt_size: cue 'reduced' but SHAP for Generic falls as the value rises (rho 0.15 on training rows),"This flow was flagged as Generic with 99.9% confidence. Main reasons: typical total bytes transferred, typical bytes sent by the source, network service=dns, reduced average packet size, typical recent connections from this source. Suggested action: Review firewall rules for this flow's protocol/service combination."
48f,42,34690,Generic,Generic,f_direction,avg_pkt_size: cue 'reduced' but SHAP for Generic falls as the value rises (rho 0.15 on training rows),"This flow was flagged as Generic with 99.9% confidence. Main reasons: typical total bytes transferred, typical bytes sent by the source, network service=dns, reduced average packet size, elevated recent connections from this source. Suggested action: Review firewall rules for this flow's protocol/service combination."
48f,42,34785,Generic,Generic,f_direction,avg_pkt_size: cue 'reduced' but SHAP for Generic falls as the value rises (rho 0.15 on training rows),"This flow was flagged as Generic with 99.9% confidence. Main reasons: typical total bytes transferred, typical bytes sent by the source, network service=dns, reduced average packet size. Suggested action: Review firewall rules for this flow's protocol/service combination."
48f,42,34891,Generic,Generic,f_direction,avg_pkt_size: cue 'reduced' but SHAP for Generic falls as the value rises (rho 0.15 on training rows),"This flow was flagged as Generic with 100.0% confidence. Main reasons: typical total bytes transferred, typical bytes sent by the source, network service=dns, reduced average packet size. Suggested action: Review firewall rules for this flow's protocol/service combination."
48f,42,35220,Unknown,Overlap-Group-1,f_direction,avg_pkt_size: cue 'reduced' but SHAP for Overlap-Group-1 falls as the value rises (rho 0.44 on training rows),"This flow was flagged as an unrecognized (potential zero-day) pattern with 49.9% confidence. Main reasons: network protocol=ddp, reduced average packet size, typical bytes sent by the source, unusually high source time-to-live. Suggested action: Unrecognized pattern — escalate to a human analyst for manual review."
48f,42,35304,Generic,Generic,f_direction,avg_pkt_size: cue 'reduced' but SHAP for Generic falls as the value rises (rho 0.15 on training rows),"This flow was flagged as Generic with 99.9% confidence. Main reasons: typical total bytes transferred, typical bytes sent by the source, network service=dns, reduced average packet size. Suggested action: Review firewall rules for this flow's protocol/service combination."
48f,42,35451,Exploits,Exploits,f_direction,sttl: cue 'reduced' but SHAP for Exploits falls as the value rises (rho 0.68 on training rows),"This flow was flagged as Exploits with 99.8% confidence. Main reasons: reduced source time-to-live, unusually high destination time-to-live, reduced connections to the same service and destination, unusually high dloss, reduced mean packet size from source. Suggested action: Isolate the target host and check for unpatched vulnerabilities."
48f,42,35451,Exploits,Exploits,f_direction,smean: cue 'reduced' but SHAP for Exploits falls as the value rises (rho 0.15 on training rows),"This flow was flagged as Exploits with 99.8% confidence. Main reasons: reduced source time-to-live, unusually high destination time-to-live, reduced connections to the same service and destination, unusually high dloss, reduced mean packet size from source. Suggested action: Isolate the target host and check for unpatched vulnerabilities."
48f,42,35567,Overlap-Group-1,Overlap-Group-1,f_direction,avg_pkt_size: cue 'reduced' but SHAP for Overlap-Group-1 falls as the value rises (rho 0.44 on training rows),"This flow was flagged as Overlap-Group-1 with 68.7% confidence. Main reasons: network protocol=unas, reduced average packet size, typical bytes sent by the source, unusually high source time-to-live. Suggested action: Flagged as DoS, Backdoor, or Analysis-type behavior — this dataset's flow-level features can't reliably distinguish the three. Escalate for manual / packet-level inspection to determine the specific subtype."
48f,42,35807,Overlap-Group-1,Overlap-Group-1,f_direction,avg_pkt_size: cue 'reduced' but SHAP for Overlap-Group-1 falls as the value rises (rho 0.44 on training rows),"This flow was flagged as Overlap-Group-1 with 59.4% confidence. Main reasons: network protocol=gre, reduced average packet size, typical bytes sent by the source, unusually high source time-to-live. Suggested action: Flagged as DoS, Backdoor, or Analysis-type behavior — this dataset's flow-level features can't reliably distinguish the three. Escalate for manual / packet-level inspection to determine the specific subtype."
48f,42,36085,Overlap-Group-1,Overlap-Group-1,f_direction,ct_src_ltm: cue 'unusually high' but SHAP for Overlap-Group-1 falls as the value rises (rho -0.31 on training rows),"This flow was flagged as Overlap-Group-1 with 82.5% confidence. Main reasons: network protocol=pgm, unusually high recent connections from this source, reduced average packet size, unusually high recent connections to this destination from the same source port. Suggested action: Flagged as DoS, Backdoor, or Analysis-type behavior — this dataset's flow-level features can't reliably distinguish the three. Escalate for manual / packet-level inspection to determine the specific subtype."
48f,42,36085,Overlap-Group-1,Overlap-Group-1,f_direction,avg_pkt_size: cue 'reduced' but SHAP for Overlap-Group-1 falls as the value rises (rho 0.44 on training rows),"This flow was flagged as Overlap-Group-1 with 82.5% confidence. Main reasons: network protocol=pgm, unusually high recent connections from this source, reduced average packet size, unusually high recent connections to this destination from the same source port. Suggested action: Flagged as DoS, Backdoor, or Analysis-type behavior — this dataset's flow-level features can't reliably distinguish the three. Escalate for manual / packet-level inspection to determine the specific subtype."
48f,42,36183,Generic,Generic,f_direction,avg_pkt_size: cue 'reduced' but SHAP for Generic falls as the value rises (rho 0.15 on training rows),"This flow was flagged as Generic with 99.9% confidence. Main reasons: typical total bytes transferred, typical bytes sent by the source, network service=dns, reduced average packet size. Suggested action: Review firewall rules for this flow's protocol/service combination."
48f,42,36244,Generic,Generic,f_direction,avg_pkt_size: cue 'reduced' but SHAP for Generic falls as the value rises (rho 0.15 on training rows),"This flow was flagged as Generic with 99.9% confidence. Main reasons: typical total bytes transferred, typical bytes sent by the source, network service=dns, reduced average packet size. Suggested action: Review firewall rules for this flow's protocol/service combination."
48f,42,36258,Exploits,Exploits,f_direction,smean: cue 'reduced' but SHAP for Exploits falls as the value rises (rho 0.15 on training rows),"This flow was flagged as Exploits with 84.3% confidence. Main reasons: reduced connections to the same service and destination, unusually high destination time-to-live, typical total bytes transferred, reduced mean packet size from source, reduced average packet size. Suggested action: Isolate the target host and check for unpatched vulnerabilities."
48f,42,36258,Exploits,Exploits,f_direction,avg_pkt_size: cue 'reduced' but SHAP for Exploits falls as the value rises (rho 0.39 on training rows),"This flow was flagged as Exploits with 84.3% confidence. Main reasons: reduced connections to the same service and destination, unusually high destination time-to-live, typical total bytes transferred, reduced mean packet size from source, reduced average packet size. Suggested action: Isolate the target host and check for unpatched vulnerabilities."
48f,42,36351,Generic,Generic,f_direction,avg_pkt_size: cue 'reduced' but SHAP for Generic falls as the value rises (rho 0.15 on training rows),"This flow was flagged as Generic with 99.4% confidence. Main reasons: typical total bytes transferred, typical bytes sent by the source, network service=dns, reduced average packet size. Suggested action: Review firewall rules for this flow's protocol/service combination."
48f,42,36479,Generic,Generic,f_direction,avg_pkt_size: cue 'reduced' but SHAP for Generic falls as the value rises (rho 0.15 on training rows),"This flow was flagged as Generic with 99.9% confidence. Main reasons: typical total bytes transferred, typical bytes sent by the source, network service=dns, reduced average packet size. Suggested action: Review firewall rules for this flow's protocol/service combination."
48f,42,36651,Overlap-Group-1,Overlap-Group-1,f_direction,avg_pkt_size: cue 'reduced' but SHAP for Overlap-Group-1 falls as the value rises (rho 0.44 on training rows),"This flow was flagged as Overlap-Group-1 with 64.2% confidence. Main reasons: network protocol=unas, reduced average packet size, typical bytes sent by the source, unusually high recent connections to this destination from the same source port. Suggested action: Flagged as DoS, Backdoor, or Analysis-type behavior — this dataset's flow-level features can't reliably distinguish the three. Escalate for manual / packet-level inspection to determine the specific subtype."
48f,42,36754,Generic,Generic,f_direction,avg_pkt_size: cue 'reduced' but SHAP for Generic falls as the value rises (rho 0.15 on training rows),"This flow was flagged as Generic with 100.0% confidence. Main reasons: typical total bytes transferred, typical bytes sent by the source, network service=dns, reduced average packet size. Suggested action: Review firewall rules for this flow's protocol/service combination."
48f,42,36856,Exploits,Exploits,f_direction,sttl: cue 'reduced' but SHAP for Exploits falls as the value rises (rho 0.68 on training rows),"This flow was flagged as Exploits with 98.5% confidence. Main reasons: typical bytes sent by the destination, reduced source time-to-live, unusually high destination time-to-live, reduced connections to the same service and destination, typical dloss. Suggested action: Isolate the target host and check for unpatched vulnerabilities."
48f,42,36868,Overlap-Group-1,Overlap-Group-1,f_direction,avg_pkt_size: cue 'reduced' but SHAP for Overlap-Group-1 falls as the value rises (rho 0.44 on training rows),"This flow was flagged as Overlap-Group-1 with 72.2% confidence. Main reasons: network protocol=unas, reduced average packet size, typical bytes sent by the source, unusually high recent connections to this destination from the same source port. Suggested action: Flagged as DoS, Backdoor, or Analysis-type behavior — this dataset's flow-level features can't reliably distinguish the three. Escalate for manual / packet-level inspection to determine the specific subtype."
48f,42,37100,Overlap-Group-1,Overlap-Group-1,f_direction,ct_src_ltm: cue 'unusually high' but SHAP for Overlap-Group-1 falls as the value rises (rho -0.31 on training rows),"This flow was flagged as Overlap-Group-1 with 94.1% confidence. Main reasons: network protocol=unas, unusually high recent connections from this source, reduced average packet size, unusually high recent connections to this destination from the same source port. Suggested action: Flagged as DoS, Backdoor, or Analysis-type behavior — this dataset's flow-level features can't reliably distinguish the three. Escalate for manual / packet-level inspection to determine the specific subtype."
48f,42,37100,Overlap-Group-1,Overlap-Group-1,f_direction,avg_pkt_size: cue 'reduced' but SHAP for Overlap-Group-1 falls as the value rises (rho 0.44 on training rows),"This flow was flagged as Overlap-Group-1 with 94.1% confidence. Main reasons: network protocol=unas, unusually high recent connections from this source, reduced average packet size, unusually high recent connections to this destination from the same source port. Suggested action: Flagged as DoS, Backdoor, or Analysis-type behavior — this dataset's flow-level features can't reliably distinguish the three. Escalate for manual / packet-level inspection to determine the specific subtype."
48f,42,37552,Exploits,Exploits,f_direction,sttl: cue 'reduced' but SHAP for Exploits falls as the value rises (rho 0.68 on training rows),"This flow was flagged as Exploits with 58.0% confidence. Main reasons: reduced recent connections between this source and destination, typical mean packet size from destination, reduced source time-to-live. Suggested action: Isolate the target host and check for unpatched vulnerabilities."
48f,42,37891,Exploits,Exploits,f_direction,avg_pkt_size: cue 'reduced' but SHAP for Exploits falls as the value rises (rho 0.39 on training rows),"This flow was flagged as Exploits with 58.5% confidence. Main reasons: reduced connections to the same service and destination, reduced recent connections between this source and destination, unusually high destination time-to-live, reduced average packet size. Suggested action: Isolate the target host and check for unpatched vulnerabilities."
48f,42,38075,Exploits,Exploits,f_direction,sttl: cue 'reduced' but SHAP for Exploits falls as the value rises (rho 0.68 on training rows),"This flow was flagged as Exploits with 92.4% confidence. Main reasons: reduced source time-to-live, typical dloss, typical bytes sent by the destination, reduced recent connections between this source and destination, unusually high destination time-to-live. Suggested action: Isolate the target host and check for unpatched vulnerabilities."
48f,42,38148,Exploits,Exploits,f_direction,sttl: cue 'reduced' but SHAP for Exploits falls as the value rises (rho 0.68 on training rows),"This flow was flagged as Exploits with 98.0% confidence. Main reasons: reduced source time-to-live, typical dloss, reduced mean packet size from source, unusually high destination time-to-live, typical bytes sent by the destination. Suggested action: Isolate the target host and check for unpatched vulnerabilities."
48f,42,38148,Exploits,Exploits,f_direction,smean: cue 'reduced' but SHAP for Exploits falls as the value rises (rho 0.15 on training rows),"This flow was flagged as Exploits with 98.0% confidence. Main reasons: reduced source time-to-live, typical dloss, reduced mean packet size from source, unusually high destination time-to-live, typical bytes sent by the destination. Suggested action: Isolate the target host and check for unpatched vulnerabilities."
48f,42,39232,Fuzzers,Fuzzers,f_direction,smean: cue 'reduced' but SHAP for Fuzzers falls as the value rises (rho 0.51 on training rows),"This flow was flagged as Fuzzers with 66.9% confidence. Main reasons: unusually high source time-to-live, reduced mean packet size from source, reduced average packet size, typical total bytes transferred. Suggested action: Inspect the application for crash logs; consider input validation hardening."
48f,42,39289,Exploits,Exploits,f_direction,sttl: cue 'reduced' but SHAP for Exploits falls as the value rises (rho 0.68 on training rows),"This flow was flagged as Exploits with 83.5% confidence. Main reasons: unusually high destination time-to-live, reduced connections to the same service and destination, reduced source time-to-live, typical bytes sent by the source. Suggested action: Isolate the target host and check for unpatched vulnerabilities."
48f,42,39340,Unknown,Exploits,f_direction,sttl: cue 'reduced' but SHAP for Exploits falls as the value rises (rho 0.68 on training rows),"This flow was flagged as an unrecognized (potential zero-day) pattern with 49.3% confidence. Main reasons: reduced connections to the same service and destination, reduced source time-to-live, unusually high destination time-to-live. Suggested action: Unrecognized pattern — escalate to a human analyst for manual review."
48f,42,39706,Exploits,Exploits,f_direction,sttl: cue 'reduced' but SHAP for Exploits falls as the value rises (rho 0.68 on training rows),"This flow was flagged as Exploits with 85.5% confidence. Main reasons: reduced connections to the same service and destination, extremely high mean packet size from source, typical bytes sent by the destination, reduced source time-to-live, unusually high destination time-to-live. Suggested action: Isolate the target host and check for unpatched vulnerabilities."
48f,42,41125,Fuzzers,Fuzzers,f_direction,ct_dst_src_ltm: cue 'reduced' but SHAP for Fuzzers falls as the value rises (rho 0.74 on training rows),"This flow was flagged as Fuzzers with 92.9% confidence. Main reasons: unusually high source time-to-live, typical total bytes transferred, reduced recent connections between this source and destination, typical connections to the same service and destination, network protocol=udp. Suggested action: Inspect the application for crash logs; consider input validation hardening."
48f,42,41729,Unknown,Normal,f_direction,ct_srv_dst: cue 'reduced' but SHAP for Normal falls as the value rises (rho 0.67 on training rows),"This flow was flagged as an unrecognized (potential zero-day) pattern with 49.6% confidence. Main reasons: reduced connections to the same service and destination, typical bytes sent by the source, typical sloss, typical recent connections to this destination from the same source port. Suggested action: Unrecognized pattern — escalate to a human analyst for manual review."
48f,42,42177,Fuzzers,Fuzzers,f_direction,ct_dst_src_ltm: cue 'reduced' but SHAP for Fuzzers falls as the value rises (rho 0.74 on training rows),"This flow was flagged as Fuzzers with 73.8% confidence. Main reasons: unusually high source time-to-live, typical bytes sent by the source, reduced recent connections between this source and destination, network service=-, reduced connections to the same service and destination. Suggested action: Inspect the application for crash logs; consider input validation hardening."
48f,42,42177,Fuzzers,Fuzzers,f_direction,ct_srv_dst: cue 'reduced' but SHAP for Fuzzers falls as the value rises (rho 0.72 on training rows),"This flow was flagged as Fuzzers with 73.8% confidence. Main reasons: unusually high source time-to-live, typical bytes sent by the source, reduced recent connections between this source and destination, network service=-, reduced connections to the same service and destination. Suggested action: Inspect the application for crash logs; consider input validation hardening."
48f,42,42467,Unknown,Normal,f_direction,ct_srv_dst: cue 'reduced' but SHAP for Normal falls as the value rises (rho 0.67 on training rows),"This flow was flagged as an unrecognized (potential zero-day) pattern with 48.8% confidence. Main reasons: typical bytes sent by the destination, reduced connections to the same service and destination, typical response body len. Suggested action: Unrecognized pattern — escalate to a human analyst for manual review."
48f,42,42468,Unknown,Exploits,f_direction,sttl: cue 'reduced' but SHAP for Exploits falls as the value rises (rho 0.68 on training rows),"This flow was flagged as an unrecognized (potential zero-day) pattern with 38.6% confidence. Main reasons: unusually high destination time-to-live, reduced source time-to-live, typical response body len. Suggested action: Unrecognized pattern — escalate to a human analyst for manual review."
48f,42,42617,Unknown,Normal,f_direction,ct_srv_dst: cue 'reduced' but SHAP for Normal falls as the value rises (rho 0.67 on training rows),"This flow was flagged as an unrecognized (potential zero-day) pattern with 44.7% confidence. Main reasons: typical bytes sent by the destination, reduced connections to the same service and destination, typical source-to-destination byte ratio, typical response body len. Suggested action: Unrecognized pattern — escalate to a human analyst for manual review."
48f,42,42671,Unknown,Overlap-Group-1,f_direction,sttl: cue 'reduced' but SHAP for Overlap-Group-1 falls as the value rises (rho 0.70 on training rows),"This flow was flagged as an unrecognized (potential zero-day) pattern with 48.4% confidence. Main reasons: typical response body len, reduced source time-to-live, reduced average packet size, typical bytes sent by the destination, reduced mean packet size from source. Suggested action: Unrecognized pattern — escalate to a human analyst for manual review."
48f,42,42671,Unknown,Overlap-Group-1,f_direction,avg_pkt_size: cue 'reduced' but SHAP for Overlap-Group-1 falls as the value rises (rho 0.44 on training rows),"This flow was flagged as an unrecognized (potential zero-day) pattern with 48.4% confidence. Main reasons: typical response body len, reduced source time-to-live, reduced average packet size, typical bytes sent by the destination, reduced mean packet size from source. Suggested action: Unrecognized pattern — escalate to a human analyst for manual review."
48f,42,43009,Normal,Normal,f_direction,ct_state_ttl: cue 'extremely high' but SHAP for Normal falls as the value rises (rho -0.78 on training rows),"This flow was flagged as Normal with 99.8% confidence. Main reasons: extremely high connections with the same state and TTL, reduced average packet size, elevated connections to the same service and destination, elevated connections to the same service from this source. Suggested action: No action required."
48f,42,43009,Normal,Normal,f_direction,avg_pkt_size: cue 'reduced' but SHAP for Normal falls as the value rises (rho 0.21 on training rows),"This flow was flagged as Normal with 99.8% confidence. Main reasons: extremely high connections with the same state and TTL, reduced average packet size, elevated connections to the same service and destination, elevated connections to the same service from this source. Suggested action: No action required."
48f,42,44215,Normal,Normal,f_direction,ct_state_ttl: cue 'unusually high' but SHAP for Normal falls as the value rises (rho -0.78 on training rows),"This flow was flagged as Normal with 99.9% confidence. Main reasons: unusually high connections with the same state and TTL, typical sloss, extremely high SYN-ACK handshake time. Suggested action: No action required."
48f,42,46707,Unknown,Normal,f_direction,smean: cue 'elevated' but SHAP for Normal falls as the value rises (rho -0.32 on training rows),"This flow was flagged as an unrecognized (potential zero-day) pattern with 43.5% confidence. Main reasons: typical bytes sent by the source, elevated mean packet size from source. Suggested action: Unrecognized pattern — escalate to a human analyst for manual review."
48f,42,46928,Unknown,Exploits,f_direction,smean: cue 'reduced' but SHAP for Exploits falls as the value rises (rho 0.15 on training rows),"This flow was flagged as an unrecognized (potential zero-day) pattern with 41.4% confidence. Main reasons: reduced connections to the same service and destination, reduced mean packet size from source, reduced recent connections between this source and destination, unusually high destination time-to-live. Suggested action: Unrecognized pattern — escalate to a human analyst for manual review."
48f,42,47072,Fuzzers,Fuzzers,f_direction,smean: cue 'reduced' but SHAP for Fuzzers falls as the value rises (rho 0.51 on training rows),"This flow was flagged as Fuzzers with 74.7% confidence. Main reasons: unusually high source time-to-live, reduced average packet size, reduced mean packet size from source, reduced recent connections between this source and destination. Suggested action: Inspect the application for crash logs; consider input validation hardening."
48f,42,47072,Fuzzers,Fuzzers,f_direction,ct_dst_src_ltm: cue 'reduced' but SHAP for Fuzzers falls as the value rises (rho 0.74 on training rows),"This flow was flagged as Fuzzers with 74.7% confidence. Main reasons: unusually high source time-to-live, reduced average packet size, reduced mean packet size from source, reduced recent connections between this source and destination. Suggested action: Inspect the application for crash logs; consider input validation hardening."
48f,42,48435,Exploits,Exploits,f_direction,sttl: cue 'reduced' but SHAP for Exploits falls as the value rises (rho 0.68 on training rows),"This flow was flagged as Exploits with 68.1% confidence. Main reasons: reduced connections to the same service and destination, reduced source time-to-live, unusually high destination time-to-live, typical total bytes transferred. Suggested action: Isolate the target host and check for unpatched vulnerabilities."
48f,42,48689,Unknown,Overlap-Group-1,f_direction,sttl: cue 'reduced' but SHAP for Overlap-Group-1 falls as the value rises (rho 0.70 on training rows),"This flow was flagged as an unrecognized (potential zero-day) pattern with 48.0% confidence. Main reasons: reduced source time-to-live, typical response body len, extremely high ct flw http mthd, reduced average packet size, reduced mean packet size from source. Suggested action: Unrecognized pattern — escalate to a human analyst for manual review."
48f,42,48689,Unknown,Overlap-Group-1,f_direction,ct_flw_http_mthd: cue 'extremely high' but SHAP for Overlap-Group-1 falls as the value rises (rho -0.21 on training rows),"This flow was flagged as an unrecognized (potential zero-day) pattern with 48.0% confidence. Main reasons: reduced source time-to-live, typical response body len, extremely high ct flw http mthd, reduced average packet size, reduced mean packet size from source. Suggested action: Unrecognized pattern — escalate to a human analyst for manual review."
48f,42,48689,Unknown,Overlap-Group-1,f_direction,avg_pkt_size: cue 'reduced' but SHAP for Overlap-Group-1 falls as the value rises (rho 0.44 on training rows),"This flow was flagged as an unrecognized (potential zero-day) pattern with 48.0% confidence. Main reasons: reduced source time-to-live, typical response body len, extremely high ct flw http mthd, reduced average packet size, reduced mean packet size from source. Suggested action: Unrecognized pattern — escalate to a human analyst for manual review."
48f,42,48814,Fuzzers,Fuzzers,f_direction,ct_dst_src_ltm: cue 'reduced' but SHAP for Fuzzers falls as the value rises (rho 0.74 on training rows),"This flow was flagged as Fuzzers with 67.0% confidence. Main reasons: unusually high source time-to-live, typical bytes sent by the source, typical bytes sent by the destination, reduced recent connections between this source and destination. Suggested action: Inspect the application for crash logs; consider input validation hardening."
48f,42,49295,Normal,Normal,f_direction,ct_state_ttl: cue 'unusually high' but SHAP for Normal falls as the value rises (rho -0.78 on training rows),"This flow was flagged as Normal with 99.5% confidence. Main reasons: unusually high connections with the same state and TTL, elevated connections to the same service and destination, typical sloss. Suggested action: No action required."
48f,42,49462,Fuzzers,Fuzzers,f_direction,ct_dst_src_ltm: cue 'reduced' but SHAP for Fuzzers falls as the value rises (rho 0.74 on training rows),"This flow was flagged as Fuzzers with 90.0% confidence. Main reasons: unusually high source time-to-live, typical bytes sent by the source, reduced recent connections between this source and destination, typical mean packet size from source, network service=-. Suggested action: Inspect the application for crash logs; consider input validation hardening."
48f,42,50376,Fuzzers,Fuzzers,f_direction,ct_dst_src_ltm: cue 'reduced' but SHAP for Fuzzers falls as the value rises (rho 0.74 on training rows),"This flow was flagged as Fuzzers with 64.8% confidence. Main reasons: unusually high source time-to-live, typical bytes sent by the source, reduced recent connections between this source and destination, reduced connections to the same service and destination. Suggested action: Inspect the application for crash logs; consider input validation hardening."
48f,42,50376,Fuzzers,Fuzzers,f_direction,ct_srv_dst: cue 'reduced' but SHAP for Fuzzers falls as the value rises (rho 0.72 on training rows),"This flow was flagged as Fuzzers with 64.8% confidence. Main reasons: unusually high source time-to-live, typical bytes sent by the source, reduced recent connections between this source and destination, reduced connections to the same service and destination. Suggested action: Inspect the application for crash logs; consider input validation hardening."
48f,42,51606,Unknown,Exploits,f_direction,avg_pkt_size: cue 'reduced' but SHAP for Exploits falls as the value rises (rho 0.39 on training rows),"This flow was flagged as an unrecognized (potential zero-day) pattern with 47.1% confidence. Main reasons: reduced recent connections between this source and destination, reduced average packet size, reduced connections to the same service from this source, unusually high destination time-to-live. Suggested action: Unrecognized pattern — escalate to a human analyst for manual review."
48f,42,52241,Fuzzers,Fuzzers,f_direction,ct_dst_src_ltm: cue 'reduced' but SHAP for Fuzzers falls as the value rises (rho 0.74 on training rows),"This flow was flagged as Fuzzers with 76.8% confidence. Main reasons: unusually high source time-to-live, typical bytes sent by the source, reduced recent connections between this source and destination, reduced connections to the same service and destination, network service=-. Suggested action: Inspect the application for crash logs; consider input validation hardening."
48f,42,52241,Fuzzers,Fuzzers,f_direction,ct_srv_dst: cue 'reduced' but SHAP for Fuzzers falls as the value rises (rho 0.72 on training rows),"This flow was flagged as Fuzzers with 76.8% confidence. Main reasons: unusually high source time-to-live, typical bytes sent by the source, reduced recent connections between this source and destination, reduced connections to the same service and destination, network service=-. Suggested action: Inspect the application for crash logs; consider input validation hardening."
48f,42,52485,Fuzzers,Fuzzers,f_direction,ct_dst_ltm: cue 'extremely high' but SHAP for Fuzzers falls as the value rises (rho -0.26 on training rows),"This flow was flagged as Fuzzers with 99.2% confidence. Main reasons: unusually high source time-to-live, extremely high connections to the same service and destination, extremely high recent connections to this destination, extremely high recent connections between this source and destination, network service=-. Suggested action: Inspect the application for crash logs; consider input validation hardening."
48f,42,52586,Overlap-Group-1,Overlap-Group-1,f_direction,ct_flw_http_mthd: cue 'extremely high' but SHAP for Overlap-Group-1 falls as the value rises (rho -0.21 on training rows),"This flow was flagged as Overlap-Group-1 with 68.4% confidence. Main reasons: typical response body len, extremely high ct flw http mthd, reduced source time-to-live, reduced average packet size, typical bytes sent by the source. Suggested action: Flagged as DoS, Backdoor, or Analysis-type behavior — this dataset's flow-level features can't reliably distinguish the three. Escalate for manual / packet-level inspection to determine the specific subtype."
48f,42,52586,Overlap-Group-1,Overlap-Group-1,f_direction,sttl: cue 'reduced' but SHAP for Overlap-Group-1 falls as the value rises (rho 0.70 on training rows),"This flow was flagged as Overlap-Group-1 with 68.4% confidence. Main reasons: typical response body len, extremely high ct flw http mthd, reduced source time-to-live, reduced average packet size, typical bytes sent by the source. Suggested action: Flagged as DoS, Backdoor, or Analysis-type behavior — this dataset's flow-level features can't reliably distinguish the three. Escalate for manual / packet-level inspection to determine the specific subtype."
48f,42,52586,Overlap-Group-1,Overlap-Group-1,f_direction,avg_pkt_size: cue 'reduced' but SHAP for Overlap-Group-1 falls as the value rises (rho 0.44 on training rows),"This flow was flagged as Overlap-Group-1 with 68.4% confidence. Main reasons: typical response body len, extremely high ct flw http mthd, reduced source time-to-live, reduced average packet size, typical bytes sent by the source. Suggested action: Flagged as DoS, Backdoor, or Analysis-type behavior — this dataset's flow-level features can't reliably distinguish the three. Escalate for manual / packet-level inspection to determine the specific subtype."
48f,42,52598,Overlap-Group-1,Overlap-Group-1,f_direction,ct_flw_http_mthd: cue 'extremely high' but SHAP for Overlap-Group-1 falls as the value rises (rho -0.21 on training rows),"This flow was flagged as Overlap-Group-1 with 93.5% confidence. Main reasons: extremely high ct flw http mthd, typical response body len, reduced average packet size, reduced source time-to-live, reduced mean packet size from source. Suggested action: Flagged as DoS, Backdoor, or Analysis-type behavior — this dataset's flow-level features can't reliably distinguish the three. Escalate for manual / packet-level inspection to determine the specific subtype."
48f,42,52598,Overlap-Group-1,Overlap-Group-1,f_direction,avg_pkt_size: cue 'reduced' but SHAP for Overlap-Group-1 falls as the value rises (rho 0.44 on training rows),"This flow was flagged as Overlap-Group-1 with 93.5% confidence. Main reasons: extremely high ct flw http mthd, typical response body len, reduced average packet size, reduced source time-to-live, reduced mean packet size from source. Suggested action: Flagged as DoS, Backdoor, or Analysis-type behavior — this dataset's flow-level features can't reliably distinguish the three. Escalate for manual / packet-level inspection to determine the specific subtype."
48f,42,52598,Overlap-Group-1,Overlap-Group-1,f_direction,sttl: cue 'reduced' but SHAP for Overlap-Group-1 falls as the value rises (rho 0.70 on training rows),"This flow was flagged as Overlap-Group-1 with 93.5% confidence. Main reasons: extremely high ct flw http mthd, typical response body len, reduced average packet size, reduced source time-to-live, reduced mean packet size from source. Suggested action: Flagged as DoS, Backdoor, or Analysis-type behavior — this dataset's flow-level features can't reliably distinguish the three. Escalate for manual / packet-level inspection to determine the specific subtype."
48f,42,53384,Unknown,Overlap-Group-1,f_direction,avg_pkt_size: cue 'reduced' but SHAP for Overlap-Group-1 falls as the value rises (rho 0.44 on training rows),"This flow was flagged as an unrecognized (potential zero-day) pattern with 50.0% confidence. Main reasons: typical response body len, reduced average packet size, reduced source time-to-live, extremely high ct flw http mthd. Suggested action: Unrecognized pattern — escalate to a human analyst for manual review."
48f,42,53384,Unknown,Overlap-Group-1,f_direction,sttl: cue 'reduced' but SHAP for Overlap-Group-1 falls as the value rises (rho 0.70 on training rows),"This flow was flagged as an unrecognized (potential zero-day) pattern with 50.0% confidence. Main reasons: typical response body len, reduced average packet size, reduced source time-to-live, extremely high ct flw http mthd. Suggested action: Unrecognized pattern — escalate to a human analyst for manual review."
48f,42,53384,Unknown,Overlap-Group-1,f_direction,ct_flw_http_mthd: cue 'extremely high' but SHAP for Overlap-Group-1 falls as the value rises (rho -0.21 on training rows),"This flow was flagged as an unrecognized (potential zero-day) pattern with 50.0% confidence. Main reasons: typical response body len, reduced average packet size, reduced source time-to-live, extremely high ct flw http mthd. Suggested action: Unrecognized pattern — escalate to a human analyst for manual review."
48f,42,53505,Unknown,Overlap-Group-1,f_direction,sttl: cue 'reduced' but SHAP for Overlap-Group-1 falls as the value rises (rho 0.70 on training rows),"This flow was flagged as an unrecognized (potential zero-day) pattern with 37.9% confidence. Main reasons: typical response body len, reduced source time-to-live, reduced mean packet size from source, typical bytes sent by the source. Suggested action: Unrecognized pattern — escalate to a human analyst for manual review."
48f,42,54311,Normal,Normal,f_direction,ct_srv_dst: cue 'reduced' but SHAP for Normal falls as the value rises (rho 0.67 on training rows),"This flow was flagged as Normal with 52.7% confidence. Main reasons: reduced connections to the same service and destination, reduced average packet size, reduced mean packet size from source, typical recent connections to this destination from the same source port. Suggested action: No action required."
48f,42,54311,Normal,Normal,f_direction,avg_pkt_size: cue 'reduced' but SHAP for Normal falls as the value rises (rho 0.21 on training rows),"This flow was flagged as Normal with 52.7% confidence. Main reasons: reduced connections to the same service and destination, reduced average packet size, reduced mean packet size from source, typical recent connections to this destination from the same source port. Suggested action: No action required."
48f,42,55498,Exploits,Exploits,f_direction,avg_pkt_size: cue 'reduced' but SHAP for Exploits falls as the value rises (rho 0.39 on training rows),"This flow was flagged as Exploits with 52.1% confidence. Main reasons: reduced recent connections between this source and destination, unusually high destination time-to-live, reduced average packet size. Suggested action: Isolate the target host and check for unpatched vulnerabilities."
48f,42,55793,Unknown,Exploits,f_direction,smean: cue 'reduced' but SHAP for Exploits falls as the value rises (rho 0.15 on training rows),"This flow was flagged as an unrecognized (potential zero-day) pattern with 38.2% confidence. Main reasons: reduced connections to the same service and destination, reduced mean packet size from source, unusually high destination time-to-live. Suggested action: Unrecognized pattern — escalate to a human analyst for manual review."
48f,43,744,Exploits,Exploits,f_direction,sttl: cue 'reduced' but SHAP for Exploits falls as the value rises (rho 0.62 on training rows),"This flow was flagged as Exploits with 99.3% confidence. Main reasons: reduced source time-to-live, reduced connections to the same service and destination, unusually high total bytes transferred, unusually high dloss, unusually high bytes sent by the destination. Suggested action: Isolate the target host and check for unpatched vulnerabilities."
48f,43,1151,Exploits,Exploits,f_direction,sttl: cue 'reduced' but SHAP for Exploits falls as the value rises (rho 0.62 on training rows),"This flow was flagged as Exploits with 98.8% confidence. Main reasons: reduced source time-to-live, reduced connections to the same service and destination, elevated bytes sent by the destination, reduced mean packet size from source, unusually high destination time-to-live. Suggested action: Isolate the target host and check for unpatched vulnerabilities."
48f,43,1859,Unknown,Overlap-Group-1,f_direction,avg_pkt_size: cue 'reduced' but SHAP for Overlap-Group-1 falls as the value rises (rho 0.43 on training rows),"This flow was flagged as an unrecognized (potential zero-day) pattern with 46.8% confidence. Main reasons: network protocol=unas, reduced average packet size, typical bytes sent by the source, unusually high source time-to-live. Suggested action: Unrecognized pattern — escalate to a human analyst for manual review."
48f,43,2767,Overlap-Group-1,Overlap-Group-1,f_direction,avg_pkt_size: cue 'reduced' but SHAP for Overlap-Group-1 falls as the value rises (rho 0.43 on training rows),"This flow was flagged as Overlap-Group-1 with 54.6% confidence. Main reasons: network protocol=ptp, reduced average packet size, typical bytes sent by the source, unusually high source time-to-live. Suggested action: Flagged as DoS, Backdoor, or Analysis-type behavior — this dataset's flow-level features can't reliably distinguish the three. Escalate for manual / packet-level inspection to determine the specific subtype."
48f,43,2974,Overlap-Group-1,Overlap-Group-1,f_direction,avg_pkt_size: cue 'reduced' but SHAP for Overlap-Group-1 falls as the value rises (rho 0.43 on training rows),"This flow was flagged as Overlap-Group-1 with 55.6% confidence. Main reasons: network protocol=unas, reduced average packet size, typical bytes sent by the source, unusually high source time-to-live. Suggested action: Flagged as DoS, Backdoor, or Analysis-type behavior — this dataset's flow-level features can't reliably distinguish the three. Escalate for manual / packet-level inspection to determine the specific subtype."
48f,43,3486,Exploits,Exploits,f_direction,sttl: cue 'reduced' but SHAP for Exploits falls as the value rises (rho 0.62 on training rows),"This flow was flagged as Exploits with 90.2% confidence. Main reasons: reduced source time-to-live, reduced connections to the same service and destination, network service=smtp, typical bytes sent by the destination, unusually high destination time-to-live. Suggested action: Isolate the target host and check for unpatched vulnerabilities."
48f,43,3629,Unknown,Exploits,f_direction,avg_pkt_size: cue 'reduced' but SHAP for Exploits falls as the value rises (rho 0.46 on training rows),"This flow was flagged as an unrecognized (potential zero-day) pattern with 47.0% confidence. Main reasons: reduced connections to the same service and destination, network service=http, reduced average packet size, reduced recent connections between this source and destination. Suggested action: Unrecognized pattern — escalate to a human analyst for manual review."
48f,43,3732,Overlap-Group-1,Overlap-Group-1,f_direction,avg_pkt_size: cue 'reduced' but SHAP for Overlap-Group-1 falls as the value rises (rho 0.43 on training rows),"This flow was flagged as Overlap-Group-1 with 57.3% confidence. Main reasons: network protocol=compaq-peer, reduced average packet size, typical bytes sent by the source, unusually high source time-to-live. Suggested action: Flagged as DoS, Backdoor, or Analysis-type behavior — this dataset's flow-level features can't reliably distinguish the three. Escalate for manual / packet-level inspection to determine the specific subtype."
48f,43,4283,Exploits,Exploits,f_direction,sttl: cue 'reduced' but SHAP for Exploits falls as the value rises (rho 0.62 on training rows),"This flow was flagged as Exploits with 98.1% confidence. Main reasons: reduced source time-to-live, reduced mean packet size from source, reduced connections to the same service and destination, elevated bytes sent by the destination, unusually high destination time-to-live. Suggested action: Isolate the target host and check for unpatched vulnerabilities."
48f,43,4761,Exploits,Exploits,f_direction,sttl: cue 'reduced' but SHAP for Exploits falls as the value rises (rho 0.62 on training rows),"This flow was flagged as Exploits with 99.6% confidence. Main reasons: reduced connections to the same service and destination, reduced source time-to-live, typical bytes sent by the destination, extremely high mean packet size from destination, unusually high destination time-to-live. Suggested action: Isolate the target host and check for unpatched vulnerabilities."
48f,43,5081,Fuzzers,Fuzzers,f_direction,ct_src_ltm: cue 'extremely high' but SHAP for Fuzzers falls as the value rises (rho -0.33 on training rows),"This flow was flagged as Fuzzers with 90.2% confidence. Main reasons: typical bytes sent by the destination, unusually high source time-to-live, network service=-, extremely high recent connections from this source. Suggested action: Inspect the application for crash logs; consider input validation hardening."
48f,43,5299,Exploits,Exploits,f_direction,sttl: cue 'reduced' but SHAP for Exploits falls as the value rises (rho 0.62 on training rows),"This flow was flagged as Exploits with 97.1% confidence. Main reasons: reduced connections to the same service and destination, reduced source time-to-live, typical bytes sent by the destination, unusually high destination time-to-live, typical dloss. Suggested action: Isolate the target host and check for unpatched vulnerabilities."
48f,43,5473,Exploits,Exploits,f_direction,sttl: cue 'reduced' but SHAP for Exploits falls as the value rises (rho 0.62 on training rows),"This flow was flagged as Exploits with 99.4% confidence. Main reasons: network service=smtp, reduced connections to the same service and destination, typical bytes sent by the destination, reduced source time-to-live, extremely high mean packet size from source. Suggested action: Isolate the target host and check for unpatched vulnerabilities."
48f,43,5473,Exploits,Exploits,f_direction,smean: cue 'extremely high' but SHAP for Exploits falls as the value rises (rho -0.12 on training rows),"This flow was flagged as Exploits with 99.4% confidence. Main reasons: network service=smtp, reduced connections to the same service and destination, typical bytes sent by the destination, reduced source time-to-live, extremely high mean packet size from source. Suggested action: Isolate the target host and check for unpatched vulnerabilities."
48f,43,6639,Overlap-Group-1,Overlap-Group-1,f_direction,avg_pkt_size: cue 'reduced' but SHAP for Overlap-Group-1 falls as the value rises (rho 0.43 on training rows),"This flow was flagged as Overlap-Group-1 with 70.9% confidence. Main reasons: typical response body len, reduced average packet size, reduced source time-to-live, typical total bytes transferred. Suggested action: Flagged as DoS, Backdoor, or Analysis-type behavior — this dataset's flow-level features can't reliably distinguish the three. Escalate for manual / packet-level inspection to determine the specific subtype."
48f,43,6639,Overlap-Group-1,Overlap-Group-1,f_direction,sttl: cue 'reduced' but SHAP for Overlap-Group-1 falls as the value rises (rho 0.69 on training rows),"This flow was flagged as Overlap-Group-1 with 70.9% confidence. Main reasons: typical response body len, reduced average packet size, reduced source time-to-live, typical total bytes transferred. Suggested action: Flagged as DoS, Backdoor, or Analysis-type behavior — this dataset's flow-level features can't reliably distinguish the three. Escalate for manual / packet-level inspection to determine the specific subtype."
48f,43,6815,Exploits,Exploits,f_direction,sttl: cue 'reduced' but SHAP for Exploits falls as the value rises (rho 0.62 on training rows),"This flow was flagged as Exploits with 99.3% confidence. Main reasons: reduced connections to the same service and destination, reduced source time-to-live, network service=smtp, typical bytes sent by the destination, unusually high destination time-to-live. Suggested action: Isolate the target host and check for unpatched vulnerabilities."
48f,43,6899,Overlap-Group-1,Overlap-Group-1,f_direction,avg_pkt_size: cue 'reduced' but SHAP for Overlap-Group-1 falls as the value rises (rho 0.43 on training rows),"This flow was flagged as Overlap-Group-1 with 51.6% confidence. Main reasons: network protocol=sun-nd, reduced average packet size, typical bytes sent by the source, unusually high source time-to-live, typical source data load. Suggested action: Flagged as DoS, Backdoor, or Analysis-type behavior — this dataset's flow-level features can't reliably distinguish the three. Escalate for manual / packet-level inspection to determine the specific subtype."
48f,43,7099,Generic,Generic,f_direction,ct_srv_src: cue 'unusually high' but SHAP for Generic falls as the value rises (rho -0.28 on training rows),"This flow was flagged as Generic with 100.0% confidence. Main reasons: typical total bytes transferred, network service=dns, typical bytes sent by the source, unusually high connections to the same service from this source. Suggested action: Review firewall rules for this flow's protocol/service combination."
48f,43,7276,Generic,Generic,f_direction,ct_srv_src: cue 'extremely high' but SHAP for Generic falls as the value rises (rho -0.28 on training rows),"This flow was flagged as Generic with 100.0% confidence. Main reasons: typical total bytes transferred, network service=dns, typical bytes sent by the source, extremely high connections to the same service from this source, extremely high recent connections between this source and destination. Suggested action: Review firewall rules for this flow's protocol/service combination."
48f,43,7276,Generic,Generic,f_direction,ct_dst_src_ltm: cue 'extremely high' but SHAP for Generic falls as the value rises (rho -0.74 on training rows),"This flow was flagged as Generic with 100.0% confidence. Main reasons: typical total bytes transferred, network service=dns, typical bytes sent by the source, extremely high connections to the same service from this source, extremely high recent connections between this source and destination. Suggested action: Review firewall rules for this flow's protocol/service combination."
48f,43,7349,Generic,Generic,f_direction,ct_srv_src: cue 'extremely high' but SHAP for Generic falls as the value rises (rho -0.28 on training rows),"This flow was flagged as Generic with 100.0% confidence. Main reasons: typical total bytes transferred, extremely high connections to the same service from this source, network service=dns, typical bytes sent by the source. Suggested action: Review firewall rules for this flow's protocol/service combination."
48f,43,7422,Generic,Generic,f_direction,ct_srv_src: cue 'extremely high' but SHAP for Generic falls as the value rises (rho -0.28 on training rows),"This flow was flagged as Generic with 100.0% confidence. Main reasons: typical total bytes transferred, network service=dns, extremely high connections to the same service from this source, typical bytes sent by the source. Suggested action: Review firewall rules for this flow's protocol/service combination."
48f,43,7527,Generic,Generic,f_direction,ct_srv_src: cue 'extremely high' but SHAP for Generic falls as the value rises (rho -0.28 on training rows),"This flow was flagged as Generic with 100.0% confidence. Main reasons: typical total bytes transferred, network service=dns, extremely high connections to the same service from this source, typical bytes sent by the source. Suggested action: Review firewall rules for this flow's protocol/service combination."
48f,43,7869,Generic,Generic,f_direction,ct_srv_src: cue 'extremely high' but SHAP for Generic falls as the value rises (rho -0.28 on training rows),"This flow was flagged as Generic with 100.0% confidence. Main reasons: typical total bytes transferred, network service=dns, typical bytes sent by the source, extremely high connections to the same service from this source, extremely high recent connections between this source and destination. Suggested action: Review firewall rules for this flow's protocol/service combination."
48f,43,7869,Generic,Generic,f_direction,ct_dst_src_ltm: cue 'extremely high' but SHAP for Generic falls as the value rises (rho -0.74 on training rows),"This flow was flagged as Generic with 100.0% confidence. Main reasons: typical total bytes transferred, network service=dns, typical bytes sent by the source, extremely high connections to the same service from this source, extremely high recent connections between this source and destination. Suggested action: Review firewall rules for this flow's protocol/service combination."
48f,43,8041,Generic,Generic,f_direction,ct_srv_src: cue 'extremely high' but SHAP for Generic falls as the value rises (rho -0.28 on training rows),"This flow was flagged as Generic with 100.0% confidence. Main reasons: typical total bytes transferred, network service=dns, typical bytes sent by the source, extremely high connections to the same service from this source, extremely high recent connections between this source and destination. Suggested action: Review firewall rules for this flow's protocol/service combination."
48f,43,8041,Generic,Generic,f_direction,ct_dst_src_ltm: cue 'extremely high' but SHAP for Generic falls as the value rises (rho -0.74 on training rows),"This flow was flagged as Generic with 100.0% confidence. Main reasons: typical total bytes transferred, network service=dns, typical bytes sent by the source, extremely high connections to the same service from this source, extremely high recent connections between this source and destination. Suggested action: Review firewall rules for this flow's protocol/service combination."
48f,43,8077,Generic,Generic,f_direction,ct_srv_src: cue 'extremely high' but SHAP for Generic falls as the value rises (rho -0.28 on training rows),"This flow was flagged as Generic with 100.0% confidence. Main reasons: typical total bytes transferred, extremely high connections to the same service from this source, network service=dns, typical bytes sent by the source. Suggested action: Review firewall rules for this flow's protocol/service combination."
48f,43,8163,Generic,Generic,f_direction,ct_srv_src: cue 'extremely high' but SHAP for Generic falls as the value rises (rho -0.28 on training rows),"This flow was flagged as Generic with 100.0% confidence. Main reasons: typical total bytes transferred, network service=dns, typical bytes sent by the source, extremely high connections to the same service from this source, extremely high recent connections between this source and destination. Suggested action: Review firewall rules for this flow's protocol/service combination."
48f,43,8163,Generic,Generic,f_direction,ct_dst_src_ltm: cue 'extremely high' but SHAP for Generic falls as the value rises (rho -0.74 on training rows),"This flow was flagged as Generic with 100.0% confidence. Main reasons: typical total bytes transferred, network service=dns, typical bytes sent by the source, extremely high connections to the same service from this source, extremely high recent connections between this source and destination. Suggested action: Review firewall rules for this flow's protocol/service combination."
48f,43,8187,Generic,Generic,f_direction,ct_srv_src: cue 'extremely high' but SHAP for Generic falls as the value rises (rho -0.28 on training rows),"This flow was flagged as Generic with 100.0% confidence. Main reasons: typical total bytes transferred, network service=dns, typical bytes sent by the source, extremely high connections to the same service from this source, extremely high recent connections to this destination. Suggested action: Review firewall rules for this flow's protocol/service combination."
48f,43,8187,Generic,Generic,f_direction,ct_dst_ltm: cue 'extremely high' but SHAP for Generic falls as the value rises (rho -0.28 on training rows),"This flow was flagged as Generic with 100.0% confidence. Main reasons: typical total bytes transferred, network service=dns, typical bytes sent by the source, extremely high connections to the same service from this source, extremely high recent connections to this destination. Suggested action: Review firewall rules for this flow's protocol/service combination."
48f,43,8283,Generic,Generic,f_direction,ct_srv_src: cue 'extremely high' but SHAP for Generic falls as the value rises (rho -0.28 on training rows),"This flow was flagged as Generic with 100.0% confidence. Main reasons: typical total bytes transferred, network service=dns, extremely high connections to the same service from this source, typical bytes sent by the source, extremely high recent connections between this source and destination. Suggested action: Review firewall rules for this flow's protocol/service combination."
48f,43,8283,Generic,Generic,f_direction,ct_dst_src_ltm: cue 'extremely high' but SHAP for Generic falls as the value rises (rho -0.74 on training rows),"This flow was flagged as Generic with 100.0% confidence. Main reasons: typical total bytes transferred, network service=dns, extremely high connections to the same service from this source, typical bytes sent by the source, extremely high recent connections between this source and destination. Suggested action: Review firewall rules for this flow's protocol/service combination."
48f,43,23588,Normal,Normal,f_direction,dload: cue 'reduced' but SHAP for Normal falls as the value rises (rho 0.45 on training rows),"This flow was flagged as Normal with 100.0% confidence. Main reasons: unusually low source time-to-live, reduced connections with the same state and TTL, reduced destination data load, unusually high mean packet size from destination. Suggested action: No action required."
48f,43,25238,Exploits,Exploits,f_direction,avg_pkt_size: cue 'reduced' but SHAP for Exploits falls as the value rises (rho 0.46 on training rows),"This flow was flagged as Exploits with 66.9% confidence. Main reasons: reduced average packet size, reduced recent connections between this source and destination, typical total bytes transferred. Suggested action: Isolate the target host and check for unpatched vulnerabilities."
48f,43,25420,Unknown,Overlap-Group-1,f_direction,sttl: cue 'reduced' but SHAP for Overlap-Group-1 falls as the value rises (rho 0.69 on training rows),"This flow was flagged as an unrecognized (potential zero-day) pattern with 49.4% confidence. Main reasons: typical response body len, reduced source time-to-live, reduced average packet size, reduced mean packet size from source. Suggested action: Unrecognized pattern — escalate to a human analyst for manual review."
48f,43,25420,Unknown,Overlap-Group-1,f_direction,avg_pkt_size: cue 'reduced' but SHAP for Overlap-Group-1 falls as the value rises (rho 0.43 on training rows),"This flow was flagged as an unrecognized (potential zero-day) pattern with 49.4% confidence. Main reasons: typical response body len, reduced source time-to-live, reduced average packet size, reduced mean packet size from source. Suggested action: Unrecognized pattern — escalate to a human analyst for manual review."
48f,43,25427,Unknown,Normal,f_direction,smean: cue 'elevated' but SHAP for Normal falls as the value rises (rho -0.16 on training rows),"This flow was flagged as an unrecognized (potential zero-day) pattern with 38.4% confidence. Main reasons: typical bytes sent by the source, elevated mean packet size from source. Suggested action: Unrecognized pattern — escalate to a human analyst for manual review."
48f,43,25706,Unknown,Overlap-Group-1,f_direction,sttl: cue 'reduced' but SHAP for Overlap-Group-1 falls as the value rises (rho 0.69 on training rows),"This flow was flagged as an unrecognized (potential zero-day) pattern with 49.3% confidence. Main reasons: typical response body len, reduced source time-to-live, reduced average packet size, reduced connections to the same service and destination. Suggested action: Unrecognized pattern — escalate to a human analyst for manual review."
48f,43,25706,Unknown,Overlap-Group-1,f_direction,avg_pkt_size: cue 'reduced' but SHAP for Overlap-Group-1 falls as the value rises (rho 0.43 on training rows),"This flow was flagged as an unrecognized (potential zero-day) pattern with 49.3% confidence. Main reasons: typical response body len, reduced source time-to-live, reduced average packet size, reduced connections to the same service and destination. Suggested action: Unrecognized pattern — escalate to a human analyst for manual review."
48f,43,26017,Normal,Normal,f_direction,ct_state_ttl: cue 'unusually high' but SHAP for Normal falls as the value rises (rho -0.80 on training rows),"This flow was flagged as Normal with 100.0% confidence. Main reasons: unusually high connections with the same state and TTL, extremely high TCP round-trip time, typical bytes sent by the source, typical connections to the same service and destination. Suggested action: No action required."
48f,43,26752,Unknown,Overlap-Group-1,f_direction,sttl: cue 'reduced' but SHAP for Overlap-Group-1 falls as the value rises (rho 0.69 on training rows),"This flow was flagged as an unrecognized (potential zero-day) pattern with 43.5% confidence. Main reasons: typical response body len, reduced source time-to-live, reduced average packet size, typical flow duration. Suggested action: Unrecognized pattern — escalate to a human analyst for manual review."
48f,43,26752,Unknown,Overlap-Group-1,f_direction,avg_pkt_size: cue 'reduced' but SHAP for Overlap-Group-1 falls as the value rises (rho 0.43 on training rows),"This flow was flagged as an unrecognized (potential zero-day) pattern with 43.5% confidence. Main reasons: typical response body len, reduced source time-to-live, reduced average packet size, typical flow duration. Suggested action: Unrecognized pattern — escalate to a human analyst for manual review."
48f,43,27045,Fuzzers,Fuzzers,f_direction,smean: cue 'reduced' but SHAP for Fuzzers falls as the value rises (rho 0.56 on training rows),"This flow was flagged as Fuzzers with 88.1% confidence. Main reasons: unusually high source time-to-live, reduced mean packet size from source, reduced average packet size, typical bytes sent by the source. Suggested action: Inspect the application for crash logs; consider input validation hardening."
48f,43,27160,Fuzzers,Fuzzers,f_direction,smean: cue 'reduced' but SHAP for Fuzzers falls as the value rises (rho 0.56 on training rows),"This flow was flagged as Fuzzers with 77.6% confidence. Main reasons: unusually high source time-to-live, reduced mean packet size from source, reduced average packet size, reduced recent connections between this source and destination. Suggested action: Inspect the application for crash logs; consider input validation hardening."
48f,43,27160,Fuzzers,Fuzzers,f_direction,ct_dst_src_ltm: cue 'reduced' but SHAP for Fuzzers falls as the value rises (rho 0.74 on training rows),"This flow was flagged as Fuzzers with 77.6% confidence. Main reasons: unusually high source time-to-live, reduced mean packet size from source, reduced average packet size, reduced recent connections between this source and destination. Suggested action: Inspect the application for crash logs; consider input validation hardening."
48f,43,27568,Unknown,Normal,f_direction,ct_srv_dst: cue 'reduced' but SHAP for Normal falls as the value rises (rho 0.83 on training rows),"This flow was flagged as an unrecognized (potential zero-day) pattern with 37.5% confidence. Main reasons: reduced connections to the same service and destination, typical response body len, typical mean packet size from destination. Suggested action: Unrecognized pattern — escalate to a human analyst for manual review."
48f,43,28441,Exploits,Exploits,f_direction,sttl: cue 'reduced' but SHAP for Exploits falls as the value rises (rho 0.62 on training rows),"This flow was flagged as Exploits with 58.2% confidence. Main reasons: typical response body len, typical mean packet size from destination, reduced source time-to-live. Suggested action: Isolate the target host and check for unpatched vulnerabilities."
48f,43,29181,Exploits,Exploits,f_direction,sttl: cue 'reduced' but SHAP for Exploits falls as the value rises (rho 0.62 on training rows),"This flow was flagged as Exploits with 96.6% confidence. Main reasons: reduced source time-to-live, reduced connections to the same service and destination, network service=smtp, typical bytes sent by the destination, unusually high destination time-to-live. Suggested action: Isolate the target host and check for unpatched vulnerabilities."
48f,43,29462,Exploits,Exploits,f_direction,avg_pkt_size: cue 'reduced' but SHAP for Exploits falls as the value rises (rho 0.46 on training rows),"This flow was flagged as Exploits with 71.7% confidence. Main reasons: reduced recent connections between this source and destination, reduced average packet size, typical source-to-destination byte ratio, typical mean packet size from source. Suggested action: Isolate the target host and check for unpatched vulnerabilities."
48f,43,30266,Exploits,Exploits,f_direction,sttl: cue 'reduced' but SHAP for Exploits falls as the value rises (rho 0.62 on training rows),"This flow was flagged as Exploits with 96.1% confidence. Main reasons: reduced connections to the same service and destination, reduced source time-to-live, unusually high destination time-to-live, typical total bytes transferred, typical bytes sent by the destination. Suggested action: Isolate the target host and check for unpatched vulnerabilities."
48f,43,31873,Overlap-Group-1,Overlap-Group-1,f_direction,sttl: cue 'reduced' but SHAP for Overlap-Group-1 falls as the value rises (rho 0.69 on training rows),"This flow was flagged as Overlap-Group-1 with 64.7% confidence. Main reasons: typical response body len, reduced source time-to-live, reduced connections to the same service and destination, reduced SYN-ACK handshake time, reduced average packet size. Suggested action: Flagged as DoS, Backdoor, or Analysis-type behavior — this dataset's flow-level features can't reliably distinguish the three. Escalate for manual / packet-level inspection to determine the specific subtype."
48f,43,31873,Overlap-Group-1,Overlap-Group-1,f_direction,avg_pkt_size: cue 'reduced' but SHAP for Overlap-Group-1 falls as the value rises (rho 0.43 on training rows),"This flow was flagged as Overlap-Group-1 with 64.7% confidence. Main reasons: typical response body len, reduced source time-to-live, reduced connections to the same service and destination, reduced SYN-ACK handshake time, reduced average packet size. Suggested action: Flagged as DoS, Backdoor, or Analysis-type behavior — this dataset's flow-level features can't reliably distinguish the three. Escalate for manual / packet-level inspection to determine the specific subtype."
48f,43,31915,Unknown,Fuzzers,f_direction,smean: cue 'reduced' but SHAP for Fuzzers falls as the value rises (rho 0.56 on training rows),"This flow was flagged as an unrecognized (potential zero-day) pattern with 43.2% confidence. Main reasons: unusually high source time-to-live, reduced mean packet size from source, reduced stcpb. Suggested action: Unrecognized pattern — escalate to a human analyst for manual review."
48f,43,32164,Overlap-Group-1,Overlap-Group-1,f_direction,avg_pkt_size: cue 'reduced' but SHAP for Overlap-Group-1 falls as the value rises (rho 0.43 on training rows),"This flow was flagged as Overlap-Group-1 with 64.6% confidence. Main reasons: reduced connections to the same service and destination, reduced average packet size, reduced connections to the same service from this source, unusually high source time-to-live, reduced recent connections between this source and destination. Suggested action: Flagged as DoS, Backdoor, or Analysis-type behavior — this dataset's flow-level features can't reliably distinguish the three. Escalate for manual / packet-level inspection to determine the specific subtype."
48f,43,33217,Unknown,Overlap-Group-1,f_direction,avg_pkt_size: cue 'reduced' but SHAP for Overlap-Group-1 falls as the value rises (rho 0.43 on training rows),"This flow was flagged as an unrecognized (potential zero-day) pattern with 48.6% confidence. Main reasons: network protocol=unas, reduced average packet size, typical bytes sent by the source. Suggested action: Unrecognized pattern — escalate to a human analyst for manual review."
48f,43,33373,Overlap-Group-1,Overlap-Group-1,f_direction,avg_pkt_size: cue 'reduced' but SHAP for Overlap-Group-1 falls as the value rises (rho 0.43 on training rows),"This flow was flagged as Overlap-Group-1 with 54.2% confidence. Main reasons: network protocol=unas, reduced average packet size, typical bytes sent by the source. Suggested action: Flagged as DoS, Backdoor, or Analysis-type behavior — this dataset's flow-level features can't reliably distinguish the three. Escalate for manual / packet-level inspection to determine the specific subtype."
48f,43,33599,Unknown,Overlap-Group-1,f_direction,avg_pkt_size: cue 'reduced' but SHAP for Overlap-Group-1 falls as the value rises (rho 0.43 on training rows),"This flow was flagged as an unrecognized (potential zero-day) pattern with 49.2% confidence. Main reasons: network protocol=gmtp, reduced average packet size, typical bytes sent by the source. Suggested action: Unrecognized pattern — escalate to a human analyst for manual review."
48f,43,33807,Generic,Generic,f_direction,avg_pkt_size: cue 'reduced' but SHAP for Generic falls as the value rises (rho 0.14 on training rows),"This flow was flagged as Generic with 99.8% confidence. Main reasons: typical total bytes transferred, network service=dns, typical bytes sent by the source, reduced average packet size. Suggested action: Review firewall rules for this flow's protocol/service combination."
48f,43,33854,Exploits,Exploits,f_direction,avg_pkt_size: cue 'reduced' but SHAP for Exploits falls as the value rises (rho 0.46 on training rows),"This flow was flagged as Exploits with 51.6% confidence. Main reasons: reduced connections to the same service and destination, reduced average packet size, network service=http, reduced connections to the same service from this source. Suggested action: Isolate the target host and check for unpatched vulnerabilities."
48f,43,34301,Generic,Generic,f_direction,avg_pkt_size: cue 'reduced' but SHAP for Generic falls as the value rises (rho 0.14 on training rows),"This flow was flagged as Generic with 99.8% confidence. Main reasons: typical total bytes transferred, network service=dns, typical bytes sent by the source, reduced average packet size. Suggested action: Review firewall rules for this flow's protocol/service combination."
48f,43,34321,Generic,Generic,f_direction,ct_srv_src: cue 'extremely high' but SHAP for Generic falls as the value rises (rho -0.28 on training rows),"This flow was flagged as Generic with 99.9% confidence. Main reasons: typical total bytes transferred, network service=dns, typical bytes sent by the source, extremely high connections to the same service from this source. Suggested action: Review firewall rules for this flow's protocol/service combination."
48f,43,34460,Overlap-Group-1,Overlap-Group-1,f_direction,avg_pkt_size: cue 'reduced' but SHAP for Overlap-Group-1 falls as the value rises (rho 0.43 on training rows),"This flow was flagged as Overlap-Group-1 with 51.4% confidence. Main reasons: reduced connections to the same service and destination, reduced average packet size, reduced source time-to-live, unusually high ACK data time. Suggested action: Flagged as DoS, Backdoor, or Analysis-type behavior — this dataset's flow-level features can't reliably distinguish the three. Escalate for manual / packet-level inspection to determine the specific subtype."
48f,43,34460,Overlap-Group-1,Overlap-Group-1,f_direction,sttl: cue 'reduced' but SHAP for Overlap-Group-1 falls as the value rises (rho 0.69 on training rows),"This flow was flagged as Overlap-Group-1 with 51.4% confidence. Main reasons: reduced connections to the same service and destination, reduced average packet size, reduced source time-to-live, unusually high ACK data time. Suggested action: Flagged as DoS, Backdoor, or Analysis-type behavior — this dataset's flow-level features can't reliably distinguish the three. Escalate for manual / packet-level inspection to determine the specific subtype."
48f,43,34743,Generic,Generic,f_direction,avg_pkt_size: cue 'reduced' but SHAP for Generic falls as the value rises (rho 0.14 on training rows),"This flow was flagged as Generic with 99.9% confidence. Main reasons: typical total bytes transferred, network service=dns, typical bytes sent by the source, reduced average packet size. Suggested action: Review firewall rules for this flow's protocol/service combination."
48f,43,34842,Unknown,Overlap-Group-1,f_direction,avg_pkt_size: cue 'reduced' but SHAP for Overlap-Group-1 falls as the value rises (rho 0.43 on training rows),"This flow was flagged as an unrecognized (potential zero-day) pattern with 33.2% confidence. Main reasons: network protocol=unas, reduced average packet size, typical bytes sent by the source. Suggested action: Unrecognized pattern — escalate to a human analyst for manual review."
48f,43,36039,Generic,Generic,f_direction,avg_pkt_size: cue 'reduced' but SHAP for Generic falls as the value rises (rho 0.14 on training rows),"This flow was flagged as Generic with 99.2% confidence. Main reasons: typical total bytes transferred, network service=dns, typical bytes sent by the source, reduced average packet size. Suggested action: Review firewall rules for this flow's protocol/service combination."
48f,43,36099,Unknown,Overlap-Group-1,f_direction,avg_pkt_size: cue 'reduced' but SHAP for Overlap-Group-1 falls as the value rises (rho 0.43 on training rows),"This flow was flagged as an unrecognized (potential zero-day) pattern with 45.5% confidence. Main reasons: network protocol=swipe, reduced average packet size, typical bytes sent by the source. Suggested action: Unrecognized pattern — escalate to a human analyst for manual review."
48f,43,36278,Overlap-Group-1,Overlap-Group-1,f_direction,avg_pkt_size: cue 'reduced' but SHAP for Overlap-Group-1 falls as the value rises (rho 0.43 on training rows),"This flow was flagged as Overlap-Group-1 with 58.4% confidence. Main reasons: network protocol=unas, reduced average packet size, typical bytes sent by the source. Suggested action: Flagged as DoS, Backdoor, or Analysis-type behavior — this dataset's flow-level features can't reliably distinguish the three. Escalate for manual / packet-level inspection to determine the specific subtype."
48f,43,36409,Overlap-Group-1,Overlap-Group-1,f_direction,avg_pkt_size: cue 'reduced' but SHAP for Overlap-Group-1 falls as the value rises (rho 0.43 on training rows),"This flow was flagged as Overlap-Group-1 with 53.3% confidence. Main reasons: network protocol=unas, reduced average packet size, typical bytes sent by the source. Suggested action: Flagged as DoS, Backdoor, or Analysis-type behavior — this dataset's flow-level features can't reliably distinguish the three. Escalate for manual / packet-level inspection to determine the specific subtype."
48f,43,36467,Overlap-Group-1,Overlap-Group-1,f_direction,avg_pkt_size: cue 'reduced' but SHAP for Overlap-Group-1 falls as the value rises (rho 0.43 on training rows),"This flow was flagged as Overlap-Group-1 with 58.5% confidence. Main reasons: network protocol=ipv6-no, reduced average packet size, typical bytes sent by the source. Suggested action: Flagged as DoS, Backdoor, or Analysis-type behavior — this dataset's flow-level features can't reliably distinguish the three. Escalate for manual / packet-level inspection to determine the specific subtype."
48f,43,36504,Generic,Generic,f_direction,avg_pkt_size: cue 'reduced' but SHAP for Generic falls as the value rises (rho 0.14 on training rows),"This flow was flagged as Generic with 99.9% confidence. Main reasons: typical total bytes transferred, network service=dns, typical bytes sent by the source, reduced average packet size. Suggested action: Review firewall rules for this flow's protocol/service combination."
48f,43,36830,Overlap-Group-1,Overlap-Group-1,f_direction,avg_pkt_size: cue 'reduced' but SHAP for Overlap-Group-1 falls as the value rises (rho 0.43 on training rows),"This flow was flagged as Overlap-Group-1 with 54.4% confidence. Main reasons: network protocol=unas, reduced average packet size, typical bytes sent by the source, unusually high recent connections to this destination from the same source port. Suggested action: Flagged as DoS, Backdoor, or Analysis-type behavior — this dataset's flow-level features can't reliably distinguish the three. Escalate for manual / packet-level inspection to determine the specific subtype."
48f,43,36926,Generic,Generic,f_direction,avg_pkt_size: cue 'reduced' but SHAP for Generic falls as the value rises (rho 0.14 on training rows),"This flow was flagged as Generic with 99.9% confidence. Main reasons: typical total bytes transferred, network service=dns, typical bytes sent by the source, reduced average packet size. Suggested action: Review firewall rules for this flow's protocol/service combination."
48f,43,37097,Overlap-Group-1,Overlap-Group-1,f_direction,avg_pkt_size: cue 'reduced' but SHAP for Overlap-Group-1 falls as the value rises (rho 0.43 on training rows),"This flow was flagged as Overlap-Group-1 with 54.1% confidence. Main reasons: network protocol=unas, reduced average packet size, typical bytes sent by the source. Suggested action: Flagged as DoS, Backdoor, or Analysis-type behavior — this dataset's flow-level features can't reliably distinguish the three. Escalate for manual / packet-level inspection to determine the specific subtype."
48f,43,37231,Generic,Generic,f_direction,avg_pkt_size: cue 'reduced' but SHAP for Generic falls as the value rises (rho 0.14 on training rows),"This flow was flagged as Generic with 99.9% confidence. Main reasons: typical total bytes transferred, network service=dns, typical bytes sent by the source, typical recent connections from this source, reduced average packet size. Suggested action: Review firewall rules for this flow's protocol/service combination."
48f,43,37261,Generic,Generic,f_direction,avg_pkt_size: cue 'reduced' but SHAP for Generic falls as the value rises (rho 0.14 on training rows),"This flow was flagged as Generic with 99.9% confidence. Main reasons: typical total bytes transferred, network service=dns, typical bytes sent by the source, typical recent connections from this source, reduced average packet size. Suggested action: Review firewall rules for this flow's protocol/service combination."
48f,43,37825,Fuzzers,Fuzzers,f_direction,ct_dst_src_ltm: cue 'reduced' but SHAP for Fuzzers falls as the value rises (rho 0.74 on training rows),"This flow was flagged as Fuzzers with 57.4% confidence. Main reasons: unusually high source time-to-live, typical bytes sent by the source, typical connections to the same service and destination, elevated connections to the same service from this source, reduced recent connections between this source and destination. Suggested action: Inspect the application for crash logs; consider input validation hardening."
48f,43,37919,Overlap-Group-1,Overlap-Group-1,f_direction,avg_pkt_size: cue 'reduced' but SHAP for Overlap-Group-1 falls as the value rises (rho 0.43 on training rows),"This flow was flagged as Overlap-Group-1 with 52.8% confidence. Main reasons: network protocol=cphb, reduced average packet size, typical bytes sent by the source. Suggested action: Flagged as DoS, Backdoor, or Analysis-type behavior — this dataset's flow-level features can't reliably distinguish the three. Escalate for manual / packet-level inspection to determine the specific subtype."
48f,43,38547,Overlap-Group-1,Overlap-Group-1,f_direction,avg_pkt_size: cue 'reduced' but SHAP for Overlap-Group-1 falls as the value rises (rho 0.43 on training rows),"This flow was flagged as Overlap-Group-1 with 97.1% confidence. Main reasons: reduced mean packet size from source, reduced mean packet size from destination, reduced average packet size, unusually high source time-to-live, typical bytes sent by the destination. Suggested action: Flagged as DoS, Backdoor, or Analysis-type behavior — this dataset's flow-level features can't reliably distinguish the three. Escalate for manual / packet-level inspection to determine the specific subtype."
48f,43,39156,Exploits,Exploits,f_direction,sttl: cue 'reduced' but SHAP for Exploits falls as the value rises (rho 0.62 on training rows),"This flow was flagged as Exploits with 86.2% confidence. Main reasons: typical mean packet size from destination, reduced recent connections between this source and destination, reduced source time-to-live, typical average packet size. Suggested action: Isolate the target host and check for unpatched vulnerabilities."
48f,43,39344,Exploits,Exploits,f_direction,sttl: cue 'reduced' but SHAP for Exploits falls as the value rises (rho 0.62 on training rows),"This flow was flagged as Exploits with 97.3% confidence. Main reasons: reduced connections to the same service and destination, reduced source time-to-live, typical bytes sent by the destination, typical total bytes transferred, typical mean packet size from destination. Suggested action: Isolate the target host and check for unpatched vulnerabilities."
48f,43,39408,Overlap-Group-1,Overlap-Group-1,f_direction,sloss: cue 'unusually high' but SHAP for Overlap-Group-1 falls as the value rises (rho -0.38 on training rows),"This flow was flagged as Overlap-Group-1 with 77.0% confidence. Main reasons: unusually high sloss, typical bytes sent by the destination, elevated total packets transferred. Suggested action: Flagged as DoS, Backdoor, or Analysis-type behavior — this dataset's flow-level features can't reliably distinguish the three. Escalate for manual / packet-level inspection to determine the specific subtype."
48f,43,39408,Overlap-Group-1,Overlap-Group-1,f_direction,total_pkts: cue 'elevated' but SHAP for Overlap-Group-1 falls as the value rises (rho -0.44 on training rows),"This flow was flagged as Overlap-Group-1 with 77.0% confidence. Main reasons: unusually high sloss, typical bytes sent by the destination, elevated total packets transferred. Suggested action: Flagged as DoS, Backdoor, or Analysis-type behavior — this dataset's flow-level features can't reliably distinguish the three. Escalate for manual / packet-level inspection to determine the specific subtype."
48f,43,40396,Exploits,Exploits,f_direction,avg_pkt_size: cue 'reduced' but SHAP for Exploits falls as the value rises (rho 0.46 on training rows),"This flow was flagged as Exploits with 74.1% confidence. Main reasons: reduced connections to the same service and destination, reduced average packet size, reduced recent connections between this source and destination, typical total bytes transferred. Suggested action: Isolate the target host and check for unpatched vulnerabilities."
48f,43,40526,Unknown,Normal,f_direction,ct_srv_dst: cue 'reduced' but SHAP for Normal falls as the value rises (rho 0.83 on training rows),"This flow was flagged as an unrecognized (potential zero-day) pattern with 48.8% confidence. Main reasons: reduced connections to the same service and destination, typical bytes sent by the destination, typical source-to-destination byte ratio. Suggested action: Unrecognized pattern — escalate to a human analyst for manual review."
48f,43,42682,Unknown,Normal,f_direction,ct_srv_dst: cue 'reduced' but SHAP for Normal falls as the value rises (rho 0.83 on training rows),"This flow was flagged as an unrecognized (potential zero-day) pattern with 49.7% confidence. Main reasons: typical bytes sent by the source, typical mean packet size from destination, reduced connections to the same service and destination. Suggested action: Unrecognized pattern — escalate to a human analyst for manual review."
48f,43,43033,Normal,Normal,f_direction,ct_state_ttl: cue 'extremely high' but SHAP for Normal falls as the value rises (rho -0.80 on training rows),"This flow was flagged as Normal with 99.7% confidence. Main reasons: extremely high connections with the same state and TTL, elevated connections to the same service and destination, reduced average packet size, typical sloss. Suggested action: No action required."
48f,43,43124,Normal,Normal,f_direction,ct_state_ttl: cue 'extremely high' but SHAP for Normal falls as the value rises (rho -0.80 on training rows),"This flow was flagged as Normal with 99.7% confidence. Main reasons: extremely high connections with the same state and TTL, elevated connections to the same service and destination, reduced average packet size, typical sloss. Suggested action: No action required."
48f,43,43362,Unknown,Overlap-Group-1,f_direction,sttl: cue 'reduced' but SHAP for Overlap-Group-1 falls as the value rises (rho 0.69 on training rows),"This flow was flagged as an unrecognized (potential zero-day) pattern with 48.6% confidence. Main reasons: typical response body len, reduced source time-to-live, unusually high ACK data time, reduced average packet size, reduced connections to the same service and destination. Suggested action: Unrecognized pattern — escalate to a human analyst for manual review."
48f,43,43362,Unknown,Overlap-Group-1,f_direction,avg_pkt_size: cue 'reduced' but SHAP for Overlap-Group-1 falls as the value rises (rho 0.43 on training rows),"This flow was flagged as an unrecognized (potential zero-day) pattern with 48.6% confidence. Main reasons: typical response body len, reduced source time-to-live, unusually high ACK data time, reduced average packet size, reduced connections to the same service and destination. Suggested action: Unrecognized pattern — escalate to a human analyst for manual review."
48f,43,43544,Fuzzers,Fuzzers,f_direction,smean: cue 'reduced' but SHAP for Fuzzers falls as the value rises (rho 0.56 on training rows),"This flow was flagged as Fuzzers with 76.5% confidence. Main reasons: unusually high source time-to-live, typical bytes sent by the destination, typical bytes sent by the source, reduced mean packet size from source. Suggested action: Inspect the application for crash logs; consider input validation hardening."
48f,43,45146,Fuzzers,Fuzzers,f_direction,ct_srv_dst: cue 'reduced' but SHAP for Fuzzers falls as the value rises (rho 0.65 on training rows),"This flow was flagged as Fuzzers with 93.5% confidence. Main reasons: unusually high source time-to-live, typical bytes sent by the source, reduced connections to the same service and destination, reduced recent connections between this source and destination, network service=-. Suggested action: Inspect the application for crash logs; consider input validation hardening."
48f,43,45146,Fuzzers,Fuzzers,f_direction,ct_dst_src_ltm: cue 'reduced' but SHAP for Fuzzers falls as the value rises (rho 0.74 on training rows),"This flow was flagged as Fuzzers with 93.5% confidence. Main reasons: unusually high source time-to-live, typical bytes sent by the source, reduced connections to the same service and destination, reduced recent connections between this source and destination, network service=-. Suggested action: Inspect the application for crash logs; consider input validation hardening."
48f,43,45596,Fuzzers,Fuzzers,f_direction,ct_dst_ltm: cue 'unusually high' but SHAP for Fuzzers falls as the value rises (rho -0.31 on training rows),"This flow was flagged as Fuzzers with 96.7% confidence. Main reasons: extremely high connections to the same service from this source, unusually high source time-to-live, unusually high mean packet size from source, unusually high recent connections to this destination, extremely high recent connections between this source and destination. Suggested action: Inspect the application for crash logs; consider input validation hardening."
48f,43,46624,Unknown,Fuzzers,f_direction,ct_srv_dst: cue 'reduced' but SHAP for Fuzzers falls as the value rises (rho 0.65 on training rows),"This flow was flagged as an unrecognized (potential zero-day) pattern with 49.2% confidence. Main reasons: unusually high source time-to-live, typical bytes sent by the source, elevated mean packet size from source, reduced connections to the same service and destination, typical recent connections between this source and destination. Suggested action: Unrecognized pattern — escalate to a human analyst for manual review."
48f,43,47581,Unknown,Exploits,f_direction,sttl: cue 'reduced' but SHAP for Exploits falls as the value rises (rho 0.62 on training rows),"This flow was flagged as an unrecognized (potential zero-day) pattern with 51.0% confidence. Main reasons: reduced connections to the same service and destination, reduced source time-to-live, typical source data load, typical mean packet size from destination. Suggested action: Unrecognized pattern — escalate to a human analyst for manual review."
48f,43,47797,Unknown,Normal,f_direction,ct_srv_dst: cue 'reduced' but SHAP for Normal falls as the value rises (rho 0.83 on training rows),"This flow was flagged as an unrecognized (potential zero-day) pattern with 48.5% confidence. Main reasons: reduced connections to the same service and destination, typical source-to-destination byte ratio, typical bytes sent by the destination, typical connections to the same service from this source. Suggested action: Unrecognized pattern — escalate to a human analyst for manual review."
48f,43,47808,Unknown,Exploits,f_direction,sttl: cue 'reduced' but SHAP for Exploits falls as the value rises (rho 0.62 on training rows),"This flow was flagged as an unrecognized (potential zero-day) pattern with 48.6% confidence. Main reasons: reduced connections to the same service and destination, reduced source time-to-live, typical mean packet size from destination. Suggested action: Unrecognized pattern — escalate to a human analyst for manual review."
48f,43,48215,Unknown,Exploits,f_direction,sttl: cue 'reduced' but SHAP for Exploits falls as the value rises (rho 0.62 on training rows),"This flow was flagged as an unrecognized (potential zero-day) pattern with 49.9% confidence. Main reasons: reduced connections to the same service and destination, reduced source time-to-live, typical mean packet size from destination. Suggested action: Unrecognized pattern — escalate to a human analyst for manual review."
48f,43,49560,Fuzzers,Fuzzers,f_direction,smean: cue 'reduced' but SHAP for Fuzzers falls as the value rises (rho 0.56 on training rows),"This flow was flagged as Fuzzers with 66.8% confidence. Main reasons: unusually high source time-to-live, reduced mean packet size from source, reduced average packet size, typical connections to the same service and destination, reduced recent connections between this source and destination. Suggested action: Inspect the application for crash logs; consider input validation hardening."
48f,43,49560,Fuzzers,Fuzzers,f_direction,ct_dst_src_ltm: cue 'reduced' but SHAP for Fuzzers falls as the value rises (rho 0.74 on training rows),"This flow was flagged as Fuzzers with 66.8% confidence. Main reasons: unusually high source time-to-live, reduced mean packet size from source, reduced average packet size, typical connections to the same service and destination, reduced recent connections between this source and destination. Suggested action: Inspect the application for crash logs; consider input validation hardening."
48f,43,51517,Unknown,Fuzzers,f_direction,smean: cue 'reduced' but SHAP for Fuzzers falls as the value rises (rho 0.56 on training rows),"This flow was flagged as an unrecognized (potential zero-day) pattern with 50.6% confidence. Main reasons: unusually high source time-to-live, reduced mean packet size from source, reduced average packet size, network service=-. Suggested action: Unrecognized pattern — escalate to a human analyst for manual review."
48f,43,51646,Unknown,Fuzzers,f_direction,ct_dst_src_ltm: cue 'reduced' but SHAP for Fuzzers falls as the value rises (rho 0.74 on training rows),"This flow was flagged as an unrecognized (potential zero-day) pattern with 46.4% confidence. Main reasons: unusually high source time-to-live, typical bytes sent by the source, network service=-, reduced recent connections between this source and destination. Suggested action: Unrecognized pattern — escalate to a human analyst for manual review."
48f,43,52099,Unknown,Exploits,f_direction,avg_pkt_size: cue 'reduced' but SHAP for Exploits falls as the value rises (rho 0.46 on training rows),"This flow was flagged as an unrecognized (potential zero-day) pattern with 44.1% confidence. Main reasons: reduced connections to the same service and destination, typical total bytes transferred, reduced recent connections between this source and destination, reduced average packet size. Suggested action: Unrecognized pattern — escalate to a human analyst for manual review."
48f,43,52604,Unknown,Exploits,f_direction,sttl: cue 'reduced' but SHAP for Exploits falls as the value rises (rho 0.62 on training rows),"This flow was flagged as an unrecognized (potential zero-day) pattern with 42.4% confidence. Main reasons: typical mean packet size from destination, reduced source time-to-live. Suggested action: Unrecognized pattern — escalate to a human analyst for manual review."
48f,43,53037,Unknown,Overlap-Group-1,f_direction,sttl: cue 'reduced' but SHAP for Overlap-Group-1 falls as the value rises (rho 0.69 on training rows),"This flow was flagged as an unrecognized (potential zero-day) pattern with 49.3% confidence. Main reasons: typical response body len, unusually high ACK data time, reduced source time-to-live, reduced average packet size, reduced connections to the same service and destination. Suggested action: Unrecognized pattern — escalate to a human analyst for manual review."
48f,43,53037,Unknown,Overlap-Group-1,f_direction,avg_pkt_size: cue 'reduced' but SHAP for Overlap-Group-1 falls as the value rises (rho 0.43 on training rows),"This flow was flagged as an unrecognized (potential zero-day) pattern with 49.3% confidence. Main reasons: typical response body len, unusually high ACK data time, reduced source time-to-live, reduced average packet size, reduced connections to the same service and destination. Suggested action: Unrecognized pattern — escalate to a human analyst for manual review."
48f,43,53464,Unknown,Overlap-Group-1,f_direction,sttl: cue 'reduced' but SHAP for Overlap-Group-1 falls as the value rises (rho 0.69 on training rows),"This flow was flagged as an unrecognized (potential zero-day) pattern with 48.3% confidence. Main reasons: typical response body len, reduced source time-to-live, reduced average packet size, typical source jitter. Suggested action: Unrecognized pattern — escalate to a human analyst for manual review."
48f,43,53464,Unknown,Overlap-Group-1,f_direction,avg_pkt_size: cue 'reduced' but SHAP for Overlap-Group-1 falls as the value rises (rho 0.43 on training rows),"This flow was flagged as an unrecognized (potential zero-day) pattern with 48.3% confidence. Main reasons: typical response body len, reduced source time-to-live, reduced average packet size, typical source jitter. Suggested action: Unrecognized pattern — escalate to a human analyst for manual review."
48f,43,53472,Overlap-Group-1,Overlap-Group-1,f_direction,avg_pkt_size: cue 'reduced' but SHAP for Overlap-Group-1 falls as the value rises (rho 0.43 on training rows),"This flow was flagged as Overlap-Group-1 with 64.1% confidence. Main reasons: typical response body len, reduced average packet size, reduced source time-to-live, typical bytes sent by the destination, extremely high SYN-ACK handshake time. Suggested action: Flagged as DoS, Backdoor, or Analysis-type behavior — this dataset's flow-level features can't reliably distinguish the three. Escalate for manual / packet-level inspection to determine the specific subtype."
48f,43,53472,Overlap-Group-1,Overlap-Group-1,f_direction,sttl: cue 'reduced' but SHAP for Overlap-Group-1 falls as the value rises (rho 0.69 on training rows),"This flow was flagged as Overlap-Group-1 with 64.1% confidence. Main reasons: typical response body len, reduced average packet size, reduced source time-to-live, typical bytes sent by the destination, extremely high SYN-ACK handshake time. Suggested action: Flagged as DoS, Backdoor, or Analysis-type behavior — this dataset's flow-level features can't reliably distinguish the three. Escalate for manual / packet-level inspection to determine the specific subtype."
48f,43,53472,Overlap-Group-1,Overlap-Group-1,f_direction,synack: cue 'extremely high' but SHAP for Overlap-Group-1 falls as the value rises (rho -0.60 on training rows),"This flow was flagged as Overlap-Group-1 with 64.1% confidence. Main reasons: typical response body len, reduced average packet size, reduced source time-to-live, typical bytes sent by the destination, extremely high SYN-ACK handshake time. Suggested action: Flagged as DoS, Backdoor, or Analysis-type behavior — this dataset's flow-level features can't reliably distinguish the three. Escalate for manual / packet-level inspection to determine the specific subtype."
48f,43,54226,Normal,Normal,f_direction,ct_state_ttl: cue 'unusually high' but SHAP for Normal falls as the value rises (rho -0.80 on training rows),"This flow was flagged as Normal with 99.9% confidence. Main reasons: unusually high connections with the same state and TTL, typical bytes sent by the source, extremely high TCP round-trip time, extremely high SYN-ACK handshake time. Suggested action: No action required."
48f,43,55941,Fuzzers,Fuzzers,f_direction,smean: cue 'reduced' but SHAP for Fuzzers falls as the value rises (rho 0.56 on training rows),"This flow was flagged as Fuzzers with 57.6% confidence. Main reasons: unusually high source time-to-live, reduced mean packet size from source, reduced average packet size. Suggested action: Inspect the application for crash logs; consider input validation hardening."
48f,44,79,Normal,Normal,f_direction,ct_srv_dst: cue 'reduced' but SHAP for Normal falls as the value rises (rho 0.86 on training rows),"This flow was flagged as Normal with 56.7% confidence. Main reasons: reduced connections to the same service and destination, reduced mean packet size from source, reduced average packet size, typical bytes sent by the source. Suggested action: No action required."
48f,44,79,Normal,Normal,f_direction,avg_pkt_size: cue 'reduced' but SHAP for Normal falls as the value rises (rho 0.23 on training rows),"This flow was flagged as Normal with 56.7% confidence. Main reasons: reduced connections to the same service and destination, reduced mean packet size from source, reduced average packet size, typical bytes sent by the source. Suggested action: No action required."
48f,44,594,Exploits,Exploits,f_direction,sttl: cue 'reduced' but SHAP for Exploits falls as the value rises (rho 0.57 on training rows),"This flow was flagged as Exploits with 99.6% confidence. Main reasons: network service=ftp-data, reduced mean packet size from source, reduced connections to the same service and destination, typical bytes sent by the source, reduced source time-to-live. Suggested action: Isolate the target host and check for unpatched vulnerabilities."
48f,44,1623,Overlap-Group-1,Overlap-Group-1,f_direction,avg_pkt_size: cue 'reduced' but SHAP for Overlap-Group-1 falls as the value rises (rho 0.51 on training rows),"This flow was flagged as Overlap-Group-1 with 61.2% confidence. Main reasons: network protocol=ipv6, reduced average packet size, typical bytes sent by the source, typical mean packet size from source. Suggested action: Flagged as DoS, Backdoor, or Analysis-type behavior — this dataset's flow-level features can't reliably distinguish the three. Escalate for manual / packet-level inspection to determine the specific subtype."
48f,44,1626,Overlap-Group-1,Overlap-Group-1,f_direction,ct_src_ltm: cue 'unusually high' but SHAP for Overlap-Group-1 falls as the value rises (rho -0.21 on training rows),"This flow was flagged as Overlap-Group-1 with 94.2% confidence. Main reasons: network protocol=unas, unusually high recent connections from this source, reduced average packet size, typical bytes sent by the source, typical recent connections to this destination from the same source port. Suggested action: Flagged as DoS, Backdoor, or Analysis-type behavior — this dataset's flow-level features can't reliably distinguish the three. Escalate for manual / packet-level inspection to determine the specific subtype."
48f,44,1626,Overlap-Group-1,Overlap-Group-1,f_direction,avg_pkt_size: cue 'reduced' but SHAP for Overlap-Group-1 falls as the value rises (rho 0.51 on training rows),"This flow was flagged as Overlap-Group-1 with 94.2% confidence. Main reasons: network protocol=unas, unusually high recent connections from this source, reduced average packet size, typical bytes sent by the source, typical recent connections to this destination from the same source port. Suggested action: Flagged as DoS, Backdoor, or Analysis-type behavior — this dataset's flow-level features can't reliably distinguish the three. Escalate for manual / packet-level inspection to determine the specific subtype."
48f,44,1850,Overlap-Group-1,Overlap-Group-1,f_direction,avg_pkt_size: cue 'reduced' but SHAP for Overlap-Group-1 falls as the value rises (rho 0.51 on training rows),"This flow was flagged as Overlap-Group-1 with 66.1% confidence. Main reasons: network protocol=unas, reduced average packet size, typical bytes sent by the source, typical mean packet size from source. Suggested action: Flagged as DoS, Backdoor, or Analysis-type behavior — this dataset's flow-level features can't reliably distinguish the three. Escalate for manual / packet-level inspection to determine the specific subtype."
48f,44,1866,Overlap-Group-1,Overlap-Group-1,f_direction,avg_pkt_size: cue 'reduced' but SHAP for Overlap-Group-1 falls as the value rises (rho 0.51 on training rows),"This flow was flagged as Overlap-Group-1 with 55.2% confidence. Main reasons: network protocol=unas, reduced average packet size, typical bytes sent by the source. Suggested action: Flagged as DoS, Backdoor, or Analysis-type behavior — this dataset's flow-level features can't reliably distinguish the three. Escalate for manual / packet-level inspection to determine the specific subtype."
48f,44,1887,Overlap-Group-1,Overlap-Group-1,f_direction,ct_src_ltm: cue 'unusually high' but SHAP for Overlap-Group-1 falls as the value rises (rho -0.21 on training rows),"This flow was flagged as Overlap-Group-1 with 83.8% confidence. Main reasons: network protocol=unas, unusually high recent connections from this source, reduced average packet size, typical bytes sent by the source. Suggested action: Flagged as DoS, Backdoor, or Analysis-type behavior — this dataset's flow-level features can't reliably distinguish the three. Escalate for manual / packet-level inspection to determine the specific subtype."
48f,44,1887,Overlap-Group-1,Overlap-Group-1,f_direction,avg_pkt_size: cue 'reduced' but SHAP for Overlap-Group-1 falls as the value rises (rho 0.51 on training rows),"This flow was flagged as Overlap-Group-1 with 83.8% confidence. Main reasons: network protocol=unas, unusually high recent connections from this source, reduced average packet size, typical bytes sent by the source. Suggested action: Flagged as DoS, Backdoor, or Analysis-type behavior — this dataset's flow-level features can't reliably distinguish the three. Escalate for manual / packet-level inspection to determine the specific subtype."
48f,44,1900,Overlap-Group-1,Overlap-Group-1,f_direction,avg_pkt_size: cue 'reduced' but SHAP for Overlap-Group-1 falls as the value rises (rho 0.51 on training rows),"This flow was flagged as Overlap-Group-1 with 78.7% confidence. Main reasons: network protocol=unas, reduced average packet size, unusually high recent connections from this source, typical bytes sent by the source. Suggested action: Flagged as DoS, Backdoor, or Analysis-type behavior — this dataset's flow-level features can't reliably distinguish the three. Escalate for manual / packet-level inspection to determine the specific subtype."
48f,44,1900,Overlap-Group-1,Overlap-Group-1,f_direction,ct_src_ltm: cue 'unusually high' but SHAP for Overlap-Group-1 falls as the value rises (rho -0.21 on training rows),"This flow was flagged as Overlap-Group-1 with 78.7% confidence. Main reasons: network protocol=unas, reduced average packet size, unusually high recent connections from this source, typical bytes sent by the source. Suggested action: Flagged as DoS, Backdoor, or Analysis-type behavior — this dataset's flow-level features can't reliably distinguish the three. Escalate for manual / packet-level inspection to determine the specific subtype."
48f,44,2040,Unknown,Fuzzers,f_direction,ct_srv_dst: cue 'reduced' but SHAP for Fuzzers falls as the value rises (rho 0.64 on training rows),"This flow was flagged as an unrecognized (potential zero-day) pattern with 52.5% confidence. Main reasons: elevated source time-to-live, typical bytes sent by the source, reduced connections to the same service and destination, network service=-. Suggested action: Unrecognized pattern — escalate to a human analyst for manual review."
48f,44,2075,Unknown,Overlap-Group-1,f_direction,avg_pkt_size: cue 'reduced' but SHAP for Overlap-Group-1 falls as the value rises (rho 0.51 on training rows),"This flow was flagged as an unrecognized (potential zero-day) pattern with 53.2% confidence. Main reasons: network protocol=iso-tp4, reduced average packet size, typical bytes sent by the source, typical mean packet size from source. Suggested action: Unrecognized pattern — escalate to a human analyst for manual review."
48f,44,2083,Overlap-Group-1,Overlap-Group-1,f_direction,ct_src_ltm: cue 'extremely high' but SHAP for Overlap-Group-1 falls as the value rises (rho -0.21 on training rows),"This flow was flagged as Overlap-Group-1 with 94.7% confidence. Main reasons: network protocol=unas, extremely high recent connections from this source, reduced average packet size, typical recent connections to this destination, unusually high recent connections to this destination from the same source port. Suggested action: Flagged as DoS, Backdoor, or Analysis-type behavior — this dataset's flow-level features can't reliably distinguish the three. Escalate for manual / packet-level inspection to determine the specific subtype."
48f,44,2083,Overlap-Group-1,Overlap-Group-1,f_direction,avg_pkt_size: cue 'reduced' but SHAP for Overlap-Group-1 falls as the value rises (rho 0.51 on training rows),"This flow was flagged as Overlap-Group-1 with 94.7% confidence. Main reasons: network protocol=unas, extremely high recent connections from this source, reduced average packet size, typical recent connections to this destination, unusually high recent connections to this destination from the same source port. Suggested action: Flagged as DoS, Backdoor, or Analysis-type behavior — this dataset's flow-level features can't reliably distinguish the three. Escalate for manual / packet-level inspection to determine the specific subtype."
48f,44,2221,Overlap-Group-1,Overlap-Group-1,f_direction,avg_pkt_size: cue 'reduced' but SHAP for Overlap-Group-1 falls as the value rises (rho 0.51 on training rows),"This flow was flagged as Overlap-Group-1 with 66.1% confidence. Main reasons: network protocol=unas, reduced average packet size, typical bytes sent by the source, typical mean packet size from source. Suggested action: Flagged as DoS, Backdoor, or Analysis-type behavior — this dataset's flow-level features can't reliably distinguish the three. Escalate for manual / packet-level inspection to determine the specific subtype."
48f,44,2530,Exploits,Exploits,f_direction,sttl: cue 'reduced' but SHAP for Exploits falls as the value rises (rho 0.57 on training rows),"This flow was flagged as Exploits with 92.7% confidence. Main reasons: network service=smtp, typical bytes sent by the destination, reduced connections to the same service and destination, reduced source time-to-live, typical dloss. Suggested action: Isolate the target host and check for unpatched vulnerabilities."
48f,44,3208,Overlap-Group-1,Overlap-Group-1,f_direction,avg_pkt_size: cue 'reduced' but SHAP for Overlap-Group-1 falls as the value rises (rho 0.51 on training rows),"This flow was flagged as Overlap-Group-1 with 55.0% confidence. Main reasons: network protocol=ddp, reduced average packet size, typical bytes sent by the source, typical mean packet size from source. Suggested action: Flagged as DoS, Backdoor, or Analysis-type behavior — this dataset's flow-level features can't reliably distinguish the three. Escalate for manual / packet-level inspection to determine the specific subtype."
48f,44,3653,Overlap-Group-1,Overlap-Group-1,f_direction,avg_pkt_size: cue 'reduced' but SHAP for Overlap-Group-1 falls as the value rises (rho 0.51 on training rows),"This flow was flagged as Overlap-Group-1 with 69.8% confidence. Main reasons: network protocol=xnet, reduced average packet size, unusually high recent connections from this source. Suggested action: Flagged as DoS, Backdoor, or Analysis-type behavior — this dataset's flow-level features can't reliably distinguish the three. Escalate for manual / packet-level inspection to determine the specific subtype."
48f,44,3653,Overlap-Group-1,Overlap-Group-1,f_direction,ct_src_ltm: cue 'unusually high' but SHAP for Overlap-Group-1 falls as the value rises (rho -0.21 on training rows),"This flow was flagged as Overlap-Group-1 with 69.8% confidence. Main reasons: network protocol=xnet, reduced average packet size, unusually high recent connections from this source. Suggested action: Flagged as DoS, Backdoor, or Analysis-type behavior — this dataset's flow-level features can't reliably distinguish the three. Escalate for manual / packet-level inspection to determine the specific subtype."
48f,44,4258,Overlap-Group-1,Overlap-Group-1,f_direction,sttl: cue 'reduced' but SHAP for Overlap-Group-1 falls as the value rises (rho 0.62 on training rows),"This flow was flagged as Overlap-Group-1 with 67.5% confidence. Main reasons: reduced source time-to-live, reduced connections to the same service and destination, typical total bytes transferred, reduced connections to the same service from this source. Suggested action: Flagged as DoS, Backdoor, or Analysis-type behavior — this dataset's flow-level features can't reliably distinguish the three. Escalate for manual / packet-level inspection to determine the specific subtype."
48f,44,4331,Overlap-Group-1,Overlap-Group-1,f_direction,sttl: cue 'reduced' but SHAP for Overlap-Group-1 falls as the value rises (rho 0.62 on training rows),"This flow was flagged as Overlap-Group-1 with 59.9% confidence. Main reasons: typical response body len, reduced source time-to-live, reduced average packet size, reduced connections to the same service and destination, network service=http. Suggested action: Flagged as DoS, Backdoor, or Analysis-type behavior — this dataset's flow-level features can't reliably distinguish the three. Escalate for manual / packet-level inspection to determine the specific subtype."
48f,44,4331,Overlap-Group-1,Overlap-Group-1,f_direction,avg_pkt_size: cue 'reduced' but SHAP for Overlap-Group-1 falls as the value rises (rho 0.51 on training rows),"This flow was flagged as Overlap-Group-1 with 59.9% confidence. Main reasons: typical response body len, reduced source time-to-live, reduced average packet size, reduced connections to the same service and destination, network service=http. Suggested action: Flagged as DoS, Backdoor, or Analysis-type behavior — this dataset's flow-level features can't reliably distinguish the three. Escalate for manual / packet-level inspection to determine the specific subtype."
48f,44,5127,Exploits,Exploits,f_direction,smean: cue 'extremely high' but SHAP for Exploits falls as the value rises (rho -0.11 on training rows),"This flow was flagged as Exploits with 54.6% confidence. Main reasons: network service=http, reduced connections to the same service and destination, reduced recent connections between this source and destination, extremely high mean packet size from source, unusually high destination time-to-live. Suggested action: Isolate the target host and check for unpatched vulnerabilities."
48f,44,6187,Exploits,Exploits,f_direction,sttl: cue 'reduced' but SHAP for Exploits falls as the value rises (rho 0.57 on training rows),"This flow was flagged as Exploits with 98.7% confidence. Main reasons: network service=ftp-data, reduced mean packet size from source, reduced connections to the same service and destination, reduced source time-to-live, typical bytes sent by the source. Suggested action: Isolate the target host and check for unpatched vulnerabilities."
48f,44,7127,Generic,Generic,f_direction,ct_dst_src_ltm: cue 'extremely high' but SHAP for Generic falls as the value rises (rho -0.63 on training rows),"This flow was flagged as Generic with 100.0% confidence. Main reasons: typical total bytes transferred, typical bytes sent by the source, network service=dns, extremely high recent connections between this source and destination. Suggested action: Review firewall rules for this flow's protocol/service combination."
48f,44,7282,Generic,Generic,f_direction,ct_dst_src_ltm: cue 'extremely high' but SHAP for Generic falls as the value rises (rho -0.63 on training rows),"This flow was flagged as Generic with 100.0% confidence. Main reasons: typical total bytes transferred, typical bytes sent by the source, network service=dns, extremely high recent connections between this source and destination. Suggested action: Review firewall rules for this flow's protocol/service combination."
48f,44,7525,Generic,Generic,f_direction,ct_dst_src_ltm: cue 'extremely high' but SHAP for Generic falls as the value rises (rho -0.63 on training rows),"This flow was flagged as Generic with 100.0% confidence. Main reasons: typical total bytes transferred, typical bytes sent by the source, network service=dns, extremely high recent connections between this source and destination. Suggested action: Review firewall rules for this flow's protocol/service combination."
48f,44,7584,Generic,Generic,f_direction,ct_dst_ltm: cue 'extremely high' but SHAP for Generic falls as the value rises (rho -0.33 on training rows),"This flow was flagged as Generic with 100.0% confidence. Main reasons: typical total bytes transferred, typical bytes sent by the source, network service=dns, extremely high recent connections to this destination. Suggested action: Review firewall rules for this flow's protocol/service combination."
48f,44,7589,Generic,Generic,f_direction,smean: cue 'reduced' but SHAP for Generic falls as the value rises (rho 0.47 on training rows),"This flow was flagged as Generic with 100.0% confidence. Main reasons: typical total bytes transferred, typical bytes sent by the source, network service=dns, reduced average packet size, reduced mean packet size from source. Suggested action: Review firewall rules for this flow's protocol/service combination."
48f,44,7716,Generic,Generic,f_direction,ct_dst_src_ltm: cue 'extremely high' but SHAP for Generic falls as the value rises (rho -0.63 on training rows),"This flow was flagged as Generic with 100.0% confidence. Main reasons: typical total bytes transferred, typical bytes sent by the source, network service=dns, extremely high recent connections between this source and destination, unusually high recent connections to this destination. Suggested action: Review firewall rules for this flow's protocol/service combination."
48f,44,7716,Generic,Generic,f_direction,ct_dst_ltm: cue 'unusually high' but SHAP for Generic falls as the value rises (rho -0.33 on training rows),"This flow was flagged as Generic with 100.0% confidence. Main reasons: typical total bytes transferred, typical bytes sent by the source, network service=dns, extremely high recent connections between this source and destination, unusually high recent connections to this destination. Suggested action: Review firewall rules for this flow's protocol/service combination."
48f,44,7731,Generic,Generic,f_direction,ct_dst_src_ltm: cue 'extremely high' but SHAP for Generic falls as the value rises (rho -0.63 on training rows),"This flow was flagged as Generic with 100.0% confidence. Main reasons: typical total bytes transferred, typical bytes sent by the source, network service=dns, extremely high recent connections between this source and destination. Suggested action: Review firewall rules for this flow's protocol/service combination."
48f,44,7866,Generic,Generic,f_direction,ct_dst_src_ltm: cue 'extremely high' but SHAP for Generic falls as the value rises (rho -0.63 on training rows),"This flow was flagged as Generic with 100.0% confidence. Main reasons: typical total bytes transferred, typical bytes sent by the source, extremely high recent connections between this source and destination, network service=dns. Suggested action: Review firewall rules for this flow's protocol/service combination."
48f,44,7877,Generic,Generic,f_direction,ct_dst_ltm: cue 'extremely high' but SHAP for Generic falls as the value rises (rho -0.33 on training rows),"This flow was flagged as Generic with 100.0% confidence. Main reasons: typical total bytes transferred, typical bytes sent by the source, network service=dns, extremely high recent connections to this destination. Suggested action: Review firewall rules for this flow's protocol/service combination."
48f,44,7936,Generic,Generic,f_direction,smean: cue 'reduced' but SHAP for Generic falls as the value rises (rho 0.47 on training rows),"This flow was flagged as Generic with 92.4% confidence. Main reasons: typical response body len, reduced mean packet size from source, typical bytes sent by the source, typical sloss, extremely high mean packet size from destination. Suggested action: Review firewall rules for this flow's protocol/service combination."
48f,44,7990,Generic,Generic,f_direction,ct_dst_src_ltm: cue 'extremely high' but SHAP for Generic falls as the value rises (rho -0.63 on training rows),"This flow was flagged as Generic with 100.0% confidence. Main reasons: typical total bytes transferred, typical bytes sent by the source, network service=dns, extremely high recent connections between this source and destination. Suggested action: Review firewall rules for this flow's protocol/service combination."
48f,44,8052,Generic,Generic,f_direction,ct_dst_src_ltm: cue 'extremely high' but SHAP for Generic falls as the value rises (rho -0.63 on training rows),"This flow was flagged as Generic with 100.0% confidence. Main reasons: typical total bytes transferred, typical bytes sent by the source, network service=dns, extremely high recent connections between this source and destination. Suggested action: Review firewall rules for this flow's protocol/service combination."
48f,44,8181,Generic,Generic,f_direction,ct_dst_ltm: cue 'extremely high' but SHAP for Generic falls as the value rises (rho -0.33 on training rows),"This flow was flagged as Generic with 100.0% confidence. Main reasons: typical total bytes transferred, typical bytes sent by the source, network service=dns, extremely high recent connections to this destination, extremely high recent connections between this source and destination. Suggested action: Review firewall rules for this flow's protocol/service combination."
48f,44,8181,Generic,Generic,f_direction,ct_dst_src_ltm: cue 'extremely high' but SHAP for Generic falls as the value rises (rho -0.63 on training rows),"This flow was flagged as Generic with 100.0% confidence. Main reasons: typical total bytes transferred, typical bytes sent by the source, network service=dns, extremely high recent connections to this destination, extremely high recent connections between this source and destination. Suggested action: Review firewall rules for this flow's protocol/service combination."
48f,44,8195,Generic,Generic,f_direction,ct_dst_src_ltm: cue 'extremely high' but SHAP for Generic falls as the value rises (rho -0.63 on training rows),"This flow was flagged as Generic with 100.0% confidence. Main reasons: typical total bytes transferred, typical bytes sent by the source, network service=dns, extremely high recent connections between this source and destination, reduced average packet size. Suggested action: Review firewall rules for this flow's protocol/service combination."
48f,44,11931,Normal,Normal,f_direction,tcprtt: cue 'reduced' but SHAP for Normal falls as the value rises (rho 0.21 on training rows),"This flow was flagged as Normal with 100.0% confidence. Main reasons: unusually low source time-to-live, unusually low connections with the same state and TTL, elevated connections to the same service and destination, elevated connections to the same service from this source, reduced TCP round-trip time. Suggested action: No action required."
48f,44,14133,Normal,Normal,f_direction,tcprtt: cue 'reduced' but SHAP for Normal falls as the value rises (rho 0.21 on training rows),"This flow was flagged as Normal with 100.0% confidence. Main reasons: unusually low source time-to-live, unusually low connections with the same state and TTL, reduced TCP round-trip time, reduced recent connections between this source and destination. Suggested action: No action required."
48f,44,14133,Normal,Normal,f_direction,ct_dst_src_ltm: cue 'reduced' but SHAP for Normal falls as the value rises (rho 0.66 on training rows),"This flow was flagged as Normal with 100.0% confidence. Main reasons: unusually low source time-to-live, unusually low connections with the same state and TTL, reduced TCP round-trip time, reduced recent connections between this source and destination. Suggested action: No action required."
48f,44,27288,Unknown,Overlap-Group-1,f_direction,avg_pkt_size: cue 'reduced' but SHAP for Overlap-Group-1 falls as the value rises (rho 0.51 on training rows),"This flow was flagged as an unrecognized (potential zero-day) pattern with 47.3% confidence. Main reasons: typical response body len, reduced average packet size, reduced source time-to-live, network service=http. Suggested action: Unrecognized pattern — escalate to a human analyst for manual review."
48f,44,27288,Unknown,Overlap-Group-1,f_direction,sttl: cue 'reduced' but SHAP for Overlap-Group-1 falls as the value rises (rho 0.62 on training rows),"This flow was flagged as an unrecognized (potential zero-day) pattern with 47.3% confidence. Main reasons: typical response body len, reduced average packet size, reduced source time-to-live, network service=http. Suggested action: Unrecognized pattern — escalate to a human analyst for manual review."
48f,44,27875,Fuzzers,Fuzzers,f_direction,ct_dst_ltm: cue 'unusually high' but SHAP for Fuzzers falls as the value rises (rho -0.19 on training rows),"This flow was flagged as Fuzzers with 87.6% confidence. Main reasons: elevated source time-to-live, unusually high recent connections from this source to the same destination port, network protocol=udp, unusually high recent connections to this destination, reduced average packet size. Suggested action: Inspect the application for crash logs; consider input validation hardening."
48f,44,28030,Exploits,Exploits,f_direction,smean: cue 'extremely high' but SHAP for Exploits falls as the value rises (rho -0.11 on training rows),"This flow was flagged as Exploits with 77.5% confidence. Main reasons: reduced recent connections between this source and destination, extremely high mean packet size from source, elevated sloss. Suggested action: Isolate the target host and check for unpatched vulnerabilities."
48f,44,28030,Exploits,Exploits,f_direction,sloss: cue 'elevated' but SHAP for Exploits falls as the value rises (rho -0.10 on training rows),"This flow was flagged as Exploits with 77.5% confidence. Main reasons: reduced recent connections between this source and destination, extremely high mean packet size from source, elevated sloss. Suggested action: Isolate the target host and check for unpatched vulnerabilities."
48f,44,28091,Exploits,Exploits,f_direction,sttl: cue 'reduced' but SHAP for Exploits falls as the value rises (rho 0.57 on training rows),"This flow was flagged as Exploits with 74.6% confidence. Main reasons: network service=http, reduced source time-to-live, reduced connections to the same service and destination, typical mean packet size from destination, unusually high destination time-to-live. Suggested action: Isolate the target host and check for unpatched vulnerabilities."
48f,44,28237,Exploits,Exploits,f_direction,sttl: cue 'reduced' but SHAP for Exploits falls as the value rises (rho 0.57 on training rows),"This flow was flagged as Exploits with 96.6% confidence. Main reasons: reduced mean packet size from source, reduced connections to the same service and destination, reduced source time-to-live, network service=pop3. Suggested action: Isolate the target host and check for unpatched vulnerabilities."
48f,44,28907,Exploits,Exploits,f_direction,sttl: cue 'reduced' but SHAP for Exploits falls as the value rises (rho 0.57 on training rows),"This flow was flagged as Exploits with 93.8% confidence. Main reasons: network service=pop3, reduced source time-to-live, reduced connections to the same service and destination, typical bytes sent by the destination, unusually high destination time-to-live. Suggested action: Isolate the target host and check for unpatched vulnerabilities."
48f,44,29389,Generic,Generic,f_direction,pkt_ratio: cue 'elevated' but SHAP for Generic falls as the value rises (rho -0.80 on training rows),"This flow was flagged as Generic with 89.8% confidence. Main reasons: network service=smtp, elevated mean packet size from source, typical sloss, typical source-to-destination byte ratio, elevated source-to-destination packet ratio. Suggested action: Review firewall rules for this flow's protocol/service combination."
48f,44,29564,Fuzzers,Fuzzers,f_direction,ct_dst_ltm: cue 'unusually high' but SHAP for Fuzzers falls as the value rises (rho -0.19 on training rows),"This flow was flagged as Fuzzers with 84.1% confidence. Main reasons: elevated source time-to-live, unusually high recent connections to this destination, extremely high connections to the same service and destination, extremely high mean packet size from source, unusually high average packet size. Suggested action: Inspect the application for crash logs; consider input validation hardening."
48f,44,29663,Unknown,Overlap-Group-1,f_direction,avg_pkt_size: cue 'reduced' but SHAP for Overlap-Group-1 falls as the value rises (rho 0.51 on training rows),"This flow was flagged as an unrecognized (potential zero-day) pattern with 47.4% confidence. Main reasons: reduced connections to the same service and destination, reduced average packet size, reduced connections to the same service from this source, reduced recent connections between this source and destination. Suggested action: Unrecognized pattern — escalate to a human analyst for manual review."
48f,44,30747,Overlap-Group-1,Overlap-Group-1,f_direction,avg_pkt_size: cue 'reduced' but SHAP for Overlap-Group-1 falls as the value rises (rho 0.51 on training rows),"This flow was flagged as Overlap-Group-1 with 66.6% confidence. Main reasons: network protocol=unas, reduced average packet size, typical bytes sent by the source, unusually high recent connections to this destination from the same source port. Suggested action: Flagged as DoS, Backdoor, or Analysis-type behavior — this dataset's flow-level features can't reliably distinguish the three. Escalate for manual / packet-level inspection to determine the specific subtype."
48f,44,30754,Exploits,Exploits,f_direction,sttl: cue 'reduced' but SHAP for Exploits falls as the value rises (rho 0.57 on training rows),"This flow was flagged as Exploits with 99.4% confidence. Main reasons: reduced connections to the same service and destination, network service=ftp, extremely high is ftp login, reduced source time-to-live, typical dloss. Suggested action: Isolate the target host and check for unpatched vulnerabilities."
48f,44,31629,Overlap-Group-1,Overlap-Group-1,f_direction,sttl: cue 'reduced' but SHAP for Overlap-Group-1 falls as the value rises (rho 0.62 on training rows),"This flow was flagged as Overlap-Group-1 with 71.0% confidence. Main reasons: reduced source time-to-live, typical bytes sent by the source, reduced average packet size, typical mean packet size from source. Suggested action: Flagged as DoS, Backdoor, or Analysis-type behavior — this dataset's flow-level features can't reliably distinguish the three. Escalate for manual / packet-level inspection to determine the specific subtype."
48f,44,31629,Overlap-Group-1,Overlap-Group-1,f_direction,avg_pkt_size: cue 'reduced' but SHAP for Overlap-Group-1 falls as the value rises (rho 0.51 on training rows),"This flow was flagged as Overlap-Group-1 with 71.0% confidence. Main reasons: reduced source time-to-live, typical bytes sent by the source, reduced average packet size, typical mean packet size from source. Suggested action: Flagged as DoS, Backdoor, or Analysis-type behavior — this dataset's flow-level features can't reliably distinguish the three. Escalate for manual / packet-level inspection to determine the specific subtype."
48f,44,31689,Unknown,Overlap-Group-1,f_direction,avg_pkt_size: cue 'reduced' but SHAP for Overlap-Group-1 falls as the value rises (rho 0.51 on training rows),"This flow was flagged as an unrecognized (potential zero-day) pattern with 42.0% confidence. Main reasons: network protocol=cftp, reduced average packet size, typical bytes sent by the source, typical mean packet size from source. Suggested action: Unrecognized pattern — escalate to a human analyst for manual review."
48f,44,32425,Unknown,Overlap-Group-1,f_direction,avg_pkt_size: cue 'reduced' but SHAP for Overlap-Group-1 falls as the value rises (rho 0.51 on training rows),"This flow was flagged as an unrecognized (potential zero-day) pattern with 34.3% confidence. Main reasons: network protocol=rdp, reduced average packet size, typical bytes sent by the source. Suggested action: Unrecognized pattern — escalate to a human analyst for manual review."
48f,44,32664,Exploits,Exploits,f_direction,sttl: cue 'reduced' but SHAP for Exploits falls as the value rises (rho 0.57 on training rows),"This flow was flagged as Exploits with 95.8% confidence. Main reasons: reduced connections to the same service and destination, network service=http, typical bytes sent by the destination, reduced source time-to-live, unusually high destination time-to-live. Suggested action: Isolate the target host and check for unpatched vulnerabilities."
48f,44,33915,Fuzzers,Fuzzers,f_direction,smean: cue 'reduced' but SHAP for Fuzzers falls as the value rises (rho 0.48 on training rows),"This flow was flagged as Fuzzers with 55.1% confidence. Main reasons: reduced mean packet size from source, elevated source time-to-live, typical total bytes transferred, reduced average packet size. Suggested action: Inspect the application for crash logs; consider input validation hardening."
48f,44,34106,Exploits,Exploits,f_direction,sttl: cue 'reduced' but SHAP for Exploits falls as the value rises (rho 0.57 on training rows),"This flow was flagged as Exploits with 98.4% confidence. Main reasons: reduced source time-to-live, typical dloss, extremely high mean packet size from destination, typical total bytes transferred, reduced mean packet size from source. Suggested action: Isolate the target host and check for unpatched vulnerabilities."
48f,44,34123,Exploits,Exploits,f_direction,sttl: cue 'reduced' but SHAP for Exploits falls as the value rises (rho 0.57 on training rows),"This flow was flagged as Exploits with 96.8% confidence. Main reasons: elevated dloss, network service=http, reduced connections to the same service and destination, elevated bytes sent by the destination, reduced source time-to-live. Suggested action: Isolate the target host and check for unpatched vulnerabilities."
48f,44,34216,Overlap-Group-1,Overlap-Group-1,f_direction,avg_pkt_size: cue 'reduced' but SHAP for Overlap-Group-1 falls as the value rises (rho 0.51 on training rows),"This flow was flagged as Overlap-Group-1 with 62.8% confidence. Main reasons: network protocol=sun-nd, reduced average packet size, typical bytes sent by the source. Suggested action: Flagged as DoS, Backdoor, or Analysis-type behavior — this dataset's flow-level features can't reliably distinguish the three. Escalate for manual / packet-level inspection to determine the specific subtype."
48f,44,34358,Unknown,Overlap-Group-1,f_direction,avg_pkt_size: cue 'reduced' but SHAP for Overlap-Group-1 falls as the value rises (rho 0.51 on training rows),"This flow was flagged as an unrecognized (potential zero-day) pattern with 36.2% confidence. Main reasons: reduced recent connections between this source and destination, reduced average packet size. Suggested action: Unrecognized pattern — escalate to a human analyst for manual review."
48f,44,34497,Exploits,Exploits,f_direction,avg_pkt_size: cue 'reduced' but SHAP for Exploits falls as the value rises (rho 0.48 on training rows),"This flow was flagged as Exploits with 63.1% confidence. Main reasons: reduced recent connections between this source and destination, reduced average packet size, elevated source time-to-live. Suggested action: Isolate the target host and check for unpatched vulnerabilities."
48f,44,34706,Fuzzers,Fuzzers,f_direction,smean: cue 'reduced' but SHAP for Fuzzers falls as the value rises (rho 0.48 on training rows),"This flow was flagged as Fuzzers with 57.9% confidence. Main reasons: elevated source time-to-live, reduced average packet size, reduced mean packet size from source, elevated recent connections from this source to the same destination port. Suggested action: Inspect the application for crash logs; consider input validation hardening."
48f,44,34710,Overlap-Group-1,Overlap-Group-1,f_direction,ct_src_ltm: cue 'unusually high' but SHAP for Overlap-Group-1 falls as the value rises (rho -0.21 on training rows),"This flow was flagged as Overlap-Group-1 with 89.3% confidence. Main reasons: network protocol=unas, unusually high recent connections from this source, reduced average packet size, typical bytes sent by the source, unusually high recent connections to this destination from the same source port. Suggested action: Flagged as DoS, Backdoor, or Analysis-type behavior — this dataset's flow-level features can't reliably distinguish the three. Escalate for manual / packet-level inspection to determine the specific subtype."
48f,44,34710,Overlap-Group-1,Overlap-Group-1,f_direction,avg_pkt_size: cue 'reduced' but SHAP for Overlap-Group-1 falls as the value rises (rho 0.51 on training rows),"This flow was flagged as Overlap-Group-1 with 89.3% confidence. Main reasons: network protocol=unas, unusually high recent connections from this source, reduced average packet size, typical bytes sent by the source, unusually high recent connections to this destination from the same source port. Suggested action: Flagged as DoS, Backdoor, or Analysis-type behavior — this dataset's flow-level features can't reliably distinguish the three. Escalate for manual / packet-level inspection to determine the specific subtype."
48f,44,35571,Overlap-Group-1,Overlap-Group-1,f_direction,avg_pkt_size: cue 'reduced' but SHAP for Overlap-Group-1 falls as the value rises (rho 0.51 on training rows),"This flow was flagged as Overlap-Group-1 with 63.6% confidence. Main reasons: network protocol=unas, reduced average packet size, typical bytes sent by the source. Suggested action: Flagged as DoS, Backdoor, or Analysis-type behavior — this dataset's flow-level features can't reliably distinguish the three. Escalate for manual / packet-level inspection to determine the specific subtype."
48f,44,35606,Overlap-Group-1,Overlap-Group-1,f_direction,avg_pkt_size: cue 'reduced' but SHAP for Overlap-Group-1 falls as the value rises (rho 0.51 on training rows),"This flow was flagged as Overlap-Group-1 with 63.5% confidence. Main reasons: network protocol=unas, reduced average packet size, typical bytes sent by the source. Suggested action: Flagged as DoS, Backdoor, or Analysis-type behavior — this dataset's flow-level features can't reliably distinguish the three. Escalate for manual / packet-level inspection to determine the specific subtype."
48f,44,35611,Fuzzers,Fuzzers,f_direction,smean: cue 'reduced' but SHAP for Fuzzers falls as the value rises (rho 0.48 on training rows),"This flow was flagged as Fuzzers with 90.9% confidence. Main reasons: reduced mean packet size from source, elevated source time-to-live, network protocol=udp, unusually high recent connections from this source to the same destination port, elevated recent connections between this source and destination. Suggested action: Inspect the application for crash logs; consider input validation hardening."
48f,44,35959,Overlap-Group-1,Overlap-Group-1,f_direction,avg_pkt_size: cue 'reduced' but SHAP for Overlap-Group-1 falls as the value rises (rho 0.51 on training rows),"This flow was flagged as Overlap-Group-1 with 64.0% confidence. Main reasons: network protocol=bna, reduced average packet size, typical bytes sent by the source, typical mean packet size from source. Suggested action: Flagged as DoS, Backdoor, or Analysis-type behavior — this dataset's flow-level features can't reliably distinguish the three. Escalate for manual / packet-level inspection to determine the specific subtype."
48f,44,36197,Overlap-Group-1,Overlap-Group-1,f_direction,avg_pkt_size: cue 'reduced' but SHAP for Overlap-Group-1 falls as the value rises (rho 0.51 on training rows),"This flow was flagged as Overlap-Group-1 with 71.3% confidence. Main reasons: network protocol=unas, reduced average packet size, typical bytes sent by the source. Suggested action: Flagged as DoS, Backdoor, or Analysis-type behavior — this dataset's flow-level features can't reliably distinguish the three. Escalate for manual / packet-level inspection to determine the specific subtype."
48f,44,36446,Exploits,Exploits,f_direction,sttl: cue 'reduced' but SHAP for Exploits falls as the value rises (rho 0.57 on training rows),"This flow was flagged as Exploits with 76.3% confidence. Main reasons: network service=http, reduced connections to the same service and destination, reduced source time-to-live, typical bytes sent by the destination, unusually high destination time-to-live. Suggested action: Isolate the target host and check for unpatched vulnerabilities."
48f,44,36967,Overlap-Group-1,Overlap-Group-1,f_direction,avg_pkt_size: cue 'reduced' but SHAP for Overlap-Group-1 falls as the value rises (rho 0.51 on training rows),"This flow was flagged as Overlap-Group-1 with 63.0% confidence. Main reasons: network protocol=nsfnet-igp, reduced average packet size, typical bytes sent by the source, elevated source time-to-live. Suggested action: Flagged as DoS, Backdoor, or Analysis-type behavior — this dataset's flow-level features can't reliably distinguish the three. Escalate for manual / packet-level inspection to determine the specific subtype."
48f,44,38218,Fuzzers,Fuzzers,f_direction,smean: cue 'reduced' but SHAP for Fuzzers falls as the value rises (rho 0.48 on training rows),"This flow was flagged as Fuzzers with 97.8% confidence. Main reasons: typical bytes sent by the destination, elevated source time-to-live, typical bytes sent by the source, reduced mean packet size from destination, reduced mean packet size from source. Suggested action: Inspect the application for crash logs; consider input validation hardening."
48f,44,38601,Exploits,Exploits,f_direction,sttl: cue 'reduced' but SHAP for Exploits falls as the value rises (rho 0.57 on training rows),"This flow was flagged as Exploits with 95.8% confidence. Main reasons: reduced connections to the same service and destination, typical total bytes transferred, typical dloss, extremely high mean packet size from destination, reduced source time-to-live. Suggested action: Isolate the target host and check for unpatched vulnerabilities."
48f,44,39716,Unknown,Normal,f_direction,ct_srv_dst: cue 'reduced' but SHAP for Normal falls as the value rises (rho 0.86 on training rows),"This flow was flagged as an unrecognized (potential zero-day) pattern with 38.4% confidence. Main reasons: elevated connections to the same service from this source, reduced recent connections from this source, reduced connections to the same service and destination. Suggested action: Unrecognized pattern — escalate to a human analyst for manual review."
48f,44,40265,Unknown,Fuzzers,f_direction,ct_dst_src_ltm: cue 'reduced' but SHAP for Fuzzers falls as the value rises (rho 0.80 on training rows),"This flow was flagged as an unrecognized (potential zero-day) pattern with 50.4% confidence. Main reasons: elevated source time-to-live, typical source-to-destination byte ratio, reduced recent connections between this source and destination, elevated source-to-destination packet ratio. Suggested action: Unrecognized pattern — escalate to a human analyst for manual review."
48f,44,40433,Overlap-Group-1,Overlap-Group-1,f_direction,sttl: cue 'reduced' but SHAP for Overlap-Group-1 falls as the value rises (rho 0.62 on training rows),"This flow was flagged as Overlap-Group-1 with 55.5% confidence. Main reasons: reduced mean packet size from source, typical bytes sent by the source, reduced source time-to-live, reduced destination data load, connection state=FIN. Suggested action: Flagged as DoS, Backdoor, or Analysis-type behavior — this dataset's flow-level features can't reliably distinguish the three. Escalate for manual / packet-level inspection to determine the specific subtype."
48f,44,40441,Fuzzers,Fuzzers,f_direction,ct_dst_src_ltm: cue 'reduced' but SHAP for Fuzzers falls as the value rises (rho 0.80 on training rows),"This flow was flagged as Fuzzers with 68.2% confidence. Main reasons: elevated source time-to-live, typical bytes sent by the source, elevated source-to-destination packet ratio, reduced recent connections between this source and destination, typical source-to-destination byte ratio. Suggested action: Inspect the application for crash logs; consider input validation hardening."
48f,44,40831,Unknown,Overlap-Group-1,f_direction,avg_pkt_size: cue 'reduced' but SHAP for Overlap-Group-1 falls as the value rises (rho 0.51 on training rows),"This flow was flagged as an unrecognized (potential zero-day) pattern with 49.6% confidence. Main reasons: typical response body len, reduced average packet size, extremely high ct flw http mthd, reduced source time-to-live, reduced mean packet size from source. Suggested action: Unrecognized pattern — escalate to a human analyst for manual review."
48f,44,40831,Unknown,Overlap-Group-1,f_direction,sttl: cue 'reduced' but SHAP for Overlap-Group-1 falls as the value rises (rho 0.62 on training rows),"This flow was flagged as an unrecognized (potential zero-day) pattern with 49.6% confidence. Main reasons: typical response body len, reduced average packet size, extremely high ct flw http mthd, reduced source time-to-live, reduced mean packet size from source. Suggested action: Unrecognized pattern — escalate to a human analyst for manual review."
48f,44,42792,Unknown,Normal,f_direction,smean: cue 'elevated' but SHAP for Normal falls as the value rises (rho -0.21 on training rows),"This flow was flagged as an unrecognized (potential zero-day) pattern with 48.7% confidence. Main reasons: network service=-, elevated mean packet size from source, typical bytes sent by the source. Suggested action: Unrecognized pattern — escalate to a human analyst for manual review."
48f,44,44267,Normal,Normal,f_direction,ct_srv_dst: cue 'reduced' but SHAP for Normal falls as the value rises (rho 0.86 on training rows),"This flow was flagged as Normal with 64.0% confidence. Main reasons: reduced mean packet size from source, reduced connections to the same service and destination, reduced average packet size, typical bytes sent by the source. Suggested action: No action required."
48f,44,44267,Normal,Normal,f_direction,avg_pkt_size: cue 'reduced' but SHAP for Normal falls as the value rises (rho 0.23 on training rows),"This flow was flagged as Normal with 64.0% confidence. Main reasons: reduced mean packet size from source, reduced connections to the same service and destination, reduced average packet size, typical bytes sent by the source. Suggested action: No action required."
48f,44,45068,Unknown,Fuzzers,f_direction,smean: cue 'reduced' but SHAP for Fuzzers falls as the value rises (rho 0.48 on training rows),"This flow was flagged as an unrecognized (potential zero-day) pattern with 47.9% confidence. Main reasons: elevated source time-to-live, reduced average packet size, reduced mean packet size from source. Suggested action: Unrecognized pattern — escalate to a human analyst for manual review."
48f,44,45081,Unknown,Fuzzers,f_direction,smean: cue 'reduced' but SHAP for Fuzzers falls as the value rises (rho 0.48 on training rows),"This flow was flagged as an unrecognized (potential zero-day) pattern with 53.1% confidence. Main reasons: elevated source time-to-live, reduced average packet size, reduced mean packet size from source. Suggested action: Unrecognized pattern — escalate to a human analyst for manual review."
48f,44,45458,Fuzzers,Fuzzers,f_direction,smean: cue 'reduced' but SHAP for Fuzzers falls as the value rises (rho 0.48 on training rows),"This flow was flagged as Fuzzers with 64.8% confidence. Main reasons: elevated source time-to-live, typical bytes sent by the source, reduced mean packet size from source, reduced recent connections between this source and destination. Suggested action: Inspect the application for crash logs; consider input validation hardening."
48f,44,45458,Fuzzers,Fuzzers,f_direction,ct_dst_src_ltm: cue 'reduced' but SHAP for Fuzzers falls as the value rises (rho 0.80 on training rows),"This flow was flagged as Fuzzers with 64.8% confidence. Main reasons: elevated source time-to-live, typical bytes sent by the source, reduced mean packet size from source, reduced recent connections between this source and destination. Suggested action: Inspect the application for crash logs; consider input validation hardening."
48f,44,45904,Unknown,Normal,f_direction,avg_pkt_size: cue 'reduced' but SHAP for Normal falls as the value rises (rho 0.23 on training rows),"This flow was flagged as an unrecognized (potential zero-day) pattern with 53.2% confidence. Main reasons: typical connections to the same service and destination, typical recent connections between this source and destination, reduced average packet size. Suggested action: Unrecognized pattern — escalate to a human analyst for manual review."
48f,44,47704,Unknown,Normal,f_direction,ct_srv_dst: cue 'reduced' but SHAP for Normal falls as the value rises (rho 0.86 on training rows),"This flow was flagged as an unrecognized (potential zero-day) pattern with 49.0% confidence. Main reasons: typical bytes sent by the destination, reduced connections to the same service and destination, typical bytes sent by the source. Suggested action: Unrecognized pattern — escalate to a human analyst for manual review."
48f,44,48074,Unknown,Overlap-Group-1,f_direction,avg_pkt_size: cue 'reduced' but SHAP for Overlap-Group-1 falls as the value rises (rho 0.51 on training rows),"This flow was flagged as an unrecognized (potential zero-day) pattern with 43.6% confidence. Main reasons: typical response body len, extremely high ct flw http mthd, reduced average packet size, reduced source time-to-live. Suggested action: Unrecognized pattern — escalate to a human analyst for manual review."
48f,44,48074,Unknown,Overlap-Group-1,f_direction,sttl: cue 'reduced' but SHAP for Overlap-Group-1 falls as the value rises (rho 0.62 on training rows),"This flow was flagged as an unrecognized (potential zero-day) pattern with 43.6% confidence. Main reasons: typical response body len, extremely high ct flw http mthd, reduced average packet size, reduced source time-to-live. Suggested action: Unrecognized pattern — escalate to a human analyst for manual review."
48f,44,48136,Unknown,Overlap-Group-1,f_direction,avg_pkt_size: cue 'reduced' but SHAP for Overlap-Group-1 falls as the value rises (rho 0.51 on training rows),"This flow was flagged as an unrecognized (potential zero-day) pattern with 52.6% confidence. Main reasons: reduced average packet size, typical response body len, reduced source time-to-live, network service=http. Suggested action: Unrecognized pattern — escalate to a human analyst for manual review."
48f,44,48136,Unknown,Overlap-Group-1,f_direction,sttl: cue 'reduced' but SHAP for Overlap-Group-1 falls as the value rises (rho 0.62 on training rows),"This flow was flagged as an unrecognized (potential zero-day) pattern with 52.6% confidence. Main reasons: reduced average packet size, typical response body len, reduced source time-to-live, network service=http. Suggested action: Unrecognized pattern — escalate to a human analyst for manual review."
48f,44,48687,Overlap-Group-1,Overlap-Group-1,f_direction,avg_pkt_size: cue 'reduced' but SHAP for Overlap-Group-1 falls as the value rises (rho 0.51 on training rows),"This flow was flagged as Overlap-Group-1 with 54.3% confidence. Main reasons: typical response body len, extremely high ct flw http mthd, reduced average packet size, reduced source time-to-live. Suggested action: Flagged as DoS, Backdoor, or Analysis-type behavior — this dataset's flow-level features can't reliably distinguish the three. Escalate for manual / packet-level inspection to determine the specific subtype."
48f,44,48687,Overlap-Group-1,Overlap-Group-1,f_direction,sttl: cue 'reduced' but SHAP for Overlap-Group-1 falls as the value rises (rho 0.62 on training rows),"This flow was flagged as Overlap-Group-1 with 54.3% confidence. Main reasons: typical response body len, extremely high ct flw http mthd, reduced average packet size, reduced source time-to-live. Suggested action: Flagged as DoS, Backdoor, or Analysis-type behavior — this dataset's flow-level features can't reliably distinguish the three. Escalate for manual / packet-level inspection to determine the specific subtype."
48f,44,49437,Unknown,Normal,f_direction,ct_dst_ltm: cue 'extremely high' but SHAP for Normal falls as the value rises (rho -0.56 on training rows),"This flow was flagged as an unrecognized (potential zero-day) pattern with 50.8% confidence. Main reasons: extremely high recent connections to this destination, typical connections to the same service and destination, typical source-to-destination byte ratio. Suggested action: Unrecognized pattern — escalate to a human analyst for manual review."
48f,44,49657,Fuzzers,Fuzzers,f_direction,smean: cue 'reduced' but SHAP for Fuzzers falls as the value rises (rho 0.48 on training rows),"This flow was flagged as Fuzzers with 58.9% confidence. Main reasons: elevated source time-to-live, reduced mean packet size from source, reduced average packet size, typical recent connections between this source and destination, elevated recent connections from this source to the same destination port. Suggested action: Inspect the application for crash logs; consider input validation hardening."
48f,44,49779,Fuzzers,Fuzzers,f_direction,smean: cue 'reduced' but SHAP for Fuzzers falls as the value rises (rho 0.48 on training rows),"This flow was flagged as Fuzzers with 66.6% confidence. Main reasons: elevated source time-to-live, reduced mean packet size from source, network protocol=udp, network service=-. Suggested action: Inspect the application for crash logs; consider input validation hardening."
48f,44,50107,Unknown,Normal,f_direction,avg_pkt_size: cue 'reduced' but SHAP for Normal falls as the value rises (rho 0.23 on training rows),"This flow was flagged as an unrecognized (potential zero-day) pattern with 50.8% confidence. Main reasons: typical connections to the same service and destination, typical recent connections between this source and destination, reduced average packet size, reduced mean packet size from source. Suggested action: Unrecognized pattern — escalate to a human analyst for manual review."
48f,44,51049,Fuzzers,Fuzzers,f_direction,smean: cue 'reduced' but SHAP for Fuzzers falls as the value rises (rho 0.48 on training rows),"This flow was flagged as Fuzzers with 61.8% confidence. Main reasons: elevated source time-to-live, reduced average packet size, reduced mean packet size from source, typical recent connections between this source and destination. Suggested action: Inspect the application for crash logs; consider input validation hardening."
48f,44,51512,Unknown,Normal,f_direction,avg_pkt_size: cue 'reduced' but SHAP for Normal falls as the value rises (rho 0.23 on training rows),"This flow was flagged as an unrecognized (potential zero-day) pattern with 53.5% confidence. Main reasons: unusually high connections to the same service and destination, reduced mean packet size from source, reduced average packet size, typical recent connections between this source and destination. Suggested action: Unrecognized pattern — escalate to a human analyst for manual review."
48f,44,53076,Normal,Normal,f_direction,ct_srv_dst: cue 'reduced' but SHAP for Normal falls as the value rises (rho 0.86 on training rows),"This flow was flagged as Normal with 63.0% confidence. Main reasons: reduced mean packet size from source, reduced connections to the same service and destination, reduced average packet size, typical bytes sent by the source. Suggested action: No action required."
48f,44,53076,Normal,Normal,f_direction,avg_pkt_size: cue 'reduced' but SHAP for Normal falls as the value rises (rho 0.23 on training rows),"This flow was flagged as Normal with 63.0% confidence. Main reasons: reduced mean packet size from source, reduced connections to the same service and destination, reduced average packet size, typical bytes sent by the source. Suggested action: No action required."
48f,44,53167,Normal,Normal,f_direction,ct_state_ttl: cue 'extremely high' but SHAP for Normal falls as the value rises (rho -0.78 on training rows),"This flow was flagged as Normal with 99.5% confidence. Main reasons: extremely high connections with the same state and TTL, typical connections to the same service and destination, reduced average packet size, typical sloss. Suggested action: No action required."
48f,44,53167,Normal,Normal,f_direction,avg_pkt_size: cue 'reduced' but SHAP for Normal falls as the value rises (rho 0.23 on training rows),"This flow was flagged as Normal with 99.5% confidence. Main reasons: extremely high connections with the same state and TTL, typical connections to the same service and destination, reduced average packet size, typical sloss. Suggested action: No action required."
48f,44,54520,Fuzzers,Fuzzers,f_direction,smean: cue 'reduced' but SHAP for Fuzzers falls as the value rises (rho 0.48 on training rows),"This flow was flagged as Fuzzers with 96.4% confidence. Main reasons: typical bytes sent by the source, elevated source time-to-live, network service=-, typical source jitter, reduced mean packet size from source. Suggested action: Inspect the application for crash logs; consider input validation hardening."
48f,44,54851,Unknown,Fuzzers,f_direction,smean: cue 'reduced' but SHAP for Fuzzers falls as the value rises (rho 0.48 on training rows),"This flow was flagged as an unrecognized (potential zero-day) pattern with 44.1% confidence. Main reasons: reduced mean packet size from source, elevated source time-to-live, network service=-, network protocol=udp. Suggested action: Unrecognized pattern — escalate to a human analyst for manual review."
48f,44,54891,Exploits,Exploits,f_direction,avg_pkt_size: cue 'reduced' but SHAP for Exploits falls as the value rises (rho 0.48 on training rows),"This flow was flagged as Exploits with 93.7% confidence. Main reasons: reduced connections to the same service and destination, typical bytes sent by the source, reduced average packet size, reduced recent connections between this source and destination, typical total bytes transferred. Suggested action: Isolate the target host and check for unpatched vulnerabilities."
48f,44,55272,Exploits,Exploits,f_direction,avg_pkt_size: cue 'reduced' but SHAP for Exploits falls as the value rises (rho 0.48 on training rows),"This flow was flagged as Exploits with 65.4% confidence. Main reasons: reduced connections to the same service and destination, reduced recent connections between this source and destination, reduced average packet size. Suggested action: Isolate the target host and check for unpatched vulnerabilities."
48f,44,56071,Unknown,Normal,f_direction,ct_srv_dst: cue 'reduced' but SHAP for Normal falls as the value rises (rho 0.86 on training rows),This flow was flagged as an unrecognized (potential zero-day) pattern with 46.2% confidence. Main reasons: reduced connections to the same service and destination. Suggested action: Unrecognized pattern — escalate to a human analyst for manual review.
48f,45,331,Overlap-Group-1,Overlap-Group-1,f_direction,sttl: cue 'reduced' but SHAP for Overlap-Group-1 falls as the value rises (rho 0.75 on training rows),"This flow was flagged as Overlap-Group-1 with 65.5% confidence. Main reasons: reduced source time-to-live, typical response body len, reduced average packet size, reduced connections to the same service and destination, typical total bytes transferred. Suggested action: Flagged as DoS, Backdoor, or Analysis-type behavior — this dataset's flow-level features can't reliably distinguish the three. Escalate for manual / packet-level inspection to determine the specific subtype."
48f,45,331,Overlap-Group-1,Overlap-Group-1,f_direction,avg_pkt_size: cue 'reduced' but SHAP for Overlap-Group-1 falls as the value rises (rho 0.46 on training rows),"This flow was flagged as Overlap-Group-1 with 65.5% confidence. Main reasons: reduced source time-to-live, typical response body len, reduced average packet size, reduced connections to the same service and destination, typical total bytes transferred. Suggested action: Flagged as DoS, Backdoor, or Analysis-type behavior — this dataset's flow-level features can't reliably distinguish the three. Escalate for manual / packet-level inspection to determine the specific subtype."
48f,45,1356,Unknown,Overlap-Group-1,f_direction,avg_pkt_size: cue 'reduced' but SHAP for Overlap-Group-1 falls as the value rises (rho 0.46 on training rows),"This flow was flagged as an unrecognized (potential zero-day) pattern with 48.0% confidence. Main reasons: network protocol=leaf-1, reduced average packet size, unusually high source time-to-live, typical bytes sent by the source. Suggested action: Unrecognized pattern — escalate to a human analyst for manual review."
48f,45,1590,Overlap-Group-1,Overlap-Group-1,f_direction,avg_pkt_size: cue 'reduced' but SHAP for Overlap-Group-1 falls as the value rises (rho 0.46 on training rows),"This flow was flagged as Overlap-Group-1 with 60.0% confidence. Main reasons: network protocol=ddp, reduced average packet size, typical bytes sent by the source, unusually high source time-to-live. Suggested action: Flagged as DoS, Backdoor, or Analysis-type behavior — this dataset's flow-level features can't reliably distinguish the three. Escalate for manual / packet-level inspection to determine the specific subtype."
48f,45,1601,Overlap-Group-1,Overlap-Group-1,f_direction,ct_src_ltm: cue 'unusually high' but SHAP for Overlap-Group-1 falls as the value rises (rho -0.28 on training rows),"This flow was flagged as Overlap-Group-1 with 91.4% confidence. Main reasons: network protocol=unas, unusually high recent connections from this source, reduced average packet size, typical bytes sent by the source, unusually high source time-to-live. Suggested action: Flagged as DoS, Backdoor, or Analysis-type behavior — this dataset's flow-level features can't reliably distinguish the three. Escalate for manual / packet-level inspection to determine the specific subtype."
48f,45,1601,Overlap-Group-1,Overlap-Group-1,f_direction,avg_pkt_size: cue 'reduced' but SHAP for Overlap-Group-1 falls as the value rises (rho 0.46 on training rows),"This flow was flagged as Overlap-Group-1 with 91.4% confidence. Main reasons: network protocol=unas, unusually high recent connections from this source, reduced average packet size, typical bytes sent by the source, unusually high source time-to-live. Suggested action: Flagged as DoS, Backdoor, or Analysis-type behavior — this dataset's flow-level features can't reliably distinguish the three. Escalate for manual / packet-level inspection to determine the specific subtype."
48f,45,1887,Overlap-Group-1,Overlap-Group-1,f_direction,ct_src_ltm: cue 'elevated' but SHAP for Overlap-Group-1 falls as the value rises (rho -0.28 on training rows),"This flow was flagged as Overlap-Group-1 with 86.3% confidence. Main reasons: network protocol=unas, elevated recent connections from this source, reduced average packet size, typical bytes sent by the source, unusually high source time-to-live. Suggested action: Flagged as DoS, Backdoor, or Analysis-type behavior — this dataset's flow-level features can't reliably distinguish the three. Escalate for manual / packet-level inspection to determine the specific subtype."
48f,45,1887,Overlap-Group-1,Overlap-Group-1,f_direction,avg_pkt_size: cue 'reduced' but SHAP for Overlap-Group-1 falls as the value rises (rho 0.46 on training rows),"This flow was flagged as Overlap-Group-1 with 86.3% confidence. Main reasons: network protocol=unas, elevated recent connections from this source, reduced average packet size, typical bytes sent by the source, unusually high source time-to-live. Suggested action: Flagged as DoS, Backdoor, or Analysis-type behavior — this dataset's flow-level features can't reliably distinguish the three. Escalate for manual / packet-level inspection to determine the specific subtype."
48f,45,1930,Overlap-Group-1,Overlap-Group-1,f_direction,ct_src_ltm: cue 'unusually high' but SHAP for Overlap-Group-1 falls as the value rises (rho -0.28 on training rows),"This flow was flagged as Overlap-Group-1 with 92.6% confidence. Main reasons: network protocol=unas, unusually high recent connections from this source, reduced average packet size, typical bytes sent by the source, unusually high source time-to-live. Suggested action: Flagged as DoS, Backdoor, or Analysis-type behavior — this dataset's flow-level features can't reliably distinguish the three. Escalate for manual / packet-level inspection to determine the specific subtype."
48f,45,1930,Overlap-Group-1,Overlap-Group-1,f_direction,avg_pkt_size: cue 'reduced' but SHAP for Overlap-Group-1 falls as the value rises (rho 0.46 on training rows),"This flow was flagged as Overlap-Group-1 with 92.6% confidence. Main reasons: network protocol=unas, unusually high recent connections from this source, reduced average packet size, typical bytes sent by the source, unusually high source time-to-live. Suggested action: Flagged as DoS, Backdoor, or Analysis-type behavior — this dataset's flow-level features can't reliably distinguish the three. Escalate for manual / packet-level inspection to determine the specific subtype."
48f,45,2127,Overlap-Group-1,Overlap-Group-1,f_direction,ct_src_ltm: cue 'extremely high' but SHAP for Overlap-Group-1 falls as the value rises (rho -0.28 on training rows),"This flow was flagged as Overlap-Group-1 with 96.1% confidence. Main reasons: network protocol=unas, extremely high recent connections from this source, reduced average packet size, elevated recent connections to this destination, unusually high recent connections to this destination from the same source port. Suggested action: Flagged as DoS, Backdoor, or Analysis-type behavior — this dataset's flow-level features can't reliably distinguish the three. Escalate for manual / packet-level inspection to determine the specific subtype."
48f,45,2127,Overlap-Group-1,Overlap-Group-1,f_direction,avg_pkt_size: cue 'reduced' but SHAP for Overlap-Group-1 falls as the value rises (rho 0.46 on training rows),"This flow was flagged as Overlap-Group-1 with 96.1% confidence. Main reasons: network protocol=unas, extremely high recent connections from this source, reduced average packet size, elevated recent connections to this destination, unusually high recent connections to this destination from the same source port. Suggested action: Flagged as DoS, Backdoor, or Analysis-type behavior — this dataset's flow-level features can't reliably distinguish the three. Escalate for manual / packet-level inspection to determine the specific subtype."
48f,45,2195,Overlap-Group-1,Overlap-Group-1,f_direction,avg_pkt_size: cue 'reduced' but SHAP for Overlap-Group-1 falls as the value rises (rho 0.46 on training rows),"This flow was flagged as Overlap-Group-1 with 62.7% confidence. Main reasons: network protocol=sps, reduced average packet size, typical bytes sent by the source, unusually high source time-to-live. Suggested action: Flagged as DoS, Backdoor, or Analysis-type behavior — this dataset's flow-level features can't reliably distinguish the three. Escalate for manual / packet-level inspection to determine the specific subtype."
48f,45,2574,Overlap-Group-1,Overlap-Group-1,f_direction,ct_src_ltm: cue 'unusually high' but SHAP for Overlap-Group-1 falls as the value rises (rho -0.28 on training rows),"This flow was flagged as Overlap-Group-1 with 92.7% confidence. Main reasons: network protocol=unas, unusually high recent connections from this source, reduced average packet size, typical bytes sent by the source, unusually high source time-to-live. Suggested action: Flagged as DoS, Backdoor, or Analysis-type behavior — this dataset's flow-level features can't reliably distinguish the three. Escalate for manual / packet-level inspection to determine the specific subtype."
48f,45,2574,Overlap-Group-1,Overlap-Group-1,f_direction,avg_pkt_size: cue 'reduced' but SHAP for Overlap-Group-1 falls as the value rises (rho 0.46 on training rows),"This flow was flagged as Overlap-Group-1 with 92.7% confidence. Main reasons: network protocol=unas, unusually high recent connections from this source, reduced average packet size, typical bytes sent by the source, unusually high source time-to-live. Suggested action: Flagged as DoS, Backdoor, or Analysis-type behavior — this dataset's flow-level features can't reliably distinguish the three. Escalate for manual / packet-level inspection to determine the specific subtype."
48f,45,2651,Overlap-Group-1,Overlap-Group-1,f_direction,sttl: cue 'reduced' but SHAP for Overlap-Group-1 falls as the value rises (rho 0.75 on training rows),"This flow was flagged as Overlap-Group-1 with 58.7% confidence. Main reasons: reduced source time-to-live, typical response body len, reduced average packet size, reduced connections to the same service and destination, reduced destination data load. Suggested action: Flagged as DoS, Backdoor, or Analysis-type behavior — this dataset's flow-level features can't reliably distinguish the three. Escalate for manual / packet-level inspection to determine the specific subtype."
48f,45,2651,Overlap-Group-1,Overlap-Group-1,f_direction,avg_pkt_size: cue 'reduced' but SHAP for Overlap-Group-1 falls as the value rises (rho 0.46 on training rows),"This flow was flagged as Overlap-Group-1 with 58.7% confidence. Main reasons: reduced source time-to-live, typical response body len, reduced average packet size, reduced connections to the same service and destination, reduced destination data load. Suggested action: Flagged as DoS, Backdoor, or Analysis-type behavior — this dataset's flow-level features can't reliably distinguish the three. Escalate for manual / packet-level inspection to determine the specific subtype."
48f,45,2803,Overlap-Group-1,Overlap-Group-1,f_direction,ct_src_ltm: cue 'unusually high' but SHAP for Overlap-Group-1 falls as the value rises (rho -0.28 on training rows),"This flow was flagged as Overlap-Group-1 with 89.7% confidence. Main reasons: network protocol=etherip, unusually high recent connections from this source, reduced average packet size, typical bytes sent by the source, unusually high source time-to-live. Suggested action: Flagged as DoS, Backdoor, or Analysis-type behavior — this dataset's flow-level features can't reliably distinguish the three. Escalate for manual / packet-level inspection to determine the specific subtype."
48f,45,2803,Overlap-Group-1,Overlap-Group-1,f_direction,avg_pkt_size: cue 'reduced' but SHAP for Overlap-Group-1 falls as the value rises (rho 0.46 on training rows),"This flow was flagged as Overlap-Group-1 with 89.7% confidence. Main reasons: network protocol=etherip, unusually high recent connections from this source, reduced average packet size, typical bytes sent by the source, unusually high source time-to-live. Suggested action: Flagged as DoS, Backdoor, or Analysis-type behavior — this dataset's flow-level features can't reliably distinguish the three. Escalate for manual / packet-level inspection to determine the specific subtype."
48f,45,3045,Exploits,Exploits,f_direction,sttl: cue 'reduced' but SHAP for Exploits falls as the value rises (rho 0.73 on training rows),"This flow was flagged as Exploits with 97.5% confidence. Main reasons: unusually high destination time-to-live, reduced source time-to-live, typical total bytes transferred, reduced connections to the same service and destination, typical bytes sent by the destination. Suggested action: Isolate the target host and check for unpatched vulnerabilities."
48f,45,3063,Overlap-Group-1,Overlap-Group-1,f_direction,avg_pkt_size: cue 'reduced' but SHAP for Overlap-Group-1 falls as the value rises (rho 0.46 on training rows),"This flow was flagged as Overlap-Group-1 with 58.3% confidence. Main reasons: typical response body len, reduced average packet size, reduced source time-to-live, reduced connections to the same service and destination, typical source jitter. Suggested action: Flagged as DoS, Backdoor, or Analysis-type behavior — this dataset's flow-level features can't reliably distinguish the three. Escalate for manual / packet-level inspection to determine the specific subtype."
48f,45,3063,Overlap-Group-1,Overlap-Group-1,f_direction,sttl: cue 'reduced' but SHAP for Overlap-Group-1 falls as the value rises (rho 0.75 on training rows),"This flow was flagged as Overlap-Group-1 with 58.3% confidence. Main reasons: typical response body len, reduced average packet size, reduced source time-to-live, reduced connections to the same service and destination, typical source jitter. Suggested action: Flagged as DoS, Backdoor, or Analysis-type behavior — this dataset's flow-level features can't reliably distinguish the three. Escalate for manual / packet-level inspection to determine the specific subtype."
48f,45,5554,Exploits,Exploits,f_direction,sttl: cue 'reduced' but SHAP for Exploits falls as the value rises (rho 0.73 on training rows),"This flow was flagged as Exploits with 97.1% confidence. Main reasons: reduced source time-to-live, reduced connections to the same service and destination, unusually high destination time-to-live, network service=smtp, extremely high average packet size. Suggested action: Isolate the target host and check for unpatched vulnerabilities."
48f,45,6423,Unknown,Overlap-Group-1,f_direction,avg_pkt_size: cue 'reduced' but SHAP for Overlap-Group-1 falls as the value rises (rho 0.46 on training rows),"This flow was flagged as an unrecognized (potential zero-day) pattern with 43.0% confidence. Main reasons: unusually high source time-to-live, reduced average packet size, typical bytes sent by the destination. Suggested action: Unrecognized pattern — escalate to a human analyst for manual review."
48f,45,7718,Generic,Generic,f_direction,avg_pkt_size: cue 'reduced' but SHAP for Generic falls as the value rises (rho 0.11 on training rows),"This flow was flagged as Generic with 100.0% confidence. Main reasons: typical total bytes transferred, typical bytes sent by the source, network service=dns, extremely high recent connections to this destination from the same source port, reduced average packet size. Suggested action: Review firewall rules for this flow's protocol/service combination."
48f,45,7856,Generic,Generic,f_direction,avg_pkt_size: cue 'reduced' but SHAP for Generic falls as the value rises (rho 0.11 on training rows),"This flow was flagged as Generic with 100.0% confidence. Main reasons: typical total bytes transferred, typical bytes sent by the source, network service=dns, unusually high recent connections to this destination from the same source port, reduced average packet size. Suggested action: Review firewall rules for this flow's protocol/service combination."
48f,45,7864,Generic,Generic,f_direction,avg_pkt_size: cue 'reduced' but SHAP for Generic falls as the value rises (rho 0.11 on training rows),"This flow was flagged as Generic with 100.0% confidence. Main reasons: typical total bytes transferred, extremely high recent connections to this destination from the same source port, typical bytes sent by the source, network service=dns, reduced average packet size. Suggested action: Review firewall rules for this flow's protocol/service combination."
48f,45,8008,Generic,Generic,f_direction,avg_pkt_size: cue 'reduced' but SHAP for Generic falls as the value rises (rho 0.11 on training rows),"This flow was flagged as Generic with 100.0% confidence. Main reasons: typical total bytes transferred, typical bytes sent by the source, network service=dns, unusually high recent connections to this destination from the same source port, reduced average packet size. Suggested action: Review firewall rules for this flow's protocol/service combination."
48f,45,8035,Generic,Generic,f_direction,avg_pkt_size: cue 'reduced' but SHAP for Generic falls as the value rises (rho 0.11 on training rows),"This flow was flagged as Generic with 100.0% confidence. Main reasons: typical total bytes transferred, typical bytes sent by the source, extremely high recent connections to this destination from the same source port, network service=dns, reduced average packet size. Suggested action: Review firewall rules for this flow's protocol/service combination."
48f,45,8066,Generic,Generic,f_direction,avg_pkt_size: cue 'reduced' but SHAP for Generic falls as the value rises (rho 0.11 on training rows),"This flow was flagged as Generic with 100.0% confidence. Main reasons: typical total bytes transferred, extremely high recent connections to this destination from the same source port, typical bytes sent by the source, network service=dns, reduced average packet size. Suggested action: Review firewall rules for this flow's protocol/service combination."
48f,45,8390,Generic,Generic,f_direction,avg_pkt_size: cue 'reduced' but SHAP for Generic falls as the value rises (rho 0.11 on training rows),"This flow was flagged as Generic with 100.0% confidence. Main reasons: typical total bytes transferred, extremely high recent connections to this destination from the same source port, typical bytes sent by the source, network service=dns, reduced average packet size. Suggested action: Review firewall rules for this flow's protocol/service combination."
48f,45,20564,Normal,Normal,f_direction,tcprtt: cue 'reduced' but SHAP for Normal falls as the value rises (rho 0.34 on training rows),"This flow was flagged as Normal with 100.0% confidence. Main reasons: reduced source time-to-live, reduced connections with the same state and TTL, typical connections to the same service from this source, reduced TCP round-trip time. Suggested action: No action required."
48f,45,25181,Normal,Normal,f_direction,ct_srv_dst: cue 'reduced' but SHAP for Normal falls as the value rises (rho 0.85 on training rows),"This flow was flagged as Normal with 50.3% confidence. Main reasons: typical bytes sent by the source, elevated mean packet size from source, reduced connections to the same service and destination, network service=-. Suggested action: No action required."
48f,45,25693,Unknown,Overlap-Group-1,f_direction,sttl: cue 'reduced' but SHAP for Overlap-Group-1 falls as the value rises (rho 0.75 on training rows),"This flow was flagged as an unrecognized (potential zero-day) pattern with 45.8% confidence. Main reasons: reduced source time-to-live, reduced average packet size, typical response body len, extremely high ct flw http mthd. Suggested action: Unrecognized pattern — escalate to a human analyst for manual review."
48f,45,25693,Unknown,Overlap-Group-1,f_direction,avg_pkt_size: cue 'reduced' but SHAP for Overlap-Group-1 falls as the value rises (rho 0.46 on training rows),"This flow was flagged as an unrecognized (potential zero-day) pattern with 45.8% confidence. Main reasons: reduced source time-to-live, reduced average packet size, typical response body len, extremely high ct flw http mthd. Suggested action: Unrecognized pattern — escalate to a human analyst for manual review."
48f,45,25693,Unknown,Overlap-Group-1,f_direction,ct_flw_http_mthd: cue 'extremely high' but SHAP for Overlap-Group-1 falls as the value rises (rho -0.32 on training rows),"This flow was flagged as an unrecognized (potential zero-day) pattern with 45.8% confidence. Main reasons: reduced source time-to-live, reduced average packet size, typical response body len, extremely high ct flw http mthd. Suggested action: Unrecognized pattern — escalate to a human analyst for manual review."
48f,45,25706,Unknown,Exploits,f_direction,sttl: cue 'reduced' but SHAP for Exploits falls as the value rises (rho 0.73 on training rows),"This flow was flagged as an unrecognized (potential zero-day) pattern with 47.9% confidence. Main reasons: reduced connections to the same service and destination, unusually high destination time-to-live, reduced source time-to-live. Suggested action: Unrecognized pattern — escalate to a human analyst for manual review."
48f,45,26915,Fuzzers,Fuzzers,f_direction,ct_srv_dst: cue 'reduced' but SHAP for Fuzzers falls as the value rises (rho 0.43 on training rows),"This flow was flagged as Fuzzers with 74.8% confidence. Main reasons: unusually high source time-to-live, network service=-, elevated mean packet size from source, reduced connections to the same service and destination. Suggested action: Inspect the application for crash logs; consider input validation hardening."
48f,45,27996,Fuzzers,Fuzzers,f_direction,smean: cue 'reduced' but SHAP for Fuzzers falls as the value rises (rho 0.49 on training rows),"This flow was flagged as Fuzzers with 94.7% confidence. Main reasons: typical bytes sent by the source, unusually high source time-to-live, reduced mean packet size from source, network service=-, typical source-to-destination byte ratio. Suggested action: Inspect the application for crash logs; consider input validation hardening."
48f,45,28306,Exploits,Exploits,f_direction,avg_pkt_size: cue 'reduced' but SHAP for Exploits falls as the value rises (rho 0.36 on training rows),"This flow was flagged as Exploits with 65.7% confidence. Main reasons: reduced recent connections between this source and destination, unusually high destination time-to-live, reduced average packet size. Suggested action: Isolate the target host and check for unpatched vulnerabilities."
48f,45,28619,Exploits,Exploits,f_direction,sttl: cue 'reduced' but SHAP for Exploits falls as the value rises (rho 0.73 on training rows),"This flow was flagged as Exploits with 95.7% confidence. Main reasons: reduced source time-to-live, unusually high destination time-to-live, reduced connections to the same service and destination, typical total bytes transferred, reduced mean packet size from source. Suggested action: Isolate the target host and check for unpatched vulnerabilities."
48f,45,28745,Fuzzers,Fuzzers,f_direction,smean: cue 'reduced' but SHAP for Fuzzers falls as the value rises (rho 0.49 on training rows),"This flow was flagged as Fuzzers with 57.2% confidence. Main reasons: unusually high source time-to-live, reduced mean packet size from source, reduced average packet size. Suggested action: Inspect the application for crash logs; consider input validation hardening."
48f,45,30473,Exploits,Exploits,f_direction,synack: cue 'reduced' but SHAP for Exploits falls as the value rises (rho 0.23 on training rows),"This flow was flagged as Exploits with 69.4% confidence. Main reasons: unusually high destination time-to-live, reduced connections to the same service and destination, network service=http, typical mean packet size from source, reduced SYN-ACK handshake time. Suggested action: Isolate the target host and check for unpatched vulnerabilities."
48f,45,30488,Overlap-Group-1,Overlap-Group-1,f_direction,avg_pkt_size: cue 'reduced' but SHAP for Overlap-Group-1 falls as the value rises (rho 0.46 on training rows),"This flow was flagged as Overlap-Group-1 with 50.5% confidence. Main reasons: typical sloss, typical bytes sent by the destination, reduced average packet size, unusually high source time-to-live, reduced recent connections between this source and destination. Suggested action: Flagged as DoS, Backdoor, or Analysis-type behavior — this dataset's flow-level features can't reliably distinguish the three. Escalate for manual / packet-level inspection to determine the specific subtype."
48f,45,30524,Exploits,Exploits,f_direction,sttl: cue 'reduced' but SHAP for Exploits falls as the value rises (rho 0.73 on training rows),"This flow was flagged as Exploits with 99.9% confidence. Main reasons: reduced source time-to-live, network service=ftp-data, unusually high destination time-to-live, reduced mean packet size from source, reduced connections to the same service and destination. Suggested action: Isolate the target host and check for unpatched vulnerabilities."
48f,45,30816,Exploits,Exploits,f_direction,smean: cue 'extremely high' but SHAP for Exploits falls as the value rises (rho -0.24 on training rows),"This flow was flagged as Exploits with 94.6% confidence. Main reasons: extremely high source-to-destination byte ratio, reduced connections to the same service and destination, unusually high destination time-to-live, extremely high mean packet size from source, extremely high average packet size. Suggested action: Isolate the target host and check for unpatched vulnerabilities."
48f,45,30871,Exploits,Exploits,f_direction,synack: cue 'reduced' but SHAP for Exploits falls as the value rises (rho 0.23 on training rows),"This flow was flagged as Exploits with 88.5% confidence. Main reasons: reduced connections to the same service and destination, unusually high destination time-to-live, reduced SYN-ACK handshake time, reduced destination data load. Suggested action: Isolate the target host and check for unpatched vulnerabilities."
48f,45,30990,Exploits,Exploits,f_direction,sttl: cue 'reduced' but SHAP for Exploits falls as the value rises (rho 0.73 on training rows),"This flow was flagged as Exploits with 99.2% confidence. Main reasons: reduced source time-to-live, unusually high destination time-to-live, reduced connections to the same service and destination, network service=smtp, extremely high mean packet size from source. Suggested action: Isolate the target host and check for unpatched vulnerabilities."
48f,45,30990,Exploits,Exploits,f_direction,smean: cue 'extremely high' but SHAP for Exploits falls as the value rises (rho -0.24 on training rows),"This flow was flagged as Exploits with 99.2% confidence. Main reasons: reduced source time-to-live, unusually high destination time-to-live, reduced connections to the same service and destination, network service=smtp, extremely high mean packet size from source. Suggested action: Isolate the target host and check for unpatched vulnerabilities."
48f,45,31211,Overlap-Group-1,Overlap-Group-1,f_direction,ct_src_ltm: cue 'unusually high' but SHAP for Overlap-Group-1 falls as the value rises (rho -0.28 on training rows),"This flow was flagged as Overlap-Group-1 with 90.4% confidence. Main reasons: network protocol=unas, unusually high recent connections from this source, reduced average packet size, typical bytes sent by the source, unusually high source time-to-live. Suggested action: Flagged as DoS, Backdoor, or Analysis-type behavior — this dataset's flow-level features can't reliably distinguish the three. Escalate for manual / packet-level inspection to determine the specific subtype."
48f,45,31211,Overlap-Group-1,Overlap-Group-1,f_direction,avg_pkt_size: cue 'reduced' but SHAP for Overlap-Group-1 falls as the value rises (rho 0.46 on training rows),"This flow was flagged as Overlap-Group-1 with 90.4% confidence. Main reasons: network protocol=unas, unusually high recent connections from this source, reduced average packet size, typical bytes sent by the source, unusually high source time-to-live. Suggested action: Flagged as DoS, Backdoor, or Analysis-type behavior — this dataset's flow-level features can't reliably distinguish the three. Escalate for manual / packet-level inspection to determine the specific subtype."
48f,45,31386,Overlap-Group-1,Overlap-Group-1,f_direction,avg_pkt_size: cue 'reduced' but SHAP for Overlap-Group-1 falls as the value rises (rho 0.46 on training rows),"This flow was flagged as Overlap-Group-1 with 72.1% confidence. Main reasons: network protocol=ipv6-opts, reduced average packet size, typical bytes sent by the source, unusually high source time-to-live. Suggested action: Flagged as DoS, Backdoor, or Analysis-type behavior — this dataset's flow-level features can't reliably distinguish the three. Escalate for manual / packet-level inspection to determine the specific subtype."
48f,45,31668,Exploits,Exploits,f_direction,sttl: cue 'reduced' but SHAP for Exploits falls as the value rises (rho 0.73 on training rows),"This flow was flagged as Exploits with 95.7% confidence. Main reasons: reduced source time-to-live, unusually high destination time-to-live, reduced connections to the same service and destination, typical total bytes transferred, typical dloss. Suggested action: Isolate the target host and check for unpatched vulnerabilities."
48f,45,31670,Generic,Generic,f_direction,avg_pkt_size: cue 'reduced' but SHAP for Generic falls as the value rises (rho 0.11 on training rows),"This flow was flagged as Generic with 98.3% confidence. Main reasons: typical total bytes transferred, typical bytes sent by the source, network service=dns, reduced average packet size. Suggested action: Review firewall rules for this flow's protocol/service combination."
48f,45,31816,Exploits,Exploits,f_direction,sttl: cue 'reduced' but SHAP for Exploits falls as the value rises (rho 0.73 on training rows),"This flow was flagged as Exploits with 99.7% confidence. Main reasons: reduced source time-to-live, reduced connections to the same service and destination, unusually high destination time-to-live, network service=smtp, extremely high mean packet size from source. Suggested action: Isolate the target host and check for unpatched vulnerabilities."
48f,45,31816,Exploits,Exploits,f_direction,smean: cue 'extremely high' but SHAP for Exploits falls as the value rises (rho -0.24 on training rows),"This flow was flagged as Exploits with 99.7% confidence. Main reasons: reduced source time-to-live, reduced connections to the same service and destination, unusually high destination time-to-live, network service=smtp, extremely high mean packet size from source. Suggested action: Isolate the target host and check for unpatched vulnerabilities."
48f,45,33292,Unknown,Overlap-Group-1,f_direction,avg_pkt_size: cue 'reduced' but SHAP for Overlap-Group-1 falls as the value rises (rho 0.46 on training rows),"This flow was flagged as an unrecognized (potential zero-day) pattern with 34.8% confidence. Main reasons: network protocol=unas, reduced average packet size, typical bytes sent by the source, unusually high source time-to-live. Suggested action: Unrecognized pattern — escalate to a human analyst for manual review."
48f,45,33382,Exploits,Exploits,f_direction,sttl: cue 'reduced' but SHAP for Exploits falls as the value rises (rho 0.73 on training rows),"This flow was flagged as Exploits with 57.7% confidence. Main reasons: unusually high destination time-to-live, reduced source time-to-live, typical total bytes transferred. Suggested action: Isolate the target host and check for unpatched vulnerabilities."
48f,45,33833,Normal,Normal,f_direction,avg_pkt_size: cue 'reduced' but SHAP for Normal falls as the value rises (rho 0.19 on training rows),"This flow was flagged as Normal with 78.0% confidence. Main reasons: elevated connections to the same service and destination, reduced average packet size, elevated swin. Suggested action: No action required."
48f,45,34041,Overlap-Group-1,Overlap-Group-1,f_direction,avg_pkt_size: cue 'reduced' but SHAP for Overlap-Group-1 falls as the value rises (rho 0.46 on training rows),"This flow was flagged as Overlap-Group-1 with 74.5% confidence. Main reasons: network protocol=unas, reduced average packet size, typical bytes sent by the source, unusually high source time-to-live. Suggested action: Flagged as DoS, Backdoor, or Analysis-type behavior — this dataset's flow-level features can't reliably distinguish the three. Escalate for manual / packet-level inspection to determine the specific subtype."
48f,45,34049,Generic,Generic,f_direction,avg_pkt_size: cue 'reduced' but SHAP for Generic falls as the value rises (rho 0.11 on training rows),"This flow was flagged as Generic with 99.6% confidence. Main reasons: typical total bytes transferred, typical bytes sent by the source, network service=dns, reduced average packet size. Suggested action: Review firewall rules for this flow's protocol/service combination."
48f,45,34643,Exploits,Exploits,f_direction,sttl: cue 'reduced' but SHAP for Exploits falls as the value rises (rho 0.73 on training rows),"This flow was flagged as Exploits with 98.1% confidence. Main reasons: unusually high destination time-to-live, reduced source time-to-live, reduced connections to the same service and destination, typical bytes sent by the destination, typical total bytes transferred. Suggested action: Isolate the target host and check for unpatched vulnerabilities."
48f,45,34951,Generic,Generic,f_direction,avg_pkt_size: cue 'reduced' but SHAP for Generic falls as the value rises (rho 0.11 on training rows),"This flow was flagged as Generic with 99.9% confidence. Main reasons: typical total bytes transferred, typical bytes sent by the source, network service=dns, reduced average packet size. Suggested action: Review firewall rules for this flow's protocol/service combination."
48f,45,35190,Unknown,Overlap-Group-1,f_direction,avg_pkt_size: cue 'reduced' but SHAP for Overlap-Group-1 falls as the value rises (rho 0.46 on training rows),"This flow was flagged as an unrecognized (potential zero-day) pattern with 47.7% confidence. Main reasons: network protocol=vmtp, reduced average packet size, typical bytes sent by the source. Suggested action: Unrecognized pattern — escalate to a human analyst for manual review."
48f,45,35543,Generic,Generic,f_direction,avg_pkt_size: cue 'reduced' but SHAP for Generic falls as the value rises (rho 0.11 on training rows),"This flow was flagged as Generic with 99.7% confidence. Main reasons: typical total bytes transferred, typical bytes sent by the source, network service=dns, reduced average packet size. Suggested action: Review firewall rules for this flow's protocol/service combination."
48f,45,35914,Exploits,Exploits,f_direction,sttl: cue 'reduced' but SHAP for Exploits falls as the value rises (rho 0.73 on training rows),"This flow was flagged as Exploits with 95.0% confidence. Main reasons: unusually high destination time-to-live, reduced source time-to-live, typical total bytes transferred, reduced connections to the same service and destination, typical destination jitter. Suggested action: Isolate the target host and check for unpatched vulnerabilities."
48f,45,35917,Generic,Generic,f_direction,avg_pkt_size: cue 'reduced' but SHAP for Generic falls as the value rises (rho 0.11 on training rows),"This flow was flagged as Generic with 99.9% confidence. Main reasons: typical total bytes transferred, typical bytes sent by the source, network service=dns, reduced average packet size. Suggested action: Review firewall rules for this flow's protocol/service combination."
48f,45,36009,Generic,Generic,f_direction,avg_pkt_size: cue 'reduced' but SHAP for Generic falls as the value rises (rho 0.11 on training rows),"This flow was flagged as Generic with 99.8% confidence. Main reasons: typical total bytes transferred, typical bytes sent by the source, network service=dns, reduced average packet size. Suggested action: Review firewall rules for this flow's protocol/service combination."
48f,45,36317,Generic,Generic,f_direction,avg_pkt_size: cue 'reduced' but SHAP for Generic falls as the value rises (rho 0.11 on training rows),"This flow was flagged as Generic with 99.9% confidence. Main reasons: typical total bytes transferred, typical bytes sent by the source, network service=dns, reduced average packet size. Suggested action: Review firewall rules for this flow's protocol/service combination."
48f,45,36600,Generic,Generic,f_direction,avg_pkt_size: cue 'reduced' but SHAP for Generic falls as the value rises (rho 0.11 on training rows),"This flow was flagged as Generic with 99.8% confidence. Main reasons: typical total bytes transferred, typical bytes sent by the source, network service=dns, reduced average packet size. Suggested action: Review firewall rules for this flow's protocol/service combination."
48f,45,36641,Generic,Generic,f_direction,avg_pkt_size: cue 'reduced' but SHAP for Generic falls as the value rises (rho 0.11 on training rows),"This flow was flagged as Generic with 98.8% confidence. Main reasons: typical total bytes transferred, typical bytes sent by the source, network service=dns, reduced average packet size. Suggested action: Review firewall rules for this flow's protocol/service combination."
48f,45,36742,Exploits,Exploits,f_direction,sttl: cue 'reduced' but SHAP for Exploits falls as the value rises (rho 0.73 on training rows),"This flow was flagged as Exploits with 82.2% confidence. Main reasons: unusually high destination time-to-live, reduced source time-to-live, typical mean packet size from destination, unusually high dtcpb. Suggested action: Isolate the target host and check for unpatched vulnerabilities."
48f,45,36801,Fuzzers,Fuzzers,f_direction,smean: cue 'reduced' but SHAP for Fuzzers falls as the value rises (rho 0.49 on training rows),"This flow was flagged as Fuzzers with 72.5% confidence. Main reasons: typical bytes sent by the source, unusually high source time-to-live, reduced mean packet size from source. Suggested action: Inspect the application for crash logs; consider input validation hardening."
48f,45,37055,Overlap-Group-1,Overlap-Group-1,f_direction,ct_src_ltm: cue 'unusually high' but SHAP for Overlap-Group-1 falls as the value rises (rho -0.28 on training rows),"This flow was flagged as Overlap-Group-1 with 92.3% confidence. Main reasons: network protocol=unas, unusually high recent connections from this source, reduced average packet size, typical bytes sent by the source, unusually high source time-to-live. Suggested action: Flagged as DoS, Backdoor, or Analysis-type behavior — this dataset's flow-level features can't reliably distinguish the three. Escalate for manual / packet-level inspection to determine the specific subtype."
48f,45,37055,Overlap-Group-1,Overlap-Group-1,f_direction,avg_pkt_size: cue 'reduced' but SHAP for Overlap-Group-1 falls as the value rises (rho 0.46 on training rows),"This flow was flagged as Overlap-Group-1 with 92.3% confidence. Main reasons: network protocol=unas, unusually high recent connections from this source, reduced average packet size, typical bytes sent by the source, unusually high source time-to-live. Suggested action: Flagged as DoS, Backdoor, or Analysis-type behavior — this dataset's flow-level features can't reliably distinguish the three. Escalate for manual / packet-level inspection to determine the specific subtype."
48f,45,37293,Generic,Generic,f_direction,avg_pkt_size: cue 'reduced' but SHAP for Generic falls as the value rises (rho 0.11 on training rows),"This flow was flagged as Generic with 99.9% confidence. Main reasons: typical total bytes transferred, typical bytes sent by the source, network service=dns, reduced average packet size. Suggested action: Review firewall rules for this flow's protocol/service combination."
48f,45,37457,Generic,Generic,f_direction,avg_pkt_size: cue 'reduced' but SHAP for Generic falls as the value rises (rho 0.11 on training rows),"This flow was flagged as Generic with 99.8% confidence. Main reasons: typical total bytes transferred, typical bytes sent by the source, network service=dns, reduced average packet size. Suggested action: Review firewall rules for this flow's protocol/service combination."
48f,45,37662,Exploits,Exploits,f_direction,avg_pkt_size: cue 'reduced' but SHAP for Exploits falls as the value rises (rho 0.36 on training rows),"This flow was flagged as Exploits with 50.5% confidence. Main reasons: reduced recent connections between this source and destination, unusually high destination time-to-live, reduced average packet size, typical source-to-destination byte ratio. Suggested action: Isolate the target host and check for unpatched vulnerabilities."
48f,45,38015,Exploits,Exploits,f_direction,synack: cue 'reduced' but SHAP for Exploits falls as the value rises (rho 0.23 on training rows),"This flow was flagged as Exploits with 74.2% confidence. Main reasons: unusually high destination time-to-live, reduced recent connections between this source and destination, reduced SYN-ACK handshake time, typical flow duration. Suggested action: Isolate the target host and check for unpatched vulnerabilities."
48f,45,38058,Exploits,Exploits,f_direction,sttl: cue 'reduced' but SHAP for Exploits falls as the value rises (rho 0.73 on training rows),"This flow was flagged as Exploits with 95.6% confidence. Main reasons: reduced source time-to-live, unusually high destination time-to-live, reduced connections to the same service and destination, typical total bytes transferred, elevated average packet size. Suggested action: Isolate the target host and check for unpatched vulnerabilities."
48f,45,38368,Exploits,Exploits,f_direction,avg_pkt_size: cue 'reduced' but SHAP for Exploits falls as the value rises (rho 0.36 on training rows),"This flow was flagged as Exploits with 67.5% confidence. Main reasons: reduced connections to the same service and destination, unusually high destination time-to-live, reduced recent connections between this source and destination, reduced average packet size. Suggested action: Isolate the target host and check for unpatched vulnerabilities."
48f,45,39104,Generic,Generic,f_direction,avg_pkt_size: cue 'reduced' but SHAP for Generic falls as the value rises (rho 0.11 on training rows),"This flow was flagged as Generic with 99.1% confidence. Main reasons: typical total bytes transferred, typical bytes sent by the source, network service=dns, reduced average packet size. Suggested action: Review firewall rules for this flow's protocol/service combination."
48f,45,39336,Exploits,Exploits,f_direction,smean: cue 'extremely high' but SHAP for Exploits falls as the value rises (rho -0.24 on training rows),"This flow was flagged as Exploits with 83.0% confidence. Main reasons: extremely high source-to-destination byte ratio, reduced connections to the same service and destination, unusually high destination time-to-live, extremely high mean packet size from source. Suggested action: Isolate the target host and check for unpatched vulnerabilities."
48f,45,39962,Fuzzers,Fuzzers,f_direction,smean: cue 'reduced' but SHAP for Fuzzers falls as the value rises (rho 0.49 on training rows),"This flow was flagged as Fuzzers with 53.5% confidence. Main reasons: unusually high source time-to-live, reduced mean packet size from source, reduced average packet size, elevated source jitter. Suggested action: Inspect the application for crash logs; consider input validation hardening."
48f,45,40768,Normal,Normal,f_direction,avg_pkt_size: cue 'reduced' but SHAP for Normal falls as the value rises (rho 0.19 on training rows),"This flow was flagged as Normal with 99.9% confidence. Main reasons: reduced average packet size, extremely high connections with the same state and TTL, unusually high connections to the same service and destination, typical sloss. Suggested action: No action required."
48f,45,40768,Normal,Normal,f_direction,ct_state_ttl: cue 'extremely high' but SHAP for Normal falls as the value rises (rho -0.82 on training rows),"This flow was flagged as Normal with 99.9% confidence. Main reasons: reduced average packet size, extremely high connections with the same state and TTL, unusually high connections to the same service and destination, typical sloss. Suggested action: No action required."
48f,45,41502,Fuzzers,Fuzzers,f_direction,smean: cue 'reduced' but SHAP for Fuzzers falls as the value rises (rho 0.49 on training rows),"This flow was flagged as Fuzzers with 80.2% confidence. Main reasons: reduced mean packet size from source, unusually high source time-to-live, reduced average packet size. Suggested action: Inspect the application for crash logs; consider input validation hardening."
48f,45,41781,Fuzzers,Fuzzers,f_direction,ct_srv_dst: cue 'reduced' but SHAP for Fuzzers falls as the value rises (rho 0.43 on training rows),"This flow was flagged as Fuzzers with 75.5% confidence. Main reasons: unusually high source time-to-live, typical bytes sent by the source, unusually high mean packet size from source, reduced connections to the same service and destination, typical recent connections between this source and destination. Suggested action: Inspect the application for crash logs; consider input validation hardening."
48f,45,43129,Unknown,Exploits,f_direction,sttl: cue 'reduced' but SHAP for Exploits falls as the value rises (rho 0.73 on training rows),"This flow was flagged as an unrecognized (potential zero-day) pattern with 48.2% confidence. Main reasons: unusually high destination time-to-live, reduced connections to the same service and destination, reduced source time-to-live. Suggested action: Unrecognized pattern — escalate to a human analyst for manual review."
48f,45,44833,Fuzzers,Fuzzers,f_direction,smean: cue 'reduced' but SHAP for Fuzzers falls as the value rises (rho 0.49 on training rows),"This flow was flagged as Fuzzers with 91.7% confidence. Main reasons: unusually high source time-to-live, reduced mean packet size from source, extremely high recent connections from this source, typical recent connections between this source and destination, reduced average packet size. Suggested action: Inspect the application for crash logs; consider input validation hardening."
48f,45,46459,Unknown,Exploits,f_direction,avg_pkt_size: cue 'reduced' but SHAP for Exploits falls as the value rises (rho 0.36 on training rows),"This flow was flagged as an unrecognized (potential zero-day) pattern with 45.4% confidence. Main reasons: reduced recent connections between this source and destination, unusually high destination time-to-live, reduced average packet size, typical total bytes transferred. Suggested action: Unrecognized pattern — escalate to a human analyst for manual review."
48f,45,47465,Fuzzers,Fuzzers,f_direction,smean: cue 'reduced' but SHAP for Fuzzers falls as the value rises (rho 0.49 on training rows),"This flow was flagged as Fuzzers with 87.5% confidence. Main reasons: unusually high source time-to-live, reduced mean packet size from source, extremely high recent connections to this destination, reduced average packet size, typical recent connections between this source and destination. Suggested action: Inspect the application for crash logs; consider input validation hardening."
48f,45,47553,Unknown,Exploits,f_direction,sttl: cue 'reduced' but SHAP for Exploits falls as the value rises (rho 0.73 on training rows),"This flow was flagged as an unrecognized (potential zero-day) pattern with 34.5% confidence. Main reasons: unusually high destination time-to-live, reduced source time-to-live, typical mean packet size from destination. Suggested action: Unrecognized pattern — escalate to a human analyst for manual review."
48f,45,47642,Unknown,Overlap-Group-1,f_direction,avg_pkt_size: cue 'reduced' but SHAP for Overlap-Group-1 falls as the value rises (rho 0.46 on training rows),"This flow was flagged as an unrecognized (potential zero-day) pattern with 47.8% confidence. Main reasons: typical response body len, reduced average packet size, reduced source time-to-live, extremely high ct flw http mthd. Suggested action: Unrecognized pattern — escalate to a human analyst for manual review."
48f,45,47642,Unknown,Overlap-Group-1,f_direction,sttl: cue 'reduced' but SHAP for Overlap-Group-1 falls as the value rises (rho 0.75 on training rows),"This flow was flagged as an unrecognized (potential zero-day) pattern with 47.8% confidence. Main reasons: typical response body len, reduced average packet size, reduced source time-to-live, extremely high ct flw http mthd. Suggested action: Unrecognized pattern — escalate to a human analyst for manual review."
48f,45,47642,Unknown,Overlap-Group-1,f_direction,ct_flw_http_mthd: cue 'extremely high' but SHAP for Overlap-Group-1 falls as the value rises (rho -0.32 on training rows),"This flow was flagged as an unrecognized (potential zero-day) pattern with 47.8% confidence. Main reasons: typical response body len, reduced average packet size, reduced source time-to-live, extremely high ct flw http mthd. Suggested action: Unrecognized pattern — escalate to a human analyst for manual review."
48f,45,47649,Exploits,Exploits,f_direction,sttl: cue 'reduced' but SHAP for Exploits falls as the value rises (rho 0.73 on training rows),"This flow was flagged as Exploits with 77.4% confidence. Main reasons: unusually high destination time-to-live, reduced source time-to-live, reduced connections to the same service and destination, typical mean packet size from destination. Suggested action: Isolate the target host and check for unpatched vulnerabilities."
48f,45,47661,Overlap-Group-1,Overlap-Group-1,f_direction,sttl: cue 'reduced' but SHAP for Overlap-Group-1 falls as the value rises (rho 0.75 on training rows),"This flow was flagged as Overlap-Group-1 with 52.5% confidence. Main reasons: reduced source time-to-live, typical bytes sent by the destination, typical response body len, reduced average packet size. Suggested action: Flagged as DoS, Backdoor, or Analysis-type behavior — this dataset's flow-level features can't reliably distinguish the three. Escalate for manual / packet-level inspection to determine the specific subtype."
48f,45,47661,Overlap-Group-1,Overlap-Group-1,f_direction,avg_pkt_size: cue 'reduced' but SHAP for Overlap-Group-1 falls as the value rises (rho 0.46 on training rows),"This flow was flagged as Overlap-Group-1 with 52.5% confidence. Main reasons: reduced source time-to-live, typical bytes sent by the destination, typical response body len, reduced average packet size. Suggested action: Flagged as DoS, Backdoor, or Analysis-type behavior — this dataset's flow-level features can't reliably distinguish the three. Escalate for manual / packet-level inspection to determine the specific subtype."
48f,45,48721,Normal,Normal,f_direction,ct_srv_dst: cue 'reduced' but SHAP for Normal falls as the value rises (rho 0.85 on training rows),"This flow was flagged as Normal with 48.6% confidence. Main reasons: typical response body len, reduced connections to the same service and destination, typical bytes sent by the destination, typical bytes sent by the source. Suggested action: No action required."
48f,45,48722,Unknown,Overlap-Group-1,f_direction,sttl: cue 'reduced' but SHAP for Overlap-Group-1 falls as the value rises (rho 0.75 on training rows),"This flow was flagged as an unrecognized (potential zero-day) pattern with 40.9% confidence. Main reasons: reduced source time-to-live, typical response body len, reduced average packet size, typical bytes sent by the destination. Suggested action: Unrecognized pattern — escalate to a human analyst for manual review."
48f,45,48722,Unknown,Overlap-Group-1,f_direction,avg_pkt_size: cue 'reduced' but SHAP for Overlap-Group-1 falls as the value rises (rho 0.46 on training rows),"This flow was flagged as an unrecognized (potential zero-day) pattern with 40.9% confidence. Main reasons: reduced source time-to-live, typical response body len, reduced average packet size, typical bytes sent by the destination. Suggested action: Unrecognized pattern — escalate to a human analyst for manual review."
48f,45,50189,Normal,Normal,f_direction,avg_pkt_size: cue 'reduced' but SHAP for Normal falls as the value rises (rho 0.19 on training rows),"This flow was flagged as Normal with 63.0% confidence. Main reasons: reduced average packet size, typical connections to the same service and destination, typical source jitter, network service=-. Suggested action: No action required."
48f,45,51401,Fuzzers,Fuzzers,f_direction,smean: cue 'reduced' but SHAP for Fuzzers falls as the value rises (rho 0.49 on training rows),"This flow was flagged as Fuzzers with 83.0% confidence. Main reasons: unusually high source time-to-live, reduced mean packet size from source, network protocol=udp, typical total bytes transferred. Suggested action: Inspect the application for crash logs; consider input validation hardening."
48f,45,52601,Overlap-Group-1,Overlap-Group-1,f_direction,sttl: cue 'reduced' but SHAP for Overlap-Group-1 falls as the value rises (rho 0.75 on training rows),"This flow was flagged as Overlap-Group-1 with 48.4% confidence. Main reasons: reduced source time-to-live, reduced average packet size. Suggested action: Flagged as DoS, Backdoor, or Analysis-type behavior — this dataset's flow-level features can't reliably distinguish the three. Escalate for manual / packet-level inspection to determine the specific subtype."
48f,45,52601,Overlap-Group-1,Overlap-Group-1,f_direction,avg_pkt_size: cue 'reduced' but SHAP for Overlap-Group-1 falls as the value rises (rho 0.46 on training rows),"This flow was flagged as Overlap-Group-1 with 48.4% confidence. Main reasons: reduced source time-to-live, reduced average packet size. Suggested action: Flagged as DoS, Backdoor, or Analysis-type behavior — this dataset's flow-level features can't reliably distinguish the three. Escalate for manual / packet-level inspection to determine the specific subtype."
48f,45,52614,Unknown,Overlap-Group-1,f_direction,sttl: cue 'reduced' but SHAP for Overlap-Group-1 falls as the value rises (rho 0.75 on training rows),"This flow was flagged as an unrecognized (potential zero-day) pattern with 44.2% confidence. Main reasons: reduced source time-to-live, typical response body len, reduced average packet size. Suggested action: Unrecognized pattern — escalate to a human analyst for manual review."
48f,45,52614,Unknown,Overlap-Group-1,f_direction,avg_pkt_size: cue 'reduced' but SHAP for Overlap-Group-1 falls as the value rises (rho 0.46 on training rows),"This flow was flagged as an unrecognized (potential zero-day) pattern with 44.2% confidence. Main reasons: reduced source time-to-live, typical response body len, reduced average packet size. Suggested action: Unrecognized pattern — escalate to a human analyst for manual review."
48f,45,53063,Unknown,Overlap-Group-1,f_direction,sttl: cue 'reduced' but SHAP for Overlap-Group-1 falls as the value rises (rho 0.75 on training rows),"This flow was flagged as an unrecognized (potential zero-day) pattern with 47.5% confidence. Main reasons: reduced source time-to-live, typical bytes sent by the destination, typical response body len, unusually high ACK data time. Suggested action: Unrecognized pattern — escalate to a human analyst for manual review."
48f,45,53337,Unknown,Normal,f_direction,ct_state_ttl: cue 'extremely high' but SHAP for Normal falls as the value rises (rho -0.82 on training rows),This flow was flagged as an unrecognized (potential zero-day) pattern with 30.3% confidence. Main reasons: extremely high connections with the same state and TTL. Suggested action: Unrecognized pattern — escalate to a human analyst for manual review.
48f,45,53451,Unknown,Overlap-Group-1,f_direction,sttl: cue 'reduced' but SHAP for Overlap-Group-1 falls as the value rises (rho 0.75 on training rows),"This flow was flagged as an unrecognized (potential zero-day) pattern with 45.1% confidence. Main reasons: typical bytes sent by the destination, reduced source time-to-live, reduced average packet size, extremely high ct flw http mthd. Suggested action: Unrecognized pattern — escalate to a human analyst for manual review."
48f,45,53451,Unknown,Overlap-Group-1,f_direction,avg_pkt_size: cue 'reduced' but SHAP for Overlap-Group-1 falls as the value rises (rho 0.46 on training rows),"This flow was flagged as an unrecognized (potential zero-day) pattern with 45.1% confidence. Main reasons: typical bytes sent by the destination, reduced source time-to-live, reduced average packet size, extremely high ct flw http mthd. Suggested action: Unrecognized pattern — escalate to a human analyst for manual review."
48f,45,53451,Unknown,Overlap-Group-1,f_direction,ct_flw_http_mthd: cue 'extremely high' but SHAP for Overlap-Group-1 falls as the value rises (rho -0.32 on training rows),"This flow was flagged as an unrecognized (potential zero-day) pattern with 45.1% confidence. Main reasons: typical bytes sent by the destination, reduced source time-to-live, reduced average packet size, extremely high ct flw http mthd. Suggested action: Unrecognized pattern — escalate to a human analyst for manual review."
48f,45,53462,Overlap-Group-1,Overlap-Group-1,f_direction,ct_flw_http_mthd: cue 'extremely high' but SHAP for Overlap-Group-1 falls as the value rises (rho -0.32 on training rows),"This flow was flagged as Overlap-Group-1 with 89.6% confidence. Main reasons: extremely high ct flw http mthd, typical response body len, reduced average packet size, reduced source time-to-live, typical bytes sent by the destination. Suggested action: Flagged as DoS, Backdoor, or Analysis-type behavior — this dataset's flow-level features can't reliably distinguish the three. Escalate for manual / packet-level inspection to determine the specific subtype."
48f,45,53462,Overlap-Group-1,Overlap-Group-1,f_direction,avg_pkt_size: cue 'reduced' but SHAP for Overlap-Group-1 falls as the value rises (rho 0.46 on training rows),"This flow was flagged as Overlap-Group-1 with 89.6% confidence. Main reasons: extremely high ct flw http mthd, typical response body len, reduced average packet size, reduced source time-to-live, typical bytes sent by the destination. Suggested action: Flagged as DoS, Backdoor, or Analysis-type behavior — this dataset's flow-level features can't reliably distinguish the three. Escalate for manual / packet-level inspection to determine the specific subtype."
48f,45,53462,Overlap-Group-1,Overlap-Group-1,f_direction,sttl: cue 'reduced' but SHAP for Overlap-Group-1 falls as the value rises (rho 0.75 on training rows),"This flow was flagged as Overlap-Group-1 with 89.6% confidence. Main reasons: extremely high ct flw http mthd, typical response body len, reduced average packet size, reduced source time-to-live, typical bytes sent by the destination. Suggested action: Flagged as DoS, Backdoor, or Analysis-type behavior — this dataset's flow-level features can't reliably distinguish the three. Escalate for manual / packet-level inspection to determine the specific subtype."
48f,45,53468,Unknown,Normal,f_direction,ct_srv_dst: cue 'reduced' but SHAP for Normal falls as the value rises (rho 0.85 on training rows),"This flow was flagged as an unrecognized (potential zero-day) pattern with 44.0% confidence. Main reasons: typical response body len, typical bytes sent by the source, typical bytes sent by the destination, reduced connections to the same service and destination. Suggested action: Unrecognized pattern — escalate to a human analyst for manual review."
48f,45,53496,Overlap-Group-1,Overlap-Group-1,f_direction,avg_pkt_size: cue 'reduced' but SHAP for Overlap-Group-1 falls as the value rises (rho 0.46 on training rows),"This flow was flagged as Overlap-Group-1 with 53.1% confidence. Main reasons: reduced average packet size, reduced source time-to-live, typical response body len, typical bytes sent by the destination. Suggested action: Flagged as DoS, Backdoor, or Analysis-type behavior — this dataset's flow-level features can't reliably distinguish the three. Escalate for manual / packet-level inspection to determine the specific subtype."
48f,45,53496,Overlap-Group-1,Overlap-Group-1,f_direction,sttl: cue 'reduced' but SHAP for Overlap-Group-1 falls as the value rises (rho 0.75 on training rows),"This flow was flagged as Overlap-Group-1 with 53.1% confidence. Main reasons: reduced average packet size, reduced source time-to-live, typical response body len, typical bytes sent by the destination. Suggested action: Flagged as DoS, Backdoor, or Analysis-type behavior — this dataset's flow-level features can't reliably distinguish the three. Escalate for manual / packet-level inspection to determine the specific subtype."
48f,45,54392,Fuzzers,Fuzzers,f_direction,smean: cue 'reduced' but SHAP for Fuzzers falls as the value rises (rho 0.49 on training rows),"This flow was flagged as Fuzzers with 51.8% confidence. Main reasons: unusually high source time-to-live, reduced mean packet size from source, reduced average packet size, reduced connections to the same service and destination. Suggested action: Inspect the application for crash logs; consider input validation hardening."
48f,45,54392,Fuzzers,Fuzzers,f_direction,ct_srv_dst: cue 'reduced' but SHAP for Fuzzers falls as the value rises (rho 0.43 on training rows),"This flow was flagged as Fuzzers with 51.8% confidence. Main reasons: unusually high source time-to-live, reduced mean packet size from source, reduced average packet size, reduced connections to the same service and destination. Suggested action: Inspect the application for crash logs; consider input validation hardening."
48f,45,55052,Unknown,Exploits,f_direction,avg_pkt_size: cue 'reduced' but SHAP for Exploits falls as the value rises (rho 0.36 on training rows),"This flow was flagged as an unrecognized (potential zero-day) pattern with 39.4% confidence. Main reasons: reduced connections to the same service and destination, typical mean packet size from source, reduced average packet size, typical bytes sent by the source. Suggested action: Unrecognized pattern — escalate to a human analyst for manual review."
48f,45,55069,Unknown,Overlap-Group-1,f_direction,avg_pkt_size: cue 'reduced' but SHAP for Overlap-Group-1 falls as the value rises (rho 0.46 on training rows),"This flow was flagged as an unrecognized (potential zero-day) pattern with 38.9% confidence. Main reasons: reduced average packet size, reduced connections to the same service and destination, unusually high source time-to-live, typical bytes sent by the source. Suggested action: Unrecognized pattern — escalate to a human analyst for manual review."
48f,45,55072,Unknown,Exploits,f_direction,avg_pkt_size: cue 'reduced' but SHAP for Exploits falls as the value rises (rho 0.36 on training rows),"This flow was flagged as an unrecognized (potential zero-day) pattern with 35.3% confidence. Main reasons: reduced average packet size, unusually high destination time-to-live, reduced recent connections to this destination. Suggested action: Unrecognized pattern — escalate to a human analyst for manual review."
48f,45,55072,Unknown,Exploits,f_direction,ct_dst_ltm: cue 'reduced' but SHAP for Exploits falls as the value rises (rho 0.45 on training rows),"This flow was flagged as an unrecognized (potential zero-day) pattern with 35.3% confidence. Main reasons: reduced average packet size, unusually high destination time-to-live, reduced recent connections to this destination. Suggested action: Unrecognized pattern — escalate to a human analyst for manual review."
48f,45,55589,Unknown,Overlap-Group-1,f_direction,avg_pkt_size: cue 'reduced' but SHAP for Overlap-Group-1 falls as the value rises (rho 0.46 on training rows),"This flow was flagged as an unrecognized (potential zero-day) pattern with 39.9% confidence. Main reasons: reduced average packet size, reduced connections to the same service and destination, unusually high source time-to-live, reduced recent connections between this source and destination. Suggested action: Unrecognized pattern — escalate to a human analyst for manual review."
48f,45,55769,Unknown,Fuzzers,f_direction,smean: cue 'reduced' but SHAP for Fuzzers falls as the value rises (rho 0.49 on training rows),"This flow was flagged as an unrecognized (potential zero-day) pattern with 43.7% confidence. Main reasons: reduced mean packet size from source, unusually high source time-to-live, network service=-. Suggested action: Unrecognized pattern — escalate to a human analyst for manual review."
48f,45,56186,Unknown,Overlap-Group-1,f_direction,avg_pkt_size: cue 'reduced' but SHAP for Overlap-Group-1 falls as the value rises (rho 0.46 on training rows),"This flow was flagged as an unrecognized (potential zero-day) pattern with 42.9% confidence. Main reasons: reduced average packet size, reduced connections to the same service and destination, unusually high source time-to-live, typical bytes sent by the source. Suggested action: Unrecognized pattern — escalate to a human analyst for manual review."
48f,46,623,Overlap-Group-1,Overlap-Group-1,f_direction,avg_pkt_size: cue 'reduced' but SHAP for Overlap-Group-1 falls as the value rises (rho 0.55 on training rows),"This flow was flagged as Overlap-Group-1 with 52.6% confidence. Main reasons: network protocol=sun-nd, reduced average packet size, typical bytes sent by the source, unusually high source time-to-live. Suggested action: Flagged as DoS, Backdoor, or Analysis-type behavior — this dataset's flow-level features can't reliably distinguish the three. Escalate for manual / packet-level inspection to determine the specific subtype."
48f,46,674,Overlap-Group-1,Overlap-Group-1,f_direction,avg_pkt_size: cue 'reduced' but SHAP for Overlap-Group-1 falls as the value rises (rho 0.55 on training rows),"This flow was flagged as Overlap-Group-1 with 53.6% confidence. Main reasons: network protocol=sprite-rpc, reduced average packet size, typical bytes sent by the source, unusually high source time-to-live. Suggested action: Flagged as DoS, Backdoor, or Analysis-type behavior — this dataset's flow-level features can't reliably distinguish the three. Escalate for manual / packet-level inspection to determine the specific subtype."
48f,46,1346,Unknown,Overlap-Group-1,f_direction,avg_pkt_size: cue 'reduced' but SHAP for Overlap-Group-1 falls as the value rises (rho 0.55 on training rows),"This flow was flagged as an unrecognized (potential zero-day) pattern with 48.6% confidence. Main reasons: typical bytes sent by the source, reduced average packet size, typical mean packet size from source, unusually high source time-to-live. Suggested action: Unrecognized pattern — escalate to a human analyst for manual review."
48f,46,1382,Unknown,Overlap-Group-1,f_direction,avg_pkt_size: cue 'reduced' but SHAP for Overlap-Group-1 falls as the value rises (rho 0.55 on training rows),"This flow was flagged as an unrecognized (potential zero-day) pattern with 48.3% confidence. Main reasons: network protocol=mfe-nsp, reduced average packet size, typical bytes sent by the source, unusually high source time-to-live. Suggested action: Unrecognized pattern — escalate to a human analyst for manual review."
48f,46,1782,Overlap-Group-1,Overlap-Group-1,f_direction,avg_pkt_size: cue 'reduced' but SHAP for Overlap-Group-1 falls as the value rises (rho 0.55 on training rows),"This flow was flagged as Overlap-Group-1 with 61.2% confidence. Main reasons: network protocol=any, reduced average packet size, typical bytes sent by the source, unusually high source time-to-live. Suggested action: Flagged as DoS, Backdoor, or Analysis-type behavior — this dataset's flow-level features can't reliably distinguish the three. Escalate for manual / packet-level inspection to determine the specific subtype."
48f,46,2266,Exploits,Exploits,f_direction,sttl: cue 'reduced' but SHAP for Exploits falls as the value rises (rho 0.63 on training rows),"This flow was flagged as Exploits with 77.4% confidence. Main reasons: reduced source time-to-live, network service=http, reduced connections to the same service and destination, unusually high destination time-to-live, typical mean packet size from destination. Suggested action: Isolate the target host and check for unpatched vulnerabilities."
48f,46,2603,Overlap-Group-1,Overlap-Group-1,f_direction,avg_pkt_size: cue 'reduced' but SHAP for Overlap-Group-1 falls as the value rises (rho 0.55 on training rows),"This flow was flagged as Overlap-Group-1 with 52.7% confidence. Main reasons: network protocol=ib, reduced average packet size, typical bytes sent by the source, unusually high source time-to-live. Suggested action: Flagged as DoS, Backdoor, or Analysis-type behavior — this dataset's flow-level features can't reliably distinguish the three. Escalate for manual / packet-level inspection to determine the specific subtype."
48f,46,3030,Overlap-Group-1,Overlap-Group-1,f_direction,avg_pkt_size: cue 'reduced' but SHAP for Overlap-Group-1 falls as the value rises (rho 0.55 on training rows),"This flow was flagged as Overlap-Group-1 with 50.9% confidence. Main reasons: network protocol=ip, reduced average packet size, typical bytes sent by the source, unusually high source time-to-live. Suggested action: Flagged as DoS, Backdoor, or Analysis-type behavior — this dataset's flow-level features can't reliably distinguish the three. Escalate for manual / packet-level inspection to determine the specific subtype."
48f,46,3121,Unknown,Overlap-Group-1,f_direction,avg_pkt_size: cue 'reduced' but SHAP for Overlap-Group-1 falls as the value rises (rho 0.55 on training rows),"This flow was flagged as an unrecognized (potential zero-day) pattern with 50.2% confidence. Main reasons: network protocol=irtp, reduced average packet size, typical bytes sent by the source, unusually high source time-to-live. Suggested action: Unrecognized pattern — escalate to a human analyst for manual review."
48f,46,3696,Unknown,Overlap-Group-1,f_direction,avg_pkt_size: cue 'reduced' but SHAP for Overlap-Group-1 falls as the value rises (rho 0.55 on training rows),"This flow was flagged as an unrecognized (potential zero-day) pattern with 45.3% confidence. Main reasons: network protocol=rdp, reduced average packet size, typical bytes sent by the source, unusually high source time-to-live. Suggested action: Unrecognized pattern — escalate to a human analyst for manual review."
48f,46,3781,Overlap-Group-1,Overlap-Group-1,f_direction,avg_pkt_size: cue 'reduced' but SHAP for Overlap-Group-1 falls as the value rises (rho 0.55 on training rows),"This flow was flagged as Overlap-Group-1 with 58.3% confidence. Main reasons: network protocol=iplt, reduced average packet size, typical bytes sent by the source, unusually high source time-to-live. Suggested action: Flagged as DoS, Backdoor, or Analysis-type behavior — this dataset's flow-level features can't reliably distinguish the three. Escalate for manual / packet-level inspection to determine the specific subtype."
48f,46,4696,Exploits,Exploits,f_direction,sttl: cue 'reduced' but SHAP for Exploits falls as the value rises (rho 0.63 on training rows),"This flow was flagged as Exploits with 99.0% confidence. Main reasons: reduced source time-to-live, elevated dloss, typical total bytes transferred, reduced connections to the same service and destination, reduced mean packet size from source. Suggested action: Isolate the target host and check for unpatched vulnerabilities."
48f,46,4904,Exploits,Exploits,f_direction,sttl: cue 'reduced' but SHAP for Exploits falls as the value rises (rho 0.63 on training rows),"This flow was flagged as Exploits with 98.6% confidence. Main reasons: reduced source time-to-live, reduced connections to the same service and destination, network service=smtp, typical bytes sent by the destination, unusually high destination time-to-live. Suggested action: Isolate the target host and check for unpatched vulnerabilities."
48f,46,5321,Unknown,Exploits,f_direction,avg_pkt_size: cue 'reduced' but SHAP for Exploits falls as the value rises (rho 0.52 on training rows),"This flow was flagged as an unrecognized (potential zero-day) pattern with 49.5% confidence. Main reasons: reduced connections to the same service and destination, network service=http, reduced average packet size, unusually high destination time-to-live, typical source-to-destination byte ratio. Suggested action: Unrecognized pattern — escalate to a human analyst for manual review."
48f,46,5441,Exploits,Exploits,f_direction,smean: cue 'extremely high' but SHAP for Exploits falls as the value rises (rho -0.37 on training rows),"This flow was flagged as Exploits with 89.0% confidence. Main reasons: reduced connections to the same service and destination, network service=smtp, extremely high mean packet size from source, reduced source time-to-live, unusually high destination time-to-live. Suggested action: Isolate the target host and check for unpatched vulnerabilities."
48f,46,5441,Exploits,Exploits,f_direction,sttl: cue 'reduced' but SHAP for Exploits falls as the value rises (rho 0.63 on training rows),"This flow was flagged as Exploits with 89.0% confidence. Main reasons: reduced connections to the same service and destination, network service=smtp, extremely high mean packet size from source, reduced source time-to-live, unusually high destination time-to-live. Suggested action: Isolate the target host and check for unpatched vulnerabilities."
48f,46,6954,Generic,Generic,f_direction,ct_dst_src_ltm: cue 'extremely high' but SHAP for Generic falls as the value rises (rho -0.62 on training rows),"This flow was flagged as Generic with 100.0% confidence. Main reasons: typical total bytes transferred, network service=dns, extremely high recent connections between this source and destination, extremely high recent connections to this destination. Suggested action: Review firewall rules for this flow's protocol/service combination."
48f,46,6954,Generic,Generic,f_direction,ct_dst_ltm: cue 'extremely high' but SHAP for Generic falls as the value rises (rho -0.15 on training rows),"This flow was flagged as Generic with 100.0% confidence. Main reasons: typical total bytes transferred, network service=dns, extremely high recent connections between this source and destination, extremely high recent connections to this destination. Suggested action: Review firewall rules for this flow's protocol/service combination."
48f,46,7157,Generic,Generic,f_direction,ct_dst_src_ltm: cue 'extremely high' but SHAP for Generic falls as the value rises (rho -0.62 on training rows),"This flow was flagged as Generic with 100.0% confidence. Main reasons: typical total bytes transferred, network service=dns, extremely high recent connections between this source and destination, extremely high recent connections to this destination. Suggested action: Review firewall rules for this flow's protocol/service combination."
48f,46,7157,Generic,Generic,f_direction,ct_dst_ltm: cue 'extremely high' but SHAP for Generic falls as the value rises (rho -0.15 on training rows),"This flow was flagged as Generic with 100.0% confidence. Main reasons: typical total bytes transferred, network service=dns, extremely high recent connections between this source and destination, extremely high recent connections to this destination. Suggested action: Review firewall rules for this flow's protocol/service combination."
48f,46,7289,Generic,Generic,f_direction,ct_dst_src_ltm: cue 'extremely high' but SHAP for Generic falls as the value rises (rho -0.62 on training rows),"This flow was flagged as Generic with 100.0% confidence. Main reasons: typical total bytes transferred, network service=dns, extremely high recent connections between this source and destination, extremely high recent connections to this destination. Suggested action: Review firewall rules for this flow's protocol/service combination."
48f,46,7289,Generic,Generic,f_direction,ct_dst_ltm: cue 'extremely high' but SHAP for Generic falls as the value rises (rho -0.15 on training rows),"This flow was flagged as Generic with 100.0% confidence. Main reasons: typical total bytes transferred, network service=dns, extremely high recent connections between this source and destination, extremely high recent connections to this destination. Suggested action: Review firewall rules for this flow's protocol/service combination."
48f,46,7365,Generic,Generic,f_direction,ct_dst_ltm: cue 'unusually high' but SHAP for Generic falls as the value rises (rho -0.15 on training rows),"This flow was flagged as Generic with 100.0% confidence. Main reasons: typical total bytes transferred, network service=dns, unusually high recent connections to this destination, typical bytes sent by the source, extremely high recent connections to this destination from the same source port. Suggested action: Review firewall rules for this flow's protocol/service combination."
48f,46,7509,Generic,Generic,f_direction,ct_dst_src_ltm: cue 'extremely high' but SHAP for Generic falls as the value rises (rho -0.62 on training rows),"This flow was flagged as Generic with 100.0% confidence. Main reasons: typical total bytes transferred, network service=dns, extremely high recent connections between this source and destination, extremely high recent connections to this destination. Suggested action: Review firewall rules for this flow's protocol/service combination."
48f,46,7509,Generic,Generic,f_direction,ct_dst_ltm: cue 'extremely high' but SHAP for Generic falls as the value rises (rho -0.15 on training rows),"This flow was flagged as Generic with 100.0% confidence. Main reasons: typical total bytes transferred, network service=dns, extremely high recent connections between this source and destination, extremely high recent connections to this destination. Suggested action: Review firewall rules for this flow's protocol/service combination."
48f,46,7587,Generic,Generic,f_direction,ct_dst_src_ltm: cue 'extremely high' but SHAP for Generic falls as the value rises (rho -0.62 on training rows),"This flow was flagged as Generic with 100.0% confidence. Main reasons: typical total bytes transferred, network service=dns, extremely high recent connections between this source and destination, typical bytes sent by the source, extremely high connections to the same service and destination. Suggested action: Review firewall rules for this flow's protocol/service combination."
48f,46,7587,Generic,Generic,f_direction,ct_srv_dst: cue 'extremely high' but SHAP for Generic falls as the value rises (rho -0.45 on training rows),"This flow was flagged as Generic with 100.0% confidence. Main reasons: typical total bytes transferred, network service=dns, extremely high recent connections between this source and destination, typical bytes sent by the source, extremely high connections to the same service and destination. Suggested action: Review firewall rules for this flow's protocol/service combination."
48f,46,7642,Generic,Generic,f_direction,ct_dst_ltm: cue 'unusually high' but SHAP for Generic falls as the value rises (rho -0.15 on training rows),"This flow was flagged as Generic with 100.0% confidence. Main reasons: typical total bytes transferred, network service=dns, unusually high recent connections to this destination, typical bytes sent by the source, extremely high recent connections to this destination from the same source port. Suggested action: Review firewall rules for this flow's protocol/service combination."
48f,46,7666,Generic,Generic,f_direction,ct_dst_src_ltm: cue 'extremely high' but SHAP for Generic falls as the value rises (rho -0.62 on training rows),"This flow was flagged as Generic with 100.0% confidence. Main reasons: typical total bytes transferred, network service=dns, extremely high recent connections between this source and destination, typical bytes sent by the source, extremely high connections to the same service and destination. Suggested action: Review firewall rules for this flow's protocol/service combination."
48f,46,7666,Generic,Generic,f_direction,ct_srv_dst: cue 'extremely high' but SHAP for Generic falls as the value rises (rho -0.45 on training rows),"This flow was flagged as Generic with 100.0% confidence. Main reasons: typical total bytes transferred, network service=dns, extremely high recent connections between this source and destination, typical bytes sent by the source, extremely high connections to the same service and destination. Suggested action: Review firewall rules for this flow's protocol/service combination."
48f,46,7744,Generic,Generic,f_direction,ct_dst_ltm: cue 'extremely high' but SHAP for Generic falls as the value rises (rho -0.15 on training rows),"This flow was flagged as Generic with 100.0% confidence. Main reasons: typical total bytes transferred, network service=dns, extremely high recent connections to this destination, typical bytes sent by the source, extremely high recent connections to this destination from the same source port. Suggested action: Review firewall rules for this flow's protocol/service combination."
48f,46,7912,Generic,Generic,f_direction,ct_dst_src_ltm: cue 'extremely high' but SHAP for Generic falls as the value rises (rho -0.62 on training rows),"This flow was flagged as Generic with 100.0% confidence. Main reasons: typical total bytes transferred, network service=dns, extremely high recent connections between this source and destination, extremely high recent connections to this destination. Suggested action: Review firewall rules for this flow's protocol/service combination."
48f,46,7912,Generic,Generic,f_direction,ct_dst_ltm: cue 'extremely high' but SHAP for Generic falls as the value rises (rho -0.15 on training rows),"This flow was flagged as Generic with 100.0% confidence. Main reasons: typical total bytes transferred, network service=dns, extremely high recent connections between this source and destination, extremely high recent connections to this destination. Suggested action: Review firewall rules for this flow's protocol/service combination."
48f,46,8071,Generic,Generic,f_direction,ct_dst_src_ltm: cue 'extremely high' but SHAP for Generic falls as the value rises (rho -0.62 on training rows),"This flow was flagged as Generic with 100.0% confidence. Main reasons: typical total bytes transferred, network service=dns, extremely high recent connections between this source and destination, extremely high recent connections to this destination. Suggested action: Review firewall rules for this flow's protocol/service combination."
48f,46,8071,Generic,Generic,f_direction,ct_dst_ltm: cue 'extremely high' but SHAP for Generic falls as the value rises (rho -0.15 on training rows),"This flow was flagged as Generic with 100.0% confidence. Main reasons: typical total bytes transferred, network service=dns, extremely high recent connections between this source and destination, extremely high recent connections to this destination. Suggested action: Review firewall rules for this flow's protocol/service combination."
48f,46,8117,Generic,Generic,f_direction,ct_dst_src_ltm: cue 'extremely high' but SHAP for Generic falls as the value rises (rho -0.62 on training rows),"This flow was flagged as Generic with 100.0% confidence. Main reasons: typical total bytes transferred, network service=dns, extremely high recent connections between this source and destination, unusually high recent connections to this destination, typical bytes sent by the source. Suggested action: Review firewall rules for this flow's protocol/service combination."
48f,46,8117,Generic,Generic,f_direction,ct_dst_ltm: cue 'unusually high' but SHAP for Generic falls as the value rises (rho -0.15 on training rows),"This flow was flagged as Generic with 100.0% confidence. Main reasons: typical total bytes transferred, network service=dns, extremely high recent connections between this source and destination, unusually high recent connections to this destination, typical bytes sent by the source. Suggested action: Review firewall rules for this flow's protocol/service combination."
48f,46,8312,Generic,Generic,f_direction,ct_dst_src_ltm: cue 'extremely high' but SHAP for Generic falls as the value rises (rho -0.62 on training rows),"This flow was flagged as Generic with 100.0% confidence. Main reasons: typical total bytes transferred, network service=dns, extremely high recent connections between this source and destination, extremely high recent connections to this destination. Suggested action: Review firewall rules for this flow's protocol/service combination."
48f,46,8312,Generic,Generic,f_direction,ct_dst_ltm: cue 'extremely high' but SHAP for Generic falls as the value rises (rho -0.15 on training rows),"This flow was flagged as Generic with 100.0% confidence. Main reasons: typical total bytes transferred, network service=dns, extremely high recent connections between this source and destination, extremely high recent connections to this destination. Suggested action: Review firewall rules for this flow's protocol/service combination."
48f,46,8370,Generic,Generic,f_direction,ct_dst_src_ltm: cue 'extremely high' but SHAP for Generic falls as the value rises (rho -0.62 on training rows),"This flow was flagged as Generic with 100.0% confidence. Main reasons: typical total bytes transferred, network service=dns, extremely high recent connections between this source and destination, typical bytes sent by the source, extremely high connections to the same service and destination. Suggested action: Review firewall rules for this flow's protocol/service combination."
48f,46,8370,Generic,Generic,f_direction,ct_srv_dst: cue 'extremely high' but SHAP for Generic falls as the value rises (rho -0.45 on training rows),"This flow was flagged as Generic with 100.0% confidence. Main reasons: typical total bytes transferred, network service=dns, extremely high recent connections between this source and destination, typical bytes sent by the source, extremely high connections to the same service and destination. Suggested action: Review firewall rules for this flow's protocol/service combination."
48f,46,8392,Generic,Generic,f_direction,ct_dst_src_ltm: cue 'extremely high' but SHAP for Generic falls as the value rises (rho -0.62 on training rows),"This flow was flagged as Generic with 99.9% confidence. Main reasons: typical total bytes transferred, network service=dns, extremely high recent connections between this source and destination, typical bytes sent by the source, extremely high connections to the same service and destination. Suggested action: Review firewall rules for this flow's protocol/service combination."
48f,46,8392,Generic,Generic,f_direction,ct_srv_dst: cue 'extremely high' but SHAP for Generic falls as the value rises (rho -0.45 on training rows),"This flow was flagged as Generic with 99.9% confidence. Main reasons: typical total bytes transferred, network service=dns, extremely high recent connections between this source and destination, typical bytes sent by the source, extremely high connections to the same service and destination. Suggested action: Review firewall rules for this flow's protocol/service combination."
48f,46,8399,Generic,Generic,f_direction,ct_dst_src_ltm: cue 'extremely high' but SHAP for Generic falls as the value rises (rho -0.62 on training rows),"This flow was flagged as Generic with 100.0% confidence. Main reasons: typical total bytes transferred, network service=dns, extremely high recent connections between this source and destination, extremely high recent connections to this destination. Suggested action: Review firewall rules for this flow's protocol/service combination."
48f,46,8399,Generic,Generic,f_direction,ct_dst_ltm: cue 'extremely high' but SHAP for Generic falls as the value rises (rho -0.15 on training rows),"This flow was flagged as Generic with 100.0% confidence. Main reasons: typical total bytes transferred, network service=dns, extremely high recent connections between this source and destination, extremely high recent connections to this destination. Suggested action: Review firewall rules for this flow's protocol/service combination."
48f,46,25553,Overlap-Group-1,Overlap-Group-1,f_direction,avg_pkt_size: cue 'reduced' but SHAP for Overlap-Group-1 falls as the value rises (rho 0.55 on training rows),"This flow was flagged as Overlap-Group-1 with 73.1% confidence. Main reasons: typical response body len, extremely high recent connections to this destination, reduced average packet size, reduced source time-to-live, typical bytes sent by the destination. Suggested action: Flagged as DoS, Backdoor, or Analysis-type behavior — this dataset's flow-level features can't reliably distinguish the three. Escalate for manual / packet-level inspection to determine the specific subtype."
48f,46,25553,Overlap-Group-1,Overlap-Group-1,f_direction,sttl: cue 'reduced' but SHAP for Overlap-Group-1 falls as the value rises (rho 0.69 on training rows),"This flow was flagged as Overlap-Group-1 with 73.1% confidence. Main reasons: typical response body len, extremely high recent connections to this destination, reduced average packet size, reduced source time-to-live, typical bytes sent by the destination. Suggested action: Flagged as DoS, Backdoor, or Analysis-type behavior — this dataset's flow-level features can't reliably distinguish the three. Escalate for manual / packet-level inspection to determine the specific subtype."
48f,46,25584,Unknown,Overlap-Group-1,f_direction,sttl: cue 'reduced' but SHAP for Overlap-Group-1 falls as the value rises (rho 0.69 on training rows),"This flow was flagged as an unrecognized (potential zero-day) pattern with 45.5% confidence. Main reasons: typical response body len, reduced source time-to-live, reduced average packet size, typical bytes sent by the source. Suggested action: Unrecognized pattern — escalate to a human analyst for manual review."
48f,46,25584,Unknown,Overlap-Group-1,f_direction,avg_pkt_size: cue 'reduced' but SHAP for Overlap-Group-1 falls as the value rises (rho 0.55 on training rows),"This flow was flagged as an unrecognized (potential zero-day) pattern with 45.5% confidence. Main reasons: typical response body len, reduced source time-to-live, reduced average packet size, typical bytes sent by the source. Suggested action: Unrecognized pattern — escalate to a human analyst for manual review."
48f,46,26757,Overlap-Group-1,Overlap-Group-1,f_direction,avg_pkt_size: cue 'reduced' but SHAP for Overlap-Group-1 falls as the value rises (rho 0.55 on training rows),"This flow was flagged as Overlap-Group-1 with 67.2% confidence. Main reasons: extremely high recent connections to this destination, typical response body len, reduced average packet size, reduced source time-to-live. Suggested action: Flagged as DoS, Backdoor, or Analysis-type behavior — this dataset's flow-level features can't reliably distinguish the three. Escalate for manual / packet-level inspection to determine the specific subtype."
48f,46,26757,Overlap-Group-1,Overlap-Group-1,f_direction,sttl: cue 'reduced' but SHAP for Overlap-Group-1 falls as the value rises (rho 0.69 on training rows),"This flow was flagged as Overlap-Group-1 with 67.2% confidence. Main reasons: extremely high recent connections to this destination, typical response body len, reduced average packet size, reduced source time-to-live. Suggested action: Flagged as DoS, Backdoor, or Analysis-type behavior — this dataset's flow-level features can't reliably distinguish the three. Escalate for manual / packet-level inspection to determine the specific subtype."
48f,46,27195,Overlap-Group-1,Overlap-Group-1,f_direction,sttl: cue 'reduced' but SHAP for Overlap-Group-1 falls as the value rises (rho 0.69 on training rows),"This flow was flagged as Overlap-Group-1 with 60.9% confidence. Main reasons: extremely high recent connections to this destination, reduced source time-to-live, reduced average packet size, typical response body len. Suggested action: Flagged as DoS, Backdoor, or Analysis-type behavior — this dataset's flow-level features can't reliably distinguish the three. Escalate for manual / packet-level inspection to determine the specific subtype."
48f,46,27195,Overlap-Group-1,Overlap-Group-1,f_direction,avg_pkt_size: cue 'reduced' but SHAP for Overlap-Group-1 falls as the value rises (rho 0.55 on training rows),"This flow was flagged as Overlap-Group-1 with 60.9% confidence. Main reasons: extremely high recent connections to this destination, reduced source time-to-live, reduced average packet size, typical response body len. Suggested action: Flagged as DoS, Backdoor, or Analysis-type behavior — this dataset's flow-level features can't reliably distinguish the three. Escalate for manual / packet-level inspection to determine the specific subtype."
48f,46,28044,Unknown,Fuzzers,f_direction,smean: cue 'reduced' but SHAP for Fuzzers falls as the value rises (rho 0.55 on training rows),"This flow was flagged as an unrecognized (potential zero-day) pattern with 50.3% confidence. Main reasons: unusually high source time-to-live, reduced mean packet size from source, reduced average packet size. Suggested action: Unrecognized pattern — escalate to a human analyst for manual review."
48f,46,29161,Overlap-Group-1,Overlap-Group-1,f_direction,avg_pkt_size: cue 'reduced' but SHAP for Overlap-Group-1 falls as the value rises (rho 0.55 on training rows),"This flow was flagged as Overlap-Group-1 with 72.4% confidence. Main reasons: typical response body len, reduced average packet size, reduced source time-to-live, reduced connections to the same service and destination. Suggested action: Flagged as DoS, Backdoor, or Analysis-type behavior — this dataset's flow-level features can't reliably distinguish the three. Escalate for manual / packet-level inspection to determine the specific subtype."
48f,46,29161,Overlap-Group-1,Overlap-Group-1,f_direction,sttl: cue 'reduced' but SHAP for Overlap-Group-1 falls as the value rises (rho 0.69 on training rows),"This flow was flagged as Overlap-Group-1 with 72.4% confidence. Main reasons: typical response body len, reduced average packet size, reduced source time-to-live, reduced connections to the same service and destination. Suggested action: Flagged as DoS, Backdoor, or Analysis-type behavior — this dataset's flow-level features can't reliably distinguish the three. Escalate for manual / packet-level inspection to determine the specific subtype."
48f,46,29461,Exploits,Exploits,f_direction,sttl: cue 'reduced' but SHAP for Exploits falls as the value rises (rho 0.63 on training rows),"This flow was flagged as Exploits with 95.0% confidence. Main reasons: typical bytes sent by the destination, reduced source time-to-live, reduced connections to the same service and destination, network service=http, typical dloss. Suggested action: Isolate the target host and check for unpatched vulnerabilities."
48f,46,29748,Overlap-Group-1,Overlap-Group-1,f_direction,avg_pkt_size: cue 'reduced' but SHAP for Overlap-Group-1 falls as the value rises (rho 0.55 on training rows),"This flow was flagged as Overlap-Group-1 with 55.0% confidence. Main reasons: typical bytes sent by the destination, unusually high source time-to-live, reduced average packet size, reduced connections to the same service and destination. Suggested action: Flagged as DoS, Backdoor, or Analysis-type behavior — this dataset's flow-level features can't reliably distinguish the three. Escalate for manual / packet-level inspection to determine the specific subtype."
48f,46,30279,Exploits,Exploits,f_direction,smean: cue 'extremely high' but SHAP for Exploits falls as the value rises (rho -0.37 on training rows),"This flow was flagged as Exploits with 83.2% confidence. Main reasons: extremely high mean packet size from source, reduced connections to the same service and destination, typical total bytes transferred, typical flow duration, reduced recent connections between this source and destination. Suggested action: Isolate the target host and check for unpatched vulnerabilities."
48f,46,30326,Exploits,Exploits,f_direction,sttl: cue 'reduced' but SHAP for Exploits falls as the value rises (rho 0.63 on training rows),"This flow was flagged as Exploits with 99.0% confidence. Main reasons: reduced source time-to-live, reduced connections to the same service and destination, reduced mean packet size from source, network service=pop3, extremely high average packet size. Suggested action: Isolate the target host and check for unpatched vulnerabilities."
48f,46,30501,Exploits,Exploits,f_direction,smean: cue 'extremely high' but SHAP for Exploits falls as the value rises (rho -0.37 on training rows),"This flow was flagged as Exploits with 97.8% confidence. Main reasons: network service=smtp, extremely high mean packet size from source, reduced connections to the same service and destination, reduced source time-to-live, unusually high destination time-to-live. Suggested action: Isolate the target host and check for unpatched vulnerabilities."
48f,46,30501,Exploits,Exploits,f_direction,sttl: cue 'reduced' but SHAP for Exploits falls as the value rises (rho 0.63 on training rows),"This flow was flagged as Exploits with 97.8% confidence. Main reasons: network service=smtp, extremely high mean packet size from source, reduced connections to the same service and destination, reduced source time-to-live, unusually high destination time-to-live. Suggested action: Isolate the target host and check for unpatched vulnerabilities."
48f,46,30562,Exploits,Exploits,f_direction,smean: cue 'extremely high' but SHAP for Exploits falls as the value rises (rho -0.37 on training rows),"This flow was flagged as Exploits with 67.9% confidence. Main reasons: reduced recent connections between this source and destination, extremely high mean packet size from source, typical total bytes transferred, extremely high average packet size. Suggested action: Isolate the target host and check for unpatched vulnerabilities."
48f,46,31245,Exploits,Exploits,f_direction,sttl: cue 'reduced' but SHAP for Exploits falls as the value rises (rho 0.63 on training rows),"This flow was flagged as Exploits with 91.2% confidence. Main reasons: reduced connections to the same service and destination, reduced source time-to-live, network service=smtp, unusually high destination time-to-live, typical total bytes transferred. Suggested action: Isolate the target host and check for unpatched vulnerabilities."
48f,46,31809,Exploits,Exploits,f_direction,avg_pkt_size: cue 'reduced' but SHAP for Exploits falls as the value rises (rho 0.52 on training rows),"This flow was flagged as Exploits with 62.5% confidence. Main reasons: network service=http, reduced average packet size, typical source-to-destination byte ratio, unusually high destination time-to-live. Suggested action: Isolate the target host and check for unpatched vulnerabilities."
48f,46,32186,Overlap-Group-1,Overlap-Group-1,f_direction,spkts: cue 'extremely high' but SHAP for Overlap-Group-1 falls as the value rises (rho -0.28 on training rows),"This flow was flagged as Overlap-Group-1 with 97.8% confidence. Main reasons: extremely high number of packets sent by the source, extremely high sloss, typical bytes sent by the destination, typical average packet size, unusually high total bytes transferred. Suggested action: Flagged as DoS, Backdoor, or Analysis-type behavior — this dataset's flow-level features can't reliably distinguish the three. Escalate for manual / packet-level inspection to determine the specific subtype."
48f,46,32186,Overlap-Group-1,Overlap-Group-1,f_direction,sloss: cue 'extremely high' but SHAP for Overlap-Group-1 falls as the value rises (rho -0.36 on training rows),"This flow was flagged as Overlap-Group-1 with 97.8% confidence. Main reasons: extremely high number of packets sent by the source, extremely high sloss, typical bytes sent by the destination, typical average packet size, unusually high total bytes transferred. Suggested action: Flagged as DoS, Backdoor, or Analysis-type behavior — this dataset's flow-level features can't reliably distinguish the three. Escalate for manual / packet-level inspection to determine the specific subtype."
48f,46,32186,Overlap-Group-1,Overlap-Group-1,f_direction,total_bytes: cue 'unusually high' but SHAP for Overlap-Group-1 falls as the value rises (rho -0.36 on training rows),"This flow was flagged as Overlap-Group-1 with 97.8% confidence. Main reasons: extremely high number of packets sent by the source, extremely high sloss, typical bytes sent by the destination, typical average packet size, unusually high total bytes transferred. Suggested action: Flagged as DoS, Backdoor, or Analysis-type behavior — this dataset's flow-level features can't reliably distinguish the three. Escalate for manual / packet-level inspection to determine the specific subtype."
48f,46,33136,Generic,Generic,f_direction,avg_pkt_size: cue 'reduced' but SHAP for Generic falls as the value rises (rho 0.28 on training rows),"This flow was flagged as Generic with 99.9% confidence. Main reasons: typical total bytes transferred, network service=dns, typical bytes sent by the source, reduced average packet size. Suggested action: Review firewall rules for this flow's protocol/service combination."
48f,46,33339,Overlap-Group-1,Overlap-Group-1,f_direction,avg_pkt_size: cue 'reduced' but SHAP for Overlap-Group-1 falls as the value rises (rho 0.55 on training rows),"This flow was flagged as Overlap-Group-1 with 57.7% confidence. Main reasons: network protocol=unas, reduced average packet size, typical bytes sent by the source, unusually high source time-to-live. Suggested action: Flagged as DoS, Backdoor, or Analysis-type behavior — this dataset's flow-level features can't reliably distinguish the three. Escalate for manual / packet-level inspection to determine the specific subtype."
48f,46,33343,Overlap-Group-1,Overlap-Group-1,f_direction,avg_pkt_size: cue 'reduced' but SHAP for Overlap-Group-1 falls as the value rises (rho 0.55 on training rows),"This flow was flagged as Overlap-Group-1 with 57.7% confidence. Main reasons: network protocol=unas, reduced average packet size, typical bytes sent by the source, unusually high source time-to-live. Suggested action: Flagged as DoS, Backdoor, or Analysis-type behavior — this dataset's flow-level features can't reliably distinguish the three. Escalate for manual / packet-level inspection to determine the specific subtype."
48f,46,33404,Exploits,Exploits,f_direction,sttl: cue 'reduced' but SHAP for Exploits falls as the value rises (rho 0.63 on training rows),"This flow was flagged as Exploits with 98.3% confidence. Main reasons: reduced source time-to-live, reduced connections to the same service and destination, elevated total bytes transferred, reduced mean packet size from source, network service=pop3. Suggested action: Isolate the target host and check for unpatched vulnerabilities."
48f,46,33434,Generic,Generic,f_direction,ct_srv_dst: cue 'unusually high' but SHAP for Generic falls as the value rises (rho -0.45 on training rows),"This flow was flagged as Generic with 99.9% confidence. Main reasons: typical total bytes transferred, network service=dns, typical bytes sent by the source, unusually high connections to the same service and destination. Suggested action: Review firewall rules for this flow's protocol/service combination."
48f,46,33751,Overlap-Group-1,Overlap-Group-1,f_direction,avg_pkt_size: cue 'reduced' but SHAP for Overlap-Group-1 falls as the value rises (rho 0.55 on training rows),"This flow was flagged as Overlap-Group-1 with 59.0% confidence. Main reasons: network protocol=unas, reduced average packet size, typical bytes sent by the source, unusually high source time-to-live. Suggested action: Flagged as DoS, Backdoor, or Analysis-type behavior — this dataset's flow-level features can't reliably distinguish the three. Escalate for manual / packet-level inspection to determine the specific subtype."
48f,46,33933,Generic,Generic,f_direction,ct_srv_dst: cue 'elevated' but SHAP for Generic falls as the value rises (rho -0.45 on training rows),"This flow was flagged as Generic with 99.9% confidence. Main reasons: typical total bytes transferred, network service=dns, typical bytes sent by the source, elevated connections to the same service and destination. Suggested action: Review firewall rules for this flow's protocol/service combination."
48f,46,34444,Unknown,Exploits,f_direction,sttl: cue 'reduced' but SHAP for Exploits falls as the value rises (rho 0.63 on training rows),"This flow was flagged as an unrecognized (potential zero-day) pattern with 46.2% confidence. Main reasons: reduced connections to the same service and destination, reduced source time-to-live, network service=smtp. Suggested action: Unrecognized pattern — escalate to a human analyst for manual review."
48f,46,35130,Unknown,Overlap-Group-1,f_direction,avg_pkt_size: cue 'reduced' but SHAP for Overlap-Group-1 falls as the value rises (rho 0.55 on training rows),"This flow was flagged as an unrecognized (potential zero-day) pattern with 50.2% confidence. Main reasons: network protocol=xtp, reduced average packet size, typical bytes sent by the source. Suggested action: Unrecognized pattern — escalate to a human analyst for manual review."
48f,46,35181,Overlap-Group-1,Overlap-Group-1,f_direction,avg_pkt_size: cue 'reduced' but SHAP for Overlap-Group-1 falls as the value rises (rho 0.55 on training rows),"This flow was flagged as Overlap-Group-1 with 59.8% confidence. Main reasons: network protocol=unas, reduced average packet size, typical bytes sent by the source, unusually high source time-to-live. Suggested action: Flagged as DoS, Backdoor, or Analysis-type behavior — this dataset's flow-level features can't reliably distinguish the three. Escalate for manual / packet-level inspection to determine the specific subtype."
48f,46,35268,Overlap-Group-1,Overlap-Group-1,f_direction,avg_pkt_size: cue 'reduced' but SHAP for Overlap-Group-1 falls as the value rises (rho 0.55 on training rows),"This flow was flagged as Overlap-Group-1 with 59.7% confidence. Main reasons: network protocol=unas, reduced average packet size, typical bytes sent by the source, unusually high source time-to-live. Suggested action: Flagged as DoS, Backdoor, or Analysis-type behavior — this dataset's flow-level features can't reliably distinguish the three. Escalate for manual / packet-level inspection to determine the specific subtype."
48f,46,35455,Unknown,Overlap-Group-1,f_direction,avg_pkt_size: cue 'reduced' but SHAP for Overlap-Group-1 falls as the value rises (rho 0.55 on training rows),"This flow was flagged as an unrecognized (potential zero-day) pattern with 44.6% confidence. Main reasons: network protocol=ipv6-route, reduced average packet size, typical bytes sent by the source, unusually high source time-to-live. Suggested action: Unrecognized pattern — escalate to a human analyst for manual review."
48f,46,36203,Overlap-Group-1,Overlap-Group-1,f_direction,avg_pkt_size: cue 'reduced' but SHAP for Overlap-Group-1 falls as the value rises (rho 0.55 on training rows),"This flow was flagged as Overlap-Group-1 with 61.9% confidence. Main reasons: network protocol=unas, reduced average packet size, typical bytes sent by the source. Suggested action: Flagged as DoS, Backdoor, or Analysis-type behavior — this dataset's flow-level features can't reliably distinguish the three. Escalate for manual / packet-level inspection to determine the specific subtype."
48f,46,36615,Exploits,Exploits,f_direction,avg_pkt_size: cue 'reduced' but SHAP for Exploits falls as the value rises (rho 0.52 on training rows),"This flow was flagged as Exploits with 68.2% confidence. Main reasons: reduced connections to the same service and destination, typical total bytes transferred, reduced recent connections between this source and destination, reduced average packet size. Suggested action: Isolate the target host and check for unpatched vulnerabilities."
48f,46,37295,Exploits,Exploits,f_direction,sttl: cue 'reduced' but SHAP for Exploits falls as the value rises (rho 0.63 on training rows),"This flow was flagged as Exploits with 58.4% confidence. Main reasons: reduced source time-to-live, typical mean packet size from destination, reduced connections to the same service and destination. Suggested action: Isolate the target host and check for unpatched vulnerabilities."
48f,46,38520,Exploits,Exploits,f_direction,sttl: cue 'reduced' but SHAP for Exploits falls as the value rises (rho 0.63 on training rows),"This flow was flagged as Exploits with 87.6% confidence. Main reasons: reduced connections to the same service and destination, reduced source time-to-live, unusually high stcpb, typical total bytes transferred. Suggested action: Isolate the target host and check for unpatched vulnerabilities."
48f,46,38520,Exploits,Exploits,f_direction,stcpb: cue 'unusually high' but SHAP for Exploits falls as the value rises (rho -0.21 on training rows),"This flow was flagged as Exploits with 87.6% confidence. Main reasons: reduced connections to the same service and destination, reduced source time-to-live, unusually high stcpb, typical total bytes transferred. Suggested action: Isolate the target host and check for unpatched vulnerabilities."
48f,46,38619,Generic,Generic,f_direction,avg_pkt_size: cue 'reduced' but SHAP for Generic falls as the value rises (rho 0.28 on training rows),"This flow was flagged as Generic with 99.9% confidence. Main reasons: typical total bytes transferred, network service=dns, typical bytes sent by the source, reduced average packet size. Suggested action: Review firewall rules for this flow's protocol/service combination."
48f,46,39202,Unknown,Overlap-Group-1,f_direction,sttl: cue 'reduced' but SHAP for Overlap-Group-1 falls as the value rises (rho 0.69 on training rows),"This flow was flagged as an unrecognized (potential zero-day) pattern with 48.2% confidence. Main reasons: typical bytes sent by the destination, reduced connections to the same service and destination, reduced source time-to-live, reduced average packet size. Suggested action: Unrecognized pattern — escalate to a human analyst for manual review."
48f,46,39202,Unknown,Overlap-Group-1,f_direction,avg_pkt_size: cue 'reduced' but SHAP for Overlap-Group-1 falls as the value rises (rho 0.55 on training rows),"This flow was flagged as an unrecognized (potential zero-day) pattern with 48.2% confidence. Main reasons: typical bytes sent by the destination, reduced connections to the same service and destination, reduced source time-to-live, reduced average packet size. Suggested action: Unrecognized pattern — escalate to a human analyst for manual review."
48f,46,40206,Exploits,Exploits,f_direction,sttl: cue 'reduced' but SHAP for Exploits falls as the value rises (rho 0.63 on training rows),"This flow was flagged as Exploits with 97.5% confidence. Main reasons: reduced connections to the same service and destination, reduced source time-to-live, typical dloss, typical average packet size, typical total bytes transferred. Suggested action: Isolate the target host and check for unpatched vulnerabilities."
48f,46,40944,Normal,Normal,f_direction,ct_state_ttl: cue 'extremely high' but SHAP for Normal falls as the value rises (rho -0.79 on training rows),"This flow was flagged as Normal with 99.9% confidence. Main reasons: extremely high connections with the same state and TTL, unusually high connections to the same service and destination, reduced average packet size, unusually high connections to the same service from this source. Suggested action: No action required."
48f,46,40944,Normal,Normal,f_direction,avg_pkt_size: cue 'reduced' but SHAP for Normal falls as the value rises (rho 0.34 on training rows),"This flow was flagged as Normal with 99.9% confidence. Main reasons: extremely high connections with the same state and TTL, unusually high connections to the same service and destination, reduced average packet size, unusually high connections to the same service from this source. Suggested action: No action required."
48f,46,41536,Unknown,Normal,f_direction,ct_srv_dst: cue 'reduced' but SHAP for Normal falls as the value rises (rho 0.87 on training rows),"This flow was flagged as an unrecognized (potential zero-day) pattern with 47.3% confidence. Main reasons: reduced connections to the same service and destination, extremely high SYN-ACK handshake time, unusually high TCP round-trip time. Suggested action: Unrecognized pattern — escalate to a human analyst for manual review."
48f,46,42172,Unknown,Fuzzers,f_direction,ct_dst_src_ltm: cue 'reduced' but SHAP for Fuzzers falls as the value rises (rho 0.75 on training rows),"This flow was flagged as an unrecognized (potential zero-day) pattern with 50.1% confidence. Main reasons: unusually high source time-to-live, reduced recent connections between this source and destination, reduced average packet size, reduced mean packet size from source. Suggested action: Unrecognized pattern — escalate to a human analyst for manual review."
48f,46,42172,Unknown,Fuzzers,f_direction,smean: cue 'reduced' but SHAP for Fuzzers falls as the value rises (rho 0.55 on training rows),"This flow was flagged as an unrecognized (potential zero-day) pattern with 50.1% confidence. Main reasons: unusually high source time-to-live, reduced recent connections between this source and destination, reduced average packet size, reduced mean packet size from source. Suggested action: Unrecognized pattern — escalate to a human analyst for manual review."
48f,46,42285,Unknown,Normal,f_direction,ct_srv_dst: cue 'reduced' but SHAP for Normal falls as the value rises (rho 0.87 on training rows),"This flow was flagged as an unrecognized (potential zero-day) pattern with 50.0% confidence. Main reasons: typical bytes sent by the source, elevated mean packet size from source, reduced connections to the same service and destination, typical recent connections between this source and destination. Suggested action: Unrecognized pattern — escalate to a human analyst for manual review."
48f,46,42403,Fuzzers,Fuzzers,f_direction,ct_src_ltm: cue 'extremely high' but SHAP for Fuzzers falls as the value rises (rho -0.18 on training rows),"This flow was flagged as Fuzzers with 96.6% confidence. Main reasons: unusually high source time-to-live, extremely high recent connections from this source, elevated mean packet size from source, network service=-, reduced recent connections between this source and destination. Suggested action: Inspect the application for crash logs; consider input validation hardening."
48f,46,42403,Fuzzers,Fuzzers,f_direction,ct_dst_src_ltm: cue 'reduced' but SHAP for Fuzzers falls as the value rises (rho 0.75 on training rows),"This flow was flagged as Fuzzers with 96.6% confidence. Main reasons: unusually high source time-to-live, extremely high recent connections from this source, elevated mean packet size from source, network service=-, reduced recent connections between this source and destination. Suggested action: Inspect the application for crash logs; consider input validation hardening."
48f,46,42535,Unknown,Overlap-Group-1,f_direction,sttl: cue 'reduced' but SHAP for Overlap-Group-1 falls as the value rises (rho 0.69 on training rows),"This flow was flagged as an unrecognized (potential zero-day) pattern with 46.0% confidence. Main reasons: typical response body len, reduced source time-to-live, typical bytes sent by the source, reduced average packet size. Suggested action: Unrecognized pattern — escalate to a human analyst for manual review."
48f,46,42535,Unknown,Overlap-Group-1,f_direction,avg_pkt_size: cue 'reduced' but SHAP for Overlap-Group-1 falls as the value rises (rho 0.55 on training rows),"This flow was flagged as an unrecognized (potential zero-day) pattern with 46.0% confidence. Main reasons: typical response body len, reduced source time-to-live, typical bytes sent by the source, reduced average packet size. Suggested action: Unrecognized pattern — escalate to a human analyst for manual review."
48f,46,42627,Overlap-Group-1,Overlap-Group-1,f_direction,sttl: cue 'reduced' but SHAP for Overlap-Group-1 falls as the value rises (rho 0.69 on training rows),"This flow was flagged as Overlap-Group-1 with 51.6% confidence. Main reasons: typical response body len, reduced source time-to-live, reduced average packet size, typical bytes sent by the source, unusually high ACK data time. Suggested action: Flagged as DoS, Backdoor, or Analysis-type behavior — this dataset's flow-level features can't reliably distinguish the three. Escalate for manual / packet-level inspection to determine the specific subtype."
48f,46,42627,Overlap-Group-1,Overlap-Group-1,f_direction,avg_pkt_size: cue 'reduced' but SHAP for Overlap-Group-1 falls as the value rises (rho 0.55 on training rows),"This flow was flagged as Overlap-Group-1 with 51.6% confidence. Main reasons: typical response body len, reduced source time-to-live, reduced average packet size, typical bytes sent by the source, unusually high ACK data time. Suggested action: Flagged as DoS, Backdoor, or Analysis-type behavior — this dataset's flow-level features can't reliably distinguish the three. Escalate for manual / packet-level inspection to determine the specific subtype."
48f,46,43116,Exploits,Exploits,f_direction,sttl: cue 'reduced' but SHAP for Exploits falls as the value rises (rho 0.63 on training rows),"This flow was flagged as Exploits with 63.5% confidence. Main reasons: reduced connections to the same service and destination, reduced source time-to-live, network service=http. Suggested action: Isolate the target host and check for unpatched vulnerabilities."
48f,46,43220,Fuzzers,Fuzzers,f_direction,ct_src_ltm: cue 'unusually high' but SHAP for Fuzzers falls as the value rises (rho -0.18 on training rows),"This flow was flagged as Fuzzers with 59.4% confidence. Main reasons: unusually high source time-to-live, unusually high recent connections from this source, typical bytes sent by the source, elevated mean packet size from source, typical recent connections between this source and destination. Suggested action: Inspect the application for crash logs; consider input validation hardening."
48f,46,43493,Fuzzers,Fuzzers,f_direction,ct_srv_dst: cue 'reduced' but SHAP for Fuzzers falls as the value rises (rho 0.67 on training rows),"This flow was flagged as Fuzzers with 92.7% confidence. Main reasons: typical bytes sent by the source, unusually high source time-to-live, reduced average packet size, typical recent connections between this source and destination, reduced connections to the same service and destination. Suggested action: Inspect the application for crash logs; consider input validation hardening."
48f,46,43503,Overlap-Group-1,Overlap-Group-1,f_direction,avg_pkt_size: cue 'reduced' but SHAP for Overlap-Group-1 falls as the value rises (rho 0.55 on training rows),"This flow was flagged as Overlap-Group-1 with 65.9% confidence. Main reasons: extremely high ct flw http mthd, reduced average packet size, typical response body len, reduced source time-to-live, typical source jitter. Suggested action: Flagged as DoS, Backdoor, or Analysis-type behavior — this dataset's flow-level features can't reliably distinguish the three. Escalate for manual / packet-level inspection to determine the specific subtype."
48f,46,43503,Overlap-Group-1,Overlap-Group-1,f_direction,sttl: cue 'reduced' but SHAP for Overlap-Group-1 falls as the value rises (rho 0.69 on training rows),"This flow was flagged as Overlap-Group-1 with 65.9% confidence. Main reasons: extremely high ct flw http mthd, reduced average packet size, typical response body len, reduced source time-to-live, typical source jitter. Suggested action: Flagged as DoS, Backdoor, or Analysis-type behavior — this dataset's flow-level features can't reliably distinguish the three. Escalate for manual / packet-level inspection to determine the specific subtype."
48f,46,44283,Fuzzers,Fuzzers,f_direction,smean: cue 'reduced' but SHAP for Fuzzers falls as the value rises (rho 0.55 on training rows),"This flow was flagged as Fuzzers with 80.5% confidence. Main reasons: unusually high source time-to-live, reduced mean packet size from source, reduced average packet size, reduced recent connections between this source and destination, typical source-to-destination byte ratio. Suggested action: Inspect the application for crash logs; consider input validation hardening."
48f,46,44283,Fuzzers,Fuzzers,f_direction,ct_dst_src_ltm: cue 'reduced' but SHAP for Fuzzers falls as the value rises (rho 0.75 on training rows),"This flow was flagged as Fuzzers with 80.5% confidence. Main reasons: unusually high source time-to-live, reduced mean packet size from source, reduced average packet size, reduced recent connections between this source and destination, typical source-to-destination byte ratio. Suggested action: Inspect the application for crash logs; consider input validation hardening."
48f,46,46019,Fuzzers,Fuzzers,f_direction,ct_dst_src_ltm: cue 'reduced' but SHAP for Fuzzers falls as the value rises (rho 0.75 on training rows),"This flow was flagged as Fuzzers with 55.7% confidence. Main reasons: reduced average packet size, unusually high source time-to-live, reduced recent connections between this source and destination. Suggested action: Inspect the application for crash logs; consider input validation hardening."
48f,46,46267,Fuzzers,Fuzzers,f_direction,ct_dst_src_ltm: cue 'reduced' but SHAP for Fuzzers falls as the value rises (rho 0.75 on training rows),"This flow was flagged as Fuzzers with 59.5% confidence. Main reasons: unusually high source time-to-live, reduced recent connections between this source and destination, elevated connections to the same service from this source, network service=-. Suggested action: Inspect the application for crash logs; consider input validation hardening."
48f,46,47614,Unknown,Normal,f_direction,ct_srv_dst: cue 'reduced' but SHAP for Normal falls as the value rises (rho 0.87 on training rows),"This flow was flagged as an unrecognized (potential zero-day) pattern with 44.1% confidence. Main reasons: typical bytes sent by the destination, reduced connections to the same service and destination, typical response body len. Suggested action: Unrecognized pattern — escalate to a human analyst for manual review."
48f,46,47626,Unknown,Normal,f_direction,ct_srv_dst: cue 'reduced' but SHAP for Normal falls as the value rises (rho 0.87 on training rows),"This flow was flagged as an unrecognized (potential zero-day) pattern with 42.8% confidence. Main reasons: typical bytes sent by the destination, reduced connections to the same service and destination, typical response body len. Suggested action: Unrecognized pattern — escalate to a human analyst for manual review."
48f,46,48039,Unknown,Overlap-Group-1,f_direction,sttl: cue 'reduced' but SHAP for Overlap-Group-1 falls as the value rises (rho 0.69 on training rows),"This flow was flagged as an unrecognized (potential zero-day) pattern with 41.5% confidence. Main reasons: reduced source time-to-live, reduced average packet size, typical response body len, typical bytes sent by the source. Suggested action: Unrecognized pattern — escalate to a human analyst for manual review."
48f,46,48039,Unknown,Overlap-Group-1,f_direction,avg_pkt_size: cue 'reduced' but SHAP for Overlap-Group-1 falls as the value rises (rho 0.55 on training rows),"This flow was flagged as an unrecognized (potential zero-day) pattern with 41.5% confidence. Main reasons: reduced source time-to-live, reduced average packet size, typical response body len, typical bytes sent by the source. Suggested action: Unrecognized pattern — escalate to a human analyst for manual review."
48f,46,48203,Fuzzers,Fuzzers,f_direction,ct_srv_dst: cue 'reduced' but SHAP for Fuzzers falls as the value rises (rho 0.67 on training rows),"This flow was flagged as Fuzzers with 85.5% confidence. Main reasons: unusually high source time-to-live, elevated connections to the same service from this source, typical recent connections between this source and destination, typical bytes sent by the source, reduced connections to the same service and destination. Suggested action: Inspect the application for crash logs; consider input validation hardening."
48f,46,48674,Unknown,Overlap-Group-1,f_direction,avg_pkt_size: cue 'reduced' but SHAP for Overlap-Group-1 falls as the value rises (rho 0.55 on training rows),"This flow was flagged as an unrecognized (potential zero-day) pattern with 45.7% confidence. Main reasons: reduced average packet size, reduced source time-to-live, reduced connections to the same service and destination. Suggested action: Unrecognized pattern — escalate to a human analyst for manual review."
48f,46,48674,Unknown,Overlap-Group-1,f_direction,sttl: cue 'reduced' but SHAP for Overlap-Group-1 falls as the value rises (rho 0.69 on training rows),"This flow was flagged as an unrecognized (potential zero-day) pattern with 45.7% confidence. Main reasons: reduced average packet size, reduced source time-to-live, reduced connections to the same service and destination. Suggested action: Unrecognized pattern — escalate to a human analyst for manual review."
48f,46,48762,Fuzzers,Fuzzers,f_direction,ct_dst_src_ltm: cue 'reduced' but SHAP for Fuzzers falls as the value rises (rho 0.75 on training rows),"This flow was flagged as Fuzzers with 83.0% confidence. Main reasons: typical bytes sent by the source, unusually high source time-to-live, reduced average packet size, reduced recent connections between this source and destination, network service=-. Suggested action: Inspect the application for crash logs; consider input validation hardening."
48f,46,48952,Normal,Normal,f_direction,ct_state_ttl: cue 'unusually high' but SHAP for Normal falls as the value rises (rho -0.79 on training rows),"This flow was flagged as Normal with 99.9% confidence. Main reasons: unusually high connections with the same state and TTL, typical connections to the same service and destination, typical bytes sent by the source, connection state=CON. Suggested action: No action required."
48f,46,49003,Normal,Normal,f_direction,ct_state_ttl: cue 'unusually high' but SHAP for Normal falls as the value rises (rho -0.79 on training rows),"This flow was flagged as Normal with 99.9% confidence. Main reasons: unusually high connections with the same state and TTL, typical bytes sent by the source, reduced connections to the same service and destination, connection state=CON. Suggested action: No action required."
48f,46,49003,Normal,Normal,f_direction,ct_srv_dst: cue 'reduced' but SHAP for Normal falls as the value rises (rho 0.87 on training rows),"This flow was flagged as Normal with 99.9% confidence. Main reasons: unusually high connections with the same state and TTL, typical bytes sent by the source, reduced connections to the same service and destination, connection state=CON. Suggested action: No action required."
48f,46,49725,Exploits,Exploits,f_direction,dmean: cue 'reduced' but SHAP for Exploits falls as the value rises (rho 0.80 on training rows),"This flow was flagged as Exploits with 57.6% confidence. Main reasons: reduced mean packet size from source, reduced mean packet size from destination, reduced average packet size, typical source-to-destination packet ratio. Suggested action: Isolate the target host and check for unpatched vulnerabilities."
48f,46,49725,Exploits,Exploits,f_direction,avg_pkt_size: cue 'reduced' but SHAP for Exploits falls as the value rises (rho 0.52 on training rows),"This flow was flagged as Exploits with 57.6% confidence. Main reasons: reduced mean packet size from source, reduced mean packet size from destination, reduced average packet size, typical source-to-destination packet ratio. Suggested action: Isolate the target host and check for unpatched vulnerabilities."
48f,46,51646,Unknown,Fuzzers,f_direction,ct_dst_src_ltm: cue 'reduced' but SHAP for Fuzzers falls as the value rises (rho 0.75 on training rows),"This flow was flagged as an unrecognized (potential zero-day) pattern with 46.3% confidence. Main reasons: unusually high source time-to-live, network service=-, typical bytes sent by the source, reduced recent connections between this source and destination. Suggested action: Unrecognized pattern — escalate to a human analyst for manual review."
48f,46,52221,Fuzzers,Fuzzers,f_direction,ct_dst_src_ltm: cue 'reduced' but SHAP for Fuzzers falls as the value rises (rho 0.75 on training rows),"This flow was flagged as Fuzzers with 68.5% confidence. Main reasons: unusually high source time-to-live, typical bytes sent by the source, elevated mean packet size from source, reduced recent connections between this source and destination, network service=-. Suggested action: Inspect the application for crash logs; consider input validation hardening."
48f,46,52840,Unknown,Overlap-Group-1,f_direction,avg_pkt_size: cue 'reduced' but SHAP for Overlap-Group-1 falls as the value rises (rho 0.55 on training rows),"This flow was flagged as an unrecognized (potential zero-day) pattern with 44.3% confidence. Main reasons: reduced average packet size, typical response body len, reduced source time-to-live, reduced mean packet size from source. Suggested action: Unrecognized pattern — escalate to a human analyst for manual review."
48f,46,52840,Unknown,Overlap-Group-1,f_direction,sttl: cue 'reduced' but SHAP for Overlap-Group-1 falls as the value rises (rho 0.69 on training rows),"This flow was flagged as an unrecognized (potential zero-day) pattern with 44.3% confidence. Main reasons: reduced average packet size, typical response body len, reduced source time-to-live, reduced mean packet size from source. Suggested action: Unrecognized pattern — escalate to a human analyst for manual review."
48f,46,53021,Unknown,Overlap-Group-1,f_direction,sttl: cue 'reduced' but SHAP for Overlap-Group-1 falls as the value rises (rho 0.69 on training rows),"This flow was flagged as an unrecognized (potential zero-day) pattern with 49.4% confidence. Main reasons: typical response body len, reduced source time-to-live, reduced average packet size, typical bytes sent by the destination. Suggested action: Unrecognized pattern — escalate to a human analyst for manual review."
48f,46,53021,Unknown,Overlap-Group-1,f_direction,avg_pkt_size: cue 'reduced' but SHAP for Overlap-Group-1 falls as the value rises (rho 0.55 on training rows),"This flow was flagged as an unrecognized (potential zero-day) pattern with 49.4% confidence. Main reasons: typical response body len, reduced source time-to-live, reduced average packet size, typical bytes sent by the destination. Suggested action: Unrecognized pattern — escalate to a human analyst for manual review."
48f,46,54288,Fuzzers,Fuzzers,f_direction,smean: cue 'reduced' but SHAP for Fuzzers falls as the value rises (rho 0.55 on training rows),"This flow was flagged as Fuzzers with 58.7% confidence. Main reasons: unusually high source time-to-live, reduced mean packet size from source, reduced average packet size, reduced recent connections between this source and destination, reduced connections to the same service and destination. Suggested action: Inspect the application for crash logs; consider input validation hardening."
48f,46,54288,Fuzzers,Fuzzers,f_direction,ct_dst_src_ltm: cue 'reduced' but SHAP for Fuzzers falls as the value rises (rho 0.75 on training rows),"This flow was flagged as Fuzzers with 58.7% confidence. Main reasons: unusually high source time-to-live, reduced mean packet size from source, reduced average packet size, reduced recent connections between this source and destination, reduced connections to the same service and destination. Suggested action: Inspect the application for crash logs; consider input validation hardening."
48f,46,54288,Fuzzers,Fuzzers,f_direction,ct_srv_dst: cue 'reduced' but SHAP for Fuzzers falls as the value rises (rho 0.67 on training rows),"This flow was flagged as Fuzzers with 58.7% confidence. Main reasons: unusually high source time-to-live, reduced mean packet size from source, reduced average packet size, reduced recent connections between this source and destination, reduced connections to the same service and destination. Suggested action: Inspect the application for crash logs; consider input validation hardening."
48f,46,54318,Normal,Normal,f_direction,avg_pkt_size: cue 'reduced' but SHAP for Normal falls as the value rises (rho 0.34 on training rows),"This flow was flagged as Normal with 52.0% confidence. Main reasons: reduced average packet size, reduced connections to the same service and destination, reduced mean packet size from source, typical recent connections between this source and destination. Suggested action: No action required."
48f,46,54318,Normal,Normal,f_direction,ct_srv_dst: cue 'reduced' but SHAP for Normal falls as the value rises (rho 0.87 on training rows),"This flow was flagged as Normal with 52.0% confidence. Main reasons: reduced average packet size, reduced connections to the same service and destination, reduced mean packet size from source, typical recent connections between this source and destination. Suggested action: No action required."
48f,46,54519,Fuzzers,Fuzzers,f_direction,smean: cue 'reduced' but SHAP for Fuzzers falls as the value rises (rho 0.55 on training rows),"This flow was flagged as Fuzzers with 76.8% confidence. Main reasons: unusually high source time-to-live, reduced mean packet size from source, reduced average packet size, typical destination jitter, typical recent connections between this source and destination. Suggested action: Inspect the application for crash logs; consider input validation hardening."
48f,46,55794,Unknown,Fuzzers,f_direction,smean: cue 'reduced' but SHAP for Fuzzers falls as the value rises (rho 0.55 on training rows),"This flow was flagged as an unrecognized (potential zero-day) pattern with 42.9% confidence. Main reasons: unusually high source time-to-live, reduced mean packet size from source, typical source-to-destination byte ratio. Suggested action: Unrecognized pattern — escalate to a human analyst for manual review."
