pool_label,seed,flow,stratum,predicted,is_unknown,narrative,confidence_text_ok,confidence_json_ok,a_ok,n_cited_numeric,b_exact,b_direction,n_cited_categorical,c_ok,d_ok,e_ok,f_consistent,f_inconsistent,f_no_monotone_relation,f_no_direction_claimed,n_failures,diffuse
40f,42,447,Unknown,Exploits,True,"This flow was flagged as an unrecognized (potential zero-day) pattern with 46.5% confidence. Main reasons: extremely high ACK data time, typical recent connections from this source to the same destination port, typical average packet size, typical total bytes transferred. Suggested action: Unrecognized pattern — escalate to a human analyst for manual review.",True,True,True,4,4,4,0,0,True,True,1,0,0,3,0,False
40f,42,1018,Reconnaissance,Reconnaissance,False,"This flow was flagged as Reconnaissance with 74.6% confidence. Main reasons: network service=http, reduced mean packet size from destination, elevated source jitter, reduced mean packet size from source. Suggested action: Flag source IP for monitoring; likely pre-attack scanning.",True,True,True,3,3,3,1,1,True,True,3,0,0,0,0,False
40f,42,1239,Unknown,Overlap-Group-1,True,"This flow was flagged as an unrecognized (potential zero-day) pattern with 41.0% confidence. Main reasons: network protocol=cbt, reduced average packet size, typical sloss. Suggested action: Unrecognized pattern — escalate to a human analyst for manual review.",True,True,True,2,2,2,1,1,True,True,0,1,0,1,1,False
40f,42,1346,Overlap-Group-1,Overlap-Group-1,False,"This flow was flagged as Overlap-Group-1 with 54.4% confidence. Main reasons: typical mean packet size from source, typical bytes sent by the source, reduced average packet size, elevated source data load. Suggested action: Flagged as DoS, Backdoor, or Analysis-type behavior — this dataset's flow-level features can't reliably distinguish the three. Escalate for manual / packet-level inspection to determine the specific subtype.",True,True,True,4,4,4,0,0,True,True,1,1,0,2,1,False
40f,42,1522,Overlap-Group-1,Overlap-Group-1,False,"This flow was flagged as Overlap-Group-1 with 62.3% confidence. Main reasons: network protocol=unas, typical mean packet size from source, typical bytes sent by the source, reduced average packet size. Suggested action: Flagged as DoS, Backdoor, or Analysis-type behavior — this dataset's flow-level features can't reliably distinguish the three. Escalate for manual / packet-level inspection to determine the specific subtype.",True,True,True,3,3,3,1,1,True,True,0,1,0,2,1,False
40f,42,1723,Overlap-Group-1,Overlap-Group-1,False,"This flow was flagged as Overlap-Group-1 with 59.0% confidence. Main reasons: network protocol=unas, typical mean packet size from source, reduced average packet size, typical bytes sent by the source. Suggested action: Flagged as DoS, Backdoor, or Analysis-type behavior — this dataset's flow-level features can't reliably distinguish the three. Escalate for manual / packet-level inspection to determine the specific subtype.",True,True,True,3,3,3,1,1,True,True,0,1,0,2,1,False
40f,42,1840,Overlap-Group-1,Overlap-Group-1,False,"This flow was flagged as Overlap-Group-1 with 62.3% confidence. Main reasons: network protocol=unas, typical mean packet size from source, typical bytes sent by the source, reduced average packet size. Suggested action: Flagged as DoS, Backdoor, or Analysis-type behavior — this dataset's flow-level features can't reliably distinguish the three. Escalate for manual / packet-level inspection to determine the specific subtype.",True,True,True,3,3,3,1,1,True,True,0,1,0,2,1,False
40f,42,1873,Reconnaissance,Reconnaissance,False,"This flow was flagged as Reconnaissance with 99.4% confidence. Main reasons: reduced average packet size, typical source jitter, reduced mean packet size from destination, reduced mean packet size from source, typical source-to-destination byte ratio. Suggested action: Flag source IP for monitoring; likely pre-attack scanning.",True,True,True,5,5,5,0,0,True,True,3,0,0,2,0,False
40f,42,1954,Exploits,Exploits,False,"This flow was flagged as Exploits with 85.1% confidence. Main reasons: typical ACK data time, network service=http, typical average packet size, elevated source-to-destination byte ratio, typical flow duration. Suggested action: Isolate the target host and check for unpatched vulnerabilities.",True,True,True,4,4,4,1,1,True,True,0,0,1,3,0,False
40f,42,2055,Exploits,Exploits,False,"This flow was flagged as Exploits with 99.9% confidence. Main reasons: unusually high ACK data time, typical bytes sent by the destination, network service=ftp, typical dloss, reduced average packet size. Suggested action: Isolate the target host and check for unpatched vulnerabilities.",True,True,True,4,4,4,1,1,True,True,1,1,0,2,1,False
40f,42,2261,Exploits,Exploits,False,"This flow was flagged as Exploits with 83.5% confidence. Main reasons: typical ACK data time, network service=http, typical bytes sent by the destination, typical source-to-destination byte ratio. Suggested action: Isolate the target host and check for unpatched vulnerabilities.",True,True,True,3,3,3,1,1,True,True,0,0,0,3,0,False
40f,42,2394,Reconnaissance,Reconnaissance,False,"This flow was flagged as Reconnaissance with 99.4% confidence. Main reasons: typical bytes sent by the source, reduced mean packet size from destination, reduced average packet size, reduced mean packet size from source, typical total bytes transferred. Suggested action: Flag source IP for monitoring; likely pre-attack scanning.",True,True,True,5,5,5,0,0,True,True,3,0,0,2,0,False
40f,42,2856,Fuzzers,Fuzzers,False,"This flow was flagged as Fuzzers with 61.3% confidence. Main reasons: reduced average packet size, reduced mean packet size from source, reduced destination data load, network service=-. Suggested action: Inspect the application for crash logs; consider input validation hardening.",True,True,True,3,3,3,1,1,True,True,2,1,0,0,1,False
40f,42,2960,Unknown,Fuzzers,True,"This flow was flagged as an unrecognized (potential zero-day) pattern with 36.8% confidence. Main reasons: typical bytes sent by the destination, reduced destination data load, typical bytes sent by the source. Suggested action: Unrecognized pattern — escalate to a human analyst for manual review.",True,True,True,3,3,3,0,0,True,True,1,0,0,2,0,False
40f,42,2968,Exploits,Exploits,False,"This flow was flagged as Exploits with 95.6% confidence. Main reasons: elevated ACK data time, network service=http, typical bytes sent by the destination, typical response body len. Suggested action: Isolate the target host and check for unpatched vulnerabilities.",True,True,True,3,3,3,1,1,True,True,1,0,0,2,0,False
40f,42,3038,Overlap-Group-1,Overlap-Group-1,False,"This flow was flagged as Overlap-Group-1 with 59.0% confidence. Main reasons: network protocol=unas, typical mean packet size from source, reduced average packet size, typical bytes sent by the source. Suggested action: Flagged as DoS, Backdoor, or Analysis-type behavior — this dataset's flow-level features can't reliably distinguish the three. Escalate for manual / packet-level inspection to determine the specific subtype.",True,True,True,3,3,3,1,1,True,True,0,1,0,2,1,False
40f,42,3054,Overlap-Group-1,Overlap-Group-1,False,"This flow was flagged as Overlap-Group-1 with 55.4% confidence. Main reasons: network protocol=unas, typical mean packet size from source, typical bytes sent by the source, elevated source data load, reduced average packet size. Suggested action: Flagged as DoS, Backdoor, or Analysis-type behavior — this dataset's flow-level features can't reliably distinguish the three. Escalate for manual / packet-level inspection to determine the specific subtype.",True,True,True,4,4,4,1,1,True,True,1,1,0,2,1,False
40f,42,3070,Overlap-Group-1,Overlap-Group-1,False,"This flow was flagged as Overlap-Group-1 with 57.9% confidence. Main reasons: network protocol=pup, extremely high recent connections to this destination from the same source port, elevated source data load, reduced average packet size. Suggested action: Flagged as DoS, Backdoor, or Analysis-type behavior — this dataset's flow-level features can't reliably distinguish the three. Escalate for manual / packet-level inspection to determine the specific subtype.",True,True,True,3,3,3,1,1,True,True,2,1,0,0,1,False
40f,42,3171,Reconnaissance,Reconnaissance,False,"This flow was flagged as Reconnaissance with 59.4% confidence. Main reasons: network service=http, reduced mean packet size from destination, reduced mean packet size from source, reduced average packet size. Suggested action: Flag source IP for monitoring; likely pre-attack scanning.",True,True,True,3,3,3,1,1,True,True,3,0,0,0,0,False
40f,42,3190,Overlap-Group-1,Overlap-Group-1,False,"This flow was flagged as Overlap-Group-1 with 55.4% confidence. Main reasons: network protocol=3pc, typical mean packet size from source, typical source data load, typical bytes sent by the source, typical recent connections from this source to the same destination port. Suggested action: Flagged as DoS, Backdoor, or Analysis-type behavior — this dataset's flow-level features can't reliably distinguish the three. Escalate for manual / packet-level inspection to determine the specific subtype.",True,True,True,4,4,4,1,1,True,True,0,0,0,4,0,False
40f,42,3462,Reconnaissance,Reconnaissance,False,"This flow was flagged as Reconnaissance with 99.9% confidence. Main reasons: reduced average packet size, typical source jitter, reduced mean packet size from destination, reduced mean packet size from source, typical source-to-destination byte ratio. Suggested action: Flag source IP for monitoring; likely pre-attack scanning.",True,True,True,5,5,5,0,0,True,True,3,0,0,2,0,False
40f,42,3496,Reconnaissance,Reconnaissance,False,"This flow was flagged as Reconnaissance with 99.3% confidence. Main reasons: reduced average packet size, typical source jitter, reduced mean packet size from destination, reduced mean packet size from source, typical source-to-destination byte ratio. Suggested action: Flag source IP for monitoring; likely pre-attack scanning.",True,True,True,5,5,5,0,0,True,True,3,0,0,2,0,False
40f,42,3543,Reconnaissance,Reconnaissance,False,"This flow was flagged as Reconnaissance with 93.1% confidence. Main reasons: network service=snmp, reduced mean packet size from destination, reduced average packet size, typical total bytes transferred, typical recent connections from this source to the same destination port. Suggested action: Flag source IP for monitoring; likely pre-attack scanning.",True,True,True,4,4,4,1,1,True,True,2,0,0,2,0,False
40f,42,3615,Reconnaissance,Reconnaissance,False,"This flow was flagged as Reconnaissance with 99.6% confidence. Main reasons: reduced average packet size, typical source jitter, reduced mean packet size from destination, reduced mean packet size from source, typical source-to-destination byte ratio. Suggested action: Flag source IP for monitoring; likely pre-attack scanning.",True,True,True,5,5,5,0,0,True,True,3,0,0,2,0,False
40f,42,3990,Exploits,Exploits,False,"This flow was flagged as Exploits with 96.8% confidence. Main reasons: elevated ACK data time, typical bytes sent by the destination, network service=pop3, reduced mean packet size from source, typical dloss. Suggested action: Isolate the target host and check for unpatched vulnerabilities.",True,True,True,4,4,4,1,1,True,True,1,1,0,2,1,False
40f,42,4246,Exploits,Exploits,False,"This flow was flagged as Exploits with 83.1% confidence. Main reasons: elevated ACK data time, typical source-to-destination byte ratio, typical total bytes transferred, typical recent connections from this source to the same destination port. Suggested action: Isolate the target host and check for unpatched vulnerabilities.",True,True,True,4,4,4,0,0,True,True,1,0,0,3,0,False
40f,42,4314,Overlap-Group-1,Overlap-Group-1,False,"This flow was flagged as Overlap-Group-1 with 54.8% confidence. Main reasons: elevated dloss, network service=http, typical flow duration, extremely high mean packet size from destination. Suggested action: Flagged as DoS, Backdoor, or Analysis-type behavior — this dataset's flow-level features can't reliably distinguish the three. Escalate for manual / packet-level inspection to determine the specific subtype.",True,True,True,3,3,3,1,1,True,True,1,1,0,1,1,False
40f,42,4619,Overlap-Group-1,Overlap-Group-1,False,"This flow was flagged as Overlap-Group-1 with 69.8% confidence. Main reasons: network protocol=sctp, extremely high source data load, typical recent connections from this source to the same destination port, elevated mean packet size from source. Suggested action: Flagged as DoS, Backdoor, or Analysis-type behavior — this dataset's flow-level features can't reliably distinguish the three. Escalate for manual / packet-level inspection to determine the specific subtype.",True,True,True,3,3,3,1,1,True,True,1,1,0,1,1,False
40f,42,4875,Reconnaissance,Reconnaissance,False,"This flow was flagged as Reconnaissance with 99.9% confidence. Main reasons: reduced average packet size, typical source jitter, reduced mean packet size from destination, reduced mean packet size from source, typical source-to-destination byte ratio. Suggested action: Flag source IP for monitoring; likely pre-attack scanning.",True,True,True,5,5,5,0,0,True,True,3,0,0,2,0,False
40f,42,5176,Reconnaissance,Reconnaissance,False,"This flow was flagged as Reconnaissance with 99.8% confidence. Main reasons: reduced average packet size, typical source jitter, reduced mean packet size from destination, reduced mean packet size from source, typical source-to-destination byte ratio. Suggested action: Flag source IP for monitoring; likely pre-attack scanning.",True,True,True,5,5,5,0,0,True,True,3,0,0,2,0,False
40f,42,5375,Reconnaissance,Reconnaissance,False,"This flow was flagged as Reconnaissance with 64.4% confidence. Main reasons: reduced mean packet size from destination, network service=http, typical source jitter, reduced mean packet size from source. Suggested action: Flag source IP for monitoring; likely pre-attack scanning.",True,True,True,3,3,3,1,1,True,True,2,0,0,1,0,False
40f,42,5775,Overlap-Group-1,Overlap-Group-1,False,"This flow was flagged as Overlap-Group-1 with 69.0% confidence. Main reasons: reduced average packet size, typical response body len, network service=http, typical total bytes transferred. Suggested action: Flagged as DoS, Backdoor, or Analysis-type behavior — this dataset's flow-level features can't reliably distinguish the three. Escalate for manual / packet-level inspection to determine the specific subtype.",True,True,True,3,3,3,1,1,True,True,0,1,0,2,1,False
40f,42,6110,Reconnaissance,Reconnaissance,False,"This flow was flagged as Reconnaissance with 99.9% confidence. Main reasons: reduced average packet size, typical source jitter, reduced mean packet size from destination, reduced mean packet size from source, typical source-to-destination byte ratio. Suggested action: Flag source IP for monitoring; likely pre-attack scanning.",True,True,True,5,5,5,0,0,True,True,3,0,0,2,0,False
40f,42,6412,Exploits,Exploits,False,"This flow was flagged as Exploits with 97.2% confidence. Main reasons: network service=ftp-data, elevated ACK data time, reduced mean packet size from source, typical bytes sent by the source, typical source-to-destination byte ratio. Suggested action: Isolate the target host and check for unpatched vulnerabilities.",True,True,True,4,4,4,1,1,True,True,1,1,0,2,1,False
40f,42,6552,Reconnaissance,Reconnaissance,False,"This flow was flagged as Reconnaissance with 79.3% confidence. Main reasons: network service=http, reduced mean packet size from destination, reduced mean packet size from source, reduced average packet size. Suggested action: Flag source IP for monitoring; likely pre-attack scanning.",True,True,True,3,3,3,1,1,True,True,3,0,0,0,0,False
40f,42,6836,Generic,Generic,False,"This flow was flagged as Generic with 100.0% confidence. Main reasons: typical bytes sent by the source, extremely high recent connections to this destination from the same source port, typical total bytes transferred, network service=dns, reduced average packet size. Suggested action: Review firewall rules for this flow's protocol/service combination.",True,True,True,4,4,4,1,1,True,True,1,1,0,2,1,False
40f,42,6933,Generic,Generic,False,"This flow was flagged as Generic with 100.0% confidence. Main reasons: extremely high recent connections to this destination from the same source port, typical bytes sent by the source, typical total bytes transferred, network service=dns. Suggested action: Review firewall rules for this flow's protocol/service combination.",True,True,True,3,3,3,1,1,True,True,1,0,0,2,0,False
40f,42,7216,Generic,Generic,False,"This flow was flagged as Generic with 100.0% confidence. Main reasons: typical bytes sent by the source, typical total bytes transferred, extremely high recent connections to this destination from the same source port, reduced average packet size. Suggested action: Review firewall rules for this flow's protocol/service combination.",True,True,True,4,4,4,0,0,True,True,1,1,0,2,1,False
40f,42,7309,Generic,Generic,False,"This flow was flagged as Generic with 100.0% confidence. Main reasons: extremely high recent connections to this destination from the same source port, typical bytes sent by the source, typical total bytes transferred, reduced average packet size. Suggested action: Review firewall rules for this flow's protocol/service combination.",True,True,True,4,4,4,0,0,True,True,1,1,0,2,1,False
40f,42,7311,Generic,Generic,False,"This flow was flagged as Generic with 100.0% confidence. Main reasons: extremely high recent connections to this destination from the same source port, typical bytes sent by the source, typical total bytes transferred, network service=dns. Suggested action: Review firewall rules for this flow's protocol/service combination.",True,True,True,3,3,3,1,1,True,True,1,0,0,2,0,False
40f,42,7501,Generic,Generic,False,"This flow was flagged as Generic with 100.0% confidence. Main reasons: extremely high recent connections to this destination from the same source port, typical bytes sent by the source, typical total bytes transferred, reduced average packet size. Suggested action: Review firewall rules for this flow's protocol/service combination.",True,True,True,4,4,4,0,0,True,True,1,1,0,2,1,False
40f,42,7641,Generic,Generic,False,"This flow was flagged as Generic with 100.0% confidence. Main reasons: typical bytes sent by the source, typical total bytes transferred, extremely high recent connections to this destination from the same source port, reduced average packet size. Suggested action: Review firewall rules for this flow's protocol/service combination.",True,True,True,4,4,4,0,0,True,True,1,1,0,2,1,False
40f,42,7734,Generic,Generic,False,"This flow was flagged as Generic with 100.0% confidence. Main reasons: extremely high recent connections to this destination from the same source port, typical bytes sent by the source, typical total bytes transferred, network service=dns. Suggested action: Review firewall rules for this flow's protocol/service combination.",True,True,True,3,3,3,1,1,True,True,1,0,0,2,0,False
40f,42,8226,Generic,Generic,False,"This flow was flagged as Generic with 100.0% confidence. Main reasons: extremely high recent connections to this destination from the same source port, typical bytes sent by the source, typical total bytes transferred, reduced average packet size. Suggested action: Review firewall rules for this flow's protocol/service combination.",True,True,True,4,4,4,0,0,True,True,1,1,0,2,1,False
40f,42,8281,Generic,Generic,False,"This flow was flagged as Generic with 99.8% confidence. Main reasons: typical total bytes transferred, typical bytes sent by the source, network service=dns, reduced average packet size, reduced mean packet size from source. Suggested action: Review firewall rules for this flow's protocol/service combination.",True,True,True,4,4,4,1,1,True,True,0,2,0,2,2,False
40f,42,8316,Generic,Generic,False,"This flow was flagged as Generic with 100.0% confidence. Main reasons: extremely high recent connections to this destination from the same source port, typical bytes sent by the source, typical total bytes transferred, reduced average packet size. Suggested action: Review firewall rules for this flow's protocol/service combination.",True,True,True,4,4,4,0,0,True,True,1,1,0,2,1,False
40f,42,8418,Unknown,Exploits,True,"This flow was flagged as an unrecognized (potential zero-day) pattern with 46.1% confidence. Main reasons: extremely high mean packet size from source, typical ACK data time, network service=http, elevated total bytes transferred. Suggested action: Unrecognized pattern — escalate to a human analyst for manual review.",True,True,True,3,3,3,1,1,True,True,2,0,0,1,0,False
40f,42,8453,Unknown,Exploits,True,"This flow was flagged as an unrecognized (potential zero-day) pattern with 45.0% confidence. Main reasons: elevated recent connections to this destination from the same source port, reduced average packet size, typical mean packet size from source. Suggested action: Unrecognized pattern — escalate to a human analyst for manual review.",True,True,True,3,3,3,0,0,True,True,1,1,0,1,1,False
40f,42,8776,Normal,Normal,False,"This flow was flagged as Normal with 100.0% confidence. Main reasons: typical destination data load, reduced ACK data time, reduced SYN-ACK handshake time, typical bytes sent by the destination, network protocol=tcp. Suggested action: No action required.",True,True,True,4,4,4,1,1,True,True,1,0,1,2,0,False
40f,42,9634,Normal,Normal,False,"This flow was flagged as Normal with 100.0% confidence. Main reasons: typical destination data load, reduced ACK data time, connection state=CON, reduced mean packet size from destination. Suggested action: No action required.",True,True,True,3,3,3,1,1,True,True,2,0,0,1,0,False
40f,42,10390,Normal,Normal,False,"This flow was flagged as Normal with 100.0% confidence. Main reasons: reduced ACK data time, reduced destination data load, reduced SYN-ACK handshake time, typical bytes sent by the destination, typical number of packets sent by the destination. Suggested action: No action required.",True,True,True,5,5,5,0,0,True,True,1,1,1,2,1,False
40f,42,10773,Normal,Normal,False,"This flow was flagged as Normal with 100.0% confidence. Main reasons: typical destination data load, reduced ACK data time, unusually high recent connections from this source to the same destination port, typical bytes sent by the destination, typical sloss. Suggested action: No action required.",True,True,True,5,5,5,0,0,True,True,2,0,0,3,0,False
40f,42,11247,Normal,Normal,False,"This flow was flagged as Normal with 100.0% confidence. Main reasons: typical destination data load, reduced ACK data time, connection state=CON, reduced mean packet size from destination, reduced average packet size. Suggested action: No action required.",True,True,True,4,4,4,1,1,True,True,2,0,1,1,0,False
40f,42,12210,Normal,Normal,False,"This flow was flagged as Normal with 100.0% confidence. Main reasons: typical destination data load, reduced ACK data time, unusually high recent connections from this source to the same destination port, typical bytes sent by the destination, reduced TCP round-trip time. Suggested action: No action required.",True,True,True,5,5,5,0,0,True,True,3,0,0,2,0,False
40f,42,13790,Normal,Normal,False,"This flow was flagged as Normal with 100.0% confidence. Main reasons: extremely high destination data load, reduced ACK data time, unusually high recent connections from this source to the same destination port, elevated bytes sent by the destination. Suggested action: No action required.",True,True,True,4,4,4,0,0,True,True,4,0,0,0,0,False
40f,42,14911,Normal,Normal,False,"This flow was flagged as Normal with 100.0% confidence. Main reasons: reduced ACK data time, reduced destination data load, unusually high recent connections from this source to the same destination port, typical bytes sent by the destination, typical sloss. Suggested action: No action required.",True,True,True,5,5,5,0,0,True,True,2,1,0,2,1,False
40f,42,15201,Normal,Normal,False,"This flow was flagged as Normal with 100.0% confidence. Main reasons: elevated destination data load, reduced ACK data time, typical bytes sent by the destination, reduced SYN-ACK handshake time, typical sloss. Suggested action: No action required.",True,True,True,5,5,5,0,0,True,True,2,0,1,2,0,False
40f,42,15857,Normal,Normal,False,"This flow was flagged as Normal with 100.0% confidence. Main reasons: typical destination data load, reduced ACK data time, connection state=CON, reduced mean packet size from destination. Suggested action: No action required.",True,True,True,3,3,3,1,1,True,True,2,0,0,1,0,False
40f,42,16166,Normal,Normal,False,"This flow was flagged as Normal with 100.0% confidence. Main reasons: elevated destination data load, reduced ACK data time, typical bytes sent by the destination, reduced TCP round-trip time, reduced SYN-ACK handshake time. Suggested action: No action required.",True,True,True,5,5,5,0,0,True,True,3,0,1,1,0,False
40f,42,17870,Normal,Normal,False,"This flow was flagged as Normal with 100.0% confidence. Main reasons: typical destination data load, reduced ACK data time, connection state=CON, reduced mean packet size from destination, reduced average packet size. Suggested action: No action required.",True,True,True,4,4,4,1,1,True,True,2,0,1,1,0,False
40f,42,17935,Normal,Normal,False,"This flow was flagged as Normal with 100.0% confidence. Main reasons: elevated destination data load, reduced ACK data time, typical sloss, typical bytes sent by the destination, reduced SYN-ACK handshake time. Suggested action: No action required.",True,True,True,5,5,5,0,0,True,True,2,0,1,2,0,False
40f,42,18144,Normal,Normal,False,"This flow was flagged as Normal with 99.9% confidence. Main reasons: typical destination data load, reduced ACK data time, reduced mean packet size from destination, connection state=CON, typical bytes sent by the destination. Suggested action: No action required.",True,True,True,4,4,4,1,1,True,True,2,0,0,2,0,False
40f,42,18526,Normal,Normal,False,"This flow was flagged as Normal with 100.0% confidence. Main reasons: unusually high destination data load, reduced ACK data time, reduced SYN-ACK handshake time, typical bytes sent by the source. Suggested action: No action required.",True,True,True,4,4,4,0,0,True,True,2,0,1,1,0,False
40f,42,20197,Normal,Normal,False,"This flow was flagged as Normal with 100.0% confidence. Main reasons: elevated destination data load, reduced ACK data time, reduced SYN-ACK handshake time, reduced TCP round-trip time. Suggested action: No action required.",True,True,True,4,4,4,0,0,True,True,3,0,1,0,0,False
40f,42,21427,Normal,Normal,False,"This flow was flagged as Normal with 100.0% confidence. Main reasons: typical destination data load, reduced ACK data time, connection state=CON, reduced mean packet size from destination. Suggested action: No action required.",True,True,True,3,3,3,1,1,True,True,2,0,0,1,0,False
40f,42,23908,Normal,Normal,False,"This flow was flagged as Normal with 100.0% confidence. Main reasons: reduced ACK data time, reduced destination data load, reduced SYN-ACK handshake time, typical bytes sent by the destination, reduced TCP round-trip time. Suggested action: No action required.",True,True,True,5,5,5,0,0,True,True,2,1,1,1,1,False
40f,42,23969,Normal,Normal,False,"This flow was flagged as Normal with 100.0% confidence. Main reasons: typical destination data load, reduced ACK data time, connection state=CON, reduced mean packet size from destination. Suggested action: No action required.",True,True,True,3,3,3,1,1,True,True,2,0,0,1,0,False
40f,42,25235,Unknown,Exploits,True,"This flow was flagged as an unrecognized (potential zero-day) pattern with 32.6% confidence. Main reasons: unusually high ACK data time, typical recent connections from this source to the same destination port, typical source-to-destination byte ratio, reduced average packet size. Suggested action: Unrecognized pattern — escalate to a human analyst for manual review.",True,True,True,4,4,4,0,0,True,True,1,1,0,2,1,False
40f,42,25565,Unknown,Exploits,True,"This flow was flagged as an unrecognized (potential zero-day) pattern with 44.0% confidence. Main reasons: elevated ACK data time, network service=http, typical mean packet size from destination. Suggested action: Unrecognized pattern — escalate to a human analyst for manual review.",True,True,True,2,2,2,1,1,True,True,1,0,0,1,0,False
40f,42,25585,Unknown,Overlap-Group-1,True,"This flow was flagged as an unrecognized (potential zero-day) pattern with 40.3% confidence. Main reasons: reduced average packet size, network service=http, typical response body len, typical source-to-destination byte ratio, typical source jitter. Suggested action: Unrecognized pattern — escalate to a human analyst for manual review.",True,True,True,4,4,4,1,1,True,True,0,1,0,3,1,False
40f,42,25987,Fuzzers,Fuzzers,False,"This flow was flagged as Fuzzers with 52.7% confidence. Main reasons: typical bytes sent by the destination, extremely high source-to-destination byte ratio, typical total packets transferred, typical number of packets sent by the destination. Suggested action: Inspect the application for crash logs; consider input validation hardening.",True,True,True,4,4,4,0,0,True,True,0,0,1,3,0,False
40f,42,27589,Fuzzers,Fuzzers,False,"This flow was flagged as Fuzzers with 72.9% confidence. Main reasons: unusually high sinpkt, reduced destination data load, typical bytes sent by the source, network service=-, network protocol=udp. Suggested action: Inspect the application for crash logs; consider input validation hardening.",True,True,True,3,3,3,2,2,True,True,2,0,0,1,0,False
40f,42,28012,Fuzzers,Fuzzers,False,"This flow was flagged as Fuzzers with 87.0% confidence. Main reasons: typical bytes sent by the destination, typical bytes sent by the source, network service=-, reduced destination data load. Suggested action: Inspect the application for crash logs; consider input validation hardening.",True,True,True,3,3,3,1,1,True,True,1,0,0,2,0,False
40f,42,28121,Exploits,Exploits,False,"This flow was flagged as Exploits with 57.8% confidence. Main reasons: extremely high ACK data time, typical bytes sent by the destination, typical dloss, typical mean packet size from destination. Suggested action: Isolate the target host and check for unpatched vulnerabilities.",True,True,True,4,4,4,0,0,True,True,1,0,0,3,0,False
40f,42,28245,Exploits,Exploits,False,"This flow was flagged as Exploits with 99.8% confidence. Main reasons: network service=ftp-data, reduced mean packet size from source, typical bytes sent by the source, elevated ACK data time, typical source-to-destination byte ratio. Suggested action: Isolate the target host and check for unpatched vulnerabilities.",True,True,True,4,4,4,1,1,True,True,1,1,0,2,1,False
40f,42,28263,Reconnaissance,Reconnaissance,False,"This flow was flagged as Reconnaissance with 99.6% confidence. Main reasons: typical bytes sent by the source, reduced mean packet size from destination, reduced average packet size, reduced mean packet size from source, typical total bytes transferred. Suggested action: Flag source IP for monitoring; likely pre-attack scanning.",True,True,True,5,5,5,0,0,True,True,3,0,0,2,0,False
40f,42,28483,Generic,Generic,False,"This flow was flagged as Generic with 72.2% confidence. Main reasons: elevated response body len, typical mean packet size from source, typical sloss. Suggested action: Review firewall rules for this flow's protocol/service combination.",True,True,True,3,3,3,0,0,True,True,1,0,0,2,0,False
40f,42,28510,Exploits,Exploits,False,"This flow was flagged as Exploits with 91.7% confidence. Main reasons: typical ACK data time, typical source-to-destination byte ratio, typical recent connections from this source to the same destination port, typical flow duration. Suggested action: Isolate the target host and check for unpatched vulnerabilities.",True,True,True,4,4,4,0,0,True,True,0,0,0,4,0,False
40f,42,28812,Unknown,Exploits,True,"This flow was flagged as an unrecognized (potential zero-day) pattern with 48.1% confidence. Main reasons: unusually high ACK data time, typical recent connections from this source to the same destination port, unusually high source-to-destination byte ratio, elevated average packet size. Suggested action: Unrecognized pattern — escalate to a human analyst for manual review.",True,True,True,4,4,4,0,0,True,True,2,0,1,1,0,False
40f,42,29112,Fuzzers,Fuzzers,False,"This flow was flagged as Fuzzers with 87.3% confidence. Main reasons: reduced average packet size, typical bytes sent by the source, typical bytes sent by the destination, reduced destination data load. Suggested action: Inspect the application for crash logs; consider input validation hardening.",True,True,True,4,4,4,0,0,True,True,2,0,0,2,0,False
40f,42,29262,Fuzzers,Fuzzers,False,"This flow was flagged as Fuzzers with 99.5% confidence. Main reasons: typical bytes sent by the destination, typical bytes sent by the source, network service=-, elevated recent connections from this source to the same destination port, reduced destination data load. Suggested action: Inspect the application for crash logs; consider input validation hardening.",True,True,True,4,4,4,1,1,True,True,2,0,0,2,0,False
40f,42,29673,Exploits,Exploits,False,"This flow was flagged as Exploits with 58.3% confidence. Main reasons: network service=http, unusually high ACK data time, typical total bytes transferred, reduced average packet size. Suggested action: Isolate the target host and check for unpatched vulnerabilities.",True,True,True,3,3,3,1,1,True,True,1,1,0,1,1,False
40f,42,29915,Exploits,Exploits,False,"This flow was flagged as Exploits with 54.1% confidence. Main reasons: elevated ACK data time, typical recent connections from this source to the same destination port, typical TCP round-trip time, reduced mean packet size from source. Suggested action: Isolate the target host and check for unpatched vulnerabilities.",True,True,True,4,4,4,0,0,True,True,1,1,0,2,1,False
40f,42,30059,Unknown,Fuzzers,True,"This flow was flagged as an unrecognized (potential zero-day) pattern with 45.0% confidence. Main reasons: reduced destination data load, network service=-, typical bytes sent by the source, typical mean packet size from source. Suggested action: Unrecognized pattern — escalate to a human analyst for manual review.",True,True,True,3,3,3,1,1,True,True,1,0,0,2,0,False
40f,42,30128,Exploits,Exploits,False,"This flow was flagged as Exploits with 66.2% confidence. Main reasons: elevated ACK data time, network service=http, reduced SYN-ACK handshake time, typical TCP round-trip time. Suggested action: Isolate the target host and check for unpatched vulnerabilities.",True,True,True,3,3,3,1,1,True,True,1,1,0,1,1,False
40f,42,30157,Reconnaissance,Reconnaissance,False,"This flow was flagged as Reconnaissance with 99.9% confidence. Main reasons: reduced average packet size, typical source jitter, reduced mean packet size from destination, reduced mean packet size from source, typical source-to-destination byte ratio. Suggested action: Flag source IP for monitoring; likely pre-attack scanning.",True,True,True,5,5,5,0,0,True,True,3,0,0,2,0,False
40f,42,30229,Reconnaissance,Reconnaissance,False,"This flow was flagged as Reconnaissance with 60.7% confidence. Main reasons: network service=http, reduced mean packet size from destination, reduced mean packet size from source, typical destination jitter. Suggested action: Flag source IP for monitoring; likely pre-attack scanning.",True,True,True,3,3,3,1,1,True,True,2,0,0,1,0,False
40f,42,30327,Reconnaissance,Reconnaissance,False,"This flow was flagged as Reconnaissance with 99.9% confidence. Main reasons: reduced average packet size, typical source jitter, reduced mean packet size from destination, reduced mean packet size from source, typical bytes sent by the source. Suggested action: Flag source IP for monitoring; likely pre-attack scanning.",True,True,True,5,5,5,0,0,True,True,3,0,0,2,0,False
40f,42,30330,Overlap-Group-1,Overlap-Group-1,False,"This flow was flagged as Overlap-Group-1 with 51.4% confidence. Main reasons: network service=http, reduced average packet size, typical source-to-destination byte ratio, extremely high ACK data time. Suggested action: Flagged as DoS, Backdoor, or Analysis-type behavior — this dataset's flow-level features can't reliably distinguish the three. Escalate for manual / packet-level inspection to determine the specific subtype.",True,True,True,3,3,3,1,1,True,True,1,1,0,1,1,False
40f,42,30407,Unknown,Fuzzers,True,"This flow was flagged as an unrecognized (potential zero-day) pattern with 33.4% confidence. Main reasons: typical bytes sent by the source, reduced destination data load, network service=-. Suggested action: Unrecognized pattern — escalate to a human analyst for manual review.",True,True,True,2,2,2,1,1,True,True,1,0,0,1,0,False
40f,42,30498,Overlap-Group-1,Overlap-Group-1,False,"This flow was flagged as Overlap-Group-1 with 75.2% confidence. Main reasons: reduced mean packet size from source, typical source-to-destination byte ratio, typical recent connections from this source to the same destination port, reduced mean packet size from destination. Suggested action: Flagged as DoS, Backdoor, or Analysis-type behavior — this dataset's flow-level features can't reliably distinguish the three. Escalate for manual / packet-level inspection to determine the specific subtype.",True,True,True,4,4,4,0,0,True,True,1,1,0,2,1,False
40f,42,30697,Reconnaissance,Reconnaissance,False,"This flow was flagged as Reconnaissance with 99.8% confidence. Main reasons: reduced average packet size, typical source jitter, reduced mean packet size from destination, reduced mean packet size from source, typical source-to-destination byte ratio. Suggested action: Flag source IP for monitoring; likely pre-attack scanning.",True,True,True,5,5,5,0,0,True,True,3,0,0,2,0,False
40f,42,30764,Overlap-Group-1,Overlap-Group-1,False,"This flow was flagged as Overlap-Group-1 with 59.2% confidence. Main reasons: network protocol=unas, unusually high recent connections to this destination from the same source port, reduced average packet size, typical mean packet size from source. Suggested action: Flagged as DoS, Backdoor, or Analysis-type behavior — this dataset's flow-level features can't reliably distinguish the three. Escalate for manual / packet-level inspection to determine the specific subtype.",True,True,True,3,3,3,1,1,True,True,1,1,0,1,1,False
40f,42,30886,Unknown,Overlap-Group-1,True,"This flow was flagged as an unrecognized (potential zero-day) pattern with 38.5% confidence. Main reasons: network protocol=ospf, typical sloss, reduced average packet size. Suggested action: Unrecognized pattern — escalate to a human analyst for manual review.",True,True,True,2,2,2,1,1,True,True,0,1,0,1,1,False
40f,42,31523,Reconnaissance,Reconnaissance,False,"This flow was flagged as Reconnaissance with 99.6% confidence. Main reasons: reduced average packet size, typical source jitter, reduced mean packet size from destination, reduced mean packet size from source, typical source-to-destination byte ratio. Suggested action: Flag source IP for monitoring; likely pre-attack scanning.",True,True,True,5,5,5,0,0,True,True,3,0,0,2,0,False
40f,42,31784,Reconnaissance,Reconnaissance,False,"This flow was flagged as Reconnaissance with 100.0% confidence. Main reasons: reduced average packet size, typical source jitter, reduced mean packet size from destination, reduced mean packet size from source, typical source-to-destination byte ratio. Suggested action: Flag source IP for monitoring; likely pre-attack scanning.",True,True,True,5,5,5,0,0,True,True,3,0,0,2,0,False
40f,42,31953,Overlap-Group-1,Overlap-Group-1,False,"This flow was flagged as Overlap-Group-1 with 56.2% confidence. Main reasons: network protocol=unas, typical mean packet size from source, reduced average packet size, typical bytes sent by the source, typical source data load. Suggested action: Flagged as DoS, Backdoor, or Analysis-type behavior — this dataset's flow-level features can't reliably distinguish the three. Escalate for manual / packet-level inspection to determine the specific subtype.",True,True,True,4,4,4,1,1,True,True,0,1,0,3,1,False
40f,42,32724,Generic,Generic,False,"This flow was flagged as Generic with 99.9% confidence. Main reasons: typical total bytes transferred, typical bytes sent by the source, reduced average packet size, network service=dns. Suggested action: Review firewall rules for this flow's protocol/service combination.",True,True,True,3,3,3,1,1,True,True,0,1,0,2,1,False
40f,42,32807,Unknown,Fuzzers,True,"This flow was flagged as an unrecognized (potential zero-day) pattern with 36.1% confidence. Main reasons: reduced destination data load, network service=-, typical bytes sent by the source. Suggested action: Unrecognized pattern — escalate to a human analyst for manual review.",True,True,True,2,2,2,1,1,True,True,1,0,0,1,0,False
40f,42,32860,Unknown,Overlap-Group-1,True,"This flow was flagged as an unrecognized (potential zero-day) pattern with 40.3% confidence. Main reasons: network service=http, reduced average packet size, typical response body len, typical source-to-destination byte ratio. Suggested action: Unrecognized pattern — escalate to a human analyst for manual review.",True,True,True,3,3,3,1,1,True,True,0,1,0,2,1,False
40f,42,32931,Exploits,Exploits,False,"This flow was flagged as Exploits with 92.0% confidence. Main reasons: elevated ACK data time, typical bytes sent by the destination, network service=pop3, reduced mean packet size from source, typical destination jitter. Suggested action: Isolate the target host and check for unpatched vulnerabilities.",True,True,True,4,4,4,1,1,True,True,1,1,0,2,1,False
40f,42,33008,Generic,Generic,False,"This flow was flagged as Generic with 100.0% confidence. Main reasons: typical total bytes transferred, typical bytes sent by the source, network service=dns, unusually high recent connections to this destination from the same source port, reduced average packet size. Suggested action: Review firewall rules for this flow's protocol/service combination.",True,True,True,4,4,4,1,1,True,True,1,1,0,2,1,False
40f,42,33348,Unknown,Overlap-Group-1,True,"This flow was flagged as an unrecognized (potential zero-day) pattern with 37.9% confidence. Main reasons: network protocol=sctp, elevated recent connections to this destination from the same source port, elevated source data load. Suggested action: Unrecognized pattern — escalate to a human analyst for manual review.",True,True,True,2,2,2,1,1,True,True,2,0,0,0,0,False
40f,42,33717,Unknown,Fuzzers,True,"This flow was flagged as an unrecognized (potential zero-day) pattern with 41.3% confidence. Main reasons: reduced destination data load, reduced average packet size, network service=-. Suggested action: Unrecognized pattern — escalate to a human analyst for manual review.",True,True,True,2,2,2,1,1,True,True,2,0,0,0,0,False
40f,42,33727,Reconnaissance,Reconnaissance,False,"This flow was flagged as Reconnaissance with 99.6% confidence. Main reasons: reduced average packet size, typical source jitter, reduced mean packet size from destination, reduced mean packet size from source, typical source-to-destination byte ratio. Suggested action: Flag source IP for monitoring; likely pre-attack scanning.",True,True,True,5,5,5,0,0,True,True,3,0,0,2,0,False
40f,42,34209,Generic,Generic,False,"This flow was flagged as Generic with 99.9% confidence. Main reasons: typical total bytes transferred, typical bytes sent by the source, network service=dns, elevated recent connections to this destination from the same source port, reduced average packet size. Suggested action: Review firewall rules for this flow's protocol/service combination.",True,True,True,4,4,4,1,1,True,True,1,1,0,2,1,False
40f,42,34234,Exploits,Exploits,False,"This flow was flagged as Exploits with 97.9% confidence. Main reasons: typical bytes sent by the destination, unusually high ACK data time, network service=http, extremely high average packet size, typical total bytes transferred. Suggested action: Isolate the target host and check for unpatched vulnerabilities.",True,True,True,4,4,4,1,1,True,True,2,0,0,2,0,False
40f,42,34304,Unknown,Fuzzers,True,"This flow was flagged as an unrecognized (potential zero-day) pattern with 37.2% confidence. Main reasons: reduced destination data load, reduced average packet size, typical bytes sent by the source. Suggested action: Unrecognized pattern — escalate to a human analyst for manual review.",True,True,True,3,3,3,0,0,True,True,2,0,0,1,0,False
40f,42,34513,Unknown,Generic,True,"This flow was flagged as an unrecognized (potential zero-day) pattern with 47.7% confidence. Main reasons: typical source-to-destination byte ratio, elevated mean packet size from source, network service=smtp, elevated source-to-destination packet ratio, typical average packet size. Suggested action: Unrecognized pattern — escalate to a human analyst for manual review.",True,True,True,4,4,4,1,1,True,True,1,1,0,2,1,False
40f,42,34575,Reconnaissance,Reconnaissance,False,"This flow was flagged as Reconnaissance with 99.8% confidence. Main reasons: reduced average packet size, typical source jitter, reduced mean packet size from destination, reduced mean packet size from source, typical source-to-destination byte ratio. Suggested action: Flag source IP for monitoring; likely pre-attack scanning.",True,True,True,5,5,5,0,0,True,True,3,0,0,2,0,False
40f,42,34699,Generic,Generic,False,"This flow was flagged as Generic with 99.9% confidence. Main reasons: typical total bytes transferred, typical bytes sent by the source, reduced average packet size, network service=dns. Suggested action: Review firewall rules for this flow's protocol/service combination.",True,True,True,3,3,3,1,1,True,True,0,1,0,2,1,False
40f,42,34790,Generic,Generic,False,"This flow was flagged as Generic with 99.9% confidence. Main reasons: typical total bytes transferred, typical bytes sent by the source, reduced average packet size, network service=dns. Suggested action: Review firewall rules for this flow's protocol/service combination.",True,True,True,3,3,3,1,1,True,True,0,1,0,2,1,False
40f,42,34806,Unknown,Exploits,True,"This flow was flagged as an unrecognized (potential zero-day) pattern with 32.0% confidence. Main reasons: elevated ACK data time, typical dloss. Suggested action: Unrecognized pattern — escalate to a human analyst for manual review.",True,True,True,2,2,2,0,0,True,True,1,0,0,1,0,False
40f,42,34907,Generic,Generic,False,"This flow was flagged as Generic with 99.8% confidence. Main reasons: typical total bytes transferred, typical bytes sent by the source, network service=dns, reduced average packet size. Suggested action: Review firewall rules for this flow's protocol/service combination.",True,True,True,3,3,3,1,1,True,True,0,1,0,2,1,False
40f,42,34919,Reconnaissance,Reconnaissance,False,"This flow was flagged as Reconnaissance with 63.0% confidence. Main reasons: network service=http, reduced mean packet size from destination, typical source jitter, reduced mean packet size from source. Suggested action: Flag source IP for monitoring; likely pre-attack scanning.",True,True,True,3,3,3,1,1,True,True,2,0,0,1,0,False
40f,42,34932,Exploits,Exploits,False,"This flow was flagged as Exploits with 99.4% confidence. Main reasons: network service=smtp, typical bytes sent by the destination, elevated ACK data time, extremely high mean packet size from source, typical dloss. Suggested action: Isolate the target host and check for unpatched vulnerabilities.",True,True,True,4,4,4,1,1,True,True,2,0,0,2,0,False
40f,42,34934,Unknown,Generic,True,"This flow was flagged as an unrecognized (potential zero-day) pattern with 41.0% confidence. Main reasons: unusually high mean packet size from source, typical bytes sent by the source, typical recent connections from this source to the same destination port, reduced source-to-destination byte ratio. Suggested action: Unrecognized pattern — escalate to a human analyst for manual review.",True,True,True,4,4,4,0,0,True,True,2,0,0,2,0,False
40f,42,35199,Overlap-Group-1,Overlap-Group-1,False,"This flow was flagged as Overlap-Group-1 with 59.8% confidence. Main reasons: network protocol=ddp, typical mean packet size from source, typical bytes sent by the source, unusually high recent connections to this destination from the same source port. Suggested action: Flagged as DoS, Backdoor, or Analysis-type behavior — this dataset's flow-level features can't reliably distinguish the three. Escalate for manual / packet-level inspection to determine the specific subtype.",True,True,True,3,3,3,1,1,True,True,1,0,0,2,0,False
40f,42,35319,Generic,Generic,False,"This flow was flagged as Generic with 99.8% confidence. Main reasons: typical total bytes transferred, typical bytes sent by the source, network service=dns, reduced average packet size, elevated recent connections to this destination from the same source port. Suggested action: Review firewall rules for this flow's protocol/service combination.",True,True,True,4,4,4,1,1,True,True,1,1,0,2,1,False
40f,42,35521,Overlap-Group-1,Overlap-Group-1,False,"This flow was flagged as Overlap-Group-1 with 58.0% confidence. Main reasons: network protocol=ipv6-frag, typical mean packet size from source, extremely high recent connections to this destination from the same source port, typical bytes sent by the source. Suggested action: Flagged as DoS, Backdoor, or Analysis-type behavior — this dataset's flow-level features can't reliably distinguish the three. Escalate for manual / packet-level inspection to determine the specific subtype.",True,True,True,3,3,3,1,1,True,True,1,0,0,2,0,False
40f,42,35593,Exploits,Exploits,False,"This flow was flagged as Exploits with 76.4% confidence. Main reasons: typical ACK data time, network service=http, reduced SYN-ACK handshake time, typical TCP round-trip time, typical source-to-destination byte ratio. Suggested action: Isolate the target host and check for unpatched vulnerabilities.",True,True,True,4,4,4,1,1,True,True,0,1,0,3,1,False
40f,42,35790,Overlap-Group-1,Overlap-Group-1,False,"This flow was flagged as Overlap-Group-1 with 64.3% confidence. Main reasons: network protocol=ipcomp, typical mean packet size from source, unusually high recent connections to this destination from the same source port, typical bytes sent by the source. Suggested action: Flagged as DoS, Backdoor, or Analysis-type behavior — this dataset's flow-level features can't reliably distinguish the three. Escalate for manual / packet-level inspection to determine the specific subtype.",True,True,True,3,3,3,1,1,True,True,1,0,0,2,0,False
40f,42,36106,Overlap-Group-1,Overlap-Group-1,False,"This flow was flagged as Overlap-Group-1 with 51.9% confidence. Main reasons: network protocol=swipe, typical mean packet size from source, reduced average packet size, typical bytes sent by the source. Suggested action: Flagged as DoS, Backdoor, or Analysis-type behavior — this dataset's flow-level features can't reliably distinguish the three. Escalate for manual / packet-level inspection to determine the specific subtype.",True,True,True,3,3,3,1,1,True,True,0,1,0,2,1,False
40f,42,36191,Generic,Generic,False,"This flow was flagged as Generic with 99.8% confidence. Main reasons: typical total bytes transferred, typical bytes sent by the source, reduced average packet size, network service=dns. Suggested action: Review firewall rules for this flow's protocol/service combination.",True,True,True,3,3,3,1,1,True,True,0,1,0,2,1,False
40f,42,36217,Generic,Generic,False,"This flow was flagged as Generic with 99.9% confidence. Main reasons: typical total bytes transferred, typical bytes sent by the source, reduced average packet size, network service=dns. Suggested action: Review firewall rules for this flow's protocol/service combination.",True,True,True,3,3,3,1,1,True,True,0,1,0,2,1,False
40f,42,36263,Generic,Generic,False,"This flow was flagged as Generic with 99.8% confidence. Main reasons: typical total bytes transferred, typical bytes sent by the source, network service=dns, reduced average packet size, elevated recent connections to this destination from the same source port. Suggested action: Review firewall rules for this flow's protocol/service combination.",True,True,True,4,4,4,1,1,True,True,1,1,0,2,1,False
40f,42,36386,Generic,Generic,False,"This flow was flagged as Generic with 100.0% confidence. Main reasons: typical total bytes transferred, typical bytes sent by the source, network service=dns, reduced average packet size, elevated recent connections to this destination from the same source port. Suggested action: Review firewall rules for this flow's protocol/service combination.",True,True,True,4,4,4,1,1,True,True,1,1,0,2,1,False
40f,42,36411,Overlap-Group-1,Overlap-Group-1,False,"This flow was flagged as Overlap-Group-1 with 53.9% confidence. Main reasons: network protocol=mobile, typical mean packet size from source, typical bytes sent by the source, elevated source data load, reduced average packet size. Suggested action: Flagged as DoS, Backdoor, or Analysis-type behavior — this dataset's flow-level features can't reliably distinguish the three. Escalate for manual / packet-level inspection to determine the specific subtype.",True,True,True,4,4,4,1,1,True,True,1,1,0,2,1,False
40f,42,36488,Generic,Generic,False,"This flow was flagged as Generic with 100.0% confidence. Main reasons: typical total bytes transferred, typical bytes sent by the source, network service=dns, reduced average packet size, unusually high recent connections to this destination from the same source port. Suggested action: Review firewall rules for this flow's protocol/service combination.",True,True,True,4,4,4,1,1,True,True,1,1,0,2,1,False
40f,42,36493,Exploits,Exploits,False,"This flow was flagged as Exploits with 84.7% confidence. Main reasons: typical ACK data time, reduced average packet size, typical flow duration, typical recent connections from this source to the same destination port. Suggested action: Isolate the target host and check for unpatched vulnerabilities.",True,True,True,4,4,4,0,0,True,True,0,1,0,3,1,False
40f,42,36683,Overlap-Group-1,Overlap-Group-1,False,"This flow was flagged as Overlap-Group-1 with 59.6% confidence. Main reasons: network protocol=ib, typical mean packet size from source, typical bytes sent by the source, reduced average packet size. Suggested action: Flagged as DoS, Backdoor, or Analysis-type behavior — this dataset's flow-level features can't reliably distinguish the three. Escalate for manual / packet-level inspection to determine the specific subtype.",True,True,True,3,3,3,1,1,True,True,0,1,0,2,1,False
40f,42,36714,Fuzzers,Fuzzers,False,"This flow was flagged as Fuzzers with 93.7% confidence. Main reasons: typical bytes sent by the source, reduced destination data load, network service=-, reduced average packet size, reduced mean packet size from source. Suggested action: Inspect the application for crash logs; consider input validation hardening.",True,True,True,4,4,4,1,1,True,True,2,1,0,1,1,False
40f,42,36763,Generic,Generic,False,"This flow was flagged as Generic with 100.0% confidence. Main reasons: typical total bytes transferred, typical bytes sent by the source, network service=dns, reduced average packet size. Suggested action: Review firewall rules for this flow's protocol/service combination.",True,True,True,3,3,3,1,1,True,True,0,1,0,2,1,False
40f,42,36896,Exploits,Exploits,False,"This flow was flagged as Exploits with 69.1% confidence. Main reasons: elevated ACK data time, reduced average packet size, typical source-to-destination byte ratio, typical recent connections from this source to the same destination port, typical SYN-ACK handshake time. Suggested action: Isolate the target host and check for unpatched vulnerabilities.",True,True,True,5,5,5,0,0,True,True,1,1,0,3,1,False
40f,42,37160,Exploits,Exploits,False,"This flow was flagged as Exploits with 58.3% confidence. Main reasons: unusually high ACK data time, typical mean packet size from destination. Suggested action: Isolate the target host and check for unpatched vulnerabilities.",True,True,True,2,2,2,0,0,True,True,1,0,0,1,0,False
40f,42,37264,Exploits,Exploits,False,"This flow was flagged as Exploits with 87.4% confidence. Main reasons: typical ACK data time, typical bytes sent by the destination, reduced mean packet size from source, typical destination jitter. Suggested action: Isolate the target host and check for unpatched vulnerabilities.",True,True,True,4,4,4,0,0,True,True,0,1,0,3,1,False
40f,42,37387,Unknown,Exploits,True,"This flow was flagged as an unrecognized (potential zero-day) pattern with 40.2% confidence. Main reasons: typical ACK data time, typical recent connections from this source to the same destination port. Suggested action: Unrecognized pattern — escalate to a human analyst for manual review.",True,True,True,2,2,2,0,0,True,True,0,0,0,2,0,False
40f,42,38012,Unknown,Normal,True,"This flow was flagged as an unrecognized (potential zero-day) pattern with 48.4% confidence. Main reasons: typical bytes sent by the source, network service=-, elevated mean packet size from source. Suggested action: Unrecognized pattern — escalate to a human analyst for manual review.",True,True,True,2,2,2,1,1,True,True,0,1,0,1,1,False
40f,42,38555,Exploits,Exploits,False,"This flow was flagged as Exploits with 81.6% confidence. Main reasons: elevated ACK data time, typical average packet size, typical dloss, typical bytes sent by the destination. Suggested action: Isolate the target host and check for unpatched vulnerabilities.",True,True,True,4,4,4,0,0,True,True,1,0,0,3,0,False
40f,42,38830,Fuzzers,Fuzzers,False,"This flow was flagged as Fuzzers with 78.7% confidence. Main reasons: typical mean packet size from source, reduced destination data load, network service=-, elevated recent connections from this source to the same destination port, typical recent connections to this destination from the same source port. Suggested action: Inspect the application for crash logs; consider input validation hardening.",True,True,True,4,4,4,1,1,True,True,2,0,0,2,0,False
40f,42,38877,Reconnaissance,Reconnaissance,False,"This flow was flagged as Reconnaissance with 99.6% confidence. Main reasons: typical bytes sent by the source, reduced mean packet size from destination, reduced mean packet size from source, reduced average packet size, typical total bytes transferred. Suggested action: Flag source IP for monitoring; likely pre-attack scanning.",True,True,True,5,5,5,0,0,True,True,3,0,0,2,0,False
40f,42,38939,Exploits,Exploits,False,"This flow was flagged as Exploits with 97.5% confidence. Main reasons: typical ACK data time, reduced mean packet size from source, extremely high bytes sent by the destination, typical destination jitter, typical source-to-destination byte ratio. Suggested action: Isolate the target host and check for unpatched vulnerabilities.",True,True,True,5,5,5,0,0,True,True,1,1,0,3,1,False
40f,42,38979,Fuzzers,Fuzzers,False,"This flow was flagged as Fuzzers with 96.2% confidence. Main reasons: typical bytes sent by the destination, network service=-, typical bytes sent by the source, elevated source-to-destination packet ratio, reduced mean packet size from destination. Suggested action: Inspect the application for crash logs; consider input validation hardening.",True,True,True,4,4,4,1,1,True,True,2,0,0,2,0,False
40f,42,39192,Fuzzers,Fuzzers,False,"This flow was flagged as Fuzzers with 53.8% confidence. Main reasons: extremely high source-to-destination byte ratio, typical bytes sent by the destination, typical total packets transferred, typical total bytes transferred. Suggested action: Inspect the application for crash logs; consider input validation hardening.",True,True,True,4,4,4,0,0,True,True,0,0,1,3,0,False
40f,42,40136,Normal,Normal,False,"This flow was flagged as Normal with 52.4% confidence. Main reasons: elevated recent connections from this source to the same destination port, reduced ACK data time, elevated mean packet size from source, typical average packet size. Suggested action: No action required.",True,True,True,4,4,4,0,0,True,True,2,1,0,1,1,False
40f,42,40453,Reconnaissance,Reconnaissance,False,"This flow was flagged as Reconnaissance with 99.6% confidence. Main reasons: reduced average packet size, reduced mean packet size from destination, reduced mean packet size from source, typical source jitter. Suggested action: Flag source IP for monitoring; likely pre-attack scanning.",True,True,True,4,4,4,0,0,True,True,3,0,0,1,0,False
40f,42,40469,Unknown,Fuzzers,True,"This flow was flagged as an unrecognized (potential zero-day) pattern with 45.1% confidence. Main reasons: typical recent connections from this source to the same destination port, reduced average packet size, network service=-. Suggested action: Unrecognized pattern — escalate to a human analyst for manual review.",True,True,True,2,2,2,1,1,True,True,1,0,0,1,0,False
40f,42,40998,Fuzzers,Fuzzers,False,"This flow was flagged as Fuzzers with 51.4% confidence. Main reasons: reduced destination data load, network service=-, reduced average packet size, network protocol=udp. Suggested action: Inspect the application for crash logs; consider input validation hardening.",True,True,True,2,2,2,2,2,True,True,2,0,0,0,0,False
40f,42,41371,Unknown,Fuzzers,True,"This flow was flagged as an unrecognized (potential zero-day) pattern with 34.2% confidence. Main reasons: network service=-, typical bytes sent by the source, reduced destination data load, elevated source-to-destination packet ratio. Suggested action: Unrecognized pattern — escalate to a human analyst for manual review.",True,True,True,3,3,3,1,1,True,True,2,0,0,1,0,False
40f,42,41957,Fuzzers,Fuzzers,False,"This flow was flagged as Fuzzers with 90.4% confidence. Main reasons: typical bytes sent by the destination, typical bytes sent by the source, network service=-, reduced destination data load. Suggested action: Inspect the application for crash logs; consider input validation hardening.",True,True,True,3,3,3,1,1,True,True,1,0,0,2,0,False
40f,42,42017,Fuzzers,Fuzzers,False,"This flow was flagged as Fuzzers with 92.9% confidence. Main reasons: typical bytes sent by the destination, typical bytes sent by the source, network service=-, reduced destination data load. Suggested action: Inspect the application for crash logs; consider input validation hardening.",True,True,True,3,3,3,1,1,True,True,1,0,0,2,0,False
40f,42,42084,Exploits,Exploits,False,"This flow was flagged as Exploits with 52.5% confidence. Main reasons: typical average packet size, elevated ACK data time, typical recent connections from this source to the same destination port, elevated mean packet size from source. Suggested action: Isolate the target host and check for unpatched vulnerabilities.",True,True,True,4,4,4,0,0,True,True,2,0,0,2,0,False
40f,42,42094,Fuzzers,Fuzzers,False,"This flow was flagged as Fuzzers with 54.3% confidence. Main reasons: reduced destination data load, reduced average packet size, network service=-, typical bytes sent by the source. Suggested action: Inspect the application for crash logs; consider input validation hardening.",True,True,True,3,3,3,1,1,True,True,2,0,0,1,0,False
40f,42,42500,Unknown,Exploits,True,"This flow was flagged as an unrecognized (potential zero-day) pattern with 37.2% confidence. Main reasons: elevated ACK data time, typical response body len, network service=http. Suggested action: Unrecognized pattern — escalate to a human analyst for manual review.",True,True,True,2,2,2,1,1,True,True,1,0,0,1,0,False
40f,42,42524,Unknown,Exploits,True,"This flow was flagged as an unrecognized (potential zero-day) pattern with 48.4% confidence. Main reasons: elevated ACK data time, network service=http, typical response body len. Suggested action: Unrecognized pattern — escalate to a human analyst for manual review.",True,True,True,2,2,2,1,1,True,True,1,0,0,1,0,False
40f,42,42756,Unknown,Normal,True,"This flow was flagged as an unrecognized (potential zero-day) pattern with 44.4% confidence. Main reasons: typical source-to-destination byte ratio, typical bytes sent by the destination, typical bytes sent by the source, typical response body len. Suggested action: Unrecognized pattern — escalate to a human analyst for manual review.",True,True,True,4,4,4,0,0,True,True,0,0,0,4,0,False
40f,42,42765,Unknown,Overlap-Group-1,True,"This flow was flagged as an unrecognized (potential zero-day) pattern with 48.7% confidence. Main reasons: network service=http, reduced average packet size, typical source-to-destination byte ratio, unusually high TCP round-trip time, typical bytes sent by the destination. Suggested action: Unrecognized pattern — escalate to a human analyst for manual review.",True,True,True,4,4,4,1,1,True,True,0,2,0,2,2,False
40f,42,42829,Normal,Normal,False,"This flow was flagged as Normal with 53.4% confidence. Main reasons: typical bytes sent by the destination, typical source-to-destination byte ratio, typical bytes sent by the source. Suggested action: No action required.",True,True,True,3,3,3,0,0,True,True,0,0,0,3,0,False
40f,42,42851,Fuzzers,Fuzzers,False,"This flow was flagged as Fuzzers with 61.2% confidence. Main reasons: reduced average packet size, reduced destination data load, reduced mean packet size from source, unusually high TCP round-trip time. Suggested action: Inspect the application for crash logs; consider input validation hardening.",True,True,True,4,4,4,0,0,True,True,2,1,1,0,1,False
40f,42,43005,Unknown,Normal,True,"This flow was flagged as an unrecognized (potential zero-day) pattern with 47.6% confidence. Main reasons: typical bytes sent by the source, network service=-, elevated mean packet size from source. Suggested action: Unrecognized pattern — escalate to a human analyst for manual review.",True,True,True,2,2,2,1,1,True,True,0,1,0,1,1,False
40f,42,43107,Normal,Normal,False,"This flow was flagged as Normal with 99.1% confidence. Main reasons: connection state=REQ, reduced average packet size, reduced ACK data time, network protocol=tcp. Suggested action: No action required.",True,True,True,2,2,2,2,2,True,True,1,0,1,0,0,False
40f,42,43157,Unknown,Overlap-Group-1,True,"This flow was flagged as an unrecognized (potential zero-day) pattern with 33.7% confidence. Main reasons: reduced average packet size, network service=http, typical source-to-destination byte ratio, typical response body len. Suggested action: Unrecognized pattern — escalate to a human analyst for manual review.",True,True,True,3,3,3,1,1,True,True,0,1,0,2,1,False
40f,42,43307,Unknown,Overlap-Group-1,True,"This flow was flagged as an unrecognized (potential zero-day) pattern with 37.5% confidence. Main reasons: network service=http, typical response body len, reduced average packet size, typical source-to-destination byte ratio. Suggested action: Unrecognized pattern — escalate to a human analyst for manual review.",True,True,True,3,3,3,1,1,True,True,0,1,0,2,1,False
40f,42,44540,Fuzzers,Fuzzers,False,"This flow was flagged as Fuzzers with 75.5% confidence. Main reasons: reduced destination data load, reduced mean packet size from source, network service=-, reduced average packet size. Suggested action: Inspect the application for crash logs; consider input validation hardening.",True,True,True,3,3,3,1,1,True,True,2,1,0,0,1,False
40f,42,44849,Normal,Normal,False,"This flow was flagged as Normal with 85.4% confidence. Main reasons: typical bytes sent by the destination, reduced mean packet size from destination, reduced mean packet size from source, typical dtcpb. Suggested action: No action required.",True,True,True,4,4,4,0,0,True,True,2,0,0,2,0,False
40f,42,46346,Unknown,Normal,True,"This flow was flagged as an unrecognized (potential zero-day) pattern with 44.8% confidence. Main reasons: reduced average packet size, reduced ACK data time, reduced mean packet size from source. Suggested action: Unrecognized pattern — escalate to a human analyst for manual review.",True,True,True,3,3,3,0,0,True,True,2,0,1,0,0,False
40f,42,46563,Unknown,Fuzzers,True,"This flow was flagged as an unrecognized (potential zero-day) pattern with 48.9% confidence. Main reasons: reduced average packet size, typical bytes sent by the source, reduced destination data load, network service=-, typical source-to-destination byte ratio. Suggested action: Unrecognized pattern — escalate to a human analyst for manual review.",True,True,True,4,4,4,1,1,True,True,2,0,0,2,0,False
40f,42,46671,Unknown,Fuzzers,True,"This flow was flagged as an unrecognized (potential zero-day) pattern with 43.4% confidence. Main reasons: typical bytes sent by the source, reduced destination data load, network service=-. Suggested action: Unrecognized pattern — escalate to a human analyst for manual review.",True,True,True,2,2,2,1,1,True,True,1,0,0,1,0,False
40f,42,47092,Unknown,Fuzzers,True,"This flow was flagged as an unrecognized (potential zero-day) pattern with 46.3% confidence. Main reasons: reduced average packet size, reduced destination data load, network service=-, elevated source jitter. Suggested action: Unrecognized pattern — escalate to a human analyst for manual review.",True,True,True,3,3,3,1,1,True,True,3,0,0,0,0,False
40f,42,47248,Unknown,Normal,True,This flow was flagged as an unrecognized (potential zero-day) pattern with 37.4% confidence. Main reasons: reduced average packet size. Suggested action: Unrecognized pattern — escalate to a human analyst for manual review.,True,True,True,1,1,1,0,0,True,True,0,0,1,0,0,False
40f,42,47310,Fuzzers,Fuzzers,False,"This flow was flagged as Fuzzers with 58.7% confidence. Main reasons: reduced average packet size, typical recent connections from this source to the same destination port, reduced mean packet size from source, reduced destination data load, elevated source-to-destination packet ratio. Suggested action: Inspect the application for crash logs; consider input validation hardening.",True,True,True,5,5,5,0,0,True,True,3,1,0,1,1,False
40f,42,47546,Unknown,Exploits,True,"This flow was flagged as an unrecognized (potential zero-day) pattern with 43.9% confidence. Main reasons: elevated ACK data time, unusually high dtcpb, network service=http. Suggested action: Unrecognized pattern — escalate to a human analyst for manual review.",True,True,True,2,2,2,1,1,True,True,2,0,0,0,0,False
40f,42,47827,Overlap-Group-1,Overlap-Group-1,False,"This flow was flagged as Overlap-Group-1 with 49.6% confidence. Main reasons: typical response body len, reduced average packet size, network service=http, typical source-to-destination byte ratio. Suggested action: Flagged as DoS, Backdoor, or Analysis-type behavior — this dataset's flow-level features can't reliably distinguish the three. Escalate for manual / packet-level inspection to determine the specific subtype.",True,True,True,3,3,3,1,1,True,True,0,1,0,2,1,False
40f,42,47835,Overlap-Group-1,Overlap-Group-1,False,"This flow was flagged as Overlap-Group-1 with 54.2% confidence. Main reasons: typical response body len, reduced average packet size, network service=http, typical ACK data time. Suggested action: Flagged as DoS, Backdoor, or Analysis-type behavior — this dataset's flow-level features can't reliably distinguish the three. Escalate for manual / packet-level inspection to determine the specific subtype.",True,True,True,3,3,3,1,1,True,True,0,1,0,2,1,False
40f,42,48393,Unknown,Normal,True,"This flow was flagged as an unrecognized (potential zero-day) pattern with 39.1% confidence. Main reasons: typical source-to-destination byte ratio, typical response body len, typical bytes sent by the destination. Suggested action: Unrecognized pattern — escalate to a human analyst for manual review.",True,True,True,3,3,3,0,0,True,True,0,0,0,3,0,False
40f,42,48534,Unknown,Normal,True,"This flow was flagged as an unrecognized (potential zero-day) pattern with 49.0% confidence. Main reasons: typical bytes sent by the source, network service=-, elevated mean packet size from source. Suggested action: Unrecognized pattern — escalate to a human analyst for manual review.",True,True,True,2,2,2,1,1,True,True,0,1,0,1,1,False
40f,42,49281,Normal,Normal,False,"This flow was flagged as Normal with 100.0% confidence. Main reasons: connection state=CON, unusually high recent connections from this source to the same destination port, network service=-, typical bytes sent by the source. Suggested action: No action required.",True,True,True,2,2,2,2,2,True,True,1,0,0,1,0,False
40f,42,49537,Fuzzers,Fuzzers,False,"This flow was flagged as Fuzzers with 55.4% confidence. Main reasons: reduced average packet size, reduced mean packet size from source, reduced destination data load, typical recent connections from this source to the same destination port, network service=-. Suggested action: Inspect the application for crash logs; consider input validation hardening.",True,True,True,4,4,4,1,1,True,True,2,1,0,1,1,False
40f,42,49583,Fuzzers,Fuzzers,False,"This flow was flagged as Fuzzers with 59.5% confidence. Main reasons: reduced average packet size, reduced destination data load, reduced mean packet size from source, elevated source-to-destination packet ratio, unusually high TCP round-trip time. Suggested action: Inspect the application for crash logs; consider input validation hardening.",True,True,True,5,5,5,0,0,True,True,3,1,1,0,1,False
40f,42,49972,Fuzzers,Fuzzers,False,"This flow was flagged as Fuzzers with 57.9% confidence. Main reasons: reduced average packet size, reduced destination data load, reduced mean packet size from source, typical recent connections from this source to the same destination port. Suggested action: Inspect the application for crash logs; consider input validation hardening.",True,True,True,4,4,4,0,0,True,True,2,1,0,1,1,False
40f,42,50420,Fuzzers,Fuzzers,False,"This flow was flagged as Fuzzers with 69.0% confidence. Main reasons: typical bytes sent by the destination, reduced destination data load, typical bytes sent by the source, network service=-. Suggested action: Inspect the application for crash logs; consider input validation hardening.",True,True,True,3,3,3,1,1,True,True,1,0,0,2,0,False
40f,42,50810,Fuzzers,Fuzzers,False,"This flow was flagged as Fuzzers with 98.4% confidence. Main reasons: extremely high recent connections from this source to the same destination port, reduced destination data load, network service=-, typical mean packet size from source, typical recent connections to this destination from the same source port. Suggested action: Inspect the application for crash logs; consider input validation hardening.",True,True,True,4,4,4,1,1,True,True,2,0,0,2,0,False
40f,42,50893,Unknown,Fuzzers,True,"This flow was flagged as an unrecognized (potential zero-day) pattern with 47.9% confidence. Main reasons: reduced destination data load, network service=-, network protocol=udp, reduced average packet size. Suggested action: Unrecognized pattern — escalate to a human analyst for manual review.",True,True,True,2,2,2,2,2,True,True,2,0,0,0,0,False
40f,42,51929,Unknown,Normal,True,"This flow was flagged as an unrecognized (potential zero-day) pattern with 48.9% confidence. Main reasons: network service=-, typical bytes sent by the source. Suggested action: Unrecognized pattern — escalate to a human analyst for manual review.",True,True,True,1,1,1,1,1,True,True,0,0,0,1,0,False
40f,42,52141,Unknown,Normal,True,"This flow was flagged as an unrecognized (potential zero-day) pattern with 39.3% confidence. Main reasons: network service=-, unusually high SYN-ACK handshake time, network protocol=tcp. Suggested action: Unrecognized pattern — escalate to a human analyst for manual review.",True,True,True,1,1,1,2,2,True,True,0,0,1,0,0,False
40f,42,52603,Unknown,Normal,True,"This flow was flagged as an unrecognized (potential zero-day) pattern with 48.8% confidence. Main reasons: typical source-to-destination byte ratio, typical bytes sent by the destination, typical response body len. Suggested action: Unrecognized pattern — escalate to a human analyst for manual review.",True,True,True,3,3,3,0,0,True,True,0,0,0,3,0,False
40f,42,52722,Unknown,Normal,True,"This flow was flagged as an unrecognized (potential zero-day) pattern with 42.9% confidence. Main reasons: typical source-to-destination byte ratio, typical bytes sent by the destination. Suggested action: Unrecognized pattern — escalate to a human analyst for manual review.",True,True,True,2,2,2,0,0,True,True,0,0,0,2,0,False
40f,42,53125,Fuzzers,Fuzzers,False,"This flow was flagged as Fuzzers with 56.1% confidence. Main reasons: network service=-, reduced destination data load, typical bytes sent by the source, elevated source-to-destination packet ratio. Suggested action: Inspect the application for crash logs; consider input validation hardening.",True,True,True,3,3,3,1,1,True,True,2,0,0,1,0,False
40f,42,53381,Overlap-Group-1,Overlap-Group-1,False,"This flow was flagged as Overlap-Group-1 with 82.9% confidence. Main reasons: extremely high ct flw http mthd, typical response body len, reduced average packet size, network service=http. Suggested action: Flagged as DoS, Backdoor, or Analysis-type behavior — this dataset's flow-level features can't reliably distinguish the three. Escalate for manual / packet-level inspection to determine the specific subtype.",True,True,True,3,3,3,1,1,True,True,0,1,1,1,1,False
40f,42,53558,Unknown,Exploits,True,"This flow was flagged as an unrecognized (potential zero-day) pattern with 35.0% confidence. Main reasons: elevated ACK data time, network service=http, reduced average packet size. Suggested action: Unrecognized pattern — escalate to a human analyst for manual review.",True,True,True,2,2,2,1,1,True,True,1,1,0,0,1,False
40f,42,53707,Fuzzers,Fuzzers,False,"This flow was flagged as Fuzzers with 61.3% confidence. Main reasons: reduced destination data load, network service=-, typical mean packet size from source. Suggested action: Inspect the application for crash logs; consider input validation hardening.",True,True,True,2,2,2,1,1,True,True,1,0,0,1,0,False
40f,42,53810,Overlap-Group-1,Overlap-Group-1,False,"This flow was flagged as Overlap-Group-1 with 63.3% confidence. Main reasons: typical bytes sent by the source, typical recent connections from this source to the same destination port, typical total bytes transferred, typical sloss, reduced average packet size. Suggested action: Flagged as DoS, Backdoor, or Analysis-type behavior — this dataset's flow-level features can't reliably distinguish the three. Escalate for manual / packet-level inspection to determine the specific subtype.",True,True,True,5,5,5,0,0,True,True,0,1,0,4,1,False
40f,42,54397,Normal,Normal,False,"This flow was flagged as Normal with 63.9% confidence. Main reasons: reduced average packet size, reduced mean packet size from source, unusually high SYN-ACK handshake time, network service=-. Suggested action: No action required.",True,True,True,3,3,3,1,1,True,True,1,0,2,0,0,False
40f,42,54873,Unknown,Normal,True,"This flow was flagged as an unrecognized (potential zero-day) pattern with 46.1% confidence. Main reasons: network service=-, unusually high SYN-ACK handshake time. Suggested action: Unrecognized pattern — escalate to a human analyst for manual review.",True,True,True,1,1,1,1,1,True,True,0,0,1,0,0,False
40f,42,55133,Exploits,Exploits,False,"This flow was flagged as Exploits with 58.1% confidence. Main reasons: typical bytes sent by the source, reduced mean packet size from source, typical recent connections from this source to the same destination port. Suggested action: Isolate the target host and check for unpatched vulnerabilities.",True,True,True,3,3,3,0,0,True,True,0,1,0,2,1,False
40f,42,55179,Unknown,Exploits,True,"This flow was flagged as an unrecognized (potential zero-day) pattern with 40.3% confidence. Main reasons: reduced mean packet size from source, typical bytes sent by the source, reduced average packet size, typical recent connections from this source to the same destination port. Suggested action: Unrecognized pattern — escalate to a human analyst for manual review.",True,True,True,4,4,4,0,0,True,True,0,2,0,2,2,False
40f,42,55302,Fuzzers,Fuzzers,False,"This flow was flagged as Fuzzers with 72.0% confidence. Main reasons: reduced destination data load, network service=-, typical total bytes transferred, elevated mean packet size from source. Suggested action: Inspect the application for crash logs; consider input validation hardening.",True,True,True,3,3,3,1,1,True,True,2,0,0,1,0,False
40f,42,55505,Unknown,Overlap-Group-1,True,"This flow was flagged as an unrecognized (potential zero-day) pattern with 40.8% confidence. Main reasons: typical bytes sent by the source, typical recent connections from this source to the same destination port. Suggested action: Unrecognized pattern — escalate to a human analyst for manual review.",True,True,True,2,2,2,0,0,True,True,0,0,0,2,0,False
40f,42,55642,Unknown,Fuzzers,True,"This flow was flagged as an unrecognized (potential zero-day) pattern with 47.5% confidence. Main reasons: reduced destination data load, network service=-, elevated mean packet size from source. Suggested action: Unrecognized pattern — escalate to a human analyst for manual review.",True,True,True,2,2,2,1,1,True,True,2,0,0,0,0,False
40f,42,55821,Unknown,Overlap-Group-1,True,"This flow was flagged as an unrecognized (potential zero-day) pattern with 44.1% confidence. Main reasons: typical recent connections from this source to the same destination port, typical TCP round-trip time, typical sinpkt. Suggested action: Unrecognized pattern — escalate to a human analyst for manual review.",True,True,True,3,3,3,0,0,True,True,0,0,0,3,0,False
40f,43,411,Unknown,Overlap-Group-1,True,"This flow was flagged as an unrecognized (potential zero-day) pattern with 44.2% confidence. Main reasons: network protocol=ospf, typical recent connections from this source to the same destination port, reduced packet rate, reduced destination data load. Suggested action: Unrecognized pattern — escalate to a human analyst for manual review.",True,True,True,3,3,3,1,1,True,True,2,0,0,1,0,False
40f,43,641,Exploits,Exploits,False,"This flow was flagged as Exploits with 88.7% confidence. Main reasons: network service=smtp, typical bytes sent by the destination, elevated ACK data time, extremely high mean packet size from source, typical total bytes transferred. Suggested action: Isolate the target host and check for unpatched vulnerabilities.",True,True,True,4,4,4,1,1,True,True,2,0,0,2,0,False
40f,43,1102,Exploits,Exploits,False,"This flow was flagged as Exploits with 91.6% confidence. Main reasons: typical ACK data time, unusually high source-to-destination byte ratio, unusually high mean packet size from source, reduced SYN-ACK handshake time, typical recent connections from this source to the same destination port. Suggested action: Isolate the target host and check for unpatched vulnerabilities.",True,True,True,5,5,5,0,0,True,True,2,0,1,2,0,False
40f,43,1443,Reconnaissance,Reconnaissance,False,"This flow was flagged as Reconnaissance with 99.9% confidence. Main reasons: reduced average packet size, typical source jitter, typical total bytes transferred, typical bytes sent by the source, reduced mean packet size from source. Suggested action: Flag source IP for monitoring; likely pre-attack scanning.",True,True,True,5,5,5,0,0,True,True,2,0,0,3,0,False
40f,43,1925,Reconnaissance,Reconnaissance,False,"This flow was flagged as Reconnaissance with 99.9% confidence. Main reasons: reduced average packet size, typical source jitter, typical total bytes transferred, typical bytes sent by the source, reduced mean packet size from destination. Suggested action: Flag source IP for monitoring; likely pre-attack scanning.",True,True,True,5,5,5,0,0,True,True,2,0,0,3,0,False
40f,43,2246,Fuzzers,Fuzzers,False,"This flow was flagged as Fuzzers with 63.7% confidence. Main reasons: reduced average packet size, typical bytes sent by the destination, typical total packets transferred, reduced mean packet size from destination. Suggested action: Inspect the application for crash logs; consider input validation hardening.",True,True,True,4,4,4,0,0,True,True,1,0,1,2,0,False
40f,43,2271,Reconnaissance,Reconnaissance,False,"This flow was flagged as Reconnaissance with 99.7% confidence. Main reasons: reduced average packet size, typical source jitter, reduced mean packet size from source, typical total bytes transferred, reduced mean packet size from destination. Suggested action: Flag source IP for monitoring; likely pre-attack scanning.",True,True,True,5,5,5,0,0,True,True,3,0,0,2,0,False
40f,43,2431,Unknown,Normal,True,"This flow was flagged as an unrecognized (potential zero-day) pattern with 37.8% confidence. Main reasons: reduced average packet size, typical recent connections from this source to the same destination port. Suggested action: Unrecognized pattern — escalate to a human analyst for manual review.",True,True,True,2,2,2,0,0,True,True,0,0,1,1,0,False
40f,43,2620,Overlap-Group-1,Overlap-Group-1,False,"This flow was flagged as Overlap-Group-1 with 55.2% confidence. Main reasons: network protocol=unas, reduced average packet size, typical bytes sent by the source, unusually high recent connections to this destination from the same source port. Suggested action: Flagged as DoS, Backdoor, or Analysis-type behavior — this dataset's flow-level features can't reliably distinguish the three. Escalate for manual / packet-level inspection to determine the specific subtype.",True,True,True,3,3,3,1,1,True,True,1,1,0,1,1,False
40f,43,2770,Overlap-Group-1,Overlap-Group-1,False,"This flow was flagged as Overlap-Group-1 with 51.4% confidence. Main reasons: network protocol=ptp, typical bytes sent by the source, reduced average packet size, typical mean packet size from source. Suggested action: Flagged as DoS, Backdoor, or Analysis-type behavior — this dataset's flow-level features can't reliably distinguish the three. Escalate for manual / packet-level inspection to determine the specific subtype.",True,True,True,3,3,3,1,1,True,True,0,1,0,2,1,False
40f,43,3162,Reconnaissance,Reconnaissance,False,"This flow was flagged as Reconnaissance with 99.9% confidence. Main reasons: reduced average packet size, typical source jitter, typical total bytes transferred, reduced mean packet size from source, typical bytes sent by the source. Suggested action: Flag source IP for monitoring; likely pre-attack scanning.",True,True,True,5,5,5,0,0,True,True,2,0,0,3,0,False
40f,43,3218,Fuzzers,Fuzzers,False,"This flow was flagged as Fuzzers with 64.4% confidence. Main reasons: elevated recent connections from this source to the same destination port, typical bytes sent by the source, network service=-, elevated source-to-destination packet ratio, typical mean packet size from source. Suggested action: Inspect the application for crash logs; consider input validation hardening.",True,True,True,4,4,4,1,1,True,True,2,0,0,2,0,False
40f,43,3324,Exploits,Exploits,False,"This flow was flagged as Exploits with 93.2% confidence. Main reasons: typical bytes sent by the destination, network service=http, elevated ACK data time, elevated mean packet size from destination, typical average packet size. Suggested action: Isolate the target host and check for unpatched vulnerabilities.",True,True,True,4,4,4,1,1,True,True,2,0,0,2,0,False
40f,43,3426,Overlap-Group-1,Overlap-Group-1,False,"This flow was flagged as Overlap-Group-1 with 51.1% confidence. Main reasons: network protocol=sat-mon, typical bytes sent by the source, reduced average packet size, typical mean packet size from source. Suggested action: Flagged as DoS, Backdoor, or Analysis-type behavior — this dataset's flow-level features can't reliably distinguish the three. Escalate for manual / packet-level inspection to determine the specific subtype.",True,True,True,3,3,3,1,1,True,True,0,1,0,2,1,False
40f,43,3462,Reconnaissance,Reconnaissance,False,"This flow was flagged as Reconnaissance with 99.9% confidence. Main reasons: reduced average packet size, typical source jitter, typical total bytes transferred, typical bytes sent by the source, reduced mean packet size from source. Suggested action: Flag source IP for monitoring; likely pre-attack scanning.",True,True,True,5,5,5,0,0,True,True,2,0,0,3,0,False
40f,43,3596,Reconnaissance,Reconnaissance,False,"This flow was flagged as Reconnaissance with 99.8% confidence. Main reasons: reduced average packet size, typical source jitter, typical total bytes transferred, typical bytes sent by the source, reduced mean packet size from source. Suggested action: Flag source IP for monitoring; likely pre-attack scanning.",True,True,True,5,5,5,0,0,True,True,2,0,0,3,0,False
40f,43,3685,Fuzzers,Fuzzers,False,"This flow was flagged as Fuzzers with 74.7% confidence. Main reasons: reduced mean packet size from source, network service=-, reduced destination data load, reduced average packet size. Suggested action: Inspect the application for crash logs; consider input validation hardening.",True,True,True,3,3,3,1,1,True,True,1,1,1,0,1,False
40f,43,4087,Exploits,Exploits,False,"This flow was flagged as Exploits with 53.1% confidence. Main reasons: typical dloss, elevated ACK data time, typical recent connections from this source to the same destination port. Suggested action: Isolate the target host and check for unpatched vulnerabilities.",True,True,True,3,3,3,0,0,True,True,1,0,0,2,0,False
40f,43,4548,Exploits,Exploits,False,"This flow was flagged as Exploits with 83.3% confidence. Main reasons: network service=http, elevated ACK data time, typical mean packet size from destination, elevated SYN-ACK handshake time, typical bytes sent by the destination. Suggested action: Isolate the target host and check for unpatched vulnerabilities.",True,True,True,4,4,4,1,1,True,True,1,0,1,2,0,False
40f,43,4551,Unknown,Overlap-Group-1,True,"This flow was flagged as an unrecognized (potential zero-day) pattern with 39.7% confidence. Main reasons: reduced mean packet size from source, typical bytes sent by the source, typical recent connections from this source to the same destination port. Suggested action: Unrecognized pattern — escalate to a human analyst for manual review.",True,True,True,3,3,3,0,0,True,True,1,0,0,2,0,False
40f,43,4568,Reconnaissance,Reconnaissance,False,"This flow was flagged as Reconnaissance with 88.3% confidence. Main reasons: network service=http, reduced mean packet size from source, typical total bytes transferred, reduced mean packet size from destination, reduced average packet size. Suggested action: Flag source IP for monitoring; likely pre-attack scanning.",True,True,True,4,4,4,1,1,True,True,3,0,0,1,0,False
40f,43,4632,Unknown,Fuzzers,True,"This flow was flagged as an unrecognized (potential zero-day) pattern with 49.2% confidence. Main reasons: typical bytes sent by the source, network service=-, typical bytes sent by the destination. Suggested action: Unrecognized pattern — escalate to a human analyst for manual review.",True,True,True,2,2,2,1,1,True,True,0,0,0,2,0,False
40f,43,5026,Exploits,Exploits,False,"This flow was flagged as Exploits with 95.3% confidence. Main reasons: typical ACK data time, typical bytes sent by the destination, typical destination jitter, typical total bytes transferred. Suggested action: Isolate the target host and check for unpatched vulnerabilities.",True,True,True,4,4,4,0,0,True,True,0,0,0,4,0,False
40f,43,5182,Exploits,Exploits,False,"This flow was flagged as Exploits with 94.6% confidence. Main reasons: network service=http, typical bytes sent by the destination, elevated ACK data time, elevated destination jitter. Suggested action: Isolate the target host and check for unpatched vulnerabilities.",True,True,True,3,3,3,1,1,True,True,2,0,0,1,0,False
40f,43,5211,Exploits,Exploits,False,"This flow was flagged as Exploits with 96.1% confidence. Main reasons: network service=smtp, typical bytes sent by the destination, extremely high mean packet size from source, unusually high ACK data time, typical total bytes transferred. Suggested action: Isolate the target host and check for unpatched vulnerabilities.",True,True,True,4,4,4,1,1,True,True,2,0,0,2,0,False
40f,43,6159,Reconnaissance,Reconnaissance,False,"This flow was flagged as Reconnaissance with 64.4% confidence. Main reasons: network service=http, reduced mean packet size from source, reduced mean packet size from destination, typical total bytes transferred, reduced average packet size. Suggested action: Flag source IP for monitoring; likely pre-attack scanning.",True,True,True,4,4,4,1,1,True,True,3,0,0,1,0,False
40f,43,6255,Overlap-Group-1,Overlap-Group-1,False,"This flow was flagged as Overlap-Group-1 with 94.2% confidence. Main reasons: typical response body len, reduced average packet size, network service=http, reduced mean packet size from source, typical total bytes transferred. Suggested action: Flagged as DoS, Backdoor, or Analysis-type behavior — this dataset's flow-level features can't reliably distinguish the three. Escalate for manual / packet-level inspection to determine the specific subtype.",True,True,True,4,4,4,1,1,True,True,1,1,0,2,1,False
40f,43,6292,Overlap-Group-1,Overlap-Group-1,False,"This flow was flagged as Overlap-Group-1 with 91.0% confidence. Main reasons: reduced average packet size, typical recent connections from this source to the same destination port, typical bytes sent by the destination, typical source-to-destination byte ratio, reduced SYN-ACK handshake time. Suggested action: Flagged as DoS, Backdoor, or Analysis-type behavior — this dataset's flow-level features can't reliably distinguish the three. Escalate for manual / packet-level inspection to determine the specific subtype.",True,True,True,5,5,5,0,0,True,True,1,1,0,3,1,False
40f,43,6363,Reconnaissance,Reconnaissance,False,"This flow was flagged as Reconnaissance with 52.1% confidence. Main reasons: network service=http, typical total bytes transferred, reduced mean packet size from source, reduced mean packet size from destination. Suggested action: Flag source IP for monitoring; likely pre-attack scanning.",True,True,True,3,3,3,1,1,True,True,2,0,0,1,0,False
40f,43,6468,Overlap-Group-1,Overlap-Group-1,False,"This flow was flagged as Overlap-Group-1 with 84.4% confidence. Main reasons: reduced mean packet size from source, typical sloss, unusually high mean packet size from destination, typical destination jitter, network service=ftp. Suggested action: Flagged as DoS, Backdoor, or Analysis-type behavior — this dataset's flow-level features can't reliably distinguish the three. Escalate for manual / packet-level inspection to determine the specific subtype.",True,True,True,4,4,4,1,1,True,True,2,0,0,2,0,False
40f,43,6469,Overlap-Group-1,Overlap-Group-1,False,"This flow was flagged as Overlap-Group-1 with 91.8% confidence. Main reasons: reduced mean packet size from source, extremely high number of packets sent by the source, typical source-to-destination byte ratio, typical bytes sent by the source, extremely high total packets transferred. Suggested action: Flagged as DoS, Backdoor, or Analysis-type behavior — this dataset's flow-level features can't reliably distinguish the three. Escalate for manual / packet-level inspection to determine the specific subtype.",True,True,True,5,5,5,0,0,True,True,1,2,0,2,2,False
40f,43,6489,Exploits,Exploits,False,"This flow was flagged as Exploits with 97.7% confidence. Main reasons: network service=http, typical total bytes transferred, typical mean packet size from source, unusually high ACK data time, typical bytes sent by the source. Suggested action: Isolate the target host and check for unpatched vulnerabilities.",True,True,True,4,4,4,1,1,True,True,1,0,0,3,0,False
40f,43,6535,Generic,Generic,False,"This flow was flagged as Generic with 99.5% confidence. Main reasons: typical total bytes transferred, typical bytes sent by the source, network service=dns, reduced average packet size. Suggested action: Review firewall rules for this flow's protocol/service combination.",True,True,True,3,3,3,1,1,True,True,0,1,0,2,1,False
40f,43,6613,Exploits,Exploits,False,"This flow was flagged as Exploits with 91.2% confidence. Main reasons: network service=smtp, typical bytes sent by the destination, typical ACK data time, typical average packet size, reduced SYN-ACK handshake time. Suggested action: Isolate the target host and check for unpatched vulnerabilities.",True,True,True,4,4,4,1,1,True,True,0,0,1,3,0,False
40f,43,6749,Exploits,Exploits,False,"This flow was flagged as Exploits with 81.9% confidence. Main reasons: network service=http, elevated ACK data time, typical SYN-ACK handshake time, typical total bytes transferred, typical source-to-destination byte ratio. Suggested action: Isolate the target host and check for unpatched vulnerabilities.",True,True,True,4,4,4,1,1,True,True,1,0,0,3,0,False
40f,43,6784,Generic,Generic,False,"This flow was flagged as Generic with 84.7% confidence. Main reasons: typical response body len, typical mean packet size from source, typical bytes sent by the source, typical sloss. Suggested action: Review firewall rules for this flow's protocol/service combination.",True,True,True,4,4,4,0,0,True,True,0,0,0,4,0,False
40f,43,7106,Generic,Generic,False,"This flow was flagged as Generic with 100.0% confidence. Main reasons: typical total bytes transferred, extremely high recent connections to this destination from the same source port, typical bytes sent by the source, network service=dns. Suggested action: Review firewall rules for this flow's protocol/service combination.",True,True,True,3,3,3,1,1,True,True,1,0,0,2,0,False
40f,43,7281,Generic,Generic,False,"This flow was flagged as Generic with 100.0% confidence. Main reasons: typical total bytes transferred, extremely high recent connections to this destination from the same source port, typical bytes sent by the source, network service=dns. Suggested action: Review firewall rules for this flow's protocol/service combination.",True,True,True,3,3,3,1,1,True,True,1,0,0,2,0,False
40f,43,7353,Generic,Generic,False,"This flow was flagged as Generic with 100.0% confidence. Main reasons: typical total bytes transferred, extremely high recent connections to this destination from the same source port, typical bytes sent by the source, network service=dns. Suggested action: Review firewall rules for this flow's protocol/service combination.",True,True,True,3,3,3,1,1,True,True,1,0,0,2,0,False
40f,43,7425,Generic,Generic,False,"This flow was flagged as Generic with 100.0% confidence. Main reasons: typical total bytes transferred, extremely high recent connections to this destination from the same source port, typical bytes sent by the source, network service=dns. Suggested action: Review firewall rules for this flow's protocol/service combination.",True,True,True,3,3,3,1,1,True,True,1,0,0,2,0,False
40f,43,7530,Generic,Generic,False,"This flow was flagged as Generic with 100.0% confidence. Main reasons: typical total bytes transferred, extremely high recent connections to this destination from the same source port, typical bytes sent by the source, network service=dns. Suggested action: Review firewall rules for this flow's protocol/service combination.",True,True,True,3,3,3,1,1,True,True,1,0,0,2,0,False
40f,43,7869,Generic,Generic,False,"This flow was flagged as Generic with 99.9% confidence. Main reasons: typical total bytes transferred, typical bytes sent by the source, network service=dns, reduced average packet size. Suggested action: Review firewall rules for this flow's protocol/service combination.",True,True,True,3,3,3,1,1,True,True,0,1,0,2,1,False
40f,43,8038,Generic,Generic,False,"This flow was flagged as Generic with 100.0% confidence. Main reasons: typical total bytes transferred, extremely high recent connections to this destination from the same source port, typical bytes sent by the source, network service=dns. Suggested action: Review firewall rules for this flow's protocol/service combination.",True,True,True,3,3,3,1,1,True,True,1,0,0,2,0,False
40f,43,8073,Generic,Generic,False,"This flow was flagged as Generic with 100.0% confidence. Main reasons: typical total bytes transferred, extremely high recent connections to this destination from the same source port, typical bytes sent by the source, network service=dns. Suggested action: Review firewall rules for this flow's protocol/service combination.",True,True,True,3,3,3,1,1,True,True,1,0,0,2,0,False
40f,43,8157,Generic,Generic,False,"This flow was flagged as Generic with 100.0% confidence. Main reasons: typical total bytes transferred, extremely high recent connections to this destination from the same source port, typical bytes sent by the source, network service=dns. Suggested action: Review firewall rules for this flow's protocol/service combination.",True,True,True,3,3,3,1,1,True,True,1,0,0,2,0,False
40f,43,8181,Generic,Generic,False,"This flow was flagged as Generic with 100.0% confidence. Main reasons: typical total bytes transferred, extremely high recent connections to this destination from the same source port, typical bytes sent by the source, network service=dns. Suggested action: Review firewall rules for this flow's protocol/service combination.",True,True,True,3,3,3,1,1,True,True,1,0,0,2,0,False
40f,43,8276,Generic,Generic,False,"This flow was flagged as Generic with 100.0% confidence. Main reasons: typical total bytes transferred, unusually high recent connections to this destination from the same source port, typical bytes sent by the source, network service=dns. Suggested action: Review firewall rules for this flow's protocol/service combination.",True,True,True,3,3,3,1,1,True,True,1,0,0,2,0,False
40f,43,12172,Normal,Normal,False,"This flow was flagged as Normal with 100.0% confidence. Main reasons: elevated destination data load, reduced ACK data time, network protocol=tcp, typical source-to-destination byte ratio, reduced TCP round-trip time. Suggested action: No action required.",True,True,True,4,4,4,1,1,True,True,3,0,0,1,0,False
40f,43,13751,Normal,Normal,False,"This flow was flagged as Normal with 100.0% confidence. Main reasons: typical destination data load, reduced ACK data time, reduced mean packet size from destination, connection state=CON. Suggested action: No action required.",True,True,True,3,3,3,1,1,True,True,1,0,1,1,0,False
40f,43,14914,Normal,Normal,False,"This flow was flagged as Normal with 100.0% confidence. Main reasons: typical destination data load, reduced ACK data time, unusually high number of packets sent by the source, reduced TCP round-trip time. Suggested action: No action required.",True,True,True,4,4,4,0,0,True,True,3,0,0,1,0,False
40f,43,17654,Normal,Normal,False,"This flow was flagged as Normal with 100.0% confidence. Main reasons: typical destination data load, reduced ACK data time, reduced TCP round-trip time, elevated number of packets sent by the destination, typical bytes sent by the source. Suggested action: No action required.",True,True,True,5,5,5,0,0,True,True,3,0,0,2,0,False
40f,43,17706,Normal,Normal,False,"This flow was flagged as Normal with 100.0% confidence. Main reasons: reduced ACK data time, reduced destination data load, reduced SYN-ACK handshake time, typical bytes sent by the destination, reduced TCP round-trip time. Suggested action: No action required.",True,True,True,5,5,5,0,0,True,True,3,1,0,1,1,False
40f,43,17968,Normal,Normal,False,"This flow was flagged as Normal with 100.0% confidence. Main reasons: reduced ACK data time, reduced destination data load, typical bytes sent by the destination, reduced SYN-ACK handshake time, reduced TCP round-trip time. Suggested action: No action required.",True,True,True,5,5,5,0,0,True,True,3,1,0,1,1,False
40f,43,19042,Normal,Normal,False,"This flow was flagged as Normal with 100.0% confidence. Main reasons: extremely high destination data load, reduced ACK data time, typical number of packets sent by the destination, reduced TCP round-trip time, network protocol=tcp. Suggested action: No action required.",True,True,True,4,4,4,1,1,True,True,3,0,0,1,0,False
40f,43,19689,Normal,Normal,False,"This flow was flagged as Normal with 100.0% confidence. Main reasons: extremely high destination data load, reduced ACK data time, network protocol=tcp, elevated number of packets sent by the destination, reduced TCP round-trip time. Suggested action: No action required.",True,True,True,4,4,4,1,1,True,True,4,0,0,0,0,False
40f,43,19717,Normal,Normal,False,"This flow was flagged as Normal with 100.0% confidence. Main reasons: elevated destination data load, reduced ACK data time, reduced mean packet size from destination, network protocol=tcp, reduced TCP round-trip time. Suggested action: No action required.",True,True,True,4,4,4,1,1,True,True,3,0,1,0,0,False
40f,43,19755,Normal,Normal,False,"This flow was flagged as Normal with 100.0% confidence. Main reasons: reduced ACK data time, reduced destination data load, typical bytes sent by the destination, reduced SYN-ACK handshake time, reduced TCP round-trip time. Suggested action: No action required.",True,True,True,5,5,5,0,0,True,True,3,1,0,1,1,False
40f,43,20075,Normal,Normal,False,"This flow was flagged as Normal with 100.0% confidence. Main reasons: typical destination data load, reduced ACK data time, unusually high recent connections from this source to the same destination port, reduced TCP round-trip time, typical bytes sent by the destination. Suggested action: No action required.",True,True,True,5,5,5,0,0,True,True,3,0,0,2,0,False
40f,43,22918,Normal,Normal,False,"This flow was flagged as Normal with 100.0% confidence. Main reasons: typical destination data load, reduced ACK data time, typical bytes sent by the destination, reduced TCP round-trip time, reduced SYN-ACK handshake time. Suggested action: No action required.",True,True,True,5,5,5,0,0,True,True,3,0,0,2,0,False
40f,43,23331,Normal,Normal,False,"This flow was flagged as Normal with 100.0% confidence. Main reasons: typical destination data load, reduced ACK data time, elevated recent connections from this source to the same destination port, reduced mean packet size from destination, typical bytes sent by the destination. Suggested action: No action required.",True,True,True,5,5,5,0,0,True,True,2,0,1,2,0,False
40f,43,23733,Normal,Normal,False,"This flow was flagged as Normal with 99.7% confidence. Main reasons: reduced ACK data time, reduced mean packet size from destination, network service=ftp-data, unusually high source-to-destination byte ratio. Suggested action: No action required.",True,True,True,3,3,3,1,1,True,True,2,0,1,0,0,False
40f,43,24088,Normal,Normal,False,"This flow was flagged as Normal with 100.0% confidence. Main reasons: typical destination data load, reduced ACK data time, reduced mean packet size from destination, reduced SYN-ACK handshake time, typical number of packets sent by the destination. Suggested action: No action required.",True,True,True,5,5,5,0,0,True,True,2,0,1,2,0,False
40f,43,24395,Normal,Normal,False,"This flow was flagged as Normal with 100.0% confidence. Main reasons: typical destination data load, reduced ACK data time, reduced SYN-ACK handshake time, reduced mean packet size from destination, typical number of packets sent by the destination. Suggested action: No action required.",True,True,True,5,5,5,0,0,True,True,2,0,1,2,0,False
40f,43,25294,Unknown,Overlap-Group-1,True,"This flow was flagged as an unrecognized (potential zero-day) pattern with 46.8% confidence. Main reasons: typical response body len, network service=http, reduced average packet size, reduced destination data load. Suggested action: Unrecognized pattern — escalate to a human analyst for manual review.",True,True,True,3,3,3,1,1,True,True,1,1,0,1,1,False
40f,43,25605,Exploits,Exploits,False,"This flow was flagged as Exploits with 53.4% confidence. Main reasons: network service=http, typical source-to-destination byte ratio, typical ACK data time. Suggested action: Isolate the target host and check for unpatched vulnerabilities.",True,True,True,2,2,2,1,1,True,True,0,0,0,2,0,False
40f,43,25650,Unknown,Normal,True,"This flow was flagged as an unrecognized (potential zero-day) pattern with 45.0% confidence. Main reasons: typical response body len, typical source-to-destination byte ratio, typical bytes sent by the destination, typical total bytes transferred. Suggested action: Unrecognized pattern — escalate to a human analyst for manual review.",True,True,True,4,4,4,0,0,True,True,0,0,0,4,0,False
40f,43,25652,Unknown,Normal,True,"This flow was flagged as an unrecognized (potential zero-day) pattern with 40.7% confidence. Main reasons: typical bytes sent by the destination, typical source-to-destination byte ratio, typical response body len, typical bytes sent by the source. Suggested action: Unrecognized pattern — escalate to a human analyst for manual review.",True,True,True,4,4,4,0,0,True,True,0,0,0,4,0,False
40f,43,26189,Normal,Normal,False,"This flow was flagged as Normal with 99.3% confidence. Main reasons: connection state=CON, network service=-, typical bytes sent by the source, elevated source-to-destination byte ratio. Suggested action: No action required.",True,True,True,2,2,2,2,2,True,True,1,0,0,1,0,False
40f,43,26562,Unknown,Exploits,True,"This flow was flagged as an unrecognized (potential zero-day) pattern with 43.5% confidence. Main reasons: reduced average packet size, typical SYN-ACK handshake time, typical source-to-destination byte ratio, typical recent connections from this source to the same destination port. Suggested action: Unrecognized pattern — escalate to a human analyst for manual review.",True,True,True,4,4,4,0,0,True,True,0,1,0,3,1,False
40f,43,26739,Fuzzers,Fuzzers,False,"This flow was flagged as Fuzzers with 78.9% confidence. Main reasons: reduced mean packet size from source, reduced average packet size, reduced destination data load, elevated source-to-destination packet ratio, network service=-. Suggested action: Inspect the application for crash logs; consider input validation hardening.",True,True,True,4,4,4,1,1,True,True,2,1,1,0,1,False
40f,43,26789,Unknown,Fuzzers,True,"This flow was flagged as an unrecognized (potential zero-day) pattern with 50.1% confidence. Main reasons: reduced mean packet size from source, reduced average packet size, reduced destination data load, network service=-. Suggested action: Unrecognized pattern — escalate to a human analyst for manual review.",True,True,True,3,3,3,1,1,True,True,1,1,1,0,1,False
40f,43,26998,Fuzzers,Fuzzers,False,"This flow was flagged as Fuzzers with 53.2% confidence. Main reasons: reduced mean packet size from source, reduced average packet size, reduced destination data load, network service=-. Suggested action: Inspect the application for crash logs; consider input validation hardening.",True,True,True,3,3,3,1,1,True,True,1,1,1,0,1,False
40f,43,27008,Fuzzers,Fuzzers,False,"This flow was flagged as Fuzzers with 56.5% confidence. Main reasons: reduced mean packet size from source, reduced average packet size, reduced destination data load, network service=-, elevated source-to-destination packet ratio. Suggested action: Inspect the application for crash logs; consider input validation hardening.",True,True,True,4,4,4,1,1,True,True,2,1,1,0,1,False
40f,43,27123,Fuzzers,Fuzzers,False,"This flow was flagged as Fuzzers with 81.9% confidence. Main reasons: reduced mean packet size from source, reduced average packet size, unusually high sinpkt, reduced destination data load, elevated ACK data time. Suggested action: Inspect the application for crash logs; consider input validation hardening.",True,True,True,5,5,5,0,0,True,True,3,1,1,0,1,False
40f,43,27127,Fuzzers,Fuzzers,False,"This flow was flagged as Fuzzers with 73.0% confidence. Main reasons: reduced mean packet size from source, reduced average packet size, reduced destination data load, network service=-. Suggested action: Inspect the application for crash logs; consider input validation hardening.",True,True,True,3,3,3,1,1,True,True,1,1,1,0,1,False
40f,43,27499,Fuzzers,Fuzzers,False,"This flow was flagged as Fuzzers with 57.9% confidence. Main reasons: typical bytes sent by the destination, typical bytes sent by the source, reduced average packet size. Suggested action: Inspect the application for crash logs; consider input validation hardening.",True,True,True,3,3,3,0,0,True,True,0,0,1,2,0,False
40f,43,27572,Unknown,Normal,True,"This flow was flagged as an unrecognized (potential zero-day) pattern with 48.3% confidence. Main reasons: network service=-, typical source-to-destination byte ratio, network protocol=tcp. Suggested action: Unrecognized pattern — escalate to a human analyst for manual review.",True,True,True,1,1,1,2,2,True,True,0,0,0,1,0,False
40f,43,28003,Unknown,Normal,True,"This flow was flagged as an unrecognized (potential zero-day) pattern with 33.1% confidence. Main reasons: typical response body len, typical source-to-destination byte ratio, typical bytes sent by the destination. Suggested action: Unrecognized pattern — escalate to a human analyst for manual review.",True,True,True,3,3,3,0,0,True,True,0,0,0,3,0,False
40f,43,28080,Reconnaissance,Reconnaissance,False,"This flow was flagged as Reconnaissance with 94.5% confidence. Main reasons: typical total bytes transferred, typical bytes sent by the source, reduced mean packet size from source, reduced average packet size, reduced mean packet size from destination. Suggested action: Flag source IP for monitoring; likely pre-attack scanning.",True,True,True,5,5,5,0,0,True,True,3,0,0,2,0,False
40f,43,28087,Reconnaissance,Reconnaissance,False,"This flow was flagged as Reconnaissance with 94.5% confidence. Main reasons: typical total bytes transferred, typical bytes sent by the source, reduced mean packet size from source, reduced average packet size, reduced mean packet size from destination. Suggested action: Flag source IP for monitoring; likely pre-attack scanning.",True,True,True,5,5,5,0,0,True,True,3,0,0,2,0,False
40f,43,28454,Exploits,Exploits,False,"This flow was flagged as Exploits with 67.2% confidence. Main reasons: network service=http, elevated ACK data time, elevated bytes sent by the destination, elevated dloss. Suggested action: Isolate the target host and check for unpatched vulnerabilities.",True,True,True,3,3,3,1,1,True,True,3,0,0,0,0,False
40f,43,28514,Reconnaissance,Reconnaissance,False,"This flow was flagged as Reconnaissance with 99.9% confidence. Main reasons: reduced average packet size, typical source jitter, reduced mean packet size from source, typical total bytes transferred, reduced mean packet size from destination. Suggested action: Flag source IP for monitoring; likely pre-attack scanning.",True,True,True,5,5,5,0,0,True,True,3,0,0,2,0,False
40f,43,28631,Reconnaissance,Reconnaissance,False,"This flow was flagged as Reconnaissance with 67.2% confidence. Main reasons: network service=http, reduced mean packet size from source, reduced mean packet size from destination, typical total bytes transferred. Suggested action: Flag source IP for monitoring; likely pre-attack scanning.",True,True,True,3,3,3,1,1,True,True,2,0,0,1,0,False
40f,43,28713,Unknown,Exploits,True,"This flow was flagged as an unrecognized (potential zero-day) pattern with 48.1% confidence. Main reasons: network service=http, typical total bytes transferred, unusually high ACK data time. Suggested action: Unrecognized pattern — escalate to a human analyst for manual review.",True,True,True,2,2,2,1,1,True,True,1,0,0,1,0,False
40f,43,28755,Exploits,Exploits,False,"This flow was flagged as Exploits with 92.6% confidence. Main reasons: network service=http, typical total bytes transferred, typical mean packet size from source, elevated ACK data time. Suggested action: Isolate the target host and check for unpatched vulnerabilities.",True,True,True,3,3,3,1,1,True,True,1,0,0,2,0,False
40f,43,29350,Reconnaissance,Reconnaissance,False,"This flow was flagged as Reconnaissance with 99.8% confidence. Main reasons: reduced average packet size, typical source jitter, typical total bytes transferred, typical bytes sent by the source, reduced mean packet size from source. Suggested action: Flag source IP for monitoring; likely pre-attack scanning.",True,True,True,5,5,5,0,0,True,True,2,0,0,3,0,False
40f,43,29658,Exploits,Exploits,False,"This flow was flagged as Exploits with 81.8% confidence. Main reasons: network service=http, elevated ACK data time, typical source-to-destination byte ratio, typical recent connections from this source to the same destination port, reduced SYN-ACK handshake time. Suggested action: Isolate the target host and check for unpatched vulnerabilities.",True,True,True,4,4,4,1,1,True,True,1,0,1,2,0,False
40f,43,29888,Reconnaissance,Reconnaissance,False,"This flow was flagged as Reconnaissance with 71.7% confidence. Main reasons: network service=http, reduced mean packet size from source, reduced mean packet size from destination, typical total bytes transferred. Suggested action: Flag source IP for monitoring; likely pre-attack scanning.",True,True,True,3,3,3,1,1,True,True,2,0,0,1,0,False
40f,43,29959,Unknown,Normal,True,"This flow was flagged as an unrecognized (potential zero-day) pattern with 49.7% confidence. Main reasons: typical source-to-destination byte ratio, network service=-, reduced mean packet size from source. Suggested action: Unrecognized pattern — escalate to a human analyst for manual review.",True,True,True,2,2,2,1,1,True,True,1,0,0,1,0,False
40f,43,29986,Reconnaissance,Reconnaissance,False,"This flow was flagged as Reconnaissance with 79.3% confidence. Main reasons: network service=http, reduced mean packet size from source, reduced mean packet size from destination, typical total bytes transferred, elevated ACK data time. Suggested action: Flag source IP for monitoring; likely pre-attack scanning.",True,True,True,4,4,4,1,1,True,True,3,0,0,1,0,False
40f,43,30959,Exploits,Exploits,False,"This flow was flagged as Exploits with 99.1% confidence. Main reasons: extremely high mean packet size from source, network service=http, reduced SYN-ACK handshake time, extremely high average packet size, elevated total bytes transferred. Suggested action: Isolate the target host and check for unpatched vulnerabilities.",True,True,True,4,4,4,1,1,True,True,3,0,1,0,0,False
40f,43,31205,Exploits,Exploits,False,"This flow was flagged as Exploits with 95.3% confidence. Main reasons: network service=ftp-data, reduced mean packet size from source, typical ACK data time, typical bytes sent by the destination. Suggested action: Isolate the target host and check for unpatched vulnerabilities.",True,True,True,3,3,3,1,1,True,True,0,1,0,2,1,False
40f,43,31383,Reconnaissance,Reconnaissance,False,"This flow was flagged as Reconnaissance with 51.1% confidence. Main reasons: network service=http, reduced mean packet size from source, reduced mean packet size from destination, typical total bytes transferred. Suggested action: Flag source IP for monitoring; likely pre-attack scanning.",True,True,True,3,3,3,1,1,True,True,2,0,0,1,0,False
40f,43,31757,Reconnaissance,Reconnaissance,False,"This flow was flagged as Reconnaissance with 98.6% confidence. Main reasons: reduced average packet size, typical source jitter, typical total bytes transferred, typical bytes sent by the source. Suggested action: Flag source IP for monitoring; likely pre-attack scanning.",True,True,True,4,4,4,0,0,True,True,1,0,0,3,0,False
40f,43,31784,Reconnaissance,Reconnaissance,False,"This flow was flagged as Reconnaissance with 99.9% confidence. Main reasons: reduced average packet size, typical source jitter, typical total bytes transferred, typical bytes sent by the source, reduced mean packet size from source. Suggested action: Flag source IP for monitoring; likely pre-attack scanning.",True,True,True,5,5,5,0,0,True,True,2,0,0,3,0,False
40f,43,32090,Overlap-Group-1,Overlap-Group-1,False,"This flow was flagged as Overlap-Group-1 with 53.3% confidence. Main reasons: network protocol=ospf, typical bytes sent by the source, reduced average packet size, unusually high recent connections to this destination from the same source port. Suggested action: Flagged as DoS, Backdoor, or Analysis-type behavior — this dataset's flow-level features can't reliably distinguish the three. Escalate for manual / packet-level inspection to determine the specific subtype.",True,True,True,3,3,3,1,1,True,True,1,1,0,1,1,False
40f,43,32186,Overlap-Group-1,Overlap-Group-1,False,"This flow was flagged as Overlap-Group-1 with 99.1% confidence. Main reasons: extremely high sloss, extremely high number of packets sent by the source, extremely high total packets transferred, unusually high source-to-destination packet ratio, unusually high bytes sent by the source. Suggested action: Flagged as DoS, Backdoor, or Analysis-type behavior — this dataset's flow-level features can't reliably distinguish the three. Escalate for manual / packet-level inspection to determine the specific subtype.",True,True,True,5,5,5,0,0,True,True,1,4,0,0,4,False
40f,43,32219,Unknown,Overlap-Group-1,True,"This flow was flagged as an unrecognized (potential zero-day) pattern with 46.9% confidence. Main reasons: network protocol=br-sat-mon, typical bytes sent by the source, reduced average packet size, typical mean packet size from source. Suggested action: Unrecognized pattern — escalate to a human analyst for manual review.",True,True,True,3,3,3,1,1,True,True,0,1,0,2,1,False
40f,43,32249,Unknown,Overlap-Group-1,True,"This flow was flagged as an unrecognized (potential zero-day) pattern with 44.1% confidence. Main reasons: network protocol=argus, reduced average packet size, extremely high recent connections to this destination from the same source port, typical bytes sent by the source. Suggested action: Unrecognized pattern — escalate to a human analyst for manual review.",True,True,True,3,3,3,1,1,True,True,1,1,0,1,1,False
40f,43,32418,Exploits,Exploits,False,"This flow was flagged as Exploits with 58.0% confidence. Main reasons: network service=http, elevated ACK data time, typical SYN-ACK handshake time. Suggested action: Isolate the target host and check for unpatched vulnerabilities.",True,True,True,2,2,2,1,1,True,True,1,0,0,1,0,False
40f,43,32720,Exploits,Exploits,False,"This flow was flagged as Exploits with 86.8% confidence. Main reasons: network service=http, unusually high bytes sent by the destination, elevated ACK data time, unusually high dloss, typical destination jitter. Suggested action: Isolate the target host and check for unpatched vulnerabilities.",True,True,True,4,4,4,1,1,True,True,3,0,0,1,0,False
40f,43,32946,Unknown,Exploits,True,"This flow was flagged as an unrecognized (potential zero-day) pattern with 45.6% confidence. Main reasons: typical dloss, elevated ACK data time, typical recent connections from this source to the same destination port. Suggested action: Unrecognized pattern — escalate to a human analyst for manual review.",True,True,True,3,3,3,0,0,True,True,1,0,0,2,0,False
40f,43,33135,Generic,Generic,False,"This flow was flagged as Generic with 99.8% confidence. Main reasons: typical total bytes transferred, typical bytes sent by the source, network service=dns, reduced average packet size, elevated recent connections to this destination from the same source port. Suggested action: Review firewall rules for this flow's protocol/service combination.",True,True,True,4,4,4,1,1,True,True,1,1,0,2,1,False
40f,43,33277,Overlap-Group-1,Overlap-Group-1,False,"This flow was flagged as Overlap-Group-1 with 57.3% confidence. Main reasons: network protocol=unas, reduced average packet size, typical bytes sent by the source, unusually high recent connections to this destination from the same source port. Suggested action: Flagged as DoS, Backdoor, or Analysis-type behavior — this dataset's flow-level features can't reliably distinguish the three. Escalate for manual / packet-level inspection to determine the specific subtype.",True,True,True,3,3,3,1,1,True,True,1,1,0,1,1,False
40f,43,33658,Reconnaissance,Reconnaissance,False,"This flow was flagged as Reconnaissance with 99.8% confidence. Main reasons: reduced average packet size, typical source jitter, typical total bytes transferred, typical bytes sent by the source, typical source-to-destination byte ratio. Suggested action: Flag source IP for monitoring; likely pre-attack scanning.",True,True,True,5,5,5,0,0,True,True,1,0,0,4,0,False
40f,43,33765,Generic,Generic,False,"This flow was flagged as Generic with 99.8% confidence. Main reasons: typical total bytes transferred, typical bytes sent by the source, network service=dns, reduced average packet size, elevated recent connections to this destination from the same source port. Suggested action: Review firewall rules for this flow's protocol/service combination.",True,True,True,4,4,4,1,1,True,True,1,1,0,2,1,False
40f,43,34294,Generic,Generic,False,"This flow was flagged as Generic with 99.9% confidence. Main reasons: typical total bytes transferred, typical bytes sent by the source, network service=dns, reduced average packet size. Suggested action: Review firewall rules for this flow's protocol/service combination.",True,True,True,3,3,3,1,1,True,True,0,1,0,2,1,False
40f,43,34299,Generic,Generic,False,"This flow was flagged as Generic with 99.9% confidence. Main reasons: typical total bytes transferred, typical bytes sent by the source, network service=dns, reduced average packet size. Suggested action: Review firewall rules for this flow's protocol/service combination.",True,True,True,3,3,3,1,1,True,True,0,1,0,2,1,False
40f,43,34328,Overlap-Group-1,Overlap-Group-1,False,"This flow was flagged as Overlap-Group-1 with 54.5% confidence. Main reasons: network protocol=unas, reduced average packet size, elevated recent connections to this destination from the same source port, typical bytes sent by the source. Suggested action: Flagged as DoS, Backdoor, or Analysis-type behavior — this dataset's flow-level features can't reliably distinguish the three. Escalate for manual / packet-level inspection to determine the specific subtype.",True,True,True,3,3,3,1,1,True,True,1,1,0,1,1,False
40f,43,34388,Fuzzers,Fuzzers,False,"This flow was flagged as Fuzzers with 87.4% confidence. Main reasons: typical bytes sent by the destination, typical bytes sent by the source, reduced average packet size, reduced destination data load. Suggested action: Inspect the application for crash logs; consider input validation hardening.",True,True,True,4,4,4,0,0,True,True,1,0,1,2,0,False
40f,43,34405,Unknown,Overlap-Group-1,True,"This flow was flagged as an unrecognized (potential zero-day) pattern with 36.8% confidence. Main reasons: unusually high source-to-destination packet ratio, unusually high source-to-destination byte ratio, typical recent connections from this source to the same destination port. Suggested action: Unrecognized pattern — escalate to a human analyst for manual review.",True,True,True,3,3,3,0,0,True,True,1,1,0,1,1,False
40f,43,34742,Generic,Generic,False,"This flow was flagged as Generic with 100.0% confidence. Main reasons: typical total bytes transferred, typical bytes sent by the source, network service=dns, elevated recent connections to this destination from the same source port, reduced average packet size. Suggested action: Review firewall rules for this flow's protocol/service combination.",True,True,True,4,4,4,1,1,True,True,1,1,0,2,1,False
40f,43,34985,Reconnaissance,Reconnaissance,False,"This flow was flagged as Reconnaissance with 99.9% confidence. Main reasons: reduced average packet size, typical source jitter, typical bytes sent by the source, typical total bytes transferred, reduced mean packet size from source. Suggested action: Flag source IP for monitoring; likely pre-attack scanning.",True,True,True,5,5,5,0,0,True,True,2,0,0,3,0,False
40f,43,35149,Generic,Generic,False,"This flow was flagged as Generic with 84.7% confidence. Main reasons: typical response body len, typical mean packet size from source, unusually high mean packet size from destination, typical sloss. Suggested action: Review firewall rules for this flow's protocol/service combination.",True,True,True,4,4,4,0,0,True,True,1,0,0,3,0,False
40f,43,35266,Unknown,Fuzzers,True,"This flow was flagged as an unrecognized (potential zero-day) pattern with 33.5% confidence. Main reasons: network service=-, reduced destination data load, elevated source-to-destination packet ratio. Suggested action: Unrecognized pattern — escalate to a human analyst for manual review.",True,True,True,2,2,2,1,1,True,True,2,0,0,0,0,False
40f,43,35654,Overlap-Group-1,Overlap-Group-1,False,"This flow was flagged as Overlap-Group-1 with 52.6% confidence. Main reasons: network protocol=unas, reduced average packet size, extremely high recent connections to this destination from the same source port, typical bytes sent by the source. Suggested action: Flagged as DoS, Backdoor, or Analysis-type behavior — this dataset's flow-level features can't reliably distinguish the three. Escalate for manual / packet-level inspection to determine the specific subtype.",True,True,True,3,3,3,1,1,True,True,1,1,0,1,1,False
40f,43,35734,Overlap-Group-1,Overlap-Group-1,False,"This flow was flagged as Overlap-Group-1 with 58.9% confidence. Main reasons: network protocol=snp, typical bytes sent by the source, reduced average packet size, unusually high recent connections to this destination from the same source port. Suggested action: Flagged as DoS, Backdoor, or Analysis-type behavior — this dataset's flow-level features can't reliably distinguish the three. Escalate for manual / packet-level inspection to determine the specific subtype.",True,True,True,3,3,3,1,1,True,True,1,1,0,1,1,False
40f,43,35778,Overlap-Group-1,Overlap-Group-1,False,"This flow was flagged as Overlap-Group-1 with 57.8% confidence. Main reasons: network protocol=crudp, reduced average packet size, typical bytes sent by the source, typical mean packet size from source. Suggested action: Flagged as DoS, Backdoor, or Analysis-type behavior — this dataset's flow-level features can't reliably distinguish the three. Escalate for manual / packet-level inspection to determine the specific subtype.",True,True,True,3,3,3,1,1,True,True,0,1,0,2,1,False
40f,43,35927,Overlap-Group-1,Overlap-Group-1,False,"This flow was flagged as Overlap-Group-1 with 55.2% confidence. Main reasons: network protocol=ipx-n-ip, typical bytes sent by the source, reduced average packet size, typical mean packet size from source. Suggested action: Flagged as DoS, Backdoor, or Analysis-type behavior — this dataset's flow-level features can't reliably distinguish the three. Escalate for manual / packet-level inspection to determine the specific subtype.",True,True,True,3,3,3,1,1,True,True,0,1,0,2,1,False
40f,43,36040,Generic,Generic,False,"This flow was flagged as Generic with 99.9% confidence. Main reasons: typical total bytes transferred, typical bytes sent by the source, network service=dns, reduced average packet size. Suggested action: Review firewall rules for this flow's protocol/service combination.",True,True,True,3,3,3,1,1,True,True,0,1,0,2,1,False
40f,43,36099,Overlap-Group-1,Overlap-Group-1,False,"This flow was flagged as Overlap-Group-1 with 55.0% confidence. Main reasons: network protocol=swipe, typical bytes sent by the source, reduced average packet size, typical mean packet size from source. Suggested action: Flagged as DoS, Backdoor, or Analysis-type behavior — this dataset's flow-level features can't reliably distinguish the three. Escalate for manual / packet-level inspection to determine the specific subtype.",True,True,True,3,3,3,1,1,True,True,0,1,0,2,1,False
40f,43,36118,Exploits,Exploits,False,"This flow was flagged as Exploits with 53.2% confidence. Main reasons: network service=http, reduced average packet size, typical SYN-ACK handshake time, typical bytes sent by the source. Suggested action: Isolate the target host and check for unpatched vulnerabilities.",True,True,True,3,3,3,1,1,True,True,0,1,0,2,1,False
40f,43,36145,Unknown,Overlap-Group-1,True,"This flow was flagged as an unrecognized (potential zero-day) pattern with 45.6% confidence. Main reasons: typical recent connections from this source to the same destination port, typical source-to-destination byte ratio, typical SYN-ACK handshake time. Suggested action: Unrecognized pattern — escalate to a human analyst for manual review.",True,True,True,3,3,3,0,0,True,True,0,0,0,3,0,False
40f,43,36304,Overlap-Group-1,Overlap-Group-1,False,"This flow was flagged as Overlap-Group-1 with 54.0% confidence. Main reasons: network protocol=sctp, typical bytes sent by the source, reduced average packet size, typical mean packet size from source. Suggested action: Flagged as DoS, Backdoor, or Analysis-type behavior — this dataset's flow-level features can't reliably distinguish the three. Escalate for manual / packet-level inspection to determine the specific subtype.",True,True,True,3,3,3,1,1,True,True,0,1,0,2,1,False
40f,43,36507,Generic,Generic,False,"This flow was flagged as Generic with 99.9% confidence. Main reasons: typical total bytes transferred, typical bytes sent by the source, network service=dns, reduced average packet size. Suggested action: Review firewall rules for this flow's protocol/service combination.",True,True,True,3,3,3,1,1,True,True,0,1,0,2,1,False
40f,43,36683,Overlap-Group-1,Overlap-Group-1,False,"This flow was flagged as Overlap-Group-1 with 61.3% confidence. Main reasons: network protocol=ib, reduced average packet size, typical bytes sent by the source, typical mean packet size from source. Suggested action: Flagged as DoS, Backdoor, or Analysis-type behavior — this dataset's flow-level features can't reliably distinguish the three. Escalate for manual / packet-level inspection to determine the specific subtype.",True,True,True,3,3,3,1,1,True,True,0,1,0,2,1,False
40f,43,36830,Overlap-Group-1,Overlap-Group-1,False,"This flow was flagged as Overlap-Group-1 with 56.1% confidence. Main reasons: network protocol=unas, reduced average packet size, typical bytes sent by the source, unusually high recent connections to this destination from the same source port. Suggested action: Flagged as DoS, Backdoor, or Analysis-type behavior — this dataset's flow-level features can't reliably distinguish the three. Escalate for manual / packet-level inspection to determine the specific subtype.",True,True,True,3,3,3,1,1,True,True,1,1,0,1,1,False
40f,43,36919,Generic,Generic,False,"This flow was flagged as Generic with 99.0% confidence. Main reasons: typical total bytes transferred, typical bytes sent by the source, network service=dns, reduced average packet size. Suggested action: Review firewall rules for this flow's protocol/service combination.",True,True,True,3,3,3,1,1,True,True,0,1,0,2,1,False
40f,43,37047,Fuzzers,Fuzzers,False,"This flow was flagged as Fuzzers with 78.3% confidence. Main reasons: typical bytes sent by the source, reduced average packet size, typical recent connections from this source to the same destination port, typical bytes sent by the destination. Suggested action: Inspect the application for crash logs; consider input validation hardening.",True,True,True,4,4,4,0,0,True,True,0,0,1,3,0,False
40f,43,37054,Fuzzers,Fuzzers,False,"This flow was flagged as Fuzzers with 52.0% confidence. Main reasons: typical bytes sent by the source, network service=-, reduced destination data load, elevated source-to-destination packet ratio. Suggested action: Inspect the application for crash logs; consider input validation hardening.",True,True,True,3,3,3,1,1,True,True,2,0,0,1,0,False
40f,43,37206,Generic,Generic,False,"This flow was flagged as Generic with 99.9% confidence. Main reasons: typical total bytes transferred, typical bytes sent by the source, elevated recent connections to this destination from the same source port, network service=dns. Suggested action: Review firewall rules for this flow's protocol/service combination.",True,True,True,3,3,3,1,1,True,True,1,0,0,2,0,False
40f,43,37226,Generic,Generic,False,"This flow was flagged as Generic with 99.8% confidence. Main reasons: typical total bytes transferred, typical bytes sent by the source, network service=dns, reduced average packet size. Suggested action: Review firewall rules for this flow's protocol/service combination.",True,True,True,3,3,3,1,1,True,True,0,1,0,2,1,False
40f,43,37254,Generic,Generic,False,"This flow was flagged as Generic with 100.0% confidence. Main reasons: typical total bytes transferred, typical bytes sent by the source, unusually high recent connections to this destination from the same source port, network service=dns, reduced average packet size. Suggested action: Review firewall rules for this flow's protocol/service combination.",True,True,True,4,4,4,1,1,True,True,1,1,0,2,1,False
40f,43,37933,Unknown,Overlap-Group-1,True,"This flow was flagged as an unrecognized (potential zero-day) pattern with 45.7% confidence. Main reasons: typical total bytes transferred, typical bytes sent by the source, typical recent connections from this source to the same destination port, elevated mean packet size from source, unusually high source data load. Suggested action: Unrecognized pattern — escalate to a human analyst for manual review.",True,True,True,5,5,5,0,0,True,True,0,2,0,3,2,False
40f,43,37963,Unknown,Overlap-Group-1,True,"This flow was flagged as an unrecognized (potential zero-day) pattern with 46.9% confidence. Main reasons: network protocol=br-sat-mon, typical bytes sent by the source, reduced average packet size, typical mean packet size from source. Suggested action: Unrecognized pattern — escalate to a human analyst for manual review.",True,True,True,3,3,3,1,1,True,True,0,1,0,2,1,False
40f,43,38448,Exploits,Exploits,False,"This flow was flagged as Exploits with 70.2% confidence. Main reasons: elevated ACK data time, reduced SYN-ACK handshake time, typical mean packet size from destination. Suggested action: Isolate the target host and check for unpatched vulnerabilities.",True,True,True,3,3,3,0,0,True,True,1,0,1,1,0,False
40f,43,38583,Reconnaissance,Reconnaissance,False,"This flow was flagged as Reconnaissance with 98.7% confidence. Main reasons: typical total bytes transferred, typical bytes sent by the source, reduced mean packet size from source, reduced average packet size, reduced mean packet size from destination. Suggested action: Flag source IP for monitoring; likely pre-attack scanning.",True,True,True,5,5,5,0,0,True,True,3,0,0,2,0,False
40f,43,38643,Reconnaissance,Reconnaissance,False,"This flow was flagged as Reconnaissance with 99.9% confidence. Main reasons: reduced average packet size, typical source jitter, typical total bytes transferred, reduced mean packet size from source, typical bytes sent by the source. Suggested action: Flag source IP for monitoring; likely pre-attack scanning.",True,True,True,5,5,5,0,0,True,True,2,0,0,3,0,False
40f,43,38675,Exploits,Exploits,False,"This flow was flagged as Exploits with 99.2% confidence. Main reasons: reduced mean packet size from source, elevated ACK data time, typical bytes sent by the destination, elevated destination jitter, typical total bytes transferred. Suggested action: Isolate the target host and check for unpatched vulnerabilities.",True,True,True,5,5,5,0,0,True,True,2,1,0,2,1,False
40f,43,39125,Reconnaissance,Reconnaissance,False,"This flow was flagged as Reconnaissance with 99.2% confidence. Main reasons: typical bytes sent by the source, typical total bytes transferred, reduced mean packet size from source, reduced average packet size, reduced mean packet size from destination. Suggested action: Flag source IP for monitoring; likely pre-attack scanning.",True,True,True,5,5,5,0,0,True,True,3,0,0,2,0,False
40f,43,39689,Reconnaissance,Reconnaissance,False,"This flow was flagged as Reconnaissance with 99.5% confidence. Main reasons: reduced average packet size, typical source jitter, typical total bytes transferred, typical bytes sent by the source, reduced mean packet size from destination. Suggested action: Flag source IP for monitoring; likely pre-attack scanning.",True,True,True,5,5,5,0,0,True,True,2,0,0,3,0,False
40f,43,39719,Exploits,Exploits,False,"This flow was flagged as Exploits with 96.6% confidence. Main reasons: unusually high ACK data time, typical bytes sent by the destination, typical total bytes transferred, unusually high destination jitter. Suggested action: Isolate the target host and check for unpatched vulnerabilities.",True,True,True,4,4,4,0,0,True,True,2,0,0,2,0,False
40f,43,39783,Unknown,Overlap-Group-1,True,"This flow was flagged as an unrecognized (potential zero-day) pattern with 44.9% confidence. Main reasons: reduced average packet size, typical recent connections from this source to the same destination port, typical sloss. Suggested action: Unrecognized pattern — escalate to a human analyst for manual review.",True,True,True,3,3,3,0,0,True,True,0,1,0,2,1,False
40f,43,41148,Unknown,Normal,True,"This flow was flagged as an unrecognized (potential zero-day) pattern with 50.1% confidence. Main reasons: network service=-, typical source-to-destination byte ratio, network protocol=tcp. Suggested action: Unrecognized pattern — escalate to a human analyst for manual review.",True,True,True,1,1,1,2,2,True,True,0,0,0,1,0,False
40f,43,41646,Fuzzers,Fuzzers,False,"This flow was flagged as Fuzzers with 54.4% confidence. Main reasons: reduced mean packet size from source, reduced average packet size, reduced destination data load, network service=-. Suggested action: Inspect the application for crash logs; consider input validation hardening.",True,True,True,3,3,3,1,1,True,True,1,1,1,0,1,False
40f,43,42478,Unknown,Exploits,True,"This flow was flagged as an unrecognized (potential zero-day) pattern with 48.2% confidence. Main reasons: network service=http, typical source-to-destination byte ratio, unusually high ACK data time. Suggested action: Unrecognized pattern — escalate to a human analyst for manual review.",True,True,True,2,2,2,1,1,True,True,1,0,0,1,0,False
40f,43,42883,Fuzzers,Fuzzers,False,"This flow was flagged as Fuzzers with 76.2% confidence. Main reasons: reduced mean packet size from source, reduced average packet size, reduced destination data load, unusually high SYN-ACK handshake time, network service=-. Suggested action: Inspect the application for crash logs; consider input validation hardening.",True,True,True,4,4,4,1,1,True,True,2,1,1,0,1,False
40f,43,43222,Normal,Normal,False,"This flow was flagged as Normal with 99.3% confidence. Main reasons: connection state=REQ, reduced average packet size, network protocol=tcp, reduced ACK data time, typical total bytes transferred. Suggested action: No action required.",True,True,True,3,3,3,2,2,True,True,1,0,1,1,0,False
40f,43,43334,Normal,Normal,False,"This flow was flagged as Normal with 59.5% confidence. Main reasons: typical source-to-destination byte ratio, typical bytes sent by the source, typical bytes sent by the destination, typical recent connections from this source to the same destination port. Suggested action: No action required.",True,True,True,4,4,4,0,0,True,True,0,0,0,4,0,False
40f,43,43464,Unknown,Overlap-Group-1,True,"This flow was flagged as an unrecognized (potential zero-day) pattern with 44.0% confidence. Main reasons: typical response body len, network service=http, reduced average packet size, typical source-to-destination byte ratio. Suggested action: Unrecognized pattern — escalate to a human analyst for manual review.",True,True,True,3,3,3,1,1,True,True,0,1,0,2,1,False
40f,43,44529,Fuzzers,Fuzzers,False,"This flow was flagged as Fuzzers with 84.5% confidence. Main reasons: typical bytes sent by the source, reduced average packet size, reduced destination data load, typical source-to-destination byte ratio, network service=-. Suggested action: Inspect the application for crash logs; consider input validation hardening.",True,True,True,4,4,4,1,1,True,True,1,0,1,2,0,False
40f,43,44608,Fuzzers,Fuzzers,False,"This flow was flagged as Fuzzers with 75.4% confidence. Main reasons: typical bytes sent by the source, network service=-, reduced destination data load, typical mean packet size from source, elevated source-to-destination packet ratio. Suggested action: Inspect the application for crash logs; consider input validation hardening.",True,True,True,4,4,4,1,1,True,True,2,0,0,2,0,False
40f,43,44837,Unknown,Fuzzers,True,"This flow was flagged as an unrecognized (potential zero-day) pattern with 45.4% confidence. Main reasons: network service=-, typical bytes sent by the source, elevated source-to-destination packet ratio. Suggested action: Unrecognized pattern — escalate to a human analyst for manual review.",True,True,True,2,2,2,1,1,True,True,1,0,0,1,0,False
40f,43,45098,Fuzzers,Fuzzers,False,"This flow was flagged as Fuzzers with 82.3% confidence. Main reasons: typical bytes sent by the source, reduced average packet size, reduced destination data load, network service=-, elevated source-to-destination packet ratio. Suggested action: Inspect the application for crash logs; consider input validation hardening.",True,True,True,4,4,4,1,1,True,True,2,0,1,1,0,False
40f,43,45528,Fuzzers,Fuzzers,False,"This flow was flagged as Fuzzers with 99.3% confidence. Main reasons: typical bytes sent by the destination, typical bytes sent by the source, network service=-, elevated destination jitter. Suggested action: Inspect the application for crash logs; consider input validation hardening.",True,True,True,3,3,3,1,1,True,True,1,0,0,2,0,False
40f,43,45741,Fuzzers,Fuzzers,False,"This flow was flagged as Fuzzers with 64.6% confidence. Main reasons: typical bytes sent by the destination, typical bytes sent by the source, network service=-. Suggested action: Inspect the application for crash logs; consider input validation hardening.",True,True,True,2,2,2,1,1,True,True,0,0,0,2,0,False
40f,43,45954,Unknown,Normal,True,"This flow was flagged as an unrecognized (potential zero-day) pattern with 50.1% confidence. Main reasons: typical source-to-destination byte ratio, network service=-, elevated source-to-destination packet ratio. Suggested action: Unrecognized pattern — escalate to a human analyst for manual review.",True,True,True,2,2,2,1,1,True,True,0,1,0,1,1,False
40f,43,46291,Unknown,Fuzzers,True,"This flow was flagged as an unrecognized (potential zero-day) pattern with 43.5% confidence. Main reasons: reduced destination data load, typical bytes sent by the source, network service=-. Suggested action: Unrecognized pattern — escalate to a human analyst for manual review.",True,True,True,2,2,2,1,1,True,True,1,0,0,1,0,False
40f,43,46622,Unknown,Exploits,True,"This flow was flagged as an unrecognized (potential zero-day) pattern with 34.7% confidence. Main reasons: reduced average packet size, typical destination jitter, typical recent connections from this source to the same destination port, typical source data load. Suggested action: Unrecognized pattern — escalate to a human analyst for manual review.",True,True,True,4,4,4,0,0,True,True,0,1,0,3,1,False
40f,43,47172,Normal,Normal,False,"This flow was flagged as Normal with 62.1% confidence. Main reasons: network service=-, typical source-to-destination byte ratio. Suggested action: No action required.",True,True,True,1,1,1,1,1,True,True,0,0,0,1,0,False
40f,43,47187,Fuzzers,Fuzzers,False,"This flow was flagged as Fuzzers with 76.4% confidence. Main reasons: reduced average packet size, reduced mean packet size from source, reduced destination data load, typical source jitter, network service=-. Suggested action: Inspect the application for crash logs; consider input validation hardening.",True,True,True,4,4,4,1,1,True,True,1,1,1,1,1,False
40f,43,47246,Normal,Normal,False,"This flow was flagged as Normal with 55.0% confidence. Main reasons: reduced average packet size, reduced mean packet size from source, network service=-. Suggested action: No action required.",True,True,True,2,2,2,1,1,True,True,1,0,1,0,0,False
40f,43,47295,Normal,Normal,False,"This flow was flagged as Normal with 68.5% confidence. Main reasons: typical recent connections from this source to the same destination port, network service=-, typical source-to-destination byte ratio. Suggested action: No action required.",True,True,True,2,2,2,1,1,True,True,0,0,0,2,0,False
40f,43,47551,Unknown,Normal,True,"This flow was flagged as an unrecognized (potential zero-day) pattern with 47.6% confidence. Main reasons: typical bytes sent by the destination, typical source-to-destination byte ratio, typical response body len. Suggested action: Unrecognized pattern — escalate to a human analyst for manual review.",True,True,True,3,3,3,0,0,True,True,0,0,0,3,0,False
40f,43,47732,Unknown,Exploits,True,"This flow was flagged as an unrecognized (potential zero-day) pattern with 45.0% confidence. Main reasons: network service=http, typical source-to-destination byte ratio, unusually high ACK data time. Suggested action: Unrecognized pattern — escalate to a human analyst for manual review.",True,True,True,2,2,2,1,1,True,True,1,0,0,1,0,False
40f,43,47752,Unknown,Normal,True,"This flow was flagged as an unrecognized (potential zero-day) pattern with 35.5% confidence. Main reasons: typical source-to-destination byte ratio, typical bytes sent by the destination. Suggested action: Unrecognized pattern — escalate to a human analyst for manual review.",True,True,True,2,2,2,0,0,True,True,0,0,0,2,0,False
40f,43,47961,Fuzzers,Fuzzers,False,"This flow was flagged as Fuzzers with 63.8% confidence. Main reasons: typical bytes sent by the source, network service=-, reduced destination data load, elevated source-to-destination packet ratio. Suggested action: Inspect the application for crash logs; consider input validation hardening.",True,True,True,3,3,3,1,1,True,True,2,0,0,1,0,False
40f,43,47988,Unknown,Normal,True,"This flow was flagged as an unrecognized (potential zero-day) pattern with 50.2% confidence. Main reasons: network service=-, typical source-to-destination byte ratio, typical bytes sent by the source, elevated mean packet size from source. Suggested action: Unrecognized pattern — escalate to a human analyst for manual review.",True,True,True,3,3,3,1,1,True,True,0,1,0,2,1,False
40f,43,48506,Overlap-Group-1,Overlap-Group-1,False,"This flow was flagged as Overlap-Group-1 with 76.1% confidence. Main reasons: reduced average packet size, network service=http, typical response body len, typical dinpkt. Suggested action: Flagged as DoS, Backdoor, or Analysis-type behavior — this dataset's flow-level features can't reliably distinguish the three. Escalate for manual / packet-level inspection to determine the specific subtype.",True,True,True,3,3,3,1,1,True,True,0,1,0,2,1,False
40f,43,48707,Overlap-Group-1,Overlap-Group-1,False,"This flow was flagged as Overlap-Group-1 with 85.9% confidence. Main reasons: typical response body len, extremely high ct flw http mthd, network service=http, reduced average packet size, elevated ACK data time. Suggested action: Flagged as DoS, Backdoor, or Analysis-type behavior — this dataset's flow-level features can't reliably distinguish the three. Escalate for manual / packet-level inspection to determine the specific subtype.",True,True,True,4,4,4,1,1,True,True,1,2,0,1,2,False
40f,43,49806,Exploits,Exploits,False,"This flow was flagged as Exploits with 81.9% confidence. Main reasons: reduced mean packet size from source, elevated ACK data time, typical total bytes transferred, typical source data load, typical source-to-destination packet ratio. Suggested action: Isolate the target host and check for unpatched vulnerabilities.",True,True,True,5,5,5,0,0,True,True,1,1,0,3,1,False
40f,43,49901,Fuzzers,Fuzzers,False,"This flow was flagged as Fuzzers with 80.4% confidence. Main reasons: typical bytes sent by the destination, typical bytes sent by the source, typical total packets transferred. Suggested action: Inspect the application for crash logs; consider input validation hardening.",True,True,True,3,3,3,0,0,True,True,0,0,0,3,0,False
40f,43,50353,Unknown,Normal,True,"This flow was flagged as an unrecognized (potential zero-day) pattern with 48.3% confidence. Main reasons: reduced mean packet size from destination, network service=-, typical source-to-destination byte ratio. Suggested action: Unrecognized pattern — escalate to a human analyst for manual review.",True,True,True,2,2,2,1,1,True,True,0,0,1,1,0,False
40f,43,50911,Unknown,Fuzzers,True,"This flow was flagged as an unrecognized (potential zero-day) pattern with 49.7% confidence. Main reasons: reduced destination data load, network service=-, reduced average packet size, network protocol=udp. Suggested action: Unrecognized pattern — escalate to a human analyst for manual review.",True,True,True,2,2,2,2,2,True,True,1,0,1,0,0,False
40f,43,50956,Unknown,Normal,True,"This flow was flagged as an unrecognized (potential zero-day) pattern with 46.1% confidence. Main reasons: reduced average packet size, reduced ACK data time, typical total bytes transferred. Suggested action: Unrecognized pattern — escalate to a human analyst for manual review.",True,True,True,3,3,3,0,0,True,True,1,0,1,1,0,False
40f,43,51007,Unknown,Normal,True,"This flow was flagged as an unrecognized (potential zero-day) pattern with 34.5% confidence. Main reasons: network service=-, typical source-to-destination byte ratio. Suggested action: Unrecognized pattern — escalate to a human analyst for manual review.",True,True,True,1,1,1,1,1,True,True,0,0,0,1,0,False
40f,43,51092,Unknown,Fuzzers,True,"This flow was flagged as an unrecognized (potential zero-day) pattern with 41.8% confidence. Main reasons: network service=-, reduced destination data load, elevated source-to-destination packet ratio. Suggested action: Unrecognized pattern — escalate to a human analyst for manual review.",True,True,True,2,2,2,1,1,True,True,2,0,0,0,0,False
40f,43,51365,Unknown,Fuzzers,True,"This flow was flagged as an unrecognized (potential zero-day) pattern with 44.1% confidence. Main reasons: reduced destination data load, network service=-, typical source-to-destination byte ratio. Suggested action: Unrecognized pattern — escalate to a human analyst for manual review.",True,True,True,2,2,2,1,1,True,True,1,0,0,1,0,False
40f,43,51411,Normal,Normal,False,"This flow was flagged as Normal with 66.7% confidence. Main reasons: network service=-, typical recent connections from this source to the same destination port, typical source-to-destination byte ratio, typical bytes sent by the source. Suggested action: No action required.",True,True,True,3,3,3,1,1,True,True,0,0,0,3,0,False
40f,43,51637,Fuzzers,Fuzzers,False,"This flow was flagged as Fuzzers with 83.7% confidence. Main reasons: extremely high mean packet size from source, elevated destination jitter, unusually high dtcpb. Suggested action: Inspect the application for crash logs; consider input validation hardening.",True,True,True,3,3,3,0,0,True,True,2,1,0,0,1,False
40f,43,51983,Unknown,Normal,True,"This flow was flagged as an unrecognized (potential zero-day) pattern with 48.5% confidence. Main reasons: network service=-, unusually high source-to-destination byte ratio, extremely high SYN-ACK handshake time, network protocol=tcp. Suggested action: Unrecognized pattern — escalate to a human analyst for manual review.",True,True,True,2,2,2,2,2,True,True,1,1,0,0,1,False
40f,43,51986,Fuzzers,Fuzzers,False,"This flow was flagged as Fuzzers with 82.4% confidence. Main reasons: typical bytes sent by the destination, network service=-, reduced destination data load, typical bytes sent by the source. Suggested action: Inspect the application for crash logs; consider input validation hardening.",True,True,True,3,3,3,1,1,True,True,1,0,0,2,0,False
40f,43,52104,Normal,Normal,False,"This flow was flagged as Normal with 67.0% confidence. Main reasons: network service=-, typical source-to-destination byte ratio, typical mean packet size from source, typical bytes sent by the source. Suggested action: No action required.",True,True,True,3,3,3,1,1,True,True,0,0,0,3,0,False
40f,43,52574,Unknown,Exploits,True,"This flow was flagged as an unrecognized (potential zero-day) pattern with 39.4% confidence. Main reasons: network service=http, unusually high ACK data time, reduced packet rate. Suggested action: Unrecognized pattern — escalate to a human analyst for manual review.",True,True,True,2,2,2,1,1,True,True,2,0,0,0,0,False
40f,43,52755,Unknown,Exploits,True,"This flow was flagged as an unrecognized (potential zero-day) pattern with 40.6% confidence. Main reasons: network service=http, elevated ACK data time, typical mean packet size from destination. Suggested action: Unrecognized pattern — escalate to a human analyst for manual review.",True,True,True,2,2,2,1,1,True,True,1,0,0,1,0,False
40f,43,52761,Overlap-Group-1,Overlap-Group-1,False,"This flow was flagged as Overlap-Group-1 with 50.5% confidence. Main reasons: typical response body len, network service=http, reduced average packet size, typical flow duration. Suggested action: Flagged as DoS, Backdoor, or Analysis-type behavior — this dataset's flow-level features can't reliably distinguish the three. Escalate for manual / packet-level inspection to determine the specific subtype.",True,True,True,3,3,3,1,1,True,True,0,1,0,2,1,False
40f,43,52766,Unknown,Overlap-Group-1,True,"This flow was flagged as an unrecognized (potential zero-day) pattern with 50.1% confidence. Main reasons: network service=http, typical response body len, elevated TCP round-trip time, reduced average packet size. Suggested action: Unrecognized pattern — escalate to a human analyst for manual review.",True,True,True,3,3,3,1,1,True,True,0,2,0,1,2,False
40f,43,52774,Overlap-Group-1,Overlap-Group-1,False,"This flow was flagged as Overlap-Group-1 with 82.1% confidence. Main reasons: extremely high ct flw http mthd, typical response body len, network service=http, reduced average packet size, elevated ACK data time. Suggested action: Flagged as DoS, Backdoor, or Analysis-type behavior — this dataset's flow-level features can't reliably distinguish the three. Escalate for manual / packet-level inspection to determine the specific subtype.",True,True,True,4,4,4,1,1,True,True,1,2,0,1,2,False
40f,43,52846,Unknown,Overlap-Group-1,True,"This flow was flagged as an unrecognized (potential zero-day) pattern with 43.0% confidence. Main reasons: typical response body len, network service=http, reduced average packet size, typical bytes sent by the destination. Suggested action: Unrecognized pattern — escalate to a human analyst for manual review.",True,True,True,3,3,3,1,1,True,True,0,1,0,2,1,False
40f,43,53531,Overlap-Group-1,Overlap-Group-1,False,"This flow was flagged as Overlap-Group-1 with 64.2% confidence. Main reasons: network service=http, reduced average packet size, typical response body len, extremely high ct flw http mthd, typical ACK data time. Suggested action: Flagged as DoS, Backdoor, or Analysis-type behavior — this dataset's flow-level features can't reliably distinguish the three. Escalate for manual / packet-level inspection to determine the specific subtype.",True,True,True,4,4,4,1,1,True,True,0,2,0,2,2,False
40f,43,53532,Overlap-Group-1,Overlap-Group-1,False,"This flow was flagged as Overlap-Group-1 with 78.2% confidence. Main reasons: typical response body len, extremely high ct flw http mthd, network service=http, reduced average packet size. Suggested action: Flagged as DoS, Backdoor, or Analysis-type behavior — this dataset's flow-level features can't reliably distinguish the three. Escalate for manual / packet-level inspection to determine the specific subtype.",True,True,True,3,3,3,1,1,True,True,0,2,0,1,2,False
40f,43,54526,Normal,Normal,False,"This flow was flagged as Normal with 56.0% confidence. Main reasons: reduced average packet size, network service=-, typical source-to-destination byte ratio. Suggested action: No action required.",True,True,True,2,2,2,1,1,True,True,0,0,1,1,0,False
40f,43,54647,Exploits,Exploits,False,"This flow was flagged as Exploits with 90.7% confidence. Main reasons: typical source-to-destination byte ratio, typical SYN-ACK handshake time, typical total bytes transferred, typical ACK data time. Suggested action: Isolate the target host and check for unpatched vulnerabilities.",True,True,True,4,4,4,0,0,True,True,0,0,0,4,0,False
40f,43,54689,Unknown,Exploits,True,"This flow was flagged as an unrecognized (potential zero-day) pattern with 41.4% confidence. Main reasons: reduced average packet size, typical recent connections from this source to the same destination port, reduced destination data load. Suggested action: Unrecognized pattern — escalate to a human analyst for manual review.",True,True,True,3,3,3,0,0,True,True,1,1,0,1,1,False
40f,43,54740,Unknown,Overlap-Group-1,True,"This flow was flagged as an unrecognized (potential zero-day) pattern with 35.0% confidence. Main reasons: typical recent connections from this source to the same destination port, typical SYN-ACK handshake time, reduced average packet size, reduced destination data load. Suggested action: Unrecognized pattern — escalate to a human analyst for manual review.",True,True,True,4,4,4,0,0,True,True,1,1,0,2,1,False
40f,43,55276,Unknown,Fuzzers,True,"This flow was flagged as an unrecognized (potential zero-day) pattern with 44.4% confidence. Main reasons: network service=-, reduced destination data load, elevated mean packet size from source, typical bytes sent by the destination. Suggested action: Unrecognized pattern — escalate to a human analyst for manual review.",True,True,True,3,3,3,1,1,True,True,2,0,0,1,0,False
40f,43,55643,Unknown,Fuzzers,True,"This flow was flagged as an unrecognized (potential zero-day) pattern with 43.8% confidence. Main reasons: network service=-, reduced destination data load, typical total bytes transferred. Suggested action: Unrecognized pattern — escalate to a human analyst for manual review.",True,True,True,2,2,2,1,1,True,True,1,0,0,1,0,False
40f,43,55931,Unknown,Exploits,True,"This flow was flagged as an unrecognized (potential zero-day) pattern with 38.3% confidence. Main reasons: reduced average packet size, elevated ACK data time, typical total bytes transferred, typical recent connections from this source to the same destination port. Suggested action: Unrecognized pattern — escalate to a human analyst for manual review.",True,True,True,4,4,4,0,0,True,True,1,1,0,2,1,False
40f,43,55980,Unknown,Normal,True,"This flow was flagged as an unrecognized (potential zero-day) pattern with 47.4% confidence. Main reasons: network service=-, typical source-to-destination byte ratio, network protocol=tcp. Suggested action: Unrecognized pattern — escalate to a human analyst for manual review.",True,True,True,1,1,1,2,2,True,True,0,0,0,1,0,False
40f,43,56113,Fuzzers,Fuzzers,False,"This flow was flagged as Fuzzers with 68.1% confidence. Main reasons: reduced average packet size, reduced destination data load, elevated source jitter, network service=-. Suggested action: Inspect the application for crash logs; consider input validation hardening.",True,True,True,3,3,3,1,1,True,True,2,0,1,0,0,False
40f,44,83,Normal,Normal,False,"This flow was flagged as Normal with 99.6% confidence. Main reasons: reduced average packet size, connection state=REQ, reduced packet rate, reduced ACK data time, typical source data load. Suggested action: No action required.",True,True,True,4,4,4,1,1,True,True,1,2,0,1,2,False
40f,44,205,Unknown,Fuzzers,True,"This flow was flagged as an unrecognized (potential zero-day) pattern with 49.6% confidence. Main reasons: network service=-, typical bytes sent by the source, reduced destination data load, elevated source-to-destination packet ratio. Suggested action: Unrecognized pattern — escalate to a human analyst for manual review.",True,True,True,3,3,3,1,1,True,True,1,0,1,1,0,False
40f,44,460,Reconnaissance,Reconnaissance,False,"This flow was flagged as Reconnaissance with 99.2% confidence. Main reasons: reduced average packet size, typical source jitter, typical total bytes transferred. Suggested action: Flag source IP for monitoring; likely pre-attack scanning.",True,True,True,3,3,3,0,0,True,True,1,0,0,2,0,False
40f,44,563,Exploits,Exploits,False,"This flow was flagged as Exploits with 94.0% confidence. Main reasons: network service=smtp, typical bytes sent by the destination, reduced ACK data time, typical dloss, typical destination jitter. Suggested action: Isolate the target host and check for unpatched vulnerabilities.",True,True,True,4,4,4,1,1,True,True,0,1,0,3,1,False
40f,44,688,Unknown,Exploits,True,"This flow was flagged as an unrecognized (potential zero-day) pattern with 51.8% confidence. Main reasons: typical response body len, network service=http, typical mean packet size from destination. Suggested action: Unrecognized pattern — escalate to a human analyst for manual review.",True,True,True,2,2,2,1,1,True,True,0,0,0,2,0,False
40f,44,882,Unknown,Fuzzers,True,"This flow was flagged as an unrecognized (potential zero-day) pattern with 48.7% confidence. Main reasons: reduced destination data load, network service=-, typical bytes sent by the source, typical mean packet size from source. Suggested action: Unrecognized pattern — escalate to a human analyst for manual review.",True,True,True,3,3,3,1,1,True,True,1,0,0,2,0,False
40f,44,996,Reconnaissance,Reconnaissance,False,"This flow was flagged as Reconnaissance with 99.4% confidence. Main reasons: typical total bytes transferred, typical bytes sent by the source, reduced mean packet size from source, reduced average packet size, reduced mean packet size from destination. Suggested action: Flag source IP for monitoring; likely pre-attack scanning.",True,True,True,5,5,5,0,0,True,True,3,0,0,2,0,False
40f,44,1385,Reconnaissance,Reconnaissance,False,"This flow was flagged as Reconnaissance with 79.9% confidence. Main reasons: network service=http, typical total bytes transferred, reduced mean packet size from source, reduced average packet size. Suggested action: Flag source IP for monitoring; likely pre-attack scanning.",True,True,True,3,3,3,1,1,True,True,2,0,0,1,0,False
40f,44,1593,Overlap-Group-1,Overlap-Group-1,False,"This flow was flagged as Overlap-Group-1 with 59.4% confidence. Main reasons: network protocol=unas, typical bytes sent by the source, reduced average packet size, elevated recent connections to this destination from the same source port. Suggested action: Flagged as DoS, Backdoor, or Analysis-type behavior — this dataset's flow-level features can't reliably distinguish the three. Escalate for manual / packet-level inspection to determine the specific subtype.",True,True,True,3,3,3,1,1,True,True,1,1,0,1,1,False
40f,44,1599,Overlap-Group-1,Overlap-Group-1,False,"This flow was flagged as Overlap-Group-1 with 59.4% confidence. Main reasons: network protocol=unas, typical bytes sent by the source, reduced average packet size, elevated recent connections to this destination from the same source port. Suggested action: Flagged as DoS, Backdoor, or Analysis-type behavior — this dataset's flow-level features can't reliably distinguish the three. Escalate for manual / packet-level inspection to determine the specific subtype.",True,True,True,3,3,3,1,1,True,True,1,1,0,1,1,False
40f,44,1772,Unknown,Fuzzers,True,"This flow was flagged as an unrecognized (potential zero-day) pattern with 51.6% confidence. Main reasons: network service=-, reduced destination data load, unusually high recent connections from this source to the same destination port, unusually high mean packet size from source, typical bytes sent by the source. Suggested action: Unrecognized pattern — escalate to a human analyst for manual review.",True,True,True,4,4,4,1,1,True,True,3,0,0,1,0,False
40f,44,1799,Reconnaissance,Reconnaissance,False,"This flow was flagged as Reconnaissance with 62.6% confidence. Main reasons: network service=http, typical total bytes transferred, reduced mean packet size from source, reduced mean packet size from destination, reduced average packet size. Suggested action: Flag source IP for monitoring; likely pre-attack scanning.",True,True,True,4,4,4,1,1,True,True,3,0,0,1,0,False
40f,44,1834,Overlap-Group-1,Overlap-Group-1,False,"This flow was flagged as Overlap-Group-1 with 56.7% confidence. Main reasons: network protocol=pvp, typical bytes sent by the source, typical recent connections from this source to the same destination port, typical source data load. Suggested action: Flagged as DoS, Backdoor, or Analysis-type behavior — this dataset's flow-level features can't reliably distinguish the three. Escalate for manual / packet-level inspection to determine the specific subtype.",True,True,True,3,3,3,1,1,True,True,0,0,0,3,0,False
40f,44,1836,Unknown,Fuzzers,True,"This flow was flagged as an unrecognized (potential zero-day) pattern with 41.6% confidence. Main reasons: typical bytes sent by the source, network service=-, reduced destination data load. Suggested action: Unrecognized pattern — escalate to a human analyst for manual review.",True,True,True,2,2,2,1,1,True,True,1,0,0,1,0,False
40f,44,1842,Overlap-Group-1,Overlap-Group-1,False,"This flow was flagged as Overlap-Group-1 with 58.8% confidence. Main reasons: network protocol=sctp, typical bytes sent by the source, reduced average packet size, typical mean packet size from source. Suggested action: Flagged as DoS, Backdoor, or Analysis-type behavior — this dataset's flow-level features can't reliably distinguish the three. Escalate for manual / packet-level inspection to determine the specific subtype.",True,True,True,3,3,3,1,1,True,True,0,1,0,2,1,False
40f,44,1855,Overlap-Group-1,Overlap-Group-1,False,"This flow was flagged as Overlap-Group-1 with 56.6% confidence. Main reasons: network protocol=unas, typical bytes sent by the source, reduced average packet size, typical mean packet size from source. Suggested action: Flagged as DoS, Backdoor, or Analysis-type behavior — this dataset's flow-level features can't reliably distinguish the three. Escalate for manual / packet-level inspection to determine the specific subtype.",True,True,True,3,3,3,1,1,True,True,0,1,0,2,1,False
40f,44,1867,Overlap-Group-1,Overlap-Group-1,False,"This flow was flagged as Overlap-Group-1 with 56.7% confidence. Main reasons: network protocol=unas, typical bytes sent by the source, reduced average packet size, typical recent connections to this destination from the same source port. Suggested action: Flagged as DoS, Backdoor, or Analysis-type behavior — this dataset's flow-level features can't reliably distinguish the three. Escalate for manual / packet-level inspection to determine the specific subtype.",True,True,True,3,3,3,1,1,True,True,0,1,0,2,1,False
40f,44,1904,Reconnaissance,Reconnaissance,False,"This flow was flagged as Reconnaissance with 89.1% confidence. Main reasons: network service=snmp, typical total bytes transferred, reduced average packet size, typical recent connections from this source to the same destination port. Suggested action: Flag source IP for monitoring; likely pre-attack scanning.",True,True,True,3,3,3,1,1,True,True,1,0,0,2,0,False
40f,44,1997,Exploits,Exploits,False,"This flow was flagged as Exploits with 95.1% confidence. Main reasons: network service=ftp-data, reduced mean packet size from source, typical bytes sent by the source, reduced mean packet size from destination. Suggested action: Isolate the target host and check for unpatched vulnerabilities.",True,True,True,3,3,3,1,1,True,True,0,2,0,1,2,False
40f,44,2076,Overlap-Group-1,Overlap-Group-1,False,"This flow was flagged as Overlap-Group-1 with 59.7% confidence. Main reasons: network protocol=snp, typical bytes sent by the source, typical recent connections from this source to the same destination port, unusually high source data load. Suggested action: Flagged as DoS, Backdoor, or Analysis-type behavior — this dataset's flow-level features can't reliably distinguish the three. Escalate for manual / packet-level inspection to determine the specific subtype.",True,True,True,3,3,3,1,1,True,True,0,1,0,2,1,False
40f,44,2188,Overlap-Group-1,Overlap-Group-1,False,"This flow was flagged as Overlap-Group-1 with 55.8% confidence. Main reasons: network protocol=pipe, typical bytes sent by the source, reduced average packet size, typical mean packet size from source. Suggested action: Flagged as DoS, Backdoor, or Analysis-type behavior — this dataset's flow-level features can't reliably distinguish the three. Escalate for manual / packet-level inspection to determine the specific subtype.",True,True,True,3,3,3,1,1,True,True,0,1,0,2,1,False
40f,44,2366,Exploits,Exploits,False,"This flow was flagged as Exploits with 88.5% confidence. Main reasons: network service=http, elevated ACK data time, extremely high mean packet size from destination, typical bytes sent by the destination. Suggested action: Isolate the target host and check for unpatched vulnerabilities.",True,True,True,3,3,3,1,1,True,True,2,0,0,1,0,False
40f,44,2663,Unknown,Normal,True,"This flow was flagged as an unrecognized (potential zero-day) pattern with 34.9% confidence. Main reasons: network service=-, typical bytes sent by the source. Suggested action: Unrecognized pattern — escalate to a human analyst for manual review.",True,True,True,1,1,1,1,1,True,True,0,0,0,1,0,False
40f,44,2870,Exploits,Exploits,False,"This flow was flagged as Exploits with 97.3% confidence. Main reasons: network service=smtp, unusually high mean packet size from source, typical bytes sent by the destination, unusually high ACK data time. Suggested action: Isolate the target host and check for unpatched vulnerabilities.",True,True,True,3,3,3,1,1,True,True,2,0,0,1,0,False
40f,44,3022,Reconnaissance,Reconnaissance,False,"This flow was flagged as Reconnaissance with 99.9% confidence. Main reasons: reduced average packet size, typical source jitter, typical total bytes transferred, reduced mean packet size from source, typical bytes sent by the source. Suggested action: Flag source IP for monitoring; likely pre-attack scanning.",True,True,True,5,5,5,0,0,True,True,2,0,0,3,0,False
40f,44,3084,Overlap-Group-1,Overlap-Group-1,False,"This flow was flagged as Overlap-Group-1 with 80.8% confidence. Main reasons: typical bytes sent by the source, typical recent connections from this source to the same destination port, unusually high source data load, typical total bytes transferred. Suggested action: Flagged as DoS, Backdoor, or Analysis-type behavior — this dataset's flow-level features can't reliably distinguish the three. Escalate for manual / packet-level inspection to determine the specific subtype.",True,True,True,4,4,4,0,0,True,True,0,1,0,3,1,False
40f,44,3503,Exploits,Exploits,False,"This flow was flagged as Exploits with 89.6% confidence. Main reasons: network service=pop3, typical bytes sent by the destination, typical ACK data time, typical mean packet size from destination, reduced mean packet size from source. Suggested action: Isolate the target host and check for unpatched vulnerabilities.",True,True,True,4,4,4,1,1,True,True,0,1,0,3,1,False
40f,44,3517,Exploits,Exploits,False,"This flow was flagged as Exploits with 62.9% confidence. Main reasons: network service=http, typical source-to-destination byte ratio, typical mean packet size from destination, typical ACK data time. Suggested action: Isolate the target host and check for unpatched vulnerabilities.",True,True,True,3,3,3,1,1,True,True,0,0,0,3,0,False
40f,44,3587,Reconnaissance,Reconnaissance,False,"This flow was flagged as Reconnaissance with 99.9% confidence. Main reasons: reduced average packet size, typical source jitter, typical total bytes transferred, typical bytes sent by the source, typical source-to-destination byte ratio. Suggested action: Flag source IP for monitoring; likely pre-attack scanning.",True,True,True,5,5,5,0,0,True,True,1,0,0,4,0,False
40f,44,3613,Overlap-Group-1,Overlap-Group-1,False,"This flow was flagged as Overlap-Group-1 with 57.3% confidence. Main reasons: network protocol=vmtp, typical bytes sent by the source, typical recent connections from this source to the same destination port, typical mean packet size from source. Suggested action: Flagged as DoS, Backdoor, or Analysis-type behavior — this dataset's flow-level features can't reliably distinguish the three. Escalate for manual / packet-level inspection to determine the specific subtype.",True,True,True,3,3,3,1,1,True,True,0,0,0,3,0,False
40f,44,3617,Reconnaissance,Reconnaissance,False,"This flow was flagged as Reconnaissance with 99.3% confidence. Main reasons: typical total bytes transferred, typical bytes sent by the source, reduced mean packet size from source, reduced average packet size, reduced mean packet size from destination. Suggested action: Flag source IP for monitoring; likely pre-attack scanning.",True,True,True,5,5,5,0,0,True,True,3,0,0,2,0,False
40f,44,3715,Reconnaissance,Reconnaissance,False,"This flow was flagged as Reconnaissance with 98.9% confidence. Main reasons: typical source jitter, reduced average packet size, typical total bytes transferred, unusually high dtcpb. Suggested action: Flag source IP for monitoring; likely pre-attack scanning.",True,True,True,4,4,4,0,0,True,True,2,0,0,2,0,False
40f,44,4025,Overlap-Group-1,Overlap-Group-1,False,"This flow was flagged as Overlap-Group-1 with 63.7% confidence. Main reasons: network protocol=sctp, elevated source-to-destination packet ratio, typical recent connections from this source to the same destination port, typical total packets transferred, reduced packet rate. Suggested action: Flagged as DoS, Backdoor, or Analysis-type behavior — this dataset's flow-level features can't reliably distinguish the three. Escalate for manual / packet-level inspection to determine the specific subtype.",True,True,True,4,4,4,1,1,True,True,2,0,0,2,0,False
40f,44,4040,Reconnaissance,Reconnaissance,False,"This flow was flagged as Reconnaissance with 99.9% confidence. Main reasons: reduced average packet size, typical source jitter, typical total bytes transferred, reduced mean packet size from source, typical bytes sent by the source. Suggested action: Flag source IP for monitoring; likely pre-attack scanning.",True,True,True,5,5,5,0,0,True,True,2,0,0,3,0,False
40f,44,4073,Overlap-Group-1,Overlap-Group-1,False,"This flow was flagged as Overlap-Group-1 with 77.4% confidence. Main reasons: network protocol=ospf, typical bytes sent by the destination, reduced mean packet size from source, typical recent connections from this source to the same destination port, reduced packet rate. Suggested action: Flagged as DoS, Backdoor, or Analysis-type behavior — this dataset's flow-level features can't reliably distinguish the three. Escalate for manual / packet-level inspection to determine the specific subtype.",True,True,True,4,4,4,1,1,True,True,2,0,0,2,0,False
40f,44,4262,Unknown,Normal,True,"This flow was flagged as an unrecognized (potential zero-day) pattern with 35.6% confidence. Main reasons: network service=-, typical bytes sent by the source. Suggested action: Unrecognized pattern — escalate to a human analyst for manual review.",True,True,True,1,1,1,1,1,True,True,0,0,0,1,0,False
40f,44,4779,Reconnaissance,Reconnaissance,False,"This flow was flagged as Reconnaissance with 99.9% confidence. Main reasons: reduced average packet size, typical source jitter, typical total bytes transferred, reduced mean packet size from source, elevated SYN-ACK handshake time. Suggested action: Flag source IP for monitoring; likely pre-attack scanning.",True,True,True,5,5,5,0,0,True,True,2,1,0,2,1,False
40f,44,4926,Exploits,Exploits,False,"This flow was flagged as Exploits with 90.0% confidence. Main reasons: typical recent connections from this source to the same destination port, unusually high mean packet size from source, typical ACK data time, typical bytes sent by the destination. Suggested action: Isolate the target host and check for unpatched vulnerabilities.",True,True,True,4,4,4,0,0,True,True,1,0,0,3,0,False
40f,44,5071,Reconnaissance,Reconnaissance,False,"This flow was flagged as Reconnaissance with 99.3% confidence. Main reasons: typical total bytes transferred, typical bytes sent by the source, reduced mean packet size from source, reduced average packet size, reduced mean packet size from destination. Suggested action: Flag source IP for monitoring; likely pre-attack scanning.",True,True,True,5,5,5,0,0,True,True,3,0,0,2,0,False
40f,44,5661,Reconnaissance,Reconnaissance,False,"This flow was flagged as Reconnaissance with 99.9% confidence. Main reasons: reduced average packet size, typical source jitter, typical total bytes transferred, typical bytes sent by the source, reduced mean packet size from source. Suggested action: Flag source IP for monitoring; likely pre-attack scanning.",True,True,True,5,5,5,0,0,True,True,2,0,0,3,0,False
40f,44,5917,Exploits,Exploits,False,"This flow was flagged as Exploits with 54.5% confidence. Main reasons: network service=http, typical mean packet size from destination, unusually high dtcpb. Suggested action: Isolate the target host and check for unpatched vulnerabilities.",True,True,True,2,2,2,1,1,True,True,1,0,0,1,0,False
40f,44,6383,Exploits,Exploits,False,"This flow was flagged as Exploits with 94.1% confidence. Main reasons: network service=smtp, extremely high mean packet size from source, typical bytes sent by the destination, typical ACK data time, reduced SYN-ACK handshake time. Suggested action: Isolate the target host and check for unpatched vulnerabilities.",True,True,True,4,4,4,1,1,True,True,1,1,0,2,1,False
40f,44,6425,Overlap-Group-1,Overlap-Group-1,False,"This flow was flagged as Overlap-Group-1 with 92.1% confidence. Main reasons: extremely high sloss, unusually high bytes sent by the source, elevated average packet size. Suggested action: Flagged as DoS, Backdoor, or Analysis-type behavior — this dataset's flow-level features can't reliably distinguish the three. Escalate for manual / packet-level inspection to determine the specific subtype.",True,True,True,3,3,3,0,0,True,True,1,2,0,0,2,False
40f,44,6459,Unknown,Overlap-Group-1,True,"This flow was flagged as an unrecognized (potential zero-day) pattern with 50.8% confidence. Main reasons: extremely high sloss, unusually high bytes sent by the source. Suggested action: Unrecognized pattern — escalate to a human analyst for manual review.",True,True,True,2,2,2,0,0,True,True,0,2,0,0,2,False
40f,44,6718,Exploits,Exploits,False,"This flow was flagged as Exploits with 84.6% confidence. Main reasons: network service=http, typical ACK data time, typical bytes sent by the destination, elevated mean packet size from destination, typical bytes sent by the source. Suggested action: Isolate the target host and check for unpatched vulnerabilities.",True,True,True,4,4,4,1,1,True,True,1,0,0,3,0,False
40f,44,6723,Exploits,Exploits,False,"This flow was flagged as Exploits with 82.5% confidence. Main reasons: unusually high mean packet size from source, typical SYN-ACK handshake time, elevated ACK data time, typical recent connections from this source to the same destination port. Suggested action: Isolate the target host and check for unpatched vulnerabilities.",True,True,True,4,4,4,0,0,True,True,2,0,0,2,0,False
40f,44,6731,Reconnaissance,Reconnaissance,False,"This flow was flagged as Reconnaissance with 97.2% confidence. Main reasons: reduced average packet size, elevated source jitter, typical total bytes transferred, elevated SYN-ACK handshake time. Suggested action: Flag source IP for monitoring; likely pre-attack scanning.",True,True,True,4,4,4,0,0,True,True,2,1,0,1,1,False
40f,44,6757,Exploits,Exploits,False,"This flow was flagged as Exploits with 73.5% confidence. Main reasons: network service=http, typical ACK data time, typical bytes sent by the destination, typical bytes sent by the source, elevated mean packet size from destination. Suggested action: Isolate the target host and check for unpatched vulnerabilities.",True,True,True,4,4,4,1,1,True,True,1,0,0,3,0,False
40f,44,6829,Exploits,Exploits,False,"This flow was flagged as Exploits with 64.1% confidence. Main reasons: network service=http, elevated ACK data time, typical total bytes transferred, reduced average packet size. Suggested action: Isolate the target host and check for unpatched vulnerabilities.",True,True,True,3,3,3,1,1,True,True,1,1,0,1,1,False
40f,44,7130,Generic,Generic,False,"This flow was flagged as Generic with 100.0% confidence. Main reasons: typical total bytes transferred, typical bytes sent by the source, extremely high recent connections to this destination from the same source port, network service=dns. Suggested action: Review firewall rules for this flow's protocol/service combination.",True,True,True,3,3,3,1,1,True,True,1,0,0,2,0,False
40f,44,7283,Generic,Generic,False,"This flow was flagged as Generic with 100.0% confidence. Main reasons: typical total bytes transferred, extremely high recent connections to this destination from the same source port, typical bytes sent by the source, network service=dns. Suggested action: Review firewall rules for this flow's protocol/service combination.",True,True,True,3,3,3,1,1,True,True,1,0,0,2,0,False
40f,44,7525,Generic,Generic,False,"This flow was flagged as Generic with 100.0% confidence. Main reasons: typical total bytes transferred, typical bytes sent by the source, network service=dns, reduced average packet size. Suggested action: Review firewall rules for this flow's protocol/service combination.",True,True,True,3,3,3,1,1,True,True,0,0,1,2,0,False
40f,44,7584,Generic,Generic,False,"This flow was flagged as Generic with 100.0% confidence. Main reasons: typical total bytes transferred, typical bytes sent by the source, extremely high recent connections to this destination from the same source port, network service=dns. Suggested action: Review firewall rules for this flow's protocol/service combination.",True,True,True,3,3,3,1,1,True,True,1,0,0,2,0,False
40f,44,7589,Generic,Generic,False,"This flow was flagged as Generic with 100.0% confidence. Main reasons: typical total bytes transferred, typical bytes sent by the source, network service=dns, reduced average packet size. Suggested action: Review firewall rules for this flow's protocol/service combination.",True,True,True,3,3,3,1,1,True,True,0,0,1,2,0,False
40f,44,7715,Generic,Generic,False,"This flow was flagged as Generic with 100.0% confidence. Main reasons: typical total bytes transferred, extremely high recent connections to this destination from the same source port, typical bytes sent by the source, network service=dns. Suggested action: Review firewall rules for this flow's protocol/service combination.",True,True,True,3,3,3,1,1,True,True,1,0,0,2,0,False
40f,44,7730,Generic,Generic,False,"This flow was flagged as Generic with 100.0% confidence. Main reasons: typical total bytes transferred, extremely high recent connections to this destination from the same source port, typical bytes sent by the source, network service=dns. Suggested action: Review firewall rules for this flow's protocol/service combination.",True,True,True,3,3,3,1,1,True,True,1,0,0,2,0,False
40f,44,7865,Generic,Generic,False,"This flow was flagged as Generic with 100.0% confidence. Main reasons: typical total bytes transferred, typical bytes sent by the source, network service=dns, reduced average packet size. Suggested action: Review firewall rules for this flow's protocol/service combination.",True,True,True,3,3,3,1,1,True,True,0,0,1,2,0,False
40f,44,7876,Generic,Generic,False,"This flow was flagged as Generic with 100.0% confidence. Main reasons: typical total bytes transferred, extremely high recent connections to this destination from the same source port, typical bytes sent by the source, network service=dns. Suggested action: Review firewall rules for this flow's protocol/service combination.",True,True,True,3,3,3,1,1,True,True,1,0,0,2,0,False
40f,44,7934,Generic,Generic,False,"This flow was flagged as Generic with 100.0% confidence. Main reasons: typical total bytes transferred, extremely high recent connections to this destination from the same source port, typical bytes sent by the source, network service=dns. Suggested action: Review firewall rules for this flow's protocol/service combination.",True,True,True,3,3,3,1,1,True,True,1,0,0,2,0,False
40f,44,7988,Generic,Generic,False,"This flow was flagged as Generic with 100.0% confidence. Main reasons: typical total bytes transferred, typical bytes sent by the source, network service=dns, reduced average packet size. Suggested action: Review firewall rules for this flow's protocol/service combination.",True,True,True,3,3,3,1,1,True,True,0,0,1,2,0,False
40f,44,8049,Generic,Generic,False,"This flow was flagged as Generic with 100.0% confidence. Main reasons: typical total bytes transferred, typical bytes sent by the source, unusually high recent connections to this destination from the same source port, network service=dns. Suggested action: Review firewall rules for this flow's protocol/service combination.",True,True,True,3,3,3,1,1,True,True,1,0,0,2,0,False
40f,44,8178,Generic,Generic,False,"This flow was flagged as Generic with 100.0% confidence. Main reasons: typical total bytes transferred, extremely high recent connections to this destination from the same source port, typical bytes sent by the source, network service=dns. Suggested action: Review firewall rules for this flow's protocol/service combination.",True,True,True,3,3,3,1,1,True,True,1,0,0,2,0,False
40f,44,8191,Generic,Generic,False,"This flow was flagged as Generic with 99.9% confidence. Main reasons: typical total bytes transferred, typical bytes sent by the source, network service=dns, reduced average packet size. Suggested action: Review firewall rules for this flow's protocol/service combination.",True,True,True,3,3,3,1,1,True,True,0,0,1,2,0,False
40f,44,9213,Normal,Normal,False,"This flow was flagged as Normal with 100.0% confidence. Main reasons: typical destination data load, reduced ACK data time, reduced mean packet size from destination, connection state=CON. Suggested action: No action required.",True,True,True,3,3,3,1,1,True,True,2,0,0,1,0,False
40f,44,9380,Normal,Normal,False,"This flow was flagged as Normal with 100.0% confidence. Main reasons: typical destination data load, reduced ACK data time, connection state=CON, reduced mean packet size from destination, typical source-to-destination byte ratio. Suggested action: No action required.",True,True,True,4,4,4,1,1,True,True,2,0,0,2,0,False
40f,44,9498,Normal,Normal,False,"This flow was flagged as Normal with 99.9% confidence. Main reasons: reduced ACK data time, reduced TCP round-trip time, typical number of packets sent by the destination, typical bytes sent by the destination, reduced SYN-ACK handshake time. Suggested action: No action required.",True,True,True,5,5,5,0,0,True,True,2,0,1,2,0,False
40f,44,10658,Normal,Normal,False,"This flow was flagged as Normal with 100.0% confidence. Main reasons: typical destination data load, reduced ACK data time, reduced mean packet size from destination, connection state=CON. Suggested action: No action required.",True,True,True,3,3,3,1,1,True,True,2,0,0,1,0,False
40f,44,11904,Normal,Normal,False,"This flow was flagged as Normal with 99.9% confidence. Main reasons: reduced ACK data time, elevated recent connections from this source to the same destination port, typical bytes sent by the source, typical dloss. Suggested action: No action required.",True,True,True,4,4,4,0,0,True,True,2,0,0,2,0,False
40f,44,12020,Normal,Normal,False,"This flow was flagged as Normal with 99.9% confidence. Main reasons: typical destination data load, reduced ACK data time, reduced mean packet size from destination, connection state=CON. Suggested action: No action required.",True,True,True,3,3,3,1,1,True,True,2,0,0,1,0,False
40f,44,13006,Normal,Normal,False,"This flow was flagged as Normal with 100.0% confidence. Main reasons: typical destination data load, reduced ACK data time, reduced mean packet size from destination, connection state=CON. Suggested action: No action required.",True,True,True,3,3,3,1,1,True,True,2,0,0,1,0,False
40f,44,13670,Normal,Normal,False,"This flow was flagged as Normal with 100.0% confidence. Main reasons: typical destination data load, reduced ACK data time, unusually high recent connections from this source to the same destination port, reduced TCP round-trip time, typical bytes sent by the source. Suggested action: No action required.",True,True,True,5,5,5,0,0,True,True,3,0,0,2,0,False
40f,44,13790,Normal,Normal,False,"This flow was flagged as Normal with 100.0% confidence. Main reasons: extremely high destination data load, reduced ACK data time, elevated number of packets sent by the destination, reduced TCP round-trip time, unusually high recent connections from this source to the same destination port. Suggested action: No action required.",True,True,True,5,5,5,0,0,True,True,5,0,0,0,0,False
40f,44,14239,Normal,Normal,False,"This flow was flagged as Normal with 100.0% confidence. Main reasons: reduced ACK data time, reduced destination data load, reduced TCP round-trip time, typical bytes sent by the destination, reduced SYN-ACK handshake time. Suggested action: No action required.",True,True,True,5,5,5,0,0,True,True,2,1,1,1,1,False
40f,44,14782,Normal,Normal,False,"This flow was flagged as Normal with 100.0% confidence. Main reasons: typical destination data load, reduced ACK data time, reduced mean packet size from destination, connection state=CON. Suggested action: No action required.",True,True,True,3,3,3,1,1,True,True,2,0,0,1,0,False
40f,44,16418,Normal,Normal,False,"This flow was flagged as Normal with 100.0% confidence. Main reasons: elevated destination data load, reduced ACK data time, reduced TCP round-trip time, typical number of packets sent by the destination, typical total packets transferred. Suggested action: No action required.",True,True,True,5,5,5,0,0,True,True,3,0,0,2,0,False
40f,44,19544,Normal,Normal,False,"This flow was flagged as Normal with 100.0% confidence. Main reasons: extremely high destination data load, reduced ACK data time, reduced TCP round-trip time, typical number of packets sent by the destination, network protocol=tcp. Suggested action: No action required.",True,True,True,4,4,4,1,1,True,True,3,0,0,1,0,False
40f,44,21440,Normal,Normal,False,"This flow was flagged as Normal with 100.0% confidence. Main reasons: typical destination data load, reduced ACK data time, reduced mean packet size from destination, connection state=CON. Suggested action: No action required.",True,True,True,3,3,3,1,1,True,True,2,0,0,1,0,False
40f,44,22847,Normal,Normal,False,"This flow was flagged as Normal with 100.0% confidence. Main reasons: extremely high destination data load, reduced ACK data time, reduced TCP round-trip time, typical number of packets sent by the destination, network protocol=tcp. Suggested action: No action required.",True,True,True,4,4,4,1,1,True,True,3,0,0,1,0,False
40f,44,22960,Normal,Normal,False,"This flow was flagged as Normal with 100.0% confidence. Main reasons: typical destination data load, reduced ACK data time, typical dloss, reduced TCP round-trip time, typical number of packets sent by the destination. Suggested action: No action required.",True,True,True,5,5,5,0,0,True,True,2,0,0,3,0,False
40f,44,23704,Unknown,Overlap-Group-1,True,"This flow was flagged as an unrecognized (potential zero-day) pattern with 42.1% confidence. Main reasons: unusually high source-to-destination packet ratio, typical bytes sent by the source, unusually high dtcpb, connection state=CON. Suggested action: Unrecognized pattern — escalate to a human analyst for manual review.",True,True,True,3,3,3,1,1,True,True,1,1,0,1,1,False
40f,44,24586,Normal,Normal,False,"This flow was flagged as Normal with 100.0% confidence. Main reasons: reduced ACK data time, reduced destination data load, reduced TCP round-trip time, typical bytes sent by the destination, elevated dloss. Suggested action: No action required.",True,True,True,5,5,5,0,0,True,True,3,1,0,1,1,False
40f,44,24744,Normal,Normal,False,"This flow was flagged as Normal with 99.9% confidence. Main reasons: reduced ACK data time, reduced destination data load, reduced TCP round-trip time, elevated dloss, elevated number of packets sent by the destination. Suggested action: No action required.",True,True,True,5,5,5,0,0,True,True,4,1,0,0,1,False
40f,44,25206,Normal,Normal,False,"This flow was flagged as Normal with 99.5% confidence. Main reasons: connection state=REQ, reduced average packet size, reduced ACK data time, elevated swin. Suggested action: No action required.",True,True,True,3,3,3,1,1,True,True,2,1,0,0,1,False
40f,44,26562,Unknown,Normal,True,This flow was flagged as an unrecognized (potential zero-day) pattern with 39.4% confidence. Main reasons: network service=-. Suggested action: Unrecognized pattern — escalate to a human analyst for manual review.,True,True,True,0,0,0,1,1,True,True,0,0,0,0,0,False
40f,44,27172,Unknown,Overlap-Group-1,True,"This flow was flagged as an unrecognized (potential zero-day) pattern with 47.2% confidence. Main reasons: typical response body len, reduced average packet size, network service=http, typical source-to-destination byte ratio. Suggested action: Unrecognized pattern — escalate to a human analyst for manual review.",True,True,True,3,3,3,1,1,True,True,0,1,0,2,1,False
40f,44,27311,Unknown,Normal,True,"This flow was flagged as an unrecognized (potential zero-day) pattern with 47.3% confidence. Main reasons: typical source-to-destination byte ratio, typical bytes sent by the destination, typical response body len. Suggested action: Unrecognized pattern — escalate to a human analyst for manual review.",True,True,True,3,3,3,0,0,True,True,0,0,0,3,0,False
40f,44,27946,Fuzzers,Fuzzers,False,"This flow was flagged as Fuzzers with 72.9% confidence. Main reasons: reduced mean packet size from source, network service=-, reduced destination data load, elevated recent connections from this source to the same destination port. Suggested action: Inspect the application for crash logs; consider input validation hardening.",True,True,True,3,3,3,1,1,True,True,2,1,0,0,1,False
40f,44,28308,Exploits,Exploits,False,"This flow was flagged as Exploits with 93.3% confidence. Main reasons: network service=http, elevated ACK data time, typical bytes sent by the destination, elevated mean packet size from destination, elevated destination jitter. Suggested action: Isolate the target host and check for unpatched vulnerabilities.",True,True,True,4,4,4,1,1,True,True,3,0,0,1,0,False
40f,44,28801,Unknown,Overlap-Group-1,True,"This flow was flagged as an unrecognized (potential zero-day) pattern with 48.1% confidence. Main reasons: typical response body len, network service=http, reduced average packet size, typical bytes sent by the destination. Suggested action: Unrecognized pattern — escalate to a human analyst for manual review.",True,True,True,3,3,3,1,1,True,True,0,1,0,2,1,False
40f,44,29117,Fuzzers,Fuzzers,False,"This flow was flagged as Fuzzers with 71.8% confidence. Main reasons: typical bytes sent by the source, typical recent connections from this source to the same destination port, reduced destination data load, extremely high source jitter. Suggested action: Inspect the application for crash logs; consider input validation hardening.",True,True,True,4,4,4,0,0,True,True,2,0,0,2,0,False
40f,44,29118,Generic,Generic,False,"This flow was flagged as Generic with 96.3% confidence. Main reasons: network service=ssl, extremely high average packet size, extremely high mean packet size from destination, reduced source-to-destination packet ratio. Suggested action: Review firewall rules for this flow's protocol/service combination.",True,True,True,3,3,3,1,1,True,True,2,0,1,0,0,False
40f,44,29585,Fuzzers,Fuzzers,False,"This flow was flagged as Fuzzers with 66.3% confidence. Main reasons: typical bytes sent by the source, network service=-, reduced destination data load, unusually high SYN-ACK handshake time. Suggested action: Inspect the application for crash logs; consider input validation hardening.",True,True,True,3,3,3,1,1,True,True,2,0,0,1,0,False
40f,44,29753,Reconnaissance,Reconnaissance,False,"This flow was flagged as Reconnaissance with 88.6% confidence. Main reasons: network service=snmp, typical total bytes transferred, reduced average packet size, typical recent connections from this source to the same destination port. Suggested action: Flag source IP for monitoring; likely pre-attack scanning.",True,True,True,3,3,3,1,1,True,True,1,0,0,2,0,False
40f,44,29906,Fuzzers,Fuzzers,False,"This flow was flagged as Fuzzers with 86.2% confidence. Main reasons: extremely high mean packet size from source, typical bytes sent by the source, network service=-, typical recent connections from this source to the same destination port, reduced destination data load. Suggested action: Inspect the application for crash logs; consider input validation hardening.",True,True,True,4,4,4,1,1,True,True,2,0,0,2,0,False
40f,44,29975,Reconnaissance,Reconnaissance,False,"This flow was flagged as Reconnaissance with 98.4% confidence. Main reasons: typical total bytes transferred, typical bytes sent by the source, reduced mean packet size from source, reduced average packet size, reduced mean packet size from destination. Suggested action: Flag source IP for monitoring; likely pre-attack scanning.",True,True,True,5,5,5,0,0,True,True,3,0,0,2,0,False
40f,44,30204,Fuzzers,Fuzzers,False,"This flow was flagged as Fuzzers with 56.1% confidence. Main reasons: reduced average packet size, typical recent connections from this source to the same destination port, elevated source-to-destination packet ratio, unusually high SYN-ACK handshake time. Suggested action: Inspect the application for crash logs; consider input validation hardening.",True,True,True,4,4,4,0,0,True,True,2,0,1,1,0,False
40f,44,30227,Exploits,Exploits,False,"This flow was flagged as Exploits with 69.6% confidence. Main reasons: network service=http, typical ACK data time, typical bytes sent by the source, typical mean packet size from destination. Suggested action: Isolate the target host and check for unpatched vulnerabilities.",True,True,True,3,3,3,1,1,True,True,0,0,0,3,0,False
40f,44,31374,Unknown,Fuzzers,True,"This flow was flagged as an unrecognized (potential zero-day) pattern with 48.1% confidence. Main reasons: network service=-, typical bytes sent by the source, reduced destination data load, typical source jitter. Suggested action: Unrecognized pattern — escalate to a human analyst for manual review.",True,True,True,3,3,3,1,1,True,True,1,0,0,2,0,False
40f,44,31512,Reconnaissance,Reconnaissance,False,"This flow was flagged as Reconnaissance with 65.6% confidence. Main reasons: network service=http, typical total bytes transferred, typical source jitter, reduced mean packet size from source. Suggested action: Flag source IP for monitoring; likely pre-attack scanning.",True,True,True,3,3,3,1,1,True,True,1,0,0,2,0,False
40f,44,31610,Overlap-Group-1,Overlap-Group-1,False,"This flow was flagged as Overlap-Group-1 with 59.4% confidence. Main reasons: network protocol=ospf, reduced mean packet size from source, typical recent connections to this destination from the same source port. Suggested action: Flagged as DoS, Backdoor, or Analysis-type behavior — this dataset's flow-level features can't reliably distinguish the three. Escalate for manual / packet-level inspection to determine the specific subtype.",True,True,True,2,2,2,1,1,True,True,1,0,0,1,0,False
40f,44,31839,Exploits,Exploits,False,"This flow was flagged as Exploits with 95.7% confidence. Main reasons: extremely high mean packet size from destination, reduced mean packet size from source, elevated ACK data time, elevated destination jitter. Suggested action: Isolate the target host and check for unpatched vulnerabilities.",True,True,True,4,4,4,0,0,True,True,3,1,0,0,1,False
40f,44,32104,Reconnaissance,Reconnaissance,False,"This flow was flagged as Reconnaissance with 99.9% confidence. Main reasons: reduced average packet size, typical source jitter, typical total bytes transferred, reduced mean packet size from source. Suggested action: Flag source IP for monitoring; likely pre-attack scanning.",True,True,True,4,4,4,0,0,True,True,2,0,0,2,0,False
40f,44,32130,Overlap-Group-1,Overlap-Group-1,False,"This flow was flagged as Overlap-Group-1 with 64.1% confidence. Main reasons: network protocol=tcf, typical bytes sent by the source, reduced average packet size, unusually high recent connections to this destination from the same source port. Suggested action: Flagged as DoS, Backdoor, or Analysis-type behavior — this dataset's flow-level features can't reliably distinguish the three. Escalate for manual / packet-level inspection to determine the specific subtype.",True,True,True,3,3,3,1,1,True,True,1,1,0,1,1,False
40f,44,32412,Unknown,Overlap-Group-1,True,"This flow was flagged as an unrecognized (potential zero-day) pattern with 48.2% confidence. Main reasons: typical recent connections from this source to the same destination port, typical SYN-ACK handshake time, reduced mean packet size from destination. Suggested action: Unrecognized pattern — escalate to a human analyst for manual review.",True,True,True,3,3,3,0,0,True,True,0,0,1,2,0,False
40f,44,32867,Reconnaissance,Reconnaissance,False,"This flow was flagged as Reconnaissance with 99.7% confidence. Main reasons: reduced average packet size, typical source jitter, typical total bytes transferred, reduced mean packet size from source. Suggested action: Flag source IP for monitoring; likely pre-attack scanning.",True,True,True,4,4,4,0,0,True,True,2,0,0,2,0,False
40f,44,33089,Exploits,Exploits,False,"This flow was flagged as Exploits with 80.9% confidence. Main reasons: unusually high mean packet size from destination, unusually high mean packet size from source, typical total bytes transferred, unusually high average packet size. Suggested action: Isolate the target host and check for unpatched vulnerabilities.",True,True,True,4,4,4,0,0,True,True,3,0,0,1,0,False
40f,44,33139,Exploits,Exploits,False,"This flow was flagged as Exploits with 91.9% confidence. Main reasons: network service=ftp, reduced mean packet size from source, reduced mean packet size from destination, typical source data load. Suggested action: Isolate the target host and check for unpatched vulnerabilities.",True,True,True,3,3,3,1,1,True,True,0,2,0,1,2,False
40f,44,33294,Generic,Generic,False,"This flow was flagged as Generic with 100.0% confidence. Main reasons: typical total bytes transferred, typical bytes sent by the source, network service=dns, reduced average packet size. Suggested action: Review firewall rules for this flow's protocol/service combination.",True,True,True,3,3,3,1,1,True,True,0,0,1,2,0,False
40f,44,33369,Fuzzers,Fuzzers,False,"This flow was flagged as Fuzzers with 70.1% confidence. Main reasons: reduced mean packet size from source, network service=-, reduced destination data load, reduced average packet size. Suggested action: Inspect the application for crash logs; consider input validation hardening.",True,True,True,3,3,3,1,1,True,True,2,1,0,0,1,False
40f,44,33581,Exploits,Exploits,False,"This flow was flagged as Exploits with 77.9% confidence. Main reasons: typical recent connections from this source to the same destination port, elevated average packet size, unusually high mean packet size from source, elevated source-to-destination byte ratio. Suggested action: Isolate the target host and check for unpatched vulnerabilities.",True,True,True,4,4,4,0,0,True,True,2,1,0,1,1,False
40f,44,33896,Reconnaissance,Reconnaissance,False,"This flow was flagged as Reconnaissance with 69.3% confidence. Main reasons: network service=http, typical total bytes transferred, reduced mean packet size from source, reduced average packet size, reduced mean packet size from destination. Suggested action: Flag source IP for monitoring; likely pre-attack scanning.",True,True,True,4,4,4,1,1,True,True,3,0,0,1,0,False
40f,44,34128,Fuzzers,Fuzzers,False,"This flow was flagged as Fuzzers with 60.7% confidence. Main reasons: elevated recent connections from this source to the same destination port, typical bytes sent by the source, typical number of packets sent by the destination. Suggested action: Inspect the application for crash logs; consider input validation hardening.",True,True,True,3,3,3,0,0,True,True,1,0,0,2,0,False
40f,44,34130,Fuzzers,Fuzzers,False,"This flow was flagged as Fuzzers with 69.4% confidence. Main reasons: typical bytes sent by the source, typical bytes sent by the destination, network service=-, reduced average packet size. Suggested action: Inspect the application for crash logs; consider input validation hardening.",True,True,True,3,3,3,1,1,True,True,1,0,0,2,0,False
40f,44,34411,Overlap-Group-1,Overlap-Group-1,False,"This flow was flagged as Overlap-Group-1 with 55.4% confidence. Main reasons: network protocol=unas, typical bytes sent by the source, reduced average packet size, typical recent connections to this destination from the same source port. Suggested action: Flagged as DoS, Backdoor, or Analysis-type behavior — this dataset's flow-level features can't reliably distinguish the three. Escalate for manual / packet-level inspection to determine the specific subtype.",True,True,True,3,3,3,1,1,True,True,0,1,0,2,1,False
40f,44,34574,Unknown,Fuzzers,True,"This flow was flagged as an unrecognized (potential zero-day) pattern with 51.8% confidence. Main reasons: network service=-, reduced destination data load, reduced average packet size, typical bytes sent by the source, elevated source-to-destination packet ratio. Suggested action: Unrecognized pattern — escalate to a human analyst for manual review.",True,True,True,4,4,4,1,1,True,True,2,0,1,1,0,False
40f,44,34845,Overlap-Group-1,Overlap-Group-1,False,"This flow was flagged as Overlap-Group-1 with 60.2% confidence. Main reasons: network protocol=unas, typical bytes sent by the source, reduced average packet size, unusually high recent connections to this destination from the same source port. Suggested action: Flagged as DoS, Backdoor, or Analysis-type behavior — this dataset's flow-level features can't reliably distinguish the three. Escalate for manual / packet-level inspection to determine the specific subtype.",True,True,True,3,3,3,1,1,True,True,1,1,0,1,1,False
40f,44,34863,Fuzzers,Fuzzers,False,"This flow was flagged as Fuzzers with 98.7% confidence. Main reasons: reduced destination data load, typical bytes sent by the source, typical bytes sent by the destination, network service=-. Suggested action: Inspect the application for crash logs; consider input validation hardening.",True,True,True,3,3,3,1,1,True,True,1,0,0,2,0,False
40f,44,34922,Generic,Generic,False,"This flow was flagged as Generic with 100.0% confidence. Main reasons: typical total bytes transferred, typical bytes sent by the source, network service=dns, reduced average packet size, unusually high recent connections to this destination from the same source port. Suggested action: Review firewall rules for this flow's protocol/service combination.",True,True,True,4,4,4,1,1,True,True,1,0,1,2,0,False
40f,44,35144,Generic,Generic,False,"This flow was flagged as Generic with 100.0% confidence. Main reasons: typical total bytes transferred, typical bytes sent by the source, network service=dns, reduced average packet size. Suggested action: Review firewall rules for this flow's protocol/service combination.",True,True,True,3,3,3,1,1,True,True,0,0,1,2,0,False
40f,44,35250,Generic,Generic,False,"This flow was flagged as Generic with 99.5% confidence. Main reasons: typical total bytes transferred, typical bytes sent by the source, network service=dns, reduced average packet size. Suggested action: Review firewall rules for this flow's protocol/service combination.",True,True,True,3,3,3,1,1,True,True,0,0,1,2,0,False
40f,44,35308,Exploits,Exploits,False,"This flow was flagged as Exploits with 95.3% confidence. Main reasons: network service=http, typical bytes sent by the destination, elevated ACK data time, elevated mean packet size from destination, typical bytes sent by the source. Suggested action: Isolate the target host and check for unpatched vulnerabilities.",True,True,True,4,4,4,1,1,True,True,2,0,0,2,0,False
40f,44,35350,Overlap-Group-1,Overlap-Group-1,False,"This flow was flagged as Overlap-Group-1 with 59.1% confidence. Main reasons: network protocol=ipv6, typical bytes sent by the source, reduced average packet size, unusually high recent connections to this destination from the same source port. Suggested action: Flagged as DoS, Backdoor, or Analysis-type behavior — this dataset's flow-level features can't reliably distinguish the three. Escalate for manual / packet-level inspection to determine the specific subtype.",True,True,True,3,3,3,1,1,True,True,1,1,0,1,1,False
40f,44,35357,Overlap-Group-1,Overlap-Group-1,False,"This flow was flagged as Overlap-Group-1 with 53.0% confidence. Main reasons: network protocol=il, typical bytes sent by the source, reduced average packet size. Suggested action: Flagged as DoS, Backdoor, or Analysis-type behavior — this dataset's flow-level features can't reliably distinguish the three. Escalate for manual / packet-level inspection to determine the specific subtype.",True,True,True,2,2,2,1,1,True,True,0,1,0,1,1,False
40f,44,35473,Generic,Generic,False,"This flow was flagged as Generic with 100.0% confidence. Main reasons: typical total bytes transferred, typical bytes sent by the source, network service=dns, elevated recent connections to this destination from the same source port, reduced average packet size. Suggested action: Review firewall rules for this flow's protocol/service combination.",True,True,True,4,4,4,1,1,True,True,1,0,1,2,0,False
40f,44,35702,Reconnaissance,Reconnaissance,False,"This flow was flagged as Reconnaissance with 78.1% confidence. Main reasons: network service=http, typical total bytes transferred, reduced mean packet size from source, reduced average packet size, reduced mean packet size from destination. Suggested action: Flag source IP for monitoring; likely pre-attack scanning.",True,True,True,4,4,4,1,1,True,True,3,0,0,1,0,False
40f,44,35793,Overlap-Group-1,Overlap-Group-1,False,"This flow was flagged as Overlap-Group-1 with 57.0% confidence. Main reasons: network protocol=sctp, extremely high source-to-destination packet ratio, typical recent connections to this destination from the same source port. Suggested action: Flagged as DoS, Backdoor, or Analysis-type behavior — this dataset's flow-level features can't reliably distinguish the three. Escalate for manual / packet-level inspection to determine the specific subtype.",True,True,True,2,2,2,1,1,True,True,1,0,0,1,0,False
40f,44,35952,Overlap-Group-1,Overlap-Group-1,False,"This flow was flagged as Overlap-Group-1 with 70.4% confidence. Main reasons: reduced mean packet size from source, typical response body len, reduced average packet size, network service=http, typical destination jitter. Suggested action: Flagged as DoS, Backdoor, or Analysis-type behavior — this dataset's flow-level features can't reliably distinguish the three. Escalate for manual / packet-level inspection to determine the specific subtype.",True,True,True,4,4,4,1,1,True,True,1,1,0,2,1,False
40f,44,35967,Fuzzers,Fuzzers,False,"This flow was flagged as Fuzzers with 81.2% confidence. Main reasons: typical mean packet size from source, network service=-, reduced destination data load, typical recent connections from this source to the same destination port, typical total bytes transferred. Suggested action: Inspect the application for crash logs; consider input validation hardening.",True,True,True,4,4,4,1,1,True,True,1,0,0,3,0,False
40f,44,36076,Unknown,Fuzzers,True,"This flow was flagged as an unrecognized (potential zero-day) pattern with 44.8% confidence. Main reasons: reduced destination data load, network service=-, typical bytes sent by the source. Suggested action: Unrecognized pattern — escalate to a human analyst for manual review.",True,True,True,2,2,2,1,1,True,True,1,0,0,1,0,False
40f,44,36512,Generic,Generic,False,"This flow was flagged as Generic with 99.8% confidence. Main reasons: typical total bytes transferred, typical bytes sent by the source, network service=dns, reduced average packet size. Suggested action: Review firewall rules for this flow's protocol/service combination.",True,True,True,3,3,3,1,1,True,True,0,0,1,2,0,False
40f,44,36514,Unknown,Fuzzers,True,"This flow was flagged as an unrecognized (potential zero-day) pattern with 46.9% confidence. Main reasons: network service=-, reduced destination data load, typical bytes sent by the source. Suggested action: Unrecognized pattern — escalate to a human analyst for manual review.",True,True,True,2,2,2,1,1,True,True,1,0,0,1,0,False
40f,44,36753,Overlap-Group-1,Overlap-Group-1,False,"This flow was flagged as Overlap-Group-1 with 60.2% confidence. Main reasons: network protocol=unas, typical bytes sent by the source, reduced average packet size, unusually high recent connections to this destination from the same source port. Suggested action: Flagged as DoS, Backdoor, or Analysis-type behavior — this dataset's flow-level features can't reliably distinguish the three. Escalate for manual / packet-level inspection to determine the specific subtype.",True,True,True,3,3,3,1,1,True,True,1,1,0,1,1,False
40f,44,36812,Reconnaissance,Reconnaissance,False,"This flow was flagged as Reconnaissance with 99.8% confidence. Main reasons: reduced average packet size, typical source jitter, typical total bytes transferred, typical source-to-destination byte ratio, reduced mean packet size from source. Suggested action: Flag source IP for monitoring; likely pre-attack scanning.",True,True,True,5,5,5,0,0,True,True,2,0,0,3,0,False
40f,44,36974,Generic,Generic,False,"This flow was flagged as Generic with 100.0% confidence. Main reasons: typical total bytes transferred, typical bytes sent by the source, network service=dns, reduced average packet size. Suggested action: Review firewall rules for this flow's protocol/service combination.",True,True,True,3,3,3,1,1,True,True,0,0,1,2,0,False
40f,44,37183,Generic,Generic,False,"This flow was flagged as Generic with 100.0% confidence. Main reasons: typical total bytes transferred, typical bytes sent by the source, network service=dns, reduced average packet size. Suggested action: Review firewall rules for this flow's protocol/service combination.",True,True,True,3,3,3,1,1,True,True,0,0,1,2,0,False
40f,44,37263,Unknown,Overlap-Group-1,True,"This flow was flagged as an unrecognized (potential zero-day) pattern with 35.6% confidence. Main reasons: network protocol=nvp, typical bytes sent by the source, reduced average packet size. Suggested action: Unrecognized pattern — escalate to a human analyst for manual review.",True,True,True,2,2,2,1,1,True,True,0,1,0,1,1,False
40f,44,37637,Fuzzers,Fuzzers,False,"This flow was flagged as Fuzzers with 96.9% confidence. Main reasons: typical bytes sent by the destination, typical bytes sent by the source, network service=-, elevated mean packet size from source. Suggested action: Inspect the application for crash logs; consider input validation hardening.",True,True,True,3,3,3,1,1,True,True,1,0,0,2,0,False
40f,44,37950,Exploits,Exploits,False,"This flow was flagged as Exploits with 93.0% confidence. Main reasons: extremely high mean packet size from source, typical dloss, elevated ACK data time, typical bytes sent by the destination. Suggested action: Isolate the target host and check for unpatched vulnerabilities.",True,True,True,4,4,4,0,0,True,True,2,0,0,2,0,False
40f,44,38371,Reconnaissance,Reconnaissance,False,"This flow was flagged as Reconnaissance with 99.4% confidence. Main reasons: reduced average packet size, typical source jitter, typical total bytes transferred, reduced mean packet size from source. Suggested action: Flag source IP for monitoring; likely pre-attack scanning.",True,True,True,4,4,4,0,0,True,True,2,0,0,2,0,False
40f,44,38560,Overlap-Group-1,Overlap-Group-1,False,"This flow was flagged as Overlap-Group-1 with 59.8% confidence. Main reasons: network protocol=unas, typical bytes sent by the source, reduced average packet size, unusually high recent connections to this destination from the same source port. Suggested action: Flagged as DoS, Backdoor, or Analysis-type behavior — this dataset's flow-level features can't reliably distinguish the three. Escalate for manual / packet-level inspection to determine the specific subtype.",True,True,True,3,3,3,1,1,True,True,1,1,0,1,1,False
40f,44,38731,Reconnaissance,Reconnaissance,False,"This flow was flagged as Reconnaissance with 98.6% confidence. Main reasons: reduced average packet size, typical source jitter, typical total bytes transferred. Suggested action: Flag source IP for monitoring; likely pre-attack scanning.",True,True,True,3,3,3,0,0,True,True,1,0,0,2,0,False
40f,44,38750,Exploits,Exploits,False,"This flow was flagged as Exploits with 95.9% confidence. Main reasons: typical SYN-ACK handshake time, elevated ACK data time, typical recent connections from this source to the same destination port, typical source-to-destination byte ratio. Suggested action: Isolate the target host and check for unpatched vulnerabilities.",True,True,True,4,4,4,0,0,True,True,1,0,0,3,0,False
40f,44,39069,Generic,Generic,False,"This flow was flagged as Generic with 99.9% confidence. Main reasons: typical total bytes transferred, typical bytes sent by the source, network service=dns, reduced average packet size. Suggested action: Review firewall rules for this flow's protocol/service combination.",True,True,True,3,3,3,1,1,True,True,0,0,1,2,0,False
40f,44,39347,Unknown,Overlap-Group-1,True,"This flow was flagged as an unrecognized (potential zero-day) pattern with 50.6% confidence. Main reasons: unusually high source-to-destination packet ratio, typical total bytes transferred, typical recent connections from this source to the same destination port. Suggested action: Unrecognized pattern — escalate to a human analyst for manual review.",True,True,True,3,3,3,0,0,True,True,1,0,0,2,0,False
40f,44,39428,Normal,Normal,False,"This flow was flagged as Normal with 68.6% confidence. Main reasons: reduced average packet size, typical destination jitter, reduced mean packet size from source, network service=-. Suggested action: No action required.",True,True,True,3,3,3,1,1,True,True,1,1,0,1,1,False
40f,44,39487,Reconnaissance,Reconnaissance,False,"This flow was flagged as Reconnaissance with 93.7% confidence. Main reasons: typical total bytes transferred, reduced mean packet size from source, typical bytes sent by the source, reduced average packet size, reduced mean packet size from destination. Suggested action: Flag source IP for monitoring; likely pre-attack scanning.",True,True,True,5,5,5,0,0,True,True,3,0,0,2,0,False
40f,44,39950,Generic,Generic,False,"This flow was flagged as Generic with 99.8% confidence. Main reasons: typical total bytes transferred, typical bytes sent by the source, network service=dns, reduced average packet size. Suggested action: Review firewall rules for this flow's protocol/service combination.",True,True,True,3,3,3,1,1,True,True,0,0,1,2,0,False
40f,44,39984,Fuzzers,Fuzzers,False,"This flow was flagged as Fuzzers with 87.7% confidence. Main reasons: typical bytes sent by the destination, network service=-, typical bytes sent by the source, reduced destination data load. Suggested action: Inspect the application for crash logs; consider input validation hardening.",True,True,True,3,3,3,1,1,True,True,1,0,0,2,0,False
40f,44,40830,Unknown,Fuzzers,True,"This flow was flagged as an unrecognized (potential zero-day) pattern with 51.3% confidence. Main reasons: typical bytes sent by the source, network service=-, reduced destination data load, elevated source-to-destination packet ratio. Suggested action: Unrecognized pattern — escalate to a human analyst for manual review.",True,True,True,3,3,3,1,1,True,True,1,0,1,1,0,False
40f,44,41060,Unknown,Fuzzers,True,"This flow was flagged as an unrecognized (potential zero-day) pattern with 43.3% confidence. Main reasons: reduced destination data load, network service=-, network protocol=udp. Suggested action: Unrecognized pattern — escalate to a human analyst for manual review.",True,True,True,1,1,1,2,2,True,True,1,0,0,0,0,False
40f,44,41068,Unknown,Fuzzers,True,"This flow was flagged as an unrecognized (potential zero-day) pattern with 49.0% confidence. Main reasons: reduced destination data load, network service=-, network protocol=udp, reduced mean packet size from source. Suggested action: Unrecognized pattern — escalate to a human analyst for manual review.",True,True,True,2,2,2,2,2,True,True,1,1,0,0,1,False
40f,44,41285,Fuzzers,Fuzzers,False,"This flow was flagged as Fuzzers with 72.5% confidence. Main reasons: reduced mean packet size from source, network service=-, reduced destination data load, reduced average packet size. Suggested action: Inspect the application for crash logs; consider input validation hardening.",True,True,True,3,3,3,1,1,True,True,2,1,0,0,1,False
40f,44,41347,Unknown,Fuzzers,True,"This flow was flagged as an unrecognized (potential zero-day) pattern with 51.1% confidence. Main reasons: reduced average packet size, unusually high SYN-ACK handshake time, elevated source-to-destination packet ratio, reduced destination data load. Suggested action: Unrecognized pattern — escalate to a human analyst for manual review.",True,True,True,4,4,4,0,0,True,True,3,0,1,0,0,False
40f,44,41565,Fuzzers,Fuzzers,False,"This flow was flagged as Fuzzers with 66.1% confidence. Main reasons: typical bytes sent by the destination, typical bytes sent by the source, reduced destination data load. Suggested action: Inspect the application for crash logs; consider input validation hardening.",True,True,True,3,3,3,0,0,True,True,1,0,0,2,0,False
40f,44,42662,Unknown,Normal,True,"This flow was flagged as an unrecognized (potential zero-day) pattern with 47.9% confidence. Main reasons: network service=-, typical bytes sent by the source, typical source jitter. Suggested action: Unrecognized pattern — escalate to a human analyst for manual review.",True,True,True,2,2,2,1,1,True,True,0,0,0,2,0,False
40f,44,42712,Unknown,Generic,True,"This flow was flagged as an unrecognized (potential zero-day) pattern with 50.8% confidence. Main reasons: unusually high mean packet size from source, typical bytes sent by the source, typical recent connections from this source to the same destination port, reduced source-to-destination byte ratio. Suggested action: Unrecognized pattern — escalate to a human analyst for manual review.",True,True,True,4,4,4,0,0,True,True,2,0,0,2,0,False
40f,44,42726,Unknown,Overlap-Group-1,True,"This flow was flagged as an unrecognized (potential zero-day) pattern with 51.3% confidence. Main reasons: typical response body len, reduced average packet size, network service=http, typical bytes sent by the destination, typical source-to-destination byte ratio. Suggested action: Unrecognized pattern — escalate to a human analyst for manual review.",True,True,True,4,4,4,1,1,True,True,0,1,0,3,1,False
40f,44,44803,Unknown,Fuzzers,True,"This flow was flagged as an unrecognized (potential zero-day) pattern with 43.3% confidence. Main reasons: reduced destination data load, network service=-, typical bytes sent by the source, typical mean packet size from source. Suggested action: Unrecognized pattern — escalate to a human analyst for manual review.",True,True,True,3,3,3,1,1,True,True,1,0,0,2,0,False
40f,44,44815,Unknown,Normal,True,"This flow was flagged as an unrecognized (potential zero-day) pattern with 48.5% confidence. Main reasons: typical source-to-destination byte ratio, elevated source-to-destination packet ratio, network service=-, typical source jitter. Suggested action: Unrecognized pattern — escalate to a human analyst for manual review.",True,True,True,3,3,3,1,1,True,True,0,1,0,2,1,False
40f,44,45035,Normal,Normal,False,"This flow was flagged as Normal with 59.4% confidence. Main reasons: reduced average packet size, network service=-, reduced mean packet size from source. Suggested action: No action required.",True,True,True,2,2,2,1,1,True,True,1,1,0,0,1,False
40f,44,45236,Unknown,Fuzzers,True,"This flow was flagged as an unrecognized (potential zero-day) pattern with 49.5% confidence. Main reasons: reduced average packet size, reduced destination data load, reduced mean packet size from source. Suggested action: Unrecognized pattern — escalate to a human analyst for manual review.",True,True,True,3,3,3,0,0,True,True,2,1,0,0,1,False
40f,44,45389,Fuzzers,Fuzzers,False,"This flow was flagged as Fuzzers with 67.6% confidence. Main reasons: network service=-, reduced destination data load, typical recent connections from this source to the same destination port, typical bytes sent by the source. Suggested action: Inspect the application for crash logs; consider input validation hardening.",True,True,True,3,3,3,1,1,True,True,1,0,0,2,0,False
40f,44,45443,Normal,Normal,False,"This flow was flagged as Normal with 64.3% confidence. Main reasons: typical bytes sent by the destination, network service=-, reduced mean packet size from destination, typical dloss. Suggested action: No action required.",True,True,True,3,3,3,1,1,True,True,1,0,0,2,0,False
40f,44,45800,Unknown,Fuzzers,True,"This flow was flagged as an unrecognized (potential zero-day) pattern with 43.2% confidence. Main reasons: reduced destination data load, reduced average packet size, unusually high SYN-ACK handshake time. Suggested action: Unrecognized pattern — escalate to a human analyst for manual review.",True,True,True,3,3,3,0,0,True,True,3,0,0,0,0,False
40f,44,46777,Fuzzers,Fuzzers,False,"This flow was flagged as Fuzzers with 72.4% confidence. Main reasons: typical bytes sent by the destination, reduced average packet size, typical total packets transferred, reduced destination data load. Suggested action: Inspect the application for crash logs; consider input validation hardening.",True,True,True,4,4,4,0,0,True,True,2,0,0,2,0,False
40f,44,46784,Unknown,Fuzzers,True,"This flow was flagged as an unrecognized (potential zero-day) pattern with 48.8% confidence. Main reasons: network service=-, typical source jitter, reduced destination data load, typical bytes sent by the source. Suggested action: Unrecognized pattern — escalate to a human analyst for manual review.",True,True,True,3,3,3,1,1,True,True,1,0,0,2,0,False
40f,44,47283,Fuzzers,Fuzzers,False,"This flow was flagged as Fuzzers with 87.9% confidence. Main reasons: reduced destination data load, reduced average packet size, extremely high source jitter, typical recent connections from this source to the same destination port, typical bytes sent by the source. Suggested action: Inspect the application for crash logs; consider input validation hardening.",True,True,True,5,5,5,0,0,True,True,3,0,0,2,0,False
40f,44,47584,Unknown,Exploits,True,"This flow was flagged as an unrecognized (potential zero-day) pattern with 35.9% confidence. Main reasons: elevated ACK data time, network service=http, typical mean packet size from destination. Suggested action: Unrecognized pattern — escalate to a human analyst for manual review.",True,True,True,2,2,2,1,1,True,True,1,0,0,1,0,False
40f,44,47742,Unknown,Overlap-Group-1,True,"This flow was flagged as an unrecognized (potential zero-day) pattern with 38.6% confidence. Main reasons: typical response body len, reduced average packet size, network service=http, typical source-to-destination byte ratio, typical bytes sent by the destination. Suggested action: Unrecognized pattern — escalate to a human analyst for manual review.",True,True,True,4,4,4,1,1,True,True,0,1,0,3,1,False
40f,44,47848,Unknown,Exploits,True,"This flow was flagged as an unrecognized (potential zero-day) pattern with 37.1% confidence. Main reasons: typical mean packet size from destination, elevated ACK data time, network service=http. Suggested action: Unrecognized pattern — escalate to a human analyst for manual review.",True,True,True,2,2,2,1,1,True,True,1,0,0,1,0,False
40f,44,47864,Overlap-Group-1,Overlap-Group-1,False,"This flow was flagged as Overlap-Group-1 with 53.8% confidence. Main reasons: typical response body len, network service=http, reduced average packet size, typical source-to-destination byte ratio. Suggested action: Flagged as DoS, Backdoor, or Analysis-type behavior — this dataset's flow-level features can't reliably distinguish the three. Escalate for manual / packet-level inspection to determine the specific subtype.",True,True,True,3,3,3,1,1,True,True,0,1,0,2,1,False
40f,44,47892,Unknown,Normal,True,"This flow was flagged as an unrecognized (potential zero-day) pattern with 51.0% confidence. Main reasons: typical source-to-destination byte ratio, typical bytes sent by the destination, reduced average packet size, typical response body len. Suggested action: Unrecognized pattern — escalate to a human analyst for manual review.",True,True,True,4,4,4,0,0,True,True,0,1,0,3,1,False
40f,44,47921,Unknown,Fuzzers,True,"This flow was flagged as an unrecognized (potential zero-day) pattern with 50.1% confidence. Main reasons: network service=-, reduced destination data load, typical bytes sent by the source. Suggested action: Unrecognized pattern — escalate to a human analyst for manual review.",True,True,True,2,2,2,1,1,True,True,1,0,0,1,0,False
40f,44,48009,Fuzzers,Fuzzers,False,"This flow was flagged as Fuzzers with 63.4% confidence. Main reasons: reduced average packet size, typical source jitter, reduced destination data load, reduced mean packet size from source, network service=-. Suggested action: Inspect the application for crash logs; consider input validation hardening.",True,True,True,4,4,4,1,1,True,True,2,1,0,1,1,False
40f,44,48657,Unknown,Overlap-Group-1,True,"This flow was flagged as an unrecognized (potential zero-day) pattern with 40.4% confidence. Main reasons: typical response body len, reduced average packet size, network service=http, typical source-to-destination byte ratio. Suggested action: Unrecognized pattern — escalate to a human analyst for manual review.",True,True,True,3,3,3,1,1,True,True,0,1,0,2,1,False
40f,44,49578,Unknown,Normal,True,"This flow was flagged as an unrecognized (potential zero-day) pattern with 51.9% confidence. Main reasons: reduced average packet size, reduced mean packet size from source, network service=-. Suggested action: Unrecognized pattern — escalate to a human analyst for manual review.",True,True,True,2,2,2,1,1,True,True,1,1,0,0,1,False
40f,44,49735,Exploits,Exploits,False,"This flow was flagged as Exploits with 63.8% confidence. Main reasons: typical ACK data time, typical source data load, typical total bytes transferred. Suggested action: Isolate the target host and check for unpatched vulnerabilities.",True,True,True,3,3,3,0,0,True,True,0,0,0,3,0,False
40f,44,50070,Fuzzers,Fuzzers,False,"This flow was flagged as Fuzzers with 74.3% confidence. Main reasons: reduced average packet size, reduced mean packet size from source, reduced destination data load, network service=-. Suggested action: Inspect the application for crash logs; consider input validation hardening.",True,True,True,3,3,3,1,1,True,True,2,1,0,0,1,False
40f,44,50219,Fuzzers,Fuzzers,False,"This flow was flagged as Fuzzers with 70.0% confidence. Main reasons: reduced average packet size, typical source jitter, reduced destination data load, reduced mean packet size from source, network service=-. Suggested action: Inspect the application for crash logs; consider input validation hardening.",True,True,True,4,4,4,1,1,True,True,2,1,0,1,1,False
40f,44,50826,Unknown,Fuzzers,True,"This flow was flagged as an unrecognized (potential zero-day) pattern with 47.5% confidence. Main reasons: reduced average packet size, reduced destination data load, network service=-, typical bytes sent by the source. Suggested action: Unrecognized pattern — escalate to a human analyst for manual review.",True,True,True,3,3,3,1,1,True,True,2,0,0,1,0,False
40f,44,50920,Unknown,Normal,True,"This flow was flagged as an unrecognized (potential zero-day) pattern with 49.8% confidence. Main reasons: reduced average packet size, typical recent connections from this source to the same destination port, reduced ACK data time, network service=-. Suggested action: Unrecognized pattern — escalate to a human analyst for manual review.",True,True,True,3,3,3,1,1,True,True,1,1,0,1,1,False
40f,44,51014,Unknown,Exploits,True,"This flow was flagged as an unrecognized (potential zero-day) pattern with 50.6% confidence. Main reasons: reduced average packet size, typical recent connections from this source to the same destination port, elevated ACK data time, typical total bytes transferred. Suggested action: Unrecognized pattern — escalate to a human analyst for manual review.",True,True,True,4,4,4,0,0,True,True,1,1,0,2,1,False
40f,44,51317,Unknown,Fuzzers,True,"This flow was flagged as an unrecognized (potential zero-day) pattern with 46.8% confidence. Main reasons: typical bytes sent by the source, network service=-, reduced destination data load, unusually high SYN-ACK handshake time. Suggested action: Unrecognized pattern — escalate to a human analyst for manual review.",True,True,True,3,3,3,1,1,True,True,2,0,0,1,0,False
40f,44,51545,Fuzzers,Fuzzers,False,"This flow was flagged as Fuzzers with 81.4% confidence. Main reasons: network service=-, reduced destination data load, typical bytes sent by the source, unusually high mean packet size from source, extremely high source data load. Suggested action: Inspect the application for crash logs; consider input validation hardening.",True,True,True,4,4,4,1,1,True,True,2,0,1,1,0,False
40f,44,51552,Unknown,Exploits,True,"This flow was flagged as an unrecognized (potential zero-day) pattern with 41.1% confidence. Main reasons: typical total bytes transferred, reduced average packet size, typical bytes sent by the source. Suggested action: Unrecognized pattern — escalate to a human analyst for manual review.",True,True,True,3,3,3,0,0,True,True,0,1,0,2,1,False
40f,44,51590,Fuzzers,Fuzzers,False,"This flow was flagged as Fuzzers with 71.6% confidence. Main reasons: reduced mean packet size from source, network service=-, reduced destination data load, reduced average packet size. Suggested action: Inspect the application for crash logs; consider input validation hardening.",True,True,True,3,3,3,1,1,True,True,2,1,0,0,1,False
40f,44,52060,Unknown,Normal,True,"This flow was flagged as an unrecognized (potential zero-day) pattern with 44.5% confidence. Main reasons: network service=-, typical bytes sent by the source. Suggested action: Unrecognized pattern — escalate to a human analyst for manual review.",True,True,True,1,1,1,1,1,True,True,0,0,0,1,0,False
40f,44,53144,Normal,Normal,False,"This flow was flagged as Normal with 99.5% confidence. Main reasons: connection state=REQ, reduced average packet size, reduced ACK data time, elevated swin. Suggested action: No action required.",True,True,True,3,3,3,1,1,True,True,2,1,0,0,1,False
40f,44,53257,Normal,Normal,False,"This flow was flagged as Normal with 99.4% confidence. Main reasons: connection state=REQ, reduced average packet size, reduced ACK data time, network protocol=tcp. Suggested action: No action required.",True,True,True,2,2,2,2,2,True,True,1,1,0,0,1,False
40f,44,53509,Unknown,Overlap-Group-1,True,"This flow was flagged as an unrecognized (potential zero-day) pattern with 46.5% confidence. Main reasons: typical response body len, network service=http, typical recent connections from this source to the same destination port, reduced average packet size. Suggested action: Unrecognized pattern — escalate to a human analyst for manual review.",True,True,True,3,3,3,1,1,True,True,0,1,0,2,1,False
40f,44,53513,Overlap-Group-1,Overlap-Group-1,False,"This flow was flagged as Overlap-Group-1 with 86.6% confidence. Main reasons: extremely high ct flw http mthd, typical response body len, reduced average packet size, network service=http, typical bytes sent by the source. Suggested action: Flagged as DoS, Backdoor, or Analysis-type behavior — this dataset's flow-level features can't reliably distinguish the three. Escalate for manual / packet-level inspection to determine the specific subtype.",True,True,True,4,4,4,1,1,True,True,0,2,0,2,2,False
40f,44,54758,Exploits,Exploits,False,"This flow was flagged as Exploits with 98.3% confidence. Main reasons: elevated ACK data time, reduced mean packet size from source, network service=http, typical source-to-destination byte ratio, extremely high mean packet size from destination. Suggested action: Isolate the target host and check for unpatched vulnerabilities.",True,True,True,4,4,4,1,1,True,True,2,1,0,1,1,False
40f,44,55056,Unknown,Normal,True,"This flow was flagged as an unrecognized (potential zero-day) pattern with 34.2% confidence. Main reasons: reduced average packet size, network service=-. Suggested action: Unrecognized pattern — escalate to a human analyst for manual review.",True,True,True,1,1,1,1,1,True,True,0,1,0,0,1,False
40f,44,55336,Fuzzers,Fuzzers,False,"This flow was flagged as Fuzzers with 82.0% confidence. Main reasons: typical mean packet size from source, network service=-, reduced destination data load, typical total bytes transferred. Suggested action: Inspect the application for crash logs; consider input validation hardening.",True,True,True,3,3,3,1,1,True,True,1,0,0,2,0,False
40f,44,55576,Fuzzers,Fuzzers,False,"This flow was flagged as Fuzzers with 62.7% confidence. Main reasons: typical mean packet size from source, network service=-, reduced destination data load. Suggested action: Inspect the application for crash logs; consider input validation hardening.",True,True,True,2,2,2,1,1,True,True,1,0,0,1,0,False
40f,44,55794,Fuzzers,Fuzzers,False,"This flow was flagged as Fuzzers with 55.2% confidence. Main reasons: reduced average packet size, reduced mean packet size from source, reduced destination data load, network service=-. Suggested action: Inspect the application for crash logs; consider input validation hardening.",True,True,True,3,3,3,1,1,True,True,2,1,0,0,1,False
40f,44,55821,Unknown,Overlap-Group-1,True,"This flow was flagged as an unrecognized (potential zero-day) pattern with 44.4% confidence. Main reasons: typical recent connections from this source to the same destination port, reduced mean packet size from source, typical destination jitter. Suggested action: Unrecognized pattern — escalate to a human analyst for manual review.",True,True,True,3,3,3,0,0,True,True,1,0,0,2,0,False
40f,44,55899,Exploits,Exploits,False,"This flow was flagged as Exploits with 87.6% confidence. Main reasons: reduced SYN-ACK handshake time, typical ACK data time, reduced average packet size, typical recent connections from this source to the same destination port. Suggested action: Isolate the target host and check for unpatched vulnerabilities.",True,True,True,4,4,4,0,0,True,True,0,2,0,2,2,False
40f,44,55992,Unknown,Exploits,True,"This flow was flagged as an unrecognized (potential zero-day) pattern with 40.6% confidence. Main reasons: typical total bytes transferred, typical recent connections from this source to the same destination port, unusually high ACK data time, reduced average packet size. Suggested action: Unrecognized pattern — escalate to a human analyst for manual review.",True,True,True,4,4,4,0,0,True,True,1,1,0,2,1,False
40f,44,56121,Unknown,Fuzzers,True,"This flow was flagged as an unrecognized (potential zero-day) pattern with 48.9% confidence. Main reasons: typical mean packet size from source, network service=-, reduced destination data load. Suggested action: Unrecognized pattern — escalate to a human analyst for manual review.",True,True,True,2,2,2,1,1,True,True,1,0,0,1,0,False
40f,45,288,Overlap-Group-1,Overlap-Group-1,False,"This flow was flagged as Overlap-Group-1 with 48.4% confidence. Main reasons: network protocol=ospf, typical recent connections from this source to the same destination port, reduced source-to-destination byte ratio, reduced destination data load. Suggested action: Flagged as DoS, Backdoor, or Analysis-type behavior — this dataset's flow-level features can't reliably distinguish the three. Escalate for manual / packet-level inspection to determine the specific subtype.",True,True,True,3,3,3,1,1,True,True,2,0,0,1,0,False
40f,45,697,Overlap-Group-1,Overlap-Group-1,False,"This flow was flagged as Overlap-Group-1 with 54.6% confidence. Main reasons: network protocol=ipip, typical bytes sent by the source, reduced average packet size. Suggested action: Flagged as DoS, Backdoor, or Analysis-type behavior — this dataset's flow-level features can't reliably distinguish the three. Escalate for manual / packet-level inspection to determine the specific subtype.",True,True,True,2,2,2,1,1,True,True,0,1,0,1,1,False
40f,45,994,Unknown,Overlap-Group-1,True,"This flow was flagged as an unrecognized (potential zero-day) pattern with 36.5% confidence. Main reasons: network protocol=ospf, typical recent connections from this source to the same destination port. Suggested action: Unrecognized pattern — escalate to a human analyst for manual review.",True,True,True,1,1,1,1,1,True,True,0,0,0,1,0,False
40f,45,1160,Unknown,Overlap-Group-1,True,"This flow was flagged as an unrecognized (potential zero-day) pattern with 30.8% confidence. Main reasons: network protocol=sctp, typical recent connections from this source to the same destination port. Suggested action: Unrecognized pattern — escalate to a human analyst for manual review.",True,True,True,1,1,1,1,1,True,True,0,0,0,1,0,False
40f,45,1525,Overlap-Group-1,Overlap-Group-1,False,"This flow was flagged as Overlap-Group-1 with 61.2% confidence. Main reasons: network protocol=unas, typical bytes sent by the source, reduced average packet size, typical mean packet size from source. Suggested action: Flagged as DoS, Backdoor, or Analysis-type behavior — this dataset's flow-level features can't reliably distinguish the three. Escalate for manual / packet-level inspection to determine the specific subtype.",True,True,True,3,3,3,1,1,True,True,0,1,0,2,1,False
40f,45,1531,Overlap-Group-1,Overlap-Group-1,False,"This flow was flagged as Overlap-Group-1 with 61.2% confidence. Main reasons: network protocol=unas, typical bytes sent by the source, reduced average packet size, typical mean packet size from source. Suggested action: Flagged as DoS, Backdoor, or Analysis-type behavior — this dataset's flow-level features can't reliably distinguish the three. Escalate for manual / packet-level inspection to determine the specific subtype.",True,True,True,3,3,3,1,1,True,True,0,1,0,2,1,False
40f,45,1800,Overlap-Group-1,Overlap-Group-1,False,"This flow was flagged as Overlap-Group-1 with 61.8% confidence. Main reasons: network protocol=cpnx, typical bytes sent by the source, reduced average packet size. Suggested action: Flagged as DoS, Backdoor, or Analysis-type behavior — this dataset's flow-level features can't reliably distinguish the three. Escalate for manual / packet-level inspection to determine the specific subtype.",True,True,True,2,2,2,1,1,True,True,0,1,0,1,1,False
40f,45,1843,Overlap-Group-1,Overlap-Group-1,False,"This flow was flagged as Overlap-Group-1 with 61.2% confidence. Main reasons: network protocol=unas, typical bytes sent by the source, reduced average packet size, typical mean packet size from source. Suggested action: Flagged as DoS, Backdoor, or Analysis-type behavior — this dataset's flow-level features can't reliably distinguish the three. Escalate for manual / packet-level inspection to determine the specific subtype.",True,True,True,3,3,3,1,1,True,True,0,1,0,2,1,False
40f,45,2083,Overlap-Group-1,Overlap-Group-1,False,"This flow was flagged as Overlap-Group-1 with 59.9% confidence. Main reasons: network protocol=unas, reduced average packet size, typical bytes sent by the source, typical mean packet size from source. Suggested action: Flagged as DoS, Backdoor, or Analysis-type behavior — this dataset's flow-level features can't reliably distinguish the three. Escalate for manual / packet-level inspection to determine the specific subtype.",True,True,True,3,3,3,1,1,True,True,0,1,0,2,1,False
40f,45,2145,Overlap-Group-1,Overlap-Group-1,False,"This flow was flagged as Overlap-Group-1 with 61.5% confidence. Main reasons: network protocol=isis, typical bytes sent by the source, reduced average packet size. Suggested action: Flagged as DoS, Backdoor, or Analysis-type behavior — this dataset's flow-level features can't reliably distinguish the three. Escalate for manual / packet-level inspection to determine the specific subtype.",True,True,True,2,2,2,1,1,True,True,0,1,0,1,1,False
40f,45,2336,Overlap-Group-1,Overlap-Group-1,False,"This flow was flagged as Overlap-Group-1 with 69.8% confidence. Main reasons: reduced mean packet size from source, reduced mean packet size from destination, typical bytes sent by the source, typical recent connections from this source to the same destination port. Suggested action: Flagged as DoS, Backdoor, or Analysis-type behavior — this dataset's flow-level features can't reliably distinguish the three. Escalate for manual / packet-level inspection to determine the specific subtype.",True,True,True,4,4,4,0,0,True,True,0,0,2,2,0,False
40f,45,2427,Reconnaissance,Reconnaissance,False,"This flow was flagged as Reconnaissance with 99.9% confidence. Main reasons: reduced average packet size, typical source jitter, reduced mean packet size from destination, reduced mean packet size from source, typical source-to-destination byte ratio. Suggested action: Flag source IP for monitoring; likely pre-attack scanning.",True,True,True,5,5,5,0,0,True,True,3,0,0,2,0,False
40f,45,2509,Overlap-Group-1,Overlap-Group-1,False,"This flow was flagged as Overlap-Group-1 with 60.7% confidence. Main reasons: network protocol=unas, reduced average packet size, typical bytes sent by the source, typical mean packet size from source. Suggested action: Flagged as DoS, Backdoor, or Analysis-type behavior — this dataset's flow-level features can't reliably distinguish the three. Escalate for manual / packet-level inspection to determine the specific subtype.",True,True,True,3,3,3,1,1,True,True,0,1,0,2,1,False
40f,45,2692,Overlap-Group-1,Overlap-Group-1,False,"This flow was flagged as Overlap-Group-1 with 61.4% confidence. Main reasons: network protocol=l2tp, typical bytes sent by the source, reduced average packet size. Suggested action: Flagged as DoS, Backdoor, or Analysis-type behavior — this dataset's flow-level features can't reliably distinguish the three. Escalate for manual / packet-level inspection to determine the specific subtype.",True,True,True,2,2,2,1,1,True,True,0,1,0,1,1,False
40f,45,2892,Exploits,Exploits,False,"This flow was flagged as Exploits with 91.0% confidence. Main reasons: elevated ACK data time, typical bytes sent by the destination, network service=smtp, reduced SYN-ACK handshake time, typical source-to-destination byte ratio. Suggested action: Isolate the target host and check for unpatched vulnerabilities.",True,True,True,4,4,4,1,1,True,True,1,1,0,2,1,False
40f,45,2928,Overlap-Group-1,Overlap-Group-1,False,"This flow was flagged as Overlap-Group-1 with 69.0% confidence. Main reasons: network protocol=stp, typical bytes sent by the source, reduced average packet size, typical mean packet size from source. Suggested action: Flagged as DoS, Backdoor, or Analysis-type behavior — this dataset's flow-level features can't reliably distinguish the three. Escalate for manual / packet-level inspection to determine the specific subtype.",True,True,True,3,3,3,1,1,True,True,0,1,0,2,1,False
40f,45,3301,Unknown,Fuzzers,True,"This flow was flagged as an unrecognized (potential zero-day) pattern with 41.3% confidence. Main reasons: typical bytes sent by the destination, unusually high source-to-destination packet ratio, typical bytes sent by the source. Suggested action: Unrecognized pattern — escalate to a human analyst for manual review.",True,True,True,3,3,3,0,0,True,True,0,0,1,2,0,False
40f,45,3803,Reconnaissance,Reconnaissance,False,"This flow was flagged as Reconnaissance with 99.8% confidence. Main reasons: reduced average packet size, typical source jitter, reduced mean packet size from destination, reduced mean packet size from source, typical source-to-destination byte ratio. Suggested action: Flag source IP for monitoring; likely pre-attack scanning.",True,True,True,5,5,5,0,0,True,True,3,0,0,2,0,False
40f,45,3989,Reconnaissance,Reconnaissance,False,"This flow was flagged as Reconnaissance with 85.8% confidence. Main reasons: reduced mean packet size from destination, network service=http, reduced mean packet size from source, reduced average packet size. Suggested action: Flag source IP for monitoring; likely pre-attack scanning.",True,True,True,3,3,3,1,1,True,True,3,0,0,0,0,False
40f,45,4092,Reconnaissance,Reconnaissance,False,"This flow was flagged as Reconnaissance with 99.9% confidence. Main reasons: reduced average packet size, typical source jitter, reduced mean packet size from source, reduced mean packet size from destination, typical source-to-destination byte ratio. Suggested action: Flag source IP for monitoring; likely pre-attack scanning.",True,True,True,5,5,5,0,0,True,True,3,0,0,2,0,False
40f,45,4147,Reconnaissance,Reconnaissance,False,"This flow was flagged as Reconnaissance with 99.3% confidence. Main reasons: reduced average packet size, typical source jitter, reduced mean packet size from source, reduced mean packet size from destination, typical source-to-destination byte ratio. Suggested action: Flag source IP for monitoring; likely pre-attack scanning.",True,True,True,5,5,5,0,0,True,True,3,0,0,2,0,False
40f,45,4617,Reconnaissance,Reconnaissance,False,"This flow was flagged as Reconnaissance with 99.7% confidence. Main reasons: typical bytes sent by the source, reduced mean packet size from source, reduced mean packet size from destination, reduced average packet size, typical total bytes transferred. Suggested action: Flag source IP for monitoring; likely pre-attack scanning.",True,True,True,5,5,5,0,0,True,True,3,0,0,2,0,False
40f,45,4843,Reconnaissance,Reconnaissance,False,"This flow was flagged as Reconnaissance with 82.1% confidence. Main reasons: reduced mean packet size from destination, network service=http, elevated source jitter, reduced mean packet size from source. Suggested action: Flag source IP for monitoring; likely pre-attack scanning.",True,True,True,3,3,3,1,1,True,True,3,0,0,0,0,False
40f,45,5030,Reconnaissance,Reconnaissance,False,"This flow was flagged as Reconnaissance with 52.1% confidence. Main reasons: reduced mean packet size from destination, network service=http, reduced mean packet size from source, reduced average packet size. Suggested action: Flag source IP for monitoring; likely pre-attack scanning.",True,True,True,3,3,3,1,1,True,True,3,0,0,0,0,False
40f,45,5173,Unknown,Reconnaissance,True,"This flow was flagged as an unrecognized (potential zero-day) pattern with 42.7% confidence. Main reasons: network protocol=sctp, reduced packet rate. Suggested action: Unrecognized pattern — escalate to a human analyst for manual review.",True,True,True,1,1,1,1,1,True,True,1,0,0,0,0,False
40f,45,5356,Exploits,Exploits,False,"This flow was flagged as Exploits with 96.8% confidence. Main reasons: reduced mean packet size from destination, unusually high ACK data time, typical bytes sent by the destination, typical dloss, typical source-to-destination byte ratio. Suggested action: Isolate the target host and check for unpatched vulnerabilities.",True,True,True,5,5,5,0,0,True,True,1,1,0,3,1,False
40f,45,6267,Reconnaissance,Reconnaissance,False,"This flow was flagged as Reconnaissance with 58.0% confidence. Main reasons: network service=http, reduced mean packet size from destination, typical mean packet size from source, reduced average packet size. Suggested action: Flag source IP for monitoring; likely pre-attack scanning.",True,True,True,3,3,3,1,1,True,True,2,0,0,1,0,False
40f,45,6351,Reconnaissance,Reconnaissance,False,"This flow was flagged as Reconnaissance with 99.8% confidence. Main reasons: reduced average packet size, typical source jitter, reduced mean packet size from destination, reduced mean packet size from source, typical source-to-destination byte ratio. Suggested action: Flag source IP for monitoring; likely pre-attack scanning.",True,True,True,5,5,5,0,0,True,True,3,0,0,2,0,False
40f,45,6502,Reconnaissance,Reconnaissance,False,"This flow was flagged as Reconnaissance with 99.1% confidence. Main reasons: typical bytes sent by the source, reduced mean packet size from source, reduced mean packet size from destination, reduced average packet size, typical total bytes transferred. Suggested action: Flag source IP for monitoring; likely pre-attack scanning.",True,True,True,5,5,5,0,0,True,True,3,0,0,2,0,False
40f,45,7319,Generic,Generic,False,"This flow was flagged as Generic with 100.0% confidence. Main reasons: typical total bytes transferred, extremely high recent connections to this destination from the same source port, typical bytes sent by the source, network service=dns. Suggested action: Review firewall rules for this flow's protocol/service combination.",True,True,True,3,3,3,1,1,True,True,1,0,0,2,0,False
40f,45,7379,Unknown,Generic,True,"This flow was flagged as an unrecognized (potential zero-day) pattern with 39.2% confidence. Main reasons: elevated mean packet size from source, typical response body len, elevated SYN-ACK handshake time. Suggested action: Unrecognized pattern — escalate to a human analyst for manual review.",True,True,True,3,3,3,0,0,True,True,2,0,0,1,0,False
40f,45,7722,Generic,Generic,False,"This flow was flagged as Generic with 100.0% confidence. Main reasons: typical total bytes transferred, extremely high recent connections to this destination from the same source port, typical bytes sent by the source, reduced average packet size. Suggested action: Review firewall rules for this flow's protocol/service combination.",True,True,True,4,4,4,0,0,True,True,1,1,0,2,1,False
40f,45,7862,Generic,Generic,False,"This flow was flagged as Generic with 100.0% confidence. Main reasons: typical total bytes transferred, extremely high recent connections to this destination from the same source port, typical bytes sent by the source, reduced average packet size. Suggested action: Review firewall rules for this flow's protocol/service combination.",True,True,True,4,4,4,0,0,True,True,1,1,0,2,1,False
40f,45,7869,Generic,Generic,False,"This flow was flagged as Generic with 99.9% confidence. Main reasons: typical total bytes transferred, unusually high recent connections to this destination from the same source port, network service=dns, typical bytes sent by the source. Suggested action: Review firewall rules for this flow's protocol/service combination.",True,True,True,3,3,3,1,1,True,True,1,0,0,2,0,False
40f,45,7938,Generic,Generic,False,"This flow was flagged as Generic with 100.0% confidence. Main reasons: typical total bytes transferred, extremely high recent connections to this destination from the same source port, typical bytes sent by the source, network service=dns. Suggested action: Review firewall rules for this flow's protocol/service combination.",True,True,True,3,3,3,1,1,True,True,1,0,0,2,0,False
40f,45,8012,Generic,Generic,False,"This flow was flagged as Generic with 100.0% confidence. Main reasons: typical total bytes transferred, extremely high recent connections to this destination from the same source port, typical bytes sent by the source, reduced average packet size. Suggested action: Review firewall rules for this flow's protocol/service combination.",True,True,True,4,4,4,0,0,True,True,1,1,0,2,1,False
40f,45,8040,Generic,Generic,False,"This flow was flagged as Generic with 100.0% confidence. Main reasons: typical total bytes transferred, extremely high recent connections to this destination from the same source port, typical bytes sent by the source, reduced average packet size. Suggested action: Review firewall rules for this flow's protocol/service combination.",True,True,True,4,4,4,0,0,True,True,1,1,0,2,1,False
40f,45,8050,Generic,Generic,False,"This flow was flagged as Generic with 100.0% confidence. Main reasons: typical total bytes transferred, extremely high recent connections to this destination from the same source port, typical bytes sent by the source, reduced average packet size. Suggested action: Review firewall rules for this flow's protocol/service combination.",True,True,True,4,4,4,0,0,True,True,1,1,0,2,1,False
40f,45,8071,Generic,Generic,False,"This flow was flagged as Generic with 100.0% confidence. Main reasons: typical total bytes transferred, extremely high recent connections to this destination from the same source port, typical bytes sent by the source, network service=dns. Suggested action: Review firewall rules for this flow's protocol/service combination.",True,True,True,3,3,3,1,1,True,True,1,0,0,2,0,False
40f,45,8227,Generic,Generic,False,"This flow was flagged as Generic with 99.9% confidence. Main reasons: typical total bytes transferred, network service=dns, typical bytes sent by the source, reduced average packet size. Suggested action: Review firewall rules for this flow's protocol/service combination.",True,True,True,3,3,3,1,1,True,True,0,1,0,2,1,False
40f,45,8333,Unknown,Generic,True,"This flow was flagged as an unrecognized (potential zero-day) pattern with 44.5% confidence. Main reasons: extremely high response body len, extremely high mean packet size from destination, extremely high average packet size, reduced source-to-destination packet ratio. Suggested action: Unrecognized pattern — escalate to a human analyst for manual review.",True,True,True,4,4,4,0,0,True,True,4,0,0,0,0,False
40f,45,8396,Generic,Generic,False,"This flow was flagged as Generic with 100.0% confidence. Main reasons: typical total bytes transferred, extremely high recent connections to this destination from the same source port, typical bytes sent by the source, reduced average packet size. Suggested action: Review firewall rules for this flow's protocol/service combination.",True,True,True,4,4,4,0,0,True,True,1,1,0,2,1,False
40f,45,9277,Normal,Normal,False,"This flow was flagged as Normal with 100.0% confidence. Main reasons: typical destination data load, reduced ACK data time, typical dloss, reduced mean packet size from destination, elevated recent connections from this source to the same destination port. Suggested action: No action required.",True,True,True,5,5,5,0,0,True,True,3,0,0,2,0,False
40f,45,10178,Normal,Normal,False,"This flow was flagged as Normal with 100.0% confidence. Main reasons: reduced ACK data time, typical dloss, typical bytes sent by the source, reduced SYN-ACK handshake time, reduced TCP round-trip time. Suggested action: No action required.",True,True,True,5,5,5,0,0,True,True,2,0,1,2,0,False
40f,45,12110,Normal,Normal,False,"This flow was flagged as Normal with 100.0% confidence. Main reasons: elevated destination data load, reduced ACK data time, elevated dloss, reduced SYN-ACK handshake time, reduced TCP round-trip time. Suggested action: No action required.",True,True,True,5,5,5,0,0,True,True,4,0,1,0,0,False
40f,45,12285,Normal,Normal,False,"This flow was flagged as Normal with 99.9% confidence. Main reasons: reduced ACK data time, network service=ftp-data, typical bytes sent by the source, reduced mean packet size from destination. Suggested action: No action required.",True,True,True,3,3,3,1,1,True,True,2,0,0,1,0,False
40f,45,12445,Normal,Normal,False,"This flow was flagged as Normal with 100.0% confidence. Main reasons: reduced ACK data time, typical dloss, typical bytes sent by the source, reduced SYN-ACK handshake time, typical number of packets sent by the destination. Suggested action: No action required.",True,True,True,5,5,5,0,0,True,True,1,0,1,3,0,False
40f,45,12495,Normal,Normal,False,"This flow was flagged as Normal with 100.0% confidence. Main reasons: typical destination data load, reduced ACK data time, reduced mean packet size from destination, connection state=CON. Suggested action: No action required.",True,True,True,3,3,3,1,1,True,True,2,0,0,1,0,False
40f,45,12643,Normal,Normal,False,"This flow was flagged as Normal with 100.0% confidence. Main reasons: elevated destination data load, reduced ACK data time, reduced TCP round-trip time, typical dloss, reduced SYN-ACK handshake time. Suggested action: No action required.",True,True,True,5,5,5,0,0,True,True,3,0,1,1,0,False
40f,45,14192,Normal,Normal,False,"This flow was flagged as Normal with 100.0% confidence. Main reasons: extremely high destination data load, reduced ACK data time, reduced TCP round-trip time, reduced SYN-ACK handshake time, typical dloss. Suggested action: No action required.",True,True,True,5,5,5,0,0,True,True,3,0,1,1,0,False
40f,45,15736,Normal,Normal,False,"This flow was flagged as Normal with 100.0% confidence. Main reasons: typical destination data load, reduced ACK data time, reduced mean packet size from destination, connection state=CON. Suggested action: No action required.",True,True,True,3,3,3,1,1,True,True,2,0,0,1,0,False
40f,45,17037,Normal,Normal,False,"This flow was flagged as Normal with 100.0% confidence. Main reasons: reduced destination data load, reduced ACK data time, typical dloss, reduced SYN-ACK handshake time, reduced TCP round-trip time. Suggested action: No action required.",True,True,True,5,5,5,0,0,True,True,2,1,1,1,1,False
40f,45,18317,Normal,Normal,False,"This flow was flagged as Normal with 100.0% confidence. Main reasons: typical destination data load, reduced ACK data time, reduced mean packet size from destination, reduced average packet size, typical source-to-destination byte ratio. Suggested action: No action required.",True,True,True,5,5,5,0,0,True,True,2,0,1,2,0,False
40f,45,19626,Normal,Normal,False,"This flow was flagged as Normal with 100.0% confidence. Main reasons: reduced destination data load, reduced ACK data time, typical dloss, reduced TCP round-trip time, reduced SYN-ACK handshake time. Suggested action: No action required.",True,True,True,5,5,5,0,0,True,True,2,1,1,1,1,False
40f,45,20702,Normal,Normal,False,"This flow was flagged as Normal with 100.0% confidence. Main reasons: typical destination data load, reduced ACK data time, reduced mean packet size from destination, connection state=CON, reduced TCP round-trip time. Suggested action: No action required.",True,True,True,4,4,4,1,1,True,True,3,0,0,1,0,False
40f,45,20726,Normal,Normal,False,"This flow was flagged as Normal with 100.0% confidence. Main reasons: reduced ACK data time, reduced destination data load, reduced TCP round-trip time, reduced SYN-ACK handshake time, typical dloss. Suggested action: No action required.",True,True,True,5,5,5,0,0,True,True,2,1,1,1,1,False
40f,45,23078,Normal,Normal,False,"This flow was flagged as Normal with 100.0% confidence. Main reasons: reduced ACK data time, reduced destination data load, elevated dloss, reduced SYN-ACK handshake time, typical bytes sent by the source. Suggested action: No action required.",True,True,True,5,5,5,0,0,True,True,2,1,1,1,1,False
40f,45,25038,Normal,Normal,False,"This flow was flagged as Normal with 100.0% confidence. Main reasons: elevated destination data load, reduced ACK data time, reduced TCP round-trip time, typical dloss, reduced SYN-ACK handshake time. Suggested action: No action required.",True,True,True,5,5,5,0,0,True,True,3,0,1,1,0,False
40f,45,25334,Exploits,Exploits,False,"This flow was flagged as Exploits with 69.7% confidence. Main reasons: unusually high ACK data time, typical source-to-destination byte ratio, network service=http, typical mean packet size from destination. Suggested action: Isolate the target host and check for unpatched vulnerabilities.",True,True,True,3,3,3,1,1,True,True,1,0,0,2,0,False
40f,45,25359,Fuzzers,Fuzzers,False,"This flow was flagged as Fuzzers with 52.5% confidence. Main reasons: reduced destination data load, network service=-, typical bytes sent by the source, elevated source-to-destination packet ratio. Suggested action: Inspect the application for crash logs; consider input validation hardening.",True,True,True,3,3,3,1,1,True,True,1,0,1,1,0,False
40f,45,25619,Normal,Normal,False,"This flow was flagged as Normal with 87.0% confidence. Main reasons: typical response body len, typical recent connections from this source to the same destination port, network service=http. Suggested action: No action required.",True,True,True,2,2,2,1,1,True,True,0,0,0,2,0,False
40f,45,25701,Unknown,Overlap-Group-1,True,"This flow was flagged as an unrecognized (potential zero-day) pattern with 42.9% confidence. Main reasons: typical response body len, network service=http, reduced average packet size. Suggested action: Unrecognized pattern — escalate to a human analyst for manual review.",True,True,True,2,2,2,1,1,True,True,0,1,0,1,1,False
40f,45,26916,Fuzzers,Fuzzers,False,"This flow was flagged as Fuzzers with 69.0% confidence. Main reasons: typical bytes sent by the destination, typical total packets transferred, reduced destination data load, typical bytes sent by the source. Suggested action: Inspect the application for crash logs; consider input validation hardening.",True,True,True,4,4,4,0,0,True,True,1,0,0,3,0,False
40f,45,27543,Fuzzers,Fuzzers,False,"This flow was flagged as Fuzzers with 96.5% confidence. Main reasons: typical bytes sent by the destination, typical bytes sent by the source, reduced average packet size, reduced mean packet size from destination. Suggested action: Inspect the application for crash logs; consider input validation hardening.",True,True,True,4,4,4,0,0,True,True,2,0,0,2,0,False
40f,45,28001,Unknown,Overlap-Group-1,True,"This flow was flagged as an unrecognized (potential zero-day) pattern with 42.2% confidence. Main reasons: typical response body len, reduced average packet size, network service=http, typical dinpkt. Suggested action: Unrecognized pattern — escalate to a human analyst for manual review.",True,True,True,3,3,3,1,1,True,True,0,1,0,2,1,False
40f,45,28108,Exploits,Exploits,False,"This flow was flagged as Exploits with 97.0% confidence. Main reasons: extremely high ACK data time, reduced mean packet size from source, typical bytes sent by the destination, network service=pop3, elevated SYN-ACK handshake time. Suggested action: Isolate the target host and check for unpatched vulnerabilities.",True,True,True,4,4,4,1,1,True,True,2,0,1,1,0,False
40f,45,28266,Fuzzers,Fuzzers,False,"This flow was flagged as Fuzzers with 98.8% confidence. Main reasons: typical bytes sent by the destination, typical bytes sent by the source, network service=-, reduced destination data load, reduced mean packet size from destination. Suggested action: Inspect the application for crash logs; consider input validation hardening.",True,True,True,4,4,4,1,1,True,True,2,0,0,2,0,False
40f,45,28528,Reconnaissance,Reconnaissance,False,"This flow was flagged as Reconnaissance with 99.9% confidence. Main reasons: reduced average packet size, typical source jitter, reduced mean packet size from destination, reduced mean packet size from source, typical source-to-destination byte ratio. Suggested action: Flag source IP for monitoring; likely pre-attack scanning.",True,True,True,5,5,5,0,0,True,True,3,0,0,2,0,False
40f,45,28902,Fuzzers,Fuzzers,False,"This flow was flagged as Fuzzers with 53.3% confidence. Main reasons: reduced destination data load, network service=-, typical bytes sent by the source, unusually high SYN-ACK handshake time. Suggested action: Inspect the application for crash logs; consider input validation hardening.",True,True,True,3,3,3,1,1,True,True,2,0,0,1,0,False
40f,45,29083,Fuzzers,Fuzzers,False,"This flow was flagged as Fuzzers with 63.1% confidence. Main reasons: typical bytes sent by the destination, elevated bytes sent by the source, network service=-, reduced destination data load. Suggested action: Inspect the application for crash logs; consider input validation hardening.",True,True,True,3,3,3,1,1,True,True,2,0,0,1,0,False
40f,45,29225,Unknown,Fuzzers,True,"This flow was flagged as an unrecognized (potential zero-day) pattern with 46.8% confidence. Main reasons: reduced destination data load, network service=-, typical bytes sent by the source, elevated source-to-destination packet ratio. Suggested action: Unrecognized pattern — escalate to a human analyst for manual review.",True,True,True,3,3,3,1,1,True,True,1,0,1,1,0,False
40f,45,29308,Unknown,Exploits,True,"This flow was flagged as an unrecognized (potential zero-day) pattern with 26.3% confidence. Main reasons: typical source-to-destination byte ratio, network service=http. Suggested action: Unrecognized pattern — escalate to a human analyst for manual review.",True,True,True,1,1,1,1,1,True,True,0,0,0,1,0,False
40f,45,29359,Generic,Generic,False,"This flow was flagged as Generic with 59.4% confidence. Main reasons: network protocol=ospf, reduced packet rate, typical source jitter, unusually low source-to-destination packet ratio. Suggested action: Review firewall rules for this flow's protocol/service combination.",True,True,True,3,3,3,1,1,True,True,1,0,1,1,0,False
40f,45,29440,Unknown,Fuzzers,True,"This flow was flagged as an unrecognized (potential zero-day) pattern with 37.7% confidence. Main reasons: reduced destination data load, network service=-, reduced mean packet size from destination. Suggested action: Unrecognized pattern — escalate to a human analyst for manual review.",True,True,True,2,2,2,1,1,True,True,2,0,0,0,0,False
40f,45,29574,Fuzzers,Fuzzers,False,"This flow was flagged as Fuzzers with 85.6% confidence. Main reasons: typical bytes sent by the source, reduced destination data load, typical recent connections from this source to the same destination port, extremely high source jitter, unusually high destination jitter. Suggested action: Inspect the application for crash logs; consider input validation hardening.",True,True,True,5,5,5,0,0,True,True,3,0,0,2,0,False
40f,45,30016,Exploits,Exploits,False,"This flow was flagged as Exploits with 64.6% confidence. Main reasons: elevated ACK data time, typical bytes sent by the destination, network service=smtp, reduced SYN-ACK handshake time. Suggested action: Isolate the target host and check for unpatched vulnerabilities.",True,True,True,3,3,3,1,1,True,True,1,1,0,1,1,False
40f,45,30070,Exploits,Exploits,False,"This flow was flagged as Exploits with 99.8% confidence. Main reasons: extremely high is ftp login, elevated ACK data time, typical dloss, typical bytes sent by the destination, elevated SYN-ACK handshake time. Suggested action: Isolate the target host and check for unpatched vulnerabilities.",True,True,True,5,5,5,0,0,True,True,3,0,0,2,0,False
40f,45,30109,Overlap-Group-1,Overlap-Group-1,False,"This flow was flagged as Overlap-Group-1 with 48.7% confidence. Main reasons: typical response body len, typical bytes sent by the destination, network service=http, reduced average packet size. Suggested action: Flagged as DoS, Backdoor, or Analysis-type behavior — this dataset's flow-level features can't reliably distinguish the three. Escalate for manual / packet-level inspection to determine the specific subtype.",True,True,True,3,3,3,1,1,True,True,0,1,0,2,1,False
40f,45,30157,Reconnaissance,Reconnaissance,False,"This flow was flagged as Reconnaissance with 99.9% confidence. Main reasons: reduced average packet size, typical source jitter, reduced mean packet size from destination, reduced mean packet size from source, typical source-to-destination byte ratio. Suggested action: Flag source IP for monitoring; likely pre-attack scanning.",True,True,True,5,5,5,0,0,True,True,3,0,0,2,0,False
40f,45,30375,Exploits,Exploits,False,"This flow was flagged as Exploits with 77.6% confidence. Main reasons: elevated ACK data time, network service=http, typical SYN-ACK handshake time, typical recent connections from this source to the same destination port. Suggested action: Isolate the target host and check for unpatched vulnerabilities.",True,True,True,3,3,3,1,1,True,True,1,0,0,2,0,False
40f,45,30438,Exploits,Exploits,False,"This flow was flagged as Exploits with 96.2% confidence. Main reasons: extremely high mean packet size from source, typical ACK data time, network service=smtp, extremely high average packet size, extremely high source-to-destination byte ratio. Suggested action: Isolate the target host and check for unpatched vulnerabilities.",True,True,True,4,4,4,1,1,True,True,1,0,2,1,0,False
40f,45,30524,Exploits,Exploits,False,"This flow was flagged as Exploits with 99.9% confidence. Main reasons: reduced mean packet size from source, elevated ACK data time, network service=ftp-data, typical bytes sent by the destination, unusually high stcpb. Suggested action: Isolate the target host and check for unpatched vulnerabilities.",True,True,True,4,4,4,1,1,True,True,1,1,1,1,1,False
40f,45,30528,Reconnaissance,Reconnaissance,False,"This flow was flagged as Reconnaissance with 99.7% confidence. Main reasons: reduced average packet size, typical source jitter, reduced mean packet size from source, reduced mean packet size from destination, typical source-to-destination byte ratio. Suggested action: Flag source IP for monitoring; likely pre-attack scanning.",True,True,True,5,5,5,0,0,True,True,3,0,0,2,0,False
40f,45,30734,Overlap-Group-1,Overlap-Group-1,False,"This flow was flagged as Overlap-Group-1 with 59.1% confidence. Main reasons: reduced average packet size, network service=http, typical bytes sent by the destination, typical response body len, typical recent connections from this source to the same destination port. Suggested action: Flagged as DoS, Backdoor, or Analysis-type behavior — this dataset's flow-level features can't reliably distinguish the three. Escalate for manual / packet-level inspection to determine the specific subtype.",True,True,True,4,4,4,1,1,True,True,0,1,0,3,1,False
40f,45,30983,Exploits,Exploits,False,"This flow was flagged as Exploits with 75.2% confidence. Main reasons: typical ACK data time, typical SYN-ACK handshake time, typical mean packet size from destination, reduced average packet size. Suggested action: Isolate the target host and check for unpatched vulnerabilities.",True,True,True,4,4,4,0,0,True,True,0,1,0,3,1,False
40f,45,31058,Exploits,Exploits,False,"This flow was flagged as Exploits with 63.4% confidence. Main reasons: unusually high ACK data time, typical source-to-destination byte ratio, typical recent connections from this source to the same destination port, typical mean packet size from source. Suggested action: Isolate the target host and check for unpatched vulnerabilities.",True,True,True,4,4,4,0,0,True,True,1,0,0,3,0,False
40f,45,31208,Exploits,Exploits,False,"This flow was flagged as Exploits with 99.2% confidence. Main reasons: elevated ACK data time, typical bytes sent by the destination, typical dloss, reduced average packet size, network service=ftp. Suggested action: Isolate the target host and check for unpatched vulnerabilities.",True,True,True,4,4,4,1,1,True,True,1,1,0,2,1,False
40f,45,31361,Overlap-Group-1,Overlap-Group-1,False,"This flow was flagged as Overlap-Group-1 with 54.8% confidence. Main reasons: typical bytes sent by the source, typical mean packet size from source, unusually high recent connections to this destination from the same source port. Suggested action: Flagged as DoS, Backdoor, or Analysis-type behavior — this dataset's flow-level features can't reliably distinguish the three. Escalate for manual / packet-level inspection to determine the specific subtype.",True,True,True,3,3,3,0,0,True,True,1,0,0,2,0,False
40f,45,31429,Reconnaissance,Reconnaissance,False,"This flow was flagged as Reconnaissance with 66.9% confidence. Main reasons: reduced mean packet size from destination, network service=http, reduced mean packet size from source, reduced average packet size. Suggested action: Flag source IP for monitoring; likely pre-attack scanning.",True,True,True,3,3,3,1,1,True,True,3,0,0,0,0,False
40f,45,31563,Reconnaissance,Reconnaissance,False,"This flow was flagged as Reconnaissance with 99.9% confidence. Main reasons: reduced average packet size, typical source jitter, reduced mean packet size from destination, reduced mean packet size from source, typical source-to-destination byte ratio. Suggested action: Flag source IP for monitoring; likely pre-attack scanning.",True,True,True,5,5,5,0,0,True,True,3,0,0,2,0,False
40f,45,31640,Overlap-Group-1,Overlap-Group-1,False,"This flow was flagged as Overlap-Group-1 with 58.4% confidence. Main reasons: typical bytes sent by the source, typical mean packet size from source, reduced average packet size, reduced destination data load. Suggested action: Flagged as DoS, Backdoor, or Analysis-type behavior — this dataset's flow-level features can't reliably distinguish the three. Escalate for manual / packet-level inspection to determine the specific subtype.",True,True,True,4,4,4,0,0,True,True,1,1,0,2,1,False
40f,45,31686,Generic,Generic,False,"This flow was flagged as Generic with 70.6% confidence. Main reasons: unusually high mean packet size from source, typical bytes sent by the source, typical recent connections from this source to the same destination port, unusually low source-to-destination packet ratio, extremely high packet rate. Suggested action: Review firewall rules for this flow's protocol/service combination.",True,True,True,5,5,5,0,0,True,True,2,0,1,2,0,False
40f,45,31731,Exploits,Exploits,False,"This flow was flagged as Exploits with 98.3% confidence. Main reasons: elevated ACK data time, typical bytes sent by the destination, elevated SYN-ACK handshake time, network service=http, reduced mean packet size from source. Suggested action: Isolate the target host and check for unpatched vulnerabilities.",True,True,True,4,4,4,1,1,True,True,2,0,1,1,0,False
40f,45,32137,Reconnaissance,Reconnaissance,False,"This flow was flagged as Reconnaissance with 98.7% confidence. Main reasons: typical bytes sent by the source, reduced mean packet size from source, reduced mean packet size from destination, reduced average packet size, typical total bytes transferred. Suggested action: Flag source IP for monitoring; likely pre-attack scanning.",True,True,True,5,5,5,0,0,True,True,3,0,0,2,0,False
40f,45,32508,Exploits,Exploits,False,"This flow was flagged as Exploits with 70.4% confidence. Main reasons: typical SYN-ACK handshake time, typical ACK data time, typical recent connections from this source to the same destination port, typical flow duration. Suggested action: Isolate the target host and check for unpatched vulnerabilities.",True,True,True,4,4,4,0,0,True,True,0,0,0,4,0,False
40f,45,32888,Unknown,Exploits,True,"This flow was flagged as an unrecognized (potential zero-day) pattern with 40.1% confidence. Main reasons: unusually high ACK data time, elevated SYN-ACK handshake time, typical recent connections from this source to the same destination port, reduced average packet size. Suggested action: Unrecognized pattern — escalate to a human analyst for manual review.",True,True,True,4,4,4,0,0,True,True,2,1,0,1,1,False
40f,45,33399,Fuzzers,Fuzzers,False,"This flow was flagged as Fuzzers with 65.9% confidence. Main reasons: reduced average packet size, reduced destination data load, typical bytes sent by the source. Suggested action: Inspect the application for crash logs; consider input validation hardening.",True,True,True,3,3,3,0,0,True,True,2,0,0,1,0,False
40f,45,33756,Overlap-Group-1,Overlap-Group-1,False,"This flow was flagged as Overlap-Group-1 with 70.2% confidence. Main reasons: network protocol=unas, unusually high recent connections to this destination from the same source port, reduced average packet size, typical bytes sent by the source. Suggested action: Flagged as DoS, Backdoor, or Analysis-type behavior — this dataset's flow-level features can't reliably distinguish the three. Escalate for manual / packet-level inspection to determine the specific subtype.",True,True,True,3,3,3,1,1,True,True,1,1,0,1,1,False
40f,45,33848,Exploits,Exploits,False,"This flow was flagged as Exploits with 77.6% confidence. Main reasons: elevated ACK data time, network service=http, typical average packet size, elevated source-to-destination byte ratio, typical recent connections from this source to the same destination port. Suggested action: Isolate the target host and check for unpatched vulnerabilities.",True,True,True,4,4,4,1,1,True,True,1,0,1,2,0,False
40f,45,33892,Generic,Generic,False,"This flow was flagged as Generic with 100.0% confidence. Main reasons: typical total bytes transferred, network service=dns, typical bytes sent by the source, reduced average packet size. Suggested action: Review firewall rules for this flow's protocol/service combination.",True,True,True,3,3,3,1,1,True,True,0,1,0,2,1,False
40f,45,34084,Generic,Generic,False,"This flow was flagged as Generic with 57.5% confidence. Main reasons: elevated mean packet size from source, elevated source-to-destination packet ratio, typical bytes sent by the source, typical average packet size, network service=smtp. Suggested action: Review firewall rules for this flow's protocol/service combination.",True,True,True,4,4,4,1,1,True,True,1,1,0,2,1,False
40f,45,34323,Reconnaissance,Reconnaissance,False,"This flow was flagged as Reconnaissance with 64.6% confidence. Main reasons: reduced mean packet size from destination, network service=http, reduced mean packet size from source, reduced average packet size, typical total bytes transferred. Suggested action: Flag source IP for monitoring; likely pre-attack scanning.",True,True,True,4,4,4,1,1,True,True,3,0,0,1,0,False
40f,45,34918,Exploits,Exploits,False,"This flow was flagged as Exploits with 98.5% confidence. Main reasons: typical bytes sent by the destination, network service=smtp, elevated ACK data time, extremely high mean packet size from source. Suggested action: Isolate the target host and check for unpatched vulnerabilities.",True,True,True,3,3,3,1,1,True,True,1,0,1,1,0,False
40f,45,34958,Generic,Generic,False,"This flow was flagged as Generic with 98.7% confidence. Main reasons: typical total bytes transferred, network service=dns, typical bytes sent by the source, reduced average packet size. Suggested action: Review firewall rules for this flow's protocol/service combination.",True,True,True,3,3,3,1,1,True,True,0,1,0,2,1,False
40f,45,35583,Generic,Generic,False,"This flow was flagged as Generic with 83.7% confidence. Main reasons: typical bytes sent by the source, unusually high mean packet size from source, extremely high packet rate, unusually low source-to-destination packet ratio, typical recent connections from this source to the same destination port. Suggested action: Review firewall rules for this flow's protocol/service combination.",True,True,True,5,5,5,0,0,True,True,2,0,1,2,0,False
40f,45,35631,Reconnaissance,Reconnaissance,False,"This flow was flagged as Reconnaissance with 99.6% confidence. Main reasons: reduced average packet size, typical source jitter, reduced mean packet size from destination, reduced mean packet size from source, typical source-to-destination byte ratio. Suggested action: Flag source IP for monitoring; likely pre-attack scanning.",True,True,True,5,5,5,0,0,True,True,3,0,0,2,0,False
40f,45,35639,Reconnaissance,Reconnaissance,False,"This flow was flagged as Reconnaissance with 98.9% confidence. Main reasons: reduced average packet size, typical source jitter, reduced mean packet size from destination, reduced mean packet size from source, typical source-to-destination byte ratio. Suggested action: Flag source IP for monitoring; likely pre-attack scanning.",True,True,True,5,5,5,0,0,True,True,3,0,0,2,0,False
40f,45,35724,Reconnaissance,Reconnaissance,False,"This flow was flagged as Reconnaissance with 99.6% confidence. Main reasons: reduced average packet size, typical source jitter, reduced mean packet size from destination, reduced mean packet size from source, typical source-to-destination byte ratio. Suggested action: Flag source IP for monitoring; likely pre-attack scanning.",True,True,True,5,5,5,0,0,True,True,3,0,0,2,0,False
40f,45,35799,Exploits,Exploits,False,"This flow was flagged as Exploits with 97.2% confidence. Main reasons: typical bytes sent by the source, reduced destination data load, reduced mean packet size from source, reduced average packet size. Suggested action: Isolate the target host and check for unpatched vulnerabilities.",True,True,True,4,4,4,0,0,True,True,1,1,1,1,1,False
40f,45,35948,Generic,Generic,False,"This flow was flagged as Generic with 99.8% confidence. Main reasons: typical total bytes transferred, network service=dns, typical bytes sent by the source, reduced average packet size. Suggested action: Review firewall rules for this flow's protocol/service combination.",True,True,True,3,3,3,1,1,True,True,0,1,0,2,1,False
40f,45,36032,Generic,Generic,False,"This flow was flagged as Generic with 99.9% confidence. Main reasons: typical total bytes transferred, network service=dns, typical bytes sent by the source, reduced average packet size. Suggested action: Review firewall rules for this flow's protocol/service combination.",True,True,True,3,3,3,1,1,True,True,0,1,0,2,1,False
40f,45,36084,Overlap-Group-1,Overlap-Group-1,False,"This flow was flagged as Overlap-Group-1 with 64.8% confidence. Main reasons: network protocol=pgm, typical bytes sent by the source, reduced average packet size, typical mean packet size from source. Suggested action: Flagged as DoS, Backdoor, or Analysis-type behavior — this dataset's flow-level features can't reliably distinguish the three. Escalate for manual / packet-level inspection to determine the specific subtype.",True,True,True,3,3,3,1,1,True,True,0,1,0,2,1,False
40f,45,36255,Overlap-Group-1,Overlap-Group-1,False,"This flow was flagged as Overlap-Group-1 with 63.4% confidence. Main reasons: network protocol=iplt, typical bytes sent by the source, unusually high recent connections to this destination from the same source port, reduced average packet size. Suggested action: Flagged as DoS, Backdoor, or Analysis-type behavior — this dataset's flow-level features can't reliably distinguish the three. Escalate for manual / packet-level inspection to determine the specific subtype.",True,True,True,3,3,3,1,1,True,True,1,1,0,1,1,False
40f,45,36308,Fuzzers,Fuzzers,False,"This flow was flagged as Fuzzers with 93.0% confidence. Main reasons: typical bytes sent by the destination, typical total packets transferred, reduced mean packet size from destination, reduced destination data load. Suggested action: Inspect the application for crash logs; consider input validation hardening.",True,True,True,4,4,4,0,0,True,True,2,0,0,2,0,False
40f,45,36350,Generic,Generic,False,"This flow was flagged as Generic with 99.9% confidence. Main reasons: typical total bytes transferred, network service=dns, typical bytes sent by the source, reduced average packet size. Suggested action: Review firewall rules for this flow's protocol/service combination.",True,True,True,3,3,3,1,1,True,True,0,1,0,2,1,False
40f,45,36645,Generic,Generic,False,"This flow was flagged as Generic with 99.8% confidence. Main reasons: typical total bytes transferred, network service=dns, typical bytes sent by the source, reduced average packet size. Suggested action: Review firewall rules for this flow's protocol/service combination.",True,True,True,3,3,3,1,1,True,True,0,1,0,2,1,False
40f,45,36686,Generic,Generic,False,"This flow was flagged as Generic with 100.0% confidence. Main reasons: typical total bytes transferred, network service=dns, typical bytes sent by the source, reduced average packet size, elevated recent connections to this destination from the same source port. Suggested action: Review firewall rules for this flow's protocol/service combination.",True,True,True,4,4,4,1,1,True,True,1,1,0,2,1,False
40f,45,36770,Reconnaissance,Reconnaissance,False,"This flow was flagged as Reconnaissance with 98.6% confidence. Main reasons: typical bytes sent by the source, reduced mean packet size from source, reduced mean packet size from destination, reduced average packet size, typical total bytes transferred. Suggested action: Flag source IP for monitoring; likely pre-attack scanning.",True,True,True,5,5,5,0,0,True,True,3,0,0,2,0,False
40f,45,36908,Exploits,Exploits,False,"This flow was flagged as Exploits with 58.8% confidence. Main reasons: reduced SYN-ACK handshake time, typical recent connections from this source to the same destination port, network service=http. Suggested action: Isolate the target host and check for unpatched vulnerabilities.",True,True,True,2,2,2,1,1,True,True,0,1,0,1,1,False
40f,45,37031,Unknown,Normal,True,This flow was flagged as an unrecognized (potential zero-day) pattern with 33.5% confidence. Main reasons: network service=-. Suggested action: Unrecognized pattern — escalate to a human analyst for manual review.,True,True,True,0,0,0,1,1,True,True,0,0,0,0,0,False
40f,45,37086,Reconnaissance,Reconnaissance,False,"This flow was flagged as Reconnaissance with 99.7% confidence. Main reasons: reduced average packet size, typical source jitter, reduced mean packet size from source, reduced mean packet size from destination, typical source-to-destination byte ratio. Suggested action: Flag source IP for monitoring; likely pre-attack scanning.",True,True,True,5,5,5,0,0,True,True,3,0,0,2,0,False
40f,45,37284,Exploits,Exploits,False,"This flow was flagged as Exploits with 68.9% confidence. Main reasons: typical ACK data time, typical mean packet size from destination, typical SYN-ACK handshake time. Suggested action: Isolate the target host and check for unpatched vulnerabilities.",True,True,True,3,3,3,0,0,True,True,0,0,0,3,0,False
40f,45,37338,Generic,Generic,False,"This flow was flagged as Generic with 100.0% confidence. Main reasons: typical total bytes transferred, network service=dns, typical bytes sent by the source, reduced average packet size. Suggested action: Review firewall rules for this flow's protocol/service combination.",True,True,True,3,3,3,1,1,True,True,0,1,0,2,1,False
40f,45,37371,Exploits,Exploits,False,"This flow was flagged as Exploits with 59.3% confidence. Main reasons: unusually high ACK data time, reduced mean packet size from source, elevated SYN-ACK handshake time. Suggested action: Isolate the target host and check for unpatched vulnerabilities.",True,True,True,3,3,3,0,0,True,True,2,0,1,0,0,False
40f,45,37528,Generic,Generic,False,"This flow was flagged as Generic with 100.0% confidence. Main reasons: typical total bytes transferred, network service=dns, typical bytes sent by the source, reduced average packet size, unusually high recent connections to this destination from the same source port. Suggested action: Review firewall rules for this flow's protocol/service combination.",True,True,True,4,4,4,1,1,True,True,1,1,0,2,1,False
40f,45,37712,Normal,Normal,False,"This flow was flagged as Normal with 67.8% confidence. Main reasons: typical bytes sent by the source, network service=-, elevated mean packet size from source, typical dtcpb. Suggested action: No action required.",True,True,True,3,3,3,1,1,True,True,0,1,0,2,1,False
40f,45,37849,Exploits,Exploits,False,"This flow was flagged as Exploits with 92.4% confidence. Main reasons: elevated ACK data time, elevated mean packet size from destination, typical bytes sent by the destination, elevated SYN-ACK handshake time. Suggested action: Isolate the target host and check for unpatched vulnerabilities.",True,True,True,4,4,4,0,0,True,True,3,0,0,1,0,False
40f,45,38154,Exploits,Exploits,False,"This flow was flagged as Exploits with 97.2% confidence. Main reasons: elevated ACK data time, typical dloss, typical SYN-ACK handshake time, unusually high mean packet size from destination, typical bytes sent by the destination. Suggested action: Isolate the target host and check for unpatched vulnerabilities.",True,True,True,5,5,5,0,0,True,True,2,0,0,3,0,False
40f,45,38350,Exploits,Exploits,False,"This flow was flagged as Exploits with 89.5% confidence. Main reasons: elevated ACK data time, unusually high mean packet size from source, typical SYN-ACK handshake time, typical dloss, unusually high average packet size. Suggested action: Isolate the target host and check for unpatched vulnerabilities.",True,True,True,5,5,5,0,0,True,True,2,0,1,2,0,False
40f,45,38359,Unknown,Overlap-Group-1,True,"This flow was flagged as an unrecognized (potential zero-day) pattern with 35.5% confidence. Main reasons: network protocol=ospf, reduced packet rate, typical average packet size. Suggested action: Unrecognized pattern — escalate to a human analyst for manual review.",True,True,True,2,2,2,1,1,True,True,1,0,0,1,0,False
40f,45,38368,Unknown,Fuzzers,True,"This flow was flagged as an unrecognized (potential zero-day) pattern with 37.1% confidence. Main reasons: network service=-, typical bytes sent by the source, reduced destination data load, elevated source-to-destination packet ratio. Suggested action: Unrecognized pattern — escalate to a human analyst for manual review.",True,True,True,3,3,3,1,1,True,True,1,0,1,1,0,False
40f,45,38842,Exploits,Exploits,False,"This flow was flagged as Exploits with 84.3% confidence. Main reasons: elevated ACK data time, typical bytes sent by the destination, reduced mean packet size from destination, typical dloss. Suggested action: Isolate the target host and check for unpatched vulnerabilities.",True,True,True,4,4,4,0,0,True,True,1,1,0,2,1,False
40f,45,39060,Reconnaissance,Reconnaissance,False,"This flow was flagged as Reconnaissance with 99.9% confidence. Main reasons: reduced average packet size, typical source jitter, reduced mean packet size from destination, reduced mean packet size from source, typical source-to-destination byte ratio. Suggested action: Flag source IP for monitoring; likely pre-attack scanning.",True,True,True,5,5,5,0,0,True,True,3,0,0,2,0,False
40f,45,39229,Unknown,Normal,True,"This flow was flagged as an unrecognized (potential zero-day) pattern with 35.0% confidence. Main reasons: network service=-, typical bytes sent by the source. Suggested action: Unrecognized pattern — escalate to a human analyst for manual review.",True,True,True,1,1,1,1,1,True,True,0,0,0,1,0,False
40f,45,39302,Generic,Generic,False,"This flow was flagged as Generic with 99.8% confidence. Main reasons: typical total bytes transferred, network service=dns, typical bytes sent by the source, reduced average packet size. Suggested action: Review firewall rules for this flow's protocol/service combination.",True,True,True,3,3,3,1,1,True,True,0,1,0,2,1,False
40f,45,39410,Fuzzers,Fuzzers,False,"This flow was flagged as Fuzzers with 76.0% confidence. Main reasons: network service=-, extremely high mean packet size from source, reduced destination data load, typical bytes sent by the source. Suggested action: Inspect the application for crash logs; consider input validation hardening.",True,True,True,3,3,3,1,1,True,True,2,0,0,1,0,False
40f,45,39491,Unknown,Generic,True,"This flow was flagged as an unrecognized (potential zero-day) pattern with 42.3% confidence. Main reasons: unusually high mean packet size from source, typical bytes sent by the source, typical recent connections from this source to the same destination port, unusually low source-to-destination packet ratio, reduced source-to-destination byte ratio. Suggested action: Unrecognized pattern — escalate to a human analyst for manual review.",True,True,True,5,5,5,0,0,True,True,3,0,0,2,0,False
40f,45,39575,Fuzzers,Fuzzers,False,"This flow was flagged as Fuzzers with 98.7% confidence. Main reasons: typical bytes sent by the destination, typical bytes sent by the source, network service=-, reduced mean packet size from destination, typical recent connections from this source to the same destination port. Suggested action: Inspect the application for crash logs; consider input validation hardening.",True,True,True,4,4,4,1,1,True,True,1,0,0,3,0,False
40f,45,39821,Reconnaissance,Reconnaissance,False,"This flow was flagged as Reconnaissance with 99.9% confidence. Main reasons: reduced average packet size, typical source jitter, reduced mean packet size from source, reduced mean packet size from destination, typical source-to-destination byte ratio. Suggested action: Flag source IP for monitoring; likely pre-attack scanning.",True,True,True,5,5,5,0,0,True,True,3,0,0,2,0,False
40f,45,40477,Unknown,Exploits,True,"This flow was flagged as an unrecognized (potential zero-day) pattern with 46.4% confidence. Main reasons: typical mean packet size from destination, elevated ACK data time. Suggested action: Unrecognized pattern — escalate to a human analyst for manual review.",True,True,True,2,2,2,0,0,True,True,1,0,0,1,0,False
40f,45,40716,Overlap-Group-1,Overlap-Group-1,False,"This flow was flagged as Overlap-Group-1 with 58.1% confidence. Main reasons: typical response body len, network service=http, extremely high ct flw http mthd, unusually high stcpb, reduced average packet size. Suggested action: Flagged as DoS, Backdoor, or Analysis-type behavior — this dataset's flow-level features can't reliably distinguish the three. Escalate for manual / packet-level inspection to determine the specific subtype.",True,True,True,4,4,4,1,1,True,True,0,3,0,1,3,False
40f,45,40864,Unknown,Normal,True,"This flow was flagged as an unrecognized (potential zero-day) pattern with 45.3% confidence. Main reasons: typical response body len, typical recent connections from this source to the same destination port. Suggested action: Unrecognized pattern — escalate to a human analyst for manual review.",True,True,True,2,2,2,0,0,True,True,0,0,0,2,0,False
40f,45,40904,Normal,Normal,False,"This flow was flagged as Normal with 99.9% confidence. Main reasons: reduced average packet size, connection state=REQ, reduced packet rate, typical source data load, reduced ACK data time. Suggested action: No action required.",True,True,True,4,4,4,1,1,True,True,1,1,1,1,1,False
40f,45,41230,Fuzzers,Fuzzers,False,"This flow was flagged as Fuzzers with 65.4% confidence. Main reasons: reduced average packet size, reduced destination data load, typical total bytes transferred. Suggested action: Inspect the application for crash logs; consider input validation hardening.",True,True,True,3,3,3,0,0,True,True,2,0,0,1,0,False
40f,45,41546,Fuzzers,Fuzzers,False,"This flow was flagged as Fuzzers with 75.0% confidence. Main reasons: typical bytes sent by the destination, reduced destination data load, typical bytes sent by the source, elevated source jitter. Suggested action: Inspect the application for crash logs; consider input validation hardening.",True,True,True,4,4,4,0,0,True,True,2,0,0,2,0,False
40f,45,42200,Normal,Normal,False,"This flow was flagged as Normal with 61.8% confidence. Main reasons: reduced average packet size, network service=-, unusually high SYN-ACK handshake time, typical source-to-destination byte ratio. Suggested action: No action required.",True,True,True,3,3,3,1,1,True,True,0,0,2,1,0,False
40f,45,42584,Exploits,Exploits,False,"This flow was flagged as Exploits with 80.9% confidence. Main reasons: typical ACK data time, network service=http, typical mean packet size from destination, typical source-to-destination byte ratio, typical response body len. Suggested action: Isolate the target host and check for unpatched vulnerabilities.",True,True,True,4,4,4,1,1,True,True,0,0,0,4,0,False
40f,45,43304,Unknown,Exploits,True,"This flow was flagged as an unrecognized (potential zero-day) pattern with 43.4% confidence. Main reasons: unusually high ACK data time, typical mean packet size from destination, network service=http. Suggested action: Unrecognized pattern — escalate to a human analyst for manual review.",True,True,True,2,2,2,1,1,True,True,1,0,0,1,0,False
40f,45,43824,Normal,Normal,False,"This flow was flagged as Normal with 99.7% confidence. Main reasons: connection state=CON, network service=-, typical bytes sent by the destination, typical recent connections from this source to the same destination port. Suggested action: No action required.",True,True,True,2,2,2,2,2,True,True,0,0,0,2,0,False
40f,45,43864,Normal,Normal,False,"This flow was flagged as Normal with 99.9% confidence. Main reasons: connection state=CON, network service=-, extremely high SYN-ACK handshake time, typical bytes sent by the destination. Suggested action: No action required.",True,True,True,2,2,2,2,2,True,True,0,0,1,1,0,False
40f,45,44124,Fuzzers,Fuzzers,False,"This flow was flagged as Fuzzers with 79.9% confidence. Main reasons: reduced average packet size, reduced destination data load, typical source jitter, reduced mean packet size from source, network service=-. Suggested action: Inspect the application for crash logs; consider input validation hardening.",True,True,True,4,4,4,1,1,True,True,2,1,0,1,1,False
40f,45,44636,Unknown,Exploits,True,"This flow was flagged as an unrecognized (potential zero-day) pattern with 45.3% confidence. Main reasons: unusually high ACK data time, typical total bytes transferred, typical source-to-destination byte ratio, typical recent connections from this source to the same destination port. Suggested action: Unrecognized pattern — escalate to a human analyst for manual review.",True,True,True,4,4,4,0,0,True,True,1,0,0,3,0,False
40f,45,44637,Unknown,Fuzzers,True,"This flow was flagged as an unrecognized (potential zero-day) pattern with 40.5% confidence. Main reasons: reduced destination data load, network service=-, typical bytes sent by the source. Suggested action: Unrecognized pattern — escalate to a human analyst for manual review.",True,True,True,2,2,2,1,1,True,True,1,0,0,1,0,False
40f,45,44802,Unknown,Exploits,True,"This flow was flagged as an unrecognized (potential zero-day) pattern with 46.4% confidence. Main reasons: typical average packet size, typical ACK data time, typical recent connections from this source to the same destination port, typical source-to-destination byte ratio. Suggested action: Unrecognized pattern — escalate to a human analyst for manual review.",True,True,True,4,4,4,0,0,True,True,0,0,0,4,0,False
40f,45,44809,Fuzzers,Fuzzers,False,"This flow was flagged as Fuzzers with 48.2% confidence. Main reasons: reduced destination data load, network service=-, typical bytes sent by the source. Suggested action: Inspect the application for crash logs; consider input validation hardening.",True,True,True,2,2,2,1,1,True,True,1,0,0,1,0,False
40f,45,44812,Unknown,Exploits,True,"This flow was flagged as an unrecognized (potential zero-day) pattern with 43.0% confidence. Main reasons: typical ACK data time, typical recent connections from this source to the same destination port, reduced average packet size, typical flow duration. Suggested action: Unrecognized pattern — escalate to a human analyst for manual review.",True,True,True,4,4,4,0,0,True,True,0,1,0,3,1,False
40f,45,46249,Normal,Normal,False,"This flow was flagged as Normal with 57.5% confidence. Main reasons: reduced average packet size, typical recent connections from this source to the same destination port, reduced ACK data time, network service=-. Suggested action: No action required.",True,True,True,3,3,3,1,1,True,True,1,0,1,1,0,False
40f,45,46767,Unknown,Exploits,True,"This flow was flagged as an unrecognized (potential zero-day) pattern with 38.8% confidence. Main reasons: typical total bytes transferred, unusually high ACK data time, reduced average packet size, typical recent connections from this source to the same destination port. Suggested action: Unrecognized pattern — escalate to a human analyst for manual review.",True,True,True,4,4,4,0,0,True,True,1,1,0,2,1,False
40f,45,46990,Unknown,Fuzzers,True,"This flow was flagged as an unrecognized (potential zero-day) pattern with 44.9% confidence. Main reasons: reduced destination data load, reduced average packet size, network service=-, typical bytes sent by the source. Suggested action: Unrecognized pattern — escalate to a human analyst for manual review.",True,True,True,3,3,3,1,1,True,True,2,0,0,1,0,False
40f,45,47776,Overlap-Group-1,Overlap-Group-1,False,"This flow was flagged as Overlap-Group-1 with 91.2% confidence. Main reasons: extremely high ct flw http mthd, reduced average packet size, network service=http, typical response body len, elevated ACK data time. Suggested action: Flagged as DoS, Backdoor, or Analysis-type behavior — this dataset's flow-level features can't reliably distinguish the three. Escalate for manual / packet-level inspection to determine the specific subtype.",True,True,True,4,4,4,1,1,True,True,1,2,0,1,2,False
40f,45,47915,Fuzzers,Fuzzers,False,"This flow was flagged as Fuzzers with 78.3% confidence. Main reasons: extremely high mean packet size from source, network service=-, reduced destination data load, typical bytes sent by the source. Suggested action: Inspect the application for crash logs; consider input validation hardening.",True,True,True,3,3,3,1,1,True,True,2,0,0,1,0,False
40f,45,47940,Unknown,Fuzzers,True,"This flow was flagged as an unrecognized (potential zero-day) pattern with 40.4% confidence. Main reasons: reduced destination data load, network service=-, typical bytes sent by the source. Suggested action: Unrecognized pattern — escalate to a human analyst for manual review.",True,True,True,2,2,2,1,1,True,True,1,0,0,1,0,False
40f,45,47979,Fuzzers,Fuzzers,False,"This flow was flagged as Fuzzers with 61.2% confidence. Main reasons: reduced destination data load, network service=-, typical bytes sent by the source, elevated source-to-destination packet ratio. Suggested action: Inspect the application for crash logs; consider input validation hardening.",True,True,True,3,3,3,1,1,True,True,1,0,1,1,0,False
40f,45,48347,Unknown,Normal,True,This flow was flagged as an unrecognized (potential zero-day) pattern with 36.2% confidence. Main reasons: typical response body len. Suggested action: Unrecognized pattern — escalate to a human analyst for manual review.,True,True,True,1,1,1,0,0,True,True,0,0,0,1,0,False
40f,45,48511,Fuzzers,Fuzzers,False,"This flow was flagged as Fuzzers with 50.2% confidence. Main reasons: typical recent connections from this source to the same destination port, typical bytes sent by the source, reduced destination data load, network service=-, elevated source-to-destination packet ratio. Suggested action: Inspect the application for crash logs; consider input validation hardening.",True,True,True,4,4,4,1,1,True,True,1,0,1,2,0,False
40f,45,48645,Unknown,Normal,True,"This flow was flagged as an unrecognized (potential zero-day) pattern with 40.6% confidence. Main reasons: typical response body len, typical destination jitter. Suggested action: Unrecognized pattern — escalate to a human analyst for manual review.",True,True,True,2,2,2,0,0,True,True,0,0,0,2,0,False
40f,45,48718,Overlap-Group-1,Overlap-Group-1,False,"This flow was flagged as Overlap-Group-1 with 53.7% confidence. Main reasons: extremely high ct flw http mthd, typical response body len, reduced average packet size, network service=http. Suggested action: Flagged as DoS, Backdoor, or Analysis-type behavior — this dataset's flow-level features can't reliably distinguish the three. Escalate for manual / packet-level inspection to determine the specific subtype.",True,True,True,3,3,3,1,1,True,True,0,2,0,1,2,False
40f,45,48824,Normal,Normal,False,"This flow was flagged as Normal with 100.0% confidence. Main reasons: typical source data load, reduced average packet size, extremely high sinpkt, network protocol=arp. Suggested action: No action required.",True,True,True,3,3,3,1,1,True,True,1,0,1,1,0,False
40f,45,48899,Overlap-Group-1,Overlap-Group-1,False,"This flow was flagged as Overlap-Group-1 with 57.4% confidence. Main reasons: typical recent connections from this source to the same destination port, typical bytes sent by the source, typical bytes sent by the destination. Suggested action: Flagged as DoS, Backdoor, or Analysis-type behavior — this dataset's flow-level features can't reliably distinguish the three. Escalate for manual / packet-level inspection to determine the specific subtype.",True,True,True,3,3,3,0,0,True,True,0,0,0,3,0,False
40f,45,49662,Fuzzers,Fuzzers,False,"This flow was flagged as Fuzzers with 68.2% confidence. Main reasons: reduced average packet size, reduced destination data load, typical bytes sent by the source, network service=-. Suggested action: Inspect the application for crash logs; consider input validation hardening.",True,True,True,3,3,3,1,1,True,True,2,0,0,1,0,False
40f,45,49748,Unknown,Fuzzers,True,"This flow was flagged as an unrecognized (potential zero-day) pattern with 38.7% confidence. Main reasons: typical bytes sent by the source, reduced destination data load, network service=-. Suggested action: Unrecognized pattern — escalate to a human analyst for manual review.",True,True,True,2,2,2,1,1,True,True,1,0,0,1,0,False
40f,45,50127,Unknown,Fuzzers,True,"This flow was flagged as an unrecognized (potential zero-day) pattern with 40.9% confidence. Main reasons: reduced destination data load, extremely high mean packet size from source, network service=-, typical number of packets sent by the destination. Suggested action: Unrecognized pattern — escalate to a human analyst for manual review.",True,True,True,3,3,3,1,1,True,True,2,0,0,1,0,False
40f,45,50152,Normal,Normal,False,"This flow was flagged as Normal with 50.2% confidence. Main reasons: network service=-, reduced mean packet size from destination, extremely high SYN-ACK handshake time. Suggested action: No action required.",True,True,True,2,2,2,1,1,True,True,1,0,1,0,0,False
40f,45,50763,Fuzzers,Fuzzers,False,"This flow was flagged as Fuzzers with 72.6% confidence. Main reasons: reduced destination data load, network service=-, typical recent connections from this source to the same destination port, typical bytes sent by the source. Suggested action: Inspect the application for crash logs; consider input validation hardening.",True,True,True,3,3,3,1,1,True,True,1,0,0,2,0,False
40f,45,50772,Unknown,Fuzzers,True,"This flow was flagged as an unrecognized (potential zero-day) pattern with 44.1% confidence. Main reasons: reduced average packet size, reduced destination data load, network service=-. Suggested action: Unrecognized pattern — escalate to a human analyst for manual review.",True,True,True,2,2,2,1,1,True,True,2,0,0,0,0,False
40f,45,50773,Unknown,Fuzzers,True,"This flow was flagged as an unrecognized (potential zero-day) pattern with 40.3% confidence. Main reasons: reduced average packet size, network service=-, typical total bytes transferred, reduced mean packet size from source. Suggested action: Unrecognized pattern — escalate to a human analyst for manual review.",True,True,True,3,3,3,1,1,True,True,1,1,0,1,1,False
40f,45,51324,Fuzzers,Fuzzers,False,"This flow was flagged as Fuzzers with 82.1% confidence. Main reasons: reduced destination data load, network service=-, typical bytes sent by the source, unusually high mean packet size from source. Suggested action: Inspect the application for crash logs; consider input validation hardening.",True,True,True,3,3,3,1,1,True,True,2,0,0,1,0,False
40f,45,51498,Unknown,Exploits,True,"This flow was flagged as an unrecognized (potential zero-day) pattern with 46.4% confidence. Main reasons: unusually high ACK data time, reduced average packet size, typical total bytes transferred, elevated SYN-ACK handshake time. Suggested action: Unrecognized pattern — escalate to a human analyst for manual review.",True,True,True,4,4,4,0,0,True,True,2,1,0,1,1,False
40f,45,51901,Fuzzers,Fuzzers,False,"This flow was flagged as Fuzzers with 60.1% confidence. Main reasons: reduced average packet size, reduced destination data load, reduced mean packet size from source. Suggested action: Inspect the application for crash logs; consider input validation hardening.",True,True,True,3,3,3,0,0,True,True,2,1,0,0,1,False
40f,45,51906,Unknown,Fuzzers,True,"This flow was flagged as an unrecognized (potential zero-day) pattern with 44.5% confidence. Main reasons: extremely high mean packet size from source, typical bytes sent by the source, reduced destination data load, network service=-. Suggested action: Unrecognized pattern — escalate to a human analyst for manual review.",True,True,True,3,3,3,1,1,True,True,2,0,0,1,0,False
40f,45,52203,Unknown,Exploits,True,"This flow was flagged as an unrecognized (potential zero-day) pattern with 29.2% confidence. Main reasons: unusually high ACK data time, typical recent connections from this source to the same destination port, elevated average packet size, elevated source-to-destination byte ratio. Suggested action: Unrecognized pattern — escalate to a human analyst for manual review.",True,True,True,4,4,4,0,0,True,True,2,0,1,1,0,False
40f,45,52372,Fuzzers,Fuzzers,False,"This flow was flagged as Fuzzers with 60.4% confidence. Main reasons: typical recent connections from this source to the same destination port, reduced average packet size, network service=-, typical bytes sent by the source. Suggested action: Inspect the application for crash logs; consider input validation hardening.",True,True,True,3,3,3,1,1,True,True,1,0,0,2,0,False
40f,45,52667,Unknown,Overlap-Group-1,True,"This flow was flagged as an unrecognized (potential zero-day) pattern with 38.3% confidence. Main reasons: typical response body len, reduced average packet size, network service=http, typical source-to-destination byte ratio. Suggested action: Unrecognized pattern — escalate to a human analyst for manual review.",True,True,True,3,3,3,1,1,True,True,0,1,0,2,1,False
40f,45,52711,Overlap-Group-1,Overlap-Group-1,False,"This flow was flagged as Overlap-Group-1 with 49.7% confidence. Main reasons: typical response body len, network service=http, reduced average packet size, unusually high ACK data time. Suggested action: Flagged as DoS, Backdoor, or Analysis-type behavior — this dataset's flow-level features can't reliably distinguish the three. Escalate for manual / packet-level inspection to determine the specific subtype.",True,True,True,3,3,3,1,1,True,True,1,1,0,1,1,False
40f,45,52732,Unknown,Overlap-Group-1,True,"This flow was flagged as an unrecognized (potential zero-day) pattern with 41.4% confidence. Main reasons: network service=http, typical dinpkt, typical response body len. Suggested action: Unrecognized pattern — escalate to a human analyst for manual review.",True,True,True,2,2,2,1,1,True,True,0,0,0,2,0,False
40f,45,52750,Unknown,Normal,True,"This flow was flagged as an unrecognized (potential zero-day) pattern with 39.2% confidence. Main reasons: typical response body len, network service=http. Suggested action: Unrecognized pattern — escalate to a human analyst for manual review.",True,True,True,1,1,1,1,1,True,True,0,0,0,1,0,False
40f,45,52759,Unknown,Overlap-Group-1,True,"This flow was flagged as an unrecognized (potential zero-day) pattern with 38.2% confidence. Main reasons: typical response body len, network service=http, reduced average packet size, typical dinpkt. Suggested action: Unrecognized pattern — escalate to a human analyst for manual review.",True,True,True,3,3,3,1,1,True,True,0,1,0,2,1,False
40f,45,52778,Unknown,Overlap-Group-1,True,"This flow was flagged as an unrecognized (potential zero-day) pattern with 39.0% confidence. Main reasons: reduced average packet size, network service=http, typical response body len, typical source-to-destination byte ratio. Suggested action: Unrecognized pattern — escalate to a human analyst for manual review.",True,True,True,3,3,3,1,1,True,True,0,1,0,2,1,False
40f,45,53226,Unknown,Overlap-Group-1,True,"This flow was flagged as an unrecognized (potential zero-day) pattern with 42.5% confidence. Main reasons: typical response body len, reduced average packet size, network service=http, typical bytes sent by the destination. Suggested action: Unrecognized pattern — escalate to a human analyst for manual review.",True,True,True,3,3,3,1,1,True,True,0,1,0,2,1,False
40f,45,53538,Unknown,Normal,True,This flow was flagged as an unrecognized (potential zero-day) pattern with 43.9% confidence. Main reasons: typical response body len. Suggested action: Unrecognized pattern — escalate to a human analyst for manual review.,True,True,True,1,1,1,0,0,True,True,0,0,0,1,0,False
40f,45,54433,Fuzzers,Fuzzers,False,"This flow was flagged as Fuzzers with 71.3% confidence. Main reasons: reduced destination data load, typical bytes sent by the source, network service=-, typical total bytes transferred. Suggested action: Inspect the application for crash logs; consider input validation hardening.",True,True,True,3,3,3,1,1,True,True,1,0,0,2,0,False
40f,45,54742,Unknown,Fuzzers,True,"This flow was flagged as an unrecognized (potential zero-day) pattern with 40.7% confidence. Main reasons: reduced destination data load, network service=-, typical total bytes transferred. Suggested action: Unrecognized pattern — escalate to a human analyst for manual review.",True,True,True,2,2,2,1,1,True,True,1,0,0,1,0,False
40f,45,54945,Unknown,Generic,True,"This flow was flagged as an unrecognized (potential zero-day) pattern with 40.9% confidence. Main reasons: typical total bytes transferred, typical source data load. Suggested action: Unrecognized pattern — escalate to a human analyst for manual review.",True,True,True,2,2,2,0,0,True,True,0,0,0,2,0,False
40f,45,55205,Unknown,Exploits,True,"This flow was flagged as an unrecognized (potential zero-day) pattern with 42.9% confidence. Main reasons: typical bytes sent by the source, reduced average packet size, reduced mean packet size from source. Suggested action: Unrecognized pattern — escalate to a human analyst for manual review.",True,True,True,3,3,3,0,0,True,True,0,1,1,1,1,False
40f,45,55232,Fuzzers,Fuzzers,False,"This flow was flagged as Fuzzers with 66.1% confidence. Main reasons: reduced average packet size, reduced destination data load, network service=-. Suggested action: Inspect the application for crash logs; consider input validation hardening.",True,True,True,2,2,2,1,1,True,True,2,0,0,0,0,False
40f,45,55276,Unknown,Fuzzers,True,"This flow was flagged as an unrecognized (potential zero-day) pattern with 44.2% confidence. Main reasons: reduced destination data load, network service=-, reduced mean packet size from destination, network protocol=udp. Suggested action: Unrecognized pattern — escalate to a human analyst for manual review.",True,True,True,2,2,2,2,2,True,True,2,0,0,0,0,False
40f,45,55292,Unknown,Fuzzers,True,"This flow was flagged as an unrecognized (potential zero-day) pattern with 44.4% confidence. Main reasons: reduced destination data load, network service=-, typical mean packet size from source, network protocol=udp. Suggested action: Unrecognized pattern — escalate to a human analyst for manual review.",True,True,True,2,2,2,2,2,True,True,1,0,0,1,0,False
40f,45,55385,Overlap-Group-1,Overlap-Group-1,False,"This flow was flagged as Overlap-Group-1 with 62.2% confidence. Main reasons: typical recent connections from this source to the same destination port, typical TCP round-trip time, reduced mean packet size from source, reduced SYN-ACK handshake time. Suggested action: Flagged as DoS, Backdoor, or Analysis-type behavior — this dataset's flow-level features can't reliably distinguish the three. Escalate for manual / packet-level inspection to determine the specific subtype.",True,True,True,4,4,4,0,0,True,True,1,0,1,2,0,False
40f,45,55547,Unknown,Exploits,True,"This flow was flagged as an unrecognized (potential zero-day) pattern with 40.9% confidence. Main reasons: reduced mean packet size from source, typical ACK data time, typical SYN-ACK handshake time, typical TCP round-trip time. Suggested action: Unrecognized pattern — escalate to a human analyst for manual review.",True,True,True,4,4,4,0,0,True,True,0,0,1,3,0,False
40f,45,56143,Unknown,Fuzzers,True,"This flow was flagged as an unrecognized (potential zero-day) pattern with 45.4% confidence. Main reasons: typical bytes sent by the source, network service=-, typical source-to-destination byte ratio, elevated source-to-destination packet ratio. Suggested action: Unrecognized pattern — escalate to a human analyst for manual review.",True,True,True,3,3,3,1,1,True,True,0,0,1,2,0,False
40f,46,588,Overlap-Group-1,Overlap-Group-1,False,"This flow was flagged as Overlap-Group-1 with 50.7% confidence. Main reasons: network protocol=ospf, reduced recent connections from this source to the same destination port. Suggested action: Flagged as DoS, Backdoor, or Analysis-type behavior — this dataset's flow-level features can't reliably distinguish the three. Escalate for manual / packet-level inspection to determine the specific subtype.",True,True,True,1,1,1,1,1,True,True,1,0,0,0,0,False
40f,46,651,Overlap-Group-1,Overlap-Group-1,False,"This flow was flagged as Overlap-Group-1 with 50.9% confidence. Main reasons: network protocol=nsfnet-igp, typical bytes sent by the source, reduced recent connections from this source to the same destination port, reduced average packet size. Suggested action: Flagged as DoS, Backdoor, or Analysis-type behavior — this dataset's flow-level features can't reliably distinguish the three. Escalate for manual / packet-level inspection to determine the specific subtype.",True,True,True,3,3,3,1,1,True,True,1,1,0,1,1,False
40f,46,653,Unknown,Fuzzers,True,"This flow was flagged as an unrecognized (potential zero-day) pattern with 44.9% confidence. Main reasons: reduced destination data load, typical bytes sent by the source, network service=-. Suggested action: Unrecognized pattern — escalate to a human analyst for manual review.",True,True,True,2,2,2,1,1,True,True,1,0,0,1,0,False
40f,46,884,Fuzzers,Fuzzers,False,"This flow was flagged as Fuzzers with 58.3% confidence. Main reasons: typical bytes sent by the source, network service=-, reduced destination data load, elevated source-to-destination packet ratio. Suggested action: Inspect the application for crash logs; consider input validation hardening.",True,True,True,3,3,3,1,1,True,True,2,0,0,1,0,False
40f,46,1382,Unknown,Overlap-Group-1,True,"This flow was flagged as an unrecognized (potential zero-day) pattern with 46.2% confidence. Main reasons: network protocol=mfe-nsp, typical bytes sent by the source, reduced recent connections from this source to the same destination port, reduced average packet size. Suggested action: Unrecognized pattern — escalate to a human analyst for manual review.",True,True,True,3,3,3,1,1,True,True,1,1,0,1,1,False
40f,46,1426,Unknown,Exploits,True,"This flow was flagged as an unrecognized (potential zero-day) pattern with 44.5% confidence. Main reasons: typical average packet size, unusually high ACK data time, reduced recent connections from this source to the same destination port, elevated mean packet size from source. Suggested action: Unrecognized pattern — escalate to a human analyst for manual review.",True,True,True,4,4,4,0,0,True,True,3,0,0,1,0,False
40f,46,1697,Reconnaissance,Reconnaissance,False,"This flow was flagged as Reconnaissance with 79.0% confidence. Main reasons: network service=http, reduced mean packet size from destination, reduced average packet size, reduced mean packet size from source, reduced SYN-ACK handshake time. Suggested action: Flag source IP for monitoring; likely pre-attack scanning.",True,True,True,4,4,4,1,1,True,True,4,0,0,0,0,False
40f,46,1742,Overlap-Group-1,Overlap-Group-1,False,"This flow was flagged as Overlap-Group-1 with 51.4% confidence. Main reasons: network protocol=unas, typical bytes sent by the source, reduced average packet size, typical mean packet size from source. Suggested action: Flagged as DoS, Backdoor, or Analysis-type behavior — this dataset's flow-level features can't reliably distinguish the three. Escalate for manual / packet-level inspection to determine the specific subtype.",True,True,True,3,3,3,1,1,True,True,0,1,0,2,1,False
40f,46,1792,Exploits,Exploits,False,"This flow was flagged as Exploits with 89.2% confidence. Main reasons: network service=http, elevated ACK data time, typical bytes sent by the source, typical destination jitter, typical bytes sent by the destination. Suggested action: Isolate the target host and check for unpatched vulnerabilities.",True,True,True,4,4,4,1,1,True,True,1,0,0,3,0,False
40f,46,1969,Exploits,Exploits,False,"This flow was flagged as Exploits with 81.8% confidence. Main reasons: network service=http, elevated ACK data time, typical mean packet size from destination, reduced average packet size, typical bytes sent by the source. Suggested action: Isolate the target host and check for unpatched vulnerabilities.",True,True,True,4,4,4,1,1,True,True,1,1,0,2,1,False
40f,46,2141,Reconnaissance,Reconnaissance,False,"This flow was flagged as Reconnaissance with 87.7% confidence. Main reasons: network service=http, reduced mean packet size from destination, reduced average packet size, reduced mean packet size from source, typical total bytes transferred. Suggested action: Flag source IP for monitoring; likely pre-attack scanning.",True,True,True,4,4,4,1,1,True,True,3,0,0,1,0,False
40f,46,2278,Reconnaissance,Reconnaissance,False,"This flow was flagged as Reconnaissance with 99.6% confidence. Main reasons: reduced average packet size, typical source jitter, reduced mean packet size from source, reduced mean packet size from destination, typical bytes sent by the source. Suggested action: Flag source IP for monitoring; likely pre-attack scanning.",True,True,True,5,5,5,0,0,True,True,3,0,0,2,0,False
40f,46,2551,Overlap-Group-1,Overlap-Group-1,False,"This flow was flagged as Overlap-Group-1 with 54.7% confidence. Main reasons: network protocol=unas, typical bytes sent by the source, reduced average packet size, elevated recent connections to this destination from the same source port. Suggested action: Flagged as DoS, Backdoor, or Analysis-type behavior — this dataset's flow-level features can't reliably distinguish the three. Escalate for manual / packet-level inspection to determine the specific subtype.",True,True,True,3,3,3,1,1,True,True,1,1,0,1,1,False
40f,46,2624,Fuzzers,Fuzzers,False,"This flow was flagged as Fuzzers with 89.0% confidence. Main reasons: typical bytes sent by the source, reduced average packet size, typical bytes sent by the destination, reduced destination data load. Suggested action: Inspect the application for crash logs; consider input validation hardening.",True,True,True,4,4,4,0,0,True,True,2,0,0,2,0,False
40f,46,3009,Overlap-Group-1,Overlap-Group-1,False,"This flow was flagged as Overlap-Group-1 with 52.2% confidence. Main reasons: network protocol=unas, typical bytes sent by the source, reduced average packet size, typical mean packet size from source. Suggested action: Flagged as DoS, Backdoor, or Analysis-type behavior — this dataset's flow-level features can't reliably distinguish the three. Escalate for manual / packet-level inspection to determine the specific subtype.",True,True,True,3,3,3,1,1,True,True,0,1,0,2,1,False
40f,46,3189,Exploits,Exploits,False,"This flow was flagged as Exploits with 98.4% confidence. Main reasons: network service=smtp, typical bytes sent by the destination, extremely high mean packet size from source, typical ACK data time, unusually high average packet size. Suggested action: Isolate the target host and check for unpatched vulnerabilities.",True,True,True,4,4,4,1,1,True,True,2,0,0,2,0,False
40f,46,3224,Reconnaissance,Reconnaissance,False,"This flow was flagged as Reconnaissance with 99.6% confidence. Main reasons: typical bytes sent by the source, typical total bytes transferred, reduced average packet size, reduced mean packet size from destination, reduced mean packet size from source. Suggested action: Flag source IP for monitoring; likely pre-attack scanning.",True,True,True,5,5,5,0,0,True,True,3,0,0,2,0,False
40f,46,3394,Unknown,Overlap-Group-1,True,"This flow was flagged as an unrecognized (potential zero-day) pattern with 49.5% confidence. Main reasons: network protocol=sat-expak, typical bytes sent by the source, reduced average packet size, typical mean packet size from source. Suggested action: Unrecognized pattern — escalate to a human analyst for manual review.",True,True,True,3,3,3,1,1,True,True,0,1,0,2,1,False
40f,46,3584,Reconnaissance,Reconnaissance,False,"This flow was flagged as Reconnaissance with 99.8% confidence. Main reasons: reduced average packet size, typical source jitter, reduced mean packet size from source, reduced mean packet size from destination, typical source-to-destination byte ratio. Suggested action: Flag source IP for monitoring; likely pre-attack scanning.",True,True,True,5,5,5,0,0,True,True,3,0,0,2,0,False
40f,46,3769,Overlap-Group-1,Overlap-Group-1,False,"This flow was flagged as Overlap-Group-1 with 51.8% confidence. Main reasons: network protocol=sm, typical bytes sent by the source, reduced recent connections from this source to the same destination port, typical mean packet size from source. Suggested action: Flagged as DoS, Backdoor, or Analysis-type behavior — this dataset's flow-level features can't reliably distinguish the three. Escalate for manual / packet-level inspection to determine the specific subtype.",True,True,True,3,3,3,1,1,True,True,1,0,0,2,0,False
40f,46,3821,Unknown,Overlap-Group-1,True,"This flow was flagged as an unrecognized (potential zero-day) pattern with 47.0% confidence. Main reasons: network protocol=ospf, reduced recent connections from this source to the same destination port, typical dloss. Suggested action: Unrecognized pattern — escalate to a human analyst for manual review.",True,True,True,2,2,2,1,1,True,True,1,0,0,1,0,False
40f,46,4064,Reconnaissance,Reconnaissance,False,"This flow was flagged as Reconnaissance with 99.8% confidence. Main reasons: reduced average packet size, typical source jitter, reduced mean packet size from source, typical source-to-destination byte ratio, reduced mean packet size from destination. Suggested action: Flag source IP for monitoring; likely pre-attack scanning.",True,True,True,5,5,5,0,0,True,True,3,0,0,2,0,False
40f,46,4499,Exploits,Exploits,False,"This flow was flagged as Exploits with 94.8% confidence. Main reasons: network service=http, unusually high ACK data time, typical bytes sent by the destination, typical bytes sent by the source, elevated mean packet size from destination. Suggested action: Isolate the target host and check for unpatched vulnerabilities.",True,True,True,4,4,4,1,1,True,True,2,0,0,2,0,False
40f,46,4544,Reconnaissance,Reconnaissance,False,"This flow was flagged as Reconnaissance with 79.5% confidence. Main reasons: reduced mean packet size from destination, network service=http, typical source jitter, reduced mean packet size from source. Suggested action: Flag source IP for monitoring; likely pre-attack scanning.",True,True,True,3,3,3,1,1,True,True,2,0,0,1,0,False
40f,46,4690,Exploits,Exploits,False,"This flow was flagged as Exploits with 91.2% confidence. Main reasons: typical ACK data time, typical dloss, reduced mean packet size from destination, reduced mean packet size from source, typical source-to-destination packet ratio. Suggested action: Isolate the target host and check for unpatched vulnerabilities.",True,True,True,5,5,5,0,0,True,True,0,2,0,3,2,False
40f,46,4764,Overlap-Group-1,Overlap-Group-1,False,"This flow was flagged as Overlap-Group-1 with 77.1% confidence. Main reasons: typical response body len, reduced average packet size, network service=http, typical total bytes transferred, reduced mean packet size from source. Suggested action: Flagged as DoS, Backdoor, or Analysis-type behavior — this dataset's flow-level features can't reliably distinguish the three. Escalate for manual / packet-level inspection to determine the specific subtype.",True,True,True,4,4,4,1,1,True,True,0,1,1,2,1,False
40f,46,4859,Exploits,Exploits,False,"This flow was flagged as Exploits with 97.6% confidence. Main reasons: network service=http, typical ACK data time, typical bytes sent by the destination, typical destination jitter, typical bytes sent by the source. Suggested action: Isolate the target host and check for unpatched vulnerabilities.",True,True,True,4,4,4,1,1,True,True,0,0,0,4,0,False
40f,46,5104,Reconnaissance,Reconnaissance,False,"This flow was flagged as Reconnaissance with 99.2% confidence. Main reasons: typical bytes sent by the source, typical total bytes transferred, reduced average packet size, reduced mean packet size from destination, reduced mean packet size from source. Suggested action: Flag source IP for monitoring; likely pre-attack scanning.",True,True,True,5,5,5,0,0,True,True,3,0,0,2,0,False
40f,46,5116,Reconnaissance,Reconnaissance,False,"This flow was flagged as Reconnaissance with 98.9% confidence. Main reasons: typical bytes sent by the source, typical total bytes transferred, reduced average packet size, reduced mean packet size from destination, reduced mean packet size from source. Suggested action: Flag source IP for monitoring; likely pre-attack scanning.",True,True,True,5,5,5,0,0,True,True,3,0,0,2,0,False
40f,46,5171,Exploits,Exploits,False,"This flow was flagged as Exploits with 88.5% confidence. Main reasons: elevated ACK data time, network service=http, typical destination jitter, typical source-to-destination byte ratio. Suggested action: Isolate the target host and check for unpatched vulnerabilities.",True,True,True,3,3,3,1,1,True,True,1,0,0,2,0,False
40f,46,5373,Reconnaissance,Reconnaissance,False,"This flow was flagged as Reconnaissance with 99.9% confidence. Main reasons: reduced average packet size, typical source jitter, reduced mean packet size from source, typical source-to-destination byte ratio, reduced mean packet size from destination. Suggested action: Flag source IP for monitoring; likely pre-attack scanning.",True,True,True,5,5,5,0,0,True,True,3,0,0,2,0,False
40f,46,5404,Unknown,Fuzzers,True,"This flow was flagged as an unrecognized (potential zero-day) pattern with 48.4% confidence. Main reasons: typical bytes sent by the source, network service=-, reduced destination data load, typical source-to-destination byte ratio. Suggested action: Unrecognized pattern — escalate to a human analyst for manual review.",True,True,True,3,3,3,1,1,True,True,1,0,0,2,0,False
40f,46,5485,Fuzzers,Fuzzers,False,"This flow was flagged as Fuzzers with 54.2% confidence. Main reasons: reduced destination data load, reduced average packet size, network service=-, network protocol=udp. Suggested action: Inspect the application for crash logs; consider input validation hardening.",True,True,True,2,2,2,2,2,True,True,2,0,0,0,0,False
40f,46,6066,Reconnaissance,Reconnaissance,False,"This flow was flagged as Reconnaissance with 99.2% confidence. Main reasons: typical bytes sent by the source, typical total bytes transferred, reduced average packet size, reduced mean packet size from destination, reduced mean packet size from source. Suggested action: Flag source IP for monitoring; likely pre-attack scanning.",True,True,True,5,5,5,0,0,True,True,3,0,0,2,0,False
40f,46,6179,Overlap-Group-1,Overlap-Group-1,False,"This flow was flagged as Overlap-Group-1 with 59.9% confidence. Main reasons: extremely high sloss, extremely high number of packets sent by the source, elevated average packet size. Suggested action: Flagged as DoS, Backdoor, or Analysis-type behavior — this dataset's flow-level features can't reliably distinguish the three. Escalate for manual / packet-level inspection to determine the specific subtype.",True,True,True,3,3,3,0,0,True,True,1,2,0,0,2,False
40f,46,6644,Unknown,Reconnaissance,True,"This flow was flagged as an unrecognized (potential zero-day) pattern with 49.6% confidence. Main reasons: network service=http, reduced mean packet size from destination, reduced average packet size, reduced mean packet size from source. Suggested action: Unrecognized pattern — escalate to a human analyst for manual review.",True,True,True,3,3,3,1,1,True,True,3,0,0,0,0,False
40f,46,6766,Overlap-Group-1,Overlap-Group-1,False,"This flow was flagged as Overlap-Group-1 with 52.1% confidence. Main reasons: network service=http, typical response body len, reduced average packet size, typical SYN-ACK handshake time, typical destination jitter. Suggested action: Flagged as DoS, Backdoor, or Analysis-type behavior — this dataset's flow-level features can't reliably distinguish the three. Escalate for manual / packet-level inspection to determine the specific subtype.",True,True,True,4,4,4,1,1,True,True,0,1,0,3,1,False
40f,46,6957,Generic,Generic,False,"This flow was flagged as Generic with 99.9% confidence. Main reasons: typical total bytes transferred, typical bytes sent by the source, extremely high recent connections to this destination from the same source port, network service=dns. Suggested action: Review firewall rules for this flow's protocol/service combination.",True,True,True,3,3,3,1,1,True,True,1,0,0,2,0,False
40f,46,7162,Generic,Generic,False,"This flow was flagged as Generic with 100.0% confidence. Main reasons: typical total bytes transferred, typical bytes sent by the source, network service=dns, reduced average packet size. Suggested action: Review firewall rules for this flow's protocol/service combination.",True,True,True,3,3,3,1,1,True,True,0,1,0,2,1,False
40f,46,7290,Generic,Generic,False,"This flow was flagged as Generic with 100.0% confidence. Main reasons: typical total bytes transferred, extremely high recent connections to this destination from the same source port, typical bytes sent by the source, network service=dns. Suggested action: Review firewall rules for this flow's protocol/service combination.",True,True,True,3,3,3,1,1,True,True,1,0,0,2,0,False
40f,46,7365,Generic,Generic,False,"This flow was flagged as Generic with 100.0% confidence. Main reasons: typical total bytes transferred, extremely high recent connections to this destination from the same source port, typical bytes sent by the source, network service=dns. Suggested action: Review firewall rules for this flow's protocol/service combination.",True,True,True,3,3,3,1,1,True,True,1,0,0,2,0,False
40f,46,7509,Generic,Generic,False,"This flow was flagged as Generic with 100.0% confidence. Main reasons: typical total bytes transferred, extremely high recent connections to this destination from the same source port, typical bytes sent by the source, network service=dns. Suggested action: Review firewall rules for this flow's protocol/service combination.",True,True,True,3,3,3,1,1,True,True,1,0,0,2,0,False
40f,46,7586,Generic,Generic,False,"This flow was flagged as Generic with 100.0% confidence. Main reasons: typical total bytes transferred, extremely high recent connections to this destination from the same source port, typical bytes sent by the source, network service=dns. Suggested action: Review firewall rules for this flow's protocol/service combination.",True,True,True,3,3,3,1,1,True,True,1,0,0,2,0,False
40f,46,7641,Generic,Generic,False,"This flow was flagged as Generic with 100.0% confidence. Main reasons: typical total bytes transferred, extremely high recent connections to this destination from the same source port, typical bytes sent by the source, network service=dns, reduced average packet size. Suggested action: Review firewall rules for this flow's protocol/service combination.",True,True,True,4,4,4,1,1,True,True,1,1,0,2,1,False
40f,46,7665,Generic,Generic,False,"This flow was flagged as Generic with 100.0% confidence. Main reasons: typical total bytes transferred, unusually high recent connections to this destination from the same source port, typical bytes sent by the source, network service=dns, reduced average packet size. Suggested action: Review firewall rules for this flow's protocol/service combination.",True,True,True,4,4,4,1,1,True,True,1,1,0,2,1,False
40f,46,7743,Generic,Generic,False,"This flow was flagged as Generic with 100.0% confidence. Main reasons: typical total bytes transferred, extremely high recent connections to this destination from the same source port, typical bytes sent by the source, network service=dns. Suggested action: Review firewall rules for this flow's protocol/service combination.",True,True,True,3,3,3,1,1,True,True,1,0,0,2,0,False
40f,46,7908,Generic,Generic,False,"This flow was flagged as Generic with 100.0% confidence. Main reasons: typical total bytes transferred, extremely high recent connections to this destination from the same source port, typical bytes sent by the source, network service=dns. Suggested action: Review firewall rules for this flow's protocol/service combination.",True,True,True,3,3,3,1,1,True,True,1,0,0,2,0,False
40f,46,8067,Generic,Generic,False,"This flow was flagged as Generic with 100.0% confidence. Main reasons: typical total bytes transferred, extremely high recent connections to this destination from the same source port, typical bytes sent by the source, network service=dns. Suggested action: Review firewall rules for this flow's protocol/service combination.",True,True,True,3,3,3,1,1,True,True,1,0,0,2,0,False
40f,46,8112,Generic,Generic,False,"This flow was flagged as Generic with 100.0% confidence. Main reasons: typical total bytes transferred, typical bytes sent by the source, extremely high recent connections to this destination from the same source port, network service=dns. Suggested action: Review firewall rules for this flow's protocol/service combination.",True,True,True,3,3,3,1,1,True,True,1,0,0,2,0,False
40f,46,8306,Generic,Generic,False,"This flow was flagged as Generic with 84.8% confidence. Main reasons: typical response body len, typical mean packet size from source, typical sloss, typical SYN-ACK handshake time. Suggested action: Review firewall rules for this flow's protocol/service combination.",True,True,True,4,4,4,0,0,True,True,0,0,0,4,0,False
40f,46,8362,Generic,Generic,False,"This flow was flagged as Generic with 99.4% confidence. Main reasons: typical total bytes transferred, typical bytes sent by the source, network service=dns, reduced average packet size. Suggested action: Review firewall rules for this flow's protocol/service combination.",True,True,True,3,3,3,1,1,True,True,0,1,0,2,1,False
40f,46,8384,Generic,Generic,False,"This flow was flagged as Generic with 99.8% confidence. Main reasons: typical total bytes transferred, typical bytes sent by the source, network service=dns, reduced average packet size. Suggested action: Review firewall rules for this flow's protocol/service combination.",True,True,True,3,3,3,1,1,True,True,0,1,0,2,1,False
40f,46,8393,Generic,Generic,False,"This flow was flagged as Generic with 100.0% confidence. Main reasons: typical total bytes transferred, extremely high recent connections to this destination from the same source port, typical bytes sent by the source, network service=dns. Suggested action: Review firewall rules for this flow's protocol/service combination.",True,True,True,3,3,3,1,1,True,True,1,0,0,2,0,False
40f,46,10374,Normal,Normal,False,"This flow was flagged as Normal with 100.0% confidence. Main reasons: unusually high destination data load, reduced ACK data time, reduced SYN-ACK handshake time, reduced TCP round-trip time, typical dloss. Suggested action: No action required.",True,True,True,5,5,5,0,0,True,True,3,0,1,1,0,False
40f,46,11202,Normal,Normal,False,"This flow was flagged as Normal with 98.6% confidence. Main reasons: typical source-to-destination byte ratio, reduced ACK data time, reduced mean packet size from destination, typical total packets transferred, typical bytes sent by the destination. Suggested action: No action required.",True,True,True,5,5,5,0,0,True,True,1,0,1,3,0,False
40f,46,11478,Normal,Normal,False,"This flow was flagged as Normal with 100.0% confidence. Main reasons: typical destination data load, reduced ACK data time, extremely high bytes sent by the destination, reduced TCP round-trip time. Suggested action: No action required.",True,True,True,4,4,4,0,0,True,True,3,0,0,1,0,False
40f,46,11507,Normal,Normal,False,"This flow was flagged as Normal with 97.9% confidence. Main reasons: typical source-to-destination byte ratio, reduced ACK data time, typical total packets transferred, reduced mean packet size from destination. Suggested action: No action required.",True,True,True,4,4,4,0,0,True,True,1,0,1,2,0,False
40f,46,13127,Normal,Normal,False,"This flow was flagged as Normal with 100.0% confidence. Main reasons: typical destination data load, reduced ACK data time, reduced mean packet size from destination, connection state=CON. Suggested action: No action required.",True,True,True,3,3,3,1,1,True,True,1,0,1,1,0,False
40f,46,15589,Normal,Normal,False,"This flow was flagged as Normal with 100.0% confidence. Main reasons: reduced ACK data time, reduced destination data load, reduced SYN-ACK handshake time, reduced TCP round-trip time, typical bytes sent by the destination. Suggested action: No action required.",True,True,True,5,5,5,0,0,True,True,2,1,1,1,1,False
40f,46,16200,Normal,Normal,False,"This flow was flagged as Normal with 100.0% confidence. Main reasons: reduced ACK data time, reduced SYN-ACK handshake time, reduced TCP round-trip time, reduced mean packet size from destination, typical dinpkt. Suggested action: No action required.",True,True,True,5,5,5,0,0,True,True,2,0,2,1,0,False
40f,46,16338,Normal,Normal,False,"This flow was flagged as Normal with 99.9% confidence. Main reasons: reduced ACK data time, typical bytes sent by the source, reduced SYN-ACK handshake time, typical dloss. Suggested action: No action required.",True,True,True,4,4,4,0,0,True,True,1,0,1,2,0,False
40f,46,17491,Normal,Normal,False,"This flow was flagged as Normal with 100.0% confidence. Main reasons: extremely high destination data load, reduced ACK data time, reduced TCP round-trip time. Suggested action: No action required.",True,True,True,3,3,3,0,0,True,True,3,0,0,0,0,False
40f,46,17826,Normal,Normal,False,"This flow was flagged as Normal with 100.0% confidence. Main reasons: reduced ACK data time, reduced destination data load, reduced SYN-ACK handshake time, reduced TCP round-trip time, unusually high mean packet size from destination. Suggested action: No action required.",True,True,True,5,5,5,0,0,True,True,2,1,2,0,1,False
40f,46,18461,Normal,Normal,False,"This flow was flagged as Normal with 100.0% confidence. Main reasons: unusually high destination data load, reduced ACK data time, reduced SYN-ACK handshake time, typical dloss, typical number of packets sent by the destination. Suggested action: No action required.",True,True,True,5,5,5,0,0,True,True,2,0,1,2,0,False
40f,46,19193,Normal,Normal,False,"This flow was flagged as Normal with 100.0% confidence. Main reasons: typical destination data load, reduced ACK data time, reduced mean packet size from destination, connection state=CON, reduced TCP round-trip time. Suggested action: No action required.",True,True,True,4,4,4,1,1,True,True,2,0,1,1,0,False
40f,46,19699,Normal,Normal,False,"This flow was flagged as Normal with 100.0% confidence. Main reasons: typical destination data load, reduced ACK data time, reduced mean packet size from destination, typical source-to-destination byte ratio, typical bytes sent by the destination. Suggested action: No action required.",True,True,True,5,5,5,0,0,True,True,1,0,1,3,0,False
40f,46,20866,Normal,Normal,False,"This flow was flagged as Normal with 100.0% confidence. Main reasons: reduced destination data load, reduced ACK data time, elevated recent connections from this source to the same destination port, typical dloss, reduced mean packet size from destination. Suggested action: No action required.",True,True,True,5,5,5,0,0,True,True,2,1,1,1,1,False
40f,46,20965,Normal,Normal,False,"This flow was flagged as Normal with 100.0% confidence. Main reasons: extremely high destination data load, reduced ACK data time, reduced SYN-ACK handshake time, elevated dloss, elevated number of packets sent by the destination. Suggested action: No action required.",True,True,True,5,5,5,0,0,True,True,4,0,1,0,0,False
40f,46,20999,Normal,Normal,False,"This flow was flagged as Normal with 100.0% confidence. Main reasons: typical destination data load, reduced ACK data time, reduced mean packet size from destination, typical bytes sent by the destination, connection state=CON. Suggested action: No action required.",True,True,True,4,4,4,1,1,True,True,1,0,1,2,0,False
40f,46,22729,Normal,Normal,False,"This flow was flagged as Normal with 100.0% confidence. Main reasons: reduced ACK data time, reduced destination data load, reduced SYN-ACK handshake time, reduced TCP round-trip time, typical bytes sent by the destination. Suggested action: No action required.",True,True,True,5,5,5,0,0,True,True,2,1,1,1,1,False
40f,46,23160,Normal,Normal,False,"This flow was flagged as Normal with 99.7% confidence. Main reasons: reduced ACK data time, typical source-to-destination byte ratio, connection state=CON, typical total packets transferred, reduced mean packet size from destination. Suggested action: No action required.",True,True,True,4,4,4,1,1,True,True,1,0,1,2,0,False
40f,46,23174,Normal,Normal,False,"This flow was flagged as Normal with 99.7% confidence. Main reasons: reduced ACK data time, typical source-to-destination byte ratio, typical total packets transferred, connection state=CON. Suggested action: No action required.",True,True,True,3,3,3,1,1,True,True,1,0,0,2,0,False
40f,46,24358,Normal,Normal,False,"This flow was flagged as Normal with 100.0% confidence. Main reasons: typical destination data load, reduced ACK data time, reduced mean packet size from destination, connection state=CON. Suggested action: No action required.",True,True,True,3,3,3,1,1,True,True,1,0,1,1,0,False
40f,46,24561,Normal,Normal,False,"This flow was flagged as Normal with 100.0% confidence. Main reasons: reduced ACK data time, reduced destination data load, reduced SYN-ACK handshake time, reduced TCP round-trip time, typical bytes sent by the destination. Suggested action: No action required.",True,True,True,5,5,5,0,0,True,True,2,1,1,1,1,False
40f,46,25347,Unknown,Exploits,True,"This flow was flagged as an unrecognized (potential zero-day) pattern with 34.8% confidence. Main reasons: network service=http, elevated ACK data time, typical source data load. Suggested action: Unrecognized pattern — escalate to a human analyst for manual review.",True,True,True,2,2,2,1,1,True,True,1,0,0,1,0,False
40f,46,26751,Unknown,Overlap-Group-1,True,"This flow was flagged as an unrecognized (potential zero-day) pattern with 38.9% confidence. Main reasons: typical response body len, network service=http, reduced average packet size, typical bytes sent by the destination. Suggested action: Unrecognized pattern — escalate to a human analyst for manual review.",True,True,True,3,3,3,1,1,True,True,0,1,0,2,1,False
40f,46,27310,Overlap-Group-1,Overlap-Group-1,False,"This flow was flagged as Overlap-Group-1 with 50.7% confidence. Main reasons: network service=http, elevated ACK data time, reduced average packet size, typical response body len. Suggested action: Flagged as DoS, Backdoor, or Analysis-type behavior — this dataset's flow-level features can't reliably distinguish the three. Escalate for manual / packet-level inspection to determine the specific subtype.",True,True,True,3,3,3,1,1,True,True,1,1,0,1,1,False
40f,46,28066,Fuzzers,Fuzzers,False,"This flow was flagged as Fuzzers with 50.3% confidence. Main reasons: reduced average packet size, network service=-, elevated recent connections from this source to the same destination port. Suggested action: Inspect the application for crash logs; consider input validation hardening.",True,True,True,2,2,2,1,1,True,True,2,0,0,0,0,False
40f,46,28097,Unknown,Fuzzers,True,"This flow was flagged as an unrecognized (potential zero-day) pattern with 49.6% confidence. Main reasons: reduced average packet size, reduced mean packet size from source, reduced destination data load, network service=-. Suggested action: Unrecognized pattern — escalate to a human analyst for manual review.",True,True,True,3,3,3,1,1,True,True,2,1,0,0,1,False
40f,46,28122,Reconnaissance,Reconnaissance,False,"This flow was flagged as Reconnaissance with 99.4% confidence. Main reasons: typical bytes sent by the source, typical total bytes transferred, reduced average packet size, reduced mean packet size from destination, reduced mean packet size from source. Suggested action: Flag source IP for monitoring; likely pre-attack scanning.",True,True,True,5,5,5,0,0,True,True,3,0,0,2,0,False
40f,46,28236,Unknown,Fuzzers,True,"This flow was flagged as an unrecognized (potential zero-day) pattern with 44.9% confidence. Main reasons: reduced average packet size, reduced destination data load, typical source jitter, elevated SYN-ACK handshake time. Suggested action: Unrecognized pattern — escalate to a human analyst for manual review.",True,True,True,4,4,4,0,0,True,True,3,0,0,1,0,False
40f,46,28535,Reconnaissance,Reconnaissance,False,"This flow was flagged as Reconnaissance with 57.2% confidence. Main reasons: reduced mean packet size from destination, network service=http, reduced mean packet size from source, typical source jitter. Suggested action: Flag source IP for monitoring; likely pre-attack scanning.",True,True,True,3,3,3,1,1,True,True,2,0,0,1,0,False
40f,46,28689,Exploits,Exploits,False,"This flow was flagged as Exploits with 82.9% confidence. Main reasons: reduced mean packet size from source, network service=pop3, elevated ACK data time, typical bytes sent by the destination, typical destination jitter. Suggested action: Isolate the target host and check for unpatched vulnerabilities.",True,True,True,4,4,4,1,1,True,True,1,1,0,2,1,False
40f,46,29006,Fuzzers,Fuzzers,False,"This flow was flagged as Fuzzers with 89.9% confidence. Main reasons: reduced average packet size, typical recent connections from this source to the same destination port, typical bytes sent by the source, reduced destination data load. Suggested action: Inspect the application for crash logs; consider input validation hardening.",True,True,True,4,4,4,0,0,True,True,2,0,0,2,0,False
40f,46,29080,Reconnaissance,Reconnaissance,False,"This flow was flagged as Reconnaissance with 92.4% confidence. Main reasons: typical bytes sent by the source, typical total bytes transferred, reduced average packet size, reduced mean packet size from destination, reduced mean packet size from source. Suggested action: Flag source IP for monitoring; likely pre-attack scanning.",True,True,True,5,5,5,0,0,True,True,3,0,0,2,0,False
40f,46,29322,Unknown,Exploits,True,"This flow was flagged as an unrecognized (potential zero-day) pattern with 49.4% confidence. Main reasons: network service=http, unusually high ACK data time, reduced average packet size. Suggested action: Unrecognized pattern — escalate to a human analyst for manual review.",True,True,True,2,2,2,1,1,True,True,1,1,0,0,1,False
40f,46,29609,Exploits,Exploits,False,"This flow was flagged as Exploits with 71.0% confidence. Main reasons: network service=http, elevated ACK data time, typical TCP round-trip time, unusually high stcpb. Suggested action: Isolate the target host and check for unpatched vulnerabilities.",True,True,True,3,3,3,1,1,True,True,1,1,0,1,1,False
40f,46,29684,Exploits,Exploits,False,"This flow was flagged as Exploits with 94.0% confidence. Main reasons: network service=smtp, extremely high mean packet size from source, unusually high ACK data time, typical bytes sent by the destination, extremely high average packet size. Suggested action: Isolate the target host and check for unpatched vulnerabilities.",True,True,True,4,4,4,1,1,True,True,3,0,0,1,0,False
40f,46,29742,Unknown,Exploits,True,"This flow was flagged as an unrecognized (potential zero-day) pattern with 49.3% confidence. Main reasons: network service=http, elevated ACK data time, typical mean packet size from source, typical bytes sent by the source, reduced recent connections from this source to the same destination port. Suggested action: Unrecognized pattern — escalate to a human analyst for manual review.",True,True,True,4,4,4,1,1,True,True,2,0,0,2,0,False
40f,46,29760,Overlap-Group-1,Overlap-Group-1,False,"This flow was flagged as Overlap-Group-1 with 88.6% confidence. Main reasons: reduced mean packet size from source, reduced average packet size, reduced recent connections from this source to the same destination port, typical source-to-destination byte ratio. Suggested action: Flagged as DoS, Backdoor, or Analysis-type behavior — this dataset's flow-level features can't reliably distinguish the three. Escalate for manual / packet-level inspection to determine the specific subtype.",True,True,True,4,4,4,0,0,True,True,1,1,1,1,1,False
40f,46,29870,Exploits,Exploits,False,"This flow was flagged as Exploits with 91.5% confidence. Main reasons: network service=http, elevated ACK data time, typical bytes sent by the destination, typical average packet size, typical source-to-destination byte ratio. Suggested action: Isolate the target host and check for unpatched vulnerabilities.",True,True,True,4,4,4,1,1,True,True,1,0,0,3,0,False
40f,46,29936,Exploits,Exploits,False,"This flow was flagged as Exploits with 97.3% confidence. Main reasons: network service=http, elevated ACK data time, typical bytes sent by the source, typical bytes sent by the destination, typical destination jitter. Suggested action: Isolate the target host and check for unpatched vulnerabilities.",True,True,True,4,4,4,1,1,True,True,1,0,0,3,0,False
40f,46,30038,Reconnaissance,Reconnaissance,False,"This flow was flagged as Reconnaissance with 52.3% confidence. Main reasons: network service=http, reduced mean packet size from destination, reduced mean packet size from source, reduced average packet size. Suggested action: Flag source IP for monitoring; likely pre-attack scanning.",True,True,True,3,3,3,1,1,True,True,3,0,0,0,0,False
40f,46,30423,Overlap-Group-1,Overlap-Group-1,False,"This flow was flagged as Overlap-Group-1 with 71.8% confidence. Main reasons: reduced average packet size, typical response body len, network service=http, elevated ACK data time, typical total bytes transferred. Suggested action: Flagged as DoS, Backdoor, or Analysis-type behavior — this dataset's flow-level features can't reliably distinguish the three. Escalate for manual / packet-level inspection to determine the specific subtype.",True,True,True,4,4,4,1,1,True,True,1,1,0,2,1,False
40f,46,30532,Exploits,Exploits,False,"This flow was flagged as Exploits with 95.4% confidence. Main reasons: network service=pop3, typical ACK data time, reduced mean packet size from source, typical bytes sent by the destination, typical source data load. Suggested action: Isolate the target host and check for unpatched vulnerabilities.",True,True,True,4,4,4,1,1,True,True,0,1,0,3,1,False
40f,46,30625,Reconnaissance,Reconnaissance,False,"This flow was flagged as Reconnaissance with 99.4% confidence. Main reasons: typical bytes sent by the source, typical total bytes transferred, reduced average packet size, reduced mean packet size from destination, reduced mean packet size from source. Suggested action: Flag source IP for monitoring; likely pre-attack scanning.",True,True,True,5,5,5,0,0,True,True,3,0,0,2,0,False
40f,46,30971,Exploits,Exploits,False,"This flow was flagged as Exploits with 73.9% confidence. Main reasons: extremely high mean packet size from source, reduced SYN-ACK handshake time, typical ACK data time, extremely high source-to-destination byte ratio. Suggested action: Isolate the target host and check for unpatched vulnerabilities.",True,True,True,4,4,4,0,0,True,True,1,1,1,1,1,False
40f,46,31055,Overlap-Group-1,Overlap-Group-1,False,"This flow was flagged as Overlap-Group-1 with 58.4% confidence. Main reasons: typical bytes sent by the destination, reduced average packet size, unusually high ACK data time. Suggested action: Flagged as DoS, Backdoor, or Analysis-type behavior — this dataset's flow-level features can't reliably distinguish the three. Escalate for manual / packet-level inspection to determine the specific subtype.",True,True,True,3,3,3,0,0,True,True,1,1,0,1,1,False
40f,46,31101,Overlap-Group-1,Overlap-Group-1,False,"This flow was flagged as Overlap-Group-1 with 57.5% confidence. Main reasons: network protocol=unas, typical bytes sent by the source, reduced average packet size, typical mean packet size from source. Suggested action: Flagged as DoS, Backdoor, or Analysis-type behavior — this dataset's flow-level features can't reliably distinguish the three. Escalate for manual / packet-level inspection to determine the specific subtype.",True,True,True,3,3,3,1,1,True,True,0,1,0,2,1,False
40f,46,31165,Reconnaissance,Reconnaissance,False,"This flow was flagged as Reconnaissance with 99.4% confidence. Main reasons: reduced average packet size, typical source jitter, reduced mean packet size from destination, reduced mean packet size from source, typical source-to-destination byte ratio. Suggested action: Flag source IP for monitoring; likely pre-attack scanning.",True,True,True,5,5,5,0,0,True,True,3,0,0,2,0,False
40f,46,31280,Overlap-Group-1,Overlap-Group-1,False,"This flow was flagged as Overlap-Group-1 with 64.4% confidence. Main reasons: network protocol=hmp, typical bytes sent by the source, unusually high recent connections to this destination from the same source port, reduced average packet size. Suggested action: Flagged as DoS, Backdoor, or Analysis-type behavior — this dataset's flow-level features can't reliably distinguish the three. Escalate for manual / packet-level inspection to determine the specific subtype.",True,True,True,3,3,3,1,1,True,True,1,1,0,1,1,False
40f,46,32012,Reconnaissance,Reconnaissance,False,"This flow was flagged as Reconnaissance with 99.9% confidence. Main reasons: reduced average packet size, typical source jitter, reduced mean packet size from source, reduced mean packet size from destination, typical total bytes transferred. Suggested action: Flag source IP for monitoring; likely pre-attack scanning.",True,True,True,5,5,5,0,0,True,True,3,0,0,2,0,False
40f,46,32076,Exploits,Exploits,False,"This flow was flagged as Exploits with 80.4% confidence. Main reasons: network service=smtp, typical bytes sent by the destination, typical ACK data time, typical source-to-destination byte ratio, typical SYN-ACK handshake time. Suggested action: Isolate the target host and check for unpatched vulnerabilities.",True,True,True,4,4,4,1,1,True,True,0,0,0,4,0,False
40f,46,32251,Exploits,Exploits,False,"This flow was flagged as Exploits with 74.3% confidence. Main reasons: network service=http, extremely high mean packet size from source, elevated ACK data time, typical SYN-ACK handshake time, extremely high average packet size. Suggested action: Isolate the target host and check for unpatched vulnerabilities.",True,True,True,4,4,4,1,1,True,True,3,0,0,1,0,False
40f,46,32275,Unknown,Overlap-Group-1,True,"This flow was flagged as an unrecognized (potential zero-day) pattern with 47.5% confidence. Main reasons: network protocol=chaos, typical bytes sent by the source, reduced average packet size, extremely high recent connections to this destination from the same source port. Suggested action: Unrecognized pattern — escalate to a human analyst for manual review.",True,True,True,3,3,3,1,1,True,True,1,1,0,1,1,False
40f,46,32495,Unknown,Overlap-Group-1,True,This flow was flagged as an unrecognized (potential zero-day) pattern with 37.7% confidence. Main reasons: network protocol=ospf. Suggested action: Unrecognized pattern — escalate to a human analyst for manual review.,True,True,True,0,0,0,1,1,True,True,0,0,0,0,0,False
40f,46,32535,Reconnaissance,Reconnaissance,False,"This flow was flagged as Reconnaissance with 99.9% confidence. Main reasons: reduced average packet size, typical source jitter, reduced mean packet size from source, reduced mean packet size from destination, typical total bytes transferred. Suggested action: Flag source IP for monitoring; likely pre-attack scanning.",True,True,True,5,5,5,0,0,True,True,3,0,0,2,0,False
40f,46,32651,Overlap-Group-1,Overlap-Group-1,False,"This flow was flagged as Overlap-Group-1 with 60.8% confidence. Main reasons: network protocol=larp, typical bytes sent by the source, unusually high recent connections to this destination from the same source port, reduced average packet size. Suggested action: Flagged as DoS, Backdoor, or Analysis-type behavior — this dataset's flow-level features can't reliably distinguish the three. Escalate for manual / packet-level inspection to determine the specific subtype.",True,True,True,3,3,3,1,1,True,True,1,1,0,1,1,False
40f,46,33100,Generic,Generic,False,"This flow was flagged as Generic with 99.6% confidence. Main reasons: typical total bytes transferred, typical bytes sent by the source, network service=dns, reduced average packet size. Suggested action: Review firewall rules for this flow's protocol/service combination.",True,True,True,3,3,3,1,1,True,True,0,1,0,2,1,False
40f,46,33366,Generic,Generic,False,"This flow was flagged as Generic with 99.9% confidence. Main reasons: typical total bytes transferred, typical bytes sent by the source, network service=dns, reduced average packet size, elevated recent connections to this destination from the same source port. Suggested action: Review firewall rules for this flow's protocol/service combination.",True,True,True,4,4,4,1,1,True,True,1,1,0,2,1,False
40f,46,33535,Overlap-Group-1,Overlap-Group-1,False,"This flow was flagged as Overlap-Group-1 with 56.3% confidence. Main reasons: network protocol=unas, typical bytes sent by the source, reduced average packet size, typical mean packet size from source. Suggested action: Flagged as DoS, Backdoor, or Analysis-type behavior — this dataset's flow-level features can't reliably distinguish the three. Escalate for manual / packet-level inspection to determine the specific subtype.",True,True,True,3,3,3,1,1,True,True,0,1,0,2,1,False
40f,46,33540,Overlap-Group-1,Overlap-Group-1,False,"This flow was flagged as Overlap-Group-1 with 56.3% confidence. Main reasons: network protocol=unas, typical bytes sent by the source, reduced average packet size, typical mean packet size from source. Suggested action: Flagged as DoS, Backdoor, or Analysis-type behavior — this dataset's flow-level features can't reliably distinguish the three. Escalate for manual / packet-level inspection to determine the specific subtype.",True,True,True,3,3,3,1,1,True,True,0,1,0,2,1,False
40f,46,33658,Reconnaissance,Reconnaissance,False,"This flow was flagged as Reconnaissance with 99.6% confidence. Main reasons: reduced average packet size, typical source jitter, reduced mean packet size from source, typical source-to-destination byte ratio, reduced mean packet size from destination. Suggested action: Flag source IP for monitoring; likely pre-attack scanning.",True,True,True,5,5,5,0,0,True,True,3,0,0,2,0,False
40f,46,33892,Generic,Generic,False,"This flow was flagged as Generic with 100.0% confidence. Main reasons: typical total bytes transferred, typical bytes sent by the source, network service=dns, reduced average packet size, unusually high recent connections to this destination from the same source port. Suggested action: Review firewall rules for this flow's protocol/service combination.",True,True,True,4,4,4,1,1,True,True,1,1,0,2,1,False
40f,46,34003,Overlap-Group-1,Overlap-Group-1,False,"This flow was flagged as Overlap-Group-1 with 55.9% confidence. Main reasons: network protocol=unas, typical bytes sent by the source, reduced average packet size, unusually high recent connections to this destination from the same source port. Suggested action: Flagged as DoS, Backdoor, or Analysis-type behavior — this dataset's flow-level features can't reliably distinguish the three. Escalate for manual / packet-level inspection to determine the specific subtype.",True,True,True,3,3,3,1,1,True,True,1,1,0,1,1,False
40f,46,34249,Reconnaissance,Reconnaissance,False,"This flow was flagged as Reconnaissance with 51.0% confidence. Main reasons: network service=http, reduced mean packet size from destination, typical source jitter, reduced mean packet size from source. Suggested action: Flag source IP for monitoring; likely pre-attack scanning.",True,True,True,3,3,3,1,1,True,True,2,0,0,1,0,False
40f,46,34293,Reconnaissance,Reconnaissance,False,"This flow was flagged as Reconnaissance with 96.0% confidence. Main reasons: typical bytes sent by the source, typical total bytes transferred, reduced average packet size, reduced mean packet size from destination, reduced mean packet size from source. Suggested action: Flag source IP for monitoring; likely pre-attack scanning.",True,True,True,5,5,5,0,0,True,True,3,0,0,2,0,False
40f,46,34871,Reconnaissance,Reconnaissance,False,"This flow was flagged as Reconnaissance with 98.9% confidence. Main reasons: typical bytes sent by the source, typical total bytes transferred, reduced average packet size, reduced mean packet size from destination, reduced mean packet size from source. Suggested action: Flag source IP for monitoring; likely pre-attack scanning.",True,True,True,5,5,5,0,0,True,True,3,0,0,2,0,False
40f,46,34953,Generic,Generic,False,"This flow was flagged as Generic with 99.3% confidence. Main reasons: typical total bytes transferred, typical bytes sent by the source, network service=dns, reduced average packet size. Suggested action: Review firewall rules for this flow's protocol/service combination.",True,True,True,3,3,3,1,1,True,True,0,1,0,2,1,False
40f,46,35130,Overlap-Group-1,Overlap-Group-1,False,"This flow was flagged as Overlap-Group-1 with 67.5% confidence. Main reasons: network protocol=xtp, typical bytes sent by the source, reduced average packet size, unusually high recent connections to this destination from the same source port. Suggested action: Flagged as DoS, Backdoor, or Analysis-type behavior — this dataset's flow-level features can't reliably distinguish the three. Escalate for manual / packet-level inspection to determine the specific subtype.",True,True,True,3,3,3,1,1,True,True,1,1,0,1,1,False
40f,46,35165,Overlap-Group-1,Overlap-Group-1,False,"This flow was flagged as Overlap-Group-1 with 52.3% confidence. Main reasons: network protocol=secure-vmtp, typical bytes sent by the source, reduced average packet size, typical mean packet size from source. Suggested action: Flagged as DoS, Backdoor, or Analysis-type behavior — this dataset's flow-level features can't reliably distinguish the three. Escalate for manual / packet-level inspection to determine the specific subtype.",True,True,True,3,3,3,1,1,True,True,0,1,0,2,1,False
40f,46,35248,Exploits,Exploits,False,"This flow was flagged as Exploits with 51.1% confidence. Main reasons: typical ACK data time, reduced average packet size, reduced recent connections from this source to the same destination port, typical source data load. Suggested action: Isolate the target host and check for unpatched vulnerabilities.",True,True,True,4,4,4,0,0,True,True,1,1,0,2,1,False
40f,46,35912,Reconnaissance,Reconnaissance,False,"This flow was flagged as Reconnaissance with 99.9% confidence. Main reasons: reduced average packet size, typical source jitter, reduced mean packet size from source, typical source-to-destination byte ratio, reduced mean packet size from destination. Suggested action: Flag source IP for monitoring; likely pre-attack scanning.",True,True,True,5,5,5,0,0,True,True,3,0,0,2,0,False
40f,46,35959,Overlap-Group-1,Overlap-Group-1,False,"This flow was flagged as Overlap-Group-1 with 53.5% confidence. Main reasons: network protocol=bna, typical bytes sent by the source, reduced average packet size, typical mean packet size from source. Suggested action: Flagged as DoS, Backdoor, or Analysis-type behavior — this dataset's flow-level features can't reliably distinguish the three. Escalate for manual / packet-level inspection to determine the specific subtype.",True,True,True,3,3,3,1,1,True,True,0,1,0,2,1,False
40f,46,36130,Exploits,Exploits,False,"This flow was flagged as Exploits with 99.5% confidence. Main reasons: network service=ftp-data, reduced mean packet size from source, typical bytes sent by the source, unusually high ACK data time, typical source-to-destination byte ratio. Suggested action: Isolate the target host and check for unpatched vulnerabilities.",True,True,True,4,4,4,1,1,True,True,1,1,0,2,1,False
40f,46,36229,Fuzzers,Fuzzers,False,"This flow was flagged as Fuzzers with 70.5% confidence. Main reasons: reduced mean packet size from source, reduced destination data load, network service=-, reduced average packet size, typical recent connections from this source to the same destination port. Suggested action: Inspect the application for crash logs; consider input validation hardening.",True,True,True,4,4,4,1,1,True,True,2,1,0,1,1,False
40f,46,36397,Unknown,Exploits,True,"This flow was flagged as an unrecognized (potential zero-day) pattern with 47.7% confidence. Main reasons: reduced ACK data time, typical SYN-ACK handshake time. Suggested action: Unrecognized pattern — escalate to a human analyst for manual review.",True,True,True,2,2,2,0,0,True,True,0,1,0,1,1,False
40f,46,36430,Overlap-Group-1,Overlap-Group-1,False,"This flow was flagged as Overlap-Group-1 with 57.4% confidence. Main reasons: network protocol=unas, typical bytes sent by the source, reduced average packet size, unusually high recent connections to this destination from the same source port. Suggested action: Flagged as DoS, Backdoor, or Analysis-type behavior — this dataset's flow-level features can't reliably distinguish the three. Escalate for manual / packet-level inspection to determine the specific subtype.",True,True,True,3,3,3,1,1,True,True,1,1,0,1,1,False
40f,46,36668,Exploits,Exploits,False,"This flow was flagged as Exploits with 97.4% confidence. Main reasons: reduced mean packet size from source, elevated ACK data time, typical average packet size, elevated mean packet size from destination. Suggested action: Isolate the target host and check for unpatched vulnerabilities.",True,True,True,4,4,4,0,0,True,True,2,1,0,1,1,False
40f,46,37014,Exploits,Exploits,False,"This flow was flagged as Exploits with 61.4% confidence. Main reasons: typical mean packet size from destination, elevated ACK data time, typical source-to-destination byte ratio. Suggested action: Isolate the target host and check for unpatched vulnerabilities.",True,True,True,3,3,3,0,0,True,True,1,0,0,2,0,False
40f,46,37335,Generic,Generic,False,"This flow was flagged as Generic with 100.0% confidence. Main reasons: typical total bytes transferred, typical bytes sent by the source, network service=dns, reduced average packet size, elevated recent connections to this destination from the same source port. Suggested action: Review firewall rules for this flow's protocol/service combination.",True,True,True,4,4,4,1,1,True,True,1,1,0,2,1,False
40f,46,37400,Generic,Generic,False,"This flow was flagged as Generic with 99.8% confidence. Main reasons: typical total bytes transferred, typical bytes sent by the source, network service=dns, reduced average packet size. Suggested action: Review firewall rules for this flow's protocol/service combination.",True,True,True,3,3,3,1,1,True,True,0,1,0,2,1,False
40f,46,37717,Exploits,Exploits,False,"This flow was flagged as Exploits with 95.6% confidence. Main reasons: typical dloss, elevated ACK data time, reduced mean packet size from destination. Suggested action: Isolate the target host and check for unpatched vulnerabilities.",True,True,True,3,3,3,0,0,True,True,1,1,0,1,1,False
40f,46,37878,Unknown,Overlap-Group-1,True,"This flow was flagged as an unrecognized (potential zero-day) pattern with 37.5% confidence. Main reasons: network protocol=ospf, typical recent connections to this destination from the same source port. Suggested action: Unrecognized pattern — escalate to a human analyst for manual review.",True,True,True,1,1,1,1,1,True,True,0,0,0,1,0,False
40f,46,37905,Exploits,Exploits,False,"This flow was flagged as Exploits with 97.4% confidence. Main reasons: reduced mean packet size from source, elevated ACK data time, elevated average packet size, typical source data load. Suggested action: Isolate the target host and check for unpatched vulnerabilities.",True,True,True,4,4,4,0,0,True,True,2,1,0,1,1,False
40f,46,38264,Generic,Generic,False,"This flow was flagged as Generic with 100.0% confidence. Main reasons: typical total bytes transferred, typical bytes sent by the source, network service=dns, reduced average packet size, unusually high recent connections to this destination from the same source port. Suggested action: Review firewall rules for this flow's protocol/service combination.",True,True,True,4,4,4,1,1,True,True,1,1,0,2,1,False
40f,46,38519,Unknown,Exploits,True,"This flow was flagged as an unrecognized (potential zero-day) pattern with 48.9% confidence. Main reasons: unusually high ACK data time, typical dloss, typical bytes sent by the destination. Suggested action: Unrecognized pattern — escalate to a human analyst for manual review.",True,True,True,3,3,3,0,0,True,True,1,0,0,2,0,False
40f,46,38628,Generic,Generic,False,"This flow was flagged as Generic with 99.9% confidence. Main reasons: typical total bytes transferred, typical bytes sent by the source, network service=dns, reduced average packet size, typical recent connections to this destination from the same source port. Suggested action: Review firewall rules for this flow's protocol/service combination.",True,True,True,4,4,4,1,1,True,True,0,1,0,3,1,False
40f,46,38891,Unknown,Exploits,True,"This flow was flagged as an unrecognized (potential zero-day) pattern with 49.1% confidence. Main reasons: reduced SYN-ACK handshake time, typical ACK data time, reduced recent connections from this source to the same destination port, elevated source-to-destination byte ratio. Suggested action: Unrecognized pattern — escalate to a human analyst for manual review.",True,True,True,4,4,4,0,0,True,True,1,1,1,1,1,False
40f,46,38971,Unknown,Generic,True,"This flow was flagged as an unrecognized (potential zero-day) pattern with 39.5% confidence. Main reasons: unusually high mean packet size from source, typical bytes sent by the source, reduced recent connections from this source to the same destination port, reduced source-to-destination byte ratio. Suggested action: Unrecognized pattern — escalate to a human analyst for manual review.",True,True,True,4,4,4,0,0,True,True,3,0,0,1,0,False
40f,46,39472,Exploits,Exploits,False,"This flow was flagged as Exploits with 99.6% confidence. Main reasons: reduced mean packet size from source, elevated ACK data time, elevated destination jitter, unusually high dloss. Suggested action: Isolate the target host and check for unpatched vulnerabilities.",True,True,True,4,4,4,0,0,True,True,3,1,0,0,1,False
40f,46,39473,Generic,Generic,False,"This flow was flagged as Generic with 100.0% confidence. Main reasons: typical total bytes transferred, typical bytes sent by the source, network service=dns, reduced average packet size, unusually high recent connections to this destination from the same source port. Suggested action: Review firewall rules for this flow's protocol/service combination.",True,True,True,4,4,4,1,1,True,True,1,1,0,2,1,False
40f,46,40000,Exploits,Exploits,False,"This flow was flagged as Exploits with 92.9% confidence. Main reasons: reduced mean packet size from source, typical ACK data time, typical average packet size, typical bytes sent by the destination. Suggested action: Isolate the target host and check for unpatched vulnerabilities.",True,True,True,4,4,4,0,0,True,True,0,1,0,3,1,False
40f,46,40205,Reconnaissance,Reconnaissance,False,"This flow was flagged as Reconnaissance with 99.9% confidence. Main reasons: reduced average packet size, typical source jitter, reduced mean packet size from source, typical source-to-destination byte ratio, reduced mean packet size from destination. Suggested action: Flag source IP for monitoring; likely pre-attack scanning.",True,True,True,5,5,5,0,0,True,True,3,0,0,2,0,False
40f,46,40753,Overlap-Group-1,Overlap-Group-1,False,"This flow was flagged as Overlap-Group-1 with 64.1% confidence. Main reasons: network service=http, typical response body len, reduced average packet size, typical bytes sent by the destination, unusually high ACK data time. Suggested action: Flagged as DoS, Backdoor, or Analysis-type behavior — this dataset's flow-level features can't reliably distinguish the three. Escalate for manual / packet-level inspection to determine the specific subtype.",True,True,True,4,4,4,1,1,True,True,1,1,0,2,1,False
40f,46,41054,Normal,Normal,False,"This flow was flagged as Normal with 62.6% confidence. Main reasons: reduced average packet size, typical total bytes transferred, reduced ACK data time, network service=-. Suggested action: No action required.",True,True,True,3,3,3,1,1,True,True,1,1,0,1,1,False
40f,46,41067,Unknown,Normal,True,"This flow was flagged as an unrecognized (potential zero-day) pattern with 49.3% confidence. Main reasons: network service=-, typical source-to-destination byte ratio, typical total bytes transferred. Suggested action: Unrecognized pattern — escalate to a human analyst for manual review.",True,True,True,2,2,2,1,1,True,True,0,0,0,2,0,False
40f,46,41320,Unknown,Normal,True,"This flow was flagged as an unrecognized (potential zero-day) pattern with 44.9% confidence. Main reasons: network service=-, typical bytes sent by the source, typical source-to-destination byte ratio. Suggested action: Unrecognized pattern — escalate to a human analyst for manual review.",True,True,True,2,2,2,1,1,True,True,0,0,0,2,0,False
40f,46,42207,Fuzzers,Fuzzers,False,"This flow was flagged as Fuzzers with 69.6% confidence. Main reasons: typical bytes sent by the source, reduced destination data load, typical source jitter, network service=-. Suggested action: Inspect the application for crash logs; consider input validation hardening.",True,True,True,3,3,3,1,1,True,True,1,0,0,2,0,False
40f,46,42314,Unknown,Normal,True,"This flow was flagged as an unrecognized (potential zero-day) pattern with 44.0% confidence. Main reasons: typical source-to-destination byte ratio, typical total bytes transferred, typical recent connections from this source to the same destination port. Suggested action: Unrecognized pattern — escalate to a human analyst for manual review.",True,True,True,3,3,3,0,0,True,True,0,0,0,3,0,False
40f,46,42649,Unknown,Overlap-Group-1,True,"This flow was flagged as an unrecognized (potential zero-day) pattern with 48.1% confidence. Main reasons: network service=http, typical bytes sent by the destination, typical response body len, reduced average packet size, unusually high ACK data time. Suggested action: Unrecognized pattern — escalate to a human analyst for manual review.",True,True,True,4,4,4,1,1,True,True,1,1,0,2,1,False
40f,46,42665,Fuzzers,Fuzzers,False,"This flow was flagged as Fuzzers with 65.2% confidence. Main reasons: typical bytes sent by the source, network service=-, reduced destination data load, elevated source-to-destination packet ratio. Suggested action: Inspect the application for crash logs; consider input validation hardening.",True,True,True,3,3,3,1,1,True,True,2,0,0,1,0,False
40f,46,42674,Unknown,Normal,True,"This flow was flagged as an unrecognized (potential zero-day) pattern with 47.7% confidence. Main reasons: typical source-to-destination byte ratio, typical response body len. Suggested action: Unrecognized pattern — escalate to a human analyst for manual review.",True,True,True,2,2,2,0,0,True,True,0,0,0,2,0,False
40f,46,42763,Unknown,Overlap-Group-1,True,"This flow was flagged as an unrecognized (potential zero-day) pattern with 49.5% confidence. Main reasons: reduced average packet size, network service=http, extremely high ct flw http mthd, typical response body len. Suggested action: Unrecognized pattern — escalate to a human analyst for manual review.",True,True,True,3,3,3,1,1,True,True,1,1,0,1,1,False
40f,46,42774,Unknown,Overlap-Group-1,True,"This flow was flagged as an unrecognized (potential zero-day) pattern with 37.4% confidence. Main reasons: network service=http, reduced average packet size, typical response body len, unusually high ACK data time, typical bytes sent by the destination. Suggested action: Unrecognized pattern — escalate to a human analyst for manual review.",True,True,True,4,4,4,1,1,True,True,1,1,0,2,1,False
40f,46,42786,Overlap-Group-1,Overlap-Group-1,False,"This flow was flagged as Overlap-Group-1 with 63.8% confidence. Main reasons: unusually high ACK data time, network service=http, reduced average packet size, reduced stcpb, typical response body len. Suggested action: Flagged as DoS, Backdoor, or Analysis-type behavior — this dataset's flow-level features can't reliably distinguish the three. Escalate for manual / packet-level inspection to determine the specific subtype.",True,True,True,4,4,4,1,1,True,True,2,1,0,1,1,False
40f,46,42800,Fuzzers,Fuzzers,False,"This flow was flagged as Fuzzers with 81.3% confidence. Main reasons: typical bytes sent by the source, reduced destination data load, typical destination jitter, typical source jitter, network service=-. Suggested action: Inspect the application for crash logs; consider input validation hardening.",True,True,True,4,4,4,1,1,True,True,1,0,0,3,0,False
40f,46,43660,Fuzzers,Fuzzers,False,"This flow was flagged as Fuzzers with 88.7% confidence. Main reasons: typical bytes sent by the destination, typical bytes sent by the source, network service=-, reduced destination data load. Suggested action: Inspect the application for crash logs; consider input validation hardening.",True,True,True,3,3,3,1,1,True,True,1,0,0,2,0,False
40f,46,44669,Exploits,Exploits,False,"This flow was flagged as Exploits with 83.5% confidence. Main reasons: typical ACK data time, typical total bytes transferred, unusually high stcpb, reduced mean packet size from source, typical source data load. Suggested action: Isolate the target host and check for unpatched vulnerabilities.",True,True,True,5,5,5,0,0,True,True,0,2,0,3,2,False
40f,46,44672,Unknown,Fuzzers,True,"This flow was flagged as an unrecognized (potential zero-day) pattern with 44.6% confidence. Main reasons: reduced average packet size, network service=-, reduced destination data load, typical bytes sent by the source. Suggested action: Unrecognized pattern — escalate to a human analyst for manual review.",True,True,True,3,3,3,1,1,True,True,2,0,0,1,0,False
40f,46,44785,Unknown,Exploits,True,"This flow was flagged as an unrecognized (potential zero-day) pattern with 42.5% confidence. Main reasons: typical average packet size, reduced recent connections from this source to the same destination port, elevated ACK data time, elevated mean packet size from source. Suggested action: Unrecognized pattern — escalate to a human analyst for manual review.",True,True,True,4,4,4,0,0,True,True,3,0,0,1,0,False
40f,46,45840,Fuzzers,Fuzzers,False,"This flow was flagged as Fuzzers with 74.5% confidence. Main reasons: typical recent connections from this source to the same destination port, reduced mean packet size from source, reduced average packet size, network service=-. Suggested action: Inspect the application for crash logs; consider input validation hardening.",True,True,True,3,3,3,1,1,True,True,1,1,0,1,1,False
40f,46,46062,Fuzzers,Fuzzers,False,"This flow was flagged as Fuzzers with 64.9% confidence. Main reasons: reduced mean packet size from source, reduced average packet size, typical recent connections from this source to the same destination port, reduced destination data load, network service=-. Suggested action: Inspect the application for crash logs; consider input validation hardening.",True,True,True,4,4,4,1,1,True,True,2,1,0,1,1,False
40f,46,46091,Fuzzers,Fuzzers,False,"This flow was flagged as Fuzzers with 71.4% confidence. Main reasons: reduced mean packet size from source, reduced destination data load, network service=-, reduced average packet size, typical recent connections from this source to the same destination port. Suggested action: Inspect the application for crash logs; consider input validation hardening.",True,True,True,4,4,4,1,1,True,True,2,1,0,1,1,False
40f,46,46330,Fuzzers,Fuzzers,False,"This flow was flagged as Fuzzers with 74.7% confidence. Main reasons: reduced mean packet size from source, reduced destination data load, network service=-, reduced average packet size. Suggested action: Inspect the application for crash logs; consider input validation hardening.",True,True,True,3,3,3,1,1,True,True,2,1,0,0,1,False
40f,46,46452,Unknown,Fuzzers,True,"This flow was flagged as an unrecognized (potential zero-day) pattern with 47.7% confidence. Main reasons: reduced destination data load, reduced average packet size, network service=-, network protocol=udp. Suggested action: Unrecognized pattern — escalate to a human analyst for manual review.",True,True,True,2,2,2,2,2,True,True,2,0,0,0,0,False
40f,46,46623,Unknown,Normal,True,"This flow was flagged as an unrecognized (potential zero-day) pattern with 36.4% confidence. Main reasons: network service=-, elevated source-to-destination byte ratio. Suggested action: Unrecognized pattern — escalate to a human analyst for manual review.",True,True,True,1,1,1,1,1,True,True,1,0,0,0,0,False
40f,46,46752,Unknown,Fuzzers,True,"This flow was flagged as an unrecognized (potential zero-day) pattern with 35.4% confidence. Main reasons: reduced destination data load, network service=-, typical source-to-destination byte ratio, typical source jitter. Suggested action: Unrecognized pattern — escalate to a human analyst for manual review.",True,True,True,3,3,3,1,1,True,True,1,0,0,2,0,False
40f,46,46773,Fuzzers,Fuzzers,False,"This flow was flagged as Fuzzers with 80.1% confidence. Main reasons: typical bytes sent by the destination, typical bytes sent by the source, reduced destination data load, typical destination jitter. Suggested action: Inspect the application for crash logs; consider input validation hardening.",True,True,True,4,4,4,0,0,True,True,1,0,0,3,0,False
40f,46,46779,Unknown,Fuzzers,True,"This flow was flagged as an unrecognized (potential zero-day) pattern with 42.1% confidence. Main reasons: reduced destination data load, network service=-, typical source-to-destination byte ratio, typical bytes sent by the source. Suggested action: Unrecognized pattern — escalate to a human analyst for manual review.",True,True,True,3,3,3,1,1,True,True,1,0,0,2,0,False
40f,46,47320,Fuzzers,Fuzzers,False,"This flow was flagged as Fuzzers with 83.9% confidence. Main reasons: reduced mean packet size from source, reduced average packet size, reduced destination data load, typical recent connections from this source to the same destination port, network service=-. Suggested action: Inspect the application for crash logs; consider input validation hardening.",True,True,True,4,4,4,1,1,True,True,2,1,0,1,1,False
40f,46,47497,Fuzzers,Fuzzers,False,"This flow was flagged as Fuzzers with 95.1% confidence. Main reasons: typical bytes sent by the source, typical bytes sent by the destination, reduced average packet size, reduced destination data load. Suggested action: Inspect the application for crash logs; consider input validation hardening.",True,True,True,4,4,4,0,0,True,True,2,0,0,2,0,False
40f,46,47626,Unknown,Overlap-Group-1,True,"This flow was flagged as an unrecognized (potential zero-day) pattern with 48.1% confidence. Main reasons: reduced average packet size, network service=http, typical response body len, elevated ACK data time. Suggested action: Unrecognized pattern — escalate to a human analyst for manual review.",True,True,True,3,3,3,1,1,True,True,1,1,0,1,1,False
40f,46,47843,Unknown,Normal,True,"This flow was flagged as an unrecognized (potential zero-day) pattern with 36.4% confidence. Main reasons: typical source-to-destination byte ratio, typical bytes sent by the destination. Suggested action: Unrecognized pattern — escalate to a human analyst for manual review.",True,True,True,2,2,2,0,0,True,True,0,0,0,2,0,False
40f,46,48248,Unknown,Normal,True,"This flow was flagged as an unrecognized (potential zero-day) pattern with 47.4% confidence. Main reasons: network service=-, typical bytes sent by the source, elevated mean packet size from source, typical source-to-destination byte ratio. Suggested action: Unrecognized pattern — escalate to a human analyst for manual review.",True,True,True,3,3,3,1,1,True,True,0,1,0,2,1,False
40f,46,48254,Unknown,Normal,True,"This flow was flagged as an unrecognized (potential zero-day) pattern with 38.3% confidence. Main reasons: typical response body len, typical bytes sent by the destination, typical source-to-destination byte ratio. Suggested action: Unrecognized pattern — escalate to a human analyst for manual review.",True,True,True,3,3,3,0,0,True,True,0,0,0,3,0,False
40f,46,48477,Unknown,Overlap-Group-1,True,"This flow was flagged as an unrecognized (potential zero-day) pattern with 48.4% confidence. Main reasons: network service=http, reduced average packet size, unusually high ACK data time, typical response body len. Suggested action: Unrecognized pattern — escalate to a human analyst for manual review.",True,True,True,3,3,3,1,1,True,True,1,1,0,1,1,False
40f,46,48720,Unknown,Overlap-Group-1,True,"This flow was flagged as an unrecognized (potential zero-day) pattern with 49.0% confidence. Main reasons: network service=http, typical response body len, reduced average packet size. Suggested action: Unrecognized pattern — escalate to a human analyst for manual review.",True,True,True,2,2,2,1,1,True,True,0,1,0,1,1,False
40f,46,48723,Unknown,Exploits,True,"This flow was flagged as an unrecognized (potential zero-day) pattern with 40.4% confidence. Main reasons: network service=http, typical ACK data time, typical TCP round-trip time. Suggested action: Unrecognized pattern — escalate to a human analyst for manual review.",True,True,True,2,2,2,1,1,True,True,0,0,0,2,0,False
40f,46,48793,Fuzzers,Fuzzers,False,"This flow was flagged as Fuzzers with 81.6% confidence. Main reasons: typical bytes sent by the source, typical bytes sent by the destination, reduced average packet size, network service=-. Suggested action: Inspect the application for crash logs; consider input validation hardening.",True,True,True,3,3,3,1,1,True,True,1,0,0,2,0,False
40f,46,48995,Normal,Normal,False,"This flow was flagged as Normal with 99.8% confidence. Main reasons: typical bytes sent by the destination, network service=-, connection state=CON, typical bytes sent by the source, elevated source-to-destination byte ratio. Suggested action: No action required.",True,True,True,3,3,3,2,2,True,True,1,0,0,2,0,False
40f,46,49046,Normal,Normal,False,"This flow was flagged as Normal with 99.8% confidence. Main reasons: typical bytes sent by the destination, network service=-, connection state=CON, typical bytes sent by the source. Suggested action: No action required.",True,True,True,2,2,2,2,2,True,True,0,0,0,2,0,False
40f,46,49354,Fuzzers,Fuzzers,False,"This flow was flagged as Fuzzers with 71.9% confidence. Main reasons: reduced mean packet size from source, reduced destination data load, network service=-, reduced average packet size. Suggested action: Inspect the application for crash logs; consider input validation hardening.",True,True,True,3,3,3,1,1,True,True,2,1,0,0,1,False
40f,46,49690,Unknown,Fuzzers,True,"This flow was flagged as an unrecognized (potential zero-day) pattern with 42.0% confidence. Main reasons: typical bytes sent by the source, reduced destination data load, typical mean packet size from source, network service=-, typical source jitter. Suggested action: Unrecognized pattern — escalate to a human analyst for manual review.",True,True,True,4,4,4,1,1,True,True,1,0,0,3,0,False
40f,46,51018,Unknown,Normal,True,"This flow was flagged as an unrecognized (potential zero-day) pattern with 49.2% confidence. Main reasons: reduced average packet size, network service=-, typical source-to-destination byte ratio, typical source jitter. Suggested action: Unrecognized pattern — escalate to a human analyst for manual review.",True,True,True,3,3,3,1,1,True,True,0,1,0,2,1,False
40f,46,51078,Unknown,Normal,True,"This flow was flagged as an unrecognized (potential zero-day) pattern with 49.8% confidence. Main reasons: reduced average packet size, typical total bytes transferred, reduced ACK data time, network service=-. Suggested action: Unrecognized pattern — escalate to a human analyst for manual review.",True,True,True,3,3,3,1,1,True,True,1,1,0,1,1,False
40f,46,51228,Fuzzers,Fuzzers,False,"This flow was flagged as Fuzzers with 76.9% confidence. Main reasons: reduced mean packet size from source, reduced destination data load, network service=-, reduced average packet size, typical recent connections from this source to the same destination port. Suggested action: Inspect the application for crash logs; consider input validation hardening.",True,True,True,4,4,4,1,1,True,True,2,1,0,1,1,False
40f,46,51766,Fuzzers,Fuzzers,False,"This flow was flagged as Fuzzers with 90.9% confidence. Main reasons: typical bytes sent by the source, extremely high destination jitter, reduced destination data load, reduced average packet size. Suggested action: Inspect the application for crash logs; consider input validation hardening.",True,True,True,4,4,4,0,0,True,True,3,0,0,1,0,False
40f,46,52264,Unknown,Fuzzers,True,"This flow was flagged as an unrecognized (potential zero-day) pattern with 35.7% confidence. Main reasons: reduced average packet size, reduced destination data load, network service=-, reduced mean packet size from source. Suggested action: Unrecognized pattern — escalate to a human analyst for manual review.",True,True,True,3,3,3,1,1,True,True,2,1,0,0,1,False
40f,46,53116,Fuzzers,Fuzzers,False,"This flow was flagged as Fuzzers with 52.6% confidence. Main reasons: typical bytes sent by the source, reduced destination data load, network service=-, unusually high ACK data time. Suggested action: Inspect the application for crash logs; consider input validation hardening.",True,True,True,3,3,3,1,1,True,True,1,1,0,1,1,False
40f,46,54632,Unknown,Normal,True,"This flow was flagged as an unrecognized (potential zero-day) pattern with 40.3% confidence. Main reasons: reduced average packet size, extremely high SYN-ACK handshake time, network service=-. Suggested action: Unrecognized pattern — escalate to a human analyst for manual review.",True,True,True,2,2,2,1,1,True,True,0,1,1,0,1,False
40f,46,54940,Normal,Normal,False,"This flow was flagged as Normal with 60.9% confidence. Main reasons: network service=-, typical source-to-destination byte ratio, unusually high SYN-ACK handshake time. Suggested action: No action required.",True,True,True,2,2,2,1,1,True,True,0,0,1,1,0,False
40f,46,55024,Fuzzers,Fuzzers,False,"This flow was flagged as Fuzzers with 59.2% confidence. Main reasons: reduced destination data load, network service=-, typical source-to-destination byte ratio, typical bytes sent by the source. Suggested action: Inspect the application for crash logs; consider input validation hardening.",True,True,True,3,3,3,1,1,True,True,1,0,0,2,0,False
40f,46,55211,Unknown,Exploits,True,"This flow was flagged as an unrecognized (potential zero-day) pattern with 42.9% confidence. Main reasons: typical SYN-ACK handshake time, typical TCP round-trip time, reduced recent connections from this source to the same destination port. Suggested action: Unrecognized pattern — escalate to a human analyst for manual review.",True,True,True,3,3,3,0,0,True,True,1,0,0,2,0,False
40f,46,55281,Unknown,Fuzzers,True,"This flow was flagged as an unrecognized (potential zero-day) pattern with 47.2% confidence. Main reasons: reduced mean packet size from source, reduced average packet size, network service=-, elevated source-to-destination packet ratio. Suggested action: Unrecognized pattern — escalate to a human analyst for manual review.",True,True,True,3,3,3,1,1,True,True,2,1,0,0,1,False
40f,46,55361,Fuzzers,Fuzzers,False,"This flow was flagged as Fuzzers with 63.0% confidence. Main reasons: reduced destination data load, network service=-, reduced mean packet size from destination. Suggested action: Inspect the application for crash logs; consider input validation hardening.",True,True,True,2,2,2,1,1,True,True,2,0,0,0,0,False
40f,46,55374,Unknown,Fuzzers,True,"This flow was flagged as an unrecognized (potential zero-day) pattern with 40.5% confidence. Main reasons: reduced destination data load, network service=-, reduced mean packet size from source, typical source jitter. Suggested action: Unrecognized pattern — escalate to a human analyst for manual review.",True,True,True,3,3,3,1,1,True,True,1,1,0,1,1,False
40f,46,55934,Unknown,Fuzzers,True,"This flow was flagged as an unrecognized (potential zero-day) pattern with 45.4% confidence. Main reasons: reduced destination data load, network service=-, reduced mean packet size from destination. Suggested action: Unrecognized pattern — escalate to a human analyst for manual review.",True,True,True,2,2,2,1,1,True,True,2,0,0,0,0,False
40f,46,56010,Fuzzers,Fuzzers,False,"This flow was flagged as Fuzzers with 90.3% confidence. Main reasons: typical bytes sent by the source, network service=-, reduced destination data load, typical source jitter, reduced average packet size. Suggested action: Inspect the application for crash logs; consider input validation hardening.",True,True,True,4,4,4,1,1,True,True,2,0,0,2,0,False
40f,46,56016,Unknown,Fuzzers,True,"This flow was flagged as an unrecognized (potential zero-day) pattern with 43.1% confidence. Main reasons: reduced destination data load, network service=-, typical bytes sent by the source. Suggested action: Unrecognized pattern — escalate to a human analyst for manual review.",True,True,True,2,2,2,1,1,True,True,1,0,0,1,0,False
