pool_label,seed,flow,stratum,predicted,is_unknown,narrative,confidence_text_ok,confidence_json_ok,a_ok,n_cited_numeric,b_exact,b_direction,n_cited_categorical,c_ok,d_ok,e_ok,f_consistent,f_inconsistent,f_no_monotone_relation,f_no_direction_claimed,n_failures,diffuse
48f,42,392,Unknown,Fuzzers,True,"This flow was flagged as an unrecognized (potential zero-day) pattern with 43.2% confidence. Main reasons: unusually high source time-to-live, network service=-. Suggested action: Unrecognized pattern — escalate to a human analyst for manual review.",True,True,True,1,1,1,1,1,True,True,1,0,0,0,0,False
48f,42,991,Unknown,Overlap-Group-1,True,"This flow was flagged as an unrecognized (potential zero-day) pattern with 45.1% confidence. Main reasons: network protocol=ospf, reduced connections to the same service and destination, unusually high source time-to-live, typical destination jitter. Suggested action: Unrecognized pattern — escalate to a human analyst for manual review.",True,True,True,3,3,3,1,1,True,True,2,0,0,1,0,False
48f,42,1062,Reconnaissance,Reconnaissance,False,"This flow was flagged as Reconnaissance with 61.2% confidence. Main reasons: reduced mean packet size from destination, network service=http, reduced recent connections between this source and destination, reduced connections to the same service and destination, reduced mean packet size from source. Suggested action: Flag source IP for monitoring; likely pre-attack scanning.",True,True,True,4,4,4,1,1,True,True,4,0,0,0,0,False
48f,42,1421,Overlap-Group-1,Overlap-Group-1,False,"This flow was flagged as Overlap-Group-1 with 91.4% confidence. Main reasons: network protocol=vines, unusually high recent connections from this source, reduced average packet size, typical bytes sent by the source. Suggested action: Flagged as DoS, Backdoor, or Analysis-type behavior — this dataset's flow-level features can't reliably distinguish the three. Escalate for manual / packet-level inspection to determine the specific subtype.",True,True,True,3,3,3,1,1,True,True,0,2,0,1,2,False
48f,42,1589,Overlap-Group-1,Overlap-Group-1,False,"This flow was flagged as Overlap-Group-1 with 94.6% confidence. Main reasons: network protocol=unas, unusually high recent connections from this source, reduced average packet size, elevated recent connections to this destination from the same source port, typical bytes sent by the source. Suggested action: Flagged as DoS, Backdoor, or Analysis-type behavior — this dataset's flow-level features can't reliably distinguish the three. Escalate for manual / packet-level inspection to determine the specific subtype.",True,True,True,4,4,4,1,1,True,True,1,2,0,1,2,False
48f,42,1826,Overlap-Group-1,Overlap-Group-1,False,"This flow was flagged as Overlap-Group-1 with 73.0% confidence. Main reasons: network protocol=unas, reduced average packet size, typical bytes sent by the source, elevated recent connections to this destination from the same source port. Suggested action: Flagged as DoS, Backdoor, or Analysis-type behavior — this dataset's flow-level features can't reliably distinguish the three. Escalate for manual / packet-level inspection to determine the specific subtype.",True,True,True,3,3,3,1,1,True,True,1,1,0,1,1,False
48f,42,1910,Overlap-Group-1,Overlap-Group-1,False,"This flow was flagged as Overlap-Group-1 with 65.6% confidence. Main reasons: network protocol=iso-ip, reduced average packet size, typical bytes sent by the source, unusually high source time-to-live. Suggested action: Flagged as DoS, Backdoor, or Analysis-type behavior — this dataset's flow-level features can't reliably distinguish the three. Escalate for manual / packet-level inspection to determine the specific subtype.",True,True,True,3,3,3,1,1,True,True,1,1,0,1,1,False
48f,42,1925,Reconnaissance,Reconnaissance,False,"This flow was flagged as Reconnaissance with 99.9% confidence. Main reasons: reduced average packet size, reduced mean packet size from destination, typical bytes sent by the source, reduced mean packet size from source, reduced connections to the same service and destination. Suggested action: Flag source IP for monitoring; likely pre-attack scanning.",True,True,True,5,5,5,0,0,True,True,4,0,0,1,0,False
48f,42,2279,Exploits,Exploits,False,"This flow was flagged as Exploits with 98.7% confidence. Main reasons: reduced source time-to-live, unusually high stcpb, reduced connections to the same service and destination, unusually high destination time-to-live, typical bytes sent by the destination. Suggested action: Isolate the target host and check for unpatched vulnerabilities.",True,True,True,5,5,5,0,0,True,True,3,1,0,1,1,False
48f,42,2340,Exploits,Exploits,False,"This flow was flagged as Exploits with 59.9% confidence. Main reasons: unusually high destination time-to-live, reduced source time-to-live, reduced connections to the same service and destination. Suggested action: Isolate the target host and check for unpatched vulnerabilities.",True,True,True,3,3,3,0,0,True,True,2,1,0,0,1,False
48f,42,2414,Reconnaissance,Reconnaissance,False,"This flow was flagged as Reconnaissance with 99.8% confidence. Main reasons: reduced average packet size, reduced mean packet size from destination, typical bytes sent by the source, reduced recent connections between this source and destination, reduced connections to the same service from this source. Suggested action: Flag source IP for monitoring; likely pre-attack scanning.",True,True,True,5,5,5,0,0,True,True,4,0,0,1,0,False
48f,42,2429,Exploits,Exploits,False,"This flow was flagged as Exploits with 92.3% confidence. Main reasons: reduced connections to the same service and destination, unusually high destination time-to-live, network service=http, typical total bytes transferred, reduced recent connections between this source and destination. Suggested action: Isolate the target host and check for unpatched vulnerabilities.",True,True,True,4,4,4,1,1,True,True,3,0,0,1,0,False
48f,42,2550,Unknown,Overlap-Group-1,True,"This flow was flagged as an unrecognized (potential zero-day) pattern with 50.3% confidence. Main reasons: reduced average packet size, reduced source time-to-live, typical response body len, reduced connections to the same service and destination. Suggested action: Unrecognized pattern — escalate to a human analyst for manual review.",True,True,True,4,4,4,0,0,True,True,1,2,0,1,2,False
48f,42,2592,Fuzzers,Fuzzers,False,"This flow was flagged as Fuzzers with 62.4% confidence. Main reasons: unusually high source time-to-live, typical bytes sent by the source, typical recent connections between this source and destination, typical source-to-destination byte ratio. Suggested action: Inspect the application for crash logs; consider input validation hardening.",True,True,True,4,4,4,0,0,True,True,1,0,0,3,0,False
48f,42,3187,Exploits,Exploits,False,"This flow was flagged as Exploits with 99.2% confidence. Main reasons: reduced source time-to-live, reduced connections to the same service and destination, typical bytes sent by the destination, unusually high destination time-to-live, typical total bytes transferred. Suggested action: Isolate the target host and check for unpatched vulnerabilities.",True,True,True,5,5,5,0,0,True,True,2,1,0,2,1,False
48f,42,3192,Reconnaissance,Reconnaissance,False,"This flow was flagged as Reconnaissance with 98.7% confidence. Main reasons: typical bytes sent by the source, reduced mean packet size from destination, reduced mean packet size from source, reduced recent connections between this source and destination, reduced average packet size. Suggested action: Flag source IP for monitoring; likely pre-attack scanning.",True,True,True,5,5,5,0,0,True,True,4,0,0,1,0,False
48f,42,3291,Overlap-Group-1,Overlap-Group-1,False,"This flow was flagged as Overlap-Group-1 with 89.6% confidence. Main reasons: typical bytes sent by the destination, unusually high source time-to-live, elevated recent connections to this destination from the same source port, typical flow duration, reduced connections to the same service from this source. Suggested action: Flagged as DoS, Backdoor, or Analysis-type behavior — this dataset's flow-level features can't reliably distinguish the three. Escalate for manual / packet-level inspection to determine the specific subtype.",True,True,True,5,5,5,0,0,True,True,3,0,0,2,0,False
48f,42,3378,Overlap-Group-1,Overlap-Group-1,False,"This flow was flagged as Overlap-Group-1 with 96.6% confidence. Main reasons: network protocol=unas, unusually high recent connections from this source, reduced average packet size, unusually high recent connections to this destination from the same source port, elevated recent connections to this destination. Suggested action: Flagged as DoS, Backdoor, or Analysis-type behavior — this dataset's flow-level features can't reliably distinguish the three. Escalate for manual / packet-level inspection to determine the specific subtype.",True,True,True,4,4,4,1,1,True,True,2,2,0,0,2,False
48f,42,3426,Overlap-Group-1,Overlap-Group-1,False,"This flow was flagged as Overlap-Group-1 with 59.4% confidence. Main reasons: network protocol=sat-mon, reduced average packet size, typical bytes sent by the source. Suggested action: Flagged as DoS, Backdoor, or Analysis-type behavior — this dataset's flow-level features can't reliably distinguish the three. Escalate for manual / packet-level inspection to determine the specific subtype.",True,True,True,2,2,2,1,1,True,True,0,1,0,1,1,False
48f,42,3491,Reconnaissance,Reconnaissance,False,"This flow was flagged as Reconnaissance with 99.8% confidence. Main reasons: reduced average packet size, reduced mean packet size from destination, typical bytes sent by the source, reduced connections to the same service and destination, reduced mean packet size from source. Suggested action: Flag source IP for monitoring; likely pre-attack scanning.",True,True,True,5,5,5,0,0,True,True,4,0,0,1,0,False
48f,42,3529,Reconnaissance,Reconnaissance,False,"This flow was flagged as Reconnaissance with 99.8% confidence. Main reasons: reduced average packet size, reduced mean packet size from destination, typical bytes sent by the source, typical source-to-destination byte ratio, reduced mean packet size from source. Suggested action: Flag source IP for monitoring; likely pre-attack scanning.",True,True,True,5,5,5,0,0,True,True,3,0,0,2,0,False
48f,42,3566,Reconnaissance,Reconnaissance,False,"This flow was flagged as Reconnaissance with 99.9% confidence. Main reasons: reduced average packet size, typical bytes sent by the source, reduced mean packet size from destination, reduced mean packet size from source, typical source-to-destination byte ratio. Suggested action: Flag source IP for monitoring; likely pre-attack scanning.",True,True,True,5,5,5,0,0,True,True,3,0,0,2,0,False
48f,42,3633,Overlap-Group-1,Overlap-Group-1,False,"This flow was flagged as Overlap-Group-1 with 54.4% confidence. Main reasons: network protocol=emcon, reduced average packet size, unusually high recent connections from this source, typical bytes sent by the source. Suggested action: Flagged as DoS, Backdoor, or Analysis-type behavior — this dataset's flow-level features can't reliably distinguish the three. Escalate for manual / packet-level inspection to determine the specific subtype.",True,True,True,3,3,3,1,1,True,True,0,2,0,1,2,False
48f,42,3644,Reconnaissance,Reconnaissance,False,"This flow was flagged as Reconnaissance with 99.9% confidence. Main reasons: reduced average packet size, reduced mean packet size from destination, typical bytes sent by the source, typical source-to-destination byte ratio, reduced mean packet size from source. Suggested action: Flag source IP for monitoring; likely pre-attack scanning.",True,True,True,5,5,5,0,0,True,True,3,0,0,2,0,False
48f,42,4187,Exploits,Exploits,False,"This flow was flagged as Exploits with 85.9% confidence. Main reasons: typical bytes sent by the source, unusually high destination time-to-live, reduced connections to the same service and destination, reduced mean packet size from source. Suggested action: Isolate the target host and check for unpatched vulnerabilities.",True,True,True,4,4,4,0,0,True,True,2,1,0,1,1,False
48f,42,4454,Exploits,Exploits,False,"This flow was flagged as Exploits with 75.3% confidence. Main reasons: unusually high destination time-to-live, reduced source time-to-live, reduced recent connections between this source and destination, typical response body len. Suggested action: Isolate the target host and check for unpatched vulnerabilities.",True,True,True,4,4,4,0,0,True,True,2,1,0,1,1,False
48f,42,4886,Reconnaissance,Reconnaissance,False,"This flow was flagged as Reconnaissance with 99.7% confidence. Main reasons: reduced average packet size, typical bytes sent by the source, reduced mean packet size from destination, typical source-to-destination byte ratio, reduced recent connections between this source and destination. Suggested action: Flag source IP for monitoring; likely pre-attack scanning.",True,True,True,5,5,5,0,0,True,True,3,0,0,2,0,False
48f,42,5172,Overlap-Group-1,Overlap-Group-1,False,"This flow was flagged as Overlap-Group-1 with 67.7% confidence. Main reasons: extremely high ct flw http mthd, typical response body len, reduced average packet size, reduced source time-to-live. Suggested action: Flagged as DoS, Backdoor, or Analysis-type behavior — this dataset's flow-level features can't reliably distinguish the three. Escalate for manual / packet-level inspection to determine the specific subtype.",True,True,True,4,4,4,0,0,True,True,0,3,0,1,3,False
48f,42,5183,Reconnaissance,Reconnaissance,False,"This flow was flagged as Reconnaissance with 99.6% confidence. Main reasons: typical bytes sent by the source, reduced mean packet size from destination, reduced mean packet size from source, typical total bytes transferred, reduced average packet size. Suggested action: Flag source IP for monitoring; likely pre-attack scanning.",True,True,True,5,5,5,0,0,True,True,3,0,0,2,0,False
48f,42,5326,Overlap-Group-1,Overlap-Group-1,False,"This flow was flagged as Overlap-Group-1 with 58.8% confidence. Main reasons: network protocol=ospf, unusually high source time-to-live, reduced connections to the same service and destination, extremely high flow duration, typical destination jitter. Suggested action: Flagged as DoS, Backdoor, or Analysis-type behavior — this dataset's flow-level features can't reliably distinguish the three. Escalate for manual / packet-level inspection to determine the specific subtype.",True,True,True,4,4,4,1,1,True,True,2,0,1,1,0,False
48f,42,5400,Reconnaissance,Reconnaissance,False,"This flow was flagged as Reconnaissance with 100.0% confidence. Main reasons: reduced average packet size, reduced mean packet size from destination, typical bytes sent by the source, reduced mean packet size from source, typical source-to-destination byte ratio. Suggested action: Flag source IP for monitoring; likely pre-attack scanning.",True,True,True,5,5,5,0,0,True,True,3,0,0,2,0,False
48f,42,6147,Reconnaissance,Reconnaissance,False,"This flow was flagged as Reconnaissance with 98.4% confidence. Main reasons: reduced average packet size, typical bytes sent by the source, reduced mean packet size from destination, reduced mean packet size from source, typical total bytes transferred. Suggested action: Flag source IP for monitoring; likely pre-attack scanning.",True,True,True,5,5,5,0,0,True,True,3,0,0,2,0,False
48f,42,6280,Overlap-Group-1,Overlap-Group-1,False,"This flow was flagged as Overlap-Group-1 with 57.9% confidence. Main reasons: network protocol=ospf, unusually high source time-to-live, reduced connections to the same service and destination, reduced recent connections between this source and destination. Suggested action: Flagged as DoS, Backdoor, or Analysis-type behavior — this dataset's flow-level features can't reliably distinguish the three. Escalate for manual / packet-level inspection to determine the specific subtype.",True,True,True,3,3,3,1,1,True,True,3,0,0,0,0,False
48f,42,6587,Reconnaissance,Reconnaissance,False,"This flow was flagged as Reconnaissance with 58.5% confidence. Main reasons: reduced mean packet size from destination, network service=http, reduced recent connections between this source and destination, reduced connections to the same service and destination. Suggested action: Flag source IP for monitoring; likely pre-attack scanning.",True,True,True,3,3,3,1,1,True,True,3,0,0,0,0,False
48f,42,6738,Exploits,Exploits,False,"This flow was flagged as Exploits with 87.3% confidence. Main reasons: reduced source time-to-live, typical bytes sent by the destination, reduced connections to the same service and destination, unusually high destination time-to-live, network service=pop3. Suggested action: Isolate the target host and check for unpatched vulnerabilities.",True,True,True,4,4,4,1,1,True,True,2,1,0,1,1,False
48f,42,6839,Generic,Generic,False,"This flow was flagged as Generic with 100.0% confidence. Main reasons: typical total bytes transferred, typical bytes sent by the source, network service=dns, extremely high recent connections to this destination, extremely high recent connections to this destination from the same source port. Suggested action: Review firewall rules for this flow's protocol/service combination.",True,True,True,4,4,4,1,1,True,True,1,1,0,2,1,False
48f,42,6939,Generic,Generic,False,"This flow was flagged as Generic with 100.0% confidence. Main reasons: typical total bytes transferred, typical bytes sent by the source, network service=dns, extremely high recent connections to this destination from the same source port, reduced average packet size. Suggested action: Review firewall rules for this flow's protocol/service combination.",True,True,True,4,4,4,1,1,True,True,1,1,0,2,1,False
48f,42,7218,Generic,Generic,False,"This flow was flagged as Generic with 100.0% confidence. Main reasons: typical total bytes transferred, typical bytes sent by the source, network service=dns, extremely high recent connections to this destination from the same source port, extremely high recent connections to this destination. Suggested action: Review firewall rules for this flow's protocol/service combination.",True,True,True,4,4,4,1,1,True,True,1,1,0,2,1,False
48f,42,7311,Generic,Generic,False,"This flow was flagged as Generic with 100.0% confidence. Main reasons: typical total bytes transferred, typical bytes sent by the source, network service=dns, extremely high recent connections to this destination from the same source port. Suggested action: Review firewall rules for this flow's protocol/service combination.",True,True,True,3,3,3,1,1,True,True,1,0,0,2,0,False
48f,42,7314,Generic,Generic,False,"This flow was flagged as Generic with 100.0% confidence. Main reasons: typical total bytes transferred, typical bytes sent by the source, network service=dns, extremely high recent connections to this destination from the same source port. Suggested action: Review firewall rules for this flow's protocol/service combination.",True,True,True,3,3,3,1,1,True,True,1,0,0,2,0,False
48f,42,7504,Generic,Generic,False,"This flow was flagged as Generic with 100.0% confidence. Main reasons: typical total bytes transferred, typical bytes sent by the source, network service=dns, extremely high recent connections to this destination from the same source port, extremely high recent connections to this destination. Suggested action: Review firewall rules for this flow's protocol/service combination.",True,True,True,4,4,4,1,1,True,True,1,1,0,2,1,False
48f,42,7642,Generic,Generic,False,"This flow was flagged as Generic with 100.0% confidence. Main reasons: typical total bytes transferred, typical bytes sent by the source, network service=dns, extremely high recent connections to this destination from the same source port, reduced average packet size. Suggested action: Review firewall rules for this flow's protocol/service combination.",True,True,True,4,4,4,1,1,True,True,1,1,0,2,1,False
48f,42,7735,Generic,Generic,False,"This flow was flagged as Generic with 100.0% confidence. Main reasons: typical total bytes transferred, typical bytes sent by the source, network service=dns, extremely high recent connections to this destination from the same source port. Suggested action: Review firewall rules for this flow's protocol/service combination.",True,True,True,3,3,3,1,1,True,True,1,0,0,2,0,False
48f,42,8231,Generic,Generic,False,"This flow was flagged as Generic with 100.0% confidence. Main reasons: typical total bytes transferred, typical bytes sent by the source, network service=dns, extremely high recent connections to this destination from the same source port. Suggested action: Review firewall rules for this flow's protocol/service combination.",True,True,True,3,3,3,1,1,True,True,1,0,0,2,0,False
48f,42,8286,Generic,Generic,False,"This flow was flagged as Generic with 100.0% confidence. Main reasons: typical total bytes transferred, typical bytes sent by the source, network service=dns, extremely high recent connections to this destination from the same source port, reduced average packet size. Suggested action: Review firewall rules for this flow's protocol/service combination.",True,True,True,4,4,4,1,1,True,True,1,1,0,2,1,False
48f,42,8323,Generic,Generic,False,"This flow was flagged as Generic with 100.0% confidence. Main reasons: typical total bytes transferred, typical bytes sent by the source, network service=dns, extremely high recent connections to this destination from the same source port. Suggested action: Review firewall rules for this flow's protocol/service combination.",True,True,True,3,3,3,1,1,True,True,1,0,0,2,0,False
48f,42,8539,Unknown,Exploits,True,"This flow was flagged as an unrecognized (potential zero-day) pattern with 38.1% confidence. Main reasons: typical flow duration, reduced recent connections between this source and destination, reduced destination time-to-live. Suggested action: Unrecognized pattern — escalate to a human analyst for manual review.",True,True,True,3,3,3,0,0,True,True,1,1,0,1,1,False
48f,42,8765,Normal,Normal,False,"This flow was flagged as Normal with 100.0% confidence. Main reasons: reduced source time-to-live, reduced connections with the same state and TTL, typical connections to the same service from this source. Suggested action: No action required.",True,True,True,3,3,3,0,0,True,True,2,0,0,1,0,False
48f,42,9597,Normal,Normal,False,"This flow was flagged as Normal with 100.0% confidence. Main reasons: reduced source time-to-live, reduced connections with the same state and TTL, elevated connections to the same service and destination. Suggested action: No action required.",True,True,True,3,3,3,0,0,True,True,3,0,0,0,0,False
48f,42,10337,Normal,Normal,False,"This flow was flagged as Normal with 100.0% confidence. Main reasons: reduced source time-to-live, reduced connections with the same state and TTL. Suggested action: No action required.",True,True,True,2,2,2,0,0,True,True,2,0,0,0,0,False
48f,42,10712,Normal,Normal,False,"This flow was flagged as Normal with 100.0% confidence. Main reasons: reduced source time-to-live, reduced connections with the same state and TTL, elevated connections to the same service from this source, elevated number of packets sent by the destination. Suggested action: No action required.",True,True,True,4,4,4,0,0,True,True,4,0,0,0,0,False
48f,42,11178,Normal,Normal,False,"This flow was flagged as Normal with 100.0% confidence. Main reasons: reduced source time-to-live, unusually high connections to the same service from this source, reduced connections with the same state and TTL, elevated number of packets sent by the destination. Suggested action: No action required.",True,True,True,4,4,4,0,0,True,True,4,0,0,0,0,False
48f,42,12126,Normal,Normal,False,"This flow was flagged as Normal with 100.0% confidence. Main reasons: reduced source time-to-live, reduced connections with the same state and TTL. Suggested action: No action required.",True,True,True,2,2,2,0,0,True,True,2,0,0,0,0,False
48f,42,13679,Normal,Normal,False,"This flow was flagged as Normal with 100.0% confidence. Main reasons: reduced source time-to-live, reduced connections with the same state and TTL, elevated connections to the same service and destination, unusually high connections to the same service from this source. Suggested action: No action required.",True,True,True,4,4,4,0,0,True,True,4,0,0,0,0,False
48f,42,14783,Normal,Normal,False,"This flow was flagged as Normal with 100.0% confidence. Main reasons: reduced source time-to-live, reduced connections with the same state and TTL. Suggested action: No action required.",True,True,True,2,2,2,0,0,True,True,2,0,0,0,0,False
48f,42,15067,Normal,Normal,False,"This flow was flagged as Normal with 100.0% confidence. Main reasons: reduced source time-to-live, reduced connections with the same state and TTL, unusually high stcpb, elevated connections to the same service and destination. Suggested action: No action required.",True,True,True,4,4,4,0,0,True,True,4,0,0,0,0,False
48f,42,15714,Normal,Normal,False,"This flow was flagged as Normal with 100.0% confidence. Main reasons: reduced source time-to-live, reduced connections with the same state and TTL, typical connections to the same service from this source, typical connections to the same service and destination. Suggested action: No action required.",True,True,True,4,4,4,0,0,True,True,2,0,0,2,0,False
48f,42,16018,Normal,Normal,False,"This flow was flagged as Normal with 100.0% confidence. Main reasons: reduced source time-to-live, reduced connections with the same state and TTL, unusually high connections to the same service and destination, elevated connections to the same service from this source. Suggested action: No action required.",True,True,True,4,4,4,0,0,True,True,4,0,0,0,0,False
48f,42,17693,Normal,Normal,False,"This flow was flagged as Normal with 100.0% confidence. Main reasons: reduced source time-to-live, reduced connections with the same state and TTL. Suggested action: No action required.",True,True,True,2,2,2,0,0,True,True,2,0,0,0,0,False
48f,42,17758,Normal,Normal,False,"This flow was flagged as Normal with 100.0% confidence. Main reasons: reduced source time-to-live, reduced connections with the same state and TTL, typical sinpkt. Suggested action: No action required.",True,True,True,3,3,3,0,0,True,True,2,0,0,1,0,False
48f,42,17963,Normal,Normal,False,"This flow was flagged as Normal with 100.0% confidence. Main reasons: reduced source time-to-live, unusually high connections to the same service from this source, reduced connections with the same state and TTL. Suggested action: No action required.",True,True,True,3,3,3,0,0,True,True,3,0,0,0,0,False
48f,42,18339,Normal,Normal,False,"This flow was flagged as Normal with 100.0% confidence. Main reasons: reduced source time-to-live, reduced connections with the same state and TTL, typical connections to the same service from this source. Suggested action: No action required.",True,True,True,3,3,3,0,0,True,True,2,0,0,1,0,False
48f,42,19985,Normal,Normal,False,"This flow was flagged as Normal with 100.0% confidence. Main reasons: reduced source time-to-live, reduced connections with the same state and TTL. Suggested action: No action required.",True,True,True,2,2,2,0,0,True,True,2,0,0,0,0,False
48f,42,21193,Normal,Normal,False,"This flow was flagged as Normal with 100.0% confidence. Main reasons: reduced source time-to-live, reduced connections with the same state and TTL, unusually high connections to the same service from this source. Suggested action: No action required.",True,True,True,3,3,3,0,0,True,True,3,0,0,0,0,False
48f,42,23631,Normal,Normal,False,"This flow was flagged as Normal with 100.0% confidence. Main reasons: reduced source time-to-live, reduced connections with the same state and TTL, unusually high connections to the same service and destination. Suggested action: No action required.",True,True,True,3,3,3,0,0,True,True,3,0,0,0,0,False
48f,42,23690,Normal,Normal,False,"This flow was flagged as Normal with 100.0% confidence. Main reasons: reduced source time-to-live, reduced connections with the same state and TTL, unusually high connections to the same service and destination, elevated connections to the same service from this source. Suggested action: No action required.",True,True,True,4,4,4,0,0,True,True,4,0,0,0,0,False
48f,42,25162,Unknown,Reconnaissance,True,"This flow was flagged as an unrecognized (potential zero-day) pattern with 44.1% confidence. Main reasons: reduced mean packet size from destination, reduced recent connections between this source and destination, typical source jitter. Suggested action: Unrecognized pattern — escalate to a human analyst for manual review.",True,True,True,3,3,3,0,0,True,True,2,0,0,1,0,False
48f,42,25427,Unknown,Normal,True,"This flow was flagged as an unrecognized (potential zero-day) pattern with 38.8% confidence. Main reasons: typical bytes sent by the source, elevated mean packet size from source. Suggested action: Unrecognized pattern — escalate to a human analyst for manual review.",True,True,True,2,2,2,0,0,True,True,0,1,0,1,1,False
48f,42,25968,Fuzzers,Fuzzers,False,"This flow was flagged as Fuzzers with 81.2% confidence. Main reasons: unusually high source time-to-live, extremely high average packet size, typical total bytes transferred, typical bytes sent by the destination. Suggested action: Inspect the application for crash logs; consider input validation hardening.",True,True,True,4,4,4,0,0,True,True,1,0,1,2,0,False
48f,42,26632,Unknown,Overlap-Group-1,True,"This flow was flagged as an unrecognized (potential zero-day) pattern with 43.9% confidence. Main reasons: typical response body len, reduced source time-to-live, reduced average packet size, typical bytes sent by the destination. Suggested action: Unrecognized pattern — escalate to a human analyst for manual review.",True,True,True,4,4,4,0,0,True,True,0,2,0,2,2,False
48f,42,26687,Unknown,Fuzzers,True,"This flow was flagged as an unrecognized (potential zero-day) pattern with 48.8% confidence. Main reasons: typical bytes sent by the destination, unusually high source time-to-live, reduced average packet size. Suggested action: Unrecognized pattern — escalate to a human analyst for manual review.",True,True,True,3,3,3,0,0,True,True,1,0,1,1,0,False
48f,42,27505,Fuzzers,Fuzzers,False,"This flow was flagged as Fuzzers with 74.6% confidence. Main reasons: unusually high source time-to-live, typical bytes sent by the source, elevated connections to the same service from this source, typical bytes sent by the destination. Suggested action: Inspect the application for crash logs; consider input validation hardening.",True,True,True,4,4,4,0,0,True,True,2,0,0,2,0,False
48f,42,27882,Fuzzers,Fuzzers,False,"This flow was flagged as Fuzzers with 94.3% confidence. Main reasons: unusually high recent connections from this source to the same destination port, unusually high source time-to-live, network protocol=udp, typical total bytes transferred, extremely high connections to the same service from this source. Suggested action: Inspect the application for crash logs; consider input validation hardening.",True,True,True,4,4,4,1,1,True,True,3,0,0,1,0,False
48f,42,28413,Reconnaissance,Reconnaissance,False,"This flow was flagged as Reconnaissance with 99.7% confidence. Main reasons: typical bytes sent by the source, reduced mean packet size from destination, reduced mean packet size from source, reduced recent connections between this source and destination, typical total bytes transferred. Suggested action: Flag source IP for monitoring; likely pre-attack scanning.",True,True,True,5,5,5,0,0,True,True,3,0,0,2,0,False
48f,42,28821,Exploits,Exploits,False,"This flow was flagged as Exploits with 95.1% confidence. Main reasons: reduced source time-to-live, reduced connections to the same service and destination, typical total bytes transferred, unusually high destination time-to-live, typical bytes sent by the destination. Suggested action: Isolate the target host and check for unpatched vulnerabilities.",True,True,True,5,5,5,0,0,True,True,2,1,0,2,1,False
48f,42,28923,Generic,Generic,False,"This flow was flagged as Generic with 88.1% confidence. Main reasons: typical response body len, typical mean packet size from source, typical sloss, typical bytes sent by the source, unusually high SYN-ACK handshake time. Suggested action: Review firewall rules for this flow's protocol/service combination.",True,True,True,5,5,5,0,0,True,True,1,0,0,4,0,False
48f,42,28943,Exploits,Exploits,False,"This flow was flagged as Exploits with 79.5% confidence. Main reasons: reduced source time-to-live, reduced connections to the same service and destination, unusually high destination time-to-live, typical bytes sent by the destination, network service=http. Suggested action: Isolate the target host and check for unpatched vulnerabilities.",True,True,True,4,4,4,1,1,True,True,2,1,0,1,1,False
48f,42,28964,Fuzzers,Fuzzers,False,"This flow was flagged as Fuzzers with 77.0% confidence. Main reasons: unusually high source time-to-live, typical bytes sent by the source, reduced recent connections between this source and destination, typical connections to the same service and destination, unusually high average packet size. Suggested action: Inspect the application for crash logs; consider input validation hardening.",True,True,True,5,5,5,0,0,True,True,1,1,1,2,1,False
48f,42,29125,Fuzzers,Fuzzers,False,"This flow was flagged as Fuzzers with 95.7% confidence. Main reasons: typical bytes sent by the destination, unusually high source time-to-live, typical bytes sent by the source, reduced mean packet size from destination, network service=-. Suggested action: Inspect the application for crash logs; consider input validation hardening.",True,True,True,4,4,4,1,1,True,True,2,0,0,2,0,False
48f,42,29247,Exploits,Exploits,False,"This flow was flagged as Exploits with 79.7% confidence. Main reasons: reduced connections to the same service and destination, unusually high destination time-to-live, reduced SYN-ACK handshake time, typical flow duration, typical dloss. Suggested action: Isolate the target host and check for unpatched vulnerabilities.",True,True,True,5,5,5,0,0,True,True,3,0,0,2,0,False
48f,42,29359,Unknown,Overlap-Group-1,True,This flow was flagged as an unrecognized (potential zero-day) pattern with 26.8% confidence. Main reasons: network protocol=ospf. Suggested action: Unrecognized pattern — escalate to a human analyst for manual review.,True,True,True,0,0,0,1,1,True,True,0,0,0,0,0,False
48f,42,29592,Overlap-Group-1,Overlap-Group-1,False,"This flow was flagged as Overlap-Group-1 with 62.5% confidence. Main reasons: reduced mean packet size from source, unusually high source time-to-live, typical bytes sent by the source, reduced connections to the same service and destination. Suggested action: Flagged as DoS, Backdoor, or Analysis-type behavior — this dataset's flow-level features can't reliably distinguish the three. Escalate for manual / packet-level inspection to determine the specific subtype.",True,True,True,4,4,4,0,0,True,True,3,0,0,1,0,False
48f,42,29760,Overlap-Group-1,Overlap-Group-1,False,"This flow was flagged as Overlap-Group-1 with 94.3% confidence. Main reasons: reduced mean packet size from source, reduced average packet size, unusually high source time-to-live, reduced recent connections between this source and destination, reduced connections to the same service and destination. Suggested action: Flagged as DoS, Backdoor, or Analysis-type behavior — this dataset's flow-level features can't reliably distinguish the three. Escalate for manual / packet-level inspection to determine the specific subtype.",True,True,True,5,5,5,0,0,True,True,4,1,0,0,1,False
48f,42,30239,Reconnaissance,Reconnaissance,False,"This flow was flagged as Reconnaissance with 75.0% confidence. Main reasons: reduced mean packet size from destination, reduced recent connections between this source and destination, network service=http, reduced connections to the same service and destination. Suggested action: Flag source IP for monitoring; likely pre-attack scanning.",True,True,True,3,3,3,1,1,True,True,3,0,0,0,0,False
48f,42,30284,Exploits,Exploits,False,"This flow was flagged as Exploits with 82.0% confidence. Main reasons: reduced connections to the same service and destination, unusually high destination time-to-live, typical total bytes transferred, typical flow duration, reduced recent connections between this source and destination. Suggested action: Isolate the target host and check for unpatched vulnerabilities.",True,True,True,5,5,5,0,0,True,True,3,0,0,2,0,False
48f,42,30342,Reconnaissance,Reconnaissance,False,"This flow was flagged as Reconnaissance with 99.5% confidence. Main reasons: reduced average packet size, reduced mean packet size from destination, typical bytes sent by the source, typical source-to-destination byte ratio, reduced mean packet size from source. Suggested action: Flag source IP for monitoring; likely pre-attack scanning.",True,True,True,5,5,5,0,0,True,True,3,0,0,2,0,False
48f,42,30371,Overlap-Group-1,Overlap-Group-1,False,"This flow was flagged as Overlap-Group-1 with 56.8% confidence. Main reasons: reduced source time-to-live, reduced connections to the same service and destination, reduced average packet size, reduced connections to the same service from this source, typical destination jitter. Suggested action: Flagged as DoS, Backdoor, or Analysis-type behavior — this dataset's flow-level features can't reliably distinguish the three. Escalate for manual / packet-level inspection to determine the specific subtype.",True,True,True,5,5,5,0,0,True,True,2,2,0,1,2,False
48f,42,30442,Reconnaissance,Reconnaissance,False,"This flow was flagged as Reconnaissance with 98.5% confidence. Main reasons: reduced average packet size, typical bytes sent by the source, reduced mean packet size from destination, typical source-to-destination byte ratio, reduced mean packet size from source. Suggested action: Flag source IP for monitoring; likely pre-attack scanning.",True,True,True,5,5,5,0,0,True,True,3,0,0,2,0,False
48f,42,30511,Exploits,Exploits,False,"This flow was flagged as Exploits with 66.4% confidence. Main reasons: reduced source time-to-live, unusually high destination time-to-live, reduced connections to the same service and destination, typical bytes sent by the destination. Suggested action: Isolate the target host and check for unpatched vulnerabilities.",True,True,True,4,4,4,0,0,True,True,2,1,0,1,1,False
48f,42,30715,Unknown,Normal,True,"This flow was flagged as an unrecognized (potential zero-day) pattern with 37.2% confidence. Main reasons: typical connections to the same service from this source, typical connections to the same service and destination, reduced recent connections from this source. Suggested action: Unrecognized pattern — escalate to a human analyst for manual review.",True,True,True,3,3,3,0,0,True,True,1,0,0,2,0,False
48f,42,30746,Exploits,Exploits,False,"This flow was flagged as Exploits with 97.5% confidence. Main reasons: reduced source time-to-live, typical bytes sent by the destination, reduced connections to the same service and destination, unusually high destination time-to-live, typical dloss. Suggested action: Isolate the target host and check for unpatched vulnerabilities.",True,True,True,5,5,5,0,0,True,True,2,1,0,2,1,False
48f,42,30838,Reconnaissance,Reconnaissance,False,"This flow was flagged as Reconnaissance with 99.9% confidence. Main reasons: reduced average packet size, reduced mean packet size from destination, typical bytes sent by the source, reduced mean packet size from source, typical source-to-destination byte ratio. Suggested action: Flag source IP for monitoring; likely pre-attack scanning.",True,True,True,5,5,5,0,0,True,True,3,0,0,2,0,False
48f,42,30934,Unknown,Overlap-Group-1,True,"This flow was flagged as an unrecognized (potential zero-day) pattern with 31.8% confidence. Main reasons: typical sinpkt, network protocol=swipe. Suggested action: Unrecognized pattern — escalate to a human analyst for manual review.",True,True,True,1,1,1,1,1,True,True,0,0,0,1,0,False
48f,42,31174,Unknown,Overlap-Group-1,True,"This flow was flagged as an unrecognized (potential zero-day) pattern with 47.6% confidence. Main reasons: reduced connections to the same service and destination, reduced mean packet size from source, unusually high source time-to-live, reduced connections to the same service from this source. Suggested action: Unrecognized pattern — escalate to a human analyst for manual review.",True,True,True,4,4,4,0,0,True,True,4,0,0,0,0,False
48f,42,31643,Reconnaissance,Reconnaissance,False,"This flow was flagged as Reconnaissance with 99.9% confidence. Main reasons: reduced average packet size, reduced mean packet size from destination, typical bytes sent by the source, reduced mean packet size from source, reduced connections to the same service and destination. Suggested action: Flag source IP for monitoring; likely pre-attack scanning.",True,True,True,5,5,5,0,0,True,True,4,0,0,1,0,False
48f,42,31825,Overlap-Group-1,Overlap-Group-1,False,"This flow was flagged as Overlap-Group-1 with 59.3% confidence. Main reasons: network protocol=unas, reduced average packet size, typical bytes sent by the source, unusually high source time-to-live. Suggested action: Flagged as DoS, Backdoor, or Analysis-type behavior — this dataset's flow-level features can't reliably distinguish the three. Escalate for manual / packet-level inspection to determine the specific subtype.",True,True,True,3,3,3,1,1,True,True,1,1,0,1,1,False
48f,42,31989,Reconnaissance,Reconnaissance,False,"This flow was flagged as Reconnaissance with 99.9% confidence. Main reasons: reduced average packet size, reduced mean packet size from destination, typical bytes sent by the source, reduced mean packet size from source, typical source-to-destination byte ratio. Suggested action: Flag source IP for monitoring; likely pre-attack scanning.",True,True,True,5,5,5,0,0,True,True,3,0,0,2,0,False
48f,42,32309,Unknown,Overlap-Group-1,True,"This flow was flagged as an unrecognized (potential zero-day) pattern with 44.4% confidence. Main reasons: network protocol=leaf-2, reduced average packet size, typical bytes sent by the source, unusually high source time-to-live. Suggested action: Unrecognized pattern — escalate to a human analyst for manual review.",True,True,True,3,3,3,1,1,True,True,1,1,0,1,1,False
48f,42,32338,Unknown,Overlap-Group-1,True,"This flow was flagged as an unrecognized (potential zero-day) pattern with 44.4% confidence. Main reasons: network protocol=leaf-2, reduced average packet size, typical bytes sent by the source, unusually high source time-to-live. Suggested action: Unrecognized pattern — escalate to a human analyst for manual review.",True,True,True,3,3,3,1,1,True,True,1,1,0,1,1,False
48f,42,32601,Unknown,Fuzzers,True,"This flow was flagged as an unrecognized (potential zero-day) pattern with 49.5% confidence. Main reasons: unusually high source time-to-live, typical total bytes transferred, reduced recent connections between this source and destination, network service=-. Suggested action: Unrecognized pattern — escalate to a human analyst for manual review.",True,True,True,3,3,3,1,1,True,True,1,1,0,1,1,False
48f,42,32723,Generic,Generic,False,"This flow was flagged as Generic with 99.9% confidence. Main reasons: typical total bytes transferred, typical bytes sent by the source, network service=dns, reduced average packet size. Suggested action: Review firewall rules for this flow's protocol/service combination.",True,True,True,3,3,3,1,1,True,True,0,1,0,2,1,False
48f,42,32885,Unknown,Overlap-Group-1,True,"This flow was flagged as an unrecognized (potential zero-day) pattern with 42.6% confidence. Main reasons: network protocol=unas, reduced average packet size, typical bytes sent by the source, unusually high recent connections to this destination from the same source port. Suggested action: Unrecognized pattern — escalate to a human analyst for manual review.",True,True,True,3,3,3,1,1,True,True,1,1,0,1,1,False
48f,42,33007,Generic,Generic,False,"This flow was flagged as Generic with 99.9% confidence. Main reasons: typical total bytes transferred, typical bytes sent by the source, network service=dns, reduced average packet size. Suggested action: Review firewall rules for this flow's protocol/service combination.",True,True,True,3,3,3,1,1,True,True,0,1,0,2,1,False
48f,42,33311,Unknown,Overlap-Group-1,True,"This flow was flagged as an unrecognized (potential zero-day) pattern with 42.4% confidence. Main reasons: network protocol=mfe-nsp, reduced average packet size, typical bytes sent by the source, unusually high source time-to-live. Suggested action: Unrecognized pattern — escalate to a human analyst for manual review.",True,True,True,3,3,3,1,1,True,True,1,1,0,1,1,False
48f,42,33418,Unknown,Overlap-Group-1,True,"This flow was flagged as an unrecognized (potential zero-day) pattern with 43.0% confidence. Main reasons: network protocol=sctp, unusually high source time-to-live, elevated recent connections to this destination from the same source port, typical bytes sent by the source. Suggested action: Unrecognized pattern — escalate to a human analyst for manual review.",True,True,True,3,3,3,1,1,True,True,2,0,0,1,0,False
48f,42,33615,Unknown,Fuzzers,True,"This flow was flagged as an unrecognized (potential zero-day) pattern with 44.0% confidence. Main reasons: unusually high source time-to-live, typical bytes sent by the source, extremely high mean packet size from source. Suggested action: Unrecognized pattern — escalate to a human analyst for manual review.",True,True,True,3,3,3,0,0,True,True,2,0,0,1,0,False
48f,42,33745,Unknown,Overlap-Group-1,True,"This flow was flagged as an unrecognized (potential zero-day) pattern with 50.4% confidence. Main reasons: network protocol=ospf, unusually high source time-to-live, reduced connections to the same service from this source. Suggested action: Unrecognized pattern — escalate to a human analyst for manual review.",True,True,True,2,2,2,1,1,True,True,2,0,0,0,0,False
48f,42,34016,Reconnaissance,Reconnaissance,False,"This flow was flagged as Reconnaissance with 99.2% confidence. Main reasons: typical bytes sent by the source, reduced mean packet size from destination, reduced mean packet size from source, reduced recent connections between this source and destination, reduced average packet size. Suggested action: Flag source IP for monitoring; likely pre-attack scanning.",True,True,True,5,5,5,0,0,True,True,4,0,0,1,0,False
48f,42,34025,Exploits,Exploits,False,"This flow was flagged as Exploits with 57.5% confidence. Main reasons: reduced recent connections between this source and destination, unusually high destination time-to-live, network service=http. Suggested action: Isolate the target host and check for unpatched vulnerabilities.",True,True,True,2,2,2,1,1,True,True,2,0,0,0,0,False
48f,42,34204,Generic,Generic,False,"This flow was flagged as Generic with 99.9% confidence. Main reasons: typical total bytes transferred, typical bytes sent by the source, network service=dns, reduced average packet size, typical recent connections from this source. Suggested action: Review firewall rules for this flow's protocol/service combination.",True,True,True,4,4,4,1,1,True,True,0,1,0,3,1,False
48f,42,34690,Generic,Generic,False,"This flow was flagged as Generic with 99.9% confidence. Main reasons: typical total bytes transferred, typical bytes sent by the source, network service=dns, reduced average packet size, elevated recent connections from this source. Suggested action: Review firewall rules for this flow's protocol/service combination.",True,True,True,4,4,4,1,1,True,True,1,1,0,2,1,False
48f,42,34785,Generic,Generic,False,"This flow was flagged as Generic with 99.9% confidence. Main reasons: typical total bytes transferred, typical bytes sent by the source, network service=dns, reduced average packet size. Suggested action: Review firewall rules for this flow's protocol/service combination.",True,True,True,3,3,3,1,1,True,True,0,1,0,2,1,False
48f,42,34891,Generic,Generic,False,"This flow was flagged as Generic with 100.0% confidence. Main reasons: typical total bytes transferred, typical bytes sent by the source, network service=dns, reduced average packet size. Suggested action: Review firewall rules for this flow's protocol/service combination.",True,True,True,3,3,3,1,1,True,True,0,1,0,2,1,False
48f,42,34912,Reconnaissance,Reconnaissance,False,"This flow was flagged as Reconnaissance with 100.0% confidence. Main reasons: reduced average packet size, typical bytes sent by the source, reduced mean packet size from destination, typical source-to-destination byte ratio, reduced mean packet size from source. Suggested action: Flag source IP for monitoring; likely pre-attack scanning.",True,True,True,5,5,5,0,0,True,True,3,0,0,2,0,False
48f,42,35220,Unknown,Overlap-Group-1,True,"This flow was flagged as an unrecognized (potential zero-day) pattern with 49.9% confidence. Main reasons: network protocol=ddp, reduced average packet size, typical bytes sent by the source, unusually high source time-to-live. Suggested action: Unrecognized pattern — escalate to a human analyst for manual review.",True,True,True,3,3,3,1,1,True,True,1,1,0,1,1,False
48f,42,35304,Generic,Generic,False,"This flow was flagged as Generic with 99.9% confidence. Main reasons: typical total bytes transferred, typical bytes sent by the source, network service=dns, reduced average packet size. Suggested action: Review firewall rules for this flow's protocol/service combination.",True,True,True,3,3,3,1,1,True,True,0,1,0,2,1,False
48f,42,35314,Reconnaissance,Reconnaissance,False,"This flow was flagged as Reconnaissance with 67.5% confidence. Main reasons: reduced mean packet size from destination, reduced recent connections between this source and destination, network service=http, reduced mean packet size from source, reduced connections to the same service and destination. Suggested action: Flag source IP for monitoring; likely pre-attack scanning.",True,True,True,4,4,4,1,1,True,True,4,0,0,0,0,False
48f,42,35451,Exploits,Exploits,False,"This flow was flagged as Exploits with 99.8% confidence. Main reasons: reduced source time-to-live, unusually high destination time-to-live, reduced connections to the same service and destination, unusually high dloss, reduced mean packet size from source. Suggested action: Isolate the target host and check for unpatched vulnerabilities.",True,True,True,5,5,5,0,0,True,True,3,2,0,0,2,False
48f,42,35466,Unknown,Fuzzers,True,"This flow was flagged as an unrecognized (potential zero-day) pattern with 44.3% confidence. Main reasons: unusually high source time-to-live, typical bytes sent by the source, network service=-. Suggested action: Unrecognized pattern — escalate to a human analyst for manual review.",True,True,True,2,2,2,1,1,True,True,1,0,0,1,0,False
48f,42,35567,Overlap-Group-1,Overlap-Group-1,False,"This flow was flagged as Overlap-Group-1 with 68.7% confidence. Main reasons: network protocol=unas, reduced average packet size, typical bytes sent by the source, unusually high source time-to-live. Suggested action: Flagged as DoS, Backdoor, or Analysis-type behavior — this dataset's flow-level features can't reliably distinguish the three. Escalate for manual / packet-level inspection to determine the specific subtype.",True,True,True,3,3,3,1,1,True,True,1,1,0,1,1,False
48f,42,35807,Overlap-Group-1,Overlap-Group-1,False,"This flow was flagged as Overlap-Group-1 with 59.4% confidence. Main reasons: network protocol=gre, reduced average packet size, typical bytes sent by the source, unusually high source time-to-live. Suggested action: Flagged as DoS, Backdoor, or Analysis-type behavior — this dataset's flow-level features can't reliably distinguish the three. Escalate for manual / packet-level inspection to determine the specific subtype.",True,True,True,3,3,3,1,1,True,True,1,1,0,1,1,False
48f,42,36085,Overlap-Group-1,Overlap-Group-1,False,"This flow was flagged as Overlap-Group-1 with 82.5% confidence. Main reasons: network protocol=pgm, unusually high recent connections from this source, reduced average packet size, unusually high recent connections to this destination from the same source port. Suggested action: Flagged as DoS, Backdoor, or Analysis-type behavior — this dataset's flow-level features can't reliably distinguish the three. Escalate for manual / packet-level inspection to determine the specific subtype.",True,True,True,3,3,3,1,1,True,True,1,2,0,0,2,False
48f,42,36137,Generic,Generic,False,"This flow was flagged as Generic with 82.1% confidence. Main reasons: typical response body len, typical sloss, typical mean packet size from source. Suggested action: Review firewall rules for this flow's protocol/service combination.",True,True,True,3,3,3,0,0,True,True,0,0,0,3,0,False
48f,42,36183,Generic,Generic,False,"This flow was flagged as Generic with 99.9% confidence. Main reasons: typical total bytes transferred, typical bytes sent by the source, network service=dns, reduced average packet size. Suggested action: Review firewall rules for this flow's protocol/service combination.",True,True,True,3,3,3,1,1,True,True,0,1,0,2,1,False
48f,42,36244,Generic,Generic,False,"This flow was flagged as Generic with 99.9% confidence. Main reasons: typical total bytes transferred, typical bytes sent by the source, network service=dns, reduced average packet size. Suggested action: Review firewall rules for this flow's protocol/service combination.",True,True,True,3,3,3,1,1,True,True,0,1,0,2,1,False
48f,42,36258,Exploits,Exploits,False,"This flow was flagged as Exploits with 84.3% confidence. Main reasons: reduced connections to the same service and destination, unusually high destination time-to-live, typical total bytes transferred, reduced mean packet size from source, reduced average packet size. Suggested action: Isolate the target host and check for unpatched vulnerabilities.",True,True,True,5,5,5,0,0,True,True,2,2,0,1,2,False
48f,42,36351,Generic,Generic,False,"This flow was flagged as Generic with 99.4% confidence. Main reasons: typical total bytes transferred, typical bytes sent by the source, network service=dns, reduced average packet size. Suggested action: Review firewall rules for this flow's protocol/service combination.",True,True,True,3,3,3,1,1,True,True,0,1,0,2,1,False
48f,42,36479,Generic,Generic,False,"This flow was flagged as Generic with 99.9% confidence. Main reasons: typical total bytes transferred, typical bytes sent by the source, network service=dns, reduced average packet size. Suggested action: Review firewall rules for this flow's protocol/service combination.",True,True,True,3,3,3,1,1,True,True,0,1,0,2,1,False
48f,42,36651,Overlap-Group-1,Overlap-Group-1,False,"This flow was flagged as Overlap-Group-1 with 64.2% confidence. Main reasons: network protocol=unas, reduced average packet size, typical bytes sent by the source, unusually high recent connections to this destination from the same source port. Suggested action: Flagged as DoS, Backdoor, or Analysis-type behavior — this dataset's flow-level features can't reliably distinguish the three. Escalate for manual / packet-level inspection to determine the specific subtype.",True,True,True,3,3,3,1,1,True,True,1,1,0,1,1,False
48f,42,36754,Generic,Generic,False,"This flow was flagged as Generic with 100.0% confidence. Main reasons: typical total bytes transferred, typical bytes sent by the source, network service=dns, reduced average packet size. Suggested action: Review firewall rules for this flow's protocol/service combination.",True,True,True,3,3,3,1,1,True,True,0,1,0,2,1,False
48f,42,36846,Fuzzers,Fuzzers,False,"This flow was flagged as Fuzzers with 77.5% confidence. Main reasons: typical bytes sent by the source, unusually high source time-to-live, reduced average packet size. Suggested action: Inspect the application for crash logs; consider input validation hardening.",True,True,True,3,3,3,0,0,True,True,1,0,1,1,0,False
48f,42,36856,Exploits,Exploits,False,"This flow was flagged as Exploits with 98.5% confidence. Main reasons: typical bytes sent by the destination, reduced source time-to-live, unusually high destination time-to-live, reduced connections to the same service and destination, typical dloss. Suggested action: Isolate the target host and check for unpatched vulnerabilities.",True,True,True,5,5,5,0,0,True,True,2,1,0,2,1,False
48f,42,36868,Overlap-Group-1,Overlap-Group-1,False,"This flow was flagged as Overlap-Group-1 with 72.2% confidence. Main reasons: network protocol=unas, reduced average packet size, typical bytes sent by the source, unusually high recent connections to this destination from the same source port. Suggested action: Flagged as DoS, Backdoor, or Analysis-type behavior — this dataset's flow-level features can't reliably distinguish the three. Escalate for manual / packet-level inspection to determine the specific subtype.",True,True,True,3,3,3,1,1,True,True,1,1,0,1,1,False
48f,42,37100,Overlap-Group-1,Overlap-Group-1,False,"This flow was flagged as Overlap-Group-1 with 94.1% confidence. Main reasons: network protocol=unas, unusually high recent connections from this source, reduced average packet size, unusually high recent connections to this destination from the same source port. Suggested action: Flagged as DoS, Backdoor, or Analysis-type behavior — this dataset's flow-level features can't reliably distinguish the three. Escalate for manual / packet-level inspection to determine the specific subtype.",True,True,True,3,3,3,1,1,True,True,1,2,0,0,2,False
48f,42,37552,Exploits,Exploits,False,"This flow was flagged as Exploits with 58.0% confidence. Main reasons: reduced recent connections between this source and destination, typical mean packet size from destination, reduced source time-to-live. Suggested action: Isolate the target host and check for unpatched vulnerabilities.",True,True,True,3,3,3,0,0,True,True,1,1,0,1,1,False
48f,42,37891,Exploits,Exploits,False,"This flow was flagged as Exploits with 58.5% confidence. Main reasons: reduced connections to the same service and destination, reduced recent connections between this source and destination, unusually high destination time-to-live, reduced average packet size. Suggested action: Isolate the target host and check for unpatched vulnerabilities.",True,True,True,4,4,4,0,0,True,True,3,1,0,0,1,False
48f,42,38075,Exploits,Exploits,False,"This flow was flagged as Exploits with 92.4% confidence. Main reasons: reduced source time-to-live, typical dloss, typical bytes sent by the destination, reduced recent connections between this source and destination, unusually high destination time-to-live. Suggested action: Isolate the target host and check for unpatched vulnerabilities.",True,True,True,5,5,5,0,0,True,True,2,1,0,2,1,False
48f,42,38148,Exploits,Exploits,False,"This flow was flagged as Exploits with 98.0% confidence. Main reasons: reduced source time-to-live, typical dloss, reduced mean packet size from source, unusually high destination time-to-live, typical bytes sent by the destination. Suggested action: Isolate the target host and check for unpatched vulnerabilities.",True,True,True,5,5,5,0,0,True,True,1,2,0,2,2,False
48f,42,38395,Normal,Normal,False,"This flow was flagged as Normal with 53.2% confidence. Main reasons: typical connections to the same service and destination, elevated connections to the same service from this source, unusually high dtcpb. Suggested action: No action required.",True,True,True,3,3,3,0,0,True,True,2,0,0,1,0,False
48f,42,38457,Unknown,Fuzzers,True,"This flow was flagged as an unrecognized (potential zero-day) pattern with 43.4% confidence. Main reasons: unusually high source time-to-live, network service=-, unusually high mean packet size from source, reduced destination data load. Suggested action: Unrecognized pattern — escalate to a human analyst for manual review.",True,True,True,3,3,3,1,1,True,True,3,0,0,0,0,False
48f,42,39044,Fuzzers,Fuzzers,False,"This flow was flagged as Fuzzers with 92.6% confidence. Main reasons: typical bytes sent by the destination, unusually high source time-to-live, reduced mean packet size from destination, typical bytes sent by the source. Suggested action: Inspect the application for crash logs; consider input validation hardening.",True,True,True,4,4,4,0,0,True,True,2,0,0,2,0,False
48f,42,39125,Reconnaissance,Reconnaissance,False,"This flow was flagged as Reconnaissance with 99.7% confidence. Main reasons: typical bytes sent by the source, reduced mean packet size from destination, reduced mean packet size from source, reduced recent connections between this source and destination, typical total bytes transferred. Suggested action: Flag source IP for monitoring; likely pre-attack scanning.",True,True,True,5,5,5,0,0,True,True,3,0,0,2,0,False
48f,42,39232,Fuzzers,Fuzzers,False,"This flow was flagged as Fuzzers with 66.9% confidence. Main reasons: unusually high source time-to-live, reduced mean packet size from source, reduced average packet size, typical total bytes transferred. Suggested action: Inspect the application for crash logs; consider input validation hardening.",True,True,True,4,4,4,0,0,True,True,1,1,1,1,1,False
48f,42,39289,Exploits,Exploits,False,"This flow was flagged as Exploits with 83.5% confidence. Main reasons: unusually high destination time-to-live, reduced connections to the same service and destination, reduced source time-to-live, typical bytes sent by the source. Suggested action: Isolate the target host and check for unpatched vulnerabilities.",True,True,True,4,4,4,0,0,True,True,2,1,0,1,1,False
48f,42,39340,Unknown,Exploits,True,"This flow was flagged as an unrecognized (potential zero-day) pattern with 49.3% confidence. Main reasons: reduced connections to the same service and destination, reduced source time-to-live, unusually high destination time-to-live. Suggested action: Unrecognized pattern — escalate to a human analyst for manual review.",True,True,True,3,3,3,0,0,True,True,2,1,0,0,1,False
48f,42,39393,Fuzzers,Fuzzers,False,"This flow was flagged as Fuzzers with 78.0% confidence. Main reasons: typical bytes sent by the source, unusually high source time-to-live, typical bytes sent by the destination. Suggested action: Inspect the application for crash logs; consider input validation hardening.",True,True,True,3,3,3,0,0,True,True,1,0,0,2,0,False
48f,42,39706,Exploits,Exploits,False,"This flow was flagged as Exploits with 85.5% confidence. Main reasons: reduced connections to the same service and destination, extremely high mean packet size from source, typical bytes sent by the destination, reduced source time-to-live, unusually high destination time-to-live. Suggested action: Isolate the target host and check for unpatched vulnerabilities.",True,True,True,5,5,5,0,0,True,True,3,1,0,1,1,False
48f,42,41125,Fuzzers,Fuzzers,False,"This flow was flagged as Fuzzers with 92.9% confidence. Main reasons: unusually high source time-to-live, typical total bytes transferred, reduced recent connections between this source and destination, typical connections to the same service and destination, network protocol=udp. Suggested action: Inspect the application for crash logs; consider input validation hardening.",True,True,True,4,4,4,1,1,True,True,1,1,0,2,1,False
48f,42,41676,Unknown,Normal,True,"This flow was flagged as an unrecognized (potential zero-day) pattern with 44.8% confidence. Main reasons: network service=-, typical destination jitter. Suggested action: Unrecognized pattern — escalate to a human analyst for manual review.",True,True,True,1,1,1,1,1,True,True,0,0,0,1,0,False
48f,42,41729,Unknown,Normal,True,"This flow was flagged as an unrecognized (potential zero-day) pattern with 49.6% confidence. Main reasons: reduced connections to the same service and destination, typical bytes sent by the source, typical sloss, typical recent connections to this destination from the same source port. Suggested action: Unrecognized pattern — escalate to a human analyst for manual review.",True,True,True,4,4,4,0,0,True,True,0,1,0,3,1,False
48f,42,42051,Fuzzers,Fuzzers,False,"This flow was flagged as Fuzzers with 61.1% confidence. Main reasons: unusually high source time-to-live, typical total bytes transferred, typical bytes sent by the destination, extremely high average packet size. Suggested action: Inspect the application for crash logs; consider input validation hardening.",True,True,True,4,4,4,0,0,True,True,1,0,1,2,0,False
48f,42,42122,Fuzzers,Fuzzers,False,"This flow was flagged as Fuzzers with 76.0% confidence. Main reasons: unusually high source time-to-live, typical bytes sent by the source, typical recent connections between this source and destination, network service=-, typical mean packet size from source. Suggested action: Inspect the application for crash logs; consider input validation hardening.",True,True,True,4,4,4,1,1,True,True,1,0,0,3,0,False
48f,42,42177,Fuzzers,Fuzzers,False,"This flow was flagged as Fuzzers with 73.8% confidence. Main reasons: unusually high source time-to-live, typical bytes sent by the source, reduced recent connections between this source and destination, network service=-, reduced connections to the same service and destination. Suggested action: Inspect the application for crash logs; consider input validation hardening.",True,True,True,4,4,4,1,1,True,True,1,2,0,1,2,False
48f,42,42467,Unknown,Normal,True,"This flow was flagged as an unrecognized (potential zero-day) pattern with 48.8% confidence. Main reasons: typical bytes sent by the destination, reduced connections to the same service and destination, typical response body len. Suggested action: Unrecognized pattern — escalate to a human analyst for manual review.",True,True,True,3,3,3,0,0,True,True,0,1,0,2,1,False
48f,42,42468,Unknown,Exploits,True,"This flow was flagged as an unrecognized (potential zero-day) pattern with 38.6% confidence. Main reasons: unusually high destination time-to-live, reduced source time-to-live, typical response body len. Suggested action: Unrecognized pattern — escalate to a human analyst for manual review.",True,True,True,3,3,3,0,0,True,True,1,1,0,1,1,False
48f,42,42617,Unknown,Normal,True,"This flow was flagged as an unrecognized (potential zero-day) pattern with 44.7% confidence. Main reasons: typical bytes sent by the destination, reduced connections to the same service and destination, typical source-to-destination byte ratio, typical response body len. Suggested action: Unrecognized pattern — escalate to a human analyst for manual review.",True,True,True,4,4,4,0,0,True,True,0,1,0,3,1,False
48f,42,42653,Normal,Normal,False,"This flow was flagged as Normal with 64.1% confidence. Main reasons: typical bytes sent by the destination, typical bytes sent by the source, typical connections to the same service and destination. Suggested action: No action required.",True,True,True,3,3,3,0,0,True,True,0,0,0,3,0,False
48f,42,42671,Unknown,Overlap-Group-1,True,"This flow was flagged as an unrecognized (potential zero-day) pattern with 48.4% confidence. Main reasons: typical response body len, reduced source time-to-live, reduced average packet size, typical bytes sent by the destination, reduced mean packet size from source. Suggested action: Unrecognized pattern — escalate to a human analyst for manual review.",True,True,True,5,5,5,0,0,True,True,1,2,0,2,2,False
48f,42,42779,Unknown,Normal,True,"This flow was flagged as an unrecognized (potential zero-day) pattern with 42.7% confidence. Main reasons: typical bytes sent by the source, typical bytes sent by the destination, typical connections to the same service and destination. Suggested action: Unrecognized pattern — escalate to a human analyst for manual review.",True,True,True,3,3,3,0,0,True,True,0,0,0,3,0,False
48f,42,42893,Fuzzers,Fuzzers,False,"This flow was flagged as Fuzzers with 55.8% confidence. Main reasons: unusually high source time-to-live, typical recent connections between this source and destination, typical bytes sent by the source, typical connections to the same service and destination, network service=-. Suggested action: Inspect the application for crash logs; consider input validation hardening.",True,True,True,4,4,4,1,1,True,True,1,0,0,3,0,False
48f,42,43009,Normal,Normal,False,"This flow was flagged as Normal with 99.8% confidence. Main reasons: extremely high connections with the same state and TTL, reduced average packet size, elevated connections to the same service and destination, elevated connections to the same service from this source. Suggested action: No action required.",True,True,True,4,4,4,0,0,True,True,2,2,0,0,2,False
48f,42,44215,Normal,Normal,False,"This flow was flagged as Normal with 99.9% confidence. Main reasons: unusually high connections with the same state and TTL, typical sloss, extremely high SYN-ACK handshake time. Suggested action: No action required.",True,True,True,3,3,3,0,0,True,True,1,1,0,1,1,False
48f,42,44550,Fuzzers,Fuzzers,False,"This flow was flagged as Fuzzers with 72.5% confidence. Main reasons: unusually high source time-to-live, typical bytes sent by the source, typical recent connections between this source and destination, typical source-to-destination byte ratio, typical connections to the same service and destination. Suggested action: Inspect the application for crash logs; consider input validation hardening.",True,True,True,5,5,5,0,0,True,True,1,0,0,4,0,False
48f,42,45263,Unknown,Fuzzers,True,"This flow was flagged as an unrecognized (potential zero-day) pattern with 32.6% confidence. Main reasons: unusually high source time-to-live, typical connections to the same service and destination, typical recent connections between this source and destination. Suggested action: Unrecognized pattern — escalate to a human analyst for manual review.",True,True,True,3,3,3,0,0,True,True,1,0,0,2,0,False
48f,42,46449,Unknown,Exploits,True,"This flow was flagged as an unrecognized (potential zero-day) pattern with 36.1% confidence. Main reasons: reduced connections to the same service and destination, reduced recent connections between this source and destination, unusually high destination time-to-live. Suggested action: Unrecognized pattern — escalate to a human analyst for manual review.",True,True,True,3,3,3,0,0,True,True,3,0,0,0,0,False
48f,42,46707,Unknown,Normal,True,"This flow was flagged as an unrecognized (potential zero-day) pattern with 43.5% confidence. Main reasons: typical bytes sent by the source, elevated mean packet size from source. Suggested action: Unrecognized pattern — escalate to a human analyst for manual review.",True,True,True,2,2,2,0,0,True,True,0,1,0,1,1,False
48f,42,46928,Unknown,Exploits,True,"This flow was flagged as an unrecognized (potential zero-day) pattern with 41.4% confidence. Main reasons: reduced connections to the same service and destination, reduced mean packet size from source, reduced recent connections between this source and destination, unusually high destination time-to-live. Suggested action: Unrecognized pattern — escalate to a human analyst for manual review.",True,True,True,4,4,4,0,0,True,True,3,1,0,0,1,False
48f,42,47072,Fuzzers,Fuzzers,False,"This flow was flagged as Fuzzers with 74.7% confidence. Main reasons: unusually high source time-to-live, reduced average packet size, reduced mean packet size from source, reduced recent connections between this source and destination. Suggested action: Inspect the application for crash logs; consider input validation hardening.",True,True,True,4,4,4,0,0,True,True,1,2,1,0,2,False
48f,42,47094,Unknown,Exploits,True,"This flow was flagged as an unrecognized (potential zero-day) pattern with 47.6% confidence. Main reasons: reduced recent connections between this source and destination, unusually high destination time-to-live. Suggested action: Unrecognized pattern — escalate to a human analyst for manual review.",True,True,True,2,2,2,0,0,True,True,2,0,0,0,0,False
48f,42,47293,Unknown,Fuzzers,True,"This flow was flagged as an unrecognized (potential zero-day) pattern with 48.4% confidence. Main reasons: unusually high source time-to-live, typical recent connections between this source and destination, typical connections to the same service and destination, network service=-. Suggested action: Unrecognized pattern — escalate to a human analyst for manual review.",True,True,True,3,3,3,1,1,True,True,1,0,0,2,0,False
48f,42,48435,Exploits,Exploits,False,"This flow was flagged as Exploits with 68.1% confidence. Main reasons: reduced connections to the same service and destination, reduced source time-to-live, unusually high destination time-to-live, typical total bytes transferred. Suggested action: Isolate the target host and check for unpatched vulnerabilities.",True,True,True,4,4,4,0,0,True,True,2,1,0,1,1,False
48f,42,48689,Unknown,Overlap-Group-1,True,"This flow was flagged as an unrecognized (potential zero-day) pattern with 48.0% confidence. Main reasons: reduced source time-to-live, typical response body len, extremely high ct flw http mthd, reduced average packet size, reduced mean packet size from source. Suggested action: Unrecognized pattern — escalate to a human analyst for manual review.",True,True,True,5,5,5,0,0,True,True,1,3,0,1,3,False
48f,42,48710,Unknown,Exploits,True,"This flow was flagged as an unrecognized (potential zero-day) pattern with 50.5% confidence. Main reasons: reduced destination data load, unusually high destination time-to-live. Suggested action: Unrecognized pattern — escalate to a human analyst for manual review.",True,True,True,2,2,2,0,0,True,True,2,0,0,0,0,False
48f,42,48814,Fuzzers,Fuzzers,False,"This flow was flagged as Fuzzers with 67.0% confidence. Main reasons: unusually high source time-to-live, typical bytes sent by the source, typical bytes sent by the destination, reduced recent connections between this source and destination. Suggested action: Inspect the application for crash logs; consider input validation hardening.",True,True,True,4,4,4,0,0,True,True,1,1,0,2,1,False
48f,42,48836,Fuzzers,Fuzzers,False,"This flow was flagged as Fuzzers with 83.6% confidence. Main reasons: typical bytes sent by the source, unusually high source time-to-live, typical source-to-destination byte ratio, typical recent connections between this source and destination, network service=-. Suggested action: Inspect the application for crash logs; consider input validation hardening.",True,True,True,4,4,4,1,1,True,True,1,0,0,3,0,False
48f,42,49295,Normal,Normal,False,"This flow was flagged as Normal with 99.5% confidence. Main reasons: unusually high connections with the same state and TTL, elevated connections to the same service and destination, typical sloss. Suggested action: No action required.",True,True,True,3,3,3,0,0,True,True,1,1,0,1,1,False
48f,42,49462,Fuzzers,Fuzzers,False,"This flow was flagged as Fuzzers with 90.0% confidence. Main reasons: unusually high source time-to-live, typical bytes sent by the source, reduced recent connections between this source and destination, typical mean packet size from source, network service=-. Suggested action: Inspect the application for crash logs; consider input validation hardening.",True,True,True,4,4,4,1,1,True,True,1,1,0,2,1,False
48f,42,49938,Fuzzers,Fuzzers,False,"This flow was flagged as Fuzzers with 55.2% confidence. Main reasons: unusually high source time-to-live, typical recent connections between this source and destination, network service=-, typical connections to the same service and destination. Suggested action: Inspect the application for crash logs; consider input validation hardening.",True,True,True,3,3,3,1,1,True,True,1,0,0,2,0,False
48f,42,50376,Fuzzers,Fuzzers,False,"This flow was flagged as Fuzzers with 64.8% confidence. Main reasons: unusually high source time-to-live, typical bytes sent by the source, reduced recent connections between this source and destination, reduced connections to the same service and destination. Suggested action: Inspect the application for crash logs; consider input validation hardening.",True,True,True,4,4,4,0,0,True,True,1,2,0,1,2,False
48f,42,51606,Unknown,Exploits,True,"This flow was flagged as an unrecognized (potential zero-day) pattern with 47.1% confidence. Main reasons: reduced recent connections between this source and destination, reduced average packet size, reduced connections to the same service from this source, unusually high destination time-to-live. Suggested action: Unrecognized pattern — escalate to a human analyst for manual review.",True,True,True,4,4,4,0,0,True,True,3,1,0,0,1,False
48f,42,52241,Fuzzers,Fuzzers,False,"This flow was flagged as Fuzzers with 76.8% confidence. Main reasons: unusually high source time-to-live, typical bytes sent by the source, reduced recent connections between this source and destination, reduced connections to the same service and destination, network service=-. Suggested action: Inspect the application for crash logs; consider input validation hardening.",True,True,True,4,4,4,1,1,True,True,1,2,0,1,2,False
48f,42,52485,Fuzzers,Fuzzers,False,"This flow was flagged as Fuzzers with 99.2% confidence. Main reasons: unusually high source time-to-live, extremely high connections to the same service and destination, extremely high recent connections to this destination, extremely high recent connections between this source and destination, network service=-. Suggested action: Inspect the application for crash logs; consider input validation hardening.",True,True,True,4,4,4,1,1,True,True,3,1,0,0,1,False
48f,42,52586,Overlap-Group-1,Overlap-Group-1,False,"This flow was flagged as Overlap-Group-1 with 68.4% confidence. Main reasons: typical response body len, extremely high ct flw http mthd, reduced source time-to-live, reduced average packet size, typical bytes sent by the source. Suggested action: Flagged as DoS, Backdoor, or Analysis-type behavior — this dataset's flow-level features can't reliably distinguish the three. Escalate for manual / packet-level inspection to determine the specific subtype.",True,True,True,5,5,5,0,0,True,True,0,3,0,2,3,False
48f,42,52598,Overlap-Group-1,Overlap-Group-1,False,"This flow was flagged as Overlap-Group-1 with 93.5% confidence. Main reasons: extremely high ct flw http mthd, typical response body len, reduced average packet size, reduced source time-to-live, reduced mean packet size from source. Suggested action: Flagged as DoS, Backdoor, or Analysis-type behavior — this dataset's flow-level features can't reliably distinguish the three. Escalate for manual / packet-level inspection to determine the specific subtype.",True,True,True,5,5,5,0,0,True,True,1,3,0,1,3,False
48f,42,53384,Unknown,Overlap-Group-1,True,"This flow was flagged as an unrecognized (potential zero-day) pattern with 50.0% confidence. Main reasons: typical response body len, reduced average packet size, reduced source time-to-live, extremely high ct flw http mthd. Suggested action: Unrecognized pattern — escalate to a human analyst for manual review.",True,True,True,4,4,4,0,0,True,True,0,3,0,1,3,False
48f,42,53505,Unknown,Overlap-Group-1,True,"This flow was flagged as an unrecognized (potential zero-day) pattern with 37.9% confidence. Main reasons: typical response body len, reduced source time-to-live, reduced mean packet size from source, typical bytes sent by the source. Suggested action: Unrecognized pattern — escalate to a human analyst for manual review.",True,True,True,4,4,4,0,0,True,True,1,1,0,2,1,False
48f,42,54311,Normal,Normal,False,"This flow was flagged as Normal with 52.7% confidence. Main reasons: reduced connections to the same service and destination, reduced average packet size, reduced mean packet size from source, typical recent connections to this destination from the same source port. Suggested action: No action required.",True,True,True,4,4,4,0,0,True,True,1,2,0,1,2,False
48f,42,54487,Fuzzers,Fuzzers,False,"This flow was flagged as Fuzzers with 97.5% confidence. Main reasons: typical bytes sent by the source, unusually high source time-to-live, typical source-to-destination byte ratio, network service=-, typical destination jitter. Suggested action: Inspect the application for crash logs; consider input validation hardening.",True,True,True,4,4,4,1,1,True,True,1,0,0,3,0,False
48f,42,54595,Unknown,Fuzzers,True,"This flow was flagged as an unrecognized (potential zero-day) pattern with 33.8% confidence. Main reasons: unusually high source time-to-live, typical bytes sent by the source, network service=-. Suggested action: Unrecognized pattern — escalate to a human analyst for manual review.",True,True,True,2,2,2,1,1,True,True,1,0,0,1,0,False
48f,42,54691,Unknown,Overlap-Group-1,True,"This flow was flagged as an unrecognized (potential zero-day) pattern with 43.1% confidence. Main reasons: reduced connections to the same service and destination, unusually high source time-to-live, reduced recent connections between this source and destination, typical total bytes transferred. Suggested action: Unrecognized pattern — escalate to a human analyst for manual review.",True,True,True,4,4,4,0,0,True,True,3,0,0,1,0,False
48f,42,55028,Overlap-Group-1,Overlap-Group-1,False,"This flow was flagged as Overlap-Group-1 with 73.2% confidence. Main reasons: reduced connections to the same service and destination, elevated average packet size, unusually high source time-to-live, typical bytes sent by the source, typical total bytes transferred. Suggested action: Flagged as DoS, Backdoor, or Analysis-type behavior — this dataset's flow-level features can't reliably distinguish the three. Escalate for manual / packet-level inspection to determine the specific subtype.",True,True,True,5,5,5,0,0,True,True,3,0,0,2,0,False
48f,42,55088,Reconnaissance,Reconnaissance,False,"This flow was flagged as Reconnaissance with 70.3% confidence. Main reasons: reduced mean packet size from destination, reduced recent connections between this source and destination, reduced connections to the same service and destination, reduced mean packet size from source. Suggested action: Flag source IP for monitoring; likely pre-attack scanning.",True,True,True,4,4,4,0,0,True,True,4,0,0,0,0,False
48f,42,55137,Unknown,Fuzzers,True,"This flow was flagged as an unrecognized (potential zero-day) pattern with 36.4% confidence. Main reasons: unusually high source time-to-live, typical total bytes transferred, typical recent connections between this source and destination, network service=-. Suggested action: Unrecognized pattern — escalate to a human analyst for manual review.",True,True,True,3,3,3,1,1,True,True,1,0,0,2,0,False
48f,42,55290,Overlap-Group-1,Overlap-Group-1,False,"This flow was flagged as Overlap-Group-1 with 64.8% confidence. Main reasons: reduced connections to the same service and destination, elevated average packet size, unusually high source time-to-live, reduced recent connections between this source and destination. Suggested action: Flagged as DoS, Backdoor, or Analysis-type behavior — this dataset's flow-level features can't reliably distinguish the three. Escalate for manual / packet-level inspection to determine the specific subtype.",True,True,True,4,4,4,0,0,True,True,4,0,0,0,0,False
48f,42,55384,Unknown,Exploits,True,"This flow was flagged as an unrecognized (potential zero-day) pattern with 50.5% confidence. Main reasons: typical mean packet size from source, reduced connections to the same service and destination, typical bytes sent by the source, typical average packet size. Suggested action: Unrecognized pattern — escalate to a human analyst for manual review.",True,True,True,4,4,4,0,0,True,True,1,0,0,3,0,False
48f,42,55498,Exploits,Exploits,False,"This flow was flagged as Exploits with 52.1% confidence. Main reasons: reduced recent connections between this source and destination, unusually high destination time-to-live, reduced average packet size. Suggested action: Isolate the target host and check for unpatched vulnerabilities.",True,True,True,3,3,3,0,0,True,True,2,1,0,0,1,False
48f,42,55603,Unknown,Exploits,True,"This flow was flagged as an unrecognized (potential zero-day) pattern with 41.4% confidence. Main reasons: reduced connections to the same service and destination, unusually high destination time-to-live, typical TCP round-trip time. Suggested action: Unrecognized pattern — escalate to a human analyst for manual review.",True,True,True,3,3,3,0,0,True,True,2,0,0,1,0,False
48f,42,55793,Unknown,Exploits,True,"This flow was flagged as an unrecognized (potential zero-day) pattern with 38.2% confidence. Main reasons: reduced connections to the same service and destination, reduced mean packet size from source, unusually high destination time-to-live. Suggested action: Unrecognized pattern — escalate to a human analyst for manual review.",True,True,True,3,3,3,0,0,True,True,2,1,0,0,1,False
48f,42,55890,Unknown,Fuzzers,True,"This flow was flagged as an unrecognized (potential zero-day) pattern with 34.7% confidence. Main reasons: unusually high source time-to-live, typical mean packet size from source, network service=-. Suggested action: Unrecognized pattern — escalate to a human analyst for manual review.",True,True,True,2,2,2,1,1,True,True,1,0,0,1,0,False
48f,42,55960,Unknown,Fuzzers,True,"This flow was flagged as an unrecognized (potential zero-day) pattern with 37.5% confidence. Main reasons: unusually high source time-to-live, typical mean packet size from source, network service=-. Suggested action: Unrecognized pattern — escalate to a human analyst for manual review.",True,True,True,2,2,2,1,1,True,True,1,0,0,1,0,False
48f,43,409,Unknown,Overlap-Group-1,True,"This flow was flagged as an unrecognized (potential zero-day) pattern with 46.2% confidence. Main reasons: network protocol=ospf, reduced connections to the same service and destination, unusually high source time-to-live. Suggested action: Unrecognized pattern — escalate to a human analyst for manual review.",True,True,True,2,2,2,1,1,True,True,2,0,0,0,0,False
48f,43,744,Exploits,Exploits,False,"This flow was flagged as Exploits with 99.3% confidence. Main reasons: reduced source time-to-live, reduced connections to the same service and destination, unusually high total bytes transferred, unusually high dloss, unusually high bytes sent by the destination. Suggested action: Isolate the target host and check for unpatched vulnerabilities.",True,True,True,5,5,5,0,0,True,True,4,1,0,0,1,False
48f,43,1151,Exploits,Exploits,False,"This flow was flagged as Exploits with 98.8% confidence. Main reasons: reduced source time-to-live, reduced connections to the same service and destination, elevated bytes sent by the destination, reduced mean packet size from source, unusually high destination time-to-live. Suggested action: Isolate the target host and check for unpatched vulnerabilities.",True,True,True,5,5,5,0,0,True,True,4,1,0,0,1,False
48f,43,1493,Reconnaissance,Reconnaissance,False,"This flow was flagged as Reconnaissance with 99.9% confidence. Main reasons: reduced average packet size, typical bytes sent by the source, typical total bytes transferred, typical source jitter, reduced mean packet size from source. Suggested action: Flag source IP for monitoring; likely pre-attack scanning.",True,True,True,5,5,5,0,0,True,True,2,0,0,3,0,False
48f,43,1859,Unknown,Overlap-Group-1,True,"This flow was flagged as an unrecognized (potential zero-day) pattern with 46.8% confidence. Main reasons: network protocol=unas, reduced average packet size, typical bytes sent by the source, unusually high source time-to-live. Suggested action: Unrecognized pattern — escalate to a human analyst for manual review.",True,True,True,3,3,3,1,1,True,True,1,1,0,1,1,False
48f,43,1981,Reconnaissance,Reconnaissance,False,"This flow was flagged as Reconnaissance with 93.0% confidence. Main reasons: extremely high ct flw http mthd, reduced recent connections between this source and destination, reduced mean packet size from destination, reduced mean packet size from source, network service=http. Suggested action: Flag source IP for monitoring; likely pre-attack scanning.",True,True,True,4,4,4,1,1,True,True,3,0,1,0,0,False
48f,43,2338,Reconnaissance,Reconnaissance,False,"This flow was flagged as Reconnaissance with 99.8% confidence. Main reasons: reduced average packet size, typical bytes sent by the source, typical total bytes transferred, reduced connections to the same service and destination, reduced connections to the same service from this source. Suggested action: Flag source IP for monitoring; likely pre-attack scanning.",True,True,True,5,5,5,0,0,True,True,3,0,0,2,0,False
48f,43,2362,Fuzzers,Fuzzers,False,"This flow was flagged as Fuzzers with 89.3% confidence. Main reasons: elevated connections to the same service and destination, unusually high source time-to-live, elevated recent connections between this source and destination, elevated connections to the same service from this source. Suggested action: Inspect the application for crash logs; consider input validation hardening.",True,True,True,4,4,4,0,0,True,True,4,0,0,0,0,False
48f,43,2767,Overlap-Group-1,Overlap-Group-1,False,"This flow was flagged as Overlap-Group-1 with 54.6% confidence. Main reasons: network protocol=ptp, reduced average packet size, typical bytes sent by the source, unusually high source time-to-live. Suggested action: Flagged as DoS, Backdoor, or Analysis-type behavior — this dataset's flow-level features can't reliably distinguish the three. Escalate for manual / packet-level inspection to determine the specific subtype.",True,True,True,3,3,3,1,1,True,True,1,1,0,1,1,False
48f,43,2974,Overlap-Group-1,Overlap-Group-1,False,"This flow was flagged as Overlap-Group-1 with 55.6% confidence. Main reasons: network protocol=unas, reduced average packet size, typical bytes sent by the source, unusually high source time-to-live. Suggested action: Flagged as DoS, Backdoor, or Analysis-type behavior — this dataset's flow-level features can't reliably distinguish the three. Escalate for manual / packet-level inspection to determine the specific subtype.",True,True,True,3,3,3,1,1,True,True,1,1,0,1,1,False
48f,43,3204,Reconnaissance,Reconnaissance,False,"This flow was flagged as Reconnaissance with 58.5% confidence. Main reasons: network service=dns, reduced connections to the same service from this source, reduced connections to the same service and destination, reduced average packet size. Suggested action: Flag source IP for monitoring; likely pre-attack scanning.",True,True,True,3,3,3,1,1,True,True,3,0,0,0,0,False
48f,43,3419,Unknown,Normal,True,"This flow was flagged as an unrecognized (potential zero-day) pattern with 50.6% confidence. Main reasons: extremely high connections to the same service and destination, typical bytes sent by the source, extremely high connections to the same service from this source. Suggested action: Unrecognized pattern — escalate to a human analyst for manual review.",True,True,True,3,3,3,0,0,True,True,2,0,0,1,0,False
48f,43,3470,Fuzzers,Fuzzers,False,"This flow was flagged as Fuzzers with 98.5% confidence. Main reasons: elevated destination jitter, unusually high source time-to-live, typical bytes sent by the source, typical bytes sent by the destination. Suggested action: Inspect the application for crash logs; consider input validation hardening.",True,True,True,4,4,4,0,0,True,True,2,0,0,2,0,False
48f,43,3486,Exploits,Exploits,False,"This flow was flagged as Exploits with 90.2% confidence. Main reasons: reduced source time-to-live, reduced connections to the same service and destination, network service=smtp, typical bytes sent by the destination, unusually high destination time-to-live. Suggested action: Isolate the target host and check for unpatched vulnerabilities.",True,True,True,4,4,4,1,1,True,True,2,1,0,1,1,False
48f,43,3508,Reconnaissance,Reconnaissance,False,"This flow was flagged as Reconnaissance with 99.9% confidence. Main reasons: reduced average packet size, typical bytes sent by the source, typical total bytes transferred, reduced mean packet size from destination, reduced connections to the same service and destination. Suggested action: Flag source IP for monitoring; likely pre-attack scanning.",True,True,True,5,5,5,0,0,True,True,3,0,0,2,0,False
48f,43,3629,Unknown,Exploits,True,"This flow was flagged as an unrecognized (potential zero-day) pattern with 47.0% confidence. Main reasons: reduced connections to the same service and destination, network service=http, reduced average packet size, reduced recent connections between this source and destination. Suggested action: Unrecognized pattern — escalate to a human analyst for manual review.",True,True,True,3,3,3,1,1,True,True,2,1,0,0,1,False
48f,43,3639,Reconnaissance,Reconnaissance,False,"This flow was flagged as Reconnaissance with 64.7% confidence. Main reasons: network service=http, typical total bytes transferred, reduced mean packet size from destination, reduced recent connections between this source and destination, reduced connections to the same service from this source. Suggested action: Flag source IP for monitoring; likely pre-attack scanning.",True,True,True,4,4,4,1,1,True,True,3,0,0,1,0,False
48f,43,3732,Overlap-Group-1,Overlap-Group-1,False,"This flow was flagged as Overlap-Group-1 with 57.3% confidence. Main reasons: network protocol=compaq-peer, reduced average packet size, typical bytes sent by the source, unusually high source time-to-live. Suggested action: Flagged as DoS, Backdoor, or Analysis-type behavior — this dataset's flow-level features can't reliably distinguish the three. Escalate for manual / packet-level inspection to determine the specific subtype.",True,True,True,3,3,3,1,1,True,True,1,1,0,1,1,False
48f,43,4283,Exploits,Exploits,False,"This flow was flagged as Exploits with 98.1% confidence. Main reasons: reduced source time-to-live, reduced mean packet size from source, reduced connections to the same service and destination, elevated bytes sent by the destination, unusually high destination time-to-live. Suggested action: Isolate the target host and check for unpatched vulnerabilities.",True,True,True,5,5,5,0,0,True,True,4,1,0,0,1,False
48f,43,4605,Reconnaissance,Reconnaissance,False,"This flow was flagged as Reconnaissance with 61.6% confidence. Main reasons: reduced mean packet size from destination, typical total bytes transferred, network service=http, reduced recent connections between this source and destination, reduced mean packet size from source. Suggested action: Flag source IP for monitoring; likely pre-attack scanning.",True,True,True,4,4,4,1,1,True,True,3,0,0,1,0,False
48f,43,4761,Exploits,Exploits,False,"This flow was flagged as Exploits with 99.6% confidence. Main reasons: reduced connections to the same service and destination, reduced source time-to-live, typical bytes sent by the destination, extremely high mean packet size from destination, unusually high destination time-to-live. Suggested action: Isolate the target host and check for unpatched vulnerabilities.",True,True,True,5,5,5,0,0,True,True,3,1,0,1,1,False
48f,43,5081,Fuzzers,Fuzzers,False,"This flow was flagged as Fuzzers with 90.2% confidence. Main reasons: typical bytes sent by the destination, unusually high source time-to-live, network service=-, extremely high recent connections from this source. Suggested action: Inspect the application for crash logs; consider input validation hardening.",True,True,True,3,3,3,1,1,True,True,1,1,0,1,1,False
48f,43,5299,Exploits,Exploits,False,"This flow was flagged as Exploits with 97.1% confidence. Main reasons: reduced connections to the same service and destination, reduced source time-to-live, typical bytes sent by the destination, unusually high destination time-to-live, typical dloss. Suggested action: Isolate the target host and check for unpatched vulnerabilities.",True,True,True,5,5,5,0,0,True,True,2,1,0,2,1,False
48f,43,5325,Generic,Generic,False,"This flow was flagged as Generic with 86.8% confidence. Main reasons: typical response body len, typical mean packet size from source, typical sloss, typical bytes sent by the source. Suggested action: Review firewall rules for this flow's protocol/service combination.",True,True,True,4,4,4,0,0,True,True,0,0,0,4,0,False
48f,43,5434,Exploits,Exploits,False,"This flow was flagged as Exploits with 91.8% confidence. Main reasons: reduced connections to the same service and destination, typical total bytes transferred, network service=http, typical mean packet size from source, typical source-to-destination byte ratio. Suggested action: Isolate the target host and check for unpatched vulnerabilities.",True,True,True,4,4,4,1,1,True,True,1,0,0,3,0,False
48f,43,5473,Exploits,Exploits,False,"This flow was flagged as Exploits with 99.4% confidence. Main reasons: network service=smtp, reduced connections to the same service and destination, typical bytes sent by the destination, reduced source time-to-live, extremely high mean packet size from source. Suggested action: Isolate the target host and check for unpatched vulnerabilities.",True,True,True,4,4,4,1,1,True,True,1,2,0,1,2,False
48f,43,5529,Generic,Generic,False,"This flow was flagged as Generic with 66.0% confidence. Main reasons: unusually high mean packet size from source, typical bytes sent by the source, reduced recent connections between this source and destination, unusually low source-to-destination packet ratio. Suggested action: Review firewall rules for this flow's protocol/service combination.",True,True,True,4,4,4,0,0,True,True,3,0,0,1,0,False
48f,43,6258,Reconnaissance,Reconnaissance,False,"This flow was flagged as Reconnaissance with 99.9% confidence. Main reasons: reduced average packet size, typical bytes sent by the source, typical total bytes transferred, reduced mean packet size from destination, reduced mean packet size from source. Suggested action: Flag source IP for monitoring; likely pre-attack scanning.",True,True,True,5,5,5,0,0,True,True,3,0,0,2,0,False
48f,43,6418,Reconnaissance,Reconnaissance,False,"This flow was flagged as Reconnaissance with 84.6% confidence. Main reasons: reduced mean packet size from destination, reduced mean packet size from source, reduced recent connections between this source and destination, typical total bytes transferred, network service=http. Suggested action: Flag source IP for monitoring; likely pre-attack scanning.",True,True,True,4,4,4,1,1,True,True,3,0,0,1,0,False
48f,43,6519,Unknown,Fuzzers,True,"This flow was flagged as an unrecognized (potential zero-day) pattern with 34.6% confidence. Main reasons: unusually high source time-to-live, extremely high mean packet size from source, typical bytes sent by the source. Suggested action: Unrecognized pattern — escalate to a human analyst for manual review.",True,True,True,3,3,3,0,0,True,True,2,0,0,1,0,False
48f,43,6639,Overlap-Group-1,Overlap-Group-1,False,"This flow was flagged as Overlap-Group-1 with 70.9% confidence. Main reasons: typical response body len, reduced average packet size, reduced source time-to-live, typical total bytes transferred. Suggested action: Flagged as DoS, Backdoor, or Analysis-type behavior — this dataset's flow-level features can't reliably distinguish the three. Escalate for manual / packet-level inspection to determine the specific subtype.",True,True,True,4,4,4,0,0,True,True,0,2,0,2,2,False
48f,43,6672,Overlap-Group-1,Overlap-Group-1,False,"This flow was flagged as Overlap-Group-1 with 53.6% confidence. Main reasons: reduced connections to the same service and destination, typical bytes sent by the source, reduced connections to the same service from this source, elevated average packet size. Suggested action: Flagged as DoS, Backdoor, or Analysis-type behavior — this dataset's flow-level features can't reliably distinguish the three. Escalate for manual / packet-level inspection to determine the specific subtype.",True,True,True,4,4,4,0,0,True,True,3,0,0,1,0,False
48f,43,6815,Exploits,Exploits,False,"This flow was flagged as Exploits with 99.3% confidence. Main reasons: reduced connections to the same service and destination, reduced source time-to-live, network service=smtp, typical bytes sent by the destination, unusually high destination time-to-live. Suggested action: Isolate the target host and check for unpatched vulnerabilities.",True,True,True,4,4,4,1,1,True,True,2,1,0,1,1,False
48f,43,6899,Overlap-Group-1,Overlap-Group-1,False,"This flow was flagged as Overlap-Group-1 with 51.6% confidence. Main reasons: network protocol=sun-nd, reduced average packet size, typical bytes sent by the source, unusually high source time-to-live, typical source data load. Suggested action: Flagged as DoS, Backdoor, or Analysis-type behavior — this dataset's flow-level features can't reliably distinguish the three. Escalate for manual / packet-level inspection to determine the specific subtype.",True,True,True,4,4,4,1,1,True,True,1,1,0,2,1,False
48f,43,6951,Overlap-Group-1,Overlap-Group-1,False,"This flow was flagged as Overlap-Group-1 with 83.2% confidence. Main reasons: unusually high source time-to-live, typical response body len, typical bytes sent by the destination, typical mean packet size from destination, reduced connections to the same service and destination. Suggested action: Flagged as DoS, Backdoor, or Analysis-type behavior — this dataset's flow-level features can't reliably distinguish the three. Escalate for manual / packet-level inspection to determine the specific subtype.",True,True,True,5,5,5,0,0,True,True,2,0,0,3,0,False
48f,43,7099,Generic,Generic,False,"This flow was flagged as Generic with 100.0% confidence. Main reasons: typical total bytes transferred, network service=dns, typical bytes sent by the source, unusually high connections to the same service from this source. Suggested action: Review firewall rules for this flow's protocol/service combination.",True,True,True,3,3,3,1,1,True,True,0,1,0,2,1,False
48f,43,7276,Generic,Generic,False,"This flow was flagged as Generic with 100.0% confidence. Main reasons: typical total bytes transferred, network service=dns, typical bytes sent by the source, extremely high connections to the same service from this source, extremely high recent connections between this source and destination. Suggested action: Review firewall rules for this flow's protocol/service combination.",True,True,True,4,4,4,1,1,True,True,0,2,0,2,2,False
48f,43,7349,Generic,Generic,False,"This flow was flagged as Generic with 100.0% confidence. Main reasons: typical total bytes transferred, extremely high connections to the same service from this source, network service=dns, typical bytes sent by the source. Suggested action: Review firewall rules for this flow's protocol/service combination.",True,True,True,3,3,3,1,1,True,True,0,1,0,2,1,False
48f,43,7422,Generic,Generic,False,"This flow was flagged as Generic with 100.0% confidence. Main reasons: typical total bytes transferred, network service=dns, extremely high connections to the same service from this source, typical bytes sent by the source. Suggested action: Review firewall rules for this flow's protocol/service combination.",True,True,True,3,3,3,1,1,True,True,0,1,0,2,1,False
48f,43,7527,Generic,Generic,False,"This flow was flagged as Generic with 100.0% confidence. Main reasons: typical total bytes transferred, network service=dns, extremely high connections to the same service from this source, typical bytes sent by the source. Suggested action: Review firewall rules for this flow's protocol/service combination.",True,True,True,3,3,3,1,1,True,True,0,1,0,2,1,False
48f,43,7869,Generic,Generic,False,"This flow was flagged as Generic with 100.0% confidence. Main reasons: typical total bytes transferred, network service=dns, typical bytes sent by the source, extremely high connections to the same service from this source, extremely high recent connections between this source and destination. Suggested action: Review firewall rules for this flow's protocol/service combination.",True,True,True,4,4,4,1,1,True,True,0,2,0,2,2,False
48f,43,8041,Generic,Generic,False,"This flow was flagged as Generic with 100.0% confidence. Main reasons: typical total bytes transferred, network service=dns, typical bytes sent by the source, extremely high connections to the same service from this source, extremely high recent connections between this source and destination. Suggested action: Review firewall rules for this flow's protocol/service combination.",True,True,True,4,4,4,1,1,True,True,0,2,0,2,2,False
48f,43,8077,Generic,Generic,False,"This flow was flagged as Generic with 100.0% confidence. Main reasons: typical total bytes transferred, extremely high connections to the same service from this source, network service=dns, typical bytes sent by the source. Suggested action: Review firewall rules for this flow's protocol/service combination.",True,True,True,3,3,3,1,1,True,True,0,1,0,2,1,False
48f,43,8163,Generic,Generic,False,"This flow was flagged as Generic with 100.0% confidence. Main reasons: typical total bytes transferred, network service=dns, typical bytes sent by the source, extremely high connections to the same service from this source, extremely high recent connections between this source and destination. Suggested action: Review firewall rules for this flow's protocol/service combination.",True,True,True,4,4,4,1,1,True,True,0,2,0,2,2,False
48f,43,8187,Generic,Generic,False,"This flow was flagged as Generic with 100.0% confidence. Main reasons: typical total bytes transferred, network service=dns, typical bytes sent by the source, extremely high connections to the same service from this source, extremely high recent connections to this destination. Suggested action: Review firewall rules for this flow's protocol/service combination.",True,True,True,4,4,4,1,1,True,True,0,2,0,2,2,False
48f,43,8283,Generic,Generic,False,"This flow was flagged as Generic with 100.0% confidence. Main reasons: typical total bytes transferred, network service=dns, extremely high connections to the same service from this source, typical bytes sent by the source, extremely high recent connections between this source and destination. Suggested action: Review firewall rules for this flow's protocol/service combination.",True,True,True,4,4,4,1,1,True,True,0,2,0,2,2,False
48f,43,12077,Normal,Normal,False,"This flow was flagged as Normal with 100.0% confidence. Main reasons: unusually low source time-to-live, reduced connections with the same state and TTL, typical recent connections between this source and destination, extremely high destination data load. Suggested action: No action required.",True,True,True,4,4,4,0,0,True,True,3,0,0,1,0,False
48f,43,13649,Normal,Normal,False,"This flow was flagged as Normal with 100.0% confidence. Main reasons: unusually low source time-to-live, reduced connections with the same state and TTL. Suggested action: No action required.",True,True,True,2,2,2,0,0,True,True,2,0,0,0,0,False
48f,43,14808,Normal,Normal,False,"This flow was flagged as Normal with 100.0% confidence. Main reasons: unusually low source time-to-live, reduced connections with the same state and TTL, elevated connections to the same service from this source. Suggested action: No action required.",True,True,True,3,3,3,0,0,True,True,3,0,0,0,0,False
48f,43,17538,Normal,Normal,False,"This flow was flagged as Normal with 100.0% confidence. Main reasons: unusually low source time-to-live, reduced connections with the same state and TTL, typical connections to the same service from this source, elevated connections to the same service and destination. Suggested action: No action required.",True,True,True,4,4,4,0,0,True,True,3,0,0,1,0,False
48f,43,17589,Normal,Normal,False,"This flow was flagged as Normal with 100.0% confidence. Main reasons: unusually low source time-to-live, unusually high connections to the same service from this source, reduced connections with the same state and TTL, typical destination data load. Suggested action: No action required.",True,True,True,4,4,4,0,0,True,True,3,0,0,1,0,False
48f,43,17851,Normal,Normal,False,"This flow was flagged as Normal with 100.0% confidence. Main reasons: unusually low source time-to-live, reduced connections with the same state and TTL. Suggested action: No action required.",True,True,True,2,2,2,0,0,True,True,2,0,0,0,0,False
48f,43,18921,Normal,Normal,False,"This flow was flagged as Normal with 100.0% confidence. Main reasons: unusually low source time-to-live, reduced connections with the same state and TTL, elevated connections to the same service and destination, typical destination data load. Suggested action: No action required.",True,True,True,4,4,4,0,0,True,True,3,0,0,1,0,False
48f,43,19566,Normal,Normal,False,"This flow was flagged as Normal with 100.0% confidence. Main reasons: unusually low source time-to-live, reduced connections with the same state and TTL, typical destination data load. Suggested action: No action required.",True,True,True,3,3,3,0,0,True,True,2,0,0,1,0,False
48f,43,19595,Normal,Normal,False,"This flow was flagged as Normal with 100.0% confidence. Main reasons: unusually low source time-to-live, reduced connections with the same state and TTL, typical destination data load, elevated connections to the same service and destination, typical recent connections between this source and destination. Suggested action: No action required.",True,True,True,5,5,5,0,0,True,True,3,0,0,2,0,False
48f,43,19632,Normal,Normal,False,"This flow was flagged as Normal with 100.0% confidence. Main reasons: unusually low source time-to-live, reduced connections with the same state and TTL, typical destination data load. Suggested action: No action required.",True,True,True,3,3,3,0,0,True,True,2,0,0,1,0,False
48f,43,19952,Normal,Normal,False,"This flow was flagged as Normal with 100.0% confidence. Main reasons: unusually low source time-to-live, reduced connections with the same state and TTL. Suggested action: No action required.",True,True,True,2,2,2,0,0,True,True,2,0,0,0,0,False
48f,43,22781,Normal,Normal,False,"This flow was flagged as Normal with 100.0% confidence. Main reasons: unusually low source time-to-live, reduced connections with the same state and TTL. Suggested action: No action required.",True,True,True,2,2,2,0,0,True,True,2,0,0,0,0,False
48f,43,23192,Normal,Normal,False,"This flow was flagged as Normal with 100.0% confidence. Main reasons: unusually low source time-to-live, reduced connections with the same state and TTL, unusually high connections to the same service from this source. Suggested action: No action required.",True,True,True,3,3,3,0,0,True,True,3,0,0,0,0,False
48f,43,23588,Normal,Normal,False,"This flow was flagged as Normal with 100.0% confidence. Main reasons: unusually low source time-to-live, reduced connections with the same state and TTL, reduced destination data load, unusually high mean packet size from destination. Suggested action: No action required.",True,True,True,4,4,4,0,0,True,True,3,1,0,0,1,False
48f,43,23940,Normal,Normal,False,"This flow was flagged as Normal with 100.0% confidence. Main reasons: unusually low source time-to-live, elevated connections to the same service from this source, reduced connections with the same state and TTL, elevated connections to the same service and destination. Suggested action: No action required.",True,True,True,4,4,4,0,0,True,True,4,0,0,0,0,False
48f,43,24247,Normal,Normal,False,"This flow was flagged as Normal with 100.0% confidence. Main reasons: unusually low source time-to-live, reduced connections with the same state and TTL. Suggested action: No action required.",True,True,True,2,2,2,0,0,True,True,2,0,0,0,0,False
48f,43,25238,Exploits,Exploits,False,"This flow was flagged as Exploits with 66.9% confidence. Main reasons: reduced average packet size, reduced recent connections between this source and destination, typical total bytes transferred. Suggested action: Isolate the target host and check for unpatched vulnerabilities.",True,True,True,3,3,3,0,0,True,True,1,1,0,1,1,False
48f,43,25420,Unknown,Overlap-Group-1,True,"This flow was flagged as an unrecognized (potential zero-day) pattern with 49.4% confidence. Main reasons: typical response body len, reduced source time-to-live, reduced average packet size, reduced mean packet size from source. Suggested action: Unrecognized pattern — escalate to a human analyst for manual review.",True,True,True,4,4,4,0,0,True,True,1,2,0,1,2,False
48f,43,25427,Unknown,Normal,True,"This flow was flagged as an unrecognized (potential zero-day) pattern with 38.4% confidence. Main reasons: typical bytes sent by the source, elevated mean packet size from source. Suggested action: Unrecognized pattern — escalate to a human analyst for manual review.",True,True,True,2,2,2,0,0,True,True,0,1,0,1,1,False
48f,43,25706,Unknown,Overlap-Group-1,True,"This flow was flagged as an unrecognized (potential zero-day) pattern with 49.3% confidence. Main reasons: typical response body len, reduced source time-to-live, reduced average packet size, reduced connections to the same service and destination. Suggested action: Unrecognized pattern — escalate to a human analyst for manual review.",True,True,True,4,4,4,0,0,True,True,1,2,0,1,2,False
48f,43,26017,Normal,Normal,False,"This flow was flagged as Normal with 100.0% confidence. Main reasons: unusually high connections with the same state and TTL, extremely high TCP round-trip time, typical bytes sent by the source, typical connections to the same service and destination. Suggested action: No action required.",True,True,True,4,4,4,0,0,True,True,1,1,0,2,1,False
48f,43,26752,Unknown,Overlap-Group-1,True,"This flow was flagged as an unrecognized (potential zero-day) pattern with 43.5% confidence. Main reasons: typical response body len, reduced source time-to-live, reduced average packet size, typical flow duration. Suggested action: Unrecognized pattern — escalate to a human analyst for manual review.",True,True,True,4,4,4,0,0,True,True,0,2,0,2,2,False
48f,43,26824,Fuzzers,Fuzzers,False,"This flow was flagged as Fuzzers with 71.6% confidence. Main reasons: unusually high source time-to-live, typical bytes sent by the source, typical connections to the same service and destination, typical bytes sent by the destination. Suggested action: Inspect the application for crash logs; consider input validation hardening.",True,True,True,4,4,4,0,0,True,True,1,0,0,3,0,False
48f,43,27045,Fuzzers,Fuzzers,False,"This flow was flagged as Fuzzers with 88.1% confidence. Main reasons: unusually high source time-to-live, reduced mean packet size from source, reduced average packet size, typical bytes sent by the source. Suggested action: Inspect the application for crash logs; consider input validation hardening.",True,True,True,4,4,4,0,0,True,True,1,1,1,1,1,False
48f,43,27057,Fuzzers,Fuzzers,False,"This flow was flagged as Fuzzers with 58.3% confidence. Main reasons: unusually high source time-to-live, typical bytes sent by the source, typical recent connections between this source and destination, typical source-to-destination byte ratio, typical connections to the same service and destination. Suggested action: Inspect the application for crash logs; consider input validation hardening.",True,True,True,5,5,5,0,0,True,True,1,0,0,4,0,False
48f,43,27160,Fuzzers,Fuzzers,False,"This flow was flagged as Fuzzers with 77.6% confidence. Main reasons: unusually high source time-to-live, reduced mean packet size from source, reduced average packet size, reduced recent connections between this source and destination. Suggested action: Inspect the application for crash logs; consider input validation hardening.",True,True,True,4,4,4,0,0,True,True,1,2,1,0,2,False
48f,43,27199,Fuzzers,Fuzzers,False,"This flow was flagged as Fuzzers with 84.6% confidence. Main reasons: unusually high source time-to-live, typical connections to the same service and destination, network service=-, unusually high mean packet size from source, typical recent connections between this source and destination. Suggested action: Inspect the application for crash logs; consider input validation hardening.",True,True,True,4,4,4,1,1,True,True,2,0,0,2,0,False
48f,43,27549,Fuzzers,Fuzzers,False,"This flow was flagged as Fuzzers with 54.6% confidence. Main reasons: unusually high source time-to-live, network service=-, typical bytes sent by the source, extremely high mean packet size from source, elevated recent connections between this source and destination. Suggested action: Inspect the application for crash logs; consider input validation hardening.",True,True,True,4,4,4,1,1,True,True,3,0,0,1,0,False
48f,43,27568,Unknown,Normal,True,"This flow was flagged as an unrecognized (potential zero-day) pattern with 37.5% confidence. Main reasons: reduced connections to the same service and destination, typical response body len, typical mean packet size from destination. Suggested action: Unrecognized pattern — escalate to a human analyst for manual review.",True,True,True,3,3,3,0,0,True,True,0,1,0,2,1,False
48f,43,27984,Unknown,Normal,True,"This flow was flagged as an unrecognized (potential zero-day) pattern with 50.3% confidence. Main reasons: typical connections to the same service and destination, typical bytes sent by the source, typical recent connections between this source and destination, typical connections to the same service from this source. Suggested action: Unrecognized pattern — escalate to a human analyst for manual review.",True,True,True,4,4,4,0,0,True,True,0,0,0,4,0,False
48f,43,28032,Exploits,Exploits,False,"This flow was flagged as Exploits with 74.5% confidence. Main reasons: reduced connections to the same service and destination, typical total bytes transferred, reduced recent connections between this source and destination, typical source-to-destination byte ratio. Suggested action: Isolate the target host and check for unpatched vulnerabilities.",True,True,True,4,4,4,0,0,True,True,2,0,0,2,0,False
48f,43,28130,Reconnaissance,Reconnaissance,False,"This flow was flagged as Reconnaissance with 99.8% confidence. Main reasons: reduced average packet size, typical bytes sent by the source, typical total bytes transferred, reduced mean packet size from destination, reduced mean packet size from source. Suggested action: Flag source IP for monitoring; likely pre-attack scanning.",True,True,True,5,5,5,0,0,True,True,3,0,0,2,0,False
48f,43,28164,Reconnaissance,Reconnaissance,False,"This flow was flagged as Reconnaissance with 99.7% confidence. Main reasons: reduced average packet size, typical bytes sent by the source, typical total bytes transferred, reduced mean packet size from destination. Suggested action: Flag source IP for monitoring; likely pre-attack scanning.",True,True,True,4,4,4,0,0,True,True,2,0,0,2,0,False
48f,43,28441,Exploits,Exploits,False,"This flow was flagged as Exploits with 58.2% confidence. Main reasons: typical response body len, typical mean packet size from destination, reduced source time-to-live. Suggested action: Isolate the target host and check for unpatched vulnerabilities.",True,True,True,3,3,3,0,0,True,True,0,1,0,2,1,False
48f,43,28552,Unknown,Exploits,True,"This flow was flagged as an unrecognized (potential zero-day) pattern with 50.6% confidence. Main reasons: network service=http, unusually high destination time-to-live, reduced recent connections between this source and destination, reduced connections to the same service from this source, reduced mean packet size from source. Suggested action: Unrecognized pattern — escalate to a human analyst for manual review.",True,True,True,4,4,4,1,1,True,True,4,0,0,0,0,False
48f,43,28631,Reconnaissance,Reconnaissance,False,"This flow was flagged as Reconnaissance with 75.9% confidence. Main reasons: reduced mean packet size from destination, reduced mean packet size from source, typical total bytes transferred, reduced recent connections between this source and destination, network service=http. Suggested action: Flag source IP for monitoring; likely pre-attack scanning.",True,True,True,4,4,4,1,1,True,True,3,0,0,1,0,False
48f,43,28710,Reconnaissance,Reconnaissance,False,"This flow was flagged as Reconnaissance with 100.0% confidence. Main reasons: reduced average packet size, typical bytes sent by the source, typical total bytes transferred, reduced connections to the same service and destination, reduced mean packet size from destination. Suggested action: Flag source IP for monitoring; likely pre-attack scanning.",True,True,True,5,5,5,0,0,True,True,3,0,0,2,0,False
48f,43,29181,Exploits,Exploits,False,"This flow was flagged as Exploits with 96.6% confidence. Main reasons: reduced source time-to-live, reduced connections to the same service and destination, network service=smtp, typical bytes sent by the destination, unusually high destination time-to-live. Suggested action: Isolate the target host and check for unpatched vulnerabilities.",True,True,True,4,4,4,1,1,True,True,2,1,0,1,1,False
48f,43,29415,Reconnaissance,Reconnaissance,False,"This flow was flagged as Reconnaissance with 99.8% confidence. Main reasons: reduced average packet size, typical bytes sent by the source, typical source jitter, typical total bytes transferred, reduced mean packet size from destination. Suggested action: Flag source IP for monitoring; likely pre-attack scanning.",True,True,True,5,5,5,0,0,True,True,2,0,0,3,0,False
48f,43,29420,Unknown,Generic,True,"This flow was flagged as an unrecognized (potential zero-day) pattern with 47.7% confidence. Main reasons: unusually high mean packet size from source, typical bytes sent by the source, reduced recent connections between this source and destination, unusually low source-to-destination packet ratio. Suggested action: Unrecognized pattern — escalate to a human analyst for manual review.",True,True,True,4,4,4,0,0,True,True,3,0,0,1,0,False
48f,43,29462,Exploits,Exploits,False,"This flow was flagged as Exploits with 71.7% confidence. Main reasons: reduced recent connections between this source and destination, reduced average packet size, typical source-to-destination byte ratio, typical mean packet size from source. Suggested action: Isolate the target host and check for unpatched vulnerabilities.",True,True,True,4,4,4,0,0,True,True,1,1,0,2,1,False
48f,43,29929,Reconnaissance,Reconnaissance,False,"This flow was flagged as Reconnaissance with 70.7% confidence. Main reasons: reduced mean packet size from destination, typical total bytes transferred, reduced recent connections between this source and destination, reduced mean packet size from source, network service=http. Suggested action: Flag source IP for monitoring; likely pre-attack scanning.",True,True,True,4,4,4,1,1,True,True,3,0,0,1,0,False
48f,43,30096,Reconnaissance,Reconnaissance,False,"This flow was flagged as Reconnaissance with 98.8% confidence. Main reasons: typical bytes sent by the source, typical total bytes transferred, reduced mean packet size from source, reduced recent connections between this source and destination, reduced mean packet size from destination. Suggested action: Flag source IP for monitoring; likely pre-attack scanning.",True,True,True,5,5,5,0,0,True,True,3,0,0,2,0,False
48f,43,30266,Exploits,Exploits,False,"This flow was flagged as Exploits with 96.1% confidence. Main reasons: reduced connections to the same service and destination, reduced source time-to-live, unusually high destination time-to-live, typical total bytes transferred, typical bytes sent by the destination. Suggested action: Isolate the target host and check for unpatched vulnerabilities.",True,True,True,5,5,5,0,0,True,True,2,1,0,2,1,False
48f,43,31314,Unknown,Fuzzers,True,"This flow was flagged as an unrecognized (potential zero-day) pattern with 49.9% confidence. Main reasons: unusually high source time-to-live, network service=-, typical recent connections between this source and destination, network protocol=udp, unusually high mean packet size from source. Suggested action: Unrecognized pattern — escalate to a human analyst for manual review.",True,True,True,3,3,3,2,2,True,True,2,0,0,1,0,False
48f,43,31328,Unknown,Fuzzers,True,"This flow was flagged as an unrecognized (potential zero-day) pattern with 47.8% confidence. Main reasons: unusually high source time-to-live, unusually high connections to the same service from this source. Suggested action: Unrecognized pattern — escalate to a human analyst for manual review.",True,True,True,2,2,2,0,0,True,True,2,0,0,0,0,False
48f,43,31542,Reconnaissance,Reconnaissance,False,"This flow was flagged as Reconnaissance with 58.3% confidence. Main reasons: reduced mean packet size from destination, network service=http, typical total bytes transferred, reduced recent connections between this source and destination, reduced stcpb. Suggested action: Flag source IP for monitoring; likely pre-attack scanning.",True,True,True,4,4,4,1,1,True,True,3,0,0,1,0,False
48f,43,31777,Exploits,Exploits,False,"This flow was flagged as Exploits with 74.6% confidence. Main reasons: reduced connections to the same service and destination, network service=http, typical total bytes transferred, unusually high destination time-to-live, reduced recent connections between this source and destination. Suggested action: Isolate the target host and check for unpatched vulnerabilities.",True,True,True,4,4,4,1,1,True,True,3,0,0,1,0,False
48f,43,31858,Reconnaissance,Reconnaissance,False,"This flow was flagged as Reconnaissance with 75.8% confidence. Main reasons: reduced mean packet size from destination, reduced mean packet size from source, typical total bytes transferred, reduced recent connections between this source and destination, network service=http. Suggested action: Flag source IP for monitoring; likely pre-attack scanning.",True,True,True,4,4,4,1,1,True,True,3,0,0,1,0,False
48f,43,31873,Overlap-Group-1,Overlap-Group-1,False,"This flow was flagged as Overlap-Group-1 with 64.7% confidence. Main reasons: typical response body len, reduced source time-to-live, reduced connections to the same service and destination, reduced SYN-ACK handshake time, reduced average packet size. Suggested action: Flagged as DoS, Backdoor, or Analysis-type behavior — this dataset's flow-level features can't reliably distinguish the three. Escalate for manual / packet-level inspection to determine the specific subtype.",True,True,True,5,5,5,0,0,True,True,2,2,0,1,2,False
48f,43,31891,Reconnaissance,Reconnaissance,False,"This flow was flagged as Reconnaissance with 99.7% confidence. Main reasons: typical bytes sent by the source, typical total bytes transferred, reduced mean packet size from source, reduced mean packet size from destination, reduced average packet size. Suggested action: Flag source IP for monitoring; likely pre-attack scanning.",True,True,True,5,5,5,0,0,True,True,3,0,0,2,0,False
48f,43,31915,Unknown,Fuzzers,True,"This flow was flagged as an unrecognized (potential zero-day) pattern with 43.2% confidence. Main reasons: unusually high source time-to-live, reduced mean packet size from source, reduced stcpb. Suggested action: Unrecognized pattern — escalate to a human analyst for manual review.",True,True,True,3,3,3,0,0,True,True,2,1,0,0,1,False
48f,43,32010,Exploits,Exploits,False,"This flow was flagged as Exploits with 78.5% confidence. Main reasons: reduced connections to the same service and destination, network service=http, unusually high destination time-to-live, typical total bytes transferred, reduced stcpb. Suggested action: Isolate the target host and check for unpatched vulnerabilities.",True,True,True,4,4,4,1,1,True,True,3,0,0,1,0,False
48f,43,32164,Overlap-Group-1,Overlap-Group-1,False,"This flow was flagged as Overlap-Group-1 with 64.6% confidence. Main reasons: reduced connections to the same service and destination, reduced average packet size, reduced connections to the same service from this source, unusually high source time-to-live, reduced recent connections between this source and destination. Suggested action: Flagged as DoS, Backdoor, or Analysis-type behavior — this dataset's flow-level features can't reliably distinguish the three. Escalate for manual / packet-level inspection to determine the specific subtype.",True,True,True,5,5,5,0,0,True,True,4,1,0,0,1,False
48f,43,32776,Unknown,Reconnaissance,True,"This flow was flagged as an unrecognized (potential zero-day) pattern with 49.7% confidence. Main reasons: reduced mean packet size from destination, reduced mean packet size from source, reduced recent connections between this source and destination, typical total bytes transferred, network service=http. Suggested action: Unrecognized pattern — escalate to a human analyst for manual review.",True,True,True,4,4,4,1,1,True,True,3,0,0,1,0,False
48f,43,33140,Generic,Generic,False,"This flow was flagged as Generic with 99.8% confidence. Main reasons: typical total bytes transferred, network service=dns, typical bytes sent by the source, elevated recent connections from this source. Suggested action: Review firewall rules for this flow's protocol/service combination.",True,True,True,3,3,3,1,1,True,True,1,0,0,2,0,False
48f,43,33217,Unknown,Overlap-Group-1,True,"This flow was flagged as an unrecognized (potential zero-day) pattern with 48.6% confidence. Main reasons: network protocol=unas, reduced average packet size, typical bytes sent by the source. Suggested action: Unrecognized pattern — escalate to a human analyst for manual review.",True,True,True,2,2,2,1,1,True,True,0,1,0,1,1,False
48f,43,33373,Overlap-Group-1,Overlap-Group-1,False,"This flow was flagged as Overlap-Group-1 with 54.2% confidence. Main reasons: network protocol=unas, reduced average packet size, typical bytes sent by the source. Suggested action: Flagged as DoS, Backdoor, or Analysis-type behavior — this dataset's flow-level features can't reliably distinguish the three. Escalate for manual / packet-level inspection to determine the specific subtype.",True,True,True,2,2,2,1,1,True,True,0,1,0,1,1,False
48f,43,33532,Exploits,Exploits,False,"This flow was flagged as Exploits with 88.9% confidence. Main reasons: reduced connections to the same service and destination, typical total bytes transferred, typical dloss, unusually high destination time-to-live, reduced destination data load. Suggested action: Isolate the target host and check for unpatched vulnerabilities.",True,True,True,5,5,5,0,0,True,True,3,0,0,2,0,False
48f,43,33599,Unknown,Overlap-Group-1,True,"This flow was flagged as an unrecognized (potential zero-day) pattern with 49.2% confidence. Main reasons: network protocol=gmtp, reduced average packet size, typical bytes sent by the source. Suggested action: Unrecognized pattern — escalate to a human analyst for manual review.",True,True,True,2,2,2,1,1,True,True,0,1,0,1,1,False
48f,43,33791,Reconnaissance,Reconnaissance,False,"This flow was flagged as Reconnaissance with 99.9% confidence. Main reasons: reduced average packet size, typical bytes sent by the source, typical total bytes transferred, reduced connections to the same service and destination, reduced mean packet size from destination. Suggested action: Flag source IP for monitoring; likely pre-attack scanning.",True,True,True,5,5,5,0,0,True,True,3,0,0,2,0,False
48f,43,33807,Generic,Generic,False,"This flow was flagged as Generic with 99.8% confidence. Main reasons: typical total bytes transferred, network service=dns, typical bytes sent by the source, reduced average packet size. Suggested action: Review firewall rules for this flow's protocol/service combination.",True,True,True,3,3,3,1,1,True,True,0,1,0,2,1,False
48f,43,33854,Exploits,Exploits,False,"This flow was flagged as Exploits with 51.6% confidence. Main reasons: reduced connections to the same service and destination, reduced average packet size, network service=http, reduced connections to the same service from this source. Suggested action: Isolate the target host and check for unpatched vulnerabilities.",True,True,True,3,3,3,1,1,True,True,2,1,0,0,1,False
48f,43,34301,Generic,Generic,False,"This flow was flagged as Generic with 99.8% confidence. Main reasons: typical total bytes transferred, network service=dns, typical bytes sent by the source, reduced average packet size. Suggested action: Review firewall rules for this flow's protocol/service combination.",True,True,True,3,3,3,1,1,True,True,0,1,0,2,1,False
48f,43,34321,Generic,Generic,False,"This flow was flagged as Generic with 99.9% confidence. Main reasons: typical total bytes transferred, network service=dns, typical bytes sent by the source, extremely high connections to the same service from this source. Suggested action: Review firewall rules for this flow's protocol/service combination.",True,True,True,3,3,3,1,1,True,True,0,1,0,2,1,False
48f,43,34460,Overlap-Group-1,Overlap-Group-1,False,"This flow was flagged as Overlap-Group-1 with 51.4% confidence. Main reasons: reduced connections to the same service and destination, reduced average packet size, reduced source time-to-live, unusually high ACK data time. Suggested action: Flagged as DoS, Backdoor, or Analysis-type behavior — this dataset's flow-level features can't reliably distinguish the three. Escalate for manual / packet-level inspection to determine the specific subtype.",True,True,True,4,4,4,0,0,True,True,1,2,1,0,2,False
48f,43,34743,Generic,Generic,False,"This flow was flagged as Generic with 99.9% confidence. Main reasons: typical total bytes transferred, network service=dns, typical bytes sent by the source, reduced average packet size. Suggested action: Review firewall rules for this flow's protocol/service combination.",True,True,True,3,3,3,1,1,True,True,0,1,0,2,1,False
48f,43,34836,Unknown,Reconnaissance,True,"This flow was flagged as an unrecognized (potential zero-day) pattern with 41.6% confidence. Main reasons: typical total bytes transferred, typical mean packet size from source. Suggested action: Unrecognized pattern — escalate to a human analyst for manual review.",True,True,True,2,2,2,0,0,True,True,0,0,0,2,0,False
48f,43,34842,Unknown,Overlap-Group-1,True,"This flow was flagged as an unrecognized (potential zero-day) pattern with 33.2% confidence. Main reasons: network protocol=unas, reduced average packet size, typical bytes sent by the source. Suggested action: Unrecognized pattern — escalate to a human analyst for manual review.",True,True,True,2,2,2,1,1,True,True,0,1,0,1,1,False
48f,43,34962,Fuzzers,Fuzzers,False,"This flow was flagged as Fuzzers with 76.4% confidence. Main reasons: extremely high mean packet size from source, unusually high source time-to-live, typical bytes sent by the source. Suggested action: Inspect the application for crash logs; consider input validation hardening.",True,True,True,3,3,3,0,0,True,True,2,0,0,1,0,False
48f,43,35149,Generic,Generic,False,"This flow was flagged as Generic with 67.1% confidence. Main reasons: typical response body len, typical mean packet size from source, typical sloss, unusually high mean packet size from destination. Suggested action: Review firewall rules for this flow's protocol/service combination.",True,True,True,4,4,4,0,0,True,True,1,0,0,3,0,False
48f,43,35176,Reconnaissance,Reconnaissance,False,"This flow was flagged as Reconnaissance with 72.1% confidence. Main reasons: reduced recent connections between this source and destination, reduced mean packet size from source, reduced mean packet size from destination, typical total bytes transferred, network service=http. Suggested action: Flag source IP for monitoring; likely pre-attack scanning.",True,True,True,4,4,4,1,1,True,True,3,0,0,1,0,False
48f,43,36039,Generic,Generic,False,"This flow was flagged as Generic with 99.2% confidence. Main reasons: typical total bytes transferred, network service=dns, typical bytes sent by the source, reduced average packet size. Suggested action: Review firewall rules for this flow's protocol/service combination.",True,True,True,3,3,3,1,1,True,True,0,1,0,2,1,False
48f,43,36099,Unknown,Overlap-Group-1,True,"This flow was flagged as an unrecognized (potential zero-day) pattern with 45.5% confidence. Main reasons: network protocol=swipe, reduced average packet size, typical bytes sent by the source. Suggested action: Unrecognized pattern — escalate to a human analyst for manual review.",True,True,True,2,2,2,1,1,True,True,0,1,0,1,1,False
48f,43,36278,Overlap-Group-1,Overlap-Group-1,False,"This flow was flagged as Overlap-Group-1 with 58.4% confidence. Main reasons: network protocol=unas, reduced average packet size, typical bytes sent by the source. Suggested action: Flagged as DoS, Backdoor, or Analysis-type behavior — this dataset's flow-level features can't reliably distinguish the three. Escalate for manual / packet-level inspection to determine the specific subtype.",True,True,True,2,2,2,1,1,True,True,0,1,0,1,1,False
48f,43,36409,Overlap-Group-1,Overlap-Group-1,False,"This flow was flagged as Overlap-Group-1 with 53.3% confidence. Main reasons: network protocol=unas, reduced average packet size, typical bytes sent by the source. Suggested action: Flagged as DoS, Backdoor, or Analysis-type behavior — this dataset's flow-level features can't reliably distinguish the three. Escalate for manual / packet-level inspection to determine the specific subtype.",True,True,True,2,2,2,1,1,True,True,0,1,0,1,1,False
48f,43,36467,Overlap-Group-1,Overlap-Group-1,False,"This flow was flagged as Overlap-Group-1 with 58.5% confidence. Main reasons: network protocol=ipv6-no, reduced average packet size, typical bytes sent by the source. Suggested action: Flagged as DoS, Backdoor, or Analysis-type behavior — this dataset's flow-level features can't reliably distinguish the three. Escalate for manual / packet-level inspection to determine the specific subtype.",True,True,True,2,2,2,1,1,True,True,0,1,0,1,1,False
48f,43,36504,Generic,Generic,False,"This flow was flagged as Generic with 99.9% confidence. Main reasons: typical total bytes transferred, network service=dns, typical bytes sent by the source, reduced average packet size. Suggested action: Review firewall rules for this flow's protocol/service combination.",True,True,True,3,3,3,1,1,True,True,0,1,0,2,1,False
48f,43,36830,Overlap-Group-1,Overlap-Group-1,False,"This flow was flagged as Overlap-Group-1 with 54.4% confidence. Main reasons: network protocol=unas, reduced average packet size, typical bytes sent by the source, unusually high recent connections to this destination from the same source port. Suggested action: Flagged as DoS, Backdoor, or Analysis-type behavior — this dataset's flow-level features can't reliably distinguish the three. Escalate for manual / packet-level inspection to determine the specific subtype.",True,True,True,3,3,3,1,1,True,True,1,1,0,1,1,False
48f,43,36926,Generic,Generic,False,"This flow was flagged as Generic with 99.9% confidence. Main reasons: typical total bytes transferred, network service=dns, typical bytes sent by the source, reduced average packet size. Suggested action: Review firewall rules for this flow's protocol/service combination.",True,True,True,3,3,3,1,1,True,True,0,1,0,2,1,False
48f,43,37097,Overlap-Group-1,Overlap-Group-1,False,"This flow was flagged as Overlap-Group-1 with 54.1% confidence. Main reasons: network protocol=unas, reduced average packet size, typical bytes sent by the source. Suggested action: Flagged as DoS, Backdoor, or Analysis-type behavior — this dataset's flow-level features can't reliably distinguish the three. Escalate for manual / packet-level inspection to determine the specific subtype.",True,True,True,2,2,2,1,1,True,True,0,1,0,1,1,False
48f,43,37200,Exploits,Exploits,False,"This flow was flagged as Exploits with 71.5% confidence. Main reasons: reduced connections to the same service and destination, unusually high dtcpb, reduced recent connections between this source and destination. Suggested action: Isolate the target host and check for unpatched vulnerabilities.",True,True,True,3,3,3,0,0,True,True,3,0,0,0,0,False
48f,43,37210,Generic,Generic,False,"This flow was flagged as Generic with 99.9% confidence. Main reasons: typical total bytes transferred, network service=dns, typical bytes sent by the source, typical recent connections from this source. Suggested action: Review firewall rules for this flow's protocol/service combination.",True,True,True,3,3,3,1,1,True,True,0,0,0,3,0,False
48f,43,37231,Generic,Generic,False,"This flow was flagged as Generic with 99.9% confidence. Main reasons: typical total bytes transferred, network service=dns, typical bytes sent by the source, typical recent connections from this source, reduced average packet size. Suggested action: Review firewall rules for this flow's protocol/service combination.",True,True,True,4,4,4,1,1,True,True,0,1,0,3,1,False
48f,43,37261,Generic,Generic,False,"This flow was flagged as Generic with 99.9% confidence. Main reasons: typical total bytes transferred, network service=dns, typical bytes sent by the source, typical recent connections from this source, reduced average packet size. Suggested action: Review firewall rules for this flow's protocol/service combination.",True,True,True,4,4,4,1,1,True,True,0,1,0,3,1,False
48f,43,37825,Fuzzers,Fuzzers,False,"This flow was flagged as Fuzzers with 57.4% confidence. Main reasons: unusually high source time-to-live, typical bytes sent by the source, typical connections to the same service and destination, elevated connections to the same service from this source, reduced recent connections between this source and destination. Suggested action: Inspect the application for crash logs; consider input validation hardening.",True,True,True,5,5,5,0,0,True,True,2,1,0,2,1,False
48f,43,37830,Fuzzers,Fuzzers,False,"This flow was flagged as Fuzzers with 78.4% confidence. Main reasons: unusually high source time-to-live, network service=-, unusually high mean packet size from source, reduced destination data load. Suggested action: Inspect the application for crash logs; consider input validation hardening.",True,True,True,3,3,3,1,1,True,True,3,0,0,0,0,False
48f,43,37919,Overlap-Group-1,Overlap-Group-1,False,"This flow was flagged as Overlap-Group-1 with 52.8% confidence. Main reasons: network protocol=cphb, reduced average packet size, typical bytes sent by the source. Suggested action: Flagged as DoS, Backdoor, or Analysis-type behavior — this dataset's flow-level features can't reliably distinguish the three. Escalate for manual / packet-level inspection to determine the specific subtype.",True,True,True,2,2,2,1,1,True,True,0,1,0,1,1,False
48f,43,38064,Unknown,Fuzzers,True,"This flow was flagged as an unrecognized (potential zero-day) pattern with 44.0% confidence. Main reasons: typical mean packet size from source, unusually high source time-to-live, network service=-. Suggested action: Unrecognized pattern — escalate to a human analyst for manual review.",True,True,True,2,2,2,1,1,True,True,1,0,0,1,0,False
48f,43,38547,Overlap-Group-1,Overlap-Group-1,False,"This flow was flagged as Overlap-Group-1 with 97.1% confidence. Main reasons: reduced mean packet size from source, reduced mean packet size from destination, reduced average packet size, unusually high source time-to-live, typical bytes sent by the destination. Suggested action: Flagged as DoS, Backdoor, or Analysis-type behavior — this dataset's flow-level features can't reliably distinguish the three. Escalate for manual / packet-level inspection to determine the specific subtype.",True,True,True,5,5,5,0,0,True,True,2,1,1,1,1,False
48f,43,38742,Reconnaissance,Reconnaissance,False,"This flow was flagged as Reconnaissance with 99.9% confidence. Main reasons: reduced average packet size, typical bytes sent by the source, typical total bytes transferred, reduced connections to the same service from this source, reduced connections to the same service and destination. Suggested action: Flag source IP for monitoring; likely pre-attack scanning.",True,True,True,5,5,5,0,0,True,True,3,0,0,2,0,False
48f,43,38790,Reconnaissance,Reconnaissance,False,"This flow was flagged as Reconnaissance with 99.4% confidence. Main reasons: typical bytes sent by the source, typical total bytes transferred, reduced mean packet size from source, reduced mean packet size from destination, reduced average packet size. Suggested action: Flag source IP for monitoring; likely pre-attack scanning.",True,True,True,5,5,5,0,0,True,True,3,0,0,2,0,False
48f,43,39156,Exploits,Exploits,False,"This flow was flagged as Exploits with 86.2% confidence. Main reasons: typical mean packet size from destination, reduced recent connections between this source and destination, reduced source time-to-live, typical average packet size. Suggested action: Isolate the target host and check for unpatched vulnerabilities.",True,True,True,4,4,4,0,0,True,True,1,1,0,2,1,False
48f,43,39226,Reconnaissance,Reconnaissance,False,"This flow was flagged as Reconnaissance with 99.2% confidence. Main reasons: typical bytes sent by the source, typical total bytes transferred, reduced mean packet size from source, reduced mean packet size from destination, reduced recent connections between this source and destination. Suggested action: Flag source IP for monitoring; likely pre-attack scanning.",True,True,True,5,5,5,0,0,True,True,3,0,0,2,0,False
48f,43,39344,Exploits,Exploits,False,"This flow was flagged as Exploits with 97.3% confidence. Main reasons: reduced connections to the same service and destination, reduced source time-to-live, typical bytes sent by the destination, typical total bytes transferred, typical mean packet size from destination. Suggested action: Isolate the target host and check for unpatched vulnerabilities.",True,True,True,5,5,5,0,0,True,True,1,1,0,3,1,False
48f,43,39408,Overlap-Group-1,Overlap-Group-1,False,"This flow was flagged as Overlap-Group-1 with 77.0% confidence. Main reasons: unusually high sloss, typical bytes sent by the destination, elevated total packets transferred. Suggested action: Flagged as DoS, Backdoor, or Analysis-type behavior — this dataset's flow-level features can't reliably distinguish the three. Escalate for manual / packet-level inspection to determine the specific subtype.",True,True,True,3,3,3,0,0,True,True,0,2,0,1,2,False
48f,43,39821,Reconnaissance,Reconnaissance,False,"This flow was flagged as Reconnaissance with 100.0% confidence. Main reasons: reduced average packet size, typical bytes sent by the source, typical total bytes transferred, reduced mean packet size from source, reduced mean packet size from destination. Suggested action: Flag source IP for monitoring; likely pre-attack scanning.",True,True,True,5,5,5,0,0,True,True,3,0,0,2,0,False
48f,43,40396,Exploits,Exploits,False,"This flow was flagged as Exploits with 74.1% confidence. Main reasons: reduced connections to the same service and destination, reduced average packet size, reduced recent connections between this source and destination, typical total bytes transferred. Suggested action: Isolate the target host and check for unpatched vulnerabilities.",True,True,True,4,4,4,0,0,True,True,2,1,0,1,1,False
48f,43,40526,Unknown,Normal,True,"This flow was flagged as an unrecognized (potential zero-day) pattern with 48.8% confidence. Main reasons: reduced connections to the same service and destination, typical bytes sent by the destination, typical source-to-destination byte ratio. Suggested action: Unrecognized pattern — escalate to a human analyst for manual review.",True,True,True,3,3,3,0,0,True,True,0,1,0,2,1,False
48f,43,41946,Fuzzers,Fuzzers,False,"This flow was flagged as Fuzzers with 79.2% confidence. Main reasons: unusually high source time-to-live, typical total packets transferred, typical bytes sent by the destination, typical bytes sent by the source. Suggested action: Inspect the application for crash logs; consider input validation hardening.",True,True,True,4,4,4,0,0,True,True,1,0,0,3,0,False
48f,43,42682,Unknown,Normal,True,"This flow was flagged as an unrecognized (potential zero-day) pattern with 49.7% confidence. Main reasons: typical bytes sent by the source, typical mean packet size from destination, reduced connections to the same service and destination. Suggested action: Unrecognized pattern — escalate to a human analyst for manual review.",True,True,True,3,3,3,0,0,True,True,0,1,0,2,1,False
48f,43,43033,Normal,Normal,False,"This flow was flagged as Normal with 99.7% confidence. Main reasons: extremely high connections with the same state and TTL, elevated connections to the same service and destination, reduced average packet size, typical sloss. Suggested action: No action required.",True,True,True,4,4,4,0,0,True,True,2,1,0,1,1,False
48f,43,43124,Normal,Normal,False,"This flow was flagged as Normal with 99.7% confidence. Main reasons: extremely high connections with the same state and TTL, elevated connections to the same service and destination, reduced average packet size, typical sloss. Suggested action: No action required.",True,True,True,4,4,4,0,0,True,True,2,1,0,1,1,False
48f,43,43362,Unknown,Overlap-Group-1,True,"This flow was flagged as an unrecognized (potential zero-day) pattern with 48.6% confidence. Main reasons: typical response body len, reduced source time-to-live, unusually high ACK data time, reduced average packet size, reduced connections to the same service and destination. Suggested action: Unrecognized pattern — escalate to a human analyst for manual review.",True,True,True,5,5,5,0,0,True,True,1,2,1,1,2,False
48f,43,43544,Fuzzers,Fuzzers,False,"This flow was flagged as Fuzzers with 76.5% confidence. Main reasons: unusually high source time-to-live, typical bytes sent by the destination, typical bytes sent by the source, reduced mean packet size from source. Suggested action: Inspect the application for crash logs; consider input validation hardening.",True,True,True,4,4,4,0,0,True,True,1,1,0,2,1,False
48f,43,44684,Fuzzers,Fuzzers,False,"This flow was flagged as Fuzzers with 51.5% confidence. Main reasons: unusually high source time-to-live, typical recent connections between this source and destination, typical connections to the same service and destination, typical bytes sent by the source. Suggested action: Inspect the application for crash logs; consider input validation hardening.",True,True,True,4,4,4,0,0,True,True,1,0,0,3,0,False
48f,43,44810,Fuzzers,Fuzzers,False,"This flow was flagged as Fuzzers with 90.9% confidence. Main reasons: unusually high source time-to-live, typical mean packet size from source, typical connections to the same service and destination, typical bytes sent by the source, typical recent connections between this source and destination. Suggested action: Inspect the application for crash logs; consider input validation hardening.",True,True,True,5,5,5,0,0,True,True,1,0,0,4,0,False
48f,43,44963,Unknown,Fuzzers,True,"This flow was flagged as an unrecognized (potential zero-day) pattern with 36.2% confidence. Main reasons: unusually high source time-to-live, elevated mean packet size from source, network service=-. Suggested action: Unrecognized pattern — escalate to a human analyst for manual review.",True,True,True,2,2,2,1,1,True,True,2,0,0,0,0,False
48f,43,45146,Fuzzers,Fuzzers,False,"This flow was flagged as Fuzzers with 93.5% confidence. Main reasons: unusually high source time-to-live, typical bytes sent by the source, reduced connections to the same service and destination, reduced recent connections between this source and destination, network service=-. Suggested action: Inspect the application for crash logs; consider input validation hardening.",True,True,True,4,4,4,1,1,True,True,1,2,0,1,2,False
48f,43,45596,Fuzzers,Fuzzers,False,"This flow was flagged as Fuzzers with 96.7% confidence. Main reasons: extremely high connections to the same service from this source, unusually high source time-to-live, unusually high mean packet size from source, unusually high recent connections to this destination, extremely high recent connections between this source and destination. Suggested action: Inspect the application for crash logs; consider input validation hardening.",True,True,True,5,5,5,0,0,True,True,4,1,0,0,1,False
48f,43,45700,Fuzzers,Fuzzers,False,"This flow was flagged as Fuzzers with 76.0% confidence. Main reasons: unusually high source time-to-live, typical bytes sent by the destination, typical connections to the same service and destination, extremely high mean packet size from source. Suggested action: Inspect the application for crash logs; consider input validation hardening.",True,True,True,4,4,4,0,0,True,True,2,0,0,2,0,False
48f,43,45909,Unknown,Normal,True,"This flow was flagged as an unrecognized (potential zero-day) pattern with 50.5% confidence. Main reasons: typical connections to the same service and destination, typical recent connections between this source and destination, reduced average packet size, typical connections to the same service from this source. Suggested action: Unrecognized pattern — escalate to a human analyst for manual review.",True,True,True,4,4,4,0,0,True,True,1,0,0,3,0,False
48f,43,46624,Unknown,Fuzzers,True,"This flow was flagged as an unrecognized (potential zero-day) pattern with 49.2% confidence. Main reasons: unusually high source time-to-live, typical bytes sent by the source, elevated mean packet size from source, reduced connections to the same service and destination, typical recent connections between this source and destination. Suggested action: Unrecognized pattern — escalate to a human analyst for manual review.",True,True,True,5,5,5,0,0,True,True,2,1,0,2,1,False
48f,43,46989,Normal,Normal,False,"This flow was flagged as Normal with 75.6% confidence. Main reasons: typical connections to the same service and destination, typical bytes sent by the source, typical recent connections between this source and destination, unusually high SYN-ACK handshake time. Suggested action: No action required.",True,True,True,4,4,4,0,0,True,True,1,0,0,3,0,False
48f,43,47028,Fuzzers,Fuzzers,False,"This flow was flagged as Fuzzers with 55.5% confidence. Main reasons: unusually high source time-to-live, typical bytes sent by the destination, typical total packets transferred, typical bytes sent by the source. Suggested action: Inspect the application for crash logs; consider input validation hardening.",True,True,True,4,4,4,0,0,True,True,1,0,0,3,0,False
48f,43,47161,Normal,Normal,False,"This flow was flagged as Normal with 57.9% confidence. Main reasons: typical connections to the same service and destination, typical bytes sent by the source, typical recent connections between this source and destination. Suggested action: No action required.",True,True,True,3,3,3,0,0,True,True,0,0,0,3,0,False
48f,43,47192,Normal,Normal,False,"This flow was flagged as Normal with 54.5% confidence. Main reasons: typical connections to the same service and destination, reduced average packet size, elevated connections to the same service from this source, typical recent connections between this source and destination. Suggested action: No action required.",True,True,True,4,4,4,0,0,True,True,2,0,0,2,0,False
48f,43,47511,Fuzzers,Fuzzers,False,"This flow was flagged as Fuzzers with 84.9% confidence. Main reasons: typical bytes sent by the destination, unusually high source time-to-live, typical bytes sent by the source. Suggested action: Inspect the application for crash logs; consider input validation hardening.",True,True,True,3,3,3,0,0,True,True,1,0,0,2,0,False
48f,43,47581,Unknown,Exploits,True,"This flow was flagged as an unrecognized (potential zero-day) pattern with 51.0% confidence. Main reasons: reduced connections to the same service and destination, reduced source time-to-live, typical source data load, typical mean packet size from destination. Suggested action: Unrecognized pattern — escalate to a human analyst for manual review.",True,True,True,4,4,4,0,0,True,True,1,1,0,2,1,False
48f,43,47797,Unknown,Normal,True,"This flow was flagged as an unrecognized (potential zero-day) pattern with 48.5% confidence. Main reasons: reduced connections to the same service and destination, typical source-to-destination byte ratio, typical bytes sent by the destination, typical connections to the same service from this source. Suggested action: Unrecognized pattern — escalate to a human analyst for manual review.",True,True,True,4,4,4,0,0,True,True,0,1,0,3,1,False
48f,43,47808,Unknown,Exploits,True,"This flow was flagged as an unrecognized (potential zero-day) pattern with 48.6% confidence. Main reasons: reduced connections to the same service and destination, reduced source time-to-live, typical mean packet size from destination. Suggested action: Unrecognized pattern — escalate to a human analyst for manual review.",True,True,True,3,3,3,0,0,True,True,1,1,0,1,1,False
48f,43,48215,Unknown,Exploits,True,"This flow was flagged as an unrecognized (potential zero-day) pattern with 49.9% confidence. Main reasons: reduced connections to the same service and destination, reduced source time-to-live, typical mean packet size from destination. Suggested action: Unrecognized pattern — escalate to a human analyst for manual review.",True,True,True,3,3,3,0,0,True,True,1,1,0,1,1,False
48f,43,49560,Fuzzers,Fuzzers,False,"This flow was flagged as Fuzzers with 66.8% confidence. Main reasons: unusually high source time-to-live, reduced mean packet size from source, reduced average packet size, typical connections to the same service and destination, reduced recent connections between this source and destination. Suggested action: Inspect the application for crash logs; consider input validation hardening.",True,True,True,5,5,5,0,0,True,True,1,2,1,1,2,False
48f,43,50779,Unknown,Normal,True,"This flow was flagged as an unrecognized (potential zero-day) pattern with 50.9% confidence. Main reasons: elevated connections to the same service and destination, elevated connections to the same service from this source, typical bytes sent by the source, elevated recent connections between this source and destination. Suggested action: Unrecognized pattern — escalate to a human analyst for manual review.",True,True,True,4,4,4,0,0,True,True,3,0,0,1,0,False
48f,43,51127,Fuzzers,Fuzzers,False,"This flow was flagged as Fuzzers with 51.6% confidence. Main reasons: unusually high source time-to-live, network protocol=udp, reduced average packet size, network service=-. Suggested action: Inspect the application for crash logs; consider input validation hardening.",True,True,True,2,2,2,2,2,True,True,1,0,1,0,0,False
48f,43,51462,Fuzzers,Fuzzers,False,"This flow was flagged as Fuzzers with 68.4% confidence. Main reasons: unusually high source time-to-live, elevated connections to the same service from this source, typical bytes sent by the source, elevated recent connections between this source and destination, network service=-. Suggested action: Inspect the application for crash logs; consider input validation hardening.",True,True,True,4,4,4,1,1,True,True,3,0,0,1,0,False
48f,43,51517,Unknown,Fuzzers,True,"This flow was flagged as an unrecognized (potential zero-day) pattern with 50.6% confidence. Main reasons: unusually high source time-to-live, reduced mean packet size from source, reduced average packet size, network service=-. Suggested action: Unrecognized pattern — escalate to a human analyst for manual review.",True,True,True,3,3,3,1,1,True,True,1,1,1,0,1,False
48f,43,51611,Normal,Normal,False,"This flow was flagged as Normal with 54.7% confidence. Main reasons: typical bytes sent by the source, typical bytes sent by the destination, unusually high SYN-ACK handshake time. Suggested action: No action required.",True,True,True,3,3,3,0,0,True,True,1,0,0,2,0,False
48f,43,51646,Unknown,Fuzzers,True,"This flow was flagged as an unrecognized (potential zero-day) pattern with 46.4% confidence. Main reasons: unusually high source time-to-live, typical bytes sent by the source, network service=-, reduced recent connections between this source and destination. Suggested action: Unrecognized pattern — escalate to a human analyst for manual review.",True,True,True,3,3,3,1,1,True,True,1,1,0,1,1,False
48f,43,51782,Unknown,Normal,True,"This flow was flagged as an unrecognized (potential zero-day) pattern with 50.8% confidence. Main reasons: elevated connections to the same service and destination, typical bytes sent by the source, elevated connections to the same service from this source, elevated recent connections between this source and destination. Suggested action: Unrecognized pattern — escalate to a human analyst for manual review.",True,True,True,4,4,4,0,0,True,True,3,0,0,1,0,False
48f,43,52099,Unknown,Exploits,True,"This flow was flagged as an unrecognized (potential zero-day) pattern with 44.1% confidence. Main reasons: reduced connections to the same service and destination, typical total bytes transferred, reduced recent connections between this source and destination, reduced average packet size. Suggested action: Unrecognized pattern — escalate to a human analyst for manual review.",True,True,True,4,4,4,0,0,True,True,2,1,0,1,1,False
48f,43,52149,Normal,Normal,False,"This flow was flagged as Normal with 53.8% confidence. Main reasons: typical connections to the same service and destination, typical bytes sent by the source, elevated connections to the same service from this source. Suggested action: No action required.",True,True,True,3,3,3,0,0,True,True,1,0,0,2,0,False
48f,43,52604,Unknown,Exploits,True,"This flow was flagged as an unrecognized (potential zero-day) pattern with 42.4% confidence. Main reasons: typical mean packet size from destination, reduced source time-to-live. Suggested action: Unrecognized pattern — escalate to a human analyst for manual review.",True,True,True,2,2,2,0,0,True,True,0,1,0,1,1,False
48f,43,53037,Unknown,Overlap-Group-1,True,"This flow was flagged as an unrecognized (potential zero-day) pattern with 49.3% confidence. Main reasons: typical response body len, unusually high ACK data time, reduced source time-to-live, reduced average packet size, reduced connections to the same service and destination. Suggested action: Unrecognized pattern — escalate to a human analyst for manual review.",True,True,True,5,5,5,0,0,True,True,1,2,1,1,2,False
48f,43,53464,Unknown,Overlap-Group-1,True,"This flow was flagged as an unrecognized (potential zero-day) pattern with 48.3% confidence. Main reasons: typical response body len, reduced source time-to-live, reduced average packet size, typical source jitter. Suggested action: Unrecognized pattern — escalate to a human analyst for manual review.",True,True,True,4,4,4,0,0,True,True,0,2,0,2,2,False
48f,43,53472,Overlap-Group-1,Overlap-Group-1,False,"This flow was flagged as Overlap-Group-1 with 64.1% confidence. Main reasons: typical response body len, reduced average packet size, reduced source time-to-live, typical bytes sent by the destination, extremely high SYN-ACK handshake time. Suggested action: Flagged as DoS, Backdoor, or Analysis-type behavior — this dataset's flow-level features can't reliably distinguish the three. Escalate for manual / packet-level inspection to determine the specific subtype.",True,True,True,5,5,5,0,0,True,True,0,3,0,2,3,False
48f,43,54226,Normal,Normal,False,"This flow was flagged as Normal with 99.9% confidence. Main reasons: unusually high connections with the same state and TTL, typical bytes sent by the source, extremely high TCP round-trip time, extremely high SYN-ACK handshake time. Suggested action: No action required.",True,True,True,4,4,4,0,0,True,True,2,1,0,1,1,False
48f,43,54631,Overlap-Group-1,Overlap-Group-1,False,"This flow was flagged as Overlap-Group-1 with 72.5% confidence. Main reasons: reduced connections to the same service and destination, typical bytes sent by the source, reduced recent connections between this source and destination, elevated average packet size, unusually high source time-to-live. Suggested action: Flagged as DoS, Backdoor, or Analysis-type behavior — this dataset's flow-level features can't reliably distinguish the three. Escalate for manual / packet-level inspection to determine the specific subtype.",True,True,True,5,5,5,0,0,True,True,4,0,0,1,0,False
48f,43,54658,Unknown,Fuzzers,True,"This flow was flagged as an unrecognized (potential zero-day) pattern with 44.3% confidence. Main reasons: typical mean packet size from source, unusually high source time-to-live, network service=-. Suggested action: Unrecognized pattern — escalate to a human analyst for manual review.",True,True,True,2,2,2,1,1,True,True,1,0,0,1,0,False
48f,43,54667,Unknown,Overlap-Group-1,True,"This flow was flagged as an unrecognized (potential zero-day) pattern with 42.5% confidence. Main reasons: reduced recent connections between this source and destination, reduced connections to the same service from this source. Suggested action: Unrecognized pattern — escalate to a human analyst for manual review.",True,True,True,2,2,2,0,0,True,True,2,0,0,0,0,False
48f,43,54722,Unknown,Generic,True,"This flow was flagged as an unrecognized (potential zero-day) pattern with 45.2% confidence. Main reasons: typical total bytes transferred, reduced recent connections between this source and destination. Suggested action: Unrecognized pattern — escalate to a human analyst for manual review.",True,True,True,2,2,2,0,0,True,True,1,0,0,1,0,False
48f,43,54885,Exploits,Exploits,False,"This flow was flagged as Exploits with 79.7% confidence. Main reasons: reduced connections to the same service and destination, typical total bytes transferred, reduced recent connections between this source and destination, unusually high destination time-to-live. Suggested action: Isolate the target host and check for unpatched vulnerabilities.",True,True,True,4,4,4,0,0,True,True,3,0,0,1,0,False
48f,43,54964,Overlap-Group-1,Overlap-Group-1,False,"This flow was flagged as Overlap-Group-1 with 82.1% confidence. Main reasons: typical bytes sent by the source, reduced connections to the same service and destination, typical total bytes transferred, unusually high source time-to-live. Suggested action: Flagged as DoS, Backdoor, or Analysis-type behavior — this dataset's flow-level features can't reliably distinguish the three. Escalate for manual / packet-level inspection to determine the specific subtype.",True,True,True,4,4,4,0,0,True,True,2,0,0,2,0,False
48f,43,55001,Overlap-Group-1,Overlap-Group-1,False,"This flow was flagged as Overlap-Group-1 with 52.2% confidence. Main reasons: reduced connections to the same service and destination, typical bytes sent by the source, typical total bytes transferred, reduced connections to the same service from this source. Suggested action: Flagged as DoS, Backdoor, or Analysis-type behavior — this dataset's flow-level features can't reliably distinguish the three. Escalate for manual / packet-level inspection to determine the specific subtype.",True,True,True,4,4,4,0,0,True,True,2,0,0,2,0,False
48f,43,55133,Exploits,Exploits,False,"This flow was flagged as Exploits with 67.3% confidence. Main reasons: reduced connections to the same service and destination, typical bytes sent by the source, reduced mean packet size from source. Suggested action: Isolate the target host and check for unpatched vulnerabilities.",True,True,True,3,3,3,0,0,True,True,2,0,0,1,0,False
48f,43,55245,Unknown,Exploits,True,"This flow was flagged as an unrecognized (potential zero-day) pattern with 40.8% confidence. Main reasons: reduced connections to the same service and destination, typical average packet size, typical mean packet size from source. Suggested action: Unrecognized pattern — escalate to a human analyst for manual review.",True,True,True,3,3,3,0,0,True,True,1,0,0,2,0,False
48f,43,55287,Unknown,Fuzzers,True,"This flow was flagged as an unrecognized (potential zero-day) pattern with 51.1% confidence. Main reasons: unusually high source time-to-live, network service=-. Suggested action: Unrecognized pattern — escalate to a human analyst for manual review.",True,True,True,1,1,1,1,1,True,True,1,0,0,0,0,False
48f,43,55448,Overlap-Group-1,Overlap-Group-1,False,"This flow was flagged as Overlap-Group-1 with 65.1% confidence. Main reasons: reduced connections to the same service and destination, typical average packet size, reduced recent connections between this source and destination, unusually high source time-to-live. Suggested action: Flagged as DoS, Backdoor, or Analysis-type behavior — this dataset's flow-level features can't reliably distinguish the three. Escalate for manual / packet-level inspection to determine the specific subtype.",True,True,True,4,4,4,0,0,True,True,3,0,0,1,0,False
48f,43,55463,Overlap-Group-1,Overlap-Group-1,False,"This flow was flagged as Overlap-Group-1 with 57.8% confidence. Main reasons: reduced connections to the same service and destination, reduced mean packet size from source, unusually high source time-to-live. Suggested action: Flagged as DoS, Backdoor, or Analysis-type behavior — this dataset's flow-level features can't reliably distinguish the three. Escalate for manual / packet-level inspection to determine the specific subtype.",True,True,True,3,3,3,0,0,True,True,3,0,0,0,0,False
48f,43,55605,Unknown,Overlap-Group-1,True,"This flow was flagged as an unrecognized (potential zero-day) pattern with 44.2% confidence. Main reasons: reduced recent connections between this source and destination, reduced connections to the same service from this source. Suggested action: Unrecognized pattern — escalate to a human analyst for manual review.",True,True,True,2,2,2,0,0,True,True,2,0,0,0,0,False
48f,43,55872,Unknown,Fuzzers,True,"This flow was flagged as an unrecognized (potential zero-day) pattern with 48.5% confidence. Main reasons: typical mean packet size from source, unusually high source time-to-live, network service=-. Suggested action: Unrecognized pattern — escalate to a human analyst for manual review.",True,True,True,2,2,2,1,1,True,True,1,0,0,1,0,False
48f,43,55941,Fuzzers,Fuzzers,False,"This flow was flagged as Fuzzers with 57.6% confidence. Main reasons: unusually high source time-to-live, reduced mean packet size from source, reduced average packet size. Suggested action: Inspect the application for crash logs; consider input validation hardening.",True,True,True,3,3,3,0,0,True,True,1,1,1,0,1,False
48f,43,56040,Unknown,Overlap-Group-1,True,"This flow was flagged as an unrecognized (potential zero-day) pattern with 36.6% confidence. Main reasons: reduced connections to the same service and destination, reduced connections to the same service from this source, reduced recent connections between this source and destination. Suggested action: Unrecognized pattern — escalate to a human analyst for manual review.",True,True,True,3,3,3,0,0,True,True,3,0,0,0,0,False
48f,43,56079,Unknown,Overlap-Group-1,True,"This flow was flagged as an unrecognized (potential zero-day) pattern with 46.0% confidence. Main reasons: reduced connections to the same service and destination, typical bytes sent by the source, typical total bytes transferred, reduced connections to the same service from this source. Suggested action: Unrecognized pattern — escalate to a human analyst for manual review.",True,True,True,4,4,4,0,0,True,True,2,0,0,2,0,False
48f,44,79,Normal,Normal,False,"This flow was flagged as Normal with 56.7% confidence. Main reasons: reduced connections to the same service and destination, reduced mean packet size from source, reduced average packet size, typical bytes sent by the source. Suggested action: No action required.",True,True,True,4,4,4,0,0,True,True,1,2,0,1,2,False
48f,44,238,Unknown,Normal,True,"This flow was flagged as an unrecognized (potential zero-day) pattern with 51.6% confidence. Main reasons: typical bytes sent by the source, typical connections to the same service and destination, typical recent connections between this source and destination, unusually high SYN-ACK handshake time. Suggested action: Unrecognized pattern — escalate to a human analyst for manual review.",True,True,True,4,4,4,0,0,True,True,1,0,0,3,0,False
48f,44,460,Reconnaissance,Reconnaissance,False,"This flow was flagged as Reconnaissance with 99.8% confidence. Main reasons: reduced average packet size, typical total bytes transferred, reduced connections to the same service and destination, typical bytes sent by the source, typical source-to-destination byte ratio. Suggested action: Flag source IP for monitoring; likely pre-attack scanning.",True,True,True,5,5,5,0,0,True,True,2,0,0,3,0,False
48f,44,594,Exploits,Exploits,False,"This flow was flagged as Exploits with 99.6% confidence. Main reasons: network service=ftp-data, reduced mean packet size from source, reduced connections to the same service and destination, typical bytes sent by the source, reduced source time-to-live. Suggested action: Isolate the target host and check for unpatched vulnerabilities.",True,True,True,4,4,4,1,1,True,True,2,1,0,1,1,False
48f,44,813,Unknown,Exploits,True,"This flow was flagged as an unrecognized (potential zero-day) pattern with 52.9% confidence. Main reasons: reduced connections to the same service and destination, network service=http, unusually high destination time-to-live, typical total bytes transferred, reduced recent connections between this source and destination. Suggested action: Unrecognized pattern — escalate to a human analyst for manual review.",True,True,True,4,4,4,1,1,True,True,3,0,0,1,0,False
48f,44,920,Unknown,Exploits,True,"This flow was flagged as an unrecognized (potential zero-day) pattern with 38.7% confidence. Main reasons: reduced connections to the same service and destination, reduced recent connections between this source and destination, typical total bytes transferred, reduced connections to the same service from this source. Suggested action: Unrecognized pattern — escalate to a human analyst for manual review.",True,True,True,4,4,4,0,0,True,True,3,0,0,1,0,False
48f,44,1018,Reconnaissance,Reconnaissance,False,"This flow was flagged as Reconnaissance with 63.8% confidence. Main reasons: network service=http, reduced mean packet size from source, typical total bytes transferred, reduced mean packet size from destination, reduced recent connections between this source and destination. Suggested action: Flag source IP for monitoring; likely pre-attack scanning.",True,True,True,4,4,4,1,1,True,True,3,0,0,1,0,False
48f,44,1393,Reconnaissance,Reconnaissance,False,"This flow was flagged as Reconnaissance with 99.9% confidence. Main reasons: reduced average packet size, typical total bytes transferred, typical bytes sent by the source, typical source-to-destination byte ratio. Suggested action: Flag source IP for monitoring; likely pre-attack scanning.",True,True,True,4,4,4,0,0,True,True,1,0,0,3,0,False
48f,44,1623,Overlap-Group-1,Overlap-Group-1,False,"This flow was flagged as Overlap-Group-1 with 61.2% confidence. Main reasons: network protocol=ipv6, reduced average packet size, typical bytes sent by the source, typical mean packet size from source. Suggested action: Flagged as DoS, Backdoor, or Analysis-type behavior — this dataset's flow-level features can't reliably distinguish the three. Escalate for manual / packet-level inspection to determine the specific subtype.",True,True,True,3,3,3,1,1,True,True,0,1,0,2,1,False
48f,44,1626,Overlap-Group-1,Overlap-Group-1,False,"This flow was flagged as Overlap-Group-1 with 94.2% confidence. Main reasons: network protocol=unas, unusually high recent connections from this source, reduced average packet size, typical bytes sent by the source, typical recent connections to this destination from the same source port. Suggested action: Flagged as DoS, Backdoor, or Analysis-type behavior — this dataset's flow-level features can't reliably distinguish the three. Escalate for manual / packet-level inspection to determine the specific subtype.",True,True,True,4,4,4,1,1,True,True,0,2,0,2,2,False
48f,44,1850,Overlap-Group-1,Overlap-Group-1,False,"This flow was flagged as Overlap-Group-1 with 66.1% confidence. Main reasons: network protocol=unas, reduced average packet size, typical bytes sent by the source, typical mean packet size from source. Suggested action: Flagged as DoS, Backdoor, or Analysis-type behavior — this dataset's flow-level features can't reliably distinguish the three. Escalate for manual / packet-level inspection to determine the specific subtype.",True,True,True,3,3,3,1,1,True,True,0,1,0,2,1,False
48f,44,1856,Reconnaissance,Reconnaissance,False,"This flow was flagged as Reconnaissance with 99.8% confidence. Main reasons: reduced average packet size, typical total bytes transferred, typical bytes sent by the source, reduced connections to the same service and destination, typical source-to-destination byte ratio. Suggested action: Flag source IP for monitoring; likely pre-attack scanning.",True,True,True,5,5,5,0,0,True,True,2,0,0,3,0,False
48f,44,1866,Overlap-Group-1,Overlap-Group-1,False,"This flow was flagged as Overlap-Group-1 with 55.2% confidence. Main reasons: network protocol=unas, reduced average packet size, typical bytes sent by the source. Suggested action: Flagged as DoS, Backdoor, or Analysis-type behavior — this dataset's flow-level features can't reliably distinguish the three. Escalate for manual / packet-level inspection to determine the specific subtype.",True,True,True,2,2,2,1,1,True,True,0,1,0,1,1,False
48f,44,1887,Overlap-Group-1,Overlap-Group-1,False,"This flow was flagged as Overlap-Group-1 with 83.8% confidence. Main reasons: network protocol=unas, unusually high recent connections from this source, reduced average packet size, typical bytes sent by the source. Suggested action: Flagged as DoS, Backdoor, or Analysis-type behavior — this dataset's flow-level features can't reliably distinguish the three. Escalate for manual / packet-level inspection to determine the specific subtype.",True,True,True,3,3,3,1,1,True,True,0,2,0,1,2,False
48f,44,1900,Overlap-Group-1,Overlap-Group-1,False,"This flow was flagged as Overlap-Group-1 with 78.7% confidence. Main reasons: network protocol=unas, reduced average packet size, unusually high recent connections from this source, typical bytes sent by the source. Suggested action: Flagged as DoS, Backdoor, or Analysis-type behavior — this dataset's flow-level features can't reliably distinguish the three. Escalate for manual / packet-level inspection to determine the specific subtype.",True,True,True,3,3,3,1,1,True,True,0,2,0,1,2,False
48f,44,1925,Reconnaissance,Reconnaissance,False,"This flow was flagged as Reconnaissance with 99.9% confidence. Main reasons: reduced average packet size, typical total bytes transferred, typical bytes sent by the source, reduced connections to the same service and destination, typical source-to-destination byte ratio. Suggested action: Flag source IP for monitoring; likely pre-attack scanning.",True,True,True,5,5,5,0,0,True,True,2,0,0,3,0,False
48f,44,2040,Unknown,Fuzzers,True,"This flow was flagged as an unrecognized (potential zero-day) pattern with 52.5% confidence. Main reasons: elevated source time-to-live, typical bytes sent by the source, reduced connections to the same service and destination, network service=-. Suggested action: Unrecognized pattern — escalate to a human analyst for manual review.",True,True,True,3,3,3,1,1,True,True,1,1,0,1,1,False
48f,44,2075,Unknown,Overlap-Group-1,True,"This flow was flagged as an unrecognized (potential zero-day) pattern with 53.2% confidence. Main reasons: network protocol=iso-tp4, reduced average packet size, typical bytes sent by the source, typical mean packet size from source. Suggested action: Unrecognized pattern — escalate to a human analyst for manual review.",True,True,True,3,3,3,1,1,True,True,0,1,0,2,1,False
48f,44,2083,Overlap-Group-1,Overlap-Group-1,False,"This flow was flagged as Overlap-Group-1 with 94.7% confidence. Main reasons: network protocol=unas, extremely high recent connections from this source, reduced average packet size, typical recent connections to this destination, unusually high recent connections to this destination from the same source port. Suggested action: Flagged as DoS, Backdoor, or Analysis-type behavior — this dataset's flow-level features can't reliably distinguish the three. Escalate for manual / packet-level inspection to determine the specific subtype.",True,True,True,4,4,4,1,1,True,True,1,2,0,1,2,False
48f,44,2221,Overlap-Group-1,Overlap-Group-1,False,"This flow was flagged as Overlap-Group-1 with 66.1% confidence. Main reasons: network protocol=unas, reduced average packet size, typical bytes sent by the source, typical mean packet size from source. Suggested action: Flagged as DoS, Backdoor, or Analysis-type behavior — this dataset's flow-level features can't reliably distinguish the three. Escalate for manual / packet-level inspection to determine the specific subtype.",True,True,True,3,3,3,1,1,True,True,0,1,0,2,1,False
48f,44,2276,Exploits,Exploits,False,"This flow was flagged as Exploits with 70.1% confidence. Main reasons: network service=http, reduced recent connections between this source and destination, unusually high destination time-to-live, typical mean packet size from source, typical total bytes transferred. Suggested action: Isolate the target host and check for unpatched vulnerabilities.",True,True,True,4,4,4,1,1,True,True,2,0,0,2,0,False
48f,44,2530,Exploits,Exploits,False,"This flow was flagged as Exploits with 92.7% confidence. Main reasons: network service=smtp, typical bytes sent by the destination, reduced connections to the same service and destination, reduced source time-to-live, typical dloss. Suggested action: Isolate the target host and check for unpatched vulnerabilities.",True,True,True,4,4,4,1,1,True,True,1,1,0,2,1,False
48f,44,2981,Exploits,Exploits,False,"This flow was flagged as Exploits with 57.3% confidence. Main reasons: reduced destination data load, typical source-to-destination byte ratio. Suggested action: Isolate the target host and check for unpatched vulnerabilities.",True,True,True,2,2,2,0,0,True,True,1,0,0,1,0,False
48f,44,3075,Reconnaissance,Reconnaissance,False,"This flow was flagged as Reconnaissance with 58.6% confidence. Main reasons: network service=http, reduced recent connections between this source and destination, reduced connections to the same service and destination, typical total bytes transferred. Suggested action: Flag source IP for monitoring; likely pre-attack scanning.",True,True,True,3,3,3,1,1,True,True,2,0,0,1,0,False
48f,44,3169,Unknown,Exploits,True,"This flow was flagged as an unrecognized (potential zero-day) pattern with 51.7% confidence. Main reasons: reduced connections to the same service and destination, network service=http, unusually high destination time-to-live. Suggested action: Unrecognized pattern — escalate to a human analyst for manual review.",True,True,True,2,2,2,1,1,True,True,2,0,0,0,0,False
48f,44,3208,Overlap-Group-1,Overlap-Group-1,False,"This flow was flagged as Overlap-Group-1 with 55.0% confidence. Main reasons: network protocol=ddp, reduced average packet size, typical bytes sent by the source, typical mean packet size from source. Suggested action: Flagged as DoS, Backdoor, or Analysis-type behavior — this dataset's flow-level features can't reliably distinguish the three. Escalate for manual / packet-level inspection to determine the specific subtype.",True,True,True,3,3,3,1,1,True,True,0,1,0,2,1,False
48f,44,3615,Reconnaissance,Reconnaissance,False,"This flow was flagged as Reconnaissance with 99.9% confidence. Main reasons: reduced average packet size, typical total bytes transferred, reduced connections to the same service and destination, typical bytes sent by the source, reduced mean packet size from source. Suggested action: Flag source IP for monitoring; likely pre-attack scanning.",True,True,True,5,5,5,0,0,True,True,3,0,0,2,0,False
48f,44,3653,Overlap-Group-1,Overlap-Group-1,False,"This flow was flagged as Overlap-Group-1 with 69.8% confidence. Main reasons: network protocol=xnet, reduced average packet size, unusually high recent connections from this source. Suggested action: Flagged as DoS, Backdoor, or Analysis-type behavior — this dataset's flow-level features can't reliably distinguish the three. Escalate for manual / packet-level inspection to determine the specific subtype.",True,True,True,2,2,2,1,1,True,True,0,2,0,0,2,False
48f,44,3706,Reconnaissance,Reconnaissance,False,"This flow was flagged as Reconnaissance with 78.3% confidence. Main reasons: network service=http, typical total bytes transferred, reduced recent connections between this source and destination, reduced mean packet size from source, reduced mean packet size from destination. Suggested action: Flag source IP for monitoring; likely pre-attack scanning.",True,True,True,4,4,4,1,1,True,True,3,0,0,1,0,False
48f,44,3743,Exploits,Exploits,False,"This flow was flagged as Exploits with 97.1% confidence. Main reasons: reduced connections to the same service and destination, typical total bytes transferred, reduced mean packet size from source, reduced recent connections between this source and destination. Suggested action: Isolate the target host and check for unpatched vulnerabilities.",True,True,True,4,4,4,0,0,True,True,3,0,0,1,0,False
48f,44,3767,Exploits,Exploits,False,"This flow was flagged as Exploits with 59.3% confidence. Main reasons: reduced connections to the same service and destination, network service=http, typical total bytes transferred. Suggested action: Isolate the target host and check for unpatched vulnerabilities.",True,True,True,2,2,2,1,1,True,True,1,0,0,1,0,False
48f,44,3803,Reconnaissance,Reconnaissance,False,"This flow was flagged as Reconnaissance with 99.9% confidence. Main reasons: reduced average packet size, typical total bytes transferred, typical bytes sent by the source, typical source-to-destination byte ratio, reduced mean packet size from source. Suggested action: Flag source IP for monitoring; likely pre-attack scanning.",True,True,True,5,5,5,0,0,True,True,2,0,0,3,0,False
48f,44,4084,Reconnaissance,Reconnaissance,False,"This flow was flagged as Reconnaissance with 99.9% confidence. Main reasons: reduced average packet size, typical total bytes transferred, typical bytes sent by the source, typical source-to-destination byte ratio, typical source jitter. Suggested action: Flag source IP for monitoring; likely pre-attack scanning.",True,True,True,5,5,5,0,0,True,True,1,0,0,4,0,False
48f,44,4258,Overlap-Group-1,Overlap-Group-1,False,"This flow was flagged as Overlap-Group-1 with 67.5% confidence. Main reasons: reduced source time-to-live, reduced connections to the same service and destination, typical total bytes transferred, reduced connections to the same service from this source. Suggested action: Flagged as DoS, Backdoor, or Analysis-type behavior — this dataset's flow-level features can't reliably distinguish the three. Escalate for manual / packet-level inspection to determine the specific subtype.",True,True,True,4,4,4,0,0,True,True,2,1,0,1,1,False
48f,44,4331,Overlap-Group-1,Overlap-Group-1,False,"This flow was flagged as Overlap-Group-1 with 59.9% confidence. Main reasons: typical response body len, reduced source time-to-live, reduced average packet size, reduced connections to the same service and destination, network service=http. Suggested action: Flagged as DoS, Backdoor, or Analysis-type behavior — this dataset's flow-level features can't reliably distinguish the three. Escalate for manual / packet-level inspection to determine the specific subtype.",True,True,True,4,4,4,1,1,True,True,1,2,0,1,2,False
48f,44,4662,Unknown,Reconnaissance,True,"This flow was flagged as an unrecognized (potential zero-day) pattern with 52.1% confidence. Main reasons: network service=http, typical total bytes transferred, reduced mean packet size from destination, reduced recent connections between this source and destination. Suggested action: Unrecognized pattern — escalate to a human analyst for manual review.",True,True,True,3,3,3,1,1,True,True,2,0,0,1,0,False
48f,44,4820,Reconnaissance,Reconnaissance,False,"This flow was flagged as Reconnaissance with 99.9% confidence. Main reasons: reduced average packet size, typical total bytes transferred, typical bytes sent by the source, reduced connections to the same service and destination, typical source-to-destination byte ratio. Suggested action: Flag source IP for monitoring; likely pre-attack scanning.",True,True,True,5,5,5,0,0,True,True,2,0,0,3,0,False
48f,44,5104,Reconnaissance,Reconnaissance,False,"This flow was flagged as Reconnaissance with 99.7% confidence. Main reasons: typical bytes sent by the source, typical total bytes transferred, reduced mean packet size from source, reduced mean packet size from destination, reduced average packet size. Suggested action: Flag source IP for monitoring; likely pre-attack scanning.",True,True,True,5,5,5,0,0,True,True,3,0,0,2,0,False
48f,44,5127,Exploits,Exploits,False,"This flow was flagged as Exploits with 54.6% confidence. Main reasons: network service=http, reduced connections to the same service and destination, reduced recent connections between this source and destination, extremely high mean packet size from source, unusually high destination time-to-live. Suggested action: Isolate the target host and check for unpatched vulnerabilities.",True,True,True,4,4,4,1,1,True,True,3,1,0,0,1,False
48f,44,5740,Reconnaissance,Reconnaissance,False,"This flow was flagged as Reconnaissance with 99.9% confidence. Main reasons: reduced average packet size, typical total bytes transferred, typical bytes sent by the source, typical source-to-destination byte ratio, reduced mean packet size from source. Suggested action: Flag source IP for monitoring; likely pre-attack scanning.",True,True,True,5,5,5,0,0,True,True,2,0,0,3,0,False
48f,44,6187,Exploits,Exploits,False,"This flow was flagged as Exploits with 98.7% confidence. Main reasons: network service=ftp-data, reduced mean packet size from source, reduced connections to the same service and destination, reduced source time-to-live, typical bytes sent by the source. Suggested action: Isolate the target host and check for unpatched vulnerabilities.",True,True,True,4,4,4,1,1,True,True,2,1,0,1,1,False
48f,44,6476,Overlap-Group-1,Overlap-Group-1,False,"This flow was flagged as Overlap-Group-1 with 81.4% confidence. Main reasons: reduced connections to the same service and destination, elevated source time-to-live, unusually high average packet size. Suggested action: Flagged as DoS, Backdoor, or Analysis-type behavior — this dataset's flow-level features can't reliably distinguish the three. Escalate for manual / packet-level inspection to determine the specific subtype.",True,True,True,3,3,3,0,0,True,True,3,0,0,0,0,False
48f,44,6679,Exploits,Exploits,False,"This flow was flagged as Exploits with 54.5% confidence. Main reasons: network service=http, reduced connections to the same service and destination, typical total bytes transferred, unusually high destination time-to-live, reduced recent connections between this source and destination. Suggested action: Isolate the target host and check for unpatched vulnerabilities.",True,True,True,4,4,4,1,1,True,True,3,0,0,1,0,False
48f,44,6858,Reconnaissance,Reconnaissance,False,"This flow was flagged as Reconnaissance with 99.9% confidence. Main reasons: reduced average packet size, typical total bytes transferred, typical bytes sent by the source, typical source-to-destination byte ratio, reduced mean packet size from source. Suggested action: Flag source IP for monitoring; likely pre-attack scanning.",True,True,True,5,5,5,0,0,True,True,2,0,0,3,0,False
48f,44,6995,Unknown,Exploits,True,"This flow was flagged as an unrecognized (potential zero-day) pattern with 48.2% confidence. Main reasons: reduced connections to the same service and destination, reduced recent connections between this source and destination, typical total bytes transferred. Suggested action: Unrecognized pattern — escalate to a human analyst for manual review.",True,True,True,3,3,3,0,0,True,True,2,0,0,1,0,False
48f,44,7127,Generic,Generic,False,"This flow was flagged as Generic with 100.0% confidence. Main reasons: typical total bytes transferred, typical bytes sent by the source, network service=dns, extremely high recent connections between this source and destination. Suggested action: Review firewall rules for this flow's protocol/service combination.",True,True,True,3,3,3,1,1,True,True,0,1,0,2,1,False
48f,44,7282,Generic,Generic,False,"This flow was flagged as Generic with 100.0% confidence. Main reasons: typical total bytes transferred, typical bytes sent by the source, network service=dns, extremely high recent connections between this source and destination. Suggested action: Review firewall rules for this flow's protocol/service combination.",True,True,True,3,3,3,1,1,True,True,0,1,0,2,1,False
48f,44,7525,Generic,Generic,False,"This flow was flagged as Generic with 100.0% confidence. Main reasons: typical total bytes transferred, typical bytes sent by the source, network service=dns, extremely high recent connections between this source and destination. Suggested action: Review firewall rules for this flow's protocol/service combination.",True,True,True,3,3,3,1,1,True,True,0,1,0,2,1,False
48f,44,7584,Generic,Generic,False,"This flow was flagged as Generic with 100.0% confidence. Main reasons: typical total bytes transferred, typical bytes sent by the source, network service=dns, extremely high recent connections to this destination. Suggested action: Review firewall rules for this flow's protocol/service combination.",True,True,True,3,3,3,1,1,True,True,0,1,0,2,1,False
48f,44,7589,Generic,Generic,False,"This flow was flagged as Generic with 100.0% confidence. Main reasons: typical total bytes transferred, typical bytes sent by the source, network service=dns, reduced average packet size, reduced mean packet size from source. Suggested action: Review firewall rules for this flow's protocol/service combination.",True,True,True,4,4,4,1,1,True,True,0,1,1,2,1,False
48f,44,7716,Generic,Generic,False,"This flow was flagged as Generic with 100.0% confidence. Main reasons: typical total bytes transferred, typical bytes sent by the source, network service=dns, extremely high recent connections between this source and destination, unusually high recent connections to this destination. Suggested action: Review firewall rules for this flow's protocol/service combination.",True,True,True,4,4,4,1,1,True,True,0,2,0,2,2,False
48f,44,7731,Generic,Generic,False,"This flow was flagged as Generic with 100.0% confidence. Main reasons: typical total bytes transferred, typical bytes sent by the source, network service=dns, extremely high recent connections between this source and destination. Suggested action: Review firewall rules for this flow's protocol/service combination.",True,True,True,3,3,3,1,1,True,True,0,1,0,2,1,False
48f,44,7866,Generic,Generic,False,"This flow was flagged as Generic with 100.0% confidence. Main reasons: typical total bytes transferred, typical bytes sent by the source, extremely high recent connections between this source and destination, network service=dns. Suggested action: Review firewall rules for this flow's protocol/service combination.",True,True,True,3,3,3,1,1,True,True,0,1,0,2,1,False
48f,44,7877,Generic,Generic,False,"This flow was flagged as Generic with 100.0% confidence. Main reasons: typical total bytes transferred, typical bytes sent by the source, network service=dns, extremely high recent connections to this destination. Suggested action: Review firewall rules for this flow's protocol/service combination.",True,True,True,3,3,3,1,1,True,True,0,1,0,2,1,False
48f,44,7936,Generic,Generic,False,"This flow was flagged as Generic with 92.4% confidence. Main reasons: typical response body len, reduced mean packet size from source, typical bytes sent by the source, typical sloss, extremely high mean packet size from destination. Suggested action: Review firewall rules for this flow's protocol/service combination.",True,True,True,5,5,5,0,0,True,True,1,1,0,3,1,False
48f,44,7990,Generic,Generic,False,"This flow was flagged as Generic with 100.0% confidence. Main reasons: typical total bytes transferred, typical bytes sent by the source, network service=dns, extremely high recent connections between this source and destination. Suggested action: Review firewall rules for this flow's protocol/service combination.",True,True,True,3,3,3,1,1,True,True,0,1,0,2,1,False
48f,44,8052,Generic,Generic,False,"This flow was flagged as Generic with 100.0% confidence. Main reasons: typical total bytes transferred, typical bytes sent by the source, network service=dns, extremely high recent connections between this source and destination. Suggested action: Review firewall rules for this flow's protocol/service combination.",True,True,True,3,3,3,1,1,True,True,0,1,0,2,1,False
48f,44,8181,Generic,Generic,False,"This flow was flagged as Generic with 100.0% confidence. Main reasons: typical total bytes transferred, typical bytes sent by the source, network service=dns, extremely high recent connections to this destination, extremely high recent connections between this source and destination. Suggested action: Review firewall rules for this flow's protocol/service combination.",True,True,True,4,4,4,1,1,True,True,0,2,0,2,2,False
48f,44,8195,Generic,Generic,False,"This flow was flagged as Generic with 100.0% confidence. Main reasons: typical total bytes transferred, typical bytes sent by the source, network service=dns, extremely high recent connections between this source and destination, reduced average packet size. Suggested action: Review firewall rules for this flow's protocol/service combination.",True,True,True,4,4,4,1,1,True,True,0,1,1,2,1,False
48f,44,9151,Normal,Normal,False,"This flow was flagged as Normal with 100.0% confidence. Main reasons: unusually low source time-to-live, unusually low connections with the same state and TTL. Suggested action: No action required.",True,True,True,2,2,2,0,0,True,True,2,0,0,0,0,False
48f,44,9316,Normal,Normal,False,"This flow was flagged as Normal with 100.0% confidence. Main reasons: unusually low source time-to-live, unusually low connections with the same state and TTL, unusually high connections to the same service and destination, elevated connections to the same service from this source, typical recent connections between this source and destination. Suggested action: No action required.",True,True,True,5,5,5,0,0,True,True,4,0,0,1,0,False
48f,44,9434,Normal,Normal,False,"This flow was flagged as Normal with 100.0% confidence. Main reasons: unusually low source time-to-live, unusually low connections with the same state and TTL, typical connections to the same service from this source, elevated connections to the same service and destination. Suggested action: No action required.",True,True,True,4,4,4,0,0,True,True,3,0,0,1,0,False
48f,44,10579,Normal,Normal,False,"This flow was flagged as Normal with 100.0% confidence. Main reasons: unusually low source time-to-live, unusually low connections with the same state and TTL, elevated connections to the same service from this source, elevated connections to the same service and destination. Suggested action: No action required.",True,True,True,4,4,4,0,0,True,True,4,0,0,0,0,False
48f,44,11816,Normal,Normal,False,"This flow was flagged as Normal with 100.0% confidence. Main reasons: unusually low source time-to-live, unusually low connections with the same state and TTL, unusually high connections to the same service from this source, elevated connections to the same service and destination. Suggested action: No action required.",True,True,True,4,4,4,0,0,True,True,4,0,0,0,0,False
48f,44,11931,Normal,Normal,False,"This flow was flagged as Normal with 100.0% confidence. Main reasons: unusually low source time-to-live, unusually low connections with the same state and TTL, elevated connections to the same service and destination, elevated connections to the same service from this source, reduced TCP round-trip time. Suggested action: No action required.",True,True,True,5,5,5,0,0,True,True,4,1,0,0,1,False
48f,44,12909,Normal,Normal,False,"This flow was flagged as Normal with 100.0% confidence. Main reasons: unusually low source time-to-live, unusually low connections with the same state and TTL, elevated connections to the same service and destination, elevated connections to the same service from this source, typical recent connections between this source and destination. Suggested action: No action required.",True,True,True,5,5,5,0,0,True,True,4,0,0,1,0,False
48f,44,13568,Normal,Normal,False,"This flow was flagged as Normal with 100.0% confidence. Main reasons: unusually low source time-to-live, unusually low connections with the same state and TTL, elevated connections to the same service and destination. Suggested action: No action required.",True,True,True,3,3,3,0,0,True,True,3,0,0,0,0,False
48f,44,13688,Normal,Normal,False,"This flow was flagged as Normal with 100.0% confidence. Main reasons: unusually low source time-to-live, unusually low connections with the same state and TTL, typical bytes sent by the destination. Suggested action: No action required.",True,True,True,3,3,3,0,0,True,True,2,0,0,1,0,False
48f,44,14133,Normal,Normal,False,"This flow was flagged as Normal with 100.0% confidence. Main reasons: unusually low source time-to-live, unusually low connections with the same state and TTL, reduced TCP round-trip time, reduced recent connections between this source and destination. Suggested action: No action required.",True,True,True,4,4,4,0,0,True,True,2,2,0,0,2,False
48f,44,14673,Normal,Normal,False,"This flow was flagged as Normal with 100.0% confidence. Main reasons: unusually low source time-to-live, unusually low connections with the same state and TTL, elevated connections to the same service from this source, typical connections to the same service and destination. Suggested action: No action required.",True,True,True,4,4,4,0,0,True,True,3,0,0,1,0,False
48f,44,16298,Normal,Normal,False,"This flow was flagged as Normal with 100.0% confidence. Main reasons: unusually low source time-to-live, unusually low connections with the same state and TTL, unusually high connections to the same service and destination, unusually high connections to the same service from this source. Suggested action: No action required.",True,True,True,4,4,4,0,0,True,True,4,0,0,0,0,False
48f,44,19401,Normal,Normal,False,"This flow was flagged as Normal with 100.0% confidence. Main reasons: unusually low source time-to-live, unusually low connections with the same state and TTL. Suggested action: No action required.",True,True,True,2,2,2,0,0,True,True,2,0,0,0,0,False
48f,44,21283,Normal,Normal,False,"This flow was flagged as Normal with 100.0% confidence. Main reasons: unusually low source time-to-live, unusually low connections with the same state and TTL, typical destination data load. Suggested action: No action required.",True,True,True,3,3,3,0,0,True,True,2,0,0,1,0,False
48f,44,22680,Normal,Normal,False,"This flow was flagged as Normal with 100.0% confidence. Main reasons: unusually low source time-to-live, unusually low connections with the same state and TTL, unusually high connections to the same service from this source, elevated connections to the same service and destination. Suggested action: No action required.",True,True,True,4,4,4,0,0,True,True,4,0,0,0,0,False
48f,44,22790,Normal,Normal,False,"This flow was flagged as Normal with 100.0% confidence. Main reasons: unusually low source time-to-live, unusually low connections with the same state and TTL, typical destination data load. Suggested action: No action required.",True,True,True,3,3,3,0,0,True,True,2,0,0,1,0,False
48f,44,24398,Normal,Normal,False,"This flow was flagged as Normal with 100.0% confidence. Main reasons: unusually low source time-to-live, unusually low connections with the same state and TTL, unusually high connections to the same service from this source. Suggested action: No action required.",True,True,True,3,3,3,0,0,True,True,3,0,0,0,0,False
48f,44,24554,Normal,Normal,False,"This flow was flagged as Normal with 100.0% confidence. Main reasons: unusually low source time-to-live, unusually low connections with the same state and TTL. Suggested action: No action required.",True,True,True,2,2,2,0,0,True,True,2,0,0,0,0,False
48f,44,24974,Normal,Normal,False,"This flow was flagged as Normal with 100.0% confidence. Main reasons: unusually low source time-to-live, unusually low connections with the same state and TTL, elevated connections to the same service from this source, elevated connections to the same service and destination. Suggested action: No action required.",True,True,True,4,4,4,0,0,True,True,4,0,0,0,0,False
48f,44,25404,Unknown,Overlap-Group-1,True,"This flow was flagged as an unrecognized (potential zero-day) pattern with 37.9% confidence. Main reasons: reduced connections to the same service and destination, typical total bytes transferred, reduced connections to the same service from this source. Suggested action: Unrecognized pattern — escalate to a human analyst for manual review.",True,True,True,3,3,3,0,0,True,True,2,0,0,1,0,False
48f,44,27288,Unknown,Overlap-Group-1,True,"This flow was flagged as an unrecognized (potential zero-day) pattern with 47.3% confidence. Main reasons: typical response body len, reduced average packet size, reduced source time-to-live, network service=http. Suggested action: Unrecognized pattern — escalate to a human analyst for manual review.",True,True,True,3,3,3,1,1,True,True,0,2,0,1,2,False
48f,44,27852,Exploits,Exploits,False,"This flow was flagged as Exploits with 90.9% confidence. Main reasons: reduced connections to the same service and destination, network service=http, typical source-to-destination byte ratio, typical mean packet size from source, unusually high destination time-to-live. Suggested action: Isolate the target host and check for unpatched vulnerabilities.",True,True,True,4,4,4,1,1,True,True,2,0,0,2,0,False
48f,44,27875,Fuzzers,Fuzzers,False,"This flow was flagged as Fuzzers with 87.6% confidence. Main reasons: elevated source time-to-live, unusually high recent connections from this source to the same destination port, network protocol=udp, unusually high recent connections to this destination, reduced average packet size. Suggested action: Inspect the application for crash logs; consider input validation hardening.",True,True,True,4,4,4,1,1,True,True,2,1,1,0,1,False
48f,44,28030,Exploits,Exploits,False,"This flow was flagged as Exploits with 77.5% confidence. Main reasons: reduced recent connections between this source and destination, extremely high mean packet size from source, elevated sloss. Suggested action: Isolate the target host and check for unpatched vulnerabilities.",True,True,True,3,3,3,0,0,True,True,1,2,0,0,2,False
48f,44,28091,Exploits,Exploits,False,"This flow was flagged as Exploits with 74.6% confidence. Main reasons: network service=http, reduced source time-to-live, reduced connections to the same service and destination, typical mean packet size from destination, unusually high destination time-to-live. Suggested action: Isolate the target host and check for unpatched vulnerabilities.",True,True,True,4,4,4,1,1,True,True,2,1,0,1,1,False
48f,44,28160,Unknown,Fuzzers,True,"This flow was flagged as an unrecognized (potential zero-day) pattern with 48.1% confidence. Main reasons: elevated source time-to-live, network service=-, elevated source-to-destination packet ratio, reduced average packet size. Suggested action: Unrecognized pattern — escalate to a human analyst for manual review.",True,True,True,3,3,3,1,1,True,True,2,0,1,0,0,False
48f,44,28237,Exploits,Exploits,False,"This flow was flagged as Exploits with 96.6% confidence. Main reasons: reduced mean packet size from source, reduced connections to the same service and destination, reduced source time-to-live, network service=pop3. Suggested action: Isolate the target host and check for unpatched vulnerabilities.",True,True,True,3,3,3,1,1,True,True,2,1,0,0,1,False
48f,44,28356,Unknown,Fuzzers,True,"This flow was flagged as an unrecognized (potential zero-day) pattern with 47.7% confidence. Main reasons: typical bytes sent by the source, elevated source time-to-live, typical bytes sent by the destination. Suggested action: Unrecognized pattern — escalate to a human analyst for manual review.",True,True,True,3,3,3,0,0,True,True,1,0,0,2,0,False
48f,44,28907,Exploits,Exploits,False,"This flow was flagged as Exploits with 93.8% confidence. Main reasons: network service=pop3, reduced source time-to-live, reduced connections to the same service and destination, typical bytes sent by the destination, unusually high destination time-to-live. Suggested action: Isolate the target host and check for unpatched vulnerabilities.",True,True,True,4,4,4,1,1,True,True,2,1,0,1,1,False
48f,44,29046,Fuzzers,Fuzzers,False,"This flow was flagged as Fuzzers with 85.6% confidence. Main reasons: typical bytes sent by the source, elevated source time-to-live, reduced destination data load, unusually high destination jitter. Suggested action: Inspect the application for crash logs; consider input validation hardening.",True,True,True,4,4,4,0,0,True,True,3,0,0,1,0,False
48f,44,29389,Generic,Generic,False,"This flow was flagged as Generic with 89.8% confidence. Main reasons: network service=smtp, elevated mean packet size from source, typical sloss, typical source-to-destination byte ratio, elevated source-to-destination packet ratio. Suggested action: Review firewall rules for this flow's protocol/service combination.",True,True,True,4,4,4,1,1,True,True,1,1,0,2,1,False
48f,44,29564,Fuzzers,Fuzzers,False,"This flow was flagged as Fuzzers with 84.1% confidence. Main reasons: elevated source time-to-live, unusually high recent connections to this destination, extremely high connections to the same service and destination, extremely high mean packet size from source, unusually high average packet size. Suggested action: Inspect the application for crash logs; consider input validation hardening.",True,True,True,5,5,5,0,0,True,True,3,1,1,0,1,False
48f,44,29663,Unknown,Overlap-Group-1,True,"This flow was flagged as an unrecognized (potential zero-day) pattern with 47.4% confidence. Main reasons: reduced connections to the same service and destination, reduced average packet size, reduced connections to the same service from this source, reduced recent connections between this source and destination. Suggested action: Unrecognized pattern — escalate to a human analyst for manual review.",True,True,True,4,4,4,0,0,True,True,3,1,0,0,1,False
48f,44,29850,Reconnaissance,Reconnaissance,False,"This flow was flagged as Reconnaissance with 95.0% confidence. Main reasons: typical bytes sent by the source, typical total bytes transferred, reduced mean packet size from source, reduced mean packet size from destination. Suggested action: Flag source IP for monitoring; likely pre-attack scanning.",True,True,True,4,4,4,0,0,True,True,2,0,0,2,0,False
48f,44,29899,Fuzzers,Fuzzers,False,"This flow was flagged as Fuzzers with 95.2% confidence. Main reasons: typical bytes sent by the destination, elevated source time-to-live, typical bytes sent by the source, network service=-. Suggested action: Inspect the application for crash logs; consider input validation hardening.",True,True,True,3,3,3,1,1,True,True,1,0,0,2,0,False
48f,44,30158,Reconnaissance,Reconnaissance,False,"This flow was flagged as Reconnaissance with 99.9% confidence. Main reasons: reduced average packet size, typical total bytes transferred, typical bytes sent by the source, typical source-to-destination byte ratio. Suggested action: Flag source IP for monitoring; likely pre-attack scanning.",True,True,True,4,4,4,0,0,True,True,1,0,0,3,0,False
48f,44,30287,Fuzzers,Fuzzers,False,"This flow was flagged as Fuzzers with 98.3% confidence. Main reasons: typical bytes sent by the destination, elevated source time-to-live, typical bytes sent by the source, reduced mean packet size from destination. Suggested action: Inspect the application for crash logs; consider input validation hardening.",True,True,True,4,4,4,0,0,True,True,2,0,0,2,0,False
48f,44,30747,Overlap-Group-1,Overlap-Group-1,False,"This flow was flagged as Overlap-Group-1 with 66.6% confidence. Main reasons: network protocol=unas, reduced average packet size, typical bytes sent by the source, unusually high recent connections to this destination from the same source port. Suggested action: Flagged as DoS, Backdoor, or Analysis-type behavior — this dataset's flow-level features can't reliably distinguish the three. Escalate for manual / packet-level inspection to determine the specific subtype.",True,True,True,3,3,3,1,1,True,True,1,1,0,1,1,False
48f,44,30754,Exploits,Exploits,False,"This flow was flagged as Exploits with 99.4% confidence. Main reasons: reduced connections to the same service and destination, network service=ftp, extremely high is ftp login, reduced source time-to-live, typical dloss. Suggested action: Isolate the target host and check for unpatched vulnerabilities.",True,True,True,4,4,4,1,1,True,True,2,1,0,1,1,False
48f,44,31559,Reconnaissance,Reconnaissance,False,"This flow was flagged as Reconnaissance with 99.8% confidence. Main reasons: reduced average packet size, typical total bytes transferred, typical bytes sent by the source, reduced connections to the same service and destination. Suggested action: Flag source IP for monitoring; likely pre-attack scanning.",True,True,True,4,4,4,0,0,True,True,2,0,0,2,0,False
48f,44,31629,Overlap-Group-1,Overlap-Group-1,False,"This flow was flagged as Overlap-Group-1 with 71.0% confidence. Main reasons: reduced source time-to-live, typical bytes sent by the source, reduced average packet size, typical mean packet size from source. Suggested action: Flagged as DoS, Backdoor, or Analysis-type behavior — this dataset's flow-level features can't reliably distinguish the three. Escalate for manual / packet-level inspection to determine the specific subtype.",True,True,True,4,4,4,0,0,True,True,0,2,0,2,2,False
48f,44,31689,Unknown,Overlap-Group-1,True,"This flow was flagged as an unrecognized (potential zero-day) pattern with 42.0% confidence. Main reasons: network protocol=cftp, reduced average packet size, typical bytes sent by the source, typical mean packet size from source. Suggested action: Unrecognized pattern — escalate to a human analyst for manual review.",True,True,True,3,3,3,1,1,True,True,0,1,0,2,1,False
48f,44,32231,Reconnaissance,Reconnaissance,False,"This flow was flagged as Reconnaissance with 74.1% confidence. Main reasons: network service=http, typical total bytes transferred, reduced recent connections between this source and destination, reduced mean packet size from destination, reduced mean packet size from source. Suggested action: Flag source IP for monitoring; likely pre-attack scanning.",True,True,True,4,4,4,1,1,True,True,3,0,0,1,0,False
48f,44,32425,Unknown,Overlap-Group-1,True,"This flow was flagged as an unrecognized (potential zero-day) pattern with 34.3% confidence. Main reasons: network protocol=rdp, reduced average packet size, typical bytes sent by the source. Suggested action: Unrecognized pattern — escalate to a human analyst for manual review.",True,True,True,2,2,2,1,1,True,True,0,1,0,1,1,False
48f,44,32664,Exploits,Exploits,False,"This flow was flagged as Exploits with 95.8% confidence. Main reasons: reduced connections to the same service and destination, network service=http, typical bytes sent by the destination, reduced source time-to-live, unusually high destination time-to-live. Suggested action: Isolate the target host and check for unpatched vulnerabilities.",True,True,True,4,4,4,1,1,True,True,2,1,0,1,1,False
48f,44,32944,Reconnaissance,Reconnaissance,False,"This flow was flagged as Reconnaissance with 99.9% confidence. Main reasons: reduced average packet size, typical total bytes transferred, typical bytes sent by the source, reduced connections to the same service and destination, typical source-to-destination byte ratio. Suggested action: Flag source IP for monitoring; likely pre-attack scanning.",True,True,True,5,5,5,0,0,True,True,2,0,0,3,0,False
48f,44,33333,Generic,Generic,False,"This flow was flagged as Generic with 98.2% confidence. Main reasons: typical total bytes transferred, typical bytes sent by the source, network service=dns. Suggested action: Review firewall rules for this flow's protocol/service combination.",True,True,True,2,2,2,1,1,True,True,0,0,0,2,0,False
48f,44,33915,Fuzzers,Fuzzers,False,"This flow was flagged as Fuzzers with 55.1% confidence. Main reasons: reduced mean packet size from source, elevated source time-to-live, typical total bytes transferred, reduced average packet size. Suggested action: Inspect the application for crash logs; consider input validation hardening.",True,True,True,4,4,4,0,0,True,True,1,1,1,1,1,False
48f,44,33974,Reconnaissance,Reconnaissance,False,"This flow was flagged as Reconnaissance with 99.9% confidence. Main reasons: reduced average packet size, typical total bytes transferred, typical bytes sent by the source, reduced connections to the same service and destination, typical source-to-destination byte ratio. Suggested action: Flag source IP for monitoring; likely pre-attack scanning.",True,True,True,5,5,5,0,0,True,True,2,0,0,3,0,False
48f,44,34106,Exploits,Exploits,False,"This flow was flagged as Exploits with 98.4% confidence. Main reasons: reduced source time-to-live, typical dloss, extremely high mean packet size from destination, typical total bytes transferred, reduced mean packet size from source. Suggested action: Isolate the target host and check for unpatched vulnerabilities.",True,True,True,5,5,5,0,0,True,True,2,1,0,2,1,False
48f,44,34123,Exploits,Exploits,False,"This flow was flagged as Exploits with 96.8% confidence. Main reasons: elevated dloss, network service=http, reduced connections to the same service and destination, elevated bytes sent by the destination, reduced source time-to-live. Suggested action: Isolate the target host and check for unpatched vulnerabilities.",True,True,True,4,4,4,1,1,True,True,3,1,0,0,1,False
48f,44,34216,Overlap-Group-1,Overlap-Group-1,False,"This flow was flagged as Overlap-Group-1 with 62.8% confidence. Main reasons: network protocol=sun-nd, reduced average packet size, typical bytes sent by the source. Suggested action: Flagged as DoS, Backdoor, or Analysis-type behavior — this dataset's flow-level features can't reliably distinguish the three. Escalate for manual / packet-level inspection to determine the specific subtype.",True,True,True,2,2,2,1,1,True,True,0,1,0,1,1,False
48f,44,34358,Unknown,Overlap-Group-1,True,"This flow was flagged as an unrecognized (potential zero-day) pattern with 36.2% confidence. Main reasons: reduced recent connections between this source and destination, reduced average packet size. Suggested action: Unrecognized pattern — escalate to a human analyst for manual review.",True,True,True,2,2,2,0,0,True,True,1,1,0,0,1,False
48f,44,34497,Exploits,Exploits,False,"This flow was flagged as Exploits with 63.1% confidence. Main reasons: reduced recent connections between this source and destination, reduced average packet size, elevated source time-to-live. Suggested action: Isolate the target host and check for unpatched vulnerabilities.",True,True,True,3,3,3,0,0,True,True,2,1,0,0,1,False
48f,44,34683,Fuzzers,Fuzzers,False,"This flow was flagged as Fuzzers with 67.7% confidence. Main reasons: typical bytes sent by the source, elevated source time-to-live, network service=-. Suggested action: Inspect the application for crash logs; consider input validation hardening.",True,True,True,2,2,2,1,1,True,True,1,0,0,1,0,False
48f,44,34706,Fuzzers,Fuzzers,False,"This flow was flagged as Fuzzers with 57.9% confidence. Main reasons: elevated source time-to-live, reduced average packet size, reduced mean packet size from source, elevated recent connections from this source to the same destination port. Suggested action: Inspect the application for crash logs; consider input validation hardening.",True,True,True,4,4,4,0,0,True,True,2,1,1,0,1,False
48f,44,34710,Overlap-Group-1,Overlap-Group-1,False,"This flow was flagged as Overlap-Group-1 with 89.3% confidence. Main reasons: network protocol=unas, unusually high recent connections from this source, reduced average packet size, typical bytes sent by the source, unusually high recent connections to this destination from the same source port. Suggested action: Flagged as DoS, Backdoor, or Analysis-type behavior — this dataset's flow-level features can't reliably distinguish the three. Escalate for manual / packet-level inspection to determine the specific subtype.",True,True,True,4,4,4,1,1,True,True,1,2,0,1,2,False
48f,44,34935,Generic,Generic,False,"This flow was flagged as Generic with 99.8% confidence. Main reasons: typical total bytes transferred, typical bytes sent by the source, network service=dns. Suggested action: Review firewall rules for this flow's protocol/service combination.",True,True,True,2,2,2,1,1,True,True,0,0,0,2,0,False
48f,44,35072,Unknown,Normal,True,"This flow was flagged as an unrecognized (potential zero-day) pattern with 50.0% confidence. Main reasons: typical bytes sent by the destination, reduced mean packet size from source, typical bytes sent by the source. Suggested action: Unrecognized pattern — escalate to a human analyst for manual review.",True,True,True,3,3,3,0,0,True,True,1,0,0,2,0,False
48f,44,35155,Generic,Generic,False,"This flow was flagged as Generic with 100.0% confidence. Main reasons: typical total bytes transferred, typical bytes sent by the source, network service=dns, reduced average packet size. Suggested action: Review firewall rules for this flow's protocol/service combination.",True,True,True,3,3,3,1,1,True,True,0,0,1,2,0,False
48f,44,35260,Generic,Generic,False,"This flow was flagged as Generic with 100.0% confidence. Main reasons: typical total bytes transferred, typical bytes sent by the source, network service=dns, reduced average packet size. Suggested action: Review firewall rules for this flow's protocol/service combination.",True,True,True,3,3,3,1,1,True,True,0,0,1,2,0,False
48f,44,35280,Unknown,Fuzzers,True,"This flow was flagged as an unrecognized (potential zero-day) pattern with 51.8% confidence. Main reasons: elevated source time-to-live, unusually high connections to the same service and destination, elevated recent connections between this source and destination. Suggested action: Unrecognized pattern — escalate to a human analyst for manual review.",True,True,True,3,3,3,0,0,True,True,3,0,0,0,0,False
48f,44,35480,Generic,Generic,False,"This flow was flagged as Generic with 100.0% confidence. Main reasons: typical total bytes transferred, typical bytes sent by the source, network service=dns, reduced average packet size. Suggested action: Review firewall rules for this flow's protocol/service combination.",True,True,True,3,3,3,1,1,True,True,0,0,1,2,0,False
48f,44,35571,Overlap-Group-1,Overlap-Group-1,False,"This flow was flagged as Overlap-Group-1 with 63.6% confidence. Main reasons: network protocol=unas, reduced average packet size, typical bytes sent by the source. Suggested action: Flagged as DoS, Backdoor, or Analysis-type behavior — this dataset's flow-level features can't reliably distinguish the three. Escalate for manual / packet-level inspection to determine the specific subtype.",True,True,True,2,2,2,1,1,True,True,0,1,0,1,1,False
48f,44,35606,Overlap-Group-1,Overlap-Group-1,False,"This flow was flagged as Overlap-Group-1 with 63.5% confidence. Main reasons: network protocol=unas, reduced average packet size, typical bytes sent by the source. Suggested action: Flagged as DoS, Backdoor, or Analysis-type behavior — this dataset's flow-level features can't reliably distinguish the three. Escalate for manual / packet-level inspection to determine the specific subtype.",True,True,True,2,2,2,1,1,True,True,0,1,0,1,1,False
48f,44,35611,Fuzzers,Fuzzers,False,"This flow was flagged as Fuzzers with 90.9% confidence. Main reasons: reduced mean packet size from source, elevated source time-to-live, network protocol=udp, unusually high recent connections from this source to the same destination port, elevated recent connections between this source and destination. Suggested action: Inspect the application for crash logs; consider input validation hardening.",True,True,True,4,4,4,1,1,True,True,3,1,0,0,1,False
48f,44,35772,Normal,Normal,False,"This flow was flagged as Normal with 64.1% confidence. Main reasons: elevated connections to the same service and destination, typical recent connections between this source and destination, reduced mean packet size from source, elevated connections to the same service from this source. Suggested action: No action required.",True,True,True,4,4,4,0,0,True,True,3,0,0,1,0,False
48f,44,35774,Reconnaissance,Reconnaissance,False,"This flow was flagged as Reconnaissance with 99.9% confidence. Main reasons: reduced average packet size, typical total bytes transferred, typical bytes sent by the source, typical source-to-destination byte ratio. Suggested action: Flag source IP for monitoring; likely pre-attack scanning.",True,True,True,4,4,4,0,0,True,True,1,0,0,3,0,False
48f,44,35839,Unknown,Overlap-Group-1,True,"This flow was flagged as an unrecognized (potential zero-day) pattern with 51.3% confidence. Main reasons: reduced connections to the same service and destination, reduced mean packet size from source, reduced connections to the same service from this source. Suggested action: Unrecognized pattern — escalate to a human analyst for manual review.",True,True,True,3,3,3,0,0,True,True,3,0,0,0,0,False
48f,44,35959,Overlap-Group-1,Overlap-Group-1,False,"This flow was flagged as Overlap-Group-1 with 64.0% confidence. Main reasons: network protocol=bna, reduced average packet size, typical bytes sent by the source, typical mean packet size from source. Suggested action: Flagged as DoS, Backdoor, or Analysis-type behavior — this dataset's flow-level features can't reliably distinguish the three. Escalate for manual / packet-level inspection to determine the specific subtype.",True,True,True,3,3,3,1,1,True,True,0,1,0,2,1,False
48f,44,36197,Overlap-Group-1,Overlap-Group-1,False,"This flow was flagged as Overlap-Group-1 with 71.3% confidence. Main reasons: network protocol=unas, reduced average packet size, typical bytes sent by the source. Suggested action: Flagged as DoS, Backdoor, or Analysis-type behavior — this dataset's flow-level features can't reliably distinguish the three. Escalate for manual / packet-level inspection to determine the specific subtype.",True,True,True,2,2,2,1,1,True,True,0,1,0,1,1,False
48f,44,36446,Exploits,Exploits,False,"This flow was flagged as Exploits with 76.3% confidence. Main reasons: network service=http, reduced connections to the same service and destination, reduced source time-to-live, typical bytes sent by the destination, unusually high destination time-to-live. Suggested action: Isolate the target host and check for unpatched vulnerabilities.",True,True,True,4,4,4,1,1,True,True,2,1,0,1,1,False
48f,44,36524,Generic,Generic,False,"This flow was flagged as Generic with 100.0% confidence. Main reasons: typical total bytes transferred, typical bytes sent by the source, network service=dns, reduced average packet size. Suggested action: Review firewall rules for this flow's protocol/service combination.",True,True,True,3,3,3,1,1,True,True,0,0,1,2,0,False
48f,44,36630,Fuzzers,Fuzzers,False,"This flow was flagged as Fuzzers with 78.1% confidence. Main reasons: typical bytes sent by the destination, elevated source time-to-live, elevated bytes sent by the source. Suggested action: Inspect the application for crash logs; consider input validation hardening.",True,True,True,3,3,3,0,0,True,True,2,0,0,1,0,False
48f,44,36867,Reconnaissance,Reconnaissance,False,"This flow was flagged as Reconnaissance with 97.0% confidence. Main reasons: typical bytes sent by the source, typical total bytes transferred, reduced mean packet size from source, reduced mean packet size from destination. Suggested action: Flag source IP for monitoring; likely pre-attack scanning.",True,True,True,4,4,4,0,0,True,True,2,0,0,2,0,False
48f,44,36967,Overlap-Group-1,Overlap-Group-1,False,"This flow was flagged as Overlap-Group-1 with 63.0% confidence. Main reasons: network protocol=nsfnet-igp, reduced average packet size, typical bytes sent by the source, elevated source time-to-live. Suggested action: Flagged as DoS, Backdoor, or Analysis-type behavior — this dataset's flow-level features can't reliably distinguish the three. Escalate for manual / packet-level inspection to determine the specific subtype.",True,True,True,3,3,3,1,1,True,True,1,1,0,1,1,False
48f,44,36974,Generic,Generic,False,"This flow was flagged as Generic with 100.0% confidence. Main reasons: typical total bytes transferred, typical bytes sent by the source, network service=dns, reduced average packet size. Suggested action: Review firewall rules for this flow's protocol/service combination.",True,True,True,3,3,3,1,1,True,True,0,0,1,2,0,False
48f,44,37186,Generic,Generic,False,"This flow was flagged as Generic with 100.0% confidence. Main reasons: typical total bytes transferred, typical bytes sent by the source, network service=dns, reduced average packet size. Suggested action: Review firewall rules for this flow's protocol/service combination.",True,True,True,3,3,3,1,1,True,True,0,0,1,2,0,False
48f,44,38218,Fuzzers,Fuzzers,False,"This flow was flagged as Fuzzers with 97.8% confidence. Main reasons: typical bytes sent by the destination, elevated source time-to-live, typical bytes sent by the source, reduced mean packet size from destination, reduced mean packet size from source. Suggested action: Inspect the application for crash logs; consider input validation hardening.",True,True,True,5,5,5,0,0,True,True,2,1,0,2,1,False
48f,44,38287,Unknown,Overlap-Group-1,True,"This flow was flagged as an unrecognized (potential zero-day) pattern with 48.4% confidence. Main reasons: reduced mean packet size from source, reduced connections to the same service and destination, typical bytes sent by the source. Suggested action: Unrecognized pattern — escalate to a human analyst for manual review.",True,True,True,3,3,3,0,0,True,True,2,0,0,1,0,False
48f,44,38379,Reconnaissance,Reconnaissance,False,"This flow was flagged as Reconnaissance with 99.8% confidence. Main reasons: reduced average packet size, typical total bytes transferred, typical bytes sent by the source, typical source-to-destination byte ratio, reduced mean packet size from source. Suggested action: Flag source IP for monitoring; likely pre-attack scanning.",True,True,True,5,5,5,0,0,True,True,2,0,0,3,0,False
48f,44,38601,Exploits,Exploits,False,"This flow was flagged as Exploits with 95.8% confidence. Main reasons: reduced connections to the same service and destination, typical total bytes transferred, typical dloss, extremely high mean packet size from destination, reduced source time-to-live. Suggested action: Isolate the target host and check for unpatched vulnerabilities.",True,True,True,5,5,5,0,0,True,True,2,1,0,2,1,False
48f,44,38731,Reconnaissance,Reconnaissance,False,"This flow was flagged as Reconnaissance with 99.8% confidence. Main reasons: reduced average packet size, typical total bytes transferred, reduced connections to the same service and destination, typical bytes sent by the source, typical source-to-destination byte ratio. Suggested action: Flag source IP for monitoring; likely pre-attack scanning.",True,True,True,5,5,5,0,0,True,True,2,0,0,3,0,False
48f,44,39092,Generic,Generic,False,"This flow was flagged as Generic with 99.6% confidence. Main reasons: typical total bytes transferred, typical bytes sent by the source, network service=dns. Suggested action: Review firewall rules for this flow's protocol/service combination.",True,True,True,2,2,2,1,1,True,True,0,0,0,2,0,False
48f,44,39455,Exploits,Exploits,False,"This flow was flagged as Exploits with 95.6% confidence. Main reasons: reduced connections to the same service and destination, typical total bytes transferred, typical bytes sent by the destination, elevated dtcpb. Suggested action: Isolate the target host and check for unpatched vulnerabilities.",True,True,True,4,4,4,0,0,True,True,2,0,0,2,0,False
48f,44,39502,Reconnaissance,Reconnaissance,False,"This flow was flagged as Reconnaissance with 99.4% confidence. Main reasons: typical bytes sent by the source, typical total bytes transferred, reduced mean packet size from source, reduced mean packet size from destination, reduced recent connections between this source and destination. Suggested action: Flag source IP for monitoring; likely pre-attack scanning.",True,True,True,5,5,5,0,0,True,True,3,0,0,2,0,False
48f,44,39716,Unknown,Normal,True,"This flow was flagged as an unrecognized (potential zero-day) pattern with 38.4% confidence. Main reasons: elevated connections to the same service from this source, reduced recent connections from this source, reduced connections to the same service and destination. Suggested action: Unrecognized pattern — escalate to a human analyst for manual review.",True,True,True,3,3,3,0,0,True,True,2,1,0,0,1,False
48f,44,39986,Generic,Generic,False,"This flow was flagged as Generic with 99.8% confidence. Main reasons: typical total bytes transferred, typical bytes sent by the source, network service=dns, reduced average packet size. Suggested action: Review firewall rules for this flow's protocol/service combination.",True,True,True,3,3,3,1,1,True,True,0,0,1,2,0,False
48f,44,40184,Unknown,Fuzzers,True,"This flow was flagged as an unrecognized (potential zero-day) pattern with 43.9% confidence. Main reasons: typical bytes sent by the destination, elevated source time-to-live, network service=-. Suggested action: Unrecognized pattern — escalate to a human analyst for manual review.",True,True,True,2,2,2,1,1,True,True,1,0,0,1,0,False
48f,44,40265,Unknown,Fuzzers,True,"This flow was flagged as an unrecognized (potential zero-day) pattern with 50.4% confidence. Main reasons: elevated source time-to-live, typical source-to-destination byte ratio, reduced recent connections between this source and destination, elevated source-to-destination packet ratio. Suggested action: Unrecognized pattern — escalate to a human analyst for manual review.",True,True,True,4,4,4,0,0,True,True,2,1,0,1,1,False
48f,44,40433,Overlap-Group-1,Overlap-Group-1,False,"This flow was flagged as Overlap-Group-1 with 55.5% confidence. Main reasons: reduced mean packet size from source, typical bytes sent by the source, reduced source time-to-live, reduced destination data load, connection state=FIN. Suggested action: Flagged as DoS, Backdoor, or Analysis-type behavior — this dataset's flow-level features can't reliably distinguish the three. Escalate for manual / packet-level inspection to determine the specific subtype.",True,True,True,4,4,4,1,1,True,True,2,1,0,1,1,False
48f,44,40441,Fuzzers,Fuzzers,False,"This flow was flagged as Fuzzers with 68.2% confidence. Main reasons: elevated source time-to-live, typical bytes sent by the source, elevated source-to-destination packet ratio, reduced recent connections between this source and destination, typical source-to-destination byte ratio. Suggested action: Inspect the application for crash logs; consider input validation hardening.",True,True,True,5,5,5,0,0,True,True,2,1,0,2,1,False
48f,44,40831,Unknown,Overlap-Group-1,True,"This flow was flagged as an unrecognized (potential zero-day) pattern with 49.6% confidence. Main reasons: typical response body len, reduced average packet size, extremely high ct flw http mthd, reduced source time-to-live, reduced mean packet size from source. Suggested action: Unrecognized pattern — escalate to a human analyst for manual review.",True,True,True,5,5,5,0,0,True,True,2,2,0,1,2,False
48f,44,41545,Fuzzers,Fuzzers,False,"This flow was flagged as Fuzzers with 80.0% confidence. Main reasons: elevated source time-to-live, typical bytes sent by the destination, typical bytes sent by the source, reduced average packet size. Suggested action: Inspect the application for crash logs; consider input validation hardening.",True,True,True,4,4,4,0,0,True,True,1,0,1,2,0,False
48f,44,41896,Fuzzers,Fuzzers,False,"This flow was flagged as Fuzzers with 93.8% confidence. Main reasons: typical bytes sent by the destination, typical bytes sent by the source, elevated source time-to-live, network service=-. Suggested action: Inspect the application for crash logs; consider input validation hardening.",True,True,True,3,3,3,1,1,True,True,1,0,0,2,0,False
48f,44,42756,Unknown,Exploits,True,"This flow was flagged as an unrecognized (potential zero-day) pattern with 42.7% confidence. Main reasons: reduced connections to the same service from this source, reduced recent connections between this source and destination, network service=http. Suggested action: Unrecognized pattern — escalate to a human analyst for manual review.",True,True,True,2,2,2,1,1,True,True,2,0,0,0,0,False
48f,44,42792,Unknown,Normal,True,"This flow was flagged as an unrecognized (potential zero-day) pattern with 48.7% confidence. Main reasons: network service=-, elevated mean packet size from source, typical bytes sent by the source. Suggested action: Unrecognized pattern — escalate to a human analyst for manual review.",True,True,True,2,2,2,1,1,True,True,0,1,0,1,1,False
48f,44,42810,Unknown,Fuzzers,True,"This flow was flagged as an unrecognized (potential zero-day) pattern with 49.6% confidence. Main reasons: elevated source time-to-live, typical bytes sent by the source, typical recent connections between this source and destination, typical connections to the same service and destination, elevated mean packet size from source. Suggested action: Unrecognized pattern — escalate to a human analyst for manual review.",True,True,True,5,5,5,0,0,True,True,2,0,0,3,0,False
48f,44,44267,Normal,Normal,False,"This flow was flagged as Normal with 64.0% confidence. Main reasons: reduced mean packet size from source, reduced connections to the same service and destination, reduced average packet size, typical bytes sent by the source. Suggested action: No action required.",True,True,True,4,4,4,0,0,True,True,1,2,0,1,2,False
48f,44,45068,Unknown,Fuzzers,True,"This flow was flagged as an unrecognized (potential zero-day) pattern with 47.9% confidence. Main reasons: elevated source time-to-live, reduced average packet size, reduced mean packet size from source. Suggested action: Unrecognized pattern — escalate to a human analyst for manual review.",True,True,True,3,3,3,0,0,True,True,1,1,1,0,1,False
48f,44,45081,Unknown,Fuzzers,True,"This flow was flagged as an unrecognized (potential zero-day) pattern with 53.1% confidence. Main reasons: elevated source time-to-live, reduced average packet size, reduced mean packet size from source. Suggested action: Unrecognized pattern — escalate to a human analyst for manual review.",True,True,True,3,3,3,0,0,True,True,1,1,1,0,1,False
48f,44,45288,Normal,Normal,False,"This flow was flagged as Normal with 96.5% confidence. Main reasons: typical connections to the same service and destination, typical bytes sent by the source, typical bytes sent by the destination, typical recent connections between this source and destination. Suggested action: No action required.",True,True,True,4,4,4,0,0,True,True,0,0,0,4,0,False
48f,44,45376,Unknown,Normal,True,"This flow was flagged as an unrecognized (potential zero-day) pattern with 53.0% confidence. Main reasons: typical connections to the same service and destination, typical recent connections between this source and destination, typical bytes sent by the source, typical recent connections to this destination from the same source port. Suggested action: Unrecognized pattern — escalate to a human analyst for manual review.",True,True,True,4,4,4,0,0,True,True,0,0,0,4,0,False
48f,44,45458,Fuzzers,Fuzzers,False,"This flow was flagged as Fuzzers with 64.8% confidence. Main reasons: elevated source time-to-live, typical bytes sent by the source, reduced mean packet size from source, reduced recent connections between this source and destination. Suggested action: Inspect the application for crash logs; consider input validation hardening.",True,True,True,4,4,4,0,0,True,True,1,2,0,1,2,False
48f,44,45904,Unknown,Normal,True,"This flow was flagged as an unrecognized (potential zero-day) pattern with 53.2% confidence. Main reasons: typical connections to the same service and destination, typical recent connections between this source and destination, reduced average packet size. Suggested action: Unrecognized pattern — escalate to a human analyst for manual review.",True,True,True,3,3,3,0,0,True,True,0,1,0,2,1,False
48f,44,46585,Fuzzers,Fuzzers,False,"This flow was flagged as Fuzzers with 76.9% confidence. Main reasons: typical bytes sent by the destination, elevated source time-to-live, typical total packets transferred. Suggested action: Inspect the application for crash logs; consider input validation hardening.",True,True,True,3,3,3,0,0,True,True,1,0,0,2,0,False
48f,44,46928,Unknown,Overlap-Group-1,True,"This flow was flagged as an unrecognized (potential zero-day) pattern with 39.3% confidence. Main reasons: reduced connections to the same service and destination, reduced connections to the same service from this source, reduced recent connections between this source and destination. Suggested action: Unrecognized pattern — escalate to a human analyst for manual review.",True,True,True,3,3,3,0,0,True,True,3,0,0,0,0,False
48f,44,47116,Fuzzers,Fuzzers,False,"This flow was flagged as Fuzzers with 77.0% confidence. Main reasons: typical bytes sent by the destination, elevated source time-to-live, typical bytes sent by the source, typical total packets transferred. Suggested action: Inspect the application for crash logs; consider input validation hardening.",True,True,True,4,4,4,0,0,True,True,1,0,0,3,0,False
48f,44,47588,Fuzzers,Fuzzers,False,"This flow was flagged as Fuzzers with 94.6% confidence. Main reasons: typical bytes sent by the destination, elevated source time-to-live, reduced mean packet size from destination, typical bytes sent by the source, typical mean packet size from source. Suggested action: Inspect the application for crash logs; consider input validation hardening.",True,True,True,5,5,5,0,0,True,True,2,0,0,3,0,False
48f,44,47704,Unknown,Normal,True,"This flow was flagged as an unrecognized (potential zero-day) pattern with 49.0% confidence. Main reasons: typical bytes sent by the destination, reduced connections to the same service and destination, typical bytes sent by the source. Suggested action: Unrecognized pattern — escalate to a human analyst for manual review.",True,True,True,3,3,3,0,0,True,True,0,1,0,2,1,False
48f,44,47866,Unknown,Normal,True,"This flow was flagged as an unrecognized (potential zero-day) pattern with 47.2% confidence. Main reasons: typical connections to the same service and destination, typical bytes sent by the destination, typical bytes sent by the source, typical recent connections between this source and destination. Suggested action: Unrecognized pattern — escalate to a human analyst for manual review.",True,True,True,4,4,4,0,0,True,True,0,0,0,4,0,False
48f,44,48032,Unknown,Normal,True,"This flow was flagged as an unrecognized (potential zero-day) pattern with 51.1% confidence. Main reasons: typical bytes sent by the destination, typical response body len, typical connections to the same service and destination, typical bytes sent by the source. Suggested action: Unrecognized pattern — escalate to a human analyst for manual review.",True,True,True,4,4,4,0,0,True,True,0,0,0,4,0,False
48f,44,48074,Unknown,Overlap-Group-1,True,"This flow was flagged as an unrecognized (potential zero-day) pattern with 43.6% confidence. Main reasons: typical response body len, extremely high ct flw http mthd, reduced average packet size, reduced source time-to-live. Suggested action: Unrecognized pattern — escalate to a human analyst for manual review.",True,True,True,4,4,4,0,0,True,True,1,2,0,1,2,False
48f,44,48136,Unknown,Overlap-Group-1,True,"This flow was flagged as an unrecognized (potential zero-day) pattern with 52.6% confidence. Main reasons: reduced average packet size, typical response body len, reduced source time-to-live, network service=http. Suggested action: Unrecognized pattern — escalate to a human analyst for manual review.",True,True,True,3,3,3,1,1,True,True,0,2,0,1,2,False
48f,44,48687,Overlap-Group-1,Overlap-Group-1,False,"This flow was flagged as Overlap-Group-1 with 54.3% confidence. Main reasons: typical response body len, extremely high ct flw http mthd, reduced average packet size, reduced source time-to-live. Suggested action: Flagged as DoS, Backdoor, or Analysis-type behavior — this dataset's flow-level features can't reliably distinguish the three. Escalate for manual / packet-level inspection to determine the specific subtype.",True,True,True,4,4,4,0,0,True,True,1,2,0,1,2,False
48f,44,49437,Unknown,Normal,True,"This flow was flagged as an unrecognized (potential zero-day) pattern with 50.8% confidence. Main reasons: extremely high recent connections to this destination, typical connections to the same service and destination, typical source-to-destination byte ratio. Suggested action: Unrecognized pattern — escalate to a human analyst for manual review.",True,True,True,3,3,3,0,0,True,True,0,1,0,2,1,False
48f,44,49657,Fuzzers,Fuzzers,False,"This flow was flagged as Fuzzers with 58.9% confidence. Main reasons: elevated source time-to-live, reduced mean packet size from source, reduced average packet size, typical recent connections between this source and destination, elevated recent connections from this source to the same destination port. Suggested action: Inspect the application for crash logs; consider input validation hardening.",True,True,True,5,5,5,0,0,True,True,2,1,1,1,1,False
48f,44,49779,Fuzzers,Fuzzers,False,"This flow was flagged as Fuzzers with 66.6% confidence. Main reasons: elevated source time-to-live, reduced mean packet size from source, network protocol=udp, network service=-. Suggested action: Inspect the application for crash logs; consider input validation hardening.",True,True,True,2,2,2,2,2,True,True,1,1,0,0,1,False
48f,44,50107,Unknown,Normal,True,"This flow was flagged as an unrecognized (potential zero-day) pattern with 50.8% confidence. Main reasons: typical connections to the same service and destination, typical recent connections between this source and destination, reduced average packet size, reduced mean packet size from source. Suggested action: Unrecognized pattern — escalate to a human analyst for manual review.",True,True,True,4,4,4,0,0,True,True,1,1,0,2,1,False
48f,44,51049,Fuzzers,Fuzzers,False,"This flow was flagged as Fuzzers with 61.8% confidence. Main reasons: elevated source time-to-live, reduced average packet size, reduced mean packet size from source, typical recent connections between this source and destination. Suggested action: Inspect the application for crash logs; consider input validation hardening.",True,True,True,4,4,4,0,0,True,True,1,1,1,1,1,False
48f,44,51085,Fuzzers,Fuzzers,False,"This flow was flagged as Fuzzers with 59.3% confidence. Main reasons: elevated source time-to-live, network protocol=udp, typical recent connections between this source and destination, reduced average packet size. Suggested action: Inspect the application for crash logs; consider input validation hardening.",True,True,True,3,3,3,1,1,True,True,1,0,1,1,0,False
48f,44,51190,Unknown,Fuzzers,True,"This flow was flagged as an unrecognized (potential zero-day) pattern with 51.5% confidence. Main reasons: elevated source time-to-live, typical total bytes transferred, typical recent connections between this source and destination, network protocol=udp. Suggested action: Unrecognized pattern — escalate to a human analyst for manual review.",True,True,True,3,3,3,1,1,True,True,1,0,0,2,0,False
48f,44,51322,Unknown,Fuzzers,True,"This flow was flagged as an unrecognized (potential zero-day) pattern with 51.6% confidence. Main reasons: elevated source time-to-live, typical bytes sent by the source, typical connections to the same service and destination. Suggested action: Unrecognized pattern — escalate to a human analyst for manual review.",True,True,True,3,3,3,0,0,True,True,1,0,0,2,0,False
48f,44,51512,Unknown,Normal,True,"This flow was flagged as an unrecognized (potential zero-day) pattern with 53.5% confidence. Main reasons: unusually high connections to the same service and destination, reduced mean packet size from source, reduced average packet size, typical recent connections between this source and destination. Suggested action: Unrecognized pattern — escalate to a human analyst for manual review.",True,True,True,4,4,4,0,0,True,True,2,1,0,1,1,False
48f,44,51993,Unknown,Exploits,True,"This flow was flagged as an unrecognized (potential zero-day) pattern with 49.5% confidence. Main reasons: reduced connections to the same service and destination, typical total bytes transferred, reduced recent connections between this source and destination. Suggested action: Unrecognized pattern — escalate to a human analyst for manual review.",True,True,True,3,3,3,0,0,True,True,2,0,0,1,0,False
48f,44,52405,Unknown,Fuzzers,True,"This flow was flagged as an unrecognized (potential zero-day) pattern with 53.0% confidence. Main reasons: elevated source time-to-live, typical connections to the same service and destination, typical recent connections between this source and destination, elevated source-to-destination packet ratio. Suggested action: Unrecognized pattern — escalate to a human analyst for manual review.",True,True,True,4,4,4,0,0,True,True,2,0,0,2,0,False
48f,44,52832,Unknown,Exploits,True,"This flow was flagged as an unrecognized (potential zero-day) pattern with 40.3% confidence. Main reasons: reduced connections to the same service and destination, typical total bytes transferred. Suggested action: Unrecognized pattern — escalate to a human analyst for manual review.",True,True,True,2,2,2,0,0,True,True,1,0,0,1,0,False
48f,44,53076,Normal,Normal,False,"This flow was flagged as Normal with 63.0% confidence. Main reasons: reduced mean packet size from source, reduced connections to the same service and destination, reduced average packet size, typical bytes sent by the source. Suggested action: No action required.",True,True,True,4,4,4,0,0,True,True,1,2,0,1,2,False
48f,44,53167,Normal,Normal,False,"This flow was flagged as Normal with 99.5% confidence. Main reasons: extremely high connections with the same state and TTL, typical connections to the same service and destination, reduced average packet size, typical sloss. Suggested action: No action required.",True,True,True,4,4,4,0,0,True,True,0,2,0,2,2,False
48f,44,54520,Fuzzers,Fuzzers,False,"This flow was flagged as Fuzzers with 96.4% confidence. Main reasons: typical bytes sent by the source, elevated source time-to-live, network service=-, typical source jitter, reduced mean packet size from source. Suggested action: Inspect the application for crash logs; consider input validation hardening.",True,True,True,4,4,4,1,1,True,True,1,1,0,2,1,False
48f,44,54839,Fuzzers,Fuzzers,False,"This flow was flagged as Fuzzers with 61.5% confidence. Main reasons: typical mean packet size from source, elevated source time-to-live, network service=-. Suggested action: Inspect the application for crash logs; consider input validation hardening.",True,True,True,2,2,2,1,1,True,True,1,0,0,1,0,False
48f,44,54851,Unknown,Fuzzers,True,"This flow was flagged as an unrecognized (potential zero-day) pattern with 44.1% confidence. Main reasons: reduced mean packet size from source, elevated source time-to-live, network service=-, network protocol=udp. Suggested action: Unrecognized pattern — escalate to a human analyst for manual review.",True,True,True,2,2,2,2,2,True,True,1,1,0,0,1,False
48f,44,54891,Exploits,Exploits,False,"This flow was flagged as Exploits with 93.7% confidence. Main reasons: reduced connections to the same service and destination, typical bytes sent by the source, reduced average packet size, reduced recent connections between this source and destination, typical total bytes transferred. Suggested action: Isolate the target host and check for unpatched vulnerabilities.",True,True,True,5,5,5,0,0,True,True,2,1,0,2,1,False
48f,44,55272,Exploits,Exploits,False,"This flow was flagged as Exploits with 65.4% confidence. Main reasons: reduced connections to the same service and destination, reduced recent connections between this source and destination, reduced average packet size. Suggested action: Isolate the target host and check for unpatched vulnerabilities.",True,True,True,3,3,3,0,0,True,True,2,1,0,0,1,False
48f,44,55328,Fuzzers,Fuzzers,False,"This flow was flagged as Fuzzers with 65.3% confidence. Main reasons: typical mean packet size from source, elevated source time-to-live, network service=-, typical total bytes transferred. Suggested action: Inspect the application for crash logs; consider input validation hardening.",True,True,True,3,3,3,1,1,True,True,1,0,0,2,0,False
48f,44,55368,Unknown,Exploits,True,"This flow was flagged as an unrecognized (potential zero-day) pattern with 52.8% confidence. Main reasons: reduced destination data load, reduced recent connections between this source and destination. Suggested action: Unrecognized pattern — escalate to a human analyst for manual review.",True,True,True,2,2,2,0,0,True,True,2,0,0,0,0,False
48f,44,55399,Overlap-Group-1,Overlap-Group-1,False,"This flow was flagged as Overlap-Group-1 with 62.3% confidence. Main reasons: reduced connections to the same service and destination, reduced recent connections between this source and destination, reduced destination data load, typical dinpkt. Suggested action: Flagged as DoS, Backdoor, or Analysis-type behavior — this dataset's flow-level features can't reliably distinguish the three. Escalate for manual / packet-level inspection to determine the specific subtype.",True,True,True,4,4,4,0,0,True,True,3,0,0,1,0,False
48f,44,55946,Unknown,Overlap-Group-1,True,"This flow was flagged as an unrecognized (potential zero-day) pattern with 45.7% confidence. Main reasons: reduced connections to the same service and destination, typical average packet size, reduced recent connections between this source and destination, typical bytes sent by the source. Suggested action: Unrecognized pattern — escalate to a human analyst for manual review.",True,True,True,4,4,4,0,0,True,True,2,0,0,2,0,False
48f,44,56011,Exploits,Exploits,False,"This flow was flagged as Exploits with 86.2% confidence. Main reasons: reduced connections to the same service and destination, reduced recent connections between this source and destination, typical total bytes transferred, typical flow duration. Suggested action: Isolate the target host and check for unpatched vulnerabilities.",True,True,True,4,4,4,0,0,True,True,2,0,0,2,0,False
48f,44,56071,Unknown,Normal,True,This flow was flagged as an unrecognized (potential zero-day) pattern with 46.2% confidence. Main reasons: reduced connections to the same service and destination. Suggested action: Unrecognized pattern — escalate to a human analyst for manual review.,True,True,True,1,1,1,0,0,True,True,0,1,0,0,1,False
48f,44,56151,Unknown,Overlap-Group-1,True,"This flow was flagged as an unrecognized (potential zero-day) pattern with 47.3% confidence. Main reasons: reduced connections to the same service and destination, typical average packet size, reduced recent connections between this source and destination, typical bytes sent by the source. Suggested action: Unrecognized pattern — escalate to a human analyst for manual review.",True,True,True,4,4,4,0,0,True,True,2,0,0,2,0,False
48f,45,331,Overlap-Group-1,Overlap-Group-1,False,"This flow was flagged as Overlap-Group-1 with 65.5% confidence. Main reasons: reduced source time-to-live, typical response body len, reduced average packet size, reduced connections to the same service and destination, typical total bytes transferred. Suggested action: Flagged as DoS, Backdoor, or Analysis-type behavior — this dataset's flow-level features can't reliably distinguish the three. Escalate for manual / packet-level inspection to determine the specific subtype.",True,True,True,5,5,5,0,0,True,True,1,2,0,2,2,False
48f,45,757,Overlap-Group-1,Overlap-Group-1,False,"This flow was flagged as Overlap-Group-1 with 83.2% confidence. Main reasons: typical sloss, unusually high source time-to-live, reduced connections to the same service and destination, typical response body len. Suggested action: Flagged as DoS, Backdoor, or Analysis-type behavior — this dataset's flow-level features can't reliably distinguish the three. Escalate for manual / packet-level inspection to determine the specific subtype.",True,True,True,4,4,4,0,0,True,True,2,0,0,2,0,False
48f,45,1159,Unknown,Overlap-Group-1,True,"This flow was flagged as an unrecognized (potential zero-day) pattern with 35.9% confidence. Main reasons: reduced connections to the same service and destination, network protocol=sctp, unusually high source time-to-live, reduced connections to the same service from this source. Suggested action: Unrecognized pattern — escalate to a human analyst for manual review.",True,True,True,3,3,3,1,1,True,True,3,0,0,0,0,False
48f,45,1356,Unknown,Overlap-Group-1,True,"This flow was flagged as an unrecognized (potential zero-day) pattern with 48.0% confidence. Main reasons: network protocol=leaf-1, reduced average packet size, unusually high source time-to-live, typical bytes sent by the source. Suggested action: Unrecognized pattern — escalate to a human analyst for manual review.",True,True,True,3,3,3,1,1,True,True,1,1,0,1,1,False
48f,45,1590,Overlap-Group-1,Overlap-Group-1,False,"This flow was flagged as Overlap-Group-1 with 60.0% confidence. Main reasons: network protocol=ddp, reduced average packet size, typical bytes sent by the source, unusually high source time-to-live. Suggested action: Flagged as DoS, Backdoor, or Analysis-type behavior — this dataset's flow-level features can't reliably distinguish the three. Escalate for manual / packet-level inspection to determine the specific subtype.",True,True,True,3,3,3,1,1,True,True,1,1,0,1,1,False
48f,45,1601,Overlap-Group-1,Overlap-Group-1,False,"This flow was flagged as Overlap-Group-1 with 91.4% confidence. Main reasons: network protocol=unas, unusually high recent connections from this source, reduced average packet size, typical bytes sent by the source, unusually high source time-to-live. Suggested action: Flagged as DoS, Backdoor, or Analysis-type behavior — this dataset's flow-level features can't reliably distinguish the three. Escalate for manual / packet-level inspection to determine the specific subtype.",True,True,True,4,4,4,1,1,True,True,1,2,0,1,2,False
48f,45,1887,Overlap-Group-1,Overlap-Group-1,False,"This flow was flagged as Overlap-Group-1 with 86.3% confidence. Main reasons: network protocol=unas, elevated recent connections from this source, reduced average packet size, typical bytes sent by the source, unusually high source time-to-live. Suggested action: Flagged as DoS, Backdoor, or Analysis-type behavior — this dataset's flow-level features can't reliably distinguish the three. Escalate for manual / packet-level inspection to determine the specific subtype.",True,True,True,4,4,4,1,1,True,True,1,2,0,1,2,False
48f,45,1930,Overlap-Group-1,Overlap-Group-1,False,"This flow was flagged as Overlap-Group-1 with 92.6% confidence. Main reasons: network protocol=unas, unusually high recent connections from this source, reduced average packet size, typical bytes sent by the source, unusually high source time-to-live. Suggested action: Flagged as DoS, Backdoor, or Analysis-type behavior — this dataset's flow-level features can't reliably distinguish the three. Escalate for manual / packet-level inspection to determine the specific subtype.",True,True,True,4,4,4,1,1,True,True,1,2,0,1,2,False
48f,45,2127,Overlap-Group-1,Overlap-Group-1,False,"This flow was flagged as Overlap-Group-1 with 96.1% confidence. Main reasons: network protocol=unas, extremely high recent connections from this source, reduced average packet size, elevated recent connections to this destination, unusually high recent connections to this destination from the same source port. Suggested action: Flagged as DoS, Backdoor, or Analysis-type behavior — this dataset's flow-level features can't reliably distinguish the three. Escalate for manual / packet-level inspection to determine the specific subtype.",True,True,True,4,4,4,1,1,True,True,2,2,0,0,2,False
48f,45,2195,Overlap-Group-1,Overlap-Group-1,False,"This flow was flagged as Overlap-Group-1 with 62.7% confidence. Main reasons: network protocol=sps, reduced average packet size, typical bytes sent by the source, unusually high source time-to-live. Suggested action: Flagged as DoS, Backdoor, or Analysis-type behavior — this dataset's flow-level features can't reliably distinguish the three. Escalate for manual / packet-level inspection to determine the specific subtype.",True,True,True,3,3,3,1,1,True,True,1,1,0,1,1,False
48f,45,2414,Reconnaissance,Reconnaissance,False,"This flow was flagged as Reconnaissance with 99.8% confidence. Main reasons: reduced average packet size, reduced mean packet size from destination, typical bytes sent by the source, reduced connections to the same service from this source, typical source jitter. Suggested action: Flag source IP for monitoring; likely pre-attack scanning.",True,True,True,5,5,5,0,0,True,True,3,0,0,2,0,False
48f,45,2574,Overlap-Group-1,Overlap-Group-1,False,"This flow was flagged as Overlap-Group-1 with 92.7% confidence. Main reasons: network protocol=unas, unusually high recent connections from this source, reduced average packet size, typical bytes sent by the source, unusually high source time-to-live. Suggested action: Flagged as DoS, Backdoor, or Analysis-type behavior — this dataset's flow-level features can't reliably distinguish the three. Escalate for manual / packet-level inspection to determine the specific subtype.",True,True,True,4,4,4,1,1,True,True,1,2,0,1,2,False
48f,45,2651,Overlap-Group-1,Overlap-Group-1,False,"This flow was flagged as Overlap-Group-1 with 58.7% confidence. Main reasons: reduced source time-to-live, typical response body len, reduced average packet size, reduced connections to the same service and destination, reduced destination data load. Suggested action: Flagged as DoS, Backdoor, or Analysis-type behavior — this dataset's flow-level features can't reliably distinguish the three. Escalate for manual / packet-level inspection to determine the specific subtype.",True,True,True,5,5,5,0,0,True,True,2,2,0,1,2,False
48f,45,2803,Overlap-Group-1,Overlap-Group-1,False,"This flow was flagged as Overlap-Group-1 with 89.7% confidence. Main reasons: network protocol=etherip, unusually high recent connections from this source, reduced average packet size, typical bytes sent by the source, unusually high source time-to-live. Suggested action: Flagged as DoS, Backdoor, or Analysis-type behavior — this dataset's flow-level features can't reliably distinguish the three. Escalate for manual / packet-level inspection to determine the specific subtype.",True,True,True,4,4,4,1,1,True,True,1,2,0,1,2,False
48f,45,3045,Exploits,Exploits,False,"This flow was flagged as Exploits with 97.5% confidence. Main reasons: unusually high destination time-to-live, reduced source time-to-live, typical total bytes transferred, reduced connections to the same service and destination, typical bytes sent by the destination. Suggested action: Isolate the target host and check for unpatched vulnerabilities.",True,True,True,5,5,5,0,0,True,True,2,1,0,2,1,False
48f,45,3063,Overlap-Group-1,Overlap-Group-1,False,"This flow was flagged as Overlap-Group-1 with 58.3% confidence. Main reasons: typical response body len, reduced average packet size, reduced source time-to-live, reduced connections to the same service and destination, typical source jitter. Suggested action: Flagged as DoS, Backdoor, or Analysis-type behavior — this dataset's flow-level features can't reliably distinguish the three. Escalate for manual / packet-level inspection to determine the specific subtype.",True,True,True,5,5,5,0,0,True,True,1,2,0,2,2,False
48f,45,3806,Unknown,Exploits,True,"This flow was flagged as an unrecognized (potential zero-day) pattern with 40.2% confidence. Main reasons: reduced connections to the same service and destination, unusually high destination time-to-live, reduced recent connections between this source and destination. Suggested action: Unrecognized pattern — escalate to a human analyst for manual review.",True,True,True,3,3,3,0,0,True,True,3,0,0,0,0,False
48f,45,3818,Reconnaissance,Reconnaissance,False,"This flow was flagged as Reconnaissance with 99.9% confidence. Main reasons: reduced average packet size, reduced mean packet size from destination, typical bytes sent by the source, typical source-to-destination byte ratio. Suggested action: Flag source IP for monitoring; likely pre-attack scanning.",True,True,True,4,4,4,0,0,True,True,2,0,0,2,0,False
48f,45,4029,Reconnaissance,Reconnaissance,False,"This flow was flagged as Reconnaissance with 98.7% confidence. Main reasons: typical bytes sent by the source, reduced mean packet size from source, reduced average packet size, reduced mean packet size from destination, typical total bytes transferred. Suggested action: Flag source IP for monitoring; likely pre-attack scanning.",True,True,True,5,5,5,0,0,True,True,3,0,0,2,0,False
48f,45,4147,Reconnaissance,Reconnaissance,False,"This flow was flagged as Reconnaissance with 99.7% confidence. Main reasons: reduced average packet size, typical bytes sent by the source, reduced mean packet size from destination, typical source-to-destination byte ratio, typical total bytes transferred. Suggested action: Flag source IP for monitoring; likely pre-attack scanning.",True,True,True,5,5,5,0,0,True,True,2,0,0,3,0,False
48f,45,4173,Reconnaissance,Reconnaissance,False,"This flow was flagged as Reconnaissance with 99.7% confidence. Main reasons: reduced average packet size, typical bytes sent by the source, typical source-to-destination byte ratio, reduced mean packet size from destination, typical total bytes transferred. Suggested action: Flag source IP for monitoring; likely pre-attack scanning.",True,True,True,5,5,5,0,0,True,True,2,0,0,3,0,False
48f,45,4652,Reconnaissance,Reconnaissance,False,"This flow was flagged as Reconnaissance with 52.0% confidence. Main reasons: reduced mean packet size from destination, network service=http, reduced recent connections between this source and destination, unusually high dtcpb, reduced mean packet size from source. Suggested action: Flag source IP for monitoring; likely pre-attack scanning.",True,True,True,4,4,4,1,1,True,True,4,0,0,0,0,False
48f,45,4857,Reconnaissance,Reconnaissance,False,"This flow was flagged as Reconnaissance with 99.9% confidence. Main reasons: reduced average packet size, typical bytes sent by the source, reduced mean packet size from destination, reduced mean packet size from source, typical total bytes transferred. Suggested action: Flag source IP for monitoring; likely pre-attack scanning.",True,True,True,5,5,5,0,0,True,True,3,0,0,2,0,False
48f,45,5075,Reconnaissance,Reconnaissance,False,"This flow was flagged as Reconnaissance with 48.8% confidence. Main reasons: reduced mean packet size from destination, network service=http, reduced SYN-ACK handshake time, reduced recent connections between this source and destination, reduced connections to the same service from this source. Suggested action: Flag source IP for monitoring; likely pre-attack scanning.",True,True,True,4,4,4,1,1,True,True,4,0,0,0,0,False
48f,45,5554,Exploits,Exploits,False,"This flow was flagged as Exploits with 97.1% confidence. Main reasons: reduced source time-to-live, reduced connections to the same service and destination, unusually high destination time-to-live, network service=smtp, extremely high average packet size. Suggested action: Isolate the target host and check for unpatched vulnerabilities.",True,True,True,4,4,4,1,1,True,True,3,1,0,0,1,False
48f,45,6305,Reconnaissance,Reconnaissance,False,"This flow was flagged as Reconnaissance with 97.8% confidence. Main reasons: typical bytes sent by the source, reduced mean packet size from source, reduced mean packet size from destination, reduced average packet size. Suggested action: Flag source IP for monitoring; likely pre-attack scanning.",True,True,True,4,4,4,0,0,True,True,3,0,0,1,0,False
48f,45,6381,Reconnaissance,Reconnaissance,False,"This flow was flagged as Reconnaissance with 69.4% confidence. Main reasons: reduced mean packet size from destination, reduced mean packet size from source, network service=http, reduced recent connections between this source and destination, reduced connections to the same service from this source. Suggested action: Flag source IP for monitoring; likely pre-attack scanning.",True,True,True,4,4,4,1,1,True,True,4,0,0,0,0,False
48f,45,6423,Unknown,Overlap-Group-1,True,"This flow was flagged as an unrecognized (potential zero-day) pattern with 43.0% confidence. Main reasons: unusually high source time-to-live, reduced average packet size, typical bytes sent by the destination. Suggested action: Unrecognized pattern — escalate to a human analyst for manual review.",True,True,True,3,3,3,0,0,True,True,1,1,0,1,1,False
48f,45,6564,Reconnaissance,Reconnaissance,False,"This flow was flagged as Reconnaissance with 99.7% confidence. Main reasons: reduced average packet size, typical bytes sent by the source, reduced mean packet size from destination, typical source-to-destination byte ratio, typical source jitter. Suggested action: Flag source IP for monitoring; likely pre-attack scanning.",True,True,True,5,5,5,0,0,True,True,2,0,0,3,0,False
48f,45,7315,Generic,Generic,False,"This flow was flagged as Generic with 100.0% confidence. Main reasons: typical total bytes transferred, extremely high recent connections to this destination from the same source port, typical bytes sent by the source, network service=dns. Suggested action: Review firewall rules for this flow's protocol/service combination.",True,True,True,3,3,3,1,1,True,True,1,0,0,2,0,False
48f,45,7718,Generic,Generic,False,"This flow was flagged as Generic with 100.0% confidence. Main reasons: typical total bytes transferred, typical bytes sent by the source, network service=dns, extremely high recent connections to this destination from the same source port, reduced average packet size. Suggested action: Review firewall rules for this flow's protocol/service combination.",True,True,True,4,4,4,1,1,True,True,1,1,0,2,1,False
48f,45,7856,Generic,Generic,False,"This flow was flagged as Generic with 100.0% confidence. Main reasons: typical total bytes transferred, typical bytes sent by the source, network service=dns, unusually high recent connections to this destination from the same source port, reduced average packet size. Suggested action: Review firewall rules for this flow's protocol/service combination.",True,True,True,4,4,4,1,1,True,True,1,1,0,2,1,False
48f,45,7864,Generic,Generic,False,"This flow was flagged as Generic with 100.0% confidence. Main reasons: typical total bytes transferred, extremely high recent connections to this destination from the same source port, typical bytes sent by the source, network service=dns, reduced average packet size. Suggested action: Review firewall rules for this flow's protocol/service combination.",True,True,True,4,4,4,1,1,True,True,1,1,0,2,1,False
48f,45,7933,Generic,Generic,False,"This flow was flagged as Generic with 100.0% confidence. Main reasons: typical total bytes transferred, extremely high recent connections to this destination from the same source port, typical bytes sent by the source, network service=dns. Suggested action: Review firewall rules for this flow's protocol/service combination.",True,True,True,3,3,3,1,1,True,True,1,0,0,2,0,False
48f,45,8008,Generic,Generic,False,"This flow was flagged as Generic with 100.0% confidence. Main reasons: typical total bytes transferred, typical bytes sent by the source, network service=dns, unusually high recent connections to this destination from the same source port, reduced average packet size. Suggested action: Review firewall rules for this flow's protocol/service combination.",True,True,True,4,4,4,1,1,True,True,1,1,0,2,1,False
48f,45,8035,Generic,Generic,False,"This flow was flagged as Generic with 100.0% confidence. Main reasons: typical total bytes transferred, typical bytes sent by the source, extremely high recent connections to this destination from the same source port, network service=dns, reduced average packet size. Suggested action: Review firewall rules for this flow's protocol/service combination.",True,True,True,4,4,4,1,1,True,True,1,1,0,2,1,False
48f,45,8045,Generic,Generic,False,"This flow was flagged as Generic with 100.0% confidence. Main reasons: typical total bytes transferred, extremely high recent connections to this destination from the same source port, typical bytes sent by the source, network service=dns. Suggested action: Review firewall rules for this flow's protocol/service combination.",True,True,True,3,3,3,1,1,True,True,1,0,0,2,0,False
48f,45,8066,Generic,Generic,False,"This flow was flagged as Generic with 100.0% confidence. Main reasons: typical total bytes transferred, extremely high recent connections to this destination from the same source port, typical bytes sent by the source, network service=dns, reduced average packet size. Suggested action: Review firewall rules for this flow's protocol/service combination.",True,True,True,4,4,4,1,1,True,True,1,1,0,2,1,False
48f,45,8222,Generic,Generic,False,"This flow was flagged as Generic with 100.0% confidence. Main reasons: typical total bytes transferred, extremely high recent connections to this destination from the same source port, typical bytes sent by the source, network service=dns. Suggested action: Review firewall rules for this flow's protocol/service combination.",True,True,True,3,3,3,1,1,True,True,1,0,0,2,0,False
48f,45,8390,Generic,Generic,False,"This flow was flagged as Generic with 100.0% confidence. Main reasons: typical total bytes transferred, extremely high recent connections to this destination from the same source port, typical bytes sent by the source, network service=dns, reduced average packet size. Suggested action: Review firewall rules for this flow's protocol/service combination.",True,True,True,4,4,4,1,1,True,True,1,1,0,2,1,False
48f,45,9195,Normal,Normal,False,"This flow was flagged as Normal with 100.0% confidence. Main reasons: reduced source time-to-live, unusually high connections to the same service from this source, reduced connections with the same state and TTL, elevated connections to the same service and destination. Suggested action: No action required.",True,True,True,4,4,4,0,0,True,True,4,0,0,0,0,False
48f,45,10088,Normal,Normal,False,"This flow was flagged as Normal with 100.0% confidence. Main reasons: reduced source time-to-live, reduced connections with the same state and TTL, elevated connections to the same service and destination, elevated connections to the same service from this source. Suggested action: No action required.",True,True,True,4,4,4,0,0,True,True,4,0,0,0,0,False
48f,45,12007,Normal,Normal,False,"This flow was flagged as Normal with 100.0% confidence. Main reasons: reduced source time-to-live, reduced connections with the same state and TTL, unusually high connections to the same service from this source, typical connections to the same service and destination. Suggested action: No action required.",True,True,True,4,4,4,0,0,True,True,3,0,0,1,0,False
48f,45,12181,Normal,Normal,False,"This flow was flagged as Normal with 100.0% confidence. Main reasons: reduced source time-to-live, reduced connections with the same state and TTL, unusually high connections to the same service and destination, elevated connections to the same service from this source. Suggested action: No action required.",True,True,True,4,4,4,0,0,True,True,4,0,0,0,0,False
48f,45,12341,Normal,Normal,False,"This flow was flagged as Normal with 100.0% confidence. Main reasons: reduced source time-to-live, reduced connections with the same state and TTL. Suggested action: No action required.",True,True,True,2,2,2,0,0,True,True,2,0,0,0,0,False
48f,45,12391,Normal,Normal,False,"This flow was flagged as Normal with 100.0% confidence. Main reasons: reduced source time-to-live, reduced connections with the same state and TTL, elevated connections to the same service and destination. Suggested action: No action required.",True,True,True,3,3,3,0,0,True,True,3,0,0,0,0,False
48f,45,12538,Normal,Normal,False,"This flow was flagged as Normal with 100.0% confidence. Main reasons: reduced source time-to-live, reduced connections with the same state and TTL. Suggested action: No action required.",True,True,True,2,2,2,0,0,True,True,2,0,0,0,0,False
48f,45,14079,Normal,Normal,False,"This flow was flagged as Normal with 100.0% confidence. Main reasons: reduced source time-to-live, reduced connections with the same state and TTL, elevated connections to the same service and destination, elevated connections to the same service from this source. Suggested action: No action required.",True,True,True,4,4,4,0,0,True,True,4,0,0,0,0,False
48f,45,15617,Normal,Normal,False,"This flow was flagged as Normal with 100.0% confidence. Main reasons: reduced source time-to-live, reduced connections with the same state and TTL, unusually high connections to the same service and destination. Suggested action: No action required.",True,True,True,3,3,3,0,0,True,True,3,0,0,0,0,False
48f,45,16911,Normal,Normal,False,"This flow was flagged as Normal with 100.0% confidence. Main reasons: reduced source time-to-live, reduced connections with the same state and TTL, unusually high connections to the same service from this source, elevated connections to the same service and destination. Suggested action: No action required.",True,True,True,4,4,4,0,0,True,True,4,0,0,0,0,False
48f,45,18187,Normal,Normal,False,"This flow was flagged as Normal with 100.0% confidence. Main reasons: reduced source time-to-live, reduced connections with the same state and TTL, elevated connections to the same service from this source. Suggested action: No action required.",True,True,True,3,3,3,0,0,True,True,3,0,0,0,0,False
48f,45,19491,Normal,Normal,False,"This flow was flagged as Normal with 100.0% confidence. Main reasons: reduced source time-to-live, reduced connections with the same state and TTL, elevated connections to the same service and destination, typical connections to the same service from this source. Suggested action: No action required.",True,True,True,4,4,4,0,0,True,True,3,0,0,1,0,False
48f,45,20564,Normal,Normal,False,"This flow was flagged as Normal with 100.0% confidence. Main reasons: reduced source time-to-live, reduced connections with the same state and TTL, typical connections to the same service from this source, reduced TCP round-trip time. Suggested action: No action required.",True,True,True,4,4,4,0,0,True,True,2,1,0,1,1,False
48f,45,20587,Normal,Normal,False,"This flow was flagged as Normal with 100.0% confidence. Main reasons: reduced source time-to-live, reduced connections with the same state and TTL, typical connections to the same service from this source. Suggested action: No action required.",True,True,True,3,3,3,0,0,True,True,2,0,0,1,0,False
48f,45,22926,Normal,Normal,False,"This flow was flagged as Normal with 100.0% confidence. Main reasons: reduced source time-to-live, reduced connections with the same state and TTL. Suggested action: No action required.",True,True,True,2,2,2,0,0,True,True,2,0,0,0,0,False
48f,45,24864,Normal,Normal,False,"This flow was flagged as Normal with 100.0% confidence. Main reasons: reduced source time-to-live, reduced connections with the same state and TTL. Suggested action: No action required.",True,True,True,2,2,2,0,0,True,True,2,0,0,0,0,False
48f,45,25181,Normal,Normal,False,"This flow was flagged as Normal with 50.3% confidence. Main reasons: typical bytes sent by the source, elevated mean packet size from source, reduced connections to the same service and destination, network service=-. Suggested action: No action required.",True,True,True,3,3,3,1,1,True,True,0,1,1,1,1,False
48f,45,25509,Fuzzers,Fuzzers,False,"This flow was flagged as Fuzzers with 81.8% confidence. Main reasons: unusually high source time-to-live, elevated bytes sent by the source, typical bytes sent by the destination, extremely high mean packet size from source. Suggested action: Inspect the application for crash logs; consider input validation hardening.",True,True,True,4,4,4,0,0,True,True,3,0,0,1,0,False
48f,45,25693,Unknown,Overlap-Group-1,True,"This flow was flagged as an unrecognized (potential zero-day) pattern with 45.8% confidence. Main reasons: reduced source time-to-live, reduced average packet size, typical response body len, extremely high ct flw http mthd. Suggested action: Unrecognized pattern — escalate to a human analyst for manual review.",True,True,True,4,4,4,0,0,True,True,0,3,0,1,3,False
48f,45,25706,Unknown,Exploits,True,"This flow was flagged as an unrecognized (potential zero-day) pattern with 47.9% confidence. Main reasons: reduced connections to the same service and destination, unusually high destination time-to-live, reduced source time-to-live. Suggested action: Unrecognized pattern — escalate to a human analyst for manual review.",True,True,True,3,3,3,0,0,True,True,2,1,0,0,1,False
48f,45,26915,Fuzzers,Fuzzers,False,"This flow was flagged as Fuzzers with 74.8% confidence. Main reasons: unusually high source time-to-live, network service=-, elevated mean packet size from source, reduced connections to the same service and destination. Suggested action: Inspect the application for crash logs; consider input validation hardening.",True,True,True,3,3,3,1,1,True,True,2,1,0,0,1,False
48f,45,27486,Fuzzers,Fuzzers,False,"This flow was flagged as Fuzzers with 91.6% confidence. Main reasons: unusually high source time-to-live, typical connections to the same service and destination, network service=-, extremely high source data load, unusually high mean packet size from source. Suggested action: Inspect the application for crash logs; consider input validation hardening.",True,True,True,4,4,4,1,1,True,True,3,0,0,1,0,False
48f,45,27996,Fuzzers,Fuzzers,False,"This flow was flagged as Fuzzers with 94.7% confidence. Main reasons: typical bytes sent by the source, unusually high source time-to-live, reduced mean packet size from source, network service=-, typical source-to-destination byte ratio. Suggested action: Inspect the application for crash logs; consider input validation hardening.",True,True,True,4,4,4,1,1,True,True,1,1,0,2,1,False
48f,45,28306,Exploits,Exploits,False,"This flow was flagged as Exploits with 65.7% confidence. Main reasons: reduced recent connections between this source and destination, unusually high destination time-to-live, reduced average packet size. Suggested action: Isolate the target host and check for unpatched vulnerabilities.",True,True,True,3,3,3,0,0,True,True,2,1,0,0,1,False
48f,45,28619,Exploits,Exploits,False,"This flow was flagged as Exploits with 95.7% confidence. Main reasons: reduced source time-to-live, unusually high destination time-to-live, reduced connections to the same service and destination, typical total bytes transferred, reduced mean packet size from source. Suggested action: Isolate the target host and check for unpatched vulnerabilities.",True,True,True,5,5,5,0,0,True,True,3,1,0,1,1,False
48f,45,28637,Reconnaissance,Reconnaissance,False,"This flow was flagged as Reconnaissance with 51.4% confidence. Main reasons: reduced mean packet size from source, reduced mean packet size from destination, network service=http. Suggested action: Flag source IP for monitoring; likely pre-attack scanning.",True,True,True,2,2,2,1,1,True,True,2,0,0,0,0,False
48f,45,28745,Fuzzers,Fuzzers,False,"This flow was flagged as Fuzzers with 57.2% confidence. Main reasons: unusually high source time-to-live, reduced mean packet size from source, reduced average packet size. Suggested action: Inspect the application for crash logs; consider input validation hardening.",True,True,True,3,3,3,0,0,True,True,1,1,1,0,1,False
48f,45,28814,Unknown,Generic,True,"This flow was flagged as an unrecognized (potential zero-day) pattern with 44.9% confidence. Main reasons: network service=smtp, typical destination jitter, typical bytes sent by the source. Suggested action: Unrecognized pattern — escalate to a human analyst for manual review.",True,True,True,2,2,2,1,1,True,True,0,0,0,2,0,False
48f,45,28937,Fuzzers,Fuzzers,False,"This flow was flagged as Fuzzers with 75.6% confidence. Main reasons: unusually high source time-to-live, typical total packets transferred, extremely high average packet size, typical bytes sent by the source. Suggested action: Inspect the application for crash logs; consider input validation hardening.",True,True,True,4,4,4,0,0,True,True,1,0,1,2,0,False
48f,45,29378,Generic,Generic,False,"This flow was flagged as Generic with 84.6% confidence. Main reasons: elevated response body len, typical mean packet size from source, typical sloss, typical recent connections from this source. Suggested action: Review firewall rules for this flow's protocol/service combination.",True,True,True,4,4,4,0,0,True,True,1,0,0,3,0,False
48f,45,29479,Fuzzers,Fuzzers,False,"This flow was flagged as Fuzzers with 59.3% confidence. Main reasons: unusually high source time-to-live, extremely high source jitter, typical bytes sent by the source, elevated recent connections from this source to the same destination port. Suggested action: Inspect the application for crash logs; consider input validation hardening.",True,True,True,4,4,4,0,0,True,True,3,0,0,1,0,False
48f,45,29698,Overlap-Group-1,Overlap-Group-1,False,"This flow was flagged as Overlap-Group-1 with 61.2% confidence. Main reasons: reduced connections to the same service and destination, unusually high source time-to-live, reduced recent connections between this source and destination, typical source jitter. Suggested action: Flagged as DoS, Backdoor, or Analysis-type behavior — this dataset's flow-level features can't reliably distinguish the three. Escalate for manual / packet-level inspection to determine the specific subtype.",True,True,True,4,4,4,0,0,True,True,3,0,0,1,0,False
48f,45,30193,Unknown,Fuzzers,True,"This flow was flagged as an unrecognized (potential zero-day) pattern with 43.7% confidence. Main reasons: unusually high source time-to-live, typical bytes sent by the source, unusually high mean packet size from source. Suggested action: Unrecognized pattern — escalate to a human analyst for manual review.",True,True,True,3,3,3,0,0,True,True,2,0,0,1,0,False
48f,45,30234,Reconnaissance,Reconnaissance,False,"This flow was flagged as Reconnaissance with 99.9% confidence. Main reasons: reduced average packet size, typical bytes sent by the source, reduced mean packet size from destination, typical source jitter, typical source-to-destination byte ratio. Suggested action: Flag source IP for monitoring; likely pre-attack scanning.",True,True,True,5,5,5,0,0,True,True,2,0,0,3,0,False
48f,45,30473,Exploits,Exploits,False,"This flow was flagged as Exploits with 69.4% confidence. Main reasons: unusually high destination time-to-live, reduced connections to the same service and destination, network service=http, typical mean packet size from source, reduced SYN-ACK handshake time. Suggested action: Isolate the target host and check for unpatched vulnerabilities.",True,True,True,4,4,4,1,1,True,True,2,1,0,1,1,False
48f,45,30488,Overlap-Group-1,Overlap-Group-1,False,"This flow was flagged as Overlap-Group-1 with 50.5% confidence. Main reasons: typical sloss, typical bytes sent by the destination, reduced average packet size, unusually high source time-to-live, reduced recent connections between this source and destination. Suggested action: Flagged as DoS, Backdoor, or Analysis-type behavior — this dataset's flow-level features can't reliably distinguish the three. Escalate for manual / packet-level inspection to determine the specific subtype.",True,True,True,5,5,5,0,0,True,True,2,1,0,2,1,False
48f,45,30524,Exploits,Exploits,False,"This flow was flagged as Exploits with 99.9% confidence. Main reasons: reduced source time-to-live, network service=ftp-data, unusually high destination time-to-live, reduced mean packet size from source, reduced connections to the same service and destination. Suggested action: Isolate the target host and check for unpatched vulnerabilities.",True,True,True,4,4,4,1,1,True,True,3,1,0,0,1,False
48f,45,30625,Reconnaissance,Reconnaissance,False,"This flow was flagged as Reconnaissance with 99.6% confidence. Main reasons: typical bytes sent by the source, reduced mean packet size from source, reduced mean packet size from destination, reduced average packet size, typical total bytes transferred. Suggested action: Flag source IP for monitoring; likely pre-attack scanning.",True,True,True,5,5,5,0,0,True,True,3,0,0,2,0,False
48f,45,30816,Exploits,Exploits,False,"This flow was flagged as Exploits with 94.6% confidence. Main reasons: extremely high source-to-destination byte ratio, reduced connections to the same service and destination, unusually high destination time-to-live, extremely high mean packet size from source, extremely high average packet size. Suggested action: Isolate the target host and check for unpatched vulnerabilities.",True,True,True,5,5,5,0,0,True,True,4,1,0,0,1,False
48f,45,30871,Exploits,Exploits,False,"This flow was flagged as Exploits with 88.5% confidence. Main reasons: reduced connections to the same service and destination, unusually high destination time-to-live, reduced SYN-ACK handshake time, reduced destination data load. Suggested action: Isolate the target host and check for unpatched vulnerabilities.",True,True,True,4,4,4,0,0,True,True,3,1,0,0,1,False
48f,45,30990,Exploits,Exploits,False,"This flow was flagged as Exploits with 99.2% confidence. Main reasons: reduced source time-to-live, unusually high destination time-to-live, reduced connections to the same service and destination, network service=smtp, extremely high mean packet size from source. Suggested action: Isolate the target host and check for unpatched vulnerabilities.",True,True,True,4,4,4,1,1,True,True,2,2,0,0,2,False
48f,45,31173,Unknown,Overlap-Group-1,True,"This flow was flagged as an unrecognized (potential zero-day) pattern with 44.0% confidence. Main reasons: typical sinpkt, network protocol=mobile, typical total packets transferred. Suggested action: Unrecognized pattern — escalate to a human analyst for manual review.",True,True,True,2,2,2,1,1,True,True,0,0,0,2,0,False
48f,45,31211,Overlap-Group-1,Overlap-Group-1,False,"This flow was flagged as Overlap-Group-1 with 90.4% confidence. Main reasons: network protocol=unas, unusually high recent connections from this source, reduced average packet size, typical bytes sent by the source, unusually high source time-to-live. Suggested action: Flagged as DoS, Backdoor, or Analysis-type behavior — this dataset's flow-level features can't reliably distinguish the three. Escalate for manual / packet-level inspection to determine the specific subtype.",True,True,True,4,4,4,1,1,True,True,1,2,0,1,2,False
48f,45,31363,Unknown,Normal,True,"This flow was flagged as an unrecognized (potential zero-day) pattern with 37.8% confidence. Main reasons: typical connections to the same service and destination, typical bytes sent by the source, network service=-. Suggested action: Unrecognized pattern — escalate to a human analyst for manual review.",True,True,True,2,2,2,1,1,True,True,0,0,0,2,0,False
48f,45,31386,Overlap-Group-1,Overlap-Group-1,False,"This flow was flagged as Overlap-Group-1 with 72.1% confidence. Main reasons: network protocol=ipv6-opts, reduced average packet size, typical bytes sent by the source, unusually high source time-to-live. Suggested action: Flagged as DoS, Backdoor, or Analysis-type behavior — this dataset's flow-level features can't reliably distinguish the three. Escalate for manual / packet-level inspection to determine the specific subtype.",True,True,True,3,3,3,1,1,True,True,1,1,0,1,1,False
48f,45,31474,Unknown,Fuzzers,True,"This flow was flagged as an unrecognized (potential zero-day) pattern with 48.0% confidence. Main reasons: unusually high source time-to-live, unusually high recent connections from this source to the same destination port, network service=-. Suggested action: Unrecognized pattern — escalate to a human analyst for manual review.",True,True,True,2,2,2,1,1,True,True,2,0,0,0,0,False
48f,45,31546,Reconnaissance,Reconnaissance,False,"This flow was flagged as Reconnaissance with 99.9% confidence. Main reasons: reduced average packet size, reduced mean packet size from destination, typical bytes sent by the source, reduced mean packet size from source, typical source-to-destination byte ratio. Suggested action: Flag source IP for monitoring; likely pre-attack scanning.",True,True,True,5,5,5,0,0,True,True,3,0,0,2,0,False
48f,45,31554,Exploits,Exploits,False,"This flow was flagged as Exploits with 95.3% confidence. Main reasons: unusually high destination time-to-live, reduced connections to the same service and destination, typical total bytes transferred, unusually high source time-to-live, network service=http. Suggested action: Isolate the target host and check for unpatched vulnerabilities.",True,True,True,4,4,4,1,1,True,True,3,0,0,1,0,False
48f,45,31654,Reconnaissance,Reconnaissance,False,"This flow was flagged as Reconnaissance with 99.6% confidence. Main reasons: typical bytes sent by the source, reduced mean packet size from source, reduced mean packet size from destination, reduced average packet size, typical total bytes transferred. Suggested action: Flag source IP for monitoring; likely pre-attack scanning.",True,True,True,5,5,5,0,0,True,True,3,0,0,2,0,False
48f,45,31668,Exploits,Exploits,False,"This flow was flagged as Exploits with 95.7% confidence. Main reasons: reduced source time-to-live, unusually high destination time-to-live, reduced connections to the same service and destination, typical total bytes transferred, typical dloss. Suggested action: Isolate the target host and check for unpatched vulnerabilities.",True,True,True,5,5,5,0,0,True,True,2,1,0,2,1,False
48f,45,31670,Generic,Generic,False,"This flow was flagged as Generic with 98.3% confidence. Main reasons: typical total bytes transferred, typical bytes sent by the source, network service=dns, reduced average packet size. Suggested action: Review firewall rules for this flow's protocol/service combination.",True,True,True,3,3,3,1,1,True,True,0,1,0,2,1,False
48f,45,31816,Exploits,Exploits,False,"This flow was flagged as Exploits with 99.7% confidence. Main reasons: reduced source time-to-live, reduced connections to the same service and destination, unusually high destination time-to-live, network service=smtp, extremely high mean packet size from source. Suggested action: Isolate the target host and check for unpatched vulnerabilities.",True,True,True,4,4,4,1,1,True,True,2,2,0,0,2,False
48f,45,32274,Reconnaissance,Reconnaissance,False,"This flow was flagged as Reconnaissance with 78.4% confidence. Main reasons: reduced mean packet size from destination, reduced mean packet size from source, network service=http, reduced recent connections between this source and destination. Suggested action: Flag source IP for monitoring; likely pre-attack scanning.",True,True,True,3,3,3,1,1,True,True,3,0,0,0,0,False
48f,45,32377,Exploits,Exploits,False,"This flow was flagged as Exploits with 87.2% confidence. Main reasons: unusually high destination time-to-live, reduced connections to the same service and destination, typical bytes sent by the source, network service=http. Suggested action: Isolate the target host and check for unpatched vulnerabilities.",True,True,True,3,3,3,1,1,True,True,2,0,0,1,0,False
48f,45,33292,Unknown,Overlap-Group-1,True,"This flow was flagged as an unrecognized (potential zero-day) pattern with 34.8% confidence. Main reasons: network protocol=unas, reduced average packet size, typical bytes sent by the source, unusually high source time-to-live. Suggested action: Unrecognized pattern — escalate to a human analyst for manual review.",True,True,True,3,3,3,1,1,True,True,1,1,0,1,1,False
48f,45,33382,Exploits,Exploits,False,"This flow was flagged as Exploits with 57.7% confidence. Main reasons: unusually high destination time-to-live, reduced source time-to-live, typical total bytes transferred. Suggested action: Isolate the target host and check for unpatched vulnerabilities.",True,True,True,3,3,3,0,0,True,True,1,1,0,1,1,False
48f,45,33692,Fuzzers,Fuzzers,False,"This flow was flagged as Fuzzers with 91.2% confidence. Main reasons: typical bytes sent by the source, unusually high source time-to-live, typical bytes sent by the destination, typical total packets transferred. Suggested action: Inspect the application for crash logs; consider input validation hardening.",True,True,True,4,4,4,0,0,True,True,1,0,0,3,0,False
48f,45,33828,Generic,Generic,False,"This flow was flagged as Generic with 59.8% confidence. Main reasons: network service=smtp, unusually high source time-to-live, unusually high stcpb. Suggested action: Review firewall rules for this flow's protocol/service combination.",True,True,True,2,2,2,1,1,True,True,2,0,0,0,0,False
48f,45,33833,Normal,Normal,False,"This flow was flagged as Normal with 78.0% confidence. Main reasons: elevated connections to the same service and destination, reduced average packet size, elevated swin. Suggested action: No action required.",True,True,True,3,3,3,0,0,True,True,2,1,0,0,1,False
48f,45,34041,Overlap-Group-1,Overlap-Group-1,False,"This flow was flagged as Overlap-Group-1 with 74.5% confidence. Main reasons: network protocol=unas, reduced average packet size, typical bytes sent by the source, unusually high source time-to-live. Suggested action: Flagged as DoS, Backdoor, or Analysis-type behavior — this dataset's flow-level features can't reliably distinguish the three. Escalate for manual / packet-level inspection to determine the specific subtype.",True,True,True,3,3,3,1,1,True,True,1,1,0,1,1,False
48f,45,34049,Generic,Generic,False,"This flow was flagged as Generic with 99.6% confidence. Main reasons: typical total bytes transferred, typical bytes sent by the source, network service=dns, reduced average packet size. Suggested action: Review firewall rules for this flow's protocol/service combination.",True,True,True,3,3,3,1,1,True,True,0,1,0,2,1,False
48f,45,34549,Reconnaissance,Reconnaissance,False,"This flow was flagged as Reconnaissance with 99.9% confidence. Main reasons: reduced average packet size, typical bytes sent by the source, reduced mean packet size from destination, typical source-to-destination byte ratio, typical total bytes transferred. Suggested action: Flag source IP for monitoring; likely pre-attack scanning.",True,True,True,5,5,5,0,0,True,True,2,0,0,3,0,False
48f,45,34643,Exploits,Exploits,False,"This flow was flagged as Exploits with 98.1% confidence. Main reasons: unusually high destination time-to-live, reduced source time-to-live, reduced connections to the same service and destination, typical bytes sent by the destination, typical total bytes transferred. Suggested action: Isolate the target host and check for unpatched vulnerabilities.",True,True,True,5,5,5,0,0,True,True,2,1,0,2,1,False
48f,45,34951,Generic,Generic,False,"This flow was flagged as Generic with 99.9% confidence. Main reasons: typical total bytes transferred, typical bytes sent by the source, network service=dns, reduced average packet size. Suggested action: Review firewall rules for this flow's protocol/service combination.",True,True,True,3,3,3,1,1,True,True,0,1,0,2,1,False
48f,45,35190,Unknown,Overlap-Group-1,True,"This flow was flagged as an unrecognized (potential zero-day) pattern with 47.7% confidence. Main reasons: network protocol=vmtp, reduced average packet size, typical bytes sent by the source. Suggested action: Unrecognized pattern — escalate to a human analyst for manual review.",True,True,True,2,2,2,1,1,True,True,0,1,0,1,1,False
48f,45,35543,Generic,Generic,False,"This flow was flagged as Generic with 99.7% confidence. Main reasons: typical total bytes transferred, typical bytes sent by the source, network service=dns, reduced average packet size. Suggested action: Review firewall rules for this flow's protocol/service combination.",True,True,True,3,3,3,1,1,True,True,0,1,0,2,1,False
48f,45,35912,Reconnaissance,Reconnaissance,False,"This flow was flagged as Reconnaissance with 99.9% confidence. Main reasons: reduced average packet size, typical bytes sent by the source, reduced mean packet size from destination, typical source jitter, typical source-to-destination byte ratio. Suggested action: Flag source IP for monitoring; likely pre-attack scanning.",True,True,True,5,5,5,0,0,True,True,2,0,0,3,0,False
48f,45,35914,Exploits,Exploits,False,"This flow was flagged as Exploits with 95.0% confidence. Main reasons: unusually high destination time-to-live, reduced source time-to-live, typical total bytes transferred, reduced connections to the same service and destination, typical destination jitter. Suggested action: Isolate the target host and check for unpatched vulnerabilities.",True,True,True,5,5,5,0,0,True,True,2,1,0,2,1,False
48f,45,35917,Generic,Generic,False,"This flow was flagged as Generic with 99.9% confidence. Main reasons: typical total bytes transferred, typical bytes sent by the source, network service=dns, reduced average packet size. Suggested action: Review firewall rules for this flow's protocol/service combination.",True,True,True,3,3,3,1,1,True,True,0,1,0,2,1,False
48f,45,35956,Reconnaissance,Reconnaissance,False,"This flow was flagged as Reconnaissance with 58.0% confidence. Main reasons: reduced mean packet size from destination, network service=http, reduced recent connections between this source and destination, reduced connections to the same service from this source, reduced connections to the same service and destination. Suggested action: Flag source IP for monitoring; likely pre-attack scanning.",True,True,True,4,4,4,1,1,True,True,4,0,0,0,0,False
48f,45,36009,Generic,Generic,False,"This flow was flagged as Generic with 99.8% confidence. Main reasons: typical total bytes transferred, typical bytes sent by the source, network service=dns, reduced average packet size. Suggested action: Review firewall rules for this flow's protocol/service combination.",True,True,True,3,3,3,1,1,True,True,0,1,0,2,1,False
48f,45,36152,Reconnaissance,Reconnaissance,False,"This flow was flagged as Reconnaissance with 99.9% confidence. Main reasons: reduced average packet size, typical bytes sent by the source, reduced mean packet size from destination, typical total bytes transferred, typical source-to-destination byte ratio. Suggested action: Flag source IP for monitoring; likely pre-attack scanning.",True,True,True,5,5,5,0,0,True,True,2,0,0,3,0,False
48f,45,36317,Generic,Generic,False,"This flow was flagged as Generic with 99.9% confidence. Main reasons: typical total bytes transferred, typical bytes sent by the source, network service=dns, reduced average packet size. Suggested action: Review firewall rules for this flow's protocol/service combination.",True,True,True,3,3,3,1,1,True,True,0,1,0,2,1,False
48f,45,36518,Unknown,Exploits,True,"This flow was flagged as an unrecognized (potential zero-day) pattern with 41.1% confidence. Main reasons: reduced connections to the same service and destination, reduced mean packet size from source, reduced connections to the same service from this source. Suggested action: Unrecognized pattern — escalate to a human analyst for manual review.",True,True,True,3,3,3,0,0,True,True,3,0,0,0,0,False
48f,45,36563,Unknown,Overlap-Group-1,True,"This flow was flagged as an unrecognized (potential zero-day) pattern with 48.2% confidence. Main reasons: network protocol=sctp, unusually high source time-to-live, typical recent connections to this destination from the same source port. Suggested action: Unrecognized pattern — escalate to a human analyst for manual review.",True,True,True,2,2,2,1,1,True,True,1,0,0,1,0,False
48f,45,36600,Generic,Generic,False,"This flow was flagged as Generic with 99.8% confidence. Main reasons: typical total bytes transferred, typical bytes sent by the source, network service=dns, reduced average packet size. Suggested action: Review firewall rules for this flow's protocol/service combination.",True,True,True,3,3,3,1,1,True,True,0,1,0,2,1,False
48f,45,36641,Generic,Generic,False,"This flow was flagged as Generic with 98.8% confidence. Main reasons: typical total bytes transferred, typical bytes sent by the source, network service=dns, reduced average packet size. Suggested action: Review firewall rules for this flow's protocol/service combination.",True,True,True,3,3,3,1,1,True,True,0,1,0,2,1,False
48f,45,36742,Exploits,Exploits,False,"This flow was flagged as Exploits with 82.2% confidence. Main reasons: unusually high destination time-to-live, reduced source time-to-live, typical mean packet size from destination, unusually high dtcpb. Suggested action: Isolate the target host and check for unpatched vulnerabilities.",True,True,True,4,4,4,0,0,True,True,2,1,0,1,1,False
48f,45,36801,Fuzzers,Fuzzers,False,"This flow was flagged as Fuzzers with 72.5% confidence. Main reasons: typical bytes sent by the source, unusually high source time-to-live, reduced mean packet size from source. Suggested action: Inspect the application for crash logs; consider input validation hardening.",True,True,True,3,3,3,0,0,True,True,1,1,0,1,1,False
48f,45,37055,Overlap-Group-1,Overlap-Group-1,False,"This flow was flagged as Overlap-Group-1 with 92.3% confidence. Main reasons: network protocol=unas, unusually high recent connections from this source, reduced average packet size, typical bytes sent by the source, unusually high source time-to-live. Suggested action: Flagged as DoS, Backdoor, or Analysis-type behavior — this dataset's flow-level features can't reliably distinguish the three. Escalate for manual / packet-level inspection to determine the specific subtype.",True,True,True,4,4,4,1,1,True,True,1,2,0,1,2,False
48f,45,37069,Reconnaissance,Reconnaissance,False,"This flow was flagged as Reconnaissance with 99.9% confidence. Main reasons: reduced average packet size, typical bytes sent by the source, reduced mean packet size from destination, typical total bytes transferred, reduced mean packet size from source. Suggested action: Flag source IP for monitoring; likely pre-attack scanning.",True,True,True,5,5,5,0,0,True,True,3,0,0,2,0,False
48f,45,37293,Generic,Generic,False,"This flow was flagged as Generic with 99.9% confidence. Main reasons: typical total bytes transferred, typical bytes sent by the source, network service=dns, reduced average packet size. Suggested action: Review firewall rules for this flow's protocol/service combination.",True,True,True,3,3,3,1,1,True,True,0,1,0,2,1,False
48f,45,37294,Reconnaissance,Reconnaissance,False,"This flow was flagged as Reconnaissance with 53.9% confidence. Main reasons: reduced mean packet size from destination, network service=http, reduced connections to the same service from this source, reduced connections to the same service and destination. Suggested action: Flag source IP for monitoring; likely pre-attack scanning.",True,True,True,3,3,3,1,1,True,True,3,0,0,0,0,False
48f,45,37441,Unknown,Fuzzers,True,"This flow was flagged as an unrecognized (potential zero-day) pattern with 37.0% confidence. Main reasons: unusually high source time-to-live, reduced destination data load. Suggested action: Unrecognized pattern — escalate to a human analyst for manual review.",True,True,True,2,2,2,0,0,True,True,2,0,0,0,0,False
48f,45,37457,Generic,Generic,False,"This flow was flagged as Generic with 99.8% confidence. Main reasons: typical total bytes transferred, typical bytes sent by the source, network service=dns, reduced average packet size. Suggested action: Review firewall rules for this flow's protocol/service combination.",True,True,True,3,3,3,1,1,True,True,0,1,0,2,1,False
48f,45,37579,Unknown,Fuzzers,True,"This flow was flagged as an unrecognized (potential zero-day) pattern with 44.3% confidence. Main reasons: unusually high source time-to-live, network service=-, unusually high connections to the same service and destination. Suggested action: Unrecognized pattern — escalate to a human analyst for manual review.",True,True,True,2,2,2,1,1,True,True,2,0,0,0,0,False
48f,45,37624,Overlap-Group-1,Overlap-Group-1,False,"This flow was flagged as Overlap-Group-1 with 51.7% confidence. Main reasons: reduced recent connections between this source and destination, reduced destination data load, reduced connections to the same service from this source. Suggested action: Flagged as DoS, Backdoor, or Analysis-type behavior — this dataset's flow-level features can't reliably distinguish the three. Escalate for manual / packet-level inspection to determine the specific subtype.",True,True,True,3,3,3,0,0,True,True,3,0,0,0,0,False
48f,45,37662,Exploits,Exploits,False,"This flow was flagged as Exploits with 50.5% confidence. Main reasons: reduced recent connections between this source and destination, unusually high destination time-to-live, reduced average packet size, typical source-to-destination byte ratio. Suggested action: Isolate the target host and check for unpatched vulnerabilities.",True,True,True,4,4,4,0,0,True,True,2,1,0,1,1,False
48f,45,38015,Exploits,Exploits,False,"This flow was flagged as Exploits with 74.2% confidence. Main reasons: unusually high destination time-to-live, reduced recent connections between this source and destination, reduced SYN-ACK handshake time, typical flow duration. Suggested action: Isolate the target host and check for unpatched vulnerabilities.",True,True,True,4,4,4,0,0,True,True,2,1,0,1,1,False
48f,45,38058,Exploits,Exploits,False,"This flow was flagged as Exploits with 95.6% confidence. Main reasons: reduced source time-to-live, unusually high destination time-to-live, reduced connections to the same service and destination, typical total bytes transferred, elevated average packet size. Suggested action: Isolate the target host and check for unpatched vulnerabilities.",True,True,True,5,5,5,0,0,True,True,3,1,0,1,1,False
48f,45,38368,Exploits,Exploits,False,"This flow was flagged as Exploits with 67.5% confidence. Main reasons: reduced connections to the same service and destination, unusually high destination time-to-live, reduced recent connections between this source and destination, reduced average packet size. Suggested action: Isolate the target host and check for unpatched vulnerabilities.",True,True,True,4,4,4,0,0,True,True,3,1,0,0,1,False
48f,45,38425,Unknown,Fuzzers,True,"This flow was flagged as an unrecognized (potential zero-day) pattern with 46.5% confidence. Main reasons: unusually high source time-to-live, typical bytes sent by the source, typical connections to the same service and destination, reduced destination data load. Suggested action: Unrecognized pattern — escalate to a human analyst for manual review.",True,True,True,4,4,4,0,0,True,True,2,0,0,2,0,False
48f,45,38729,Exploits,Exploits,False,"This flow was flagged as Exploits with 48.4% confidence. Main reasons: reduced connections to the same service and destination, unusually high destination time-to-live, reduced recent connections between this source and destination. Suggested action: Isolate the target host and check for unpatched vulnerabilities.",True,True,True,3,3,3,0,0,True,True,3,0,0,0,0,False
48f,45,38845,Unknown,Fuzzers,True,"This flow was flagged as an unrecognized (potential zero-day) pattern with 45.0% confidence. Main reasons: unusually high source time-to-live, elevated mean packet size from source, network service=-. Suggested action: Unrecognized pattern — escalate to a human analyst for manual review.",True,True,True,2,2,2,1,1,True,True,2,0,0,0,0,False
48f,45,38926,Exploits,Exploits,False,"This flow was flagged as Exploits with 55.2% confidence. Main reasons: reduced connections to the same service and destination, unusually high destination time-to-live, typical recent connections to this destination. Suggested action: Isolate the target host and check for unpatched vulnerabilities.",True,True,True,3,3,3,0,0,True,True,2,0,0,1,0,False
48f,45,39104,Generic,Generic,False,"This flow was flagged as Generic with 99.1% confidence. Main reasons: typical total bytes transferred, typical bytes sent by the source, network service=dns, reduced average packet size. Suggested action: Review firewall rules for this flow's protocol/service combination.",True,True,True,3,3,3,1,1,True,True,0,1,0,2,1,False
48f,45,39182,Reconnaissance,Reconnaissance,False,"This flow was flagged as Reconnaissance with 99.9% confidence. Main reasons: reduced average packet size, reduced mean packet size from destination, typical bytes sent by the source, reduced mean packet size from source, typical source jitter. Suggested action: Flag source IP for monitoring; likely pre-attack scanning.",True,True,True,5,5,5,0,0,True,True,3,0,0,2,0,False
48f,45,39336,Exploits,Exploits,False,"This flow was flagged as Exploits with 83.0% confidence. Main reasons: extremely high source-to-destination byte ratio, reduced connections to the same service and destination, unusually high destination time-to-live, extremely high mean packet size from source. Suggested action: Isolate the target host and check for unpatched vulnerabilities.",True,True,True,4,4,4,0,0,True,True,3,1,0,0,1,False
48f,45,39962,Fuzzers,Fuzzers,False,"This flow was flagged as Fuzzers with 53.5% confidence. Main reasons: unusually high source time-to-live, reduced mean packet size from source, reduced average packet size, elevated source jitter. Suggested action: Inspect the application for crash logs; consider input validation hardening.",True,True,True,4,4,4,0,0,True,True,2,1,1,0,1,False
48f,45,39969,Reconnaissance,Reconnaissance,False,"This flow was flagged as Reconnaissance with 99.7% confidence. Main reasons: reduced average packet size, reduced mean packet size from destination, typical bytes sent by the source, typical source-to-destination byte ratio, typical total bytes transferred. Suggested action: Flag source IP for monitoring; likely pre-attack scanning.",True,True,True,5,5,5,0,0,True,True,2,0,0,3,0,False
48f,45,40109,Fuzzers,Fuzzers,False,"This flow was flagged as Fuzzers with 50.4% confidence. Main reasons: unusually high source time-to-live, typical connections to the same service and destination, typical bytes sent by the source, network service=-. Suggested action: Inspect the application for crash logs; consider input validation hardening.",True,True,True,3,3,3,1,1,True,True,1,0,0,2,0,False
48f,45,40768,Normal,Normal,False,"This flow was flagged as Normal with 99.9% confidence. Main reasons: reduced average packet size, extremely high connections with the same state and TTL, unusually high connections to the same service and destination, typical sloss. Suggested action: No action required.",True,True,True,4,4,4,0,0,True,True,1,2,0,1,2,False
48f,45,41267,Normal,Normal,False,"This flow was flagged as Normal with 50.6% confidence. Main reasons: typical connections to the same service and destination, typical bytes sent by the source, network service=-, unusually high TCP round-trip time. Suggested action: No action required.",True,True,True,3,3,3,1,1,True,True,1,0,0,2,0,False
48f,45,41502,Fuzzers,Fuzzers,False,"This flow was flagged as Fuzzers with 80.2% confidence. Main reasons: reduced mean packet size from source, unusually high source time-to-live, reduced average packet size. Suggested action: Inspect the application for crash logs; consider input validation hardening.",True,True,True,3,3,3,0,0,True,True,1,1,1,0,1,False
48f,45,41781,Fuzzers,Fuzzers,False,"This flow was flagged as Fuzzers with 75.5% confidence. Main reasons: unusually high source time-to-live, typical bytes sent by the source, unusually high mean packet size from source, reduced connections to the same service and destination, typical recent connections between this source and destination. Suggested action: Inspect the application for crash logs; consider input validation hardening.",True,True,True,5,5,5,0,0,True,True,2,1,0,2,1,False
48f,45,43129,Unknown,Exploits,True,"This flow was flagged as an unrecognized (potential zero-day) pattern with 48.2% confidence. Main reasons: unusually high destination time-to-live, reduced connections to the same service and destination, reduced source time-to-live. Suggested action: Unrecognized pattern — escalate to a human analyst for manual review.",True,True,True,3,3,3,0,0,True,True,2,1,0,0,1,False
48f,45,43392,Normal,Normal,False,"This flow was flagged as Normal with 58.9% confidence. Main reasons: typical response body len, typical bytes sent by the source, elevated swin. Suggested action: No action required.",True,True,True,3,3,3,0,0,True,True,1,0,0,2,0,False
48f,45,43468,Normal,Normal,False,"This flow was flagged as Normal with 62.7% confidence. Main reasons: typical response body len, typical bytes sent by the source, typical connections to the same service and destination, typical bytes sent by the destination. Suggested action: No action required.",True,True,True,4,4,4,0,0,True,True,0,0,0,4,0,False
48f,45,44328,Fuzzers,Fuzzers,False,"This flow was flagged as Fuzzers with 78.7% confidence. Main reasons: unusually high source time-to-live, typical bytes sent by the source, extremely high average packet size, typical number of packets sent by the source, extremely high mean packet size from source. Suggested action: Inspect the application for crash logs; consider input validation hardening.",True,True,True,5,5,5,0,0,True,True,2,0,1,2,0,False
48f,45,44833,Fuzzers,Fuzzers,False,"This flow was flagged as Fuzzers with 91.7% confidence. Main reasons: unusually high source time-to-live, reduced mean packet size from source, extremely high recent connections from this source, typical recent connections between this source and destination, reduced average packet size. Suggested action: Inspect the application for crash logs; consider input validation hardening.",True,True,True,5,5,5,0,0,True,True,1,1,2,1,1,False
48f,45,44870,Unknown,Fuzzers,True,"This flow was flagged as an unrecognized (potential zero-day) pattern with 37.1% confidence. Main reasons: unusually high source time-to-live, network service=-. Suggested action: Unrecognized pattern — escalate to a human analyst for manual review.",True,True,True,1,1,1,1,1,True,True,1,0,0,0,0,False
48f,45,44924,Unknown,Fuzzers,True,"This flow was flagged as an unrecognized (potential zero-day) pattern with 37.6% confidence. Main reasons: unusually high source time-to-live, typical mean packet size from source. Suggested action: Unrecognized pattern — escalate to a human analyst for manual review.",True,True,True,2,2,2,0,0,True,True,1,0,0,1,0,False
48f,45,45865,Normal,Normal,False,"This flow was flagged as Normal with 65.4% confidence. Main reasons: extremely high connections to the same service from this source, extremely high recent connections from this source to the same destination port, extremely high connections to the same service and destination, typical recent connections to this destination from the same source port. Suggested action: No action required.",True,True,True,4,4,4,0,0,True,True,3,0,0,1,0,False
48f,45,46459,Unknown,Exploits,True,"This flow was flagged as an unrecognized (potential zero-day) pattern with 45.4% confidence. Main reasons: reduced recent connections between this source and destination, unusually high destination time-to-live, reduced average packet size, typical total bytes transferred. Suggested action: Unrecognized pattern — escalate to a human analyst for manual review.",True,True,True,4,4,4,0,0,True,True,2,1,0,1,1,False
48f,45,46467,Unknown,Fuzzers,True,"This flow was flagged as an unrecognized (potential zero-day) pattern with 48.0% confidence. Main reasons: unusually high source time-to-live, typical bytes sent by the source, network service=-. Suggested action: Unrecognized pattern — escalate to a human analyst for manual review.",True,True,True,2,2,2,1,1,True,True,1,0,0,1,0,False
48f,45,47465,Fuzzers,Fuzzers,False,"This flow was flagged as Fuzzers with 87.5% confidence. Main reasons: unusually high source time-to-live, reduced mean packet size from source, extremely high recent connections to this destination, reduced average packet size, typical recent connections between this source and destination. Suggested action: Inspect the application for crash logs; consider input validation hardening.",True,True,True,5,5,5,0,0,True,True,1,1,2,1,1,False
48f,45,47498,Fuzzers,Fuzzers,False,"This flow was flagged as Fuzzers with 97.8% confidence. Main reasons: typical bytes sent by the source, unusually high source time-to-live, typical bytes sent by the destination, reduced average packet size. Suggested action: Inspect the application for crash logs; consider input validation hardening.",True,True,True,4,4,4,0,0,True,True,1,0,1,2,0,False
48f,45,47553,Unknown,Exploits,True,"This flow was flagged as an unrecognized (potential zero-day) pattern with 34.5% confidence. Main reasons: unusually high destination time-to-live, reduced source time-to-live, typical mean packet size from destination. Suggested action: Unrecognized pattern — escalate to a human analyst for manual review.",True,True,True,3,3,3,0,0,True,True,1,1,0,1,1,False
48f,45,47642,Unknown,Overlap-Group-1,True,"This flow was flagged as an unrecognized (potential zero-day) pattern with 47.8% confidence. Main reasons: typical response body len, reduced average packet size, reduced source time-to-live, extremely high ct flw http mthd. Suggested action: Unrecognized pattern — escalate to a human analyst for manual review.",True,True,True,4,4,4,0,0,True,True,0,3,0,1,3,False
48f,45,47649,Exploits,Exploits,False,"This flow was flagged as Exploits with 77.4% confidence. Main reasons: unusually high destination time-to-live, reduced source time-to-live, reduced connections to the same service and destination, typical mean packet size from destination. Suggested action: Isolate the target host and check for unpatched vulnerabilities.",True,True,True,4,4,4,0,0,True,True,2,1,0,1,1,False
48f,45,47661,Overlap-Group-1,Overlap-Group-1,False,"This flow was flagged as Overlap-Group-1 with 52.5% confidence. Main reasons: reduced source time-to-live, typical bytes sent by the destination, typical response body len, reduced average packet size. Suggested action: Flagged as DoS, Backdoor, or Analysis-type behavior — this dataset's flow-level features can't reliably distinguish the three. Escalate for manual / packet-level inspection to determine the specific subtype.",True,True,True,4,4,4,0,0,True,True,0,2,0,2,2,False
48f,45,47709,Fuzzers,Fuzzers,False,"This flow was flagged as Fuzzers with 76.6% confidence. Main reasons: unusually high source time-to-live, typical bytes sent by the source, typical connections to the same service and destination, extremely high ACK data time. Suggested action: Inspect the application for crash logs; consider input validation hardening.",True,True,True,4,4,4,0,0,True,True,1,0,1,2,0,False
48f,45,48721,Normal,Normal,False,"This flow was flagged as Normal with 48.6% confidence. Main reasons: typical response body len, reduced connections to the same service and destination, typical bytes sent by the destination, typical bytes sent by the source. Suggested action: No action required.",True,True,True,4,4,4,0,0,True,True,0,1,0,3,1,False
48f,45,48722,Unknown,Overlap-Group-1,True,"This flow was flagged as an unrecognized (potential zero-day) pattern with 40.9% confidence. Main reasons: reduced source time-to-live, typical response body len, reduced average packet size, typical bytes sent by the destination. Suggested action: Unrecognized pattern — escalate to a human analyst for manual review.",True,True,True,4,4,4,0,0,True,True,0,2,0,2,2,False
48f,45,48886,Fuzzers,Fuzzers,False,"This flow was flagged as Fuzzers with 85.9% confidence. Main reasons: unusually high source time-to-live, typical mean packet size from source, network service=-, typical recent connections between this source and destination, network protocol=udp. Suggested action: Inspect the application for crash logs; consider input validation hardening.",True,True,True,3,3,3,2,2,True,True,1,0,0,2,0,False
48f,45,50040,Fuzzers,Fuzzers,False,"This flow was flagged as Fuzzers with 57.7% confidence. Main reasons: unusually high source time-to-live, network service=-, typical bytes sent by the source. Suggested action: Inspect the application for crash logs; consider input validation hardening.",True,True,True,2,2,2,1,1,True,True,1,0,0,1,0,False
48f,45,50189,Normal,Normal,False,"This flow was flagged as Normal with 63.0% confidence. Main reasons: reduced average packet size, typical connections to the same service and destination, typical source jitter, network service=-. Suggested action: No action required.",True,True,True,3,3,3,1,1,True,True,0,1,0,2,1,False
48f,45,50850,Fuzzers,Fuzzers,False,"This flow was flagged as Fuzzers with 67.8% confidence. Main reasons: unusually high source time-to-live, elevated connections to the same service from this source, typical bytes sent by the source, elevated recent connections between this source and destination, reduced average packet size. Suggested action: Inspect the application for crash logs; consider input validation hardening.",True,True,True,5,5,5,0,0,True,True,3,0,1,1,0,False
48f,45,51326,Unknown,Fuzzers,True,"This flow was flagged as an unrecognized (potential zero-day) pattern with 42.6% confidence. Main reasons: unusually high source time-to-live, typical recent connections from this source to the same destination port. Suggested action: Unrecognized pattern — escalate to a human analyst for manual review.",True,True,True,2,2,2,0,0,True,True,1,0,0,1,0,False
48f,45,51401,Fuzzers,Fuzzers,False,"This flow was flagged as Fuzzers with 83.0% confidence. Main reasons: unusually high source time-to-live, reduced mean packet size from source, network protocol=udp, typical total bytes transferred. Suggested action: Inspect the application for crash logs; consider input validation hardening.",True,True,True,3,3,3,1,1,True,True,1,1,0,1,1,False
48f,45,51829,Fuzzers,Fuzzers,False,"This flow was flagged as Fuzzers with 80.9% confidence. Main reasons: unusually high source time-to-live, elevated bytes sent by the source, typical bytes sent by the destination, extremely high mean packet size from source. Suggested action: Inspect the application for crash logs; consider input validation hardening.",True,True,True,4,4,4,0,0,True,True,3,0,0,1,0,False
48f,45,52601,Overlap-Group-1,Overlap-Group-1,False,"This flow was flagged as Overlap-Group-1 with 48.4% confidence. Main reasons: reduced source time-to-live, reduced average packet size. Suggested action: Flagged as DoS, Backdoor, or Analysis-type behavior — this dataset's flow-level features can't reliably distinguish the three. Escalate for manual / packet-level inspection to determine the specific subtype.",True,True,True,2,2,2,0,0,True,True,0,2,0,0,2,False
48f,45,52614,Unknown,Overlap-Group-1,True,"This flow was flagged as an unrecognized (potential zero-day) pattern with 44.2% confidence. Main reasons: reduced source time-to-live, typical response body len, reduced average packet size. Suggested action: Unrecognized pattern — escalate to a human analyst for manual review.",True,True,True,3,3,3,0,0,True,True,0,2,0,1,2,False
48f,45,52703,Fuzzers,Fuzzers,False,"This flow was flagged as Fuzzers with 95.9% confidence. Main reasons: unusually high source time-to-live, extremely high recent connections from this source, typical bytes sent by the source, network service=-, unusually high mean packet size from source. Suggested action: Inspect the application for crash logs; consider input validation hardening.",True,True,True,4,4,4,1,1,True,True,2,0,1,1,0,False
48f,45,53063,Unknown,Overlap-Group-1,True,"This flow was flagged as an unrecognized (potential zero-day) pattern with 47.5% confidence. Main reasons: reduced source time-to-live, typical bytes sent by the destination, typical response body len, unusually high ACK data time. Suggested action: Unrecognized pattern — escalate to a human analyst for manual review.",True,True,True,4,4,4,0,0,True,True,0,1,1,2,1,False
48f,45,53337,Unknown,Normal,True,This flow was flagged as an unrecognized (potential zero-day) pattern with 30.3% confidence. Main reasons: extremely high connections with the same state and TTL. Suggested action: Unrecognized pattern — escalate to a human analyst for manual review.,True,True,True,1,1,1,0,0,True,True,0,1,0,0,1,False
48f,45,53451,Unknown,Overlap-Group-1,True,"This flow was flagged as an unrecognized (potential zero-day) pattern with 45.1% confidence. Main reasons: typical bytes sent by the destination, reduced source time-to-live, reduced average packet size, extremely high ct flw http mthd. Suggested action: Unrecognized pattern — escalate to a human analyst for manual review.",True,True,True,4,4,4,0,0,True,True,0,3,0,1,3,False
48f,45,53462,Overlap-Group-1,Overlap-Group-1,False,"This flow was flagged as Overlap-Group-1 with 89.6% confidence. Main reasons: extremely high ct flw http mthd, typical response body len, reduced average packet size, reduced source time-to-live, typical bytes sent by the destination. Suggested action: Flagged as DoS, Backdoor, or Analysis-type behavior — this dataset's flow-level features can't reliably distinguish the three. Escalate for manual / packet-level inspection to determine the specific subtype.",True,True,True,5,5,5,0,0,True,True,0,3,0,2,3,False
48f,45,53468,Unknown,Normal,True,"This flow was flagged as an unrecognized (potential zero-day) pattern with 44.0% confidence. Main reasons: typical response body len, typical bytes sent by the source, typical bytes sent by the destination, reduced connections to the same service and destination. Suggested action: Unrecognized pattern — escalate to a human analyst for manual review.",True,True,True,4,4,4,0,0,True,True,0,1,0,3,1,False
48f,45,53496,Overlap-Group-1,Overlap-Group-1,False,"This flow was flagged as Overlap-Group-1 with 53.1% confidence. Main reasons: reduced average packet size, reduced source time-to-live, typical response body len, typical bytes sent by the destination. Suggested action: Flagged as DoS, Backdoor, or Analysis-type behavior — this dataset's flow-level features can't reliably distinguish the three. Escalate for manual / packet-level inspection to determine the specific subtype.",True,True,True,4,4,4,0,0,True,True,0,2,0,2,2,False
48f,45,54392,Fuzzers,Fuzzers,False,"This flow was flagged as Fuzzers with 51.8% confidence. Main reasons: unusually high source time-to-live, reduced mean packet size from source, reduced average packet size, reduced connections to the same service and destination. Suggested action: Inspect the application for crash logs; consider input validation hardening.",True,True,True,4,4,4,0,0,True,True,1,2,1,0,2,False
48f,45,54696,Overlap-Group-1,Overlap-Group-1,False,"This flow was flagged as Overlap-Group-1 with 60.2% confidence. Main reasons: reduced connections to the same service and destination, typical bytes sent by the source, unusually high source time-to-live, reduced mean packet size from source. Suggested action: Flagged as DoS, Backdoor, or Analysis-type behavior — this dataset's flow-level features can't reliably distinguish the three. Escalate for manual / packet-level inspection to determine the specific subtype.",True,True,True,4,4,4,0,0,True,True,3,0,0,1,0,False
48f,45,54699,Unknown,Fuzzers,True,"This flow was flagged as an unrecognized (potential zero-day) pattern with 36.5% confidence. Main reasons: unusually high source time-to-live, typical mean packet size from source. Suggested action: Unrecognized pattern — escalate to a human analyst for manual review.",True,True,True,2,2,2,0,0,True,True,1,0,0,1,0,False
48f,45,54786,Unknown,Fuzzers,True,"This flow was flagged as an unrecognized (potential zero-day) pattern with 45.0% confidence. Main reasons: unusually high source time-to-live, network service=-. Suggested action: Unrecognized pattern — escalate to a human analyst for manual review.",True,True,True,1,1,1,1,1,True,True,1,0,0,0,0,False
48f,45,54845,Unknown,Overlap-Group-1,True,"This flow was flagged as an unrecognized (potential zero-day) pattern with 34.2% confidence. Main reasons: reduced connections to the same service and destination, reduced recent connections between this source and destination, unusually high source time-to-live. Suggested action: Unrecognized pattern — escalate to a human analyst for manual review.",True,True,True,3,3,3,0,0,True,True,3,0,0,0,0,False
48f,45,54967,Unknown,Fuzzers,True,"This flow was flagged as an unrecognized (potential zero-day) pattern with 42.4% confidence. Main reasons: unusually high source time-to-live, network service=-, extremely high source data load. Suggested action: Unrecognized pattern — escalate to a human analyst for manual review.",True,True,True,2,2,2,1,1,True,True,2,0,0,0,0,False
48f,45,55020,Unknown,Fuzzers,True,"This flow was flagged as an unrecognized (potential zero-day) pattern with 43.5% confidence. Main reasons: unusually high source time-to-live, network service=-. Suggested action: Unrecognized pattern — escalate to a human analyst for manual review.",True,True,True,1,1,1,1,1,True,True,1,0,0,0,0,False
48f,45,55052,Unknown,Exploits,True,"This flow was flagged as an unrecognized (potential zero-day) pattern with 39.4% confidence. Main reasons: reduced connections to the same service and destination, typical mean packet size from source, reduced average packet size, typical bytes sent by the source. Suggested action: Unrecognized pattern — escalate to a human analyst for manual review.",True,True,True,4,4,4,0,0,True,True,1,1,0,2,1,False
48f,45,55069,Unknown,Overlap-Group-1,True,"This flow was flagged as an unrecognized (potential zero-day) pattern with 38.9% confidence. Main reasons: reduced average packet size, reduced connections to the same service and destination, unusually high source time-to-live, typical bytes sent by the source. Suggested action: Unrecognized pattern — escalate to a human analyst for manual review.",True,True,True,4,4,4,0,0,True,True,2,1,0,1,1,False
48f,45,55072,Unknown,Exploits,True,"This flow was flagged as an unrecognized (potential zero-day) pattern with 35.3% confidence. Main reasons: reduced average packet size, unusually high destination time-to-live, reduced recent connections to this destination. Suggested action: Unrecognized pattern — escalate to a human analyst for manual review.",True,True,True,3,3,3,0,0,True,True,1,2,0,0,2,False
48f,45,55211,Unknown,Exploits,True,"This flow was flagged as an unrecognized (potential zero-day) pattern with 39.6% confidence. Main reasons: reduced mean packet size from source, reduced connections to the same service from this source, reduced recent connections between this source and destination, unusually high destination time-to-live. Suggested action: Unrecognized pattern — escalate to a human analyst for manual review.",True,True,True,4,4,4,0,0,True,True,4,0,0,0,0,False
48f,45,55370,Unknown,Fuzzers,True,"This flow was flagged as an unrecognized (potential zero-day) pattern with 41.0% confidence. Main reasons: unusually high source time-to-live, network service=-, typical bytes sent by the source. Suggested action: Unrecognized pattern — escalate to a human analyst for manual review.",True,True,True,2,2,2,1,1,True,True,1,0,0,1,0,False
48f,45,55496,Unknown,Fuzzers,True,"This flow was flagged as an unrecognized (potential zero-day) pattern with 39.0% confidence. Main reasons: unusually high source time-to-live, reduced average packet size. Suggested action: Unrecognized pattern — escalate to a human analyst for manual review.",True,True,True,2,2,2,0,0,True,True,1,0,1,0,0,False
48f,45,55589,Unknown,Overlap-Group-1,True,"This flow was flagged as an unrecognized (potential zero-day) pattern with 39.9% confidence. Main reasons: reduced average packet size, reduced connections to the same service and destination, unusually high source time-to-live, reduced recent connections between this source and destination. Suggested action: Unrecognized pattern — escalate to a human analyst for manual review.",True,True,True,4,4,4,0,0,True,True,3,1,0,0,1,False
48f,45,55748,Unknown,Fuzzers,True,"This flow was flagged as an unrecognized (potential zero-day) pattern with 38.3% confidence. Main reasons: unusually high source time-to-live, network service=-. Suggested action: Unrecognized pattern — escalate to a human analyst for manual review.",True,True,True,1,1,1,1,1,True,True,1,0,0,0,0,False
48f,45,55769,Unknown,Fuzzers,True,"This flow was flagged as an unrecognized (potential zero-day) pattern with 43.7% confidence. Main reasons: reduced mean packet size from source, unusually high source time-to-live, network service=-. Suggested action: Unrecognized pattern — escalate to a human analyst for manual review.",True,True,True,2,2,2,1,1,True,True,1,1,0,0,1,False
48f,45,55780,Overlap-Group-1,Overlap-Group-1,False,"This flow was flagged as Overlap-Group-1 with 68.7% confidence. Main reasons: reduced connections to the same service and destination, typical bytes sent by the source, unusually high source time-to-live, reduced mean packet size from source. Suggested action: Flagged as DoS, Backdoor, or Analysis-type behavior — this dataset's flow-level features can't reliably distinguish the three. Escalate for manual / packet-level inspection to determine the specific subtype.",True,True,True,4,4,4,0,0,True,True,3,0,0,1,0,False
48f,45,55787,Unknown,Fuzzers,True,"This flow was flagged as an unrecognized (potential zero-day) pattern with 42.2% confidence. Main reasons: typical mean packet size from source, unusually high source time-to-live, network service=-. Suggested action: Unrecognized pattern — escalate to a human analyst for manual review.",True,True,True,2,2,2,1,1,True,True,1,0,0,1,0,False
48f,45,55945,Unknown,Fuzzers,True,"This flow was flagged as an unrecognized (potential zero-day) pattern with 37.3% confidence. Main reasons: unusually high source time-to-live, typical mean packet size from source. Suggested action: Unrecognized pattern — escalate to a human analyst for manual review.",True,True,True,2,2,2,0,0,True,True,1,0,0,1,0,False
48f,45,56186,Unknown,Overlap-Group-1,True,"This flow was flagged as an unrecognized (potential zero-day) pattern with 42.9% confidence. Main reasons: reduced average packet size, reduced connections to the same service and destination, unusually high source time-to-live, typical bytes sent by the source. Suggested action: Unrecognized pattern — escalate to a human analyst for manual review.",True,True,True,4,4,4,0,0,True,True,2,1,0,1,1,False
48f,46,591,Unknown,Fuzzers,True,"This flow was flagged as an unrecognized (potential zero-day) pattern with 42.7% confidence. Main reasons: unusually high source time-to-live, reduced average packet size, typical bytes sent by the source. Suggested action: Unrecognized pattern — escalate to a human analyst for manual review.",True,True,True,3,3,3,0,0,True,True,2,0,0,1,0,False
48f,46,623,Overlap-Group-1,Overlap-Group-1,False,"This flow was flagged as Overlap-Group-1 with 52.6% confidence. Main reasons: network protocol=sun-nd, reduced average packet size, typical bytes sent by the source, unusually high source time-to-live. Suggested action: Flagged as DoS, Backdoor, or Analysis-type behavior — this dataset's flow-level features can't reliably distinguish the three. Escalate for manual / packet-level inspection to determine the specific subtype.",True,True,True,3,3,3,1,1,True,True,1,1,0,1,1,False
48f,46,674,Overlap-Group-1,Overlap-Group-1,False,"This flow was flagged as Overlap-Group-1 with 53.6% confidence. Main reasons: network protocol=sprite-rpc, reduced average packet size, typical bytes sent by the source, unusually high source time-to-live. Suggested action: Flagged as DoS, Backdoor, or Analysis-type behavior — this dataset's flow-level features can't reliably distinguish the three. Escalate for manual / packet-level inspection to determine the specific subtype.",True,True,True,3,3,3,1,1,True,True,1,1,0,1,1,False
48f,46,824,Fuzzers,Fuzzers,False,"This flow was flagged as Fuzzers with 84.1% confidence. Main reasons: typical bytes sent by the source, unusually high source time-to-live, elevated connections to the same service and destination, elevated connections to the same service from this source. Suggested action: Inspect the application for crash logs; consider input validation hardening.",True,True,True,4,4,4,0,0,True,True,3,0,0,1,0,False
48f,46,1346,Unknown,Overlap-Group-1,True,"This flow was flagged as an unrecognized (potential zero-day) pattern with 48.6% confidence. Main reasons: typical bytes sent by the source, reduced average packet size, typical mean packet size from source, unusually high source time-to-live. Suggested action: Unrecognized pattern — escalate to a human analyst for manual review.",True,True,True,4,4,4,0,0,True,True,1,1,0,2,1,False
48f,46,1382,Unknown,Overlap-Group-1,True,"This flow was flagged as an unrecognized (potential zero-day) pattern with 48.3% confidence. Main reasons: network protocol=mfe-nsp, reduced average packet size, typical bytes sent by the source, unusually high source time-to-live. Suggested action: Unrecognized pattern — escalate to a human analyst for manual review.",True,True,True,3,3,3,1,1,True,True,1,1,0,1,1,False
48f,46,1721,Reconnaissance,Reconnaissance,False,"This flow was flagged as Reconnaissance with 99.9% confidence. Main reasons: reduced average packet size, typical bytes sent by the source, reduced mean packet size from source, reduced mean packet size from destination, typical total bytes transferred. Suggested action: Flag source IP for monitoring; likely pre-attack scanning.",True,True,True,5,5,5,0,0,True,True,3,0,0,2,0,False
48f,46,1782,Overlap-Group-1,Overlap-Group-1,False,"This flow was flagged as Overlap-Group-1 with 61.2% confidence. Main reasons: network protocol=any, reduced average packet size, typical bytes sent by the source, unusually high source time-to-live. Suggested action: Flagged as DoS, Backdoor, or Analysis-type behavior — this dataset's flow-level features can't reliably distinguish the three. Escalate for manual / packet-level inspection to determine the specific subtype.",True,True,True,3,3,3,1,1,True,True,1,1,0,1,1,False
48f,46,1955,Exploits,Exploits,False,"This flow was flagged as Exploits with 74.4% confidence. Main reasons: reduced connections to the same service and destination, typical total bytes transferred, reduced recent connections between this source and destination, typical bytes sent by the destination. Suggested action: Isolate the target host and check for unpatched vulnerabilities.",True,True,True,4,4,4,0,0,True,True,2,0,0,2,0,False
48f,46,2243,Reconnaissance,Reconnaissance,False,"This flow was flagged as Reconnaissance with 99.9% confidence. Main reasons: reduced average packet size, reduced mean packet size from source, typical bytes sent by the source, reduced mean packet size from destination, typical total bytes transferred. Suggested action: Flag source IP for monitoring; likely pre-attack scanning.",True,True,True,5,5,5,0,0,True,True,3,0,0,2,0,False
48f,46,2266,Exploits,Exploits,False,"This flow was flagged as Exploits with 77.4% confidence. Main reasons: reduced source time-to-live, network service=http, reduced connections to the same service and destination, unusually high destination time-to-live, typical mean packet size from destination. Suggested action: Isolate the target host and check for unpatched vulnerabilities.",True,True,True,4,4,4,1,1,True,True,2,1,0,1,1,False
48f,46,2355,Reconnaissance,Reconnaissance,False,"This flow was flagged as Reconnaissance with 52.2% confidence. Main reasons: reduced mean packet size from destination, network service=http, reduced recent connections between this source and destination, typical total bytes transferred, reduced mean packet size from source. Suggested action: Flag source IP for monitoring; likely pre-attack scanning.",True,True,True,4,4,4,1,1,True,True,3,0,0,1,0,False
48f,46,2566,Fuzzers,Fuzzers,False,"This flow was flagged as Fuzzers with 70.9% confidence. Main reasons: typical mean packet size from source, unusually high source time-to-live, extremely high connections to the same service from this source, network service=-. Suggested action: Inspect the application for crash logs; consider input validation hardening.",True,True,True,3,3,3,1,1,True,True,2,0,0,1,0,False
48f,46,2603,Overlap-Group-1,Overlap-Group-1,False,"This flow was flagged as Overlap-Group-1 with 52.7% confidence. Main reasons: network protocol=ib, reduced average packet size, typical bytes sent by the source, unusually high source time-to-live. Suggested action: Flagged as DoS, Backdoor, or Analysis-type behavior — this dataset's flow-level features can't reliably distinguish the three. Escalate for manual / packet-level inspection to determine the specific subtype.",True,True,True,3,3,3,1,1,True,True,1,1,0,1,1,False
48f,46,3030,Overlap-Group-1,Overlap-Group-1,False,"This flow was flagged as Overlap-Group-1 with 50.9% confidence. Main reasons: network protocol=ip, reduced average packet size, typical bytes sent by the source, unusually high source time-to-live. Suggested action: Flagged as DoS, Backdoor, or Analysis-type behavior — this dataset's flow-level features can't reliably distinguish the three. Escalate for manual / packet-level inspection to determine the specific subtype.",True,True,True,3,3,3,1,1,True,True,1,1,0,1,1,False
48f,46,3121,Unknown,Overlap-Group-1,True,"This flow was flagged as an unrecognized (potential zero-day) pattern with 50.2% confidence. Main reasons: network protocol=irtp, reduced average packet size, typical bytes sent by the source, unusually high source time-to-live. Suggested action: Unrecognized pattern — escalate to a human analyst for manual review.",True,True,True,3,3,3,1,1,True,True,1,1,0,1,1,False
48f,46,3277,Reconnaissance,Reconnaissance,False,"This flow was flagged as Reconnaissance with 96.5% confidence. Main reasons: typical bytes sent by the source, typical total bytes transferred, reduced mean packet size from source, reduced mean packet size from destination. Suggested action: Flag source IP for monitoring; likely pre-attack scanning.",True,True,True,4,4,4,0,0,True,True,2,0,0,2,0,False
48f,46,3363,Exploits,Exploits,False,"This flow was flagged as Exploits with 81.9% confidence. Main reasons: reduced connections to the same service and destination, network service=http, unusually high destination time-to-live, typical total bytes transferred, typical mean packet size from source. Suggested action: Isolate the target host and check for unpatched vulnerabilities.",True,True,True,4,4,4,1,1,True,True,2,0,0,2,0,False
48f,46,3623,Reconnaissance,Reconnaissance,False,"This flow was flagged as Reconnaissance with 70.6% confidence. Main reasons: reduced mean packet size from destination, reduced recent connections between this source and destination, network service=http, typical total bytes transferred, reduced mean packet size from source. Suggested action: Flag source IP for monitoring; likely pre-attack scanning.",True,True,True,4,4,4,1,1,True,True,3,0,0,1,0,False
48f,46,3696,Unknown,Overlap-Group-1,True,"This flow was flagged as an unrecognized (potential zero-day) pattern with 45.3% confidence. Main reasons: network protocol=rdp, reduced average packet size, typical bytes sent by the source, unusually high source time-to-live. Suggested action: Unrecognized pattern — escalate to a human analyst for manual review.",True,True,True,3,3,3,1,1,True,True,1,1,0,1,1,False
48f,46,3781,Overlap-Group-1,Overlap-Group-1,False,"This flow was flagged as Overlap-Group-1 with 58.3% confidence. Main reasons: network protocol=iplt, reduced average packet size, typical bytes sent by the source, unusually high source time-to-live. Suggested action: Flagged as DoS, Backdoor, or Analysis-type behavior — this dataset's flow-level features can't reliably distinguish the three. Escalate for manual / packet-level inspection to determine the specific subtype.",True,True,True,3,3,3,1,1,True,True,1,1,0,1,1,False
48f,46,4137,Reconnaissance,Reconnaissance,False,"This flow was flagged as Reconnaissance with 99.9% confidence. Main reasons: reduced average packet size, typical bytes sent by the source, reduced mean packet size from source, reduced mean packet size from destination, typical total bytes transferred. Suggested action: Flag source IP for monitoring; likely pre-attack scanning.",True,True,True,5,5,5,0,0,True,True,3,0,0,2,0,False
48f,46,4581,Reconnaissance,Reconnaissance,False,"This flow was flagged as Reconnaissance with 99.8% confidence. Main reasons: typical bytes sent by the source, typical total bytes transferred, reduced mean packet size from destination, reduced mean packet size from source, reduced recent connections between this source and destination. Suggested action: Flag source IP for monitoring; likely pre-attack scanning.",True,True,True,5,5,5,0,0,True,True,3,0,0,2,0,False
48f,46,4696,Exploits,Exploits,False,"This flow was flagged as Exploits with 99.0% confidence. Main reasons: reduced source time-to-live, elevated dloss, typical total bytes transferred, reduced connections to the same service and destination, reduced mean packet size from source. Suggested action: Isolate the target host and check for unpatched vulnerabilities.",True,True,True,5,5,5,0,0,True,True,3,1,0,1,1,False
48f,46,4788,Overlap-Group-1,Overlap-Group-1,False,"This flow was flagged as Overlap-Group-1 with 69.2% confidence. Main reasons: unusually high source time-to-live, typical bytes sent by the destination, reduced connections to the same service and destination. Suggested action: Flagged as DoS, Backdoor, or Analysis-type behavior — this dataset's flow-level features can't reliably distinguish the three. Escalate for manual / packet-level inspection to determine the specific subtype.",True,True,True,3,3,3,0,0,True,True,2,0,0,1,0,False
48f,46,4904,Exploits,Exploits,False,"This flow was flagged as Exploits with 98.6% confidence. Main reasons: reduced source time-to-live, reduced connections to the same service and destination, network service=smtp, typical bytes sent by the destination, unusually high destination time-to-live. Suggested action: Isolate the target host and check for unpatched vulnerabilities.",True,True,True,4,4,4,1,1,True,True,2,1,0,1,1,False
48f,46,5097,Exploits,Exploits,False,"This flow was flagged as Exploits with 97.1% confidence. Main reasons: reduced connections to the same service and destination, typical mean packet size from source, network service=http, typical total bytes transferred, typical source-to-destination byte ratio. Suggested action: Isolate the target host and check for unpatched vulnerabilities.",True,True,True,4,4,4,1,1,True,True,1,0,0,3,0,False
48f,46,5123,Reconnaissance,Reconnaissance,False,"This flow was flagged as Reconnaissance with 99.9% confidence. Main reasons: reduced average packet size, reduced mean packet size from source, typical bytes sent by the source, reduced mean packet size from destination, typical total bytes transferred. Suggested action: Flag source IP for monitoring; likely pre-attack scanning.",True,True,True,5,5,5,0,0,True,True,3,0,0,2,0,False
48f,46,5137,Reconnaissance,Reconnaissance,False,"This flow was flagged as Reconnaissance with 99.9% confidence. Main reasons: reduced average packet size, typical bytes sent by the source, reduced mean packet size from source, reduced mean packet size from destination, typical total bytes transferred. Suggested action: Flag source IP for monitoring; likely pre-attack scanning.",True,True,True,5,5,5,0,0,True,True,3,0,0,2,0,False
48f,46,5321,Unknown,Exploits,True,"This flow was flagged as an unrecognized (potential zero-day) pattern with 49.5% confidence. Main reasons: reduced connections to the same service and destination, network service=http, reduced average packet size, unusually high destination time-to-live, typical source-to-destination byte ratio. Suggested action: Unrecognized pattern — escalate to a human analyst for manual review.",True,True,True,4,4,4,1,1,True,True,2,1,0,1,1,False
48f,46,5420,Reconnaissance,Reconnaissance,False,"This flow was flagged as Reconnaissance with 99.8% confidence. Main reasons: reduced average packet size, reduced mean packet size from source, typical bytes sent by the source, reduced mean packet size from destination, typical total bytes transferred. Suggested action: Flag source IP for monitoring; likely pre-attack scanning.",True,True,True,5,5,5,0,0,True,True,3,0,0,2,0,False
48f,46,5441,Exploits,Exploits,False,"This flow was flagged as Exploits with 89.0% confidence. Main reasons: reduced connections to the same service and destination, network service=smtp, extremely high mean packet size from source, reduced source time-to-live, unusually high destination time-to-live. Suggested action: Isolate the target host and check for unpatched vulnerabilities.",True,True,True,4,4,4,1,1,True,True,2,2,0,0,2,False
48f,46,6108,Reconnaissance,Reconnaissance,False,"This flow was flagged as Reconnaissance with 98.5% confidence. Main reasons: typical bytes sent by the source, typical total bytes transferred, reduced mean packet size from source, reduced mean packet size from destination. Suggested action: Flag source IP for monitoring; likely pre-attack scanning.",True,True,True,4,4,4,0,0,True,True,2,0,0,2,0,False
48f,46,6109,Overlap-Group-1,Overlap-Group-1,False,"This flow was flagged as Overlap-Group-1 with 57.9% confidence. Main reasons: network protocol=ospf, reduced connections to the same service and destination, unusually high source time-to-live, reduced connections to the same service from this source. Suggested action: Flagged as DoS, Backdoor, or Analysis-type behavior — this dataset's flow-level features can't reliably distinguish the three. Escalate for manual / packet-level inspection to determine the specific subtype.",True,True,True,3,3,3,1,1,True,True,3,0,0,0,0,False
48f,46,6371,Fuzzers,Fuzzers,False,"This flow was flagged as Fuzzers with 58.4% confidence. Main reasons: typical bytes sent by the destination, unusually high source time-to-live, typical bytes sent by the source, network service=-. Suggested action: Inspect the application for crash logs; consider input validation hardening.",True,True,True,3,3,3,1,1,True,True,1,0,0,2,0,False
48f,46,6397,Unknown,Exploits,True,"This flow was flagged as an unrecognized (potential zero-day) pattern with 48.0% confidence. Main reasons: reduced connections to the same service and destination, reduced recent connections between this source and destination, typical total bytes transferred. Suggested action: Unrecognized pattern — escalate to a human analyst for manual review.",True,True,True,3,3,3,0,0,True,True,2,0,0,1,0,False
48f,46,6585,Overlap-Group-1,Overlap-Group-1,False,"This flow was flagged as Overlap-Group-1 with 54.8% confidence. Main reasons: network protocol=ospf, reduced connections to the same service and destination, unusually high source time-to-live, reduced connections to the same service from this source, typical average packet size. Suggested action: Flagged as DoS, Backdoor, or Analysis-type behavior — this dataset's flow-level features can't reliably distinguish the three. Escalate for manual / packet-level inspection to determine the specific subtype.",True,True,True,4,4,4,1,1,True,True,3,0,0,1,0,False
48f,46,6954,Generic,Generic,False,"This flow was flagged as Generic with 100.0% confidence. Main reasons: typical total bytes transferred, network service=dns, extremely high recent connections between this source and destination, extremely high recent connections to this destination. Suggested action: Review firewall rules for this flow's protocol/service combination.",True,True,True,3,3,3,1,1,True,True,0,2,0,1,2,False
48f,46,7157,Generic,Generic,False,"This flow was flagged as Generic with 100.0% confidence. Main reasons: typical total bytes transferred, network service=dns, extremely high recent connections between this source and destination, extremely high recent connections to this destination. Suggested action: Review firewall rules for this flow's protocol/service combination.",True,True,True,3,3,3,1,1,True,True,0,2,0,1,2,False
48f,46,7289,Generic,Generic,False,"This flow was flagged as Generic with 100.0% confidence. Main reasons: typical total bytes transferred, network service=dns, extremely high recent connections between this source and destination, extremely high recent connections to this destination. Suggested action: Review firewall rules for this flow's protocol/service combination.",True,True,True,3,3,3,1,1,True,True,0,2,0,1,2,False
48f,46,7365,Generic,Generic,False,"This flow was flagged as Generic with 100.0% confidence. Main reasons: typical total bytes transferred, network service=dns, unusually high recent connections to this destination, typical bytes sent by the source, extremely high recent connections to this destination from the same source port. Suggested action: Review firewall rules for this flow's protocol/service combination.",True,True,True,4,4,4,1,1,True,True,1,1,0,2,1,False
48f,46,7509,Generic,Generic,False,"This flow was flagged as Generic with 100.0% confidence. Main reasons: typical total bytes transferred, network service=dns, extremely high recent connections between this source and destination, extremely high recent connections to this destination. Suggested action: Review firewall rules for this flow's protocol/service combination.",True,True,True,3,3,3,1,1,True,True,0,2,0,1,2,False
48f,46,7587,Generic,Generic,False,"This flow was flagged as Generic with 100.0% confidence. Main reasons: typical total bytes transferred, network service=dns, extremely high recent connections between this source and destination, typical bytes sent by the source, extremely high connections to the same service and destination. Suggested action: Review firewall rules for this flow's protocol/service combination.",True,True,True,4,4,4,1,1,True,True,0,2,0,2,2,False
48f,46,7642,Generic,Generic,False,"This flow was flagged as Generic with 100.0% confidence. Main reasons: typical total bytes transferred, network service=dns, unusually high recent connections to this destination, typical bytes sent by the source, extremely high recent connections to this destination from the same source port. Suggested action: Review firewall rules for this flow's protocol/service combination.",True,True,True,4,4,4,1,1,True,True,1,1,0,2,1,False
48f,46,7666,Generic,Generic,False,"This flow was flagged as Generic with 100.0% confidence. Main reasons: typical total bytes transferred, network service=dns, extremely high recent connections between this source and destination, typical bytes sent by the source, extremely high connections to the same service and destination. Suggested action: Review firewall rules for this flow's protocol/service combination.",True,True,True,4,4,4,1,1,True,True,0,2,0,2,2,False
48f,46,7744,Generic,Generic,False,"This flow was flagged as Generic with 100.0% confidence. Main reasons: typical total bytes transferred, network service=dns, extremely high recent connections to this destination, typical bytes sent by the source, extremely high recent connections to this destination from the same source port. Suggested action: Review firewall rules for this flow's protocol/service combination.",True,True,True,4,4,4,1,1,True,True,1,1,0,2,1,False
48f,46,7912,Generic,Generic,False,"This flow was flagged as Generic with 100.0% confidence. Main reasons: typical total bytes transferred, network service=dns, extremely high recent connections between this source and destination, extremely high recent connections to this destination. Suggested action: Review firewall rules for this flow's protocol/service combination.",True,True,True,3,3,3,1,1,True,True,0,2,0,1,2,False
48f,46,8071,Generic,Generic,False,"This flow was flagged as Generic with 100.0% confidence. Main reasons: typical total bytes transferred, network service=dns, extremely high recent connections between this source and destination, extremely high recent connections to this destination. Suggested action: Review firewall rules for this flow's protocol/service combination.",True,True,True,3,3,3,1,1,True,True,0,2,0,1,2,False
48f,46,8117,Generic,Generic,False,"This flow was flagged as Generic with 100.0% confidence. Main reasons: typical total bytes transferred, network service=dns, extremely high recent connections between this source and destination, unusually high recent connections to this destination, typical bytes sent by the source. Suggested action: Review firewall rules for this flow's protocol/service combination.",True,True,True,4,4,4,1,1,True,True,0,2,0,2,2,False
48f,46,8312,Generic,Generic,False,"This flow was flagged as Generic with 100.0% confidence. Main reasons: typical total bytes transferred, network service=dns, extremely high recent connections between this source and destination, extremely high recent connections to this destination. Suggested action: Review firewall rules for this flow's protocol/service combination.",True,True,True,3,3,3,1,1,True,True,0,2,0,1,2,False
48f,46,8370,Generic,Generic,False,"This flow was flagged as Generic with 100.0% confidence. Main reasons: typical total bytes transferred, network service=dns, extremely high recent connections between this source and destination, typical bytes sent by the source, extremely high connections to the same service and destination. Suggested action: Review firewall rules for this flow's protocol/service combination.",True,True,True,4,4,4,1,1,True,True,0,2,0,2,2,False
48f,46,8392,Generic,Generic,False,"This flow was flagged as Generic with 99.9% confidence. Main reasons: typical total bytes transferred, network service=dns, extremely high recent connections between this source and destination, typical bytes sent by the source, extremely high connections to the same service and destination. Suggested action: Review firewall rules for this flow's protocol/service combination.",True,True,True,4,4,4,1,1,True,True,0,2,0,2,2,False
48f,46,8399,Generic,Generic,False,"This flow was flagged as Generic with 100.0% confidence. Main reasons: typical total bytes transferred, network service=dns, extremely high recent connections between this source and destination, extremely high recent connections to this destination. Suggested action: Review firewall rules for this flow's protocol/service combination.",True,True,True,3,3,3,1,1,True,True,0,2,0,1,2,False
48f,46,10301,Normal,Normal,False,"This flow was flagged as Normal with 100.0% confidence. Main reasons: unusually low source time-to-live, reduced connections with the same state and TTL, unusually high connections to the same service from this source. Suggested action: No action required.",True,True,True,3,3,3,0,0,True,True,3,0,0,0,0,False
48f,46,11118,Normal,Normal,False,"This flow was flagged as Normal with 100.0% confidence. Main reasons: unusually low source time-to-live, reduced connections with the same state and TTL, elevated connections to the same service and destination. Suggested action: No action required.",True,True,True,3,3,3,0,0,True,True,3,0,0,0,0,False
48f,46,11392,Normal,Normal,False,"This flow was flagged as Normal with 100.0% confidence. Main reasons: unusually low source time-to-live, reduced connections with the same state and TTL, typical connections to the same service and destination. Suggested action: No action required.",True,True,True,3,3,3,0,0,True,True,2,0,0,1,0,False
48f,46,11421,Normal,Normal,False,"This flow was flagged as Normal with 100.0% confidence. Main reasons: unusually low source time-to-live, reduced connections with the same state and TTL, unusually high connections to the same service from this source, unusually high connections to the same service and destination. Suggested action: No action required.",True,True,True,4,4,4,0,0,True,True,4,0,0,0,0,False
48f,46,13028,Normal,Normal,False,"This flow was flagged as Normal with 100.0% confidence. Main reasons: unusually low source time-to-live, reduced connections with the same state and TTL. Suggested action: No action required.",True,True,True,2,2,2,0,0,True,True,2,0,0,0,0,False
48f,46,15472,Normal,Normal,False,"This flow was flagged as Normal with 100.0% confidence. Main reasons: unusually low source time-to-live, reduced connections with the same state and TTL, elevated connections to the same service and destination, elevated connections to the same service from this source. Suggested action: No action required.",True,True,True,4,4,4,0,0,True,True,4,0,0,0,0,False
48f,46,16078,Normal,Normal,False,"This flow was flagged as Normal with 100.0% confidence. Main reasons: unusually low source time-to-live, unusually high connections to the same service from this source, reduced connections with the same state and TTL, unusually high connections to the same service and destination. Suggested action: No action required.",True,True,True,4,4,4,0,0,True,True,4,0,0,0,0,False
48f,46,16216,Normal,Normal,False,"This flow was flagged as Normal with 100.0% confidence. Main reasons: unusually low source time-to-live, reduced connections with the same state and TTL, unusually high connections to the same service from this source, unusually high connections to the same service and destination. Suggested action: No action required.",True,True,True,4,4,4,0,0,True,True,4,0,0,0,0,False
48f,46,17358,Normal,Normal,False,"This flow was flagged as Normal with 100.0% confidence. Main reasons: unusually low source time-to-live, reduced connections with the same state and TTL. Suggested action: No action required.",True,True,True,2,2,2,0,0,True,True,2,0,0,0,0,False
48f,46,17691,Normal,Normal,False,"This flow was flagged as Normal with 100.0% confidence. Main reasons: unusually low source time-to-live, reduced connections with the same state and TTL, typical connections to the same service from this source. Suggested action: No action required.",True,True,True,3,3,3,0,0,True,True,2,0,0,1,0,False
48f,46,18322,Normal,Normal,False,"This flow was flagged as Normal with 100.0% confidence. Main reasons: unusually low source time-to-live, elevated connections to the same service from this source, reduced connections with the same state and TTL, unusually high connections to the same service and destination. Suggested action: No action required.",True,True,True,4,4,4,0,0,True,True,4,0,0,0,0,False
48f,46,19049,Normal,Normal,False,"This flow was flagged as Normal with 100.0% confidence. Main reasons: unusually low source time-to-live, reduced connections with the same state and TTL. Suggested action: No action required.",True,True,True,2,2,2,0,0,True,True,2,0,0,0,0,False
48f,46,19551,Normal,Normal,False,"This flow was flagged as Normal with 100.0% confidence. Main reasons: unusually low source time-to-live, reduced connections with the same state and TTL, elevated connections to the same service and destination, typical recent connections between this source and destination. Suggested action: No action required.",True,True,True,4,4,4,0,0,True,True,3,0,0,1,0,False
48f,46,20708,Normal,Normal,False,"This flow was flagged as Normal with 100.0% confidence. Main reasons: unusually low source time-to-live, reduced connections with the same state and TTL, typical connections to the same service from this source, typical connections to the same service and destination. Suggested action: No action required.",True,True,True,4,4,4,0,0,True,True,2,0,0,2,0,False
48f,46,20806,Normal,Normal,False,"This flow was flagged as Normal with 100.0% confidence. Main reasons: unusually low source time-to-live, reduced connections with the same state and TTL. Suggested action: No action required.",True,True,True,2,2,2,0,0,True,True,2,0,0,0,0,False
48f,46,20840,Normal,Normal,False,"This flow was flagged as Normal with 100.0% confidence. Main reasons: unusually low source time-to-live, reduced connections with the same state and TTL, unusually high connections to the same service from this source, elevated connections to the same service and destination. Suggested action: No action required.",True,True,True,4,4,4,0,0,True,True,4,0,0,0,0,False
48f,46,22556,Normal,Normal,False,"This flow was flagged as Normal with 100.0% confidence. Main reasons: unusually low source time-to-live, reduced connections with the same state and TTL, typical connections to the same service from this source. Suggested action: No action required.",True,True,True,3,3,3,0,0,True,True,2,0,0,1,0,False
48f,46,22982,Normal,Normal,False,"This flow was flagged as Normal with 100.0% confidence. Main reasons: unusually low source time-to-live, reduced connections with the same state and TTL, typical connections to the same service and destination. Suggested action: No action required.",True,True,True,3,3,3,0,0,True,True,2,0,0,1,0,False
48f,46,22995,Normal,Normal,False,"This flow was flagged as Normal with 100.0% confidence. Main reasons: unusually low source time-to-live, reduced connections with the same state and TTL. Suggested action: No action required.",True,True,True,2,2,2,0,0,True,True,2,0,0,0,0,False
48f,46,24166,Normal,Normal,False,"This flow was flagged as Normal with 100.0% confidence. Main reasons: unusually low source time-to-live, reduced connections with the same state and TTL, elevated connections to the same service from this source. Suggested action: No action required.",True,True,True,3,3,3,0,0,True,True,3,0,0,0,0,False
48f,46,24367,Normal,Normal,False,"This flow was flagged as Normal with 100.0% confidence. Main reasons: unusually low source time-to-live, reduced connections with the same state and TTL, typical bytes sent by the source. Suggested action: No action required.",True,True,True,3,3,3,0,0,True,True,2,0,0,1,0,False
48f,46,25553,Overlap-Group-1,Overlap-Group-1,False,"This flow was flagged as Overlap-Group-1 with 73.1% confidence. Main reasons: typical response body len, extremely high recent connections to this destination, reduced average packet size, reduced source time-to-live, typical bytes sent by the destination. Suggested action: Flagged as DoS, Backdoor, or Analysis-type behavior — this dataset's flow-level features can't reliably distinguish the three. Escalate for manual / packet-level inspection to determine the specific subtype.",True,True,True,5,5,5,0,0,True,True,1,2,0,2,2,False
48f,46,25584,Unknown,Overlap-Group-1,True,"This flow was flagged as an unrecognized (potential zero-day) pattern with 45.5% confidence. Main reasons: typical response body len, reduced source time-to-live, reduced average packet size, typical bytes sent by the source. Suggested action: Unrecognized pattern — escalate to a human analyst for manual review.",True,True,True,4,4,4,0,0,True,True,0,2,0,2,2,False
48f,46,26757,Overlap-Group-1,Overlap-Group-1,False,"This flow was flagged as Overlap-Group-1 with 67.2% confidence. Main reasons: extremely high recent connections to this destination, typical response body len, reduced average packet size, reduced source time-to-live. Suggested action: Flagged as DoS, Backdoor, or Analysis-type behavior — this dataset's flow-level features can't reliably distinguish the three. Escalate for manual / packet-level inspection to determine the specific subtype.",True,True,True,4,4,4,0,0,True,True,1,2,0,1,2,False
48f,46,27195,Overlap-Group-1,Overlap-Group-1,False,"This flow was flagged as Overlap-Group-1 with 60.9% confidence. Main reasons: extremely high recent connections to this destination, reduced source time-to-live, reduced average packet size, typical response body len. Suggested action: Flagged as DoS, Backdoor, or Analysis-type behavior — this dataset's flow-level features can't reliably distinguish the three. Escalate for manual / packet-level inspection to determine the specific subtype.",True,True,True,4,4,4,0,0,True,True,1,2,0,1,2,False
48f,46,27915,Fuzzers,Fuzzers,False,"This flow was flagged as Fuzzers with 72.8% confidence. Main reasons: unusually high source time-to-live, unusually high recent connections from this source to the same destination port, network protocol=udp, network service=-. Suggested action: Inspect the application for crash logs; consider input validation hardening.",True,True,True,2,2,2,2,2,True,True,2,0,0,0,0,False
48f,46,28044,Unknown,Fuzzers,True,"This flow was flagged as an unrecognized (potential zero-day) pattern with 50.3% confidence. Main reasons: unusually high source time-to-live, reduced mean packet size from source, reduced average packet size. Suggested action: Unrecognized pattern — escalate to a human analyst for manual review.",True,True,True,3,3,3,0,0,True,True,2,1,0,0,1,False
48f,46,28315,Reconnaissance,Reconnaissance,False,"This flow was flagged as Reconnaissance with 99.9% confidence. Main reasons: reduced average packet size, reduced mean packet size from source, typical bytes sent by the source, reduced mean packet size from destination, typical total bytes transferred. Suggested action: Flag source IP for monitoring; likely pre-attack scanning.",True,True,True,5,5,5,0,0,True,True,3,0,0,2,0,False
48f,46,28709,Reconnaissance,Reconnaissance,False,"This flow was flagged as Reconnaissance with 67.8% confidence. Main reasons: reduced mean packet size from destination, network service=http, reduced recent connections between this source and destination, typical total bytes transferred, reduced connections to the same service from this source. Suggested action: Flag source IP for monitoring; likely pre-attack scanning.",True,True,True,4,4,4,1,1,True,True,3,0,0,1,0,False
48f,46,28889,Fuzzers,Fuzzers,False,"This flow was flagged as Fuzzers with 85.3% confidence. Main reasons: typical bytes sent by the destination, typical bytes sent by the source, unusually high source time-to-live, network service=-. Suggested action: Inspect the application for crash logs; consider input validation hardening.",True,True,True,3,3,3,1,1,True,True,1,0,0,2,0,False
48f,46,29029,Overlap-Group-1,Overlap-Group-1,False,"This flow was flagged as Overlap-Group-1 with 74.7% confidence. Main reasons: unusually high source time-to-live, reduced connections to the same service and destination, typical response body len, typical bytes sent by the destination. Suggested action: Flagged as DoS, Backdoor, or Analysis-type behavior — this dataset's flow-level features can't reliably distinguish the three. Escalate for manual / packet-level inspection to determine the specific subtype.",True,True,True,4,4,4,0,0,True,True,2,0,0,2,0,False
48f,46,29161,Overlap-Group-1,Overlap-Group-1,False,"This flow was flagged as Overlap-Group-1 with 72.4% confidence. Main reasons: typical response body len, reduced average packet size, reduced source time-to-live, reduced connections to the same service and destination. Suggested action: Flagged as DoS, Backdoor, or Analysis-type behavior — this dataset's flow-level features can't reliably distinguish the three. Escalate for manual / packet-level inspection to determine the specific subtype.",True,True,True,4,4,4,0,0,True,True,1,2,0,1,2,False
48f,46,29256,Reconnaissance,Reconnaissance,False,"This flow was flagged as Reconnaissance with 99.8% confidence. Main reasons: reduced average packet size, typical bytes sent by the source, reduced mean packet size from source, reduced mean packet size from destination, typical total bytes transferred. Suggested action: Flag source IP for monitoring; likely pre-attack scanning.",True,True,True,5,5,5,0,0,True,True,3,0,0,2,0,False
48f,46,29301,Unknown,Overlap-Group-1,True,"This flow was flagged as an unrecognized (potential zero-day) pattern with 36.6% confidence. Main reasons: reduced connections to the same service and destination, extremely high average packet size, reduced recent connections between this source and destination. Suggested action: Unrecognized pattern — escalate to a human analyst for manual review.",True,True,True,3,3,3,0,0,True,True,3,0,0,0,0,False
48f,46,29377,Unknown,Exploits,True,"This flow was flagged as an unrecognized (potential zero-day) pattern with 45.7% confidence. Main reasons: network service=http, reduced connections to the same service and destination, unusually high destination time-to-live, typical mean packet size from destination. Suggested action: Unrecognized pattern — escalate to a human analyst for manual review.",True,True,True,3,3,3,1,1,True,True,2,0,0,1,0,False
48f,46,29461,Exploits,Exploits,False,"This flow was flagged as Exploits with 95.0% confidence. Main reasons: typical bytes sent by the destination, reduced source time-to-live, reduced connections to the same service and destination, network service=http, typical dloss. Suggested action: Isolate the target host and check for unpatched vulnerabilities.",True,True,True,4,4,4,1,1,True,True,1,1,0,2,1,False
48f,46,29748,Overlap-Group-1,Overlap-Group-1,False,"This flow was flagged as Overlap-Group-1 with 55.0% confidence. Main reasons: typical bytes sent by the destination, unusually high source time-to-live, reduced average packet size, reduced connections to the same service and destination. Suggested action: Flagged as DoS, Backdoor, or Analysis-type behavior — this dataset's flow-level features can't reliably distinguish the three. Escalate for manual / packet-level inspection to determine the specific subtype.",True,True,True,4,4,4,0,0,True,True,2,1,0,1,1,False
48f,46,30230,Reconnaissance,Reconnaissance,False,"This flow was flagged as Reconnaissance with 99.4% confidence. Main reasons: typical bytes sent by the source, typical total bytes transferred, reduced mean packet size from destination, reduced mean packet size from source, reduced average packet size. Suggested action: Flag source IP for monitoring; likely pre-attack scanning.",True,True,True,5,5,5,0,0,True,True,3,0,0,2,0,False
48f,46,30277,Unknown,Exploits,True,"This flow was flagged as an unrecognized (potential zero-day) pattern with 48.9% confidence. Main reasons: reduced connections to the same service and destination, reduced recent connections between this source and destination, unusually high average packet size. Suggested action: Unrecognized pattern — escalate to a human analyst for manual review.",True,True,True,3,3,3,0,0,True,True,3,0,0,0,0,False
48f,46,30279,Exploits,Exploits,False,"This flow was flagged as Exploits with 83.2% confidence. Main reasons: extremely high mean packet size from source, reduced connections to the same service and destination, typical total bytes transferred, typical flow duration, reduced recent connections between this source and destination. Suggested action: Isolate the target host and check for unpatched vulnerabilities.",True,True,True,5,5,5,0,0,True,True,2,1,0,2,1,False
48f,46,30326,Exploits,Exploits,False,"This flow was flagged as Exploits with 99.0% confidence. Main reasons: reduced source time-to-live, reduced connections to the same service and destination, reduced mean packet size from source, network service=pop3, extremely high average packet size. Suggested action: Isolate the target host and check for unpatched vulnerabilities.",True,True,True,4,4,4,1,1,True,True,3,1,0,0,1,False
48f,46,30501,Exploits,Exploits,False,"This flow was flagged as Exploits with 97.8% confidence. Main reasons: network service=smtp, extremely high mean packet size from source, reduced connections to the same service and destination, reduced source time-to-live, unusually high destination time-to-live. Suggested action: Isolate the target host and check for unpatched vulnerabilities.",True,True,True,4,4,4,1,1,True,True,2,2,0,0,2,False
48f,46,30562,Exploits,Exploits,False,"This flow was flagged as Exploits with 67.9% confidence. Main reasons: reduced recent connections between this source and destination, extremely high mean packet size from source, typical total bytes transferred, extremely high average packet size. Suggested action: Isolate the target host and check for unpatched vulnerabilities.",True,True,True,4,4,4,0,0,True,True,2,1,0,1,1,False
48f,46,30603,Unknown,Exploits,True,"This flow was flagged as an unrecognized (potential zero-day) pattern with 34.4% confidence. Main reasons: reduced recent connections between this source and destination, reduced mean packet size from source. Suggested action: Unrecognized pattern — escalate to a human analyst for manual review.",True,True,True,2,2,2,0,0,True,True,2,0,0,0,0,False
48f,46,30781,Reconnaissance,Reconnaissance,False,"This flow was flagged as Reconnaissance with 99.9% confidence. Main reasons: reduced average packet size, reduced mean packet size from source, typical bytes sent by the source, reduced mean packet size from destination, typical total bytes transferred. Suggested action: Flag source IP for monitoring; likely pre-attack scanning.",True,True,True,5,5,5,0,0,True,True,3,0,0,2,0,False
48f,46,31245,Exploits,Exploits,False,"This flow was flagged as Exploits with 91.2% confidence. Main reasons: reduced connections to the same service and destination, reduced source time-to-live, network service=smtp, unusually high destination time-to-live, typical total bytes transferred. Suggested action: Isolate the target host and check for unpatched vulnerabilities.",True,True,True,4,4,4,1,1,True,True,2,1,0,1,1,False
48f,46,31349,Reconnaissance,Reconnaissance,False,"This flow was flagged as Reconnaissance with 71.4% confidence. Main reasons: reduced mean packet size from destination, reduced recent connections between this source and destination, reduced mean packet size from source, network service=http, typical total bytes transferred. Suggested action: Flag source IP for monitoring; likely pre-attack scanning.",True,True,True,4,4,4,1,1,True,True,3,0,0,1,0,False
48f,46,31809,Exploits,Exploits,False,"This flow was flagged as Exploits with 62.5% confidence. Main reasons: network service=http, reduced average packet size, typical source-to-destination byte ratio, unusually high destination time-to-live. Suggested action: Isolate the target host and check for unpatched vulnerabilities.",True,True,True,3,3,3,1,1,True,True,1,1,0,1,1,False
48f,46,32042,Unknown,Fuzzers,True,"This flow was flagged as an unrecognized (potential zero-day) pattern with 35.8% confidence. Main reasons: typical bytes sent by the destination, unusually high source time-to-live. Suggested action: Unrecognized pattern — escalate to a human analyst for manual review.",True,True,True,2,2,2,0,0,True,True,1,0,0,1,0,False
48f,46,32134,Unknown,Fuzzers,True,"This flow was flagged as an unrecognized (potential zero-day) pattern with 38.0% confidence. Main reasons: unusually high source time-to-live, reduced average packet size, typical source jitter. Suggested action: Unrecognized pattern — escalate to a human analyst for manual review.",True,True,True,3,3,3,0,0,True,True,2,0,0,1,0,False
48f,46,32186,Overlap-Group-1,Overlap-Group-1,False,"This flow was flagged as Overlap-Group-1 with 97.8% confidence. Main reasons: extremely high number of packets sent by the source, extremely high sloss, typical bytes sent by the destination, typical average packet size, unusually high total bytes transferred. Suggested action: Flagged as DoS, Backdoor, or Analysis-type behavior — this dataset's flow-level features can't reliably distinguish the three. Escalate for manual / packet-level inspection to determine the specific subtype.",True,True,True,5,5,5,0,0,True,True,0,3,0,2,3,False
48f,46,32238,Reconnaissance,Reconnaissance,False,"This flow was flagged as Reconnaissance with 82.1% confidence. Main reasons: reduced mean packet size from destination, reduced recent connections between this source and destination, reduced mean packet size from source, network service=http, typical total bytes transferred. Suggested action: Flag source IP for monitoring; likely pre-attack scanning.",True,True,True,4,4,4,1,1,True,True,3,0,0,1,0,False
48f,46,32744,Reconnaissance,Reconnaissance,False,"This flow was flagged as Reconnaissance with 99.8% confidence. Main reasons: reduced average packet size, typical bytes sent by the source, reduced mean packet size from source, typical total bytes transferred. Suggested action: Flag source IP for monitoring; likely pre-attack scanning.",True,True,True,4,4,4,0,0,True,True,2,0,0,2,0,False
48f,46,33136,Generic,Generic,False,"This flow was flagged as Generic with 99.9% confidence. Main reasons: typical total bytes transferred, network service=dns, typical bytes sent by the source, reduced average packet size. Suggested action: Review firewall rules for this flow's protocol/service combination.",True,True,True,3,3,3,1,1,True,True,0,1,0,2,1,False
48f,46,33158,Exploits,Exploits,False,"This flow was flagged as Exploits with 86.8% confidence. Main reasons: reduced connections to the same service and destination, typical total bytes transferred, reduced recent connections between this source and destination, typical source-to-destination byte ratio, unusually high destination time-to-live. Suggested action: Isolate the target host and check for unpatched vulnerabilities.",True,True,True,5,5,5,0,0,True,True,3,0,0,2,0,False
48f,46,33339,Overlap-Group-1,Overlap-Group-1,False,"This flow was flagged as Overlap-Group-1 with 57.7% confidence. Main reasons: network protocol=unas, reduced average packet size, typical bytes sent by the source, unusually high source time-to-live. Suggested action: Flagged as DoS, Backdoor, or Analysis-type behavior — this dataset's flow-level features can't reliably distinguish the three. Escalate for manual / packet-level inspection to determine the specific subtype.",True,True,True,3,3,3,1,1,True,True,1,1,0,1,1,False
48f,46,33343,Overlap-Group-1,Overlap-Group-1,False,"This flow was flagged as Overlap-Group-1 with 57.7% confidence. Main reasons: network protocol=unas, reduced average packet size, typical bytes sent by the source, unusually high source time-to-live. Suggested action: Flagged as DoS, Backdoor, or Analysis-type behavior — this dataset's flow-level features can't reliably distinguish the three. Escalate for manual / packet-level inspection to determine the specific subtype.",True,True,True,3,3,3,1,1,True,True,1,1,0,1,1,False
48f,46,33404,Exploits,Exploits,False,"This flow was flagged as Exploits with 98.3% confidence. Main reasons: reduced source time-to-live, reduced connections to the same service and destination, elevated total bytes transferred, reduced mean packet size from source, network service=pop3. Suggested action: Isolate the target host and check for unpatched vulnerabilities.",True,True,True,4,4,4,1,1,True,True,3,1,0,0,1,False
48f,46,33434,Generic,Generic,False,"This flow was flagged as Generic with 99.9% confidence. Main reasons: typical total bytes transferred, network service=dns, typical bytes sent by the source, unusually high connections to the same service and destination. Suggested action: Review firewall rules for this flow's protocol/service combination.",True,True,True,3,3,3,1,1,True,True,0,1,0,2,1,False
48f,46,33751,Overlap-Group-1,Overlap-Group-1,False,"This flow was flagged as Overlap-Group-1 with 59.0% confidence. Main reasons: network protocol=unas, reduced average packet size, typical bytes sent by the source, unusually high source time-to-live. Suggested action: Flagged as DoS, Backdoor, or Analysis-type behavior — this dataset's flow-level features can't reliably distinguish the three. Escalate for manual / packet-level inspection to determine the specific subtype.",True,True,True,3,3,3,1,1,True,True,1,1,0,1,1,False
48f,46,33896,Reconnaissance,Reconnaissance,False,"This flow was flagged as Reconnaissance with 67.9% confidence. Main reasons: reduced mean packet size from destination, reduced mean packet size from source, reduced recent connections between this source and destination, network service=http. Suggested action: Flag source IP for monitoring; likely pre-attack scanning.",True,True,True,3,3,3,1,1,True,True,3,0,0,0,0,False
48f,46,33933,Generic,Generic,False,"This flow was flagged as Generic with 99.9% confidence. Main reasons: typical total bytes transferred, network service=dns, typical bytes sent by the source, elevated connections to the same service and destination. Suggested action: Review firewall rules for this flow's protocol/service combination.",True,True,True,3,3,3,1,1,True,True,0,1,0,2,1,False
48f,46,34444,Unknown,Exploits,True,"This flow was flagged as an unrecognized (potential zero-day) pattern with 46.2% confidence. Main reasons: reduced connections to the same service and destination, reduced source time-to-live, network service=smtp. Suggested action: Unrecognized pattern — escalate to a human analyst for manual review.",True,True,True,2,2,2,1,1,True,True,1,1,0,0,1,False
48f,46,34524,Reconnaissance,Reconnaissance,False,"This flow was flagged as Reconnaissance with 99.8% confidence. Main reasons: reduced average packet size, typical bytes sent by the source, reduced mean packet size from source, reduced mean packet size from destination, typical total bytes transferred. Suggested action: Flag source IP for monitoring; likely pre-attack scanning.",True,True,True,5,5,5,0,0,True,True,3,0,0,2,0,False
48f,46,34575,Reconnaissance,Reconnaissance,False,"This flow was flagged as Reconnaissance with 99.9% confidence. Main reasons: reduced average packet size, reduced mean packet size from source, typical bytes sent by the source, reduced mean packet size from destination, typical total bytes transferred. Suggested action: Flag source IP for monitoring; likely pre-attack scanning.",True,True,True,5,5,5,0,0,True,True,3,0,0,2,0,False
48f,46,34974,Generic,Generic,False,"This flow was flagged as Generic with 99.6% confidence. Main reasons: typical total bytes transferred, network service=dns, typical bytes sent by the source. Suggested action: Review firewall rules for this flow's protocol/service combination.",True,True,True,2,2,2,1,1,True,True,0,0,0,2,0,False
48f,46,35130,Unknown,Overlap-Group-1,True,"This flow was flagged as an unrecognized (potential zero-day) pattern with 50.2% confidence. Main reasons: network protocol=xtp, reduced average packet size, typical bytes sent by the source. Suggested action: Unrecognized pattern — escalate to a human analyst for manual review.",True,True,True,2,2,2,1,1,True,True,0,1,0,1,1,False
48f,46,35181,Overlap-Group-1,Overlap-Group-1,False,"This flow was flagged as Overlap-Group-1 with 59.8% confidence. Main reasons: network protocol=unas, reduced average packet size, typical bytes sent by the source, unusually high source time-to-live. Suggested action: Flagged as DoS, Backdoor, or Analysis-type behavior — this dataset's flow-level features can't reliably distinguish the three. Escalate for manual / packet-level inspection to determine the specific subtype.",True,True,True,3,3,3,1,1,True,True,1,1,0,1,1,False
48f,46,35193,Reconnaissance,Reconnaissance,False,"This flow was flagged as Reconnaissance with 99.7% confidence. Main reasons: reduced average packet size, typical bytes sent by the source, reduced mean packet size from source, reduced mean packet size from destination, typical total bytes transferred. Suggested action: Flag source IP for monitoring; likely pre-attack scanning.",True,True,True,5,5,5,0,0,True,True,3,0,0,2,0,False
48f,46,35268,Overlap-Group-1,Overlap-Group-1,False,"This flow was flagged as Overlap-Group-1 with 59.7% confidence. Main reasons: network protocol=unas, reduced average packet size, typical bytes sent by the source, unusually high source time-to-live. Suggested action: Flagged as DoS, Backdoor, or Analysis-type behavior — this dataset's flow-level features can't reliably distinguish the three. Escalate for manual / packet-level inspection to determine the specific subtype.",True,True,True,3,3,3,1,1,True,True,1,1,0,1,1,False
48f,46,35455,Unknown,Overlap-Group-1,True,"This flow was flagged as an unrecognized (potential zero-day) pattern with 44.6% confidence. Main reasons: network protocol=ipv6-route, reduced average packet size, typical bytes sent by the source, unusually high source time-to-live. Suggested action: Unrecognized pattern — escalate to a human analyst for manual review.",True,True,True,3,3,3,1,1,True,True,1,1,0,1,1,False
48f,46,35813,Unknown,Overlap-Group-1,True,"This flow was flagged as an unrecognized (potential zero-day) pattern with 43.5% confidence. Main reasons: reduced connections to the same service and destination, reduced mean packet size from source, reduced recent connections between this source and destination. Suggested action: Unrecognized pattern — escalate to a human analyst for manual review.",True,True,True,3,3,3,0,0,True,True,3,0,0,0,0,False
48f,46,35878,Unknown,Exploits,True,"This flow was flagged as an unrecognized (potential zero-day) pattern with 44.4% confidence. Main reasons: reduced recent connections between this source and destination, typical source-to-destination byte ratio, typical total bytes transferred. Suggested action: Unrecognized pattern — escalate to a human analyst for manual review.",True,True,True,3,3,3,0,0,True,True,1,0,0,2,0,False
48f,46,36203,Overlap-Group-1,Overlap-Group-1,False,"This flow was flagged as Overlap-Group-1 with 61.9% confidence. Main reasons: network protocol=unas, reduced average packet size, typical bytes sent by the source. Suggested action: Flagged as DoS, Backdoor, or Analysis-type behavior — this dataset's flow-level features can't reliably distinguish the three. Escalate for manual / packet-level inspection to determine the specific subtype.",True,True,True,2,2,2,1,1,True,True,0,1,0,1,1,False
48f,46,36360,Reconnaissance,Reconnaissance,False,"This flow was flagged as Reconnaissance with 100.0% confidence. Main reasons: reduced average packet size, reduced mean packet size from source, typical bytes sent by the source, reduced mean packet size from destination, typical total bytes transferred. Suggested action: Flag source IP for monitoring; likely pre-attack scanning.",True,True,True,5,5,5,0,0,True,True,3,0,0,2,0,False
48f,46,36615,Exploits,Exploits,False,"This flow was flagged as Exploits with 68.2% confidence. Main reasons: reduced connections to the same service and destination, typical total bytes transferred, reduced recent connections between this source and destination, reduced average packet size. Suggested action: Isolate the target host and check for unpatched vulnerabilities.",True,True,True,4,4,4,0,0,True,True,2,1,0,1,1,False
48f,46,36768,Overlap-Group-1,Overlap-Group-1,False,"This flow was flagged as Overlap-Group-1 with 51.1% confidence. Main reasons: typical bytes sent by the source, reduced connections to the same service from this source, typical total bytes transferred. Suggested action: Flagged as DoS, Backdoor, or Analysis-type behavior — this dataset's flow-level features can't reliably distinguish the three. Escalate for manual / packet-level inspection to determine the specific subtype.",True,True,True,3,3,3,0,0,True,True,1,0,0,2,0,False
48f,46,37040,Fuzzers,Fuzzers,False,"This flow was flagged as Fuzzers with 76.0% confidence. Main reasons: typical bytes sent by the source, unusually high source time-to-live, typical source-to-destination byte ratio. Suggested action: Inspect the application for crash logs; consider input validation hardening.",True,True,True,3,3,3,0,0,True,True,1,0,0,2,0,False
48f,46,37295,Exploits,Exploits,False,"This flow was flagged as Exploits with 58.4% confidence. Main reasons: reduced source time-to-live, typical mean packet size from destination, reduced connections to the same service and destination. Suggested action: Isolate the target host and check for unpatched vulnerabilities.",True,True,True,3,3,3,0,0,True,True,1,1,0,1,1,False
48f,46,37336,Generic,Generic,False,"This flow was flagged as Generic with 99.6% confidence. Main reasons: typical total bytes transferred, network service=dns, typical bytes sent by the source. Suggested action: Review firewall rules for this flow's protocol/service combination.",True,True,True,2,2,2,1,1,True,True,0,0,0,2,0,False
48f,46,37404,Generic,Generic,False,"This flow was flagged as Generic with 99.8% confidence. Main reasons: typical total bytes transferred, network service=dns, typical bytes sent by the source. Suggested action: Review firewall rules for this flow's protocol/service combination.",True,True,True,2,2,2,1,1,True,True,0,0,0,2,0,False
48f,46,37794,Exploits,Exploits,False,"This flow was flagged as Exploits with 64.1% confidence. Main reasons: reduced connections to the same service and destination, extremely high source-to-destination byte ratio, reduced recent connections between this source and destination, typical total bytes transferred. Suggested action: Isolate the target host and check for unpatched vulnerabilities.",True,True,True,4,4,4,0,0,True,True,3,0,0,1,0,False
48f,46,38015,Exploits,Exploits,False,"This flow was flagged as Exploits with 67.5% confidence. Main reasons: reduced recent connections between this source and destination, reduced SYN-ACK handshake time, unusually high source time-to-live. Suggested action: Isolate the target host and check for unpatched vulnerabilities.",True,True,True,3,3,3,0,0,True,True,2,0,1,0,0,False
48f,46,38268,Generic,Generic,False,"This flow was flagged as Generic with 99.6% confidence. Main reasons: typical total bytes transferred, network service=dns, typical bytes sent by the source. Suggested action: Review firewall rules for this flow's protocol/service combination.",True,True,True,2,2,2,1,1,True,True,0,0,0,2,0,False
48f,46,38488,Unknown,Exploits,True,"This flow was flagged as an unrecognized (potential zero-day) pattern with 49.7% confidence. Main reasons: reduced recent connections between this source and destination, typical average packet size, typical mean packet size from source. Suggested action: Unrecognized pattern — escalate to a human analyst for manual review.",True,True,True,3,3,3,0,0,True,True,1,0,0,2,0,False
48f,46,38520,Exploits,Exploits,False,"This flow was flagged as Exploits with 87.6% confidence. Main reasons: reduced connections to the same service and destination, reduced source time-to-live, unusually high stcpb, typical total bytes transferred. Suggested action: Isolate the target host and check for unpatched vulnerabilities.",True,True,True,4,4,4,0,0,True,True,1,2,0,1,2,False
48f,46,38619,Generic,Generic,False,"This flow was flagged as Generic with 99.9% confidence. Main reasons: typical total bytes transferred, network service=dns, typical bytes sent by the source, reduced average packet size. Suggested action: Review firewall rules for this flow's protocol/service combination.",True,True,True,3,3,3,1,1,True,True,0,1,0,2,1,False
48f,46,38699,Exploits,Exploits,False,"This flow was flagged as Exploits with 84.5% confidence. Main reasons: reduced connections to the same service and destination, reduced recent connections between this source and destination, reduced destination data load, typical flow duration. Suggested action: Isolate the target host and check for unpatched vulnerabilities.",True,True,True,4,4,4,0,0,True,True,3,0,0,1,0,False
48f,46,39202,Unknown,Overlap-Group-1,True,"This flow was flagged as an unrecognized (potential zero-day) pattern with 48.2% confidence. Main reasons: typical bytes sent by the destination, reduced connections to the same service and destination, reduced source time-to-live, reduced average packet size. Suggested action: Unrecognized pattern — escalate to a human analyst for manual review.",True,True,True,4,4,4,0,0,True,True,1,2,0,1,2,False
48f,46,39391,Generic,Generic,False,"This flow was flagged as Generic with 63.2% confidence. Main reasons: unusually high mean packet size from source, typical bytes sent by the source, reduced recent connections between this source and destination, unusually low source-to-destination packet ratio. Suggested action: Review firewall rules for this flow's protocol/service combination.",True,True,True,4,4,4,0,0,True,True,3,0,0,1,0,False
48f,46,40206,Exploits,Exploits,False,"This flow was flagged as Exploits with 97.5% confidence. Main reasons: reduced connections to the same service and destination, reduced source time-to-live, typical dloss, typical average packet size, typical total bytes transferred. Suggested action: Isolate the target host and check for unpatched vulnerabilities.",True,True,True,5,5,5,0,0,True,True,1,1,0,3,1,False
48f,46,40944,Normal,Normal,False,"This flow was flagged as Normal with 99.9% confidence. Main reasons: extremely high connections with the same state and TTL, unusually high connections to the same service and destination, reduced average packet size, unusually high connections to the same service from this source. Suggested action: No action required.",True,True,True,4,4,4,0,0,True,True,2,2,0,0,2,False
48f,46,41536,Unknown,Normal,True,"This flow was flagged as an unrecognized (potential zero-day) pattern with 47.3% confidence. Main reasons: reduced connections to the same service and destination, extremely high SYN-ACK handshake time, unusually high TCP round-trip time. Suggested action: Unrecognized pattern — escalate to a human analyst for manual review.",True,True,True,3,3,3,0,0,True,True,2,1,0,0,1,False
48f,46,42172,Unknown,Fuzzers,True,"This flow was flagged as an unrecognized (potential zero-day) pattern with 50.1% confidence. Main reasons: unusually high source time-to-live, reduced recent connections between this source and destination, reduced average packet size, reduced mean packet size from source. Suggested action: Unrecognized pattern — escalate to a human analyst for manual review.",True,True,True,4,4,4,0,0,True,True,2,2,0,0,2,False
48f,46,42285,Unknown,Normal,True,"This flow was flagged as an unrecognized (potential zero-day) pattern with 50.0% confidence. Main reasons: typical bytes sent by the source, elevated mean packet size from source, reduced connections to the same service and destination, typical recent connections between this source and destination. Suggested action: Unrecognized pattern — escalate to a human analyst for manual review.",True,True,True,4,4,4,0,0,True,True,0,1,1,2,1,False
48f,46,42403,Fuzzers,Fuzzers,False,"This flow was flagged as Fuzzers with 96.6% confidence. Main reasons: unusually high source time-to-live, extremely high recent connections from this source, elevated mean packet size from source, network service=-, reduced recent connections between this source and destination. Suggested action: Inspect the application for crash logs; consider input validation hardening.",True,True,True,4,4,4,1,1,True,True,2,2,0,0,2,False
48f,46,42535,Unknown,Overlap-Group-1,True,"This flow was flagged as an unrecognized (potential zero-day) pattern with 46.0% confidence. Main reasons: typical response body len, reduced source time-to-live, typical bytes sent by the source, reduced average packet size. Suggested action: Unrecognized pattern — escalate to a human analyst for manual review.",True,True,True,4,4,4,0,0,True,True,0,2,0,2,2,False
48f,46,42558,Unknown,Normal,True,"This flow was flagged as an unrecognized (potential zero-day) pattern with 49.9% confidence. Main reasons: typical bytes sent by the source, typical connections to the same service and destination, typical mean packet size from destination. Suggested action: Unrecognized pattern — escalate to a human analyst for manual review.",True,True,True,3,3,3,0,0,True,True,0,0,0,3,0,False
48f,46,42627,Overlap-Group-1,Overlap-Group-1,False,"This flow was flagged as Overlap-Group-1 with 51.6% confidence. Main reasons: typical response body len, reduced source time-to-live, reduced average packet size, typical bytes sent by the source, unusually high ACK data time. Suggested action: Flagged as DoS, Backdoor, or Analysis-type behavior — this dataset's flow-level features can't reliably distinguish the three. Escalate for manual / packet-level inspection to determine the specific subtype.",True,True,True,5,5,5,0,0,True,True,1,2,0,2,2,False
48f,46,43116,Exploits,Exploits,False,"This flow was flagged as Exploits with 63.5% confidence. Main reasons: reduced connections to the same service and destination, reduced source time-to-live, network service=http. Suggested action: Isolate the target host and check for unpatched vulnerabilities.",True,True,True,2,2,2,1,1,True,True,1,1,0,0,1,False
48f,46,43220,Fuzzers,Fuzzers,False,"This flow was flagged as Fuzzers with 59.4% confidence. Main reasons: unusually high source time-to-live, unusually high recent connections from this source, typical bytes sent by the source, elevated mean packet size from source, typical recent connections between this source and destination. Suggested action: Inspect the application for crash logs; consider input validation hardening.",True,True,True,5,5,5,0,0,True,True,2,1,0,2,1,False
48f,46,43493,Fuzzers,Fuzzers,False,"This flow was flagged as Fuzzers with 92.7% confidence. Main reasons: typical bytes sent by the source, unusually high source time-to-live, reduced average packet size, typical recent connections between this source and destination, reduced connections to the same service and destination. Suggested action: Inspect the application for crash logs; consider input validation hardening.",True,True,True,5,5,5,0,0,True,True,2,1,0,2,1,False
48f,46,43503,Overlap-Group-1,Overlap-Group-1,False,"This flow was flagged as Overlap-Group-1 with 65.9% confidence. Main reasons: extremely high ct flw http mthd, reduced average packet size, typical response body len, reduced source time-to-live, typical source jitter. Suggested action: Flagged as DoS, Backdoor, or Analysis-type behavior — this dataset's flow-level features can't reliably distinguish the three. Escalate for manual / packet-level inspection to determine the specific subtype.",True,True,True,5,5,5,0,0,True,True,1,2,0,2,2,False
48f,46,44283,Fuzzers,Fuzzers,False,"This flow was flagged as Fuzzers with 80.5% confidence. Main reasons: unusually high source time-to-live, reduced mean packet size from source, reduced average packet size, reduced recent connections between this source and destination, typical source-to-destination byte ratio. Suggested action: Inspect the application for crash logs; consider input validation hardening.",True,True,True,5,5,5,0,0,True,True,2,2,0,1,2,False
48f,46,44587,Unknown,Fuzzers,True,"This flow was flagged as an unrecognized (potential zero-day) pattern with 45.9% confidence. Main reasons: unusually high source time-to-live, typical bytes sent by the destination, typical bytes sent by the source. Suggested action: Unrecognized pattern — escalate to a human analyst for manual review.",True,True,True,3,3,3,0,0,True,True,1,0,0,2,0,False
48f,46,44946,Unknown,Exploits,True,"This flow was flagged as an unrecognized (potential zero-day) pattern with 48.7% confidence. Main reasons: reduced recent connections between this source and destination, typical average packet size, reduced connections to the same service from this source. Suggested action: Unrecognized pattern — escalate to a human analyst for manual review.",True,True,True,3,3,3,0,0,True,True,2,0,0,1,0,False
48f,46,45827,Fuzzers,Fuzzers,False,"This flow was flagged as Fuzzers with 60.5% confidence. Main reasons: unusually high source time-to-live, elevated recent connections between this source and destination, typical bytes sent by the source, typical mean packet size from source, typical recent connections from this source to the same destination port. Suggested action: Inspect the application for crash logs; consider input validation hardening.",True,True,True,5,5,5,0,0,True,True,2,0,0,3,0,False
48f,46,46019,Fuzzers,Fuzzers,False,"This flow was flagged as Fuzzers with 55.7% confidence. Main reasons: reduced average packet size, unusually high source time-to-live, reduced recent connections between this source and destination. Suggested action: Inspect the application for crash logs; consider input validation hardening.",True,True,True,3,3,3,0,0,True,True,2,1,0,0,1,False
48f,46,46043,Fuzzers,Fuzzers,False,"This flow was flagged as Fuzzers with 58.3% confidence. Main reasons: unusually high source time-to-live, elevated recent connections between this source and destination, typical bytes sent by the source, typical source-to-destination byte ratio, reduced average packet size. Suggested action: Inspect the application for crash logs; consider input validation hardening.",True,True,True,5,5,5,0,0,True,True,3,0,0,2,0,False
48f,46,46267,Fuzzers,Fuzzers,False,"This flow was flagged as Fuzzers with 59.5% confidence. Main reasons: unusually high source time-to-live, reduced recent connections between this source and destination, elevated connections to the same service from this source, network service=-. Suggested action: Inspect the application for crash logs; consider input validation hardening.",True,True,True,3,3,3,1,1,True,True,2,1,0,0,1,False
48f,46,46548,Fuzzers,Fuzzers,False,"This flow was flagged as Fuzzers with 72.6% confidence. Main reasons: unusually high source time-to-live, network service=-, unusually high mean packet size from source, reduced destination data load. Suggested action: Inspect the application for crash logs; consider input validation hardening.",True,True,True,3,3,3,1,1,True,True,3,0,0,0,0,False
48f,46,46740,Unknown,Fuzzers,True,"This flow was flagged as an unrecognized (potential zero-day) pattern with 47.2% confidence. Main reasons: typical bytes sent by the destination, unusually high source time-to-live, typical bytes sent by the source. Suggested action: Unrecognized pattern — escalate to a human analyst for manual review.",True,True,True,3,3,3,0,0,True,True,1,0,0,2,0,False
48f,46,47123,Fuzzers,Fuzzers,False,"This flow was flagged as Fuzzers with 85.5% confidence. Main reasons: typical bytes sent by the destination, unusually high source time-to-live, reduced mean packet size from destination, typical bytes sent by the source. Suggested action: Inspect the application for crash logs; consider input validation hardening.",True,True,True,4,4,4,0,0,True,True,2,0,0,2,0,False
48f,46,47126,Unknown,Normal,True,"This flow was flagged as an unrecognized (potential zero-day) pattern with 44.5% confidence. Main reasons: typical source data load, typical bytes sent by the source, reduced destination data load. Suggested action: Unrecognized pattern — escalate to a human analyst for manual review.",True,True,True,3,3,3,0,0,True,True,1,0,0,2,0,False
48f,46,47344,Fuzzers,Fuzzers,False,"This flow was flagged as Fuzzers with 51.6% confidence. Main reasons: unusually high source time-to-live, unusually high recent connections between this source and destination, typical recent connections from this source to the same destination port, reduced average packet size. Suggested action: Inspect the application for crash logs; consider input validation hardening.",True,True,True,4,4,4,0,0,True,True,3,0,0,1,0,False
48f,46,47614,Unknown,Normal,True,"This flow was flagged as an unrecognized (potential zero-day) pattern with 44.1% confidence. Main reasons: typical bytes sent by the destination, reduced connections to the same service and destination, typical response body len. Suggested action: Unrecognized pattern — escalate to a human analyst for manual review.",True,True,True,3,3,3,0,0,True,True,0,1,0,2,1,False
48f,46,47626,Unknown,Normal,True,"This flow was flagged as an unrecognized (potential zero-day) pattern with 42.8% confidence. Main reasons: typical bytes sent by the destination, reduced connections to the same service and destination, typical response body len. Suggested action: Unrecognized pattern — escalate to a human analyst for manual review.",True,True,True,3,3,3,0,0,True,True,0,1,0,2,1,False
48f,46,48039,Unknown,Overlap-Group-1,True,"This flow was flagged as an unrecognized (potential zero-day) pattern with 41.5% confidence. Main reasons: reduced source time-to-live, reduced average packet size, typical response body len, typical bytes sent by the source. Suggested action: Unrecognized pattern — escalate to a human analyst for manual review.",True,True,True,4,4,4,0,0,True,True,0,2,0,2,2,False
48f,46,48203,Fuzzers,Fuzzers,False,"This flow was flagged as Fuzzers with 85.5% confidence. Main reasons: unusually high source time-to-live, elevated connections to the same service from this source, typical recent connections between this source and destination, typical bytes sent by the source, reduced connections to the same service and destination. Suggested action: Inspect the application for crash logs; consider input validation hardening.",True,True,True,5,5,5,0,0,True,True,2,1,0,2,1,False
48f,46,48674,Unknown,Overlap-Group-1,True,"This flow was flagged as an unrecognized (potential zero-day) pattern with 45.7% confidence. Main reasons: reduced average packet size, reduced source time-to-live, reduced connections to the same service and destination. Suggested action: Unrecognized pattern — escalate to a human analyst for manual review.",True,True,True,3,3,3,0,0,True,True,1,2,0,0,2,False
48f,46,48762,Fuzzers,Fuzzers,False,"This flow was flagged as Fuzzers with 83.0% confidence. Main reasons: typical bytes sent by the source, unusually high source time-to-live, reduced average packet size, reduced recent connections between this source and destination, network service=-. Suggested action: Inspect the application for crash logs; consider input validation hardening.",True,True,True,4,4,4,1,1,True,True,2,1,0,1,1,False
48f,46,48952,Normal,Normal,False,"This flow was flagged as Normal with 99.9% confidence. Main reasons: unusually high connections with the same state and TTL, typical connections to the same service and destination, typical bytes sent by the source, connection state=CON. Suggested action: No action required.",True,True,True,3,3,3,1,1,True,True,0,1,0,2,1,False
48f,46,49003,Normal,Normal,False,"This flow was flagged as Normal with 99.9% confidence. Main reasons: unusually high connections with the same state and TTL, typical bytes sent by the source, reduced connections to the same service and destination, connection state=CON. Suggested action: No action required.",True,True,True,3,3,3,1,1,True,True,0,2,0,1,2,False
48f,46,49725,Exploits,Exploits,False,"This flow was flagged as Exploits with 57.6% confidence. Main reasons: reduced mean packet size from source, reduced mean packet size from destination, reduced average packet size, typical source-to-destination packet ratio. Suggested action: Isolate the target host and check for unpatched vulnerabilities.",True,True,True,4,4,4,0,0,True,True,1,2,0,1,2,False
48f,46,50096,Unknown,Exploits,True,"This flow was flagged as an unrecognized (potential zero-day) pattern with 45.7% confidence. Main reasons: reduced connections to the same service and destination, typical flow duration. Suggested action: Unrecognized pattern — escalate to a human analyst for manual review.",True,True,True,2,2,2,0,0,True,True,1,0,0,1,0,False
48f,46,50144,Unknown,Normal,True,This flow was flagged as an unrecognized (potential zero-day) pattern with 45.3% confidence. Main reasons: typical bytes sent by the destination. Suggested action: Unrecognized pattern — escalate to a human analyst for manual review.,True,True,True,1,1,1,0,0,True,True,0,0,0,1,0,False
48f,46,50616,Unknown,Fuzzers,True,"This flow was flagged as an unrecognized (potential zero-day) pattern with 49.7% confidence. Main reasons: unusually high source time-to-live, typical bytes sent by the destination, extremely high mean packet size from source, typical recent connections between this source and destination. Suggested action: Unrecognized pattern — escalate to a human analyst for manual review.",True,True,True,4,4,4,0,0,True,True,2,0,0,2,0,False
48f,46,50735,Fuzzers,Fuzzers,False,"This flow was flagged as Fuzzers with 73.7% confidence. Main reasons: unusually high source time-to-live, elevated recent connections between this source and destination, typical bytes sent by the source, elevated mean packet size from source, network service=-. Suggested action: Inspect the application for crash logs; consider input validation hardening.",True,True,True,4,4,4,1,1,True,True,3,0,0,1,0,False
48f,46,51201,Fuzzers,Fuzzers,False,"This flow was flagged as Fuzzers with 73.2% confidence. Main reasons: unusually high source time-to-live, elevated recent connections between this source and destination, network protocol=udp, typical recent connections from this source to the same destination port. Suggested action: Inspect the application for crash logs; consider input validation hardening.",True,True,True,3,3,3,1,1,True,True,2,0,0,1,0,False
48f,46,51621,Unknown,Normal,True,"This flow was flagged as an unrecognized (potential zero-day) pattern with 42.4% confidence. Main reasons: typical connections to the same service and destination, unusually high SYN-ACK handshake time. Suggested action: Unrecognized pattern — escalate to a human analyst for manual review.",True,True,True,2,2,2,0,0,True,True,1,0,0,1,0,False
48f,46,51646,Unknown,Fuzzers,True,"This flow was flagged as an unrecognized (potential zero-day) pattern with 46.3% confidence. Main reasons: unusually high source time-to-live, network service=-, typical bytes sent by the source, reduced recent connections between this source and destination. Suggested action: Unrecognized pattern — escalate to a human analyst for manual review.",True,True,True,3,3,3,1,1,True,True,1,1,0,1,1,False
48f,46,51736,Unknown,Normal,True,"This flow was flagged as an unrecognized (potential zero-day) pattern with 50.0% confidence. Main reasons: typical connections to the same service and destination, typical bytes sent by the source, unusually high SYN-ACK handshake time, typical recent connections between this source and destination. Suggested action: Unrecognized pattern — escalate to a human analyst for manual review.",True,True,True,4,4,4,0,0,True,True,1,0,0,3,0,False
48f,46,52221,Fuzzers,Fuzzers,False,"This flow was flagged as Fuzzers with 68.5% confidence. Main reasons: unusually high source time-to-live, typical bytes sent by the source, elevated mean packet size from source, reduced recent connections between this source and destination, network service=-. Suggested action: Inspect the application for crash logs; consider input validation hardening.",True,True,True,4,4,4,1,1,True,True,2,1,0,1,1,False
48f,46,52840,Unknown,Overlap-Group-1,True,"This flow was flagged as an unrecognized (potential zero-day) pattern with 44.3% confidence. Main reasons: reduced average packet size, typical response body len, reduced source time-to-live, reduced mean packet size from source. Suggested action: Unrecognized pattern — escalate to a human analyst for manual review.",True,True,True,4,4,4,0,0,True,True,1,2,0,1,2,False
48f,46,53021,Unknown,Overlap-Group-1,True,"This flow was flagged as an unrecognized (potential zero-day) pattern with 49.4% confidence. Main reasons: typical response body len, reduced source time-to-live, reduced average packet size, typical bytes sent by the destination. Suggested action: Unrecognized pattern — escalate to a human analyst for manual review.",True,True,True,4,4,4,0,0,True,True,0,2,0,2,2,False
48f,46,54288,Fuzzers,Fuzzers,False,"This flow was flagged as Fuzzers with 58.7% confidence. Main reasons: unusually high source time-to-live, reduced mean packet size from source, reduced average packet size, reduced recent connections between this source and destination, reduced connections to the same service and destination. Suggested action: Inspect the application for crash logs; consider input validation hardening.",True,True,True,5,5,5,0,0,True,True,2,3,0,0,3,False
48f,46,54318,Normal,Normal,False,"This flow was flagged as Normal with 52.0% confidence. Main reasons: reduced average packet size, reduced connections to the same service and destination, reduced mean packet size from source, typical recent connections between this source and destination. Suggested action: No action required.",True,True,True,4,4,4,0,0,True,True,0,2,1,1,2,False
48f,46,54519,Fuzzers,Fuzzers,False,"This flow was flagged as Fuzzers with 76.8% confidence. Main reasons: unusually high source time-to-live, reduced mean packet size from source, reduced average packet size, typical destination jitter, typical recent connections between this source and destination. Suggested action: Inspect the application for crash logs; consider input validation hardening.",True,True,True,5,5,5,0,0,True,True,2,1,0,2,1,False
48f,46,54695,Reconnaissance,Reconnaissance,False,"This flow was flagged as Reconnaissance with 66.2% confidence. Main reasons: reduced recent connections between this source and destination, reduced mean packet size from destination, reduced mean packet size from source, typical total bytes transferred. Suggested action: Flag source IP for monitoring; likely pre-attack scanning.",True,True,True,4,4,4,0,0,True,True,3,0,0,1,0,False
48f,46,54700,Unknown,Fuzzers,True,"This flow was flagged as an unrecognized (potential zero-day) pattern with 32.8% confidence. Main reasons: unusually high source time-to-live, elevated mean packet size from source, network service=-. Suggested action: Unrecognized pattern — escalate to a human analyst for manual review.",True,True,True,2,2,2,1,1,True,True,2,0,0,0,0,False
48f,46,55363,Unknown,Normal,True,"This flow was flagged as an unrecognized (potential zero-day) pattern with 43.8% confidence. Main reasons: extremely high SYN-ACK handshake time, extremely high TCP round-trip time, typical bytes sent by the source. Suggested action: Unrecognized pattern — escalate to a human analyst for manual review.",True,True,True,3,3,3,0,0,True,True,2,0,0,1,0,False
48f,46,55639,Fuzzers,Fuzzers,False,"This flow was flagged as Fuzzers with 57.7% confidence. Main reasons: typical mean packet size from source, unusually high source time-to-live, network service=-. Suggested action: Inspect the application for crash logs; consider input validation hardening.",True,True,True,2,2,2,1,1,True,True,1,0,0,1,0,False
48f,46,55723,Unknown,Exploits,True,"This flow was flagged as an unrecognized (potential zero-day) pattern with 47.2% confidence. Main reasons: typical mean packet size from source, typical average packet size, reduced connections to the same service and destination, typical bytes sent by the source. Suggested action: Unrecognized pattern — escalate to a human analyst for manual review.",True,True,True,4,4,4,0,0,True,True,1,0,0,3,0,False
48f,46,55755,Unknown,Fuzzers,True,"This flow was flagged as an unrecognized (potential zero-day) pattern with 40.8% confidence. Main reasons: typical mean packet size from source, unusually high source time-to-live, network service=-. Suggested action: Unrecognized pattern — escalate to a human analyst for manual review.",True,True,True,2,2,2,1,1,True,True,1,0,0,1,0,False
48f,46,55794,Unknown,Fuzzers,True,"This flow was flagged as an unrecognized (potential zero-day) pattern with 42.9% confidence. Main reasons: unusually high source time-to-live, reduced mean packet size from source, typical source-to-destination byte ratio. Suggested action: Unrecognized pattern — escalate to a human analyst for manual review.",True,True,True,3,3,3,0,0,True,True,1,1,0,1,1,False
48f,46,56084,Unknown,Exploits,True,"This flow was flagged as an unrecognized (potential zero-day) pattern with 36.5% confidence. Main reasons: reduced connections to the same service and destination, reduced recent connections between this source and destination. Suggested action: Unrecognized pattern — escalate to a human analyst for manual review.",True,True,True,2,2,2,0,0,True,True,2,0,0,0,0,False
48f,46,56139,Unknown,Overlap-Group-1,True,"This flow was flagged as an unrecognized (potential zero-day) pattern with 34.5% confidence. Main reasons: reduced connections to the same service and destination, typical source jitter. Suggested action: Unrecognized pattern — escalate to a human analyst for manual review.",True,True,True,2,2,2,0,0,True,True,1,0,0,1,0,False
