pool_label,seed,flow,stratum,predicted,check,reason,narrative
40f,42,1239,Unknown,Overlap-Group-1,f_direction,avg_pkt_size: cue 'reduced' but SHAP for Overlap-Group-1 falls as the value rises (rho 0.44 on training rows),"This flow was flagged as an unrecognized (potential zero-day) pattern with 41.0% confidence. Main reasons: network protocol=cbt, reduced average packet size, typical sloss. Suggested action: Unrecognized pattern — escalate to a human analyst for manual review."
40f,42,1346,Overlap-Group-1,Overlap-Group-1,f_direction,avg_pkt_size: cue 'reduced' but SHAP for Overlap-Group-1 falls as the value rises (rho 0.44 on training rows),"This flow was flagged as Overlap-Group-1 with 54.4% confidence. Main reasons: typical mean packet size from source, typical bytes sent by the source, reduced average packet size, elevated source data load. Suggested action: Flagged as DoS, Backdoor, or Analysis-type behavior — this dataset's flow-level features can't reliably distinguish the three. Escalate for manual / packet-level inspection to determine the specific subtype."
40f,42,1522,Overlap-Group-1,Overlap-Group-1,f_direction,avg_pkt_size: cue 'reduced' but SHAP for Overlap-Group-1 falls as the value rises (rho 0.44 on training rows),"This flow was flagged as Overlap-Group-1 with 62.3% confidence. Main reasons: network protocol=unas, typical mean packet size from source, typical bytes sent by the source, reduced average packet size. Suggested action: Flagged as DoS, Backdoor, or Analysis-type behavior — this dataset's flow-level features can't reliably distinguish the three. Escalate for manual / packet-level inspection to determine the specific subtype."
40f,42,1723,Overlap-Group-1,Overlap-Group-1,f_direction,avg_pkt_size: cue 'reduced' but SHAP for Overlap-Group-1 falls as the value rises (rho 0.44 on training rows),"This flow was flagged as Overlap-Group-1 with 59.0% confidence. Main reasons: network protocol=unas, typical mean packet size from source, reduced average packet size, typical bytes sent by the source. Suggested action: Flagged as DoS, Backdoor, or Analysis-type behavior — this dataset's flow-level features can't reliably distinguish the three. Escalate for manual / packet-level inspection to determine the specific subtype."
40f,42,1840,Overlap-Group-1,Overlap-Group-1,f_direction,avg_pkt_size: cue 'reduced' but SHAP for Overlap-Group-1 falls as the value rises (rho 0.44 on training rows),"This flow was flagged as Overlap-Group-1 with 62.3% confidence. Main reasons: network protocol=unas, typical mean packet size from source, typical bytes sent by the source, reduced average packet size. Suggested action: Flagged as DoS, Backdoor, or Analysis-type behavior — this dataset's flow-level features can't reliably distinguish the three. Escalate for manual / packet-level inspection to determine the specific subtype."
40f,42,2055,Exploits,Exploits,f_direction,avg_pkt_size: cue 'reduced' but SHAP for Exploits falls as the value rises (rho 0.58 on training rows),"This flow was flagged as Exploits with 99.9% confidence. Main reasons: unusually high ACK data time, typical bytes sent by the destination, network service=ftp, typical dloss, reduced average packet size. Suggested action: Isolate the target host and check for unpatched vulnerabilities."
40f,42,2856,Fuzzers,Fuzzers,f_direction,smean: cue 'reduced' but SHAP for Fuzzers falls as the value rises (rho 0.57 on training rows),"This flow was flagged as Fuzzers with 61.3% confidence. Main reasons: reduced average packet size, reduced mean packet size from source, reduced destination data load, network service=-. Suggested action: Inspect the application for crash logs; consider input validation hardening."
40f,42,3038,Overlap-Group-1,Overlap-Group-1,f_direction,avg_pkt_size: cue 'reduced' but SHAP for Overlap-Group-1 falls as the value rises (rho 0.44 on training rows),"This flow was flagged as Overlap-Group-1 with 59.0% confidence. Main reasons: network protocol=unas, typical mean packet size from source, reduced average packet size, typical bytes sent by the source. Suggested action: Flagged as DoS, Backdoor, or Analysis-type behavior — this dataset's flow-level features can't reliably distinguish the three. Escalate for manual / packet-level inspection to determine the specific subtype."
40f,42,3054,Overlap-Group-1,Overlap-Group-1,f_direction,avg_pkt_size: cue 'reduced' but SHAP for Overlap-Group-1 falls as the value rises (rho 0.44 on training rows),"This flow was flagged as Overlap-Group-1 with 55.4% confidence. Main reasons: network protocol=unas, typical mean packet size from source, typical bytes sent by the source, elevated source data load, reduced average packet size. Suggested action: Flagged as DoS, Backdoor, or Analysis-type behavior — this dataset's flow-level features can't reliably distinguish the three. Escalate for manual / packet-level inspection to determine the specific subtype."
40f,42,3070,Overlap-Group-1,Overlap-Group-1,f_direction,avg_pkt_size: cue 'reduced' but SHAP for Overlap-Group-1 falls as the value rises (rho 0.44 on training rows),"This flow was flagged as Overlap-Group-1 with 57.9% confidence. Main reasons: network protocol=pup, extremely high recent connections to this destination from the same source port, elevated source data load, reduced average packet size. Suggested action: Flagged as DoS, Backdoor, or Analysis-type behavior — this dataset's flow-level features can't reliably distinguish the three. Escalate for manual / packet-level inspection to determine the specific subtype."
40f,42,3990,Exploits,Exploits,f_direction,smean: cue 'reduced' but SHAP for Exploits falls as the value rises (rho 0.31 on training rows),"This flow was flagged as Exploits with 96.8% confidence. Main reasons: elevated ACK data time, typical bytes sent by the destination, network service=pop3, reduced mean packet size from source, typical dloss. Suggested action: Isolate the target host and check for unpatched vulnerabilities."
40f,42,4314,Overlap-Group-1,Overlap-Group-1,f_direction,dloss: cue 'elevated' but SHAP for Overlap-Group-1 falls as the value rises (rho -0.53 on training rows),"This flow was flagged as Overlap-Group-1 with 54.8% confidence. Main reasons: elevated dloss, network service=http, typical flow duration, extremely high mean packet size from destination. Suggested action: Flagged as DoS, Backdoor, or Analysis-type behavior — this dataset's flow-level features can't reliably distinguish the three. Escalate for manual / packet-level inspection to determine the specific subtype."
40f,42,4619,Overlap-Group-1,Overlap-Group-1,f_direction,smean: cue 'elevated' but SHAP for Overlap-Group-1 falls as the value rises (rho -0.23 on training rows),"This flow was flagged as Overlap-Group-1 with 69.8% confidence. Main reasons: network protocol=sctp, extremely high source data load, typical recent connections from this source to the same destination port, elevated mean packet size from source. Suggested action: Flagged as DoS, Backdoor, or Analysis-type behavior — this dataset's flow-level features can't reliably distinguish the three. Escalate for manual / packet-level inspection to determine the specific subtype."
40f,42,5775,Overlap-Group-1,Overlap-Group-1,f_direction,avg_pkt_size: cue 'reduced' but SHAP for Overlap-Group-1 falls as the value rises (rho 0.44 on training rows),"This flow was flagged as Overlap-Group-1 with 69.0% confidence. Main reasons: reduced average packet size, typical response body len, network service=http, typical total bytes transferred. Suggested action: Flagged as DoS, Backdoor, or Analysis-type behavior — this dataset's flow-level features can't reliably distinguish the three. Escalate for manual / packet-level inspection to determine the specific subtype."
40f,42,6412,Exploits,Exploits,f_direction,smean: cue 'reduced' but SHAP for Exploits falls as the value rises (rho 0.31 on training rows),"This flow was flagged as Exploits with 97.2% confidence. Main reasons: network service=ftp-data, elevated ACK data time, reduced mean packet size from source, typical bytes sent by the source, typical source-to-destination byte ratio. Suggested action: Isolate the target host and check for unpatched vulnerabilities."
40f,42,6836,Generic,Generic,f_direction,avg_pkt_size: cue 'reduced' but SHAP for Generic falls as the value rises (rho 0.28 on training rows),"This flow was flagged as Generic with 100.0% confidence. Main reasons: typical bytes sent by the source, extremely high recent connections to this destination from the same source port, typical total bytes transferred, network service=dns, reduced average packet size. Suggested action: Review firewall rules for this flow's protocol/service combination."
40f,42,7216,Generic,Generic,f_direction,avg_pkt_size: cue 'reduced' but SHAP for Generic falls as the value rises (rho 0.28 on training rows),"This flow was flagged as Generic with 100.0% confidence. Main reasons: typical bytes sent by the source, typical total bytes transferred, extremely high recent connections to this destination from the same source port, reduced average packet size. Suggested action: Review firewall rules for this flow's protocol/service combination."
40f,42,7309,Generic,Generic,f_direction,avg_pkt_size: cue 'reduced' but SHAP for Generic falls as the value rises (rho 0.28 on training rows),"This flow was flagged as Generic with 100.0% confidence. Main reasons: extremely high recent connections to this destination from the same source port, typical bytes sent by the source, typical total bytes transferred, reduced average packet size. Suggested action: Review firewall rules for this flow's protocol/service combination."
40f,42,7501,Generic,Generic,f_direction,avg_pkt_size: cue 'reduced' but SHAP for Generic falls as the value rises (rho 0.28 on training rows),"This flow was flagged as Generic with 100.0% confidence. Main reasons: extremely high recent connections to this destination from the same source port, typical bytes sent by the source, typical total bytes transferred, reduced average packet size. Suggested action: Review firewall rules for this flow's protocol/service combination."
40f,42,7641,Generic,Generic,f_direction,avg_pkt_size: cue 'reduced' but SHAP for Generic falls as the value rises (rho 0.28 on training rows),"This flow was flagged as Generic with 100.0% confidence. Main reasons: typical bytes sent by the source, typical total bytes transferred, extremely high recent connections to this destination from the same source port, reduced average packet size. Suggested action: Review firewall rules for this flow's protocol/service combination."
40f,42,8226,Generic,Generic,f_direction,avg_pkt_size: cue 'reduced' but SHAP for Generic falls as the value rises (rho 0.28 on training rows),"This flow was flagged as Generic with 100.0% confidence. Main reasons: extremely high recent connections to this destination from the same source port, typical bytes sent by the source, typical total bytes transferred, reduced average packet size. Suggested action: Review firewall rules for this flow's protocol/service combination."
40f,42,8281,Generic,Generic,f_direction,avg_pkt_size: cue 'reduced' but SHAP for Generic falls as the value rises (rho 0.28 on training rows),"This flow was flagged as Generic with 99.8% confidence. Main reasons: typical total bytes transferred, typical bytes sent by the source, network service=dns, reduced average packet size, reduced mean packet size from source. Suggested action: Review firewall rules for this flow's protocol/service combination."
40f,42,8281,Generic,Generic,f_direction,smean: cue 'reduced' but SHAP for Generic falls as the value rises (rho 0.64 on training rows),"This flow was flagged as Generic with 99.8% confidence. Main reasons: typical total bytes transferred, typical bytes sent by the source, network service=dns, reduced average packet size, reduced mean packet size from source. Suggested action: Review firewall rules for this flow's protocol/service combination."
40f,42,8316,Generic,Generic,f_direction,avg_pkt_size: cue 'reduced' but SHAP for Generic falls as the value rises (rho 0.28 on training rows),"This flow was flagged as Generic with 100.0% confidence. Main reasons: extremely high recent connections to this destination from the same source port, typical bytes sent by the source, typical total bytes transferred, reduced average packet size. Suggested action: Review firewall rules for this flow's protocol/service combination."
40f,42,8453,Unknown,Exploits,f_direction,avg_pkt_size: cue 'reduced' but SHAP for Exploits falls as the value rises (rho 0.58 on training rows),"This flow was flagged as an unrecognized (potential zero-day) pattern with 45.0% confidence. Main reasons: elevated recent connections to this destination from the same source port, reduced average packet size, typical mean packet size from source. Suggested action: Unrecognized pattern — escalate to a human analyst for manual review."
40f,42,10390,Normal,Normal,f_direction,dload: cue 'reduced' but SHAP for Normal falls as the value rises (rho 0.82 on training rows),"This flow was flagged as Normal with 100.0% confidence. Main reasons: reduced ACK data time, reduced destination data load, reduced SYN-ACK handshake time, typical bytes sent by the destination, typical number of packets sent by the destination. Suggested action: No action required."
40f,42,14911,Normal,Normal,f_direction,dload: cue 'reduced' but SHAP for Normal falls as the value rises (rho 0.82 on training rows),"This flow was flagged as Normal with 100.0% confidence. Main reasons: reduced ACK data time, reduced destination data load, unusually high recent connections from this source to the same destination port, typical bytes sent by the destination, typical sloss. Suggested action: No action required."
40f,42,23908,Normal,Normal,f_direction,dload: cue 'reduced' but SHAP for Normal falls as the value rises (rho 0.82 on training rows),"This flow was flagged as Normal with 100.0% confidence. Main reasons: reduced ACK data time, reduced destination data load, reduced SYN-ACK handshake time, typical bytes sent by the destination, reduced TCP round-trip time. Suggested action: No action required."
40f,42,25235,Unknown,Exploits,f_direction,avg_pkt_size: cue 'reduced' but SHAP for Exploits falls as the value rises (rho 0.58 on training rows),"This flow was flagged as an unrecognized (potential zero-day) pattern with 32.6% confidence. Main reasons: unusually high ACK data time, typical recent connections from this source to the same destination port, typical source-to-destination byte ratio, reduced average packet size. Suggested action: Unrecognized pattern — escalate to a human analyst for manual review."
40f,42,25585,Unknown,Overlap-Group-1,f_direction,avg_pkt_size: cue 'reduced' but SHAP for Overlap-Group-1 falls as the value rises (rho 0.44 on training rows),"This flow was flagged as an unrecognized (potential zero-day) pattern with 40.3% confidence. Main reasons: reduced average packet size, network service=http, typical response body len, typical source-to-destination byte ratio, typical source jitter. Suggested action: Unrecognized pattern — escalate to a human analyst for manual review."
40f,42,28245,Exploits,Exploits,f_direction,smean: cue 'reduced' but SHAP for Exploits falls as the value rises (rho 0.31 on training rows),"This flow was flagged as Exploits with 99.8% confidence. Main reasons: network service=ftp-data, reduced mean packet size from source, typical bytes sent by the source, elevated ACK data time, typical source-to-destination byte ratio. Suggested action: Isolate the target host and check for unpatched vulnerabilities."
40f,42,29673,Exploits,Exploits,f_direction,avg_pkt_size: cue 'reduced' but SHAP for Exploits falls as the value rises (rho 0.58 on training rows),"This flow was flagged as Exploits with 58.3% confidence. Main reasons: network service=http, unusually high ACK data time, typical total bytes transferred, reduced average packet size. Suggested action: Isolate the target host and check for unpatched vulnerabilities."
40f,42,29915,Exploits,Exploits,f_direction,smean: cue 'reduced' but SHAP for Exploits falls as the value rises (rho 0.31 on training rows),"This flow was flagged as Exploits with 54.1% confidence. Main reasons: elevated ACK data time, typical recent connections from this source to the same destination port, typical TCP round-trip time, reduced mean packet size from source. Suggested action: Isolate the target host and check for unpatched vulnerabilities."
40f,42,30128,Exploits,Exploits,f_direction,synack: cue 'reduced' but SHAP for Exploits falls as the value rises (rho 0.13 on training rows),"This flow was flagged as Exploits with 66.2% confidence. Main reasons: elevated ACK data time, network service=http, reduced SYN-ACK handshake time, typical TCP round-trip time. Suggested action: Isolate the target host and check for unpatched vulnerabilities."
40f,42,30330,Overlap-Group-1,Overlap-Group-1,f_direction,avg_pkt_size: cue 'reduced' but SHAP for Overlap-Group-1 falls as the value rises (rho 0.44 on training rows),"This flow was flagged as Overlap-Group-1 with 51.4% confidence. Main reasons: network service=http, reduced average packet size, typical source-to-destination byte ratio, extremely high ACK data time. Suggested action: Flagged as DoS, Backdoor, or Analysis-type behavior — this dataset's flow-level features can't reliably distinguish the three. Escalate for manual / packet-level inspection to determine the specific subtype."
40f,42,30498,Overlap-Group-1,Overlap-Group-1,f_direction,dmean: cue 'reduced' but SHAP for Overlap-Group-1 falls as the value rises (rho 0.24 on training rows),"This flow was flagged as Overlap-Group-1 with 75.2% confidence. Main reasons: reduced mean packet size from source, typical source-to-destination byte ratio, typical recent connections from this source to the same destination port, reduced mean packet size from destination. Suggested action: Flagged as DoS, Backdoor, or Analysis-type behavior — this dataset's flow-level features can't reliably distinguish the three. Escalate for manual / packet-level inspection to determine the specific subtype."
40f,42,30764,Overlap-Group-1,Overlap-Group-1,f_direction,avg_pkt_size: cue 'reduced' but SHAP for Overlap-Group-1 falls as the value rises (rho 0.44 on training rows),"This flow was flagged as Overlap-Group-1 with 59.2% confidence. Main reasons: network protocol=unas, unusually high recent connections to this destination from the same source port, reduced average packet size, typical mean packet size from source. Suggested action: Flagged as DoS, Backdoor, or Analysis-type behavior — this dataset's flow-level features can't reliably distinguish the three. Escalate for manual / packet-level inspection to determine the specific subtype."
40f,42,30886,Unknown,Overlap-Group-1,f_direction,avg_pkt_size: cue 'reduced' but SHAP for Overlap-Group-1 falls as the value rises (rho 0.44 on training rows),"This flow was flagged as an unrecognized (potential zero-day) pattern with 38.5% confidence. Main reasons: network protocol=ospf, typical sloss, reduced average packet size. Suggested action: Unrecognized pattern — escalate to a human analyst for manual review."
40f,42,31953,Overlap-Group-1,Overlap-Group-1,f_direction,avg_pkt_size: cue 'reduced' but SHAP for Overlap-Group-1 falls as the value rises (rho 0.44 on training rows),"This flow was flagged as Overlap-Group-1 with 56.2% confidence. Main reasons: network protocol=unas, typical mean packet size from source, reduced average packet size, typical bytes sent by the source, typical source data load. Suggested action: Flagged as DoS, Backdoor, or Analysis-type behavior — this dataset's flow-level features can't reliably distinguish the three. Escalate for manual / packet-level inspection to determine the specific subtype."
40f,42,32724,Generic,Generic,f_direction,avg_pkt_size: cue 'reduced' but SHAP for Generic falls as the value rises (rho 0.28 on training rows),"This flow was flagged as Generic with 99.9% confidence. Main reasons: typical total bytes transferred, typical bytes sent by the source, reduced average packet size, network service=dns. Suggested action: Review firewall rules for this flow's protocol/service combination."
40f,42,32860,Unknown,Overlap-Group-1,f_direction,avg_pkt_size: cue 'reduced' but SHAP for Overlap-Group-1 falls as the value rises (rho 0.44 on training rows),"This flow was flagged as an unrecognized (potential zero-day) pattern with 40.3% confidence. Main reasons: network service=http, reduced average packet size, typical response body len, typical source-to-destination byte ratio. Suggested action: Unrecognized pattern — escalate to a human analyst for manual review."
40f,42,32931,Exploits,Exploits,f_direction,smean: cue 'reduced' but SHAP for Exploits falls as the value rises (rho 0.31 on training rows),"This flow was flagged as Exploits with 92.0% confidence. Main reasons: elevated ACK data time, typical bytes sent by the destination, network service=pop3, reduced mean packet size from source, typical destination jitter. Suggested action: Isolate the target host and check for unpatched vulnerabilities."
40f,42,33008,Generic,Generic,f_direction,avg_pkt_size: cue 'reduced' but SHAP for Generic falls as the value rises (rho 0.28 on training rows),"This flow was flagged as Generic with 100.0% confidence. Main reasons: typical total bytes transferred, typical bytes sent by the source, network service=dns, unusually high recent connections to this destination from the same source port, reduced average packet size. Suggested action: Review firewall rules for this flow's protocol/service combination."
40f,42,34209,Generic,Generic,f_direction,avg_pkt_size: cue 'reduced' but SHAP for Generic falls as the value rises (rho 0.28 on training rows),"This flow was flagged as Generic with 99.9% confidence. Main reasons: typical total bytes transferred, typical bytes sent by the source, network service=dns, elevated recent connections to this destination from the same source port, reduced average packet size. Suggested action: Review firewall rules for this flow's protocol/service combination."
40f,42,34513,Unknown,Generic,f_direction,pkt_ratio: cue 'elevated' but SHAP for Generic falls as the value rises (rho -0.80 on training rows),"This flow was flagged as an unrecognized (potential zero-day) pattern with 47.7% confidence. Main reasons: typical source-to-destination byte ratio, elevated mean packet size from source, network service=smtp, elevated source-to-destination packet ratio, typical average packet size. Suggested action: Unrecognized pattern — escalate to a human analyst for manual review."
40f,42,34699,Generic,Generic,f_direction,avg_pkt_size: cue 'reduced' but SHAP for Generic falls as the value rises (rho 0.28 on training rows),"This flow was flagged as Generic with 99.9% confidence. Main reasons: typical total bytes transferred, typical bytes sent by the source, reduced average packet size, network service=dns. Suggested action: Review firewall rules for this flow's protocol/service combination."
40f,42,34790,Generic,Generic,f_direction,avg_pkt_size: cue 'reduced' but SHAP for Generic falls as the value rises (rho 0.28 on training rows),"This flow was flagged as Generic with 99.9% confidence. Main reasons: typical total bytes transferred, typical bytes sent by the source, reduced average packet size, network service=dns. Suggested action: Review firewall rules for this flow's protocol/service combination."
40f,42,34907,Generic,Generic,f_direction,avg_pkt_size: cue 'reduced' but SHAP for Generic falls as the value rises (rho 0.28 on training rows),"This flow was flagged as Generic with 99.8% confidence. Main reasons: typical total bytes transferred, typical bytes sent by the source, network service=dns, reduced average packet size. Suggested action: Review firewall rules for this flow's protocol/service combination."
40f,42,35319,Generic,Generic,f_direction,avg_pkt_size: cue 'reduced' but SHAP for Generic falls as the value rises (rho 0.28 on training rows),"This flow was flagged as Generic with 99.8% confidence. Main reasons: typical total bytes transferred, typical bytes sent by the source, network service=dns, reduced average packet size, elevated recent connections to this destination from the same source port. Suggested action: Review firewall rules for this flow's protocol/service combination."
40f,42,35593,Exploits,Exploits,f_direction,synack: cue 'reduced' but SHAP for Exploits falls as the value rises (rho 0.13 on training rows),"This flow was flagged as Exploits with 76.4% confidence. Main reasons: typical ACK data time, network service=http, reduced SYN-ACK handshake time, typical TCP round-trip time, typical source-to-destination byte ratio. Suggested action: Isolate the target host and check for unpatched vulnerabilities."
40f,42,36106,Overlap-Group-1,Overlap-Group-1,f_direction,avg_pkt_size: cue 'reduced' but SHAP for Overlap-Group-1 falls as the value rises (rho 0.44 on training rows),"This flow was flagged as Overlap-Group-1 with 51.9% confidence. Main reasons: network protocol=swipe, typical mean packet size from source, reduced average packet size, typical bytes sent by the source. Suggested action: Flagged as DoS, Backdoor, or Analysis-type behavior — this dataset's flow-level features can't reliably distinguish the three. Escalate for manual / packet-level inspection to determine the specific subtype."
40f,42,36191,Generic,Generic,f_direction,avg_pkt_size: cue 'reduced' but SHAP for Generic falls as the value rises (rho 0.28 on training rows),"This flow was flagged as Generic with 99.8% confidence. Main reasons: typical total bytes transferred, typical bytes sent by the source, reduced average packet size, network service=dns. Suggested action: Review firewall rules for this flow's protocol/service combination."
40f,42,36217,Generic,Generic,f_direction,avg_pkt_size: cue 'reduced' but SHAP for Generic falls as the value rises (rho 0.28 on training rows),"This flow was flagged as Generic with 99.9% confidence. Main reasons: typical total bytes transferred, typical bytes sent by the source, reduced average packet size, network service=dns. Suggested action: Review firewall rules for this flow's protocol/service combination."
40f,42,36263,Generic,Generic,f_direction,avg_pkt_size: cue 'reduced' but SHAP for Generic falls as the value rises (rho 0.28 on training rows),"This flow was flagged as Generic with 99.8% confidence. Main reasons: typical total bytes transferred, typical bytes sent by the source, network service=dns, reduced average packet size, elevated recent connections to this destination from the same source port. Suggested action: Review firewall rules for this flow's protocol/service combination."
40f,42,36386,Generic,Generic,f_direction,avg_pkt_size: cue 'reduced' but SHAP for Generic falls as the value rises (rho 0.28 on training rows),"This flow was flagged as Generic with 100.0% confidence. Main reasons: typical total bytes transferred, typical bytes sent by the source, network service=dns, reduced average packet size, elevated recent connections to this destination from the same source port. Suggested action: Review firewall rules for this flow's protocol/service combination."
40f,42,36411,Overlap-Group-1,Overlap-Group-1,f_direction,avg_pkt_size: cue 'reduced' but SHAP for Overlap-Group-1 falls as the value rises (rho 0.44 on training rows),"This flow was flagged as Overlap-Group-1 with 53.9% confidence. Main reasons: network protocol=mobile, typical mean packet size from source, typical bytes sent by the source, elevated source data load, reduced average packet size. Suggested action: Flagged as DoS, Backdoor, or Analysis-type behavior — this dataset's flow-level features can't reliably distinguish the three. Escalate for manual / packet-level inspection to determine the specific subtype."
40f,42,36488,Generic,Generic,f_direction,avg_pkt_size: cue 'reduced' but SHAP for Generic falls as the value rises (rho 0.28 on training rows),"This flow was flagged as Generic with 100.0% confidence. Main reasons: typical total bytes transferred, typical bytes sent by the source, network service=dns, reduced average packet size, unusually high recent connections to this destination from the same source port. Suggested action: Review firewall rules for this flow's protocol/service combination."
40f,42,36493,Exploits,Exploits,f_direction,avg_pkt_size: cue 'reduced' but SHAP for Exploits falls as the value rises (rho 0.58 on training rows),"This flow was flagged as Exploits with 84.7% confidence. Main reasons: typical ACK data time, reduced average packet size, typical flow duration, typical recent connections from this source to the same destination port. Suggested action: Isolate the target host and check for unpatched vulnerabilities."
40f,42,36683,Overlap-Group-1,Overlap-Group-1,f_direction,avg_pkt_size: cue 'reduced' but SHAP for Overlap-Group-1 falls as the value rises (rho 0.44 on training rows),"This flow was flagged as Overlap-Group-1 with 59.6% confidence. Main reasons: network protocol=ib, typical mean packet size from source, typical bytes sent by the source, reduced average packet size. Suggested action: Flagged as DoS, Backdoor, or Analysis-type behavior — this dataset's flow-level features can't reliably distinguish the three. Escalate for manual / packet-level inspection to determine the specific subtype."
40f,42,36714,Fuzzers,Fuzzers,f_direction,smean: cue 'reduced' but SHAP for Fuzzers falls as the value rises (rho 0.57 on training rows),"This flow was flagged as Fuzzers with 93.7% confidence. Main reasons: typical bytes sent by the source, reduced destination data load, network service=-, reduced average packet size, reduced mean packet size from source. Suggested action: Inspect the application for crash logs; consider input validation hardening."
40f,42,36763,Generic,Generic,f_direction,avg_pkt_size: cue 'reduced' but SHAP for Generic falls as the value rises (rho 0.28 on training rows),"This flow was flagged as Generic with 100.0% confidence. Main reasons: typical total bytes transferred, typical bytes sent by the source, network service=dns, reduced average packet size. Suggested action: Review firewall rules for this flow's protocol/service combination."
40f,42,36896,Exploits,Exploits,f_direction,avg_pkt_size: cue 'reduced' but SHAP for Exploits falls as the value rises (rho 0.58 on training rows),"This flow was flagged as Exploits with 69.1% confidence. Main reasons: elevated ACK data time, reduced average packet size, typical source-to-destination byte ratio, typical recent connections from this source to the same destination port, typical SYN-ACK handshake time. Suggested action: Isolate the target host and check for unpatched vulnerabilities."
40f,42,37264,Exploits,Exploits,f_direction,smean: cue 'reduced' but SHAP for Exploits falls as the value rises (rho 0.31 on training rows),"This flow was flagged as Exploits with 87.4% confidence. Main reasons: typical ACK data time, typical bytes sent by the destination, reduced mean packet size from source, typical destination jitter. Suggested action: Isolate the target host and check for unpatched vulnerabilities."
40f,42,38012,Unknown,Normal,f_direction,smean: cue 'elevated' but SHAP for Normal falls as the value rises (rho -0.27 on training rows),"This flow was flagged as an unrecognized (potential zero-day) pattern with 48.4% confidence. Main reasons: typical bytes sent by the source, network service=-, elevated mean packet size from source. Suggested action: Unrecognized pattern — escalate to a human analyst for manual review."
40f,42,38939,Exploits,Exploits,f_direction,smean: cue 'reduced' but SHAP for Exploits falls as the value rises (rho 0.31 on training rows),"This flow was flagged as Exploits with 97.5% confidence. Main reasons: typical ACK data time, reduced mean packet size from source, extremely high bytes sent by the destination, typical destination jitter, typical source-to-destination byte ratio. Suggested action: Isolate the target host and check for unpatched vulnerabilities."
40f,42,40136,Normal,Normal,f_direction,smean: cue 'elevated' but SHAP for Normal falls as the value rises (rho -0.27 on training rows),"This flow was flagged as Normal with 52.4% confidence. Main reasons: elevated recent connections from this source to the same destination port, reduced ACK data time, elevated mean packet size from source, typical average packet size. Suggested action: No action required."
40f,42,42765,Unknown,Overlap-Group-1,f_direction,avg_pkt_size: cue 'reduced' but SHAP for Overlap-Group-1 falls as the value rises (rho 0.44 on training rows),"This flow was flagged as an unrecognized (potential zero-day) pattern with 48.7% confidence. Main reasons: network service=http, reduced average packet size, typical source-to-destination byte ratio, unusually high TCP round-trip time, typical bytes sent by the destination. Suggested action: Unrecognized pattern — escalate to a human analyst for manual review."
40f,42,42765,Unknown,Overlap-Group-1,f_direction,tcprtt: cue 'unusually high' but SHAP for Overlap-Group-1 falls as the value rises (rho -0.22 on training rows),"This flow was flagged as an unrecognized (potential zero-day) pattern with 48.7% confidence. Main reasons: network service=http, reduced average packet size, typical source-to-destination byte ratio, unusually high TCP round-trip time, typical bytes sent by the destination. Suggested action: Unrecognized pattern — escalate to a human analyst for manual review."
40f,42,42851,Fuzzers,Fuzzers,f_direction,smean: cue 'reduced' but SHAP for Fuzzers falls as the value rises (rho 0.57 on training rows),"This flow was flagged as Fuzzers with 61.2% confidence. Main reasons: reduced average packet size, reduced destination data load, reduced mean packet size from source, unusually high TCP round-trip time. Suggested action: Inspect the application for crash logs; consider input validation hardening."
40f,42,43005,Unknown,Normal,f_direction,smean: cue 'elevated' but SHAP for Normal falls as the value rises (rho -0.27 on training rows),"This flow was flagged as an unrecognized (potential zero-day) pattern with 47.6% confidence. Main reasons: typical bytes sent by the source, network service=-, elevated mean packet size from source. Suggested action: Unrecognized pattern — escalate to a human analyst for manual review."
40f,42,43157,Unknown,Overlap-Group-1,f_direction,avg_pkt_size: cue 'reduced' but SHAP for Overlap-Group-1 falls as the value rises (rho 0.44 on training rows),"This flow was flagged as an unrecognized (potential zero-day) pattern with 33.7% confidence. Main reasons: reduced average packet size, network service=http, typical source-to-destination byte ratio, typical response body len. Suggested action: Unrecognized pattern — escalate to a human analyst for manual review."
40f,42,43307,Unknown,Overlap-Group-1,f_direction,avg_pkt_size: cue 'reduced' but SHAP for Overlap-Group-1 falls as the value rises (rho 0.44 on training rows),"This flow was flagged as an unrecognized (potential zero-day) pattern with 37.5% confidence. Main reasons: network service=http, typical response body len, reduced average packet size, typical source-to-destination byte ratio. Suggested action: Unrecognized pattern — escalate to a human analyst for manual review."
40f,42,44540,Fuzzers,Fuzzers,f_direction,smean: cue 'reduced' but SHAP for Fuzzers falls as the value rises (rho 0.57 on training rows),"This flow was flagged as Fuzzers with 75.5% confidence. Main reasons: reduced destination data load, reduced mean packet size from source, network service=-, reduced average packet size. Suggested action: Inspect the application for crash logs; consider input validation hardening."
40f,42,47310,Fuzzers,Fuzzers,f_direction,smean: cue 'reduced' but SHAP for Fuzzers falls as the value rises (rho 0.57 on training rows),"This flow was flagged as Fuzzers with 58.7% confidence. Main reasons: reduced average packet size, typical recent connections from this source to the same destination port, reduced mean packet size from source, reduced destination data load, elevated source-to-destination packet ratio. Suggested action: Inspect the application for crash logs; consider input validation hardening."
40f,42,47827,Overlap-Group-1,Overlap-Group-1,f_direction,avg_pkt_size: cue 'reduced' but SHAP for Overlap-Group-1 falls as the value rises (rho 0.44 on training rows),"This flow was flagged as Overlap-Group-1 with 49.6% confidence. Main reasons: typical response body len, reduced average packet size, network service=http, typical source-to-destination byte ratio. Suggested action: Flagged as DoS, Backdoor, or Analysis-type behavior — this dataset's flow-level features can't reliably distinguish the three. Escalate for manual / packet-level inspection to determine the specific subtype."
40f,42,47835,Overlap-Group-1,Overlap-Group-1,f_direction,avg_pkt_size: cue 'reduced' but SHAP for Overlap-Group-1 falls as the value rises (rho 0.44 on training rows),"This flow was flagged as Overlap-Group-1 with 54.2% confidence. Main reasons: typical response body len, reduced average packet size, network service=http, typical ACK data time. Suggested action: Flagged as DoS, Backdoor, or Analysis-type behavior — this dataset's flow-level features can't reliably distinguish the three. Escalate for manual / packet-level inspection to determine the specific subtype."
40f,42,48534,Unknown,Normal,f_direction,smean: cue 'elevated' but SHAP for Normal falls as the value rises (rho -0.27 on training rows),"This flow was flagged as an unrecognized (potential zero-day) pattern with 49.0% confidence. Main reasons: typical bytes sent by the source, network service=-, elevated mean packet size from source. Suggested action: Unrecognized pattern — escalate to a human analyst for manual review."
40f,42,49537,Fuzzers,Fuzzers,f_direction,smean: cue 'reduced' but SHAP for Fuzzers falls as the value rises (rho 0.57 on training rows),"This flow was flagged as Fuzzers with 55.4% confidence. Main reasons: reduced average packet size, reduced mean packet size from source, reduced destination data load, typical recent connections from this source to the same destination port, network service=-. Suggested action: Inspect the application for crash logs; consider input validation hardening."
40f,42,49583,Fuzzers,Fuzzers,f_direction,smean: cue 'reduced' but SHAP for Fuzzers falls as the value rises (rho 0.57 on training rows),"This flow was flagged as Fuzzers with 59.5% confidence. Main reasons: reduced average packet size, reduced destination data load, reduced mean packet size from source, elevated source-to-destination packet ratio, unusually high TCP round-trip time. Suggested action: Inspect the application for crash logs; consider input validation hardening."
40f,42,49972,Fuzzers,Fuzzers,f_direction,smean: cue 'reduced' but SHAP for Fuzzers falls as the value rises (rho 0.57 on training rows),"This flow was flagged as Fuzzers with 57.9% confidence. Main reasons: reduced average packet size, reduced destination data load, reduced mean packet size from source, typical recent connections from this source to the same destination port. Suggested action: Inspect the application for crash logs; consider input validation hardening."
40f,42,53381,Overlap-Group-1,Overlap-Group-1,f_direction,avg_pkt_size: cue 'reduced' but SHAP for Overlap-Group-1 falls as the value rises (rho 0.44 on training rows),"This flow was flagged as Overlap-Group-1 with 82.9% confidence. Main reasons: extremely high ct flw http mthd, typical response body len, reduced average packet size, network service=http. Suggested action: Flagged as DoS, Backdoor, or Analysis-type behavior — this dataset's flow-level features can't reliably distinguish the three. Escalate for manual / packet-level inspection to determine the specific subtype."
40f,42,53558,Unknown,Exploits,f_direction,avg_pkt_size: cue 'reduced' but SHAP for Exploits falls as the value rises (rho 0.58 on training rows),"This flow was flagged as an unrecognized (potential zero-day) pattern with 35.0% confidence. Main reasons: elevated ACK data time, network service=http, reduced average packet size. Suggested action: Unrecognized pattern — escalate to a human analyst for manual review."
40f,42,53810,Overlap-Group-1,Overlap-Group-1,f_direction,avg_pkt_size: cue 'reduced' but SHAP for Overlap-Group-1 falls as the value rises (rho 0.44 on training rows),"This flow was flagged as Overlap-Group-1 with 63.3% confidence. Main reasons: typical bytes sent by the source, typical recent connections from this source to the same destination port, typical total bytes transferred, typical sloss, reduced average packet size. Suggested action: Flagged as DoS, Backdoor, or Analysis-type behavior — this dataset's flow-level features can't reliably distinguish the three. Escalate for manual / packet-level inspection to determine the specific subtype."
40f,42,55133,Exploits,Exploits,f_direction,smean: cue 'reduced' but SHAP for Exploits falls as the value rises (rho 0.31 on training rows),"This flow was flagged as Exploits with 58.1% confidence. Main reasons: typical bytes sent by the source, reduced mean packet size from source, typical recent connections from this source to the same destination port. Suggested action: Isolate the target host and check for unpatched vulnerabilities."
40f,42,55179,Unknown,Exploits,f_direction,smean: cue 'reduced' but SHAP for Exploits falls as the value rises (rho 0.31 on training rows),"This flow was flagged as an unrecognized (potential zero-day) pattern with 40.3% confidence. Main reasons: reduced mean packet size from source, typical bytes sent by the source, reduced average packet size, typical recent connections from this source to the same destination port. Suggested action: Unrecognized pattern — escalate to a human analyst for manual review."
40f,42,55179,Unknown,Exploits,f_direction,avg_pkt_size: cue 'reduced' but SHAP for Exploits falls as the value rises (rho 0.58 on training rows),"This flow was flagged as an unrecognized (potential zero-day) pattern with 40.3% confidence. Main reasons: reduced mean packet size from source, typical bytes sent by the source, reduced average packet size, typical recent connections from this source to the same destination port. Suggested action: Unrecognized pattern — escalate to a human analyst for manual review."
40f,43,2620,Overlap-Group-1,Overlap-Group-1,f_direction,avg_pkt_size: cue 'reduced' but SHAP for Overlap-Group-1 falls as the value rises (rho 0.49 on training rows),"This flow was flagged as Overlap-Group-1 with 55.2% confidence. Main reasons: network protocol=unas, reduced average packet size, typical bytes sent by the source, unusually high recent connections to this destination from the same source port. Suggested action: Flagged as DoS, Backdoor, or Analysis-type behavior — this dataset's flow-level features can't reliably distinguish the three. Escalate for manual / packet-level inspection to determine the specific subtype."
40f,43,2770,Overlap-Group-1,Overlap-Group-1,f_direction,avg_pkt_size: cue 'reduced' but SHAP for Overlap-Group-1 falls as the value rises (rho 0.49 on training rows),"This flow was flagged as Overlap-Group-1 with 51.4% confidence. Main reasons: network protocol=ptp, typical bytes sent by the source, reduced average packet size, typical mean packet size from source. Suggested action: Flagged as DoS, Backdoor, or Analysis-type behavior — this dataset's flow-level features can't reliably distinguish the three. Escalate for manual / packet-level inspection to determine the specific subtype."
40f,43,3426,Overlap-Group-1,Overlap-Group-1,f_direction,avg_pkt_size: cue 'reduced' but SHAP for Overlap-Group-1 falls as the value rises (rho 0.49 on training rows),"This flow was flagged as Overlap-Group-1 with 51.1% confidence. Main reasons: network protocol=sat-mon, typical bytes sent by the source, reduced average packet size, typical mean packet size from source. Suggested action: Flagged as DoS, Backdoor, or Analysis-type behavior — this dataset's flow-level features can't reliably distinguish the three. Escalate for manual / packet-level inspection to determine the specific subtype."
40f,43,3685,Fuzzers,Fuzzers,f_direction,smean: cue 'reduced' but SHAP for Fuzzers falls as the value rises (rho 0.53 on training rows),"This flow was flagged as Fuzzers with 74.7% confidence. Main reasons: reduced mean packet size from source, network service=-, reduced destination data load, reduced average packet size. Suggested action: Inspect the application for crash logs; consider input validation hardening."
40f,43,6255,Overlap-Group-1,Overlap-Group-1,f_direction,avg_pkt_size: cue 'reduced' but SHAP for Overlap-Group-1 falls as the value rises (rho 0.49 on training rows),"This flow was flagged as Overlap-Group-1 with 94.2% confidence. Main reasons: typical response body len, reduced average packet size, network service=http, reduced mean packet size from source, typical total bytes transferred. Suggested action: Flagged as DoS, Backdoor, or Analysis-type behavior — this dataset's flow-level features can't reliably distinguish the three. Escalate for manual / packet-level inspection to determine the specific subtype."
40f,43,6292,Overlap-Group-1,Overlap-Group-1,f_direction,avg_pkt_size: cue 'reduced' but SHAP for Overlap-Group-1 falls as the value rises (rho 0.49 on training rows),"This flow was flagged as Overlap-Group-1 with 91.0% confidence. Main reasons: reduced average packet size, typical recent connections from this source to the same destination port, typical bytes sent by the destination, typical source-to-destination byte ratio, reduced SYN-ACK handshake time. Suggested action: Flagged as DoS, Backdoor, or Analysis-type behavior — this dataset's flow-level features can't reliably distinguish the three. Escalate for manual / packet-level inspection to determine the specific subtype."
40f,43,6469,Overlap-Group-1,Overlap-Group-1,f_direction,spkts: cue 'extremely high' but SHAP for Overlap-Group-1 falls as the value rises (rho -0.15 on training rows),"This flow was flagged as Overlap-Group-1 with 91.8% confidence. Main reasons: reduced mean packet size from source, extremely high number of packets sent by the source, typical source-to-destination byte ratio, typical bytes sent by the source, extremely high total packets transferred. Suggested action: Flagged as DoS, Backdoor, or Analysis-type behavior — this dataset's flow-level features can't reliably distinguish the three. Escalate for manual / packet-level inspection to determine the specific subtype."
40f,43,6469,Overlap-Group-1,Overlap-Group-1,f_direction,total_pkts: cue 'extremely high' but SHAP for Overlap-Group-1 falls as the value rises (rho -0.41 on training rows),"This flow was flagged as Overlap-Group-1 with 91.8% confidence. Main reasons: reduced mean packet size from source, extremely high number of packets sent by the source, typical source-to-destination byte ratio, typical bytes sent by the source, extremely high total packets transferred. Suggested action: Flagged as DoS, Backdoor, or Analysis-type behavior — this dataset's flow-level features can't reliably distinguish the three. Escalate for manual / packet-level inspection to determine the specific subtype."
40f,43,6535,Generic,Generic,f_direction,avg_pkt_size: cue 'reduced' but SHAP for Generic falls as the value rises (rho 0.17 on training rows),"This flow was flagged as Generic with 99.5% confidence. Main reasons: typical total bytes transferred, typical bytes sent by the source, network service=dns, reduced average packet size. Suggested action: Review firewall rules for this flow's protocol/service combination."
40f,43,7869,Generic,Generic,f_direction,avg_pkt_size: cue 'reduced' but SHAP for Generic falls as the value rises (rho 0.17 on training rows),"This flow was flagged as Generic with 99.9% confidence. Main reasons: typical total bytes transferred, typical bytes sent by the source, network service=dns, reduced average packet size. Suggested action: Review firewall rules for this flow's protocol/service combination."
40f,43,17706,Normal,Normal,f_direction,dload: cue 'reduced' but SHAP for Normal falls as the value rises (rho 0.83 on training rows),"This flow was flagged as Normal with 100.0% confidence. Main reasons: reduced ACK data time, reduced destination data load, reduced SYN-ACK handshake time, typical bytes sent by the destination, reduced TCP round-trip time. Suggested action: No action required."
40f,43,17968,Normal,Normal,f_direction,dload: cue 'reduced' but SHAP for Normal falls as the value rises (rho 0.83 on training rows),"This flow was flagged as Normal with 100.0% confidence. Main reasons: reduced ACK data time, reduced destination data load, typical bytes sent by the destination, reduced SYN-ACK handshake time, reduced TCP round-trip time. Suggested action: No action required."
40f,43,19755,Normal,Normal,f_direction,dload: cue 'reduced' but SHAP for Normal falls as the value rises (rho 0.83 on training rows),"This flow was flagged as Normal with 100.0% confidence. Main reasons: reduced ACK data time, reduced destination data load, typical bytes sent by the destination, reduced SYN-ACK handshake time, reduced TCP round-trip time. Suggested action: No action required."
40f,43,25294,Unknown,Overlap-Group-1,f_direction,avg_pkt_size: cue 'reduced' but SHAP for Overlap-Group-1 falls as the value rises (rho 0.49 on training rows),"This flow was flagged as an unrecognized (potential zero-day) pattern with 46.8% confidence. Main reasons: typical response body len, network service=http, reduced average packet size, reduced destination data load. Suggested action: Unrecognized pattern — escalate to a human analyst for manual review."
40f,43,26562,Unknown,Exploits,f_direction,avg_pkt_size: cue 'reduced' but SHAP for Exploits falls as the value rises (rho 0.60 on training rows),"This flow was flagged as an unrecognized (potential zero-day) pattern with 43.5% confidence. Main reasons: reduced average packet size, typical SYN-ACK handshake time, typical source-to-destination byte ratio, typical recent connections from this source to the same destination port. Suggested action: Unrecognized pattern — escalate to a human analyst for manual review."
40f,43,26739,Fuzzers,Fuzzers,f_direction,smean: cue 'reduced' but SHAP for Fuzzers falls as the value rises (rho 0.53 on training rows),"This flow was flagged as Fuzzers with 78.9% confidence. Main reasons: reduced mean packet size from source, reduced average packet size, reduced destination data load, elevated source-to-destination packet ratio, network service=-. Suggested action: Inspect the application for crash logs; consider input validation hardening."
40f,43,26789,Unknown,Fuzzers,f_direction,smean: cue 'reduced' but SHAP for Fuzzers falls as the value rises (rho 0.53 on training rows),"This flow was flagged as an unrecognized (potential zero-day) pattern with 50.1% confidence. Main reasons: reduced mean packet size from source, reduced average packet size, reduced destination data load, network service=-. Suggested action: Unrecognized pattern — escalate to a human analyst for manual review."
40f,43,26998,Fuzzers,Fuzzers,f_direction,smean: cue 'reduced' but SHAP for Fuzzers falls as the value rises (rho 0.53 on training rows),"This flow was flagged as Fuzzers with 53.2% confidence. Main reasons: reduced mean packet size from source, reduced average packet size, reduced destination data load, network service=-. Suggested action: Inspect the application for crash logs; consider input validation hardening."
40f,43,27008,Fuzzers,Fuzzers,f_direction,smean: cue 'reduced' but SHAP for Fuzzers falls as the value rises (rho 0.53 on training rows),"This flow was flagged as Fuzzers with 56.5% confidence. Main reasons: reduced mean packet size from source, reduced average packet size, reduced destination data load, network service=-, elevated source-to-destination packet ratio. Suggested action: Inspect the application for crash logs; consider input validation hardening."
40f,43,27123,Fuzzers,Fuzzers,f_direction,smean: cue 'reduced' but SHAP for Fuzzers falls as the value rises (rho 0.53 on training rows),"This flow was flagged as Fuzzers with 81.9% confidence. Main reasons: reduced mean packet size from source, reduced average packet size, unusually high sinpkt, reduced destination data load, elevated ACK data time. Suggested action: Inspect the application for crash logs; consider input validation hardening."
40f,43,27127,Fuzzers,Fuzzers,f_direction,smean: cue 'reduced' but SHAP for Fuzzers falls as the value rises (rho 0.53 on training rows),"This flow was flagged as Fuzzers with 73.0% confidence. Main reasons: reduced mean packet size from source, reduced average packet size, reduced destination data load, network service=-. Suggested action: Inspect the application for crash logs; consider input validation hardening."
40f,43,31205,Exploits,Exploits,f_direction,smean: cue 'reduced' but SHAP for Exploits falls as the value rises (rho 0.29 on training rows),"This flow was flagged as Exploits with 95.3% confidence. Main reasons: network service=ftp-data, reduced mean packet size from source, typical ACK data time, typical bytes sent by the destination. Suggested action: Isolate the target host and check for unpatched vulnerabilities."
40f,43,32090,Overlap-Group-1,Overlap-Group-1,f_direction,avg_pkt_size: cue 'reduced' but SHAP for Overlap-Group-1 falls as the value rises (rho 0.49 on training rows),"This flow was flagged as Overlap-Group-1 with 53.3% confidence. Main reasons: network protocol=ospf, typical bytes sent by the source, reduced average packet size, unusually high recent connections to this destination from the same source port. Suggested action: Flagged as DoS, Backdoor, or Analysis-type behavior — this dataset's flow-level features can't reliably distinguish the three. Escalate for manual / packet-level inspection to determine the specific subtype."
40f,43,32186,Overlap-Group-1,Overlap-Group-1,f_direction,sloss: cue 'extremely high' but SHAP for Overlap-Group-1 falls as the value rises (rho -0.46 on training rows),"This flow was flagged as Overlap-Group-1 with 99.1% confidence. Main reasons: extremely high sloss, extremely high number of packets sent by the source, extremely high total packets transferred, unusually high source-to-destination packet ratio, unusually high bytes sent by the source. Suggested action: Flagged as DoS, Backdoor, or Analysis-type behavior — this dataset's flow-level features can't reliably distinguish the three. Escalate for manual / packet-level inspection to determine the specific subtype."
40f,43,32186,Overlap-Group-1,Overlap-Group-1,f_direction,spkts: cue 'extremely high' but SHAP for Overlap-Group-1 falls as the value rises (rho -0.15 on training rows),"This flow was flagged as Overlap-Group-1 with 99.1% confidence. Main reasons: extremely high sloss, extremely high number of packets sent by the source, extremely high total packets transferred, unusually high source-to-destination packet ratio, unusually high bytes sent by the source. Suggested action: Flagged as DoS, Backdoor, or Analysis-type behavior — this dataset's flow-level features can't reliably distinguish the three. Escalate for manual / packet-level inspection to determine the specific subtype."
40f,43,32186,Overlap-Group-1,Overlap-Group-1,f_direction,total_pkts: cue 'extremely high' but SHAP for Overlap-Group-1 falls as the value rises (rho -0.41 on training rows),"This flow was flagged as Overlap-Group-1 with 99.1% confidence. Main reasons: extremely high sloss, extremely high number of packets sent by the source, extremely high total packets transferred, unusually high source-to-destination packet ratio, unusually high bytes sent by the source. Suggested action: Flagged as DoS, Backdoor, or Analysis-type behavior — this dataset's flow-level features can't reliably distinguish the three. Escalate for manual / packet-level inspection to determine the specific subtype."
40f,43,32186,Overlap-Group-1,Overlap-Group-1,f_direction,sbytes: cue 'unusually high' but SHAP for Overlap-Group-1 falls as the value rises (rho -0.44 on training rows),"This flow was flagged as Overlap-Group-1 with 99.1% confidence. Main reasons: extremely high sloss, extremely high number of packets sent by the source, extremely high total packets transferred, unusually high source-to-destination packet ratio, unusually high bytes sent by the source. Suggested action: Flagged as DoS, Backdoor, or Analysis-type behavior — this dataset's flow-level features can't reliably distinguish the three. Escalate for manual / packet-level inspection to determine the specific subtype."
40f,43,32219,Unknown,Overlap-Group-1,f_direction,avg_pkt_size: cue 'reduced' but SHAP for Overlap-Group-1 falls as the value rises (rho 0.49 on training rows),"This flow was flagged as an unrecognized (potential zero-day) pattern with 46.9% confidence. Main reasons: network protocol=br-sat-mon, typical bytes sent by the source, reduced average packet size, typical mean packet size from source. Suggested action: Unrecognized pattern — escalate to a human analyst for manual review."
40f,43,32249,Unknown,Overlap-Group-1,f_direction,avg_pkt_size: cue 'reduced' but SHAP for Overlap-Group-1 falls as the value rises (rho 0.49 on training rows),"This flow was flagged as an unrecognized (potential zero-day) pattern with 44.1% confidence. Main reasons: network protocol=argus, reduced average packet size, extremely high recent connections to this destination from the same source port, typical bytes sent by the source. Suggested action: Unrecognized pattern — escalate to a human analyst for manual review."
40f,43,33135,Generic,Generic,f_direction,avg_pkt_size: cue 'reduced' but SHAP for Generic falls as the value rises (rho 0.17 on training rows),"This flow was flagged as Generic with 99.8% confidence. Main reasons: typical total bytes transferred, typical bytes sent by the source, network service=dns, reduced average packet size, elevated recent connections to this destination from the same source port. Suggested action: Review firewall rules for this flow's protocol/service combination."
40f,43,33277,Overlap-Group-1,Overlap-Group-1,f_direction,avg_pkt_size: cue 'reduced' but SHAP for Overlap-Group-1 falls as the value rises (rho 0.49 on training rows),"This flow was flagged as Overlap-Group-1 with 57.3% confidence. Main reasons: network protocol=unas, reduced average packet size, typical bytes sent by the source, unusually high recent connections to this destination from the same source port. Suggested action: Flagged as DoS, Backdoor, or Analysis-type behavior — this dataset's flow-level features can't reliably distinguish the three. Escalate for manual / packet-level inspection to determine the specific subtype."
40f,43,33765,Generic,Generic,f_direction,avg_pkt_size: cue 'reduced' but SHAP for Generic falls as the value rises (rho 0.17 on training rows),"This flow was flagged as Generic with 99.8% confidence. Main reasons: typical total bytes transferred, typical bytes sent by the source, network service=dns, reduced average packet size, elevated recent connections to this destination from the same source port. Suggested action: Review firewall rules for this flow's protocol/service combination."
40f,43,34294,Generic,Generic,f_direction,avg_pkt_size: cue 'reduced' but SHAP for Generic falls as the value rises (rho 0.17 on training rows),"This flow was flagged as Generic with 99.9% confidence. Main reasons: typical total bytes transferred, typical bytes sent by the source, network service=dns, reduced average packet size. Suggested action: Review firewall rules for this flow's protocol/service combination."
40f,43,34299,Generic,Generic,f_direction,avg_pkt_size: cue 'reduced' but SHAP for Generic falls as the value rises (rho 0.17 on training rows),"This flow was flagged as Generic with 99.9% confidence. Main reasons: typical total bytes transferred, typical bytes sent by the source, network service=dns, reduced average packet size. Suggested action: Review firewall rules for this flow's protocol/service combination."
40f,43,34328,Overlap-Group-1,Overlap-Group-1,f_direction,avg_pkt_size: cue 'reduced' but SHAP for Overlap-Group-1 falls as the value rises (rho 0.49 on training rows),"This flow was flagged as Overlap-Group-1 with 54.5% confidence. Main reasons: network protocol=unas, reduced average packet size, elevated recent connections to this destination from the same source port, typical bytes sent by the source. Suggested action: Flagged as DoS, Backdoor, or Analysis-type behavior — this dataset's flow-level features can't reliably distinguish the three. Escalate for manual / packet-level inspection to determine the specific subtype."
40f,43,34405,Unknown,Overlap-Group-1,f_direction,byte_ratio: cue 'unusually high' but SHAP for Overlap-Group-1 falls as the value rises (rho -0.71 on training rows),"This flow was flagged as an unrecognized (potential zero-day) pattern with 36.8% confidence. Main reasons: unusually high source-to-destination packet ratio, unusually high source-to-destination byte ratio, typical recent connections from this source to the same destination port. Suggested action: Unrecognized pattern — escalate to a human analyst for manual review."
40f,43,34742,Generic,Generic,f_direction,avg_pkt_size: cue 'reduced' but SHAP for Generic falls as the value rises (rho 0.17 on training rows),"This flow was flagged as Generic with 100.0% confidence. Main reasons: typical total bytes transferred, typical bytes sent by the source, network service=dns, elevated recent connections to this destination from the same source port, reduced average packet size. Suggested action: Review firewall rules for this flow's protocol/service combination."
40f,43,35654,Overlap-Group-1,Overlap-Group-1,f_direction,avg_pkt_size: cue 'reduced' but SHAP for Overlap-Group-1 falls as the value rises (rho 0.49 on training rows),"This flow was flagged as Overlap-Group-1 with 52.6% confidence. Main reasons: network protocol=unas, reduced average packet size, extremely high recent connections to this destination from the same source port, typical bytes sent by the source. Suggested action: Flagged as DoS, Backdoor, or Analysis-type behavior — this dataset's flow-level features can't reliably distinguish the three. Escalate for manual / packet-level inspection to determine the specific subtype."
40f,43,35734,Overlap-Group-1,Overlap-Group-1,f_direction,avg_pkt_size: cue 'reduced' but SHAP for Overlap-Group-1 falls as the value rises (rho 0.49 on training rows),"This flow was flagged as Overlap-Group-1 with 58.9% confidence. Main reasons: network protocol=snp, typical bytes sent by the source, reduced average packet size, unusually high recent connections to this destination from the same source port. Suggested action: Flagged as DoS, Backdoor, or Analysis-type behavior — this dataset's flow-level features can't reliably distinguish the three. Escalate for manual / packet-level inspection to determine the specific subtype."
40f,43,35778,Overlap-Group-1,Overlap-Group-1,f_direction,avg_pkt_size: cue 'reduced' but SHAP for Overlap-Group-1 falls as the value rises (rho 0.49 on training rows),"This flow was flagged as Overlap-Group-1 with 57.8% confidence. Main reasons: network protocol=crudp, reduced average packet size, typical bytes sent by the source, typical mean packet size from source. Suggested action: Flagged as DoS, Backdoor, or Analysis-type behavior — this dataset's flow-level features can't reliably distinguish the three. Escalate for manual / packet-level inspection to determine the specific subtype."
40f,43,35927,Overlap-Group-1,Overlap-Group-1,f_direction,avg_pkt_size: cue 'reduced' but SHAP for Overlap-Group-1 falls as the value rises (rho 0.49 on training rows),"This flow was flagged as Overlap-Group-1 with 55.2% confidence. Main reasons: network protocol=ipx-n-ip, typical bytes sent by the source, reduced average packet size, typical mean packet size from source. Suggested action: Flagged as DoS, Backdoor, or Analysis-type behavior — this dataset's flow-level features can't reliably distinguish the three. Escalate for manual / packet-level inspection to determine the specific subtype."
40f,43,36040,Generic,Generic,f_direction,avg_pkt_size: cue 'reduced' but SHAP for Generic falls as the value rises (rho 0.17 on training rows),"This flow was flagged as Generic with 99.9% confidence. Main reasons: typical total bytes transferred, typical bytes sent by the source, network service=dns, reduced average packet size. Suggested action: Review firewall rules for this flow's protocol/service combination."
40f,43,36099,Overlap-Group-1,Overlap-Group-1,f_direction,avg_pkt_size: cue 'reduced' but SHAP for Overlap-Group-1 falls as the value rises (rho 0.49 on training rows),"This flow was flagged as Overlap-Group-1 with 55.0% confidence. Main reasons: network protocol=swipe, typical bytes sent by the source, reduced average packet size, typical mean packet size from source. Suggested action: Flagged as DoS, Backdoor, or Analysis-type behavior — this dataset's flow-level features can't reliably distinguish the three. Escalate for manual / packet-level inspection to determine the specific subtype."
40f,43,36118,Exploits,Exploits,f_direction,avg_pkt_size: cue 'reduced' but SHAP for Exploits falls as the value rises (rho 0.60 on training rows),"This flow was flagged as Exploits with 53.2% confidence. Main reasons: network service=http, reduced average packet size, typical SYN-ACK handshake time, typical bytes sent by the source. Suggested action: Isolate the target host and check for unpatched vulnerabilities."
40f,43,36304,Overlap-Group-1,Overlap-Group-1,f_direction,avg_pkt_size: cue 'reduced' but SHAP for Overlap-Group-1 falls as the value rises (rho 0.49 on training rows),"This flow was flagged as Overlap-Group-1 with 54.0% confidence. Main reasons: network protocol=sctp, typical bytes sent by the source, reduced average packet size, typical mean packet size from source. Suggested action: Flagged as DoS, Backdoor, or Analysis-type behavior — this dataset's flow-level features can't reliably distinguish the three. Escalate for manual / packet-level inspection to determine the specific subtype."
40f,43,36507,Generic,Generic,f_direction,avg_pkt_size: cue 'reduced' but SHAP for Generic falls as the value rises (rho 0.17 on training rows),"This flow was flagged as Generic with 99.9% confidence. Main reasons: typical total bytes transferred, typical bytes sent by the source, network service=dns, reduced average packet size. Suggested action: Review firewall rules for this flow's protocol/service combination."
40f,43,36683,Overlap-Group-1,Overlap-Group-1,f_direction,avg_pkt_size: cue 'reduced' but SHAP for Overlap-Group-1 falls as the value rises (rho 0.49 on training rows),"This flow was flagged as Overlap-Group-1 with 61.3% confidence. Main reasons: network protocol=ib, reduced average packet size, typical bytes sent by the source, typical mean packet size from source. Suggested action: Flagged as DoS, Backdoor, or Analysis-type behavior — this dataset's flow-level features can't reliably distinguish the three. Escalate for manual / packet-level inspection to determine the specific subtype."
40f,43,36830,Overlap-Group-1,Overlap-Group-1,f_direction,avg_pkt_size: cue 'reduced' but SHAP for Overlap-Group-1 falls as the value rises (rho 0.49 on training rows),"This flow was flagged as Overlap-Group-1 with 56.1% confidence. Main reasons: network protocol=unas, reduced average packet size, typical bytes sent by the source, unusually high recent connections to this destination from the same source port. Suggested action: Flagged as DoS, Backdoor, or Analysis-type behavior — this dataset's flow-level features can't reliably distinguish the three. Escalate for manual / packet-level inspection to determine the specific subtype."
40f,43,36919,Generic,Generic,f_direction,avg_pkt_size: cue 'reduced' but SHAP for Generic falls as the value rises (rho 0.17 on training rows),"This flow was flagged as Generic with 99.0% confidence. Main reasons: typical total bytes transferred, typical bytes sent by the source, network service=dns, reduced average packet size. Suggested action: Review firewall rules for this flow's protocol/service combination."
40f,43,37226,Generic,Generic,f_direction,avg_pkt_size: cue 'reduced' but SHAP for Generic falls as the value rises (rho 0.17 on training rows),"This flow was flagged as Generic with 99.8% confidence. Main reasons: typical total bytes transferred, typical bytes sent by the source, network service=dns, reduced average packet size. Suggested action: Review firewall rules for this flow's protocol/service combination."
40f,43,37254,Generic,Generic,f_direction,avg_pkt_size: cue 'reduced' but SHAP for Generic falls as the value rises (rho 0.17 on training rows),"This flow was flagged as Generic with 100.0% confidence. Main reasons: typical total bytes transferred, typical bytes sent by the source, unusually high recent connections to this destination from the same source port, network service=dns, reduced average packet size. Suggested action: Review firewall rules for this flow's protocol/service combination."
40f,43,37933,Unknown,Overlap-Group-1,f_direction,smean: cue 'elevated' but SHAP for Overlap-Group-1 falls as the value rises (rho -0.16 on training rows),"This flow was flagged as an unrecognized (potential zero-day) pattern with 45.7% confidence. Main reasons: typical total bytes transferred, typical bytes sent by the source, typical recent connections from this source to the same destination port, elevated mean packet size from source, unusually high source data load. Suggested action: Unrecognized pattern — escalate to a human analyst for manual review."
40f,43,37933,Unknown,Overlap-Group-1,f_direction,sload: cue 'unusually high' but SHAP for Overlap-Group-1 falls as the value rises (rho -0.25 on training rows),"This flow was flagged as an unrecognized (potential zero-day) pattern with 45.7% confidence. Main reasons: typical total bytes transferred, typical bytes sent by the source, typical recent connections from this source to the same destination port, elevated mean packet size from source, unusually high source data load. Suggested action: Unrecognized pattern — escalate to a human analyst for manual review."
40f,43,37963,Unknown,Overlap-Group-1,f_direction,avg_pkt_size: cue 'reduced' but SHAP for Overlap-Group-1 falls as the value rises (rho 0.49 on training rows),"This flow was flagged as an unrecognized (potential zero-day) pattern with 46.9% confidence. Main reasons: network protocol=br-sat-mon, typical bytes sent by the source, reduced average packet size, typical mean packet size from source. Suggested action: Unrecognized pattern — escalate to a human analyst for manual review."
40f,43,38675,Exploits,Exploits,f_direction,smean: cue 'reduced' but SHAP for Exploits falls as the value rises (rho 0.29 on training rows),"This flow was flagged as Exploits with 99.2% confidence. Main reasons: reduced mean packet size from source, elevated ACK data time, typical bytes sent by the destination, elevated destination jitter, typical total bytes transferred. Suggested action: Isolate the target host and check for unpatched vulnerabilities."
40f,43,39783,Unknown,Overlap-Group-1,f_direction,avg_pkt_size: cue 'reduced' but SHAP for Overlap-Group-1 falls as the value rises (rho 0.49 on training rows),"This flow was flagged as an unrecognized (potential zero-day) pattern with 44.9% confidence. Main reasons: reduced average packet size, typical recent connections from this source to the same destination port, typical sloss. Suggested action: Unrecognized pattern — escalate to a human analyst for manual review."
40f,43,41646,Fuzzers,Fuzzers,f_direction,smean: cue 'reduced' but SHAP for Fuzzers falls as the value rises (rho 0.53 on training rows),"This flow was flagged as Fuzzers with 54.4% confidence. Main reasons: reduced mean packet size from source, reduced average packet size, reduced destination data load, network service=-. Suggested action: Inspect the application for crash logs; consider input validation hardening."
40f,43,42883,Fuzzers,Fuzzers,f_direction,smean: cue 'reduced' but SHAP for Fuzzers falls as the value rises (rho 0.53 on training rows),"This flow was flagged as Fuzzers with 76.2% confidence. Main reasons: reduced mean packet size from source, reduced average packet size, reduced destination data load, unusually high SYN-ACK handshake time, network service=-. Suggested action: Inspect the application for crash logs; consider input validation hardening."
40f,43,43464,Unknown,Overlap-Group-1,f_direction,avg_pkt_size: cue 'reduced' but SHAP for Overlap-Group-1 falls as the value rises (rho 0.49 on training rows),"This flow was flagged as an unrecognized (potential zero-day) pattern with 44.0% confidence. Main reasons: typical response body len, network service=http, reduced average packet size, typical source-to-destination byte ratio. Suggested action: Unrecognized pattern — escalate to a human analyst for manual review."
40f,43,45954,Unknown,Normal,f_direction,pkt_ratio: cue 'elevated' but SHAP for Normal falls as the value rises (rho -0.22 on training rows),"This flow was flagged as an unrecognized (potential zero-day) pattern with 50.1% confidence. Main reasons: typical source-to-destination byte ratio, network service=-, elevated source-to-destination packet ratio. Suggested action: Unrecognized pattern — escalate to a human analyst for manual review."
40f,43,46622,Unknown,Exploits,f_direction,avg_pkt_size: cue 'reduced' but SHAP for Exploits falls as the value rises (rho 0.60 on training rows),"This flow was flagged as an unrecognized (potential zero-day) pattern with 34.7% confidence. Main reasons: reduced average packet size, typical destination jitter, typical recent connections from this source to the same destination port, typical source data load. Suggested action: Unrecognized pattern — escalate to a human analyst for manual review."
40f,43,47187,Fuzzers,Fuzzers,f_direction,smean: cue 'reduced' but SHAP for Fuzzers falls as the value rises (rho 0.53 on training rows),"This flow was flagged as Fuzzers with 76.4% confidence. Main reasons: reduced average packet size, reduced mean packet size from source, reduced destination data load, typical source jitter, network service=-. Suggested action: Inspect the application for crash logs; consider input validation hardening."
40f,43,47988,Unknown,Normal,f_direction,smean: cue 'elevated' but SHAP for Normal falls as the value rises (rho -0.32 on training rows),"This flow was flagged as an unrecognized (potential zero-day) pattern with 50.2% confidence. Main reasons: network service=-, typical source-to-destination byte ratio, typical bytes sent by the source, elevated mean packet size from source. Suggested action: Unrecognized pattern — escalate to a human analyst for manual review."
40f,43,48506,Overlap-Group-1,Overlap-Group-1,f_direction,avg_pkt_size: cue 'reduced' but SHAP for Overlap-Group-1 falls as the value rises (rho 0.49 on training rows),"This flow was flagged as Overlap-Group-1 with 76.1% confidence. Main reasons: reduced average packet size, network service=http, typical response body len, typical dinpkt. Suggested action: Flagged as DoS, Backdoor, or Analysis-type behavior — this dataset's flow-level features can't reliably distinguish the three. Escalate for manual / packet-level inspection to determine the specific subtype."
40f,43,48707,Overlap-Group-1,Overlap-Group-1,f_direction,ct_flw_http_mthd: cue 'extremely high' but SHAP for Overlap-Group-1 falls as the value rises (rho -0.15 on training rows),"This flow was flagged as Overlap-Group-1 with 85.9% confidence. Main reasons: typical response body len, extremely high ct flw http mthd, network service=http, reduced average packet size, elevated ACK data time. Suggested action: Flagged as DoS, Backdoor, or Analysis-type behavior — this dataset's flow-level features can't reliably distinguish the three. Escalate for manual / packet-level inspection to determine the specific subtype."
40f,43,48707,Overlap-Group-1,Overlap-Group-1,f_direction,avg_pkt_size: cue 'reduced' but SHAP for Overlap-Group-1 falls as the value rises (rho 0.49 on training rows),"This flow was flagged as Overlap-Group-1 with 85.9% confidence. Main reasons: typical response body len, extremely high ct flw http mthd, network service=http, reduced average packet size, elevated ACK data time. Suggested action: Flagged as DoS, Backdoor, or Analysis-type behavior — this dataset's flow-level features can't reliably distinguish the three. Escalate for manual / packet-level inspection to determine the specific subtype."
40f,43,49806,Exploits,Exploits,f_direction,smean: cue 'reduced' but SHAP for Exploits falls as the value rises (rho 0.29 on training rows),"This flow was flagged as Exploits with 81.9% confidence. Main reasons: reduced mean packet size from source, elevated ACK data time, typical total bytes transferred, typical source data load, typical source-to-destination packet ratio. Suggested action: Isolate the target host and check for unpatched vulnerabilities."
40f,43,51637,Fuzzers,Fuzzers,f_direction,dtcpb: cue 'unusually high' but SHAP for Fuzzers falls as the value rises (rho -0.39 on training rows),"This flow was flagged as Fuzzers with 83.7% confidence. Main reasons: extremely high mean packet size from source, elevated destination jitter, unusually high dtcpb. Suggested action: Inspect the application for crash logs; consider input validation hardening."
40f,43,51983,Unknown,Normal,f_direction,synack: cue 'extremely high' but SHAP for Normal falls as the value rises (rho -0.32 on training rows),"This flow was flagged as an unrecognized (potential zero-day) pattern with 48.5% confidence. Main reasons: network service=-, unusually high source-to-destination byte ratio, extremely high SYN-ACK handshake time, network protocol=tcp. Suggested action: Unrecognized pattern — escalate to a human analyst for manual review."
40f,43,52761,Overlap-Group-1,Overlap-Group-1,f_direction,avg_pkt_size: cue 'reduced' but SHAP for Overlap-Group-1 falls as the value rises (rho 0.49 on training rows),"This flow was flagged as Overlap-Group-1 with 50.5% confidence. Main reasons: typical response body len, network service=http, reduced average packet size, typical flow duration. Suggested action: Flagged as DoS, Backdoor, or Analysis-type behavior — this dataset's flow-level features can't reliably distinguish the three. Escalate for manual / packet-level inspection to determine the specific subtype."
40f,43,52766,Unknown,Overlap-Group-1,f_direction,tcprtt: cue 'elevated' but SHAP for Overlap-Group-1 falls as the value rises (rho -0.28 on training rows),"This flow was flagged as an unrecognized (potential zero-day) pattern with 50.1% confidence. Main reasons: network service=http, typical response body len, elevated TCP round-trip time, reduced average packet size. Suggested action: Unrecognized pattern — escalate to a human analyst for manual review."
40f,43,52766,Unknown,Overlap-Group-1,f_direction,avg_pkt_size: cue 'reduced' but SHAP for Overlap-Group-1 falls as the value rises (rho 0.49 on training rows),"This flow was flagged as an unrecognized (potential zero-day) pattern with 50.1% confidence. Main reasons: network service=http, typical response body len, elevated TCP round-trip time, reduced average packet size. Suggested action: Unrecognized pattern — escalate to a human analyst for manual review."
40f,43,52774,Overlap-Group-1,Overlap-Group-1,f_direction,ct_flw_http_mthd: cue 'extremely high' but SHAP for Overlap-Group-1 falls as the value rises (rho -0.15 on training rows),"This flow was flagged as Overlap-Group-1 with 82.1% confidence. Main reasons: extremely high ct flw http mthd, typical response body len, network service=http, reduced average packet size, elevated ACK data time. Suggested action: Flagged as DoS, Backdoor, or Analysis-type behavior — this dataset's flow-level features can't reliably distinguish the three. Escalate for manual / packet-level inspection to determine the specific subtype."
40f,43,52774,Overlap-Group-1,Overlap-Group-1,f_direction,avg_pkt_size: cue 'reduced' but SHAP for Overlap-Group-1 falls as the value rises (rho 0.49 on training rows),"This flow was flagged as Overlap-Group-1 with 82.1% confidence. Main reasons: extremely high ct flw http mthd, typical response body len, network service=http, reduced average packet size, elevated ACK data time. Suggested action: Flagged as DoS, Backdoor, or Analysis-type behavior — this dataset's flow-level features can't reliably distinguish the three. Escalate for manual / packet-level inspection to determine the specific subtype."
40f,43,52846,Unknown,Overlap-Group-1,f_direction,avg_pkt_size: cue 'reduced' but SHAP for Overlap-Group-1 falls as the value rises (rho 0.49 on training rows),"This flow was flagged as an unrecognized (potential zero-day) pattern with 43.0% confidence. Main reasons: typical response body len, network service=http, reduced average packet size, typical bytes sent by the destination. Suggested action: Unrecognized pattern — escalate to a human analyst for manual review."
40f,43,53531,Overlap-Group-1,Overlap-Group-1,f_direction,avg_pkt_size: cue 'reduced' but SHAP for Overlap-Group-1 falls as the value rises (rho 0.49 on training rows),"This flow was flagged as Overlap-Group-1 with 64.2% confidence. Main reasons: network service=http, reduced average packet size, typical response body len, extremely high ct flw http mthd, typical ACK data time. Suggested action: Flagged as DoS, Backdoor, or Analysis-type behavior — this dataset's flow-level features can't reliably distinguish the three. Escalate for manual / packet-level inspection to determine the specific subtype."
40f,43,53531,Overlap-Group-1,Overlap-Group-1,f_direction,ct_flw_http_mthd: cue 'extremely high' but SHAP for Overlap-Group-1 falls as the value rises (rho -0.15 on training rows),"This flow was flagged as Overlap-Group-1 with 64.2% confidence. Main reasons: network service=http, reduced average packet size, typical response body len, extremely high ct flw http mthd, typical ACK data time. Suggested action: Flagged as DoS, Backdoor, or Analysis-type behavior — this dataset's flow-level features can't reliably distinguish the three. Escalate for manual / packet-level inspection to determine the specific subtype."
40f,43,53532,Overlap-Group-1,Overlap-Group-1,f_direction,ct_flw_http_mthd: cue 'extremely high' but SHAP for Overlap-Group-1 falls as the value rises (rho -0.15 on training rows),"This flow was flagged as Overlap-Group-1 with 78.2% confidence. Main reasons: typical response body len, extremely high ct flw http mthd, network service=http, reduced average packet size. Suggested action: Flagged as DoS, Backdoor, or Analysis-type behavior — this dataset's flow-level features can't reliably distinguish the three. Escalate for manual / packet-level inspection to determine the specific subtype."
40f,43,53532,Overlap-Group-1,Overlap-Group-1,f_direction,avg_pkt_size: cue 'reduced' but SHAP for Overlap-Group-1 falls as the value rises (rho 0.49 on training rows),"This flow was flagged as Overlap-Group-1 with 78.2% confidence. Main reasons: typical response body len, extremely high ct flw http mthd, network service=http, reduced average packet size. Suggested action: Flagged as DoS, Backdoor, or Analysis-type behavior — this dataset's flow-level features can't reliably distinguish the three. Escalate for manual / packet-level inspection to determine the specific subtype."
40f,43,54689,Unknown,Exploits,f_direction,avg_pkt_size: cue 'reduced' but SHAP for Exploits falls as the value rises (rho 0.60 on training rows),"This flow was flagged as an unrecognized (potential zero-day) pattern with 41.4% confidence. Main reasons: reduced average packet size, typical recent connections from this source to the same destination port, reduced destination data load. Suggested action: Unrecognized pattern — escalate to a human analyst for manual review."
40f,43,54740,Unknown,Overlap-Group-1,f_direction,avg_pkt_size: cue 'reduced' but SHAP for Overlap-Group-1 falls as the value rises (rho 0.49 on training rows),"This flow was flagged as an unrecognized (potential zero-day) pattern with 35.0% confidence. Main reasons: typical recent connections from this source to the same destination port, typical SYN-ACK handshake time, reduced average packet size, reduced destination data load. Suggested action: Unrecognized pattern — escalate to a human analyst for manual review."
40f,43,55931,Unknown,Exploits,f_direction,avg_pkt_size: cue 'reduced' but SHAP for Exploits falls as the value rises (rho 0.60 on training rows),"This flow was flagged as an unrecognized (potential zero-day) pattern with 38.3% confidence. Main reasons: reduced average packet size, elevated ACK data time, typical total bytes transferred, typical recent connections from this source to the same destination port. Suggested action: Unrecognized pattern — escalate to a human analyst for manual review."
40f,44,83,Normal,Normal,f_direction,avg_pkt_size: cue 'reduced' but SHAP for Normal falls as the value rises (rho 0.11 on training rows),"This flow was flagged as Normal with 99.6% confidence. Main reasons: reduced average packet size, connection state=REQ, reduced packet rate, reduced ACK data time, typical source data load. Suggested action: No action required."
40f,44,83,Normal,Normal,f_direction,rate: cue 'reduced' but SHAP for Normal falls as the value rises (rho 0.14 on training rows),"This flow was flagged as Normal with 99.6% confidence. Main reasons: reduced average packet size, connection state=REQ, reduced packet rate, reduced ACK data time, typical source data load. Suggested action: No action required."
40f,44,563,Exploits,Exploits,f_direction,ackdat: cue 'reduced' but SHAP for Exploits falls as the value rises (rho 0.62 on training rows),"This flow was flagged as Exploits with 94.0% confidence. Main reasons: network service=smtp, typical bytes sent by the destination, reduced ACK data time, typical dloss, typical destination jitter. Suggested action: Isolate the target host and check for unpatched vulnerabilities."
40f,44,1593,Overlap-Group-1,Overlap-Group-1,f_direction,avg_pkt_size: cue 'reduced' but SHAP for Overlap-Group-1 falls as the value rises (rho 0.54 on training rows),"This flow was flagged as Overlap-Group-1 with 59.4% confidence. Main reasons: network protocol=unas, typical bytes sent by the source, reduced average packet size, elevated recent connections to this destination from the same source port. Suggested action: Flagged as DoS, Backdoor, or Analysis-type behavior — this dataset's flow-level features can't reliably distinguish the three. Escalate for manual / packet-level inspection to determine the specific subtype."
40f,44,1599,Overlap-Group-1,Overlap-Group-1,f_direction,avg_pkt_size: cue 'reduced' but SHAP for Overlap-Group-1 falls as the value rises (rho 0.54 on training rows),"This flow was flagged as Overlap-Group-1 with 59.4% confidence. Main reasons: network protocol=unas, typical bytes sent by the source, reduced average packet size, elevated recent connections to this destination from the same source port. Suggested action: Flagged as DoS, Backdoor, or Analysis-type behavior — this dataset's flow-level features can't reliably distinguish the three. Escalate for manual / packet-level inspection to determine the specific subtype."
40f,44,1842,Overlap-Group-1,Overlap-Group-1,f_direction,avg_pkt_size: cue 'reduced' but SHAP for Overlap-Group-1 falls as the value rises (rho 0.54 on training rows),"This flow was flagged as Overlap-Group-1 with 58.8% confidence. Main reasons: network protocol=sctp, typical bytes sent by the source, reduced average packet size, typical mean packet size from source. Suggested action: Flagged as DoS, Backdoor, or Analysis-type behavior — this dataset's flow-level features can't reliably distinguish the three. Escalate for manual / packet-level inspection to determine the specific subtype."
40f,44,1855,Overlap-Group-1,Overlap-Group-1,f_direction,avg_pkt_size: cue 'reduced' but SHAP for Overlap-Group-1 falls as the value rises (rho 0.54 on training rows),"This flow was flagged as Overlap-Group-1 with 56.6% confidence. Main reasons: network protocol=unas, typical bytes sent by the source, reduced average packet size, typical mean packet size from source. Suggested action: Flagged as DoS, Backdoor, or Analysis-type behavior — this dataset's flow-level features can't reliably distinguish the three. Escalate for manual / packet-level inspection to determine the specific subtype."
40f,44,1867,Overlap-Group-1,Overlap-Group-1,f_direction,avg_pkt_size: cue 'reduced' but SHAP for Overlap-Group-1 falls as the value rises (rho 0.54 on training rows),"This flow was flagged as Overlap-Group-1 with 56.7% confidence. Main reasons: network protocol=unas, typical bytes sent by the source, reduced average packet size, typical recent connections to this destination from the same source port. Suggested action: Flagged as DoS, Backdoor, or Analysis-type behavior — this dataset's flow-level features can't reliably distinguish the three. Escalate for manual / packet-level inspection to determine the specific subtype."
40f,44,1997,Exploits,Exploits,f_direction,smean: cue 'reduced' but SHAP for Exploits falls as the value rises (rho 0.22 on training rows),"This flow was flagged as Exploits with 95.1% confidence. Main reasons: network service=ftp-data, reduced mean packet size from source, typical bytes sent by the source, reduced mean packet size from destination. Suggested action: Isolate the target host and check for unpatched vulnerabilities."
40f,44,1997,Exploits,Exploits,f_direction,dmean: cue 'reduced' but SHAP for Exploits falls as the value rises (rho 0.58 on training rows),"This flow was flagged as Exploits with 95.1% confidence. Main reasons: network service=ftp-data, reduced mean packet size from source, typical bytes sent by the source, reduced mean packet size from destination. Suggested action: Isolate the target host and check for unpatched vulnerabilities."
40f,44,2076,Overlap-Group-1,Overlap-Group-1,f_direction,sload: cue 'unusually high' but SHAP for Overlap-Group-1 falls as the value rises (rho -0.13 on training rows),"This flow was flagged as Overlap-Group-1 with 59.7% confidence. Main reasons: network protocol=snp, typical bytes sent by the source, typical recent connections from this source to the same destination port, unusually high source data load. Suggested action: Flagged as DoS, Backdoor, or Analysis-type behavior — this dataset's flow-level features can't reliably distinguish the three. Escalate for manual / packet-level inspection to determine the specific subtype."
40f,44,2188,Overlap-Group-1,Overlap-Group-1,f_direction,avg_pkt_size: cue 'reduced' but SHAP for Overlap-Group-1 falls as the value rises (rho 0.54 on training rows),"This flow was flagged as Overlap-Group-1 with 55.8% confidence. Main reasons: network protocol=pipe, typical bytes sent by the source, reduced average packet size, typical mean packet size from source. Suggested action: Flagged as DoS, Backdoor, or Analysis-type behavior — this dataset's flow-level features can't reliably distinguish the three. Escalate for manual / packet-level inspection to determine the specific subtype."
40f,44,3084,Overlap-Group-1,Overlap-Group-1,f_direction,sload: cue 'unusually high' but SHAP for Overlap-Group-1 falls as the value rises (rho -0.13 on training rows),"This flow was flagged as Overlap-Group-1 with 80.8% confidence. Main reasons: typical bytes sent by the source, typical recent connections from this source to the same destination port, unusually high source data load, typical total bytes transferred. Suggested action: Flagged as DoS, Backdoor, or Analysis-type behavior — this dataset's flow-level features can't reliably distinguish the three. Escalate for manual / packet-level inspection to determine the specific subtype."
40f,44,3503,Exploits,Exploits,f_direction,smean: cue 'reduced' but SHAP for Exploits falls as the value rises (rho 0.22 on training rows),"This flow was flagged as Exploits with 89.6% confidence. Main reasons: network service=pop3, typical bytes sent by the destination, typical ACK data time, typical mean packet size from destination, reduced mean packet size from source. Suggested action: Isolate the target host and check for unpatched vulnerabilities."
40f,44,4779,Reconnaissance,Reconnaissance,f_direction,synack: cue 'elevated' but SHAP for Reconnaissance falls as the value rises (rho -0.52 on training rows),"This flow was flagged as Reconnaissance with 99.9% confidence. Main reasons: reduced average packet size, typical source jitter, typical total bytes transferred, reduced mean packet size from source, elevated SYN-ACK handshake time. Suggested action: Flag source IP for monitoring; likely pre-attack scanning."
40f,44,6383,Exploits,Exploits,f_direction,synack: cue 'reduced' but SHAP for Exploits falls as the value rises (rho 0.13 on training rows),"This flow was flagged as Exploits with 94.1% confidence. Main reasons: network service=smtp, extremely high mean packet size from source, typical bytes sent by the destination, typical ACK data time, reduced SYN-ACK handshake time. Suggested action: Isolate the target host and check for unpatched vulnerabilities."
40f,44,6425,Overlap-Group-1,Overlap-Group-1,f_direction,sloss: cue 'extremely high' but SHAP for Overlap-Group-1 falls as the value rises (rho -0.48 on training rows),"This flow was flagged as Overlap-Group-1 with 92.1% confidence. Main reasons: extremely high sloss, unusually high bytes sent by the source, elevated average packet size. Suggested action: Flagged as DoS, Backdoor, or Analysis-type behavior — this dataset's flow-level features can't reliably distinguish the three. Escalate for manual / packet-level inspection to determine the specific subtype."
40f,44,6425,Overlap-Group-1,Overlap-Group-1,f_direction,sbytes: cue 'unusually high' but SHAP for Overlap-Group-1 falls as the value rises (rho -0.52 on training rows),"This flow was flagged as Overlap-Group-1 with 92.1% confidence. Main reasons: extremely high sloss, unusually high bytes sent by the source, elevated average packet size. Suggested action: Flagged as DoS, Backdoor, or Analysis-type behavior — this dataset's flow-level features can't reliably distinguish the three. Escalate for manual / packet-level inspection to determine the specific subtype."
40f,44,6459,Unknown,Overlap-Group-1,f_direction,sloss: cue 'extremely high' but SHAP for Overlap-Group-1 falls as the value rises (rho -0.48 on training rows),"This flow was flagged as an unrecognized (potential zero-day) pattern with 50.8% confidence. Main reasons: extremely high sloss, unusually high bytes sent by the source. Suggested action: Unrecognized pattern — escalate to a human analyst for manual review."
40f,44,6459,Unknown,Overlap-Group-1,f_direction,sbytes: cue 'unusually high' but SHAP for Overlap-Group-1 falls as the value rises (rho -0.52 on training rows),"This flow was flagged as an unrecognized (potential zero-day) pattern with 50.8% confidence. Main reasons: extremely high sloss, unusually high bytes sent by the source. Suggested action: Unrecognized pattern — escalate to a human analyst for manual review."
40f,44,6731,Reconnaissance,Reconnaissance,f_direction,synack: cue 'elevated' but SHAP for Reconnaissance falls as the value rises (rho -0.52 on training rows),"This flow was flagged as Reconnaissance with 97.2% confidence. Main reasons: reduced average packet size, elevated source jitter, typical total bytes transferred, elevated SYN-ACK handshake time. Suggested action: Flag source IP for monitoring; likely pre-attack scanning."
40f,44,6829,Exploits,Exploits,f_direction,avg_pkt_size: cue 'reduced' but SHAP for Exploits falls as the value rises (rho 0.53 on training rows),"This flow was flagged as Exploits with 64.1% confidence. Main reasons: network service=http, elevated ACK data time, typical total bytes transferred, reduced average packet size. Suggested action: Isolate the target host and check for unpatched vulnerabilities."
40f,44,14239,Normal,Normal,f_direction,dload: cue 'reduced' but SHAP for Normal falls as the value rises (rho 0.80 on training rows),"This flow was flagged as Normal with 100.0% confidence. Main reasons: reduced ACK data time, reduced destination data load, reduced TCP round-trip time, typical bytes sent by the destination, reduced SYN-ACK handshake time. Suggested action: No action required."
40f,44,23704,Unknown,Overlap-Group-1,f_direction,dtcpb: cue 'unusually high' but SHAP for Overlap-Group-1 falls as the value rises (rho -0.20 on training rows),"This flow was flagged as an unrecognized (potential zero-day) pattern with 42.1% confidence. Main reasons: unusually high source-to-destination packet ratio, typical bytes sent by the source, unusually high dtcpb, connection state=CON. Suggested action: Unrecognized pattern — escalate to a human analyst for manual review."
40f,44,24586,Normal,Normal,f_direction,dload: cue 'reduced' but SHAP for Normal falls as the value rises (rho 0.80 on training rows),"This flow was flagged as Normal with 100.0% confidence. Main reasons: reduced ACK data time, reduced destination data load, reduced TCP round-trip time, typical bytes sent by the destination, elevated dloss. Suggested action: No action required."
40f,44,24744,Normal,Normal,f_direction,dload: cue 'reduced' but SHAP for Normal falls as the value rises (rho 0.80 on training rows),"This flow was flagged as Normal with 99.9% confidence. Main reasons: reduced ACK data time, reduced destination data load, reduced TCP round-trip time, elevated dloss, elevated number of packets sent by the destination. Suggested action: No action required."
40f,44,25206,Normal,Normal,f_direction,avg_pkt_size: cue 'reduced' but SHAP for Normal falls as the value rises (rho 0.11 on training rows),"This flow was flagged as Normal with 99.5% confidence. Main reasons: connection state=REQ, reduced average packet size, reduced ACK data time, elevated swin. Suggested action: No action required."
40f,44,27172,Unknown,Overlap-Group-1,f_direction,avg_pkt_size: cue 'reduced' but SHAP for Overlap-Group-1 falls as the value rises (rho 0.54 on training rows),"This flow was flagged as an unrecognized (potential zero-day) pattern with 47.2% confidence. Main reasons: typical response body len, reduced average packet size, network service=http, typical source-to-destination byte ratio. Suggested action: Unrecognized pattern — escalate to a human analyst for manual review."
40f,44,27946,Fuzzers,Fuzzers,f_direction,smean: cue 'reduced' but SHAP for Fuzzers falls as the value rises (rho 0.55 on training rows),"This flow was flagged as Fuzzers with 72.9% confidence. Main reasons: reduced mean packet size from source, network service=-, reduced destination data load, elevated recent connections from this source to the same destination port. Suggested action: Inspect the application for crash logs; consider input validation hardening."
40f,44,28801,Unknown,Overlap-Group-1,f_direction,avg_pkt_size: cue 'reduced' but SHAP for Overlap-Group-1 falls as the value rises (rho 0.54 on training rows),"This flow was flagged as an unrecognized (potential zero-day) pattern with 48.1% confidence. Main reasons: typical response body len, network service=http, reduced average packet size, typical bytes sent by the destination. Suggested action: Unrecognized pattern — escalate to a human analyst for manual review."
40f,44,31839,Exploits,Exploits,f_direction,smean: cue 'reduced' but SHAP for Exploits falls as the value rises (rho 0.22 on training rows),"This flow was flagged as Exploits with 95.7% confidence. Main reasons: extremely high mean packet size from destination, reduced mean packet size from source, elevated ACK data time, elevated destination jitter. Suggested action: Isolate the target host and check for unpatched vulnerabilities."
40f,44,32130,Overlap-Group-1,Overlap-Group-1,f_direction,avg_pkt_size: cue 'reduced' but SHAP for Overlap-Group-1 falls as the value rises (rho 0.54 on training rows),"This flow was flagged as Overlap-Group-1 with 64.1% confidence. Main reasons: network protocol=tcf, typical bytes sent by the source, reduced average packet size, unusually high recent connections to this destination from the same source port. Suggested action: Flagged as DoS, Backdoor, or Analysis-type behavior — this dataset's flow-level features can't reliably distinguish the three. Escalate for manual / packet-level inspection to determine the specific subtype."
40f,44,33139,Exploits,Exploits,f_direction,smean: cue 'reduced' but SHAP for Exploits falls as the value rises (rho 0.22 on training rows),"This flow was flagged as Exploits with 91.9% confidence. Main reasons: network service=ftp, reduced mean packet size from source, reduced mean packet size from destination, typical source data load. Suggested action: Isolate the target host and check for unpatched vulnerabilities."
40f,44,33139,Exploits,Exploits,f_direction,dmean: cue 'reduced' but SHAP for Exploits falls as the value rises (rho 0.58 on training rows),"This flow was flagged as Exploits with 91.9% confidence. Main reasons: network service=ftp, reduced mean packet size from source, reduced mean packet size from destination, typical source data load. Suggested action: Isolate the target host and check for unpatched vulnerabilities."
40f,44,33369,Fuzzers,Fuzzers,f_direction,smean: cue 'reduced' but SHAP for Fuzzers falls as the value rises (rho 0.55 on training rows),"This flow was flagged as Fuzzers with 70.1% confidence. Main reasons: reduced mean packet size from source, network service=-, reduced destination data load, reduced average packet size. Suggested action: Inspect the application for crash logs; consider input validation hardening."
40f,44,33581,Exploits,Exploits,f_direction,byte_ratio: cue 'elevated' but SHAP for Exploits falls as the value rises (rho -0.12 on training rows),"This flow was flagged as Exploits with 77.9% confidence. Main reasons: typical recent connections from this source to the same destination port, elevated average packet size, unusually high mean packet size from source, elevated source-to-destination byte ratio. Suggested action: Isolate the target host and check for unpatched vulnerabilities."
40f,44,34411,Overlap-Group-1,Overlap-Group-1,f_direction,avg_pkt_size: cue 'reduced' but SHAP for Overlap-Group-1 falls as the value rises (rho 0.54 on training rows),"This flow was flagged as Overlap-Group-1 with 55.4% confidence. Main reasons: network protocol=unas, typical bytes sent by the source, reduced average packet size, typical recent connections to this destination from the same source port. Suggested action: Flagged as DoS, Backdoor, or Analysis-type behavior — this dataset's flow-level features can't reliably distinguish the three. Escalate for manual / packet-level inspection to determine the specific subtype."
40f,44,34845,Overlap-Group-1,Overlap-Group-1,f_direction,avg_pkt_size: cue 'reduced' but SHAP for Overlap-Group-1 falls as the value rises (rho 0.54 on training rows),"This flow was flagged as Overlap-Group-1 with 60.2% confidence. Main reasons: network protocol=unas, typical bytes sent by the source, reduced average packet size, unusually high recent connections to this destination from the same source port. Suggested action: Flagged as DoS, Backdoor, or Analysis-type behavior — this dataset's flow-level features can't reliably distinguish the three. Escalate for manual / packet-level inspection to determine the specific subtype."
40f,44,35350,Overlap-Group-1,Overlap-Group-1,f_direction,avg_pkt_size: cue 'reduced' but SHAP for Overlap-Group-1 falls as the value rises (rho 0.54 on training rows),"This flow was flagged as Overlap-Group-1 with 59.1% confidence. Main reasons: network protocol=ipv6, typical bytes sent by the source, reduced average packet size, unusually high recent connections to this destination from the same source port. Suggested action: Flagged as DoS, Backdoor, or Analysis-type behavior — this dataset's flow-level features can't reliably distinguish the three. Escalate for manual / packet-level inspection to determine the specific subtype."
40f,44,35357,Overlap-Group-1,Overlap-Group-1,f_direction,avg_pkt_size: cue 'reduced' but SHAP for Overlap-Group-1 falls as the value rises (rho 0.54 on training rows),"This flow was flagged as Overlap-Group-1 with 53.0% confidence. Main reasons: network protocol=il, typical bytes sent by the source, reduced average packet size. Suggested action: Flagged as DoS, Backdoor, or Analysis-type behavior — this dataset's flow-level features can't reliably distinguish the three. Escalate for manual / packet-level inspection to determine the specific subtype."
40f,44,35952,Overlap-Group-1,Overlap-Group-1,f_direction,avg_pkt_size: cue 'reduced' but SHAP for Overlap-Group-1 falls as the value rises (rho 0.54 on training rows),"This flow was flagged as Overlap-Group-1 with 70.4% confidence. Main reasons: reduced mean packet size from source, typical response body len, reduced average packet size, network service=http, typical destination jitter. Suggested action: Flagged as DoS, Backdoor, or Analysis-type behavior — this dataset's flow-level features can't reliably distinguish the three. Escalate for manual / packet-level inspection to determine the specific subtype."
40f,44,36753,Overlap-Group-1,Overlap-Group-1,f_direction,avg_pkt_size: cue 'reduced' but SHAP for Overlap-Group-1 falls as the value rises (rho 0.54 on training rows),"This flow was flagged as Overlap-Group-1 with 60.2% confidence. Main reasons: network protocol=unas, typical bytes sent by the source, reduced average packet size, unusually high recent connections to this destination from the same source port. Suggested action: Flagged as DoS, Backdoor, or Analysis-type behavior — this dataset's flow-level features can't reliably distinguish the three. Escalate for manual / packet-level inspection to determine the specific subtype."
40f,44,37263,Unknown,Overlap-Group-1,f_direction,avg_pkt_size: cue 'reduced' but SHAP for Overlap-Group-1 falls as the value rises (rho 0.54 on training rows),"This flow was flagged as an unrecognized (potential zero-day) pattern with 35.6% confidence. Main reasons: network protocol=nvp, typical bytes sent by the source, reduced average packet size. Suggested action: Unrecognized pattern — escalate to a human analyst for manual review."
40f,44,38560,Overlap-Group-1,Overlap-Group-1,f_direction,avg_pkt_size: cue 'reduced' but SHAP for Overlap-Group-1 falls as the value rises (rho 0.54 on training rows),"This flow was flagged as Overlap-Group-1 with 59.8% confidence. Main reasons: network protocol=unas, typical bytes sent by the source, reduced average packet size, unusually high recent connections to this destination from the same source port. Suggested action: Flagged as DoS, Backdoor, or Analysis-type behavior — this dataset's flow-level features can't reliably distinguish the three. Escalate for manual / packet-level inspection to determine the specific subtype."
40f,44,39428,Normal,Normal,f_direction,avg_pkt_size: cue 'reduced' but SHAP for Normal falls as the value rises (rho 0.11 on training rows),"This flow was flagged as Normal with 68.6% confidence. Main reasons: reduced average packet size, typical destination jitter, reduced mean packet size from source, network service=-. Suggested action: No action required."
40f,44,41068,Unknown,Fuzzers,f_direction,smean: cue 'reduced' but SHAP for Fuzzers falls as the value rises (rho 0.55 on training rows),"This flow was flagged as an unrecognized (potential zero-day) pattern with 49.0% confidence. Main reasons: reduced destination data load, network service=-, network protocol=udp, reduced mean packet size from source. Suggested action: Unrecognized pattern — escalate to a human analyst for manual review."
40f,44,41285,Fuzzers,Fuzzers,f_direction,smean: cue 'reduced' but SHAP for Fuzzers falls as the value rises (rho 0.55 on training rows),"This flow was flagged as Fuzzers with 72.5% confidence. Main reasons: reduced mean packet size from source, network service=-, reduced destination data load, reduced average packet size. Suggested action: Inspect the application for crash logs; consider input validation hardening."
40f,44,42726,Unknown,Overlap-Group-1,f_direction,avg_pkt_size: cue 'reduced' but SHAP for Overlap-Group-1 falls as the value rises (rho 0.54 on training rows),"This flow was flagged as an unrecognized (potential zero-day) pattern with 51.3% confidence. Main reasons: typical response body len, reduced average packet size, network service=http, typical bytes sent by the destination, typical source-to-destination byte ratio. Suggested action: Unrecognized pattern — escalate to a human analyst for manual review."
40f,44,44815,Unknown,Normal,f_direction,pkt_ratio: cue 'elevated' but SHAP for Normal falls as the value rises (rho -0.12 on training rows),"This flow was flagged as an unrecognized (potential zero-day) pattern with 48.5% confidence. Main reasons: typical source-to-destination byte ratio, elevated source-to-destination packet ratio, network service=-, typical source jitter. Suggested action: Unrecognized pattern — escalate to a human analyst for manual review."
40f,44,45035,Normal,Normal,f_direction,avg_pkt_size: cue 'reduced' but SHAP for Normal falls as the value rises (rho 0.11 on training rows),"This flow was flagged as Normal with 59.4% confidence. Main reasons: reduced average packet size, network service=-, reduced mean packet size from source. Suggested action: No action required."
40f,44,45236,Unknown,Fuzzers,f_direction,smean: cue 'reduced' but SHAP for Fuzzers falls as the value rises (rho 0.55 on training rows),"This flow was flagged as an unrecognized (potential zero-day) pattern with 49.5% confidence. Main reasons: reduced average packet size, reduced destination data load, reduced mean packet size from source. Suggested action: Unrecognized pattern — escalate to a human analyst for manual review."
40f,44,47742,Unknown,Overlap-Group-1,f_direction,avg_pkt_size: cue 'reduced' but SHAP for Overlap-Group-1 falls as the value rises (rho 0.54 on training rows),"This flow was flagged as an unrecognized (potential zero-day) pattern with 38.6% confidence. Main reasons: typical response body len, reduced average packet size, network service=http, typical source-to-destination byte ratio, typical bytes sent by the destination. Suggested action: Unrecognized pattern — escalate to a human analyst for manual review."
40f,44,47864,Overlap-Group-1,Overlap-Group-1,f_direction,avg_pkt_size: cue 'reduced' but SHAP for Overlap-Group-1 falls as the value rises (rho 0.54 on training rows),"This flow was flagged as Overlap-Group-1 with 53.8% confidence. Main reasons: typical response body len, network service=http, reduced average packet size, typical source-to-destination byte ratio. Suggested action: Flagged as DoS, Backdoor, or Analysis-type behavior — this dataset's flow-level features can't reliably distinguish the three. Escalate for manual / packet-level inspection to determine the specific subtype."
40f,44,47892,Unknown,Normal,f_direction,avg_pkt_size: cue 'reduced' but SHAP for Normal falls as the value rises (rho 0.11 on training rows),"This flow was flagged as an unrecognized (potential zero-day) pattern with 51.0% confidence. Main reasons: typical source-to-destination byte ratio, typical bytes sent by the destination, reduced average packet size, typical response body len. Suggested action: Unrecognized pattern — escalate to a human analyst for manual review."
40f,44,48009,Fuzzers,Fuzzers,f_direction,smean: cue 'reduced' but SHAP for Fuzzers falls as the value rises (rho 0.55 on training rows),"This flow was flagged as Fuzzers with 63.4% confidence. Main reasons: reduced average packet size, typical source jitter, reduced destination data load, reduced mean packet size from source, network service=-. Suggested action: Inspect the application for crash logs; consider input validation hardening."
40f,44,48657,Unknown,Overlap-Group-1,f_direction,avg_pkt_size: cue 'reduced' but SHAP for Overlap-Group-1 falls as the value rises (rho 0.54 on training rows),"This flow was flagged as an unrecognized (potential zero-day) pattern with 40.4% confidence. Main reasons: typical response body len, reduced average packet size, network service=http, typical source-to-destination byte ratio. Suggested action: Unrecognized pattern — escalate to a human analyst for manual review."
40f,44,49578,Unknown,Normal,f_direction,avg_pkt_size: cue 'reduced' but SHAP for Normal falls as the value rises (rho 0.11 on training rows),"This flow was flagged as an unrecognized (potential zero-day) pattern with 51.9% confidence. Main reasons: reduced average packet size, reduced mean packet size from source, network service=-. Suggested action: Unrecognized pattern — escalate to a human analyst for manual review."
40f,44,50070,Fuzzers,Fuzzers,f_direction,smean: cue 'reduced' but SHAP for Fuzzers falls as the value rises (rho 0.55 on training rows),"This flow was flagged as Fuzzers with 74.3% confidence. Main reasons: reduced average packet size, reduced mean packet size from source, reduced destination data load, network service=-. Suggested action: Inspect the application for crash logs; consider input validation hardening."
40f,44,50219,Fuzzers,Fuzzers,f_direction,smean: cue 'reduced' but SHAP for Fuzzers falls as the value rises (rho 0.55 on training rows),"This flow was flagged as Fuzzers with 70.0% confidence. Main reasons: reduced average packet size, typical source jitter, reduced destination data load, reduced mean packet size from source, network service=-. Suggested action: Inspect the application for crash logs; consider input validation hardening."
40f,44,50920,Unknown,Normal,f_direction,avg_pkt_size: cue 'reduced' but SHAP for Normal falls as the value rises (rho 0.11 on training rows),"This flow was flagged as an unrecognized (potential zero-day) pattern with 49.8% confidence. Main reasons: reduced average packet size, typical recent connections from this source to the same destination port, reduced ACK data time, network service=-. Suggested action: Unrecognized pattern — escalate to a human analyst for manual review."
40f,44,51014,Unknown,Exploits,f_direction,avg_pkt_size: cue 'reduced' but SHAP for Exploits falls as the value rises (rho 0.53 on training rows),"This flow was flagged as an unrecognized (potential zero-day) pattern with 50.6% confidence. Main reasons: reduced average packet size, typical recent connections from this source to the same destination port, elevated ACK data time, typical total bytes transferred. Suggested action: Unrecognized pattern — escalate to a human analyst for manual review."
40f,44,51552,Unknown,Exploits,f_direction,avg_pkt_size: cue 'reduced' but SHAP for Exploits falls as the value rises (rho 0.53 on training rows),"This flow was flagged as an unrecognized (potential zero-day) pattern with 41.1% confidence. Main reasons: typical total bytes transferred, reduced average packet size, typical bytes sent by the source. Suggested action: Unrecognized pattern — escalate to a human analyst for manual review."
40f,44,51590,Fuzzers,Fuzzers,f_direction,smean: cue 'reduced' but SHAP for Fuzzers falls as the value rises (rho 0.55 on training rows),"This flow was flagged as Fuzzers with 71.6% confidence. Main reasons: reduced mean packet size from source, network service=-, reduced destination data load, reduced average packet size. Suggested action: Inspect the application for crash logs; consider input validation hardening."
40f,44,53144,Normal,Normal,f_direction,avg_pkt_size: cue 'reduced' but SHAP for Normal falls as the value rises (rho 0.11 on training rows),"This flow was flagged as Normal with 99.5% confidence. Main reasons: connection state=REQ, reduced average packet size, reduced ACK data time, elevated swin. Suggested action: No action required."
40f,44,53257,Normal,Normal,f_direction,avg_pkt_size: cue 'reduced' but SHAP for Normal falls as the value rises (rho 0.11 on training rows),"This flow was flagged as Normal with 99.4% confidence. Main reasons: connection state=REQ, reduced average packet size, reduced ACK data time, network protocol=tcp. Suggested action: No action required."
40f,44,53509,Unknown,Overlap-Group-1,f_direction,avg_pkt_size: cue 'reduced' but SHAP for Overlap-Group-1 falls as the value rises (rho 0.54 on training rows),"This flow was flagged as an unrecognized (potential zero-day) pattern with 46.5% confidence. Main reasons: typical response body len, network service=http, typical recent connections from this source to the same destination port, reduced average packet size. Suggested action: Unrecognized pattern — escalate to a human analyst for manual review."
40f,44,53513,Overlap-Group-1,Overlap-Group-1,f_direction,ct_flw_http_mthd: cue 'extremely high' but SHAP for Overlap-Group-1 falls as the value rises (rho -0.12 on training rows),"This flow was flagged as Overlap-Group-1 with 86.6% confidence. Main reasons: extremely high ct flw http mthd, typical response body len, reduced average packet size, network service=http, typical bytes sent by the source. Suggested action: Flagged as DoS, Backdoor, or Analysis-type behavior — this dataset's flow-level features can't reliably distinguish the three. Escalate for manual / packet-level inspection to determine the specific subtype."
40f,44,53513,Overlap-Group-1,Overlap-Group-1,f_direction,avg_pkt_size: cue 'reduced' but SHAP for Overlap-Group-1 falls as the value rises (rho 0.54 on training rows),"This flow was flagged as Overlap-Group-1 with 86.6% confidence. Main reasons: extremely high ct flw http mthd, typical response body len, reduced average packet size, network service=http, typical bytes sent by the source. Suggested action: Flagged as DoS, Backdoor, or Analysis-type behavior — this dataset's flow-level features can't reliably distinguish the three. Escalate for manual / packet-level inspection to determine the specific subtype."
40f,44,54758,Exploits,Exploits,f_direction,smean: cue 'reduced' but SHAP for Exploits falls as the value rises (rho 0.22 on training rows),"This flow was flagged as Exploits with 98.3% confidence. Main reasons: elevated ACK data time, reduced mean packet size from source, network service=http, typical source-to-destination byte ratio, extremely high mean packet size from destination. Suggested action: Isolate the target host and check for unpatched vulnerabilities."
40f,44,55056,Unknown,Normal,f_direction,avg_pkt_size: cue 'reduced' but SHAP for Normal falls as the value rises (rho 0.11 on training rows),"This flow was flagged as an unrecognized (potential zero-day) pattern with 34.2% confidence. Main reasons: reduced average packet size, network service=-. Suggested action: Unrecognized pattern — escalate to a human analyst for manual review."
40f,44,55794,Fuzzers,Fuzzers,f_direction,smean: cue 'reduced' but SHAP for Fuzzers falls as the value rises (rho 0.55 on training rows),"This flow was flagged as Fuzzers with 55.2% confidence. Main reasons: reduced average packet size, reduced mean packet size from source, reduced destination data load, network service=-. Suggested action: Inspect the application for crash logs; consider input validation hardening."
40f,44,55899,Exploits,Exploits,f_direction,synack: cue 'reduced' but SHAP for Exploits falls as the value rises (rho 0.13 on training rows),"This flow was flagged as Exploits with 87.6% confidence. Main reasons: reduced SYN-ACK handshake time, typical ACK data time, reduced average packet size, typical recent connections from this source to the same destination port. Suggested action: Isolate the target host and check for unpatched vulnerabilities."
40f,44,55899,Exploits,Exploits,f_direction,avg_pkt_size: cue 'reduced' but SHAP for Exploits falls as the value rises (rho 0.53 on training rows),"This flow was flagged as Exploits with 87.6% confidence. Main reasons: reduced SYN-ACK handshake time, typical ACK data time, reduced average packet size, typical recent connections from this source to the same destination port. Suggested action: Isolate the target host and check for unpatched vulnerabilities."
40f,44,55992,Unknown,Exploits,f_direction,avg_pkt_size: cue 'reduced' but SHAP for Exploits falls as the value rises (rho 0.53 on training rows),"This flow was flagged as an unrecognized (potential zero-day) pattern with 40.6% confidence. Main reasons: typical total bytes transferred, typical recent connections from this source to the same destination port, unusually high ACK data time, reduced average packet size. Suggested action: Unrecognized pattern — escalate to a human analyst for manual review."
40f,45,697,Overlap-Group-1,Overlap-Group-1,f_direction,avg_pkt_size: cue 'reduced' but SHAP for Overlap-Group-1 falls as the value rises (rho 0.45 on training rows),"This flow was flagged as Overlap-Group-1 with 54.6% confidence. Main reasons: network protocol=ipip, typical bytes sent by the source, reduced average packet size. Suggested action: Flagged as DoS, Backdoor, or Analysis-type behavior — this dataset's flow-level features can't reliably distinguish the three. Escalate for manual / packet-level inspection to determine the specific subtype."
40f,45,1525,Overlap-Group-1,Overlap-Group-1,f_direction,avg_pkt_size: cue 'reduced' but SHAP for Overlap-Group-1 falls as the value rises (rho 0.45 on training rows),"This flow was flagged as Overlap-Group-1 with 61.2% confidence. Main reasons: network protocol=unas, typical bytes sent by the source, reduced average packet size, typical mean packet size from source. Suggested action: Flagged as DoS, Backdoor, or Analysis-type behavior — this dataset's flow-level features can't reliably distinguish the three. Escalate for manual / packet-level inspection to determine the specific subtype."
40f,45,1531,Overlap-Group-1,Overlap-Group-1,f_direction,avg_pkt_size: cue 'reduced' but SHAP for Overlap-Group-1 falls as the value rises (rho 0.45 on training rows),"This flow was flagged as Overlap-Group-1 with 61.2% confidence. Main reasons: network protocol=unas, typical bytes sent by the source, reduced average packet size, typical mean packet size from source. Suggested action: Flagged as DoS, Backdoor, or Analysis-type behavior — this dataset's flow-level features can't reliably distinguish the three. Escalate for manual / packet-level inspection to determine the specific subtype."
40f,45,1800,Overlap-Group-1,Overlap-Group-1,f_direction,avg_pkt_size: cue 'reduced' but SHAP for Overlap-Group-1 falls as the value rises (rho 0.45 on training rows),"This flow was flagged as Overlap-Group-1 with 61.8% confidence. Main reasons: network protocol=cpnx, typical bytes sent by the source, reduced average packet size. Suggested action: Flagged as DoS, Backdoor, or Analysis-type behavior — this dataset's flow-level features can't reliably distinguish the three. Escalate for manual / packet-level inspection to determine the specific subtype."
40f,45,1843,Overlap-Group-1,Overlap-Group-1,f_direction,avg_pkt_size: cue 'reduced' but SHAP for Overlap-Group-1 falls as the value rises (rho 0.45 on training rows),"This flow was flagged as Overlap-Group-1 with 61.2% confidence. Main reasons: network protocol=unas, typical bytes sent by the source, reduced average packet size, typical mean packet size from source. Suggested action: Flagged as DoS, Backdoor, or Analysis-type behavior — this dataset's flow-level features can't reliably distinguish the three. Escalate for manual / packet-level inspection to determine the specific subtype."
40f,45,2083,Overlap-Group-1,Overlap-Group-1,f_direction,avg_pkt_size: cue 'reduced' but SHAP for Overlap-Group-1 falls as the value rises (rho 0.45 on training rows),"This flow was flagged as Overlap-Group-1 with 59.9% confidence. Main reasons: network protocol=unas, reduced average packet size, typical bytes sent by the source, typical mean packet size from source. Suggested action: Flagged as DoS, Backdoor, or Analysis-type behavior — this dataset's flow-level features can't reliably distinguish the three. Escalate for manual / packet-level inspection to determine the specific subtype."
40f,45,2145,Overlap-Group-1,Overlap-Group-1,f_direction,avg_pkt_size: cue 'reduced' but SHAP for Overlap-Group-1 falls as the value rises (rho 0.45 on training rows),"This flow was flagged as Overlap-Group-1 with 61.5% confidence. Main reasons: network protocol=isis, typical bytes sent by the source, reduced average packet size. Suggested action: Flagged as DoS, Backdoor, or Analysis-type behavior — this dataset's flow-level features can't reliably distinguish the three. Escalate for manual / packet-level inspection to determine the specific subtype."
40f,45,2509,Overlap-Group-1,Overlap-Group-1,f_direction,avg_pkt_size: cue 'reduced' but SHAP for Overlap-Group-1 falls as the value rises (rho 0.45 on training rows),"This flow was flagged as Overlap-Group-1 with 60.7% confidence. Main reasons: network protocol=unas, reduced average packet size, typical bytes sent by the source, typical mean packet size from source. Suggested action: Flagged as DoS, Backdoor, or Analysis-type behavior — this dataset's flow-level features can't reliably distinguish the three. Escalate for manual / packet-level inspection to determine the specific subtype."
40f,45,2692,Overlap-Group-1,Overlap-Group-1,f_direction,avg_pkt_size: cue 'reduced' but SHAP for Overlap-Group-1 falls as the value rises (rho 0.45 on training rows),"This flow was flagged as Overlap-Group-1 with 61.4% confidence. Main reasons: network protocol=l2tp, typical bytes sent by the source, reduced average packet size. Suggested action: Flagged as DoS, Backdoor, or Analysis-type behavior — this dataset's flow-level features can't reliably distinguish the three. Escalate for manual / packet-level inspection to determine the specific subtype."
40f,45,2892,Exploits,Exploits,f_direction,synack: cue 'reduced' but SHAP for Exploits falls as the value rises (rho 0.47 on training rows),"This flow was flagged as Exploits with 91.0% confidence. Main reasons: elevated ACK data time, typical bytes sent by the destination, network service=smtp, reduced SYN-ACK handshake time, typical source-to-destination byte ratio. Suggested action: Isolate the target host and check for unpatched vulnerabilities."
40f,45,2928,Overlap-Group-1,Overlap-Group-1,f_direction,avg_pkt_size: cue 'reduced' but SHAP for Overlap-Group-1 falls as the value rises (rho 0.45 on training rows),"This flow was flagged as Overlap-Group-1 with 69.0% confidence. Main reasons: network protocol=stp, typical bytes sent by the source, reduced average packet size, typical mean packet size from source. Suggested action: Flagged as DoS, Backdoor, or Analysis-type behavior — this dataset's flow-level features can't reliably distinguish the three. Escalate for manual / packet-level inspection to determine the specific subtype."
40f,45,5356,Exploits,Exploits,f_direction,dmean: cue 'reduced' but SHAP for Exploits falls as the value rises (rho 0.52 on training rows),"This flow was flagged as Exploits with 96.8% confidence. Main reasons: reduced mean packet size from destination, unusually high ACK data time, typical bytes sent by the destination, typical dloss, typical source-to-destination byte ratio. Suggested action: Isolate the target host and check for unpatched vulnerabilities."
40f,45,7722,Generic,Generic,f_direction,avg_pkt_size: cue 'reduced' but SHAP for Generic falls as the value rises (rho 0.35 on training rows),"This flow was flagged as Generic with 100.0% confidence. Main reasons: typical total bytes transferred, extremely high recent connections to this destination from the same source port, typical bytes sent by the source, reduced average packet size. Suggested action: Review firewall rules for this flow's protocol/service combination."
40f,45,7862,Generic,Generic,f_direction,avg_pkt_size: cue 'reduced' but SHAP for Generic falls as the value rises (rho 0.35 on training rows),"This flow was flagged as Generic with 100.0% confidence. Main reasons: typical total bytes transferred, extremely high recent connections to this destination from the same source port, typical bytes sent by the source, reduced average packet size. Suggested action: Review firewall rules for this flow's protocol/service combination."
40f,45,8012,Generic,Generic,f_direction,avg_pkt_size: cue 'reduced' but SHAP for Generic falls as the value rises (rho 0.35 on training rows),"This flow was flagged as Generic with 100.0% confidence. Main reasons: typical total bytes transferred, extremely high recent connections to this destination from the same source port, typical bytes sent by the source, reduced average packet size. Suggested action: Review firewall rules for this flow's protocol/service combination."
40f,45,8040,Generic,Generic,f_direction,avg_pkt_size: cue 'reduced' but SHAP for Generic falls as the value rises (rho 0.35 on training rows),"This flow was flagged as Generic with 100.0% confidence. Main reasons: typical total bytes transferred, extremely high recent connections to this destination from the same source port, typical bytes sent by the source, reduced average packet size. Suggested action: Review firewall rules for this flow's protocol/service combination."
40f,45,8050,Generic,Generic,f_direction,avg_pkt_size: cue 'reduced' but SHAP for Generic falls as the value rises (rho 0.35 on training rows),"This flow was flagged as Generic with 100.0% confidence. Main reasons: typical total bytes transferred, extremely high recent connections to this destination from the same source port, typical bytes sent by the source, reduced average packet size. Suggested action: Review firewall rules for this flow's protocol/service combination."
40f,45,8227,Generic,Generic,f_direction,avg_pkt_size: cue 'reduced' but SHAP for Generic falls as the value rises (rho 0.35 on training rows),"This flow was flagged as Generic with 99.9% confidence. Main reasons: typical total bytes transferred, network service=dns, typical bytes sent by the source, reduced average packet size. Suggested action: Review firewall rules for this flow's protocol/service combination."
40f,45,8396,Generic,Generic,f_direction,avg_pkt_size: cue 'reduced' but SHAP for Generic falls as the value rises (rho 0.35 on training rows),"This flow was flagged as Generic with 100.0% confidence. Main reasons: typical total bytes transferred, extremely high recent connections to this destination from the same source port, typical bytes sent by the source, reduced average packet size. Suggested action: Review firewall rules for this flow's protocol/service combination."
40f,45,17037,Normal,Normal,f_direction,dload: cue 'reduced' but SHAP for Normal falls as the value rises (rho 0.85 on training rows),"This flow was flagged as Normal with 100.0% confidence. Main reasons: reduced destination data load, reduced ACK data time, typical dloss, reduced SYN-ACK handshake time, reduced TCP round-trip time. Suggested action: No action required."
40f,45,19626,Normal,Normal,f_direction,dload: cue 'reduced' but SHAP for Normal falls as the value rises (rho 0.85 on training rows),"This flow was flagged as Normal with 100.0% confidence. Main reasons: reduced destination data load, reduced ACK data time, typical dloss, reduced TCP round-trip time, reduced SYN-ACK handshake time. Suggested action: No action required."
40f,45,20726,Normal,Normal,f_direction,dload: cue 'reduced' but SHAP for Normal falls as the value rises (rho 0.85 on training rows),"This flow was flagged as Normal with 100.0% confidence. Main reasons: reduced ACK data time, reduced destination data load, reduced TCP round-trip time, reduced SYN-ACK handshake time, typical dloss. Suggested action: No action required."
40f,45,23078,Normal,Normal,f_direction,dload: cue 'reduced' but SHAP for Normal falls as the value rises (rho 0.85 on training rows),"This flow was flagged as Normal with 100.0% confidence. Main reasons: reduced ACK data time, reduced destination data load, elevated dloss, reduced SYN-ACK handshake time, typical bytes sent by the source. Suggested action: No action required."
40f,45,25701,Unknown,Overlap-Group-1,f_direction,avg_pkt_size: cue 'reduced' but SHAP for Overlap-Group-1 falls as the value rises (rho 0.45 on training rows),"This flow was flagged as an unrecognized (potential zero-day) pattern with 42.9% confidence. Main reasons: typical response body len, network service=http, reduced average packet size. Suggested action: Unrecognized pattern — escalate to a human analyst for manual review."
40f,45,28001,Unknown,Overlap-Group-1,f_direction,avg_pkt_size: cue 'reduced' but SHAP for Overlap-Group-1 falls as the value rises (rho 0.45 on training rows),"This flow was flagged as an unrecognized (potential zero-day) pattern with 42.2% confidence. Main reasons: typical response body len, reduced average packet size, network service=http, typical dinpkt. Suggested action: Unrecognized pattern — escalate to a human analyst for manual review."
40f,45,30016,Exploits,Exploits,f_direction,synack: cue 'reduced' but SHAP for Exploits falls as the value rises (rho 0.47 on training rows),"This flow was flagged as Exploits with 64.6% confidence. Main reasons: elevated ACK data time, typical bytes sent by the destination, network service=smtp, reduced SYN-ACK handshake time. Suggested action: Isolate the target host and check for unpatched vulnerabilities."
40f,45,30109,Overlap-Group-1,Overlap-Group-1,f_direction,avg_pkt_size: cue 'reduced' but SHAP for Overlap-Group-1 falls as the value rises (rho 0.45 on training rows),"This flow was flagged as Overlap-Group-1 with 48.7% confidence. Main reasons: typical response body len, typical bytes sent by the destination, network service=http, reduced average packet size. Suggested action: Flagged as DoS, Backdoor, or Analysis-type behavior — this dataset's flow-level features can't reliably distinguish the three. Escalate for manual / packet-level inspection to determine the specific subtype."
40f,45,30524,Exploits,Exploits,f_direction,stcpb: cue 'unusually high' but SHAP for Exploits falls as the value rises (rho -0.58 on training rows),"This flow was flagged as Exploits with 99.9% confidence. Main reasons: reduced mean packet size from source, elevated ACK data time, network service=ftp-data, typical bytes sent by the destination, unusually high stcpb. Suggested action: Isolate the target host and check for unpatched vulnerabilities."
40f,45,30734,Overlap-Group-1,Overlap-Group-1,f_direction,avg_pkt_size: cue 'reduced' but SHAP for Overlap-Group-1 falls as the value rises (rho 0.45 on training rows),"This flow was flagged as Overlap-Group-1 with 59.1% confidence. Main reasons: reduced average packet size, network service=http, typical bytes sent by the destination, typical response body len, typical recent connections from this source to the same destination port. Suggested action: Flagged as DoS, Backdoor, or Analysis-type behavior — this dataset's flow-level features can't reliably distinguish the three. Escalate for manual / packet-level inspection to determine the specific subtype."
40f,45,30983,Exploits,Exploits,f_direction,avg_pkt_size: cue 'reduced' but SHAP for Exploits falls as the value rises (rho 0.71 on training rows),"This flow was flagged as Exploits with 75.2% confidence. Main reasons: typical ACK data time, typical SYN-ACK handshake time, typical mean packet size from destination, reduced average packet size. Suggested action: Isolate the target host and check for unpatched vulnerabilities."
40f,45,31208,Exploits,Exploits,f_direction,avg_pkt_size: cue 'reduced' but SHAP for Exploits falls as the value rises (rho 0.71 on training rows),"This flow was flagged as Exploits with 99.2% confidence. Main reasons: elevated ACK data time, typical bytes sent by the destination, typical dloss, reduced average packet size, network service=ftp. Suggested action: Isolate the target host and check for unpatched vulnerabilities."
40f,45,31640,Overlap-Group-1,Overlap-Group-1,f_direction,avg_pkt_size: cue 'reduced' but SHAP for Overlap-Group-1 falls as the value rises (rho 0.45 on training rows),"This flow was flagged as Overlap-Group-1 with 58.4% confidence. Main reasons: typical bytes sent by the source, typical mean packet size from source, reduced average packet size, reduced destination data load. Suggested action: Flagged as DoS, Backdoor, or Analysis-type behavior — this dataset's flow-level features can't reliably distinguish the three. Escalate for manual / packet-level inspection to determine the specific subtype."
40f,45,32888,Unknown,Exploits,f_direction,avg_pkt_size: cue 'reduced' but SHAP for Exploits falls as the value rises (rho 0.71 on training rows),"This flow was flagged as an unrecognized (potential zero-day) pattern with 40.1% confidence. Main reasons: unusually high ACK data time, elevated SYN-ACK handshake time, typical recent connections from this source to the same destination port, reduced average packet size. Suggested action: Unrecognized pattern — escalate to a human analyst for manual review."
40f,45,33756,Overlap-Group-1,Overlap-Group-1,f_direction,avg_pkt_size: cue 'reduced' but SHAP for Overlap-Group-1 falls as the value rises (rho 0.45 on training rows),"This flow was flagged as Overlap-Group-1 with 70.2% confidence. Main reasons: network protocol=unas, unusually high recent connections to this destination from the same source port, reduced average packet size, typical bytes sent by the source. Suggested action: Flagged as DoS, Backdoor, or Analysis-type behavior — this dataset's flow-level features can't reliably distinguish the three. Escalate for manual / packet-level inspection to determine the specific subtype."
40f,45,33892,Generic,Generic,f_direction,avg_pkt_size: cue 'reduced' but SHAP for Generic falls as the value rises (rho 0.35 on training rows),"This flow was flagged as Generic with 100.0% confidence. Main reasons: typical total bytes transferred, network service=dns, typical bytes sent by the source, reduced average packet size. Suggested action: Review firewall rules for this flow's protocol/service combination."
40f,45,34084,Generic,Generic,f_direction,pkt_ratio: cue 'elevated' but SHAP for Generic falls as the value rises (rho -0.76 on training rows),"This flow was flagged as Generic with 57.5% confidence. Main reasons: elevated mean packet size from source, elevated source-to-destination packet ratio, typical bytes sent by the source, typical average packet size, network service=smtp. Suggested action: Review firewall rules for this flow's protocol/service combination."
40f,45,34958,Generic,Generic,f_direction,avg_pkt_size: cue 'reduced' but SHAP for Generic falls as the value rises (rho 0.35 on training rows),"This flow was flagged as Generic with 98.7% confidence. Main reasons: typical total bytes transferred, network service=dns, typical bytes sent by the source, reduced average packet size. Suggested action: Review firewall rules for this flow's protocol/service combination."
40f,45,35799,Exploits,Exploits,f_direction,avg_pkt_size: cue 'reduced' but SHAP for Exploits falls as the value rises (rho 0.71 on training rows),"This flow was flagged as Exploits with 97.2% confidence. Main reasons: typical bytes sent by the source, reduced destination data load, reduced mean packet size from source, reduced average packet size. Suggested action: Isolate the target host and check for unpatched vulnerabilities."
40f,45,35948,Generic,Generic,f_direction,avg_pkt_size: cue 'reduced' but SHAP for Generic falls as the value rises (rho 0.35 on training rows),"This flow was flagged as Generic with 99.8% confidence. Main reasons: typical total bytes transferred, network service=dns, typical bytes sent by the source, reduced average packet size. Suggested action: Review firewall rules for this flow's protocol/service combination."
40f,45,36032,Generic,Generic,f_direction,avg_pkt_size: cue 'reduced' but SHAP for Generic falls as the value rises (rho 0.35 on training rows),"This flow was flagged as Generic with 99.9% confidence. Main reasons: typical total bytes transferred, network service=dns, typical bytes sent by the source, reduced average packet size. Suggested action: Review firewall rules for this flow's protocol/service combination."
40f,45,36084,Overlap-Group-1,Overlap-Group-1,f_direction,avg_pkt_size: cue 'reduced' but SHAP for Overlap-Group-1 falls as the value rises (rho 0.45 on training rows),"This flow was flagged as Overlap-Group-1 with 64.8% confidence. Main reasons: network protocol=pgm, typical bytes sent by the source, reduced average packet size, typical mean packet size from source. Suggested action: Flagged as DoS, Backdoor, or Analysis-type behavior — this dataset's flow-level features can't reliably distinguish the three. Escalate for manual / packet-level inspection to determine the specific subtype."
40f,45,36255,Overlap-Group-1,Overlap-Group-1,f_direction,avg_pkt_size: cue 'reduced' but SHAP for Overlap-Group-1 falls as the value rises (rho 0.45 on training rows),"This flow was flagged as Overlap-Group-1 with 63.4% confidence. Main reasons: network protocol=iplt, typical bytes sent by the source, unusually high recent connections to this destination from the same source port, reduced average packet size. Suggested action: Flagged as DoS, Backdoor, or Analysis-type behavior — this dataset's flow-level features can't reliably distinguish the three. Escalate for manual / packet-level inspection to determine the specific subtype."
40f,45,36350,Generic,Generic,f_direction,avg_pkt_size: cue 'reduced' but SHAP for Generic falls as the value rises (rho 0.35 on training rows),"This flow was flagged as Generic with 99.9% confidence. Main reasons: typical total bytes transferred, network service=dns, typical bytes sent by the source, reduced average packet size. Suggested action: Review firewall rules for this flow's protocol/service combination."
40f,45,36645,Generic,Generic,f_direction,avg_pkt_size: cue 'reduced' but SHAP for Generic falls as the value rises (rho 0.35 on training rows),"This flow was flagged as Generic with 99.8% confidence. Main reasons: typical total bytes transferred, network service=dns, typical bytes sent by the source, reduced average packet size. Suggested action: Review firewall rules for this flow's protocol/service combination."
40f,45,36686,Generic,Generic,f_direction,avg_pkt_size: cue 'reduced' but SHAP for Generic falls as the value rises (rho 0.35 on training rows),"This flow was flagged as Generic with 100.0% confidence. Main reasons: typical total bytes transferred, network service=dns, typical bytes sent by the source, reduced average packet size, elevated recent connections to this destination from the same source port. Suggested action: Review firewall rules for this flow's protocol/service combination."
40f,45,36908,Exploits,Exploits,f_direction,synack: cue 'reduced' but SHAP for Exploits falls as the value rises (rho 0.47 on training rows),"This flow was flagged as Exploits with 58.8% confidence. Main reasons: reduced SYN-ACK handshake time, typical recent connections from this source to the same destination port, network service=http. Suggested action: Isolate the target host and check for unpatched vulnerabilities."
40f,45,37338,Generic,Generic,f_direction,avg_pkt_size: cue 'reduced' but SHAP for Generic falls as the value rises (rho 0.35 on training rows),"This flow was flagged as Generic with 100.0% confidence. Main reasons: typical total bytes transferred, network service=dns, typical bytes sent by the source, reduced average packet size. Suggested action: Review firewall rules for this flow's protocol/service combination."
40f,45,37528,Generic,Generic,f_direction,avg_pkt_size: cue 'reduced' but SHAP for Generic falls as the value rises (rho 0.35 on training rows),"This flow was flagged as Generic with 100.0% confidence. Main reasons: typical total bytes transferred, network service=dns, typical bytes sent by the source, reduced average packet size, unusually high recent connections to this destination from the same source port. Suggested action: Review firewall rules for this flow's protocol/service combination."
40f,45,37712,Normal,Normal,f_direction,smean: cue 'elevated' but SHAP for Normal falls as the value rises (rho -0.15 on training rows),"This flow was flagged as Normal with 67.8% confidence. Main reasons: typical bytes sent by the source, network service=-, elevated mean packet size from source, typical dtcpb. Suggested action: No action required."
40f,45,38842,Exploits,Exploits,f_direction,dmean: cue 'reduced' but SHAP for Exploits falls as the value rises (rho 0.52 on training rows),"This flow was flagged as Exploits with 84.3% confidence. Main reasons: elevated ACK data time, typical bytes sent by the destination, reduced mean packet size from destination, typical dloss. Suggested action: Isolate the target host and check for unpatched vulnerabilities."
40f,45,39302,Generic,Generic,f_direction,avg_pkt_size: cue 'reduced' but SHAP for Generic falls as the value rises (rho 0.35 on training rows),"This flow was flagged as Generic with 99.8% confidence. Main reasons: typical total bytes transferred, network service=dns, typical bytes sent by the source, reduced average packet size. Suggested action: Review firewall rules for this flow's protocol/service combination."
40f,45,40716,Overlap-Group-1,Overlap-Group-1,f_direction,ct_flw_http_mthd: cue 'extremely high' but SHAP for Overlap-Group-1 falls as the value rises (rho -0.21 on training rows),"This flow was flagged as Overlap-Group-1 with 58.1% confidence. Main reasons: typical response body len, network service=http, extremely high ct flw http mthd, unusually high stcpb, reduced average packet size. Suggested action: Flagged as DoS, Backdoor, or Analysis-type behavior — this dataset's flow-level features can't reliably distinguish the three. Escalate for manual / packet-level inspection to determine the specific subtype."
40f,45,40716,Overlap-Group-1,Overlap-Group-1,f_direction,stcpb: cue 'unusually high' but SHAP for Overlap-Group-1 falls as the value rises (rho -0.45 on training rows),"This flow was flagged as Overlap-Group-1 with 58.1% confidence. Main reasons: typical response body len, network service=http, extremely high ct flw http mthd, unusually high stcpb, reduced average packet size. Suggested action: Flagged as DoS, Backdoor, or Analysis-type behavior — this dataset's flow-level features can't reliably distinguish the three. Escalate for manual / packet-level inspection to determine the specific subtype."
40f,45,40716,Overlap-Group-1,Overlap-Group-1,f_direction,avg_pkt_size: cue 'reduced' but SHAP for Overlap-Group-1 falls as the value rises (rho 0.45 on training rows),"This flow was flagged as Overlap-Group-1 with 58.1% confidence. Main reasons: typical response body len, network service=http, extremely high ct flw http mthd, unusually high stcpb, reduced average packet size. Suggested action: Flagged as DoS, Backdoor, or Analysis-type behavior — this dataset's flow-level features can't reliably distinguish the three. Escalate for manual / packet-level inspection to determine the specific subtype."
40f,45,40904,Normal,Normal,f_direction,rate: cue 'reduced' but SHAP for Normal falls as the value rises (rho 0.24 on training rows),"This flow was flagged as Normal with 99.9% confidence. Main reasons: reduced average packet size, connection state=REQ, reduced packet rate, typical source data load, reduced ACK data time. Suggested action: No action required."
40f,45,44124,Fuzzers,Fuzzers,f_direction,smean: cue 'reduced' but SHAP for Fuzzers falls as the value rises (rho 0.52 on training rows),"This flow was flagged as Fuzzers with 79.9% confidence. Main reasons: reduced average packet size, reduced destination data load, typical source jitter, reduced mean packet size from source, network service=-. Suggested action: Inspect the application for crash logs; consider input validation hardening."
40f,45,44812,Unknown,Exploits,f_direction,avg_pkt_size: cue 'reduced' but SHAP for Exploits falls as the value rises (rho 0.71 on training rows),"This flow was flagged as an unrecognized (potential zero-day) pattern with 43.0% confidence. Main reasons: typical ACK data time, typical recent connections from this source to the same destination port, reduced average packet size, typical flow duration. Suggested action: Unrecognized pattern — escalate to a human analyst for manual review."
40f,45,46767,Unknown,Exploits,f_direction,avg_pkt_size: cue 'reduced' but SHAP for Exploits falls as the value rises (rho 0.71 on training rows),"This flow was flagged as an unrecognized (potential zero-day) pattern with 38.8% confidence. Main reasons: typical total bytes transferred, unusually high ACK data time, reduced average packet size, typical recent connections from this source to the same destination port. Suggested action: Unrecognized pattern — escalate to a human analyst for manual review."
40f,45,47776,Overlap-Group-1,Overlap-Group-1,f_direction,ct_flw_http_mthd: cue 'extremely high' but SHAP for Overlap-Group-1 falls as the value rises (rho -0.21 on training rows),"This flow was flagged as Overlap-Group-1 with 91.2% confidence. Main reasons: extremely high ct flw http mthd, reduced average packet size, network service=http, typical response body len, elevated ACK data time. Suggested action: Flagged as DoS, Backdoor, or Analysis-type behavior — this dataset's flow-level features can't reliably distinguish the three. Escalate for manual / packet-level inspection to determine the specific subtype."
40f,45,47776,Overlap-Group-1,Overlap-Group-1,f_direction,avg_pkt_size: cue 'reduced' but SHAP for Overlap-Group-1 falls as the value rises (rho 0.45 on training rows),"This flow was flagged as Overlap-Group-1 with 91.2% confidence. Main reasons: extremely high ct flw http mthd, reduced average packet size, network service=http, typical response body len, elevated ACK data time. Suggested action: Flagged as DoS, Backdoor, or Analysis-type behavior — this dataset's flow-level features can't reliably distinguish the three. Escalate for manual / packet-level inspection to determine the specific subtype."
40f,45,48718,Overlap-Group-1,Overlap-Group-1,f_direction,ct_flw_http_mthd: cue 'extremely high' but SHAP for Overlap-Group-1 falls as the value rises (rho -0.21 on training rows),"This flow was flagged as Overlap-Group-1 with 53.7% confidence. Main reasons: extremely high ct flw http mthd, typical response body len, reduced average packet size, network service=http. Suggested action: Flagged as DoS, Backdoor, or Analysis-type behavior — this dataset's flow-level features can't reliably distinguish the three. Escalate for manual / packet-level inspection to determine the specific subtype."
40f,45,48718,Overlap-Group-1,Overlap-Group-1,f_direction,avg_pkt_size: cue 'reduced' but SHAP for Overlap-Group-1 falls as the value rises (rho 0.45 on training rows),"This flow was flagged as Overlap-Group-1 with 53.7% confidence. Main reasons: extremely high ct flw http mthd, typical response body len, reduced average packet size, network service=http. Suggested action: Flagged as DoS, Backdoor, or Analysis-type behavior — this dataset's flow-level features can't reliably distinguish the three. Escalate for manual / packet-level inspection to determine the specific subtype."
40f,45,50773,Unknown,Fuzzers,f_direction,smean: cue 'reduced' but SHAP for Fuzzers falls as the value rises (rho 0.52 on training rows),"This flow was flagged as an unrecognized (potential zero-day) pattern with 40.3% confidence. Main reasons: reduced average packet size, network service=-, typical total bytes transferred, reduced mean packet size from source. Suggested action: Unrecognized pattern — escalate to a human analyst for manual review."
40f,45,51498,Unknown,Exploits,f_direction,avg_pkt_size: cue 'reduced' but SHAP for Exploits falls as the value rises (rho 0.71 on training rows),"This flow was flagged as an unrecognized (potential zero-day) pattern with 46.4% confidence. Main reasons: unusually high ACK data time, reduced average packet size, typical total bytes transferred, elevated SYN-ACK handshake time. Suggested action: Unrecognized pattern — escalate to a human analyst for manual review."
40f,45,51901,Fuzzers,Fuzzers,f_direction,smean: cue 'reduced' but SHAP for Fuzzers falls as the value rises (rho 0.52 on training rows),"This flow was flagged as Fuzzers with 60.1% confidence. Main reasons: reduced average packet size, reduced destination data load, reduced mean packet size from source. Suggested action: Inspect the application for crash logs; consider input validation hardening."
40f,45,52667,Unknown,Overlap-Group-1,f_direction,avg_pkt_size: cue 'reduced' but SHAP for Overlap-Group-1 falls as the value rises (rho 0.45 on training rows),"This flow was flagged as an unrecognized (potential zero-day) pattern with 38.3% confidence. Main reasons: typical response body len, reduced average packet size, network service=http, typical source-to-destination byte ratio. Suggested action: Unrecognized pattern — escalate to a human analyst for manual review."
40f,45,52711,Overlap-Group-1,Overlap-Group-1,f_direction,avg_pkt_size: cue 'reduced' but SHAP for Overlap-Group-1 falls as the value rises (rho 0.45 on training rows),"This flow was flagged as Overlap-Group-1 with 49.7% confidence. Main reasons: typical response body len, network service=http, reduced average packet size, unusually high ACK data time. Suggested action: Flagged as DoS, Backdoor, or Analysis-type behavior — this dataset's flow-level features can't reliably distinguish the three. Escalate for manual / packet-level inspection to determine the specific subtype."
40f,45,52759,Unknown,Overlap-Group-1,f_direction,avg_pkt_size: cue 'reduced' but SHAP for Overlap-Group-1 falls as the value rises (rho 0.45 on training rows),"This flow was flagged as an unrecognized (potential zero-day) pattern with 38.2% confidence. Main reasons: typical response body len, network service=http, reduced average packet size, typical dinpkt. Suggested action: Unrecognized pattern — escalate to a human analyst for manual review."
40f,45,52778,Unknown,Overlap-Group-1,f_direction,avg_pkt_size: cue 'reduced' but SHAP for Overlap-Group-1 falls as the value rises (rho 0.45 on training rows),"This flow was flagged as an unrecognized (potential zero-day) pattern with 39.0% confidence. Main reasons: reduced average packet size, network service=http, typical response body len, typical source-to-destination byte ratio. Suggested action: Unrecognized pattern — escalate to a human analyst for manual review."
40f,45,53226,Unknown,Overlap-Group-1,f_direction,avg_pkt_size: cue 'reduced' but SHAP for Overlap-Group-1 falls as the value rises (rho 0.45 on training rows),"This flow was flagged as an unrecognized (potential zero-day) pattern with 42.5% confidence. Main reasons: typical response body len, reduced average packet size, network service=http, typical bytes sent by the destination. Suggested action: Unrecognized pattern — escalate to a human analyst for manual review."
40f,45,55205,Unknown,Exploits,f_direction,avg_pkt_size: cue 'reduced' but SHAP for Exploits falls as the value rises (rho 0.71 on training rows),"This flow was flagged as an unrecognized (potential zero-day) pattern with 42.9% confidence. Main reasons: typical bytes sent by the source, reduced average packet size, reduced mean packet size from source. Suggested action: Unrecognized pattern — escalate to a human analyst for manual review."
40f,46,651,Overlap-Group-1,Overlap-Group-1,f_direction,avg_pkt_size: cue 'reduced' but SHAP for Overlap-Group-1 falls as the value rises (rho 0.47 on training rows),"This flow was flagged as Overlap-Group-1 with 50.9% confidence. Main reasons: network protocol=nsfnet-igp, typical bytes sent by the source, reduced recent connections from this source to the same destination port, reduced average packet size. Suggested action: Flagged as DoS, Backdoor, or Analysis-type behavior — this dataset's flow-level features can't reliably distinguish the three. Escalate for manual / packet-level inspection to determine the specific subtype."
40f,46,1382,Unknown,Overlap-Group-1,f_direction,avg_pkt_size: cue 'reduced' but SHAP for Overlap-Group-1 falls as the value rises (rho 0.47 on training rows),"This flow was flagged as an unrecognized (potential zero-day) pattern with 46.2% confidence. Main reasons: network protocol=mfe-nsp, typical bytes sent by the source, reduced recent connections from this source to the same destination port, reduced average packet size. Suggested action: Unrecognized pattern — escalate to a human analyst for manual review."
40f,46,1742,Overlap-Group-1,Overlap-Group-1,f_direction,avg_pkt_size: cue 'reduced' but SHAP for Overlap-Group-1 falls as the value rises (rho 0.47 on training rows),"This flow was flagged as Overlap-Group-1 with 51.4% confidence. Main reasons: network protocol=unas, typical bytes sent by the source, reduced average packet size, typical mean packet size from source. Suggested action: Flagged as DoS, Backdoor, or Analysis-type behavior — this dataset's flow-level features can't reliably distinguish the three. Escalate for manual / packet-level inspection to determine the specific subtype."
40f,46,1969,Exploits,Exploits,f_direction,avg_pkt_size: cue 'reduced' but SHAP for Exploits falls as the value rises (rho 0.66 on training rows),"This flow was flagged as Exploits with 81.8% confidence. Main reasons: network service=http, elevated ACK data time, typical mean packet size from destination, reduced average packet size, typical bytes sent by the source. Suggested action: Isolate the target host and check for unpatched vulnerabilities."
40f,46,2551,Overlap-Group-1,Overlap-Group-1,f_direction,avg_pkt_size: cue 'reduced' but SHAP for Overlap-Group-1 falls as the value rises (rho 0.47 on training rows),"This flow was flagged as Overlap-Group-1 with 54.7% confidence. Main reasons: network protocol=unas, typical bytes sent by the source, reduced average packet size, elevated recent connections to this destination from the same source port. Suggested action: Flagged as DoS, Backdoor, or Analysis-type behavior — this dataset's flow-level features can't reliably distinguish the three. Escalate for manual / packet-level inspection to determine the specific subtype."
40f,46,3009,Overlap-Group-1,Overlap-Group-1,f_direction,avg_pkt_size: cue 'reduced' but SHAP for Overlap-Group-1 falls as the value rises (rho 0.47 on training rows),"This flow was flagged as Overlap-Group-1 with 52.2% confidence. Main reasons: network protocol=unas, typical bytes sent by the source, reduced average packet size, typical mean packet size from source. Suggested action: Flagged as DoS, Backdoor, or Analysis-type behavior — this dataset's flow-level features can't reliably distinguish the three. Escalate for manual / packet-level inspection to determine the specific subtype."
40f,46,3394,Unknown,Overlap-Group-1,f_direction,avg_pkt_size: cue 'reduced' but SHAP for Overlap-Group-1 falls as the value rises (rho 0.47 on training rows),"This flow was flagged as an unrecognized (potential zero-day) pattern with 49.5% confidence. Main reasons: network protocol=sat-expak, typical bytes sent by the source, reduced average packet size, typical mean packet size from source. Suggested action: Unrecognized pattern — escalate to a human analyst for manual review."
40f,46,4690,Exploits,Exploits,f_direction,dmean: cue 'reduced' but SHAP for Exploits falls as the value rises (rho 0.59 on training rows),"This flow was flagged as Exploits with 91.2% confidence. Main reasons: typical ACK data time, typical dloss, reduced mean packet size from destination, reduced mean packet size from source, typical source-to-destination packet ratio. Suggested action: Isolate the target host and check for unpatched vulnerabilities."
40f,46,4690,Exploits,Exploits,f_direction,smean: cue 'reduced' but SHAP for Exploits falls as the value rises (rho 0.27 on training rows),"This flow was flagged as Exploits with 91.2% confidence. Main reasons: typical ACK data time, typical dloss, reduced mean packet size from destination, reduced mean packet size from source, typical source-to-destination packet ratio. Suggested action: Isolate the target host and check for unpatched vulnerabilities."
40f,46,4764,Overlap-Group-1,Overlap-Group-1,f_direction,avg_pkt_size: cue 'reduced' but SHAP for Overlap-Group-1 falls as the value rises (rho 0.47 on training rows),"This flow was flagged as Overlap-Group-1 with 77.1% confidence. Main reasons: typical response body len, reduced average packet size, network service=http, typical total bytes transferred, reduced mean packet size from source. Suggested action: Flagged as DoS, Backdoor, or Analysis-type behavior — this dataset's flow-level features can't reliably distinguish the three. Escalate for manual / packet-level inspection to determine the specific subtype."
40f,46,6179,Overlap-Group-1,Overlap-Group-1,f_direction,sloss: cue 'extremely high' but SHAP for Overlap-Group-1 falls as the value rises (rho -0.68 on training rows),"This flow was flagged as Overlap-Group-1 with 59.9% confidence. Main reasons: extremely high sloss, extremely high number of packets sent by the source, elevated average packet size. Suggested action: Flagged as DoS, Backdoor, or Analysis-type behavior — this dataset's flow-level features can't reliably distinguish the three. Escalate for manual / packet-level inspection to determine the specific subtype."
40f,46,6179,Overlap-Group-1,Overlap-Group-1,f_direction,spkts: cue 'extremely high' but SHAP for Overlap-Group-1 falls as the value rises (rho -0.34 on training rows),"This flow was flagged as Overlap-Group-1 with 59.9% confidence. Main reasons: extremely high sloss, extremely high number of packets sent by the source, elevated average packet size. Suggested action: Flagged as DoS, Backdoor, or Analysis-type behavior — this dataset's flow-level features can't reliably distinguish the three. Escalate for manual / packet-level inspection to determine the specific subtype."
40f,46,6766,Overlap-Group-1,Overlap-Group-1,f_direction,avg_pkt_size: cue 'reduced' but SHAP for Overlap-Group-1 falls as the value rises (rho 0.47 on training rows),"This flow was flagged as Overlap-Group-1 with 52.1% confidence. Main reasons: network service=http, typical response body len, reduced average packet size, typical SYN-ACK handshake time, typical destination jitter. Suggested action: Flagged as DoS, Backdoor, or Analysis-type behavior — this dataset's flow-level features can't reliably distinguish the three. Escalate for manual / packet-level inspection to determine the specific subtype."
40f,46,7162,Generic,Generic,f_direction,avg_pkt_size: cue 'reduced' but SHAP for Generic falls as the value rises (rho 0.31 on training rows),"This flow was flagged as Generic with 100.0% confidence. Main reasons: typical total bytes transferred, typical bytes sent by the source, network service=dns, reduced average packet size. Suggested action: Review firewall rules for this flow's protocol/service combination."
40f,46,7641,Generic,Generic,f_direction,avg_pkt_size: cue 'reduced' but SHAP for Generic falls as the value rises (rho 0.31 on training rows),"This flow was flagged as Generic with 100.0% confidence. Main reasons: typical total bytes transferred, extremely high recent connections to this destination from the same source port, typical bytes sent by the source, network service=dns, reduced average packet size. Suggested action: Review firewall rules for this flow's protocol/service combination."
40f,46,7665,Generic,Generic,f_direction,avg_pkt_size: cue 'reduced' but SHAP for Generic falls as the value rises (rho 0.31 on training rows),"This flow was flagged as Generic with 100.0% confidence. Main reasons: typical total bytes transferred, unusually high recent connections to this destination from the same source port, typical bytes sent by the source, network service=dns, reduced average packet size. Suggested action: Review firewall rules for this flow's protocol/service combination."
40f,46,8362,Generic,Generic,f_direction,avg_pkt_size: cue 'reduced' but SHAP for Generic falls as the value rises (rho 0.31 on training rows),"This flow was flagged as Generic with 99.4% confidence. Main reasons: typical total bytes transferred, typical bytes sent by the source, network service=dns, reduced average packet size. Suggested action: Review firewall rules for this flow's protocol/service combination."
40f,46,8384,Generic,Generic,f_direction,avg_pkt_size: cue 'reduced' but SHAP for Generic falls as the value rises (rho 0.31 on training rows),"This flow was flagged as Generic with 99.8% confidence. Main reasons: typical total bytes transferred, typical bytes sent by the source, network service=dns, reduced average packet size. Suggested action: Review firewall rules for this flow's protocol/service combination."
40f,46,15589,Normal,Normal,f_direction,dload: cue 'reduced' but SHAP for Normal falls as the value rises (rho 0.82 on training rows),"This flow was flagged as Normal with 100.0% confidence. Main reasons: reduced ACK data time, reduced destination data load, reduced SYN-ACK handshake time, reduced TCP round-trip time, typical bytes sent by the destination. Suggested action: No action required."
40f,46,17826,Normal,Normal,f_direction,dload: cue 'reduced' but SHAP for Normal falls as the value rises (rho 0.82 on training rows),"This flow was flagged as Normal with 100.0% confidence. Main reasons: reduced ACK data time, reduced destination data load, reduced SYN-ACK handshake time, reduced TCP round-trip time, unusually high mean packet size from destination. Suggested action: No action required."
40f,46,20866,Normal,Normal,f_direction,dload: cue 'reduced' but SHAP for Normal falls as the value rises (rho 0.82 on training rows),"This flow was flagged as Normal with 100.0% confidence. Main reasons: reduced destination data load, reduced ACK data time, elevated recent connections from this source to the same destination port, typical dloss, reduced mean packet size from destination. Suggested action: No action required."
40f,46,22729,Normal,Normal,f_direction,dload: cue 'reduced' but SHAP for Normal falls as the value rises (rho 0.82 on training rows),"This flow was flagged as Normal with 100.0% confidence. Main reasons: reduced ACK data time, reduced destination data load, reduced SYN-ACK handshake time, reduced TCP round-trip time, typical bytes sent by the destination. Suggested action: No action required."
40f,46,24561,Normal,Normal,f_direction,dload: cue 'reduced' but SHAP for Normal falls as the value rises (rho 0.82 on training rows),"This flow was flagged as Normal with 100.0% confidence. Main reasons: reduced ACK data time, reduced destination data load, reduced SYN-ACK handshake time, reduced TCP round-trip time, typical bytes sent by the destination. Suggested action: No action required."
40f,46,26751,Unknown,Overlap-Group-1,f_direction,avg_pkt_size: cue 'reduced' but SHAP for Overlap-Group-1 falls as the value rises (rho 0.47 on training rows),"This flow was flagged as an unrecognized (potential zero-day) pattern with 38.9% confidence. Main reasons: typical response body len, network service=http, reduced average packet size, typical bytes sent by the destination. Suggested action: Unrecognized pattern — escalate to a human analyst for manual review."
40f,46,27310,Overlap-Group-1,Overlap-Group-1,f_direction,avg_pkt_size: cue 'reduced' but SHAP for Overlap-Group-1 falls as the value rises (rho 0.47 on training rows),"This flow was flagged as Overlap-Group-1 with 50.7% confidence. Main reasons: network service=http, elevated ACK data time, reduced average packet size, typical response body len. Suggested action: Flagged as DoS, Backdoor, or Analysis-type behavior — this dataset's flow-level features can't reliably distinguish the three. Escalate for manual / packet-level inspection to determine the specific subtype."
40f,46,28097,Unknown,Fuzzers,f_direction,smean: cue 'reduced' but SHAP for Fuzzers falls as the value rises (rho 0.51 on training rows),"This flow was flagged as an unrecognized (potential zero-day) pattern with 49.6% confidence. Main reasons: reduced average packet size, reduced mean packet size from source, reduced destination data load, network service=-. Suggested action: Unrecognized pattern — escalate to a human analyst for manual review."
40f,46,28689,Exploits,Exploits,f_direction,smean: cue 'reduced' but SHAP for Exploits falls as the value rises (rho 0.27 on training rows),"This flow was flagged as Exploits with 82.9% confidence. Main reasons: reduced mean packet size from source, network service=pop3, elevated ACK data time, typical bytes sent by the destination, typical destination jitter. Suggested action: Isolate the target host and check for unpatched vulnerabilities."
40f,46,29322,Unknown,Exploits,f_direction,avg_pkt_size: cue 'reduced' but SHAP for Exploits falls as the value rises (rho 0.66 on training rows),"This flow was flagged as an unrecognized (potential zero-day) pattern with 49.4% confidence. Main reasons: network service=http, unusually high ACK data time, reduced average packet size. Suggested action: Unrecognized pattern — escalate to a human analyst for manual review."
40f,46,29609,Exploits,Exploits,f_direction,stcpb: cue 'unusually high' but SHAP for Exploits falls as the value rises (rho -0.13 on training rows),"This flow was flagged as Exploits with 71.0% confidence. Main reasons: network service=http, elevated ACK data time, typical TCP round-trip time, unusually high stcpb. Suggested action: Isolate the target host and check for unpatched vulnerabilities."
40f,46,29760,Overlap-Group-1,Overlap-Group-1,f_direction,avg_pkt_size: cue 'reduced' but SHAP for Overlap-Group-1 falls as the value rises (rho 0.47 on training rows),"This flow was flagged as Overlap-Group-1 with 88.6% confidence. Main reasons: reduced mean packet size from source, reduced average packet size, reduced recent connections from this source to the same destination port, typical source-to-destination byte ratio. Suggested action: Flagged as DoS, Backdoor, or Analysis-type behavior — this dataset's flow-level features can't reliably distinguish the three. Escalate for manual / packet-level inspection to determine the specific subtype."
40f,46,30423,Overlap-Group-1,Overlap-Group-1,f_direction,avg_pkt_size: cue 'reduced' but SHAP for Overlap-Group-1 falls as the value rises (rho 0.47 on training rows),"This flow was flagged as Overlap-Group-1 with 71.8% confidence. Main reasons: reduced average packet size, typical response body len, network service=http, elevated ACK data time, typical total bytes transferred. Suggested action: Flagged as DoS, Backdoor, or Analysis-type behavior — this dataset's flow-level features can't reliably distinguish the three. Escalate for manual / packet-level inspection to determine the specific subtype."
40f,46,30532,Exploits,Exploits,f_direction,smean: cue 'reduced' but SHAP for Exploits falls as the value rises (rho 0.27 on training rows),"This flow was flagged as Exploits with 95.4% confidence. Main reasons: network service=pop3, typical ACK data time, reduced mean packet size from source, typical bytes sent by the destination, typical source data load. Suggested action: Isolate the target host and check for unpatched vulnerabilities."
40f,46,30971,Exploits,Exploits,f_direction,synack: cue 'reduced' but SHAP for Exploits falls as the value rises (rho 0.22 on training rows),"This flow was flagged as Exploits with 73.9% confidence. Main reasons: extremely high mean packet size from source, reduced SYN-ACK handshake time, typical ACK data time, extremely high source-to-destination byte ratio. Suggested action: Isolate the target host and check for unpatched vulnerabilities."
40f,46,31055,Overlap-Group-1,Overlap-Group-1,f_direction,avg_pkt_size: cue 'reduced' but SHAP for Overlap-Group-1 falls as the value rises (rho 0.47 on training rows),"This flow was flagged as Overlap-Group-1 with 58.4% confidence. Main reasons: typical bytes sent by the destination, reduced average packet size, unusually high ACK data time. Suggested action: Flagged as DoS, Backdoor, or Analysis-type behavior — this dataset's flow-level features can't reliably distinguish the three. Escalate for manual / packet-level inspection to determine the specific subtype."
40f,46,31101,Overlap-Group-1,Overlap-Group-1,f_direction,avg_pkt_size: cue 'reduced' but SHAP for Overlap-Group-1 falls as the value rises (rho 0.47 on training rows),"This flow was flagged as Overlap-Group-1 with 57.5% confidence. Main reasons: network protocol=unas, typical bytes sent by the source, reduced average packet size, typical mean packet size from source. Suggested action: Flagged as DoS, Backdoor, or Analysis-type behavior — this dataset's flow-level features can't reliably distinguish the three. Escalate for manual / packet-level inspection to determine the specific subtype."
40f,46,31280,Overlap-Group-1,Overlap-Group-1,f_direction,avg_pkt_size: cue 'reduced' but SHAP for Overlap-Group-1 falls as the value rises (rho 0.47 on training rows),"This flow was flagged as Overlap-Group-1 with 64.4% confidence. Main reasons: network protocol=hmp, typical bytes sent by the source, unusually high recent connections to this destination from the same source port, reduced average packet size. Suggested action: Flagged as DoS, Backdoor, or Analysis-type behavior — this dataset's flow-level features can't reliably distinguish the three. Escalate for manual / packet-level inspection to determine the specific subtype."
40f,46,32275,Unknown,Overlap-Group-1,f_direction,avg_pkt_size: cue 'reduced' but SHAP for Overlap-Group-1 falls as the value rises (rho 0.47 on training rows),"This flow was flagged as an unrecognized (potential zero-day) pattern with 47.5% confidence. Main reasons: network protocol=chaos, typical bytes sent by the source, reduced average packet size, extremely high recent connections to this destination from the same source port. Suggested action: Unrecognized pattern — escalate to a human analyst for manual review."
40f,46,32651,Overlap-Group-1,Overlap-Group-1,f_direction,avg_pkt_size: cue 'reduced' but SHAP for Overlap-Group-1 falls as the value rises (rho 0.47 on training rows),"This flow was flagged as Overlap-Group-1 with 60.8% confidence. Main reasons: network protocol=larp, typical bytes sent by the source, unusually high recent connections to this destination from the same source port, reduced average packet size. Suggested action: Flagged as DoS, Backdoor, or Analysis-type behavior — this dataset's flow-level features can't reliably distinguish the three. Escalate for manual / packet-level inspection to determine the specific subtype."
40f,46,33100,Generic,Generic,f_direction,avg_pkt_size: cue 'reduced' but SHAP for Generic falls as the value rises (rho 0.31 on training rows),"This flow was flagged as Generic with 99.6% confidence. Main reasons: typical total bytes transferred, typical bytes sent by the source, network service=dns, reduced average packet size. Suggested action: Review firewall rules for this flow's protocol/service combination."
40f,46,33366,Generic,Generic,f_direction,avg_pkt_size: cue 'reduced' but SHAP for Generic falls as the value rises (rho 0.31 on training rows),"This flow was flagged as Generic with 99.9% confidence. Main reasons: typical total bytes transferred, typical bytes sent by the source, network service=dns, reduced average packet size, elevated recent connections to this destination from the same source port. Suggested action: Review firewall rules for this flow's protocol/service combination."
40f,46,33535,Overlap-Group-1,Overlap-Group-1,f_direction,avg_pkt_size: cue 'reduced' but SHAP for Overlap-Group-1 falls as the value rises (rho 0.47 on training rows),"This flow was flagged as Overlap-Group-1 with 56.3% confidence. Main reasons: network protocol=unas, typical bytes sent by the source, reduced average packet size, typical mean packet size from source. Suggested action: Flagged as DoS, Backdoor, or Analysis-type behavior — this dataset's flow-level features can't reliably distinguish the three. Escalate for manual / packet-level inspection to determine the specific subtype."
40f,46,33540,Overlap-Group-1,Overlap-Group-1,f_direction,avg_pkt_size: cue 'reduced' but SHAP for Overlap-Group-1 falls as the value rises (rho 0.47 on training rows),"This flow was flagged as Overlap-Group-1 with 56.3% confidence. Main reasons: network protocol=unas, typical bytes sent by the source, reduced average packet size, typical mean packet size from source. Suggested action: Flagged as DoS, Backdoor, or Analysis-type behavior — this dataset's flow-level features can't reliably distinguish the three. Escalate for manual / packet-level inspection to determine the specific subtype."
40f,46,33892,Generic,Generic,f_direction,avg_pkt_size: cue 'reduced' but SHAP for Generic falls as the value rises (rho 0.31 on training rows),"This flow was flagged as Generic with 100.0% confidence. Main reasons: typical total bytes transferred, typical bytes sent by the source, network service=dns, reduced average packet size, unusually high recent connections to this destination from the same source port. Suggested action: Review firewall rules for this flow's protocol/service combination."
40f,46,34003,Overlap-Group-1,Overlap-Group-1,f_direction,avg_pkt_size: cue 'reduced' but SHAP for Overlap-Group-1 falls as the value rises (rho 0.47 on training rows),"This flow was flagged as Overlap-Group-1 with 55.9% confidence. Main reasons: network protocol=unas, typical bytes sent by the source, reduced average packet size, unusually high recent connections to this destination from the same source port. Suggested action: Flagged as DoS, Backdoor, or Analysis-type behavior — this dataset's flow-level features can't reliably distinguish the three. Escalate for manual / packet-level inspection to determine the specific subtype."
40f,46,34953,Generic,Generic,f_direction,avg_pkt_size: cue 'reduced' but SHAP for Generic falls as the value rises (rho 0.31 on training rows),"This flow was flagged as Generic with 99.3% confidence. Main reasons: typical total bytes transferred, typical bytes sent by the source, network service=dns, reduced average packet size. Suggested action: Review firewall rules for this flow's protocol/service combination."
40f,46,35130,Overlap-Group-1,Overlap-Group-1,f_direction,avg_pkt_size: cue 'reduced' but SHAP for Overlap-Group-1 falls as the value rises (rho 0.47 on training rows),"This flow was flagged as Overlap-Group-1 with 67.5% confidence. Main reasons: network protocol=xtp, typical bytes sent by the source, reduced average packet size, unusually high recent connections to this destination from the same source port. Suggested action: Flagged as DoS, Backdoor, or Analysis-type behavior — this dataset's flow-level features can't reliably distinguish the three. Escalate for manual / packet-level inspection to determine the specific subtype."
40f,46,35165,Overlap-Group-1,Overlap-Group-1,f_direction,avg_pkt_size: cue 'reduced' but SHAP for Overlap-Group-1 falls as the value rises (rho 0.47 on training rows),"This flow was flagged as Overlap-Group-1 with 52.3% confidence. Main reasons: network protocol=secure-vmtp, typical bytes sent by the source, reduced average packet size, typical mean packet size from source. Suggested action: Flagged as DoS, Backdoor, or Analysis-type behavior — this dataset's flow-level features can't reliably distinguish the three. Escalate for manual / packet-level inspection to determine the specific subtype."
40f,46,35248,Exploits,Exploits,f_direction,avg_pkt_size: cue 'reduced' but SHAP for Exploits falls as the value rises (rho 0.66 on training rows),"This flow was flagged as Exploits with 51.1% confidence. Main reasons: typical ACK data time, reduced average packet size, reduced recent connections from this source to the same destination port, typical source data load. Suggested action: Isolate the target host and check for unpatched vulnerabilities."
40f,46,35959,Overlap-Group-1,Overlap-Group-1,f_direction,avg_pkt_size: cue 'reduced' but SHAP for Overlap-Group-1 falls as the value rises (rho 0.47 on training rows),"This flow was flagged as Overlap-Group-1 with 53.5% confidence. Main reasons: network protocol=bna, typical bytes sent by the source, reduced average packet size, typical mean packet size from source. Suggested action: Flagged as DoS, Backdoor, or Analysis-type behavior — this dataset's flow-level features can't reliably distinguish the three. Escalate for manual / packet-level inspection to determine the specific subtype."
40f,46,36130,Exploits,Exploits,f_direction,smean: cue 'reduced' but SHAP for Exploits falls as the value rises (rho 0.27 on training rows),"This flow was flagged as Exploits with 99.5% confidence. Main reasons: network service=ftp-data, reduced mean packet size from source, typical bytes sent by the source, unusually high ACK data time, typical source-to-destination byte ratio. Suggested action: Isolate the target host and check for unpatched vulnerabilities."
40f,46,36229,Fuzzers,Fuzzers,f_direction,smean: cue 'reduced' but SHAP for Fuzzers falls as the value rises (rho 0.51 on training rows),"This flow was flagged as Fuzzers with 70.5% confidence. Main reasons: reduced mean packet size from source, reduced destination data load, network service=-, reduced average packet size, typical recent connections from this source to the same destination port. Suggested action: Inspect the application for crash logs; consider input validation hardening."
40f,46,36397,Unknown,Exploits,f_direction,ackdat: cue 'reduced' but SHAP for Exploits falls as the value rises (rho 0.60 on training rows),"This flow was flagged as an unrecognized (potential zero-day) pattern with 47.7% confidence. Main reasons: reduced ACK data time, typical SYN-ACK handshake time. Suggested action: Unrecognized pattern — escalate to a human analyst for manual review."
40f,46,36430,Overlap-Group-1,Overlap-Group-1,f_direction,avg_pkt_size: cue 'reduced' but SHAP for Overlap-Group-1 falls as the value rises (rho 0.47 on training rows),"This flow was flagged as Overlap-Group-1 with 57.4% confidence. Main reasons: network protocol=unas, typical bytes sent by the source, reduced average packet size, unusually high recent connections to this destination from the same source port. Suggested action: Flagged as DoS, Backdoor, or Analysis-type behavior — this dataset's flow-level features can't reliably distinguish the three. Escalate for manual / packet-level inspection to determine the specific subtype."
40f,46,36668,Exploits,Exploits,f_direction,smean: cue 'reduced' but SHAP for Exploits falls as the value rises (rho 0.27 on training rows),"This flow was flagged as Exploits with 97.4% confidence. Main reasons: reduced mean packet size from source, elevated ACK data time, typical average packet size, elevated mean packet size from destination. Suggested action: Isolate the target host and check for unpatched vulnerabilities."
40f,46,37335,Generic,Generic,f_direction,avg_pkt_size: cue 'reduced' but SHAP for Generic falls as the value rises (rho 0.31 on training rows),"This flow was flagged as Generic with 100.0% confidence. Main reasons: typical total bytes transferred, typical bytes sent by the source, network service=dns, reduced average packet size, elevated recent connections to this destination from the same source port. Suggested action: Review firewall rules for this flow's protocol/service combination."
40f,46,37400,Generic,Generic,f_direction,avg_pkt_size: cue 'reduced' but SHAP for Generic falls as the value rises (rho 0.31 on training rows),"This flow was flagged as Generic with 99.8% confidence. Main reasons: typical total bytes transferred, typical bytes sent by the source, network service=dns, reduced average packet size. Suggested action: Review firewall rules for this flow's protocol/service combination."
40f,46,37717,Exploits,Exploits,f_direction,dmean: cue 'reduced' but SHAP for Exploits falls as the value rises (rho 0.59 on training rows),"This flow was flagged as Exploits with 95.6% confidence. Main reasons: typical dloss, elevated ACK data time, reduced mean packet size from destination. Suggested action: Isolate the target host and check for unpatched vulnerabilities."
40f,46,37905,Exploits,Exploits,f_direction,smean: cue 'reduced' but SHAP for Exploits falls as the value rises (rho 0.27 on training rows),"This flow was flagged as Exploits with 97.4% confidence. Main reasons: reduced mean packet size from source, elevated ACK data time, elevated average packet size, typical source data load. Suggested action: Isolate the target host and check for unpatched vulnerabilities."
40f,46,38264,Generic,Generic,f_direction,avg_pkt_size: cue 'reduced' but SHAP for Generic falls as the value rises (rho 0.31 on training rows),"This flow was flagged as Generic with 100.0% confidence. Main reasons: typical total bytes transferred, typical bytes sent by the source, network service=dns, reduced average packet size, unusually high recent connections to this destination from the same source port. Suggested action: Review firewall rules for this flow's protocol/service combination."
40f,46,38628,Generic,Generic,f_direction,avg_pkt_size: cue 'reduced' but SHAP for Generic falls as the value rises (rho 0.31 on training rows),"This flow was flagged as Generic with 99.9% confidence. Main reasons: typical total bytes transferred, typical bytes sent by the source, network service=dns, reduced average packet size, typical recent connections to this destination from the same source port. Suggested action: Review firewall rules for this flow's protocol/service combination."
40f,46,38891,Unknown,Exploits,f_direction,synack: cue 'reduced' but SHAP for Exploits falls as the value rises (rho 0.22 on training rows),"This flow was flagged as an unrecognized (potential zero-day) pattern with 49.1% confidence. Main reasons: reduced SYN-ACK handshake time, typical ACK data time, reduced recent connections from this source to the same destination port, elevated source-to-destination byte ratio. Suggested action: Unrecognized pattern — escalate to a human analyst for manual review."
40f,46,39472,Exploits,Exploits,f_direction,smean: cue 'reduced' but SHAP for Exploits falls as the value rises (rho 0.27 on training rows),"This flow was flagged as Exploits with 99.6% confidence. Main reasons: reduced mean packet size from source, elevated ACK data time, elevated destination jitter, unusually high dloss. Suggested action: Isolate the target host and check for unpatched vulnerabilities."
40f,46,39473,Generic,Generic,f_direction,avg_pkt_size: cue 'reduced' but SHAP for Generic falls as the value rises (rho 0.31 on training rows),"This flow was flagged as Generic with 100.0% confidence. Main reasons: typical total bytes transferred, typical bytes sent by the source, network service=dns, reduced average packet size, unusually high recent connections to this destination from the same source port. Suggested action: Review firewall rules for this flow's protocol/service combination."
40f,46,40000,Exploits,Exploits,f_direction,smean: cue 'reduced' but SHAP for Exploits falls as the value rises (rho 0.27 on training rows),"This flow was flagged as Exploits with 92.9% confidence. Main reasons: reduced mean packet size from source, typical ACK data time, typical average packet size, typical bytes sent by the destination. Suggested action: Isolate the target host and check for unpatched vulnerabilities."
40f,46,40753,Overlap-Group-1,Overlap-Group-1,f_direction,avg_pkt_size: cue 'reduced' but SHAP for Overlap-Group-1 falls as the value rises (rho 0.47 on training rows),"This flow was flagged as Overlap-Group-1 with 64.1% confidence. Main reasons: network service=http, typical response body len, reduced average packet size, typical bytes sent by the destination, unusually high ACK data time. Suggested action: Flagged as DoS, Backdoor, or Analysis-type behavior — this dataset's flow-level features can't reliably distinguish the three. Escalate for manual / packet-level inspection to determine the specific subtype."
40f,46,41054,Normal,Normal,f_direction,avg_pkt_size: cue 'reduced' but SHAP for Normal falls as the value rises (rho 0.22 on training rows),"This flow was flagged as Normal with 62.6% confidence. Main reasons: reduced average packet size, typical total bytes transferred, reduced ACK data time, network service=-. Suggested action: No action required."
40f,46,42649,Unknown,Overlap-Group-1,f_direction,avg_pkt_size: cue 'reduced' but SHAP for Overlap-Group-1 falls as the value rises (rho 0.47 on training rows),"This flow was flagged as an unrecognized (potential zero-day) pattern with 48.1% confidence. Main reasons: network service=http, typical bytes sent by the destination, typical response body len, reduced average packet size, unusually high ACK data time. Suggested action: Unrecognized pattern — escalate to a human analyst for manual review."
40f,46,42763,Unknown,Overlap-Group-1,f_direction,avg_pkt_size: cue 'reduced' but SHAP for Overlap-Group-1 falls as the value rises (rho 0.47 on training rows),"This flow was flagged as an unrecognized (potential zero-day) pattern with 49.5% confidence. Main reasons: reduced average packet size, network service=http, extremely high ct flw http mthd, typical response body len. Suggested action: Unrecognized pattern — escalate to a human analyst for manual review."
40f,46,42774,Unknown,Overlap-Group-1,f_direction,avg_pkt_size: cue 'reduced' but SHAP for Overlap-Group-1 falls as the value rises (rho 0.47 on training rows),"This flow was flagged as an unrecognized (potential zero-day) pattern with 37.4% confidence. Main reasons: network service=http, reduced average packet size, typical response body len, unusually high ACK data time, typical bytes sent by the destination. Suggested action: Unrecognized pattern — escalate to a human analyst for manual review."
40f,46,42786,Overlap-Group-1,Overlap-Group-1,f_direction,avg_pkt_size: cue 'reduced' but SHAP for Overlap-Group-1 falls as the value rises (rho 0.47 on training rows),"This flow was flagged as Overlap-Group-1 with 63.8% confidence. Main reasons: unusually high ACK data time, network service=http, reduced average packet size, reduced stcpb, typical response body len. Suggested action: Flagged as DoS, Backdoor, or Analysis-type behavior — this dataset's flow-level features can't reliably distinguish the three. Escalate for manual / packet-level inspection to determine the specific subtype."
40f,46,44669,Exploits,Exploits,f_direction,stcpb: cue 'unusually high' but SHAP for Exploits falls as the value rises (rho -0.13 on training rows),"This flow was flagged as Exploits with 83.5% confidence. Main reasons: typical ACK data time, typical total bytes transferred, unusually high stcpb, reduced mean packet size from source, typical source data load. Suggested action: Isolate the target host and check for unpatched vulnerabilities."
40f,46,44669,Exploits,Exploits,f_direction,smean: cue 'reduced' but SHAP for Exploits falls as the value rises (rho 0.27 on training rows),"This flow was flagged as Exploits with 83.5% confidence. Main reasons: typical ACK data time, typical total bytes transferred, unusually high stcpb, reduced mean packet size from source, typical source data load. Suggested action: Isolate the target host and check for unpatched vulnerabilities."
40f,46,45840,Fuzzers,Fuzzers,f_direction,smean: cue 'reduced' but SHAP for Fuzzers falls as the value rises (rho 0.51 on training rows),"This flow was flagged as Fuzzers with 74.5% confidence. Main reasons: typical recent connections from this source to the same destination port, reduced mean packet size from source, reduced average packet size, network service=-. Suggested action: Inspect the application for crash logs; consider input validation hardening."
40f,46,46062,Fuzzers,Fuzzers,f_direction,smean: cue 'reduced' but SHAP for Fuzzers falls as the value rises (rho 0.51 on training rows),"This flow was flagged as Fuzzers with 64.9% confidence. Main reasons: reduced mean packet size from source, reduced average packet size, typical recent connections from this source to the same destination port, reduced destination data load, network service=-. Suggested action: Inspect the application for crash logs; consider input validation hardening."
40f,46,46091,Fuzzers,Fuzzers,f_direction,smean: cue 'reduced' but SHAP for Fuzzers falls as the value rises (rho 0.51 on training rows),"This flow was flagged as Fuzzers with 71.4% confidence. Main reasons: reduced mean packet size from source, reduced destination data load, network service=-, reduced average packet size, typical recent connections from this source to the same destination port. Suggested action: Inspect the application for crash logs; consider input validation hardening."
40f,46,46330,Fuzzers,Fuzzers,f_direction,smean: cue 'reduced' but SHAP for Fuzzers falls as the value rises (rho 0.51 on training rows),"This flow was flagged as Fuzzers with 74.7% confidence. Main reasons: reduced mean packet size from source, reduced destination data load, network service=-, reduced average packet size. Suggested action: Inspect the application for crash logs; consider input validation hardening."
40f,46,47320,Fuzzers,Fuzzers,f_direction,smean: cue 'reduced' but SHAP for Fuzzers falls as the value rises (rho 0.51 on training rows),"This flow was flagged as Fuzzers with 83.9% confidence. Main reasons: reduced mean packet size from source, reduced average packet size, reduced destination data load, typical recent connections from this source to the same destination port, network service=-. Suggested action: Inspect the application for crash logs; consider input validation hardening."
40f,46,47626,Unknown,Overlap-Group-1,f_direction,avg_pkt_size: cue 'reduced' but SHAP for Overlap-Group-1 falls as the value rises (rho 0.47 on training rows),"This flow was flagged as an unrecognized (potential zero-day) pattern with 48.1% confidence. Main reasons: reduced average packet size, network service=http, typical response body len, elevated ACK data time. Suggested action: Unrecognized pattern — escalate to a human analyst for manual review."
40f,46,48248,Unknown,Normal,f_direction,smean: cue 'elevated' but SHAP for Normal falls as the value rises (rho -0.36 on training rows),"This flow was flagged as an unrecognized (potential zero-day) pattern with 47.4% confidence. Main reasons: network service=-, typical bytes sent by the source, elevated mean packet size from source, typical source-to-destination byte ratio. Suggested action: Unrecognized pattern — escalate to a human analyst for manual review."
40f,46,48477,Unknown,Overlap-Group-1,f_direction,avg_pkt_size: cue 'reduced' but SHAP for Overlap-Group-1 falls as the value rises (rho 0.47 on training rows),"This flow was flagged as an unrecognized (potential zero-day) pattern with 48.4% confidence. Main reasons: network service=http, reduced average packet size, unusually high ACK data time, typical response body len. Suggested action: Unrecognized pattern — escalate to a human analyst for manual review."
40f,46,48720,Unknown,Overlap-Group-1,f_direction,avg_pkt_size: cue 'reduced' but SHAP for Overlap-Group-1 falls as the value rises (rho 0.47 on training rows),"This flow was flagged as an unrecognized (potential zero-day) pattern with 49.0% confidence. Main reasons: network service=http, typical response body len, reduced average packet size. Suggested action: Unrecognized pattern — escalate to a human analyst for manual review."
40f,46,49354,Fuzzers,Fuzzers,f_direction,smean: cue 'reduced' but SHAP for Fuzzers falls as the value rises (rho 0.51 on training rows),"This flow was flagged as Fuzzers with 71.9% confidence. Main reasons: reduced mean packet size from source, reduced destination data load, network service=-, reduced average packet size. Suggested action: Inspect the application for crash logs; consider input validation hardening."
40f,46,51018,Unknown,Normal,f_direction,avg_pkt_size: cue 'reduced' but SHAP for Normal falls as the value rises (rho 0.22 on training rows),"This flow was flagged as an unrecognized (potential zero-day) pattern with 49.2% confidence. Main reasons: reduced average packet size, network service=-, typical source-to-destination byte ratio, typical source jitter. Suggested action: Unrecognized pattern — escalate to a human analyst for manual review."
40f,46,51078,Unknown,Normal,f_direction,avg_pkt_size: cue 'reduced' but SHAP for Normal falls as the value rises (rho 0.22 on training rows),"This flow was flagged as an unrecognized (potential zero-day) pattern with 49.8% confidence. Main reasons: reduced average packet size, typical total bytes transferred, reduced ACK data time, network service=-. Suggested action: Unrecognized pattern — escalate to a human analyst for manual review."
40f,46,51228,Fuzzers,Fuzzers,f_direction,smean: cue 'reduced' but SHAP for Fuzzers falls as the value rises (rho 0.51 on training rows),"This flow was flagged as Fuzzers with 76.9% confidence. Main reasons: reduced mean packet size from source, reduced destination data load, network service=-, reduced average packet size, typical recent connections from this source to the same destination port. Suggested action: Inspect the application for crash logs; consider input validation hardening."
40f,46,52264,Unknown,Fuzzers,f_direction,smean: cue 'reduced' but SHAP for Fuzzers falls as the value rises (rho 0.51 on training rows),"This flow was flagged as an unrecognized (potential zero-day) pattern with 35.7% confidence. Main reasons: reduced average packet size, reduced destination data load, network service=-, reduced mean packet size from source. Suggested action: Unrecognized pattern — escalate to a human analyst for manual review."
40f,46,53116,Fuzzers,Fuzzers,f_direction,ackdat: cue 'unusually high' but SHAP for Fuzzers falls as the value rises (rho -0.44 on training rows),"This flow was flagged as Fuzzers with 52.6% confidence. Main reasons: typical bytes sent by the source, reduced destination data load, network service=-, unusually high ACK data time. Suggested action: Inspect the application for crash logs; consider input validation hardening."
40f,46,54632,Unknown,Normal,f_direction,avg_pkt_size: cue 'reduced' but SHAP for Normal falls as the value rises (rho 0.22 on training rows),"This flow was flagged as an unrecognized (potential zero-day) pattern with 40.3% confidence. Main reasons: reduced average packet size, extremely high SYN-ACK handshake time, network service=-. Suggested action: Unrecognized pattern — escalate to a human analyst for manual review."
40f,46,55281,Unknown,Fuzzers,f_direction,smean: cue 'reduced' but SHAP for Fuzzers falls as the value rises (rho 0.51 on training rows),"This flow was flagged as an unrecognized (potential zero-day) pattern with 47.2% confidence. Main reasons: reduced mean packet size from source, reduced average packet size, network service=-, elevated source-to-destination packet ratio. Suggested action: Unrecognized pattern — escalate to a human analyst for manual review."
40f,46,55374,Unknown,Fuzzers,f_direction,smean: cue 'reduced' but SHAP for Fuzzers falls as the value rises (rho 0.51 on training rows),"This flow was flagged as an unrecognized (potential zero-day) pattern with 40.5% confidence. Main reasons: reduced destination data load, network service=-, reduced mean packet size from source, typical source jitter. Suggested action: Unrecognized pattern — escalate to a human analyst for manual review."
