pool_label,tier,n_features,seed,source,stratum,method,baseline,k,n,mean_drop,flip_rate,mean_insertion,mean_p0,ci_low,ci_high
40f,40,40,42,test,all,top,median,1,2000,0.2642916738986969,0.333,0.31989651918411255,0.8000056147575378,,
40f,40,40,42,test,all,top,median,3,2000,0.5374611020088196,0.7655,0.4485006332397461,0.8000056147575378,,
40f,40,40,42,test,all,top,median,5,2000,0.6126265525817871,0.8525,0.6053195595741272,0.8000056147575378,,
40f,40,40,42,test,all,top,median,10,2000,0.6697077751159668,0.873,0.7350343465805054,0.8000056147575378,,
40f,40,40,42,test,all,least,median,1,2000,-6.91793866280932e-06,0.0,0.18011417984962463,0.8000056147575378,,
40f,40,40,42,test,all,least,median,3,2000,0.0005447847652249038,0.0,0.18015675246715546,0.8000056147575378,,
40f,40,40,42,test,all,least,median,5,2000,0.0002462414267938584,0.0125,0.1799803525209427,0.8000056147575378,,
40f,40,40,42,test,all,least,median,10,2000,0.011766090989112854,0.061,0.181853786110878,0.8000056147575378,,
40f,40,40,42,test,all,random,median,1,2000,0.01519674900919199,0.0355,0.18398772180080414,0.8000056147575378,,
40f,40,40,42,test,all,random,median,3,2000,0.051726218312978745,0.107,0.18770794570446014,0.8000056147575378,,
40f,40,40,42,test,all,random,median,5,2000,0.0943407416343689,0.166,0.19945773482322693,0.8000056147575378,,
40f,40,40,42,test,all,random,median,10,2000,0.2215684950351715,0.3175,0.23636694252490997,0.8000056147575378,,
40f,40,40,42,test,all,top,random_row,1,2000,0.22189968824386597,0.286,0.2037520557641983,0.8000056147575378,,
40f,40,40,42,test,all,top,random_row,3,2000,0.5100204944610596,0.704,0.32933396100997925,0.8000056147575378,,
40f,40,40,42,test,all,top,random_row,5,2000,0.6000437140464783,0.8115,0.4425376057624817,0.8000056147575378,,
40f,40,40,42,test,all,top,random_row,10,2000,0.663819432258606,0.867,0.6170123219490051,0.8000056147575378,,
40f,40,40,42,test,all,least,random_row,1,2000,0.000110032589873299,0.0,0.17562036216259003,0.8000056147575378,,
40f,40,40,42,test,all,least,random_row,3,2000,0.00044880228233523667,0.0,0.17575053870677948,0.8000056147575378,,
40f,40,40,42,test,all,least,random_row,5,2000,-4.5890719775343314e-05,0.0125,0.17560657858848572,0.8000056147575378,,
40f,40,40,42,test,all,least,random_row,10,2000,0.013443686999380589,0.0665,0.1752076894044876,0.8000056147575378,,
40f,40,40,42,test,all,random,random_row,1,2000,0.017685724422335625,0.047,0.1781812161207199,0.8000056147575378,,
40f,40,40,42,test,all,random,random_row,3,2000,0.059851158410310745,0.1165,0.18241900205612183,0.8000056147575378,,
40f,40,40,42,test,all,random,random_row,5,2000,0.10805700719356537,0.191,0.19250482320785522,0.8000056147575378,,
40f,40,40,42,test,all,random,random_row,10,2000,0.23368331789970398,0.343,0.22988756000995636,0.8000056147575378,,
40f,40,40,42,test,all,top_minus_random,median,1,2000,0.24909492826461793,,,,0.23787667076382785,0.2613473333114758
40f,40,40,42,test,all,top_minus_random,median,3,2000,0.4857348949536681,,,,0.4715465340109542,0.49974150116369126
40f,40,40,42,test,all,top_minus_random,median,5,2000,0.5182858008444309,,,,0.5025409949408844,0.5335092407805845
40f,40,40,42,test,all,top_minus_random,median,10,2000,0.4481392654776573,,,,0.4334627034686506,0.4632382840633392
40f,40,40,42,test,all,top_minus_random,random_row,1,2000,0.20421395820379257,,,,0.19319682348985226,0.21558568576984108
40f,40,40,42,test,all,top_minus_random,random_row,3,2000,0.45016936797648666,,,,0.4354933827156201,0.46527333257291464
40f,40,40,42,test,all,top_minus_random,random_row,5,2000,0.49198665207624437,,,,0.47675603555608537,0.5064007978405803
40f,40,40,42,test,all,top_minus_random,random_row,10,2000,0.43013611052930356,,,,0.41488842420987787,0.4454568972889334
40f,40,40,42,test,Exploits,top,median,1,300,0.545924961566925,0.6866666666666666,0.4468115270137787,0.8569472432136536,,
40f,40,40,42,test,Exploits,top,median,3,300,0.6756305694580078,0.9133333333333333,0.6068328619003296,0.8569472432136536,,
40f,40,40,42,test,Exploits,top,median,5,300,0.7574193477630615,0.98,0.7481200098991394,0.8569472432136536,,
40f,40,40,42,test,Exploits,top,median,10,300,0.8188540935516357,0.9966666666666667,0.8674085736274719,0.8569472432136536,,
40f,40,40,42,test,Exploits,least,median,1,300,0.0,0.0,0.012510447762906551,0.8569472432136536,,
40f,40,40,42,test,Exploits,least,median,3,300,0.00014684995403513312,0.0,0.012565507553517818,0.8569472432136536,,
40f,40,40,42,test,Exploits,least,median,5,300,-0.001321419607847929,0.0033333333333333335,0.013011160306632519,0.8569472432136536,,
40f,40,40,42,test,Exploits,least,median,10,300,-0.001772986608557403,0.006666666666666667,0.016775721684098244,0.8569472432136536,,
40f,40,40,42,test,Exploits,random,median,1,300,0.025416195392608643,0.02666666666666667,0.027151620015501976,0.8569472432136536,,
40f,40,40,42,test,Exploits,random,median,3,300,0.06201211363077164,0.07333333333333333,0.055048275738954544,0.8569472432136536,,
40f,40,40,42,test,Exploits,random,median,5,300,0.11430729180574417,0.13333333333333333,0.10724632441997528,0.8569472432136536,,
40f,40,40,42,test,Exploits,random,median,10,300,0.2317463457584381,0.24333333333333335,0.19774484634399414,0.8569472432136536,,
40f,40,40,42,test,Exploits,top,random_row,1,300,0.28899145126342773,0.37,0.22145403921604156,0.8569472432136536,,
40f,40,40,42,test,Exploits,top,random_row,3,300,0.4126943349838257,0.5033333333333333,0.3466460704803467,0.8569472432136536,,
40f,40,40,42,test,Exploits,top,random_row,5,300,0.4863557517528534,0.59,0.4384462535381317,0.8569472432136536,,
40f,40,40,42,test,Exploits,top,random_row,10,300,0.6182986497879028,0.7133333333333334,0.6516513824462891,0.8569472432136536,,
40f,40,40,42,test,Exploits,least,random_row,1,300,0.0,0.0,0.18199336528778076,0.8569472432136536,,
40f,40,40,42,test,Exploits,least,random_row,3,300,0.0003345306613482535,0.0,0.18263109028339386,0.8569472432136536,,
40f,40,40,42,test,Exploits,least,random_row,5,300,-0.0018576026195660233,0.006666666666666667,0.18371222913265228,0.8569472432136536,,
40f,40,40,42,test,Exploits,least,random_row,10,300,-0.008403037674725056,0.01,0.18589350581169128,0.8569472432136536,,
40f,40,40,42,test,Exploits,random,random_row,1,300,0.015785427764058113,0.013333333333333334,0.18862199783325195,0.8569472432136536,,
40f,40,40,42,test,Exploits,random,random_row,3,300,0.03527219593524933,0.043333333333333335,0.20174919068813324,0.8569472432136536,,
40f,40,40,42,test,Exploits,random,random_row,5,300,0.07875867187976837,0.09,0.23158948123455048,0.8569472432136536,,
40f,40,40,42,test,Exploits,random,random_row,10,300,0.1727396547794342,0.19333333333333333,0.31096166372299194,0.8569472432136536,,
40f,40,40,42,test,Exploits,top_minus_random,median,1,300,0.5205088112751642,,,,0.482819800183177,0.5590916118770838
40f,40,40,42,test,Exploits,top_minus_random,median,3,300,0.6136185100674629,,,,0.5846077852149805,0.640263384612898
40f,40,40,42,test,Exploits,top_minus_random,median,5,300,0.6431120263536771,,,,0.6108506965115666,0.6735997708241145
40f,40,40,42,test,Exploits,top_minus_random,median,10,300,0.5871077969670295,,,,0.5528549062560002,0.623964351768295
40f,40,40,42,test,Exploits,top_minus_random,random_row,1,300,0.2732060240705808,,,,0.2381527879188458,0.30896121357132994
40f,40,40,42,test,Exploits,top_minus_random,random_row,3,300,0.377422158519427,,,,0.3419142774740855,0.4113479655434688
40f,40,40,42,test,Exploits,top_minus_random,random_row,5,300,0.4075970591108004,,,,0.3700207662185033,0.4440256562307477
40f,40,40,42,test,Exploits,top_minus_random,random_row,10,300,0.44555896759033203,,,,0.40981370382259286,0.48022577458868426
40f,40,40,42,test,Fuzzers,top,median,1,300,0.23020488023757935,0.2966666666666667,0.024024050682783127,0.7324643731117249,,
40f,40,40,42,test,Fuzzers,top,median,3,300,0.3773486018180847,0.5433333333333333,0.036838799715042114,0.7324643731117249,,
40f,40,40,42,test,Fuzzers,top,median,5,300,0.5145153999328613,0.8733333333333333,0.057675838470458984,0.7324643731117249,,
40f,40,40,42,test,Fuzzers,top,median,10,300,0.6860343217849731,0.9966666666666667,0.2906862795352936,0.7324643731117249,,
40f,40,40,42,test,Fuzzers,least,median,1,300,-0.00012059351138304919,0.0,0.004297877196222544,0.7324643731117249,,
40f,40,40,42,test,Fuzzers,least,median,3,300,0.004549000412225723,0.0,0.0043897368013858795,0.7324643731117249,,
40f,40,40,42,test,Fuzzers,least,median,5,300,0.007535016629844904,0.016666666666666666,0.004661295562982559,0.7324643731117249,,
40f,40,40,42,test,Fuzzers,least,median,10,300,0.07166065275669098,0.12666666666666668,0.010823620483279228,0.7324643731117249,,
40f,40,40,42,test,Fuzzers,random,median,1,300,0.02281501144170761,0.03666666666666667,0.0060167862102389336,0.7324643731117249,,
40f,40,40,42,test,Fuzzers,random,median,3,300,0.07987332344055176,0.13333333333333333,0.010542836971580982,0.7324643731117249,,
40f,40,40,42,test,Fuzzers,random,median,5,300,0.14474529027938843,0.21333333333333335,0.015794215723872185,0.7324643731117249,,
40f,40,40,42,test,Fuzzers,random,median,10,300,0.31255513429641724,0.48,0.04558592662215233,0.7324643731117249,,
40f,40,40,42,test,Fuzzers,top,random_row,1,300,0.30088749527931213,0.39666666666666667,0.16538581252098083,0.7324643731117249,,
40f,40,40,42,test,Fuzzers,top,random_row,3,300,0.47679463028907776,0.6966666666666667,0.2090998888015747,0.7324643731117249,,
40f,40,40,42,test,Fuzzers,top,random_row,5,300,0.5730451345443726,0.8433333333333334,0.2571791708469391,0.7324643731117249,,
40f,40,40,42,test,Fuzzers,top,random_row,10,300,0.6360892653465271,0.91,0.34622707962989807,0.7324643731117249,,
40f,40,40,42,test,Fuzzers,least,random_row,1,300,-8.760889613768086e-05,0.0,0.169494166970253,0.7324643731117249,,
40f,40,40,42,test,Fuzzers,least,random_row,3,300,0.002025776542723179,0.0,0.16942131519317627,0.7324643731117249,,
40f,40,40,42,test,Fuzzers,least,random_row,5,300,0.0038922277744859457,0.006666666666666667,0.16846805810928345,0.7324643731117249,,
40f,40,40,42,test,Fuzzers,least,random_row,10,300,0.053499121218919754,0.08333333333333333,0.16218242049217224,0.7324643731117249,,
40f,40,40,42,test,Fuzzers,random,random_row,1,300,0.03645213320851326,0.06333333333333334,0.1656816601753235,0.7324643731117249,,
40f,40,40,42,test,Fuzzers,random,random_row,3,300,0.12049635499715805,0.17333333333333334,0.16821631789207458,0.7324643731117249,,
40f,40,40,42,test,Fuzzers,random,random_row,5,300,0.19621579349040985,0.30666666666666664,0.17113803327083588,0.7324643731117249,,
40f,40,40,42,test,Fuzzers,random,random_row,10,300,0.3280150890350342,0.5066666666666667,0.178327277302742,0.7324643731117249,,
40f,40,40,42,test,Fuzzers,top_minus_random,median,1,300,0.20738985230525334,,,,0.18753773269057272,0.22824759382754564
40f,40,40,42,test,Fuzzers,top_minus_random,median,3,300,0.29747528250018757,,,,0.2740390663743019,0.320984104582419
40f,40,40,42,test,Fuzzers,top_minus_random,median,5,300,0.369770067135493,,,,0.34543118842939535,0.39288015643755597
40f,40,40,42,test,Fuzzers,top_minus_random,median,10,300,0.37347922126452127,,,,0.34602084110180537,0.398955002322793
40f,40,40,42,test,Fuzzers,top_minus_random,random_row,1,300,0.2644353871544202,,,,0.2300832151795427,0.2986262161930402
40f,40,40,42,test,Fuzzers,top_minus_random,random_row,3,300,0.35629825552304584,,,,0.3223606163213651,0.39020814452568686
40f,40,40,42,test,Fuzzers,top_minus_random,random_row,5,300,0.37682940930128095,,,,0.34289978063603244,0.4122958372284969
40f,40,40,42,test,Fuzzers,top_minus_random,random_row,10,300,0.30807415743668876,,,,0.2744721416781346,0.3387615991110603
40f,40,40,42,test,Generic,top,median,1,300,0.08723051846027374,0.056666666666666664,0.007762331981211901,0.9826112985610962,,
40f,40,40,42,test,Generic,top,median,3,300,0.8902353048324585,1.0,0.48400330543518066,0.9826112985610962,,
40f,40,40,42,test,Generic,top,median,5,300,0.978171706199646,1.0,0.8644168972969055,0.9826112985610962,,
40f,40,40,42,test,Generic,top,median,10,300,0.9810828566551208,1.0,0.9319773316383362,0.9826112985610962,,
40f,40,40,42,test,Generic,least,median,1,300,-3.5264689358882606e-05,0.0,0.0008661238243803382,0.9826112985610962,,
40f,40,40,42,test,Generic,least,median,3,300,-3.5264689358882606e-05,0.0,0.0008661238243803382,0.9826112985610962,,
40f,40,40,42,test,Generic,least,median,5,300,9.414096712134778e-05,0.0,0.0009440906578674912,0.9826112985610962,,
40f,40,40,42,test,Generic,least,median,10,300,0.0050419834442436695,0.006666666666666667,0.002123258076608181,0.9826112985610962,,
40f,40,40,42,test,Generic,random,median,1,300,0.012785252183675766,0.006666666666666667,0.001999170985072851,0.9826112985610962,,
40f,40,40,42,test,Generic,random,median,3,300,0.04502419754862785,0.02666666666666667,0.004411563742905855,0.9826112985610962,,
40f,40,40,42,test,Generic,random,median,5,300,0.0738702043890953,0.043333333333333335,0.009488718584179878,0.9826112985610962,,
40f,40,40,42,test,Generic,random,median,10,300,0.2896174192428589,0.24333333333333335,0.061293091624975204,0.9826112985610962,,
40f,40,40,42,test,Generic,top,random_row,1,300,0.08702674508094788,0.05333333333333334,0.042034443467855453,0.9826112985610962,,
40f,40,40,42,test,Generic,top,random_row,3,300,0.7951979637145996,0.8066666666666666,0.38753587007522583,0.9826112985610962,,
40f,40,40,42,test,Generic,top,random_row,5,300,0.9357981085777283,0.9766666666666667,0.6471055746078491,0.9826112985610962,,
40f,40,40,42,test,Generic,top,random_row,10,300,0.9521333575248718,0.9766666666666667,0.8846395015716553,0.9826112985610962,,
40f,40,40,42,test,Generic,least,random_row,1,300,-3.147860479657538e-05,0.0,0.030067812651395798,0.9826112985610962,,
40f,40,40,42,test,Generic,least,random_row,3,300,-4.362603067420423e-05,0.0,0.03006862662732601,0.9826112985610962,,
40f,40,40,42,test,Generic,least,random_row,5,300,2.8270483198866714e-06,0.0,0.030075985938310623,0.9826112985610962,,
40f,40,40,42,test,Generic,least,random_row,10,300,0.0033596495632082224,0.0,0.029156958684325218,0.9826112985610962,,
40f,40,40,42,test,Generic,random,random_row,1,300,0.013927493244409561,0.016666666666666666,0.03161804750561714,0.9826112985610962,,
40f,40,40,42,test,Generic,random,random_row,3,300,0.038855209946632385,0.02666666666666667,0.03589392825961113,0.9826112985610962,,
40f,40,40,42,test,Generic,random,random_row,5,300,0.07194061577320099,0.04666666666666667,0.0404667928814888,0.9826112985610962,,
40f,40,40,42,test,Generic,random,random_row,10,300,0.2745668590068817,0.23666666666666666,0.10221152007579803,0.9826112985610962,,
40f,40,40,42,test,Generic,top_minus_random,median,1,300,0.07444525957107544,,,,0.059003017490108806,0.09232409463822841
40f,40,40,42,test,Generic,top_minus_random,median,3,300,0.8452110449473064,,,,0.8271660063366095,0.8620306827028592
40f,40,40,42,test,Generic,top_minus_random,median,5,300,0.9043014610807101,,,,0.8826352772464354,0.9270274434785049
40f,40,40,42,test,Generic,top_minus_random,median,10,300,0.691465465327104,,,,0.6515692568595212,0.7278094912792246
40f,40,40,42,test,Generic,top_minus_random,random_row,1,300,0.07309926042954128,,,,0.05599723283698162,0.09327021383494137
40f,40,40,42,test,Generic,top_minus_random,random_row,3,300,0.7563427755236626,,,,0.7295733994990588,0.7829981456672152
40f,40,40,42,test,Generic,top_minus_random,random_row,5,300,0.8638575748602549,,,,0.836524579676489,0.8910895028685529
40f,40,40,42,test,Generic,top_minus_random,random_row,10,300,0.6775665688514709,,,,0.636357097953558,0.7184254103824496
40f,40,40,42,test,Normal,top,median,1,300,0.10241580009460449,0.09,0.9473397731781006,0.9420247673988342,,
40f,40,40,42,test,Normal,top,median,3,300,0.15538229048252106,0.10666666666666667,0.9538843631744385,0.9420247673988342,,
40f,40,40,42,test,Normal,top,median,5,300,0.20734398066997528,0.22666666666666666,0.9522383809089661,0.9420247673988342,,
40f,40,40,42,test,Normal,top,median,10,300,0.2650662362575531,0.19,0.9681334495544434,0.9420247673988342,,
40f,40,40,42,test,Normal,least,median,1,300,0.0,0.0,0.9637615084648132,0.9420247673988342,,
40f,40,40,42,test,Normal,least,median,3,300,-0.00011316756717860699,0.0,0.9637605547904968,0.9420247673988342,,
40f,40,40,42,test,Normal,least,median,5,300,-0.0013865117216482759,0.0,0.9595486521720886,0.9420247673988342,,
40f,40,40,42,test,Normal,least,median,10,300,0.0013359999284148216,0.016666666666666666,0.9484421610832214,0.9420247673988342,,
40f,40,40,42,test,Normal,random,median,1,300,0.001674415310844779,0.006666666666666667,0.9477235674858093,0.9420247673988342,,
40f,40,40,42,test,Normal,random,median,3,300,0.013627090491354465,0.02,0.9233013987541199,0.9420247673988342,,
40f,40,40,42,test,Normal,random,median,5,300,0.03150884807109833,0.05333333333333334,0.9008203148841858,0.9420247673988342,,
40f,40,40,42,test,Normal,random,median,10,300,0.057237930595874786,0.07,0.8718333840370178,0.9420247673988342,,
40f,40,40,42,test,Normal,top,random_row,1,300,0.09720190614461899,0.09,0.550984799861908,0.9420247673988342,,
40f,40,40,42,test,Normal,top,random_row,3,300,0.34564390778541565,0.4,0.7663147449493408,0.9420247673988342,,
40f,40,40,42,test,Normal,top,random_row,5,300,0.45019128918647766,0.5166666666666667,0.8176151514053345,0.9420247673988342,,
40f,40,40,42,test,Normal,top,random_row,10,300,0.560778796672821,0.64,0.8998958468437195,0.9420247673988342,,
40f,40,40,42,test,Normal,least,random_row,1,300,6.01609542627557e-07,0.0,0.48043325543403625,0.9420247673988342,,
40f,40,40,42,test,Normal,least,random_row,3,300,-5.524813968804665e-05,0.0,0.48072463274002075,0.9420247673988342,,
40f,40,40,42,test,Normal,least,random_row,5,300,-0.000716511916834861,0.0033333333333333335,0.48108968138694763,0.9420247673988342,,
40f,40,40,42,test,Normal,least,random_row,10,300,0.006710300222039223,0.02,0.48286810517311096,0.9420247673988342,,
40f,40,40,42,test,Normal,random,random_row,1,300,0.006332042161375284,0.023333333333333334,0.4871698021888733,0.9420247673988342,,
40f,40,40,42,test,Normal,random,random_row,3,300,0.029628314077854156,0.05,0.4905622899532318,0.9420247673988342,,
40f,40,40,42,test,Normal,random,random_row,5,300,0.05020610988140106,0.07,0.5031960606575012,0.9420247673988342,,
40f,40,40,42,test,Normal,random,random_row,10,300,0.11082588136196136,0.14,0.5555501580238342,0.9420247673988342,,
40f,40,40,42,test,Normal,top_minus_random,median,1,300,0.10074138085047404,,,,0.07984958600252866,0.1223976982558767
40f,40,40,42,test,Normal,top_minus_random,median,3,300,0.14175521860520046,,,,0.11923469195763271,0.16432226153711477
40f,40,40,42,test,Normal,top_minus_random,median,5,300,0.1758351249496142,,,,0.14909097440789143,0.20276600428670644
40f,40,40,42,test,Normal,top_minus_random,median,10,300,0.2078283143043518,,,,0.18004179425289232,0.23545986155917245
40f,40,40,42,test,Normal,top_minus_random,random_row,1,300,0.09086986899375915,,,,0.07260258433967828,0.11151511755834022
40f,40,40,42,test,Normal,top_minus_random,random_row,3,300,0.3160155913233757,,,,0.2758249383047223,0.35596802982936304
40f,40,40,42,test,Normal,top_minus_random,random_row,5,300,0.39998518824577334,,,,0.3578601726318399,0.4413944149638216
40f,40,40,42,test,Normal,top_minus_random,random_row,10,300,0.44995293656984964,,,,0.40518190955122313,0.495984897347788
40f,40,40,42,test,Overlap-Group-1,top,median,1,300,0.15742304921150208,0.22,0.41464152932167053,0.6201518774032593,,
40f,40,40,42,test,Overlap-Group-1,top,median,3,300,0.450250506401062,0.95,0.4776965379714966,0.6201518774032593,,
40f,40,40,42,test,Overlap-Group-1,top,median,5,300,0.5346381664276123,0.9766666666666667,0.5761250257492065,0.6201518774032593,,
40f,40,40,42,test,Overlap-Group-1,top,median,10,300,0.575718104839325,0.9966666666666667,0.6480621695518494,0.6201518774032593,,
40f,40,40,42,test,Overlap-Group-1,least,median,1,300,0.0001416130835423246,0.0,0.017907094210386276,0.6201518774032593,,
40f,40,40,42,test,Overlap-Group-1,least,median,3,300,-0.0008266264339908957,0.0,0.01786932535469532,0.6201518774032593,,
40f,40,40,42,test,Overlap-Group-1,least,median,5,300,-0.005411566235125065,0.0033333333333333335,0.01987997442483902,0.6201518774032593,,
40f,40,40,42,test,Overlap-Group-1,least,median,10,300,-0.018039045855402946,0.023333333333333334,0.03130984678864479,0.6201518774032593,,
40f,40,40,42,test,Overlap-Group-1,random,median,1,300,0.012053955346345901,0.02666666666666667,0.04337271302938461,0.6201518774032593,,
40f,40,40,42,test,Overlap-Group-1,random,median,3,300,0.035531625151634216,0.09,0.06659121066331863,0.6201518774032593,,
40f,40,40,42,test,Overlap-Group-1,random,median,5,300,0.08022324740886688,0.17666666666666667,0.10341504961252213,0.6201518774032593,,
40f,40,40,42,test,Overlap-Group-1,random,median,10,300,0.1528330296278,0.2866666666666667,0.1829608529806137,0.6201518774032593,,
40f,40,40,42,test,Overlap-Group-1,top,random_row,1,300,0.1529579758644104,0.20333333333333334,0.11960708349943161,0.6201518774032593,,
40f,40,40,42,test,Overlap-Group-1,top,random_row,3,300,0.4180559813976288,0.8433333333333334,0.1806456446647644,0.6201518774032593,,
40f,40,40,42,test,Overlap-Group-1,top,random_row,5,300,0.5038357377052307,0.9233333333333333,0.2700881063938141,0.6201518774032593,,
40f,40,40,42,test,Overlap-Group-1,top,random_row,10,300,0.5656940340995789,0.9633333333333334,0.5030503869056702,0.6201518774032593,,
40f,40,40,42,test,Overlap-Group-1,least,random_row,1,300,0.0008739129989407957,0.0,0.07760577648878098,0.6201518774032593,,
40f,40,40,42,test,Overlap-Group-1,least,random_row,3,300,0.0008479259558953345,0.0,0.07771135866641998,0.6201518774032593,,
40f,40,40,42,test,Overlap-Group-1,least,random_row,5,300,-0.005717049352824688,0.0,0.07564965635538101,0.6201518774032593,,
40f,40,40,42,test,Overlap-Group-1,least,random_row,10,300,-0.010577564127743244,0.02666666666666667,0.0789676383137703,0.6201518774032593,,
40f,40,40,42,test,Overlap-Group-1,random,random_row,1,300,0.015409949235618114,0.03333333333333333,0.08074697107076645,0.6201518774032593,,
40f,40,40,42,test,Overlap-Group-1,random,random_row,3,300,0.05719408765435219,0.11333333333333333,0.08298983424901962,0.6201518774032593,,
40f,40,40,42,test,Overlap-Group-1,random,random_row,5,300,0.10405153781175613,0.20666666666666667,0.09914681315422058,0.6201518774032593,,
40f,40,40,42,test,Overlap-Group-1,random,random_row,10,300,0.1998165100812912,0.38,0.12981626391410828,0.6201518774032593,,
40f,40,40,42,test,Overlap-Group-1,top_minus_random,median,1,300,0.1453690845767657,,,,0.12732084205498298,0.16503886130203804
40f,40,40,42,test,Overlap-Group-1,top_minus_random,median,3,300,0.41471882730722426,,,,0.39465062887221575,0.4319056991189718
40f,40,40,42,test,Overlap-Group-1,top_minus_random,median,5,300,0.4544149262706439,,,,0.4323542020469904,0.47689496259391306
40f,40,40,42,test,Overlap-Group-1,top_minus_random,median,10,300,0.4228850561380386,,,,0.39766549355536696,0.4488435936123133
40f,40,40,42,test,Overlap-Group-1,top_minus_random,random_row,1,300,0.13754802525043489,,,,0.1200946140885353,0.1560429371967912
40f,40,40,42,test,Overlap-Group-1,top_minus_random,random_row,3,300,0.36086190472046537,,,,0.3347372010101875,0.384757361056904
40f,40,40,42,test,Overlap-Group-1,top_minus_random,random_row,5,300,0.3997842354575793,,,,0.3752911917294065,0.4247227589711547
40f,40,40,42,test,Overlap-Group-1,top_minus_random,random_row,10,300,0.36587750623623533,,,,0.340551504984498,0.3917441498612364
40f,40,40,42,test,Reconnaissance,top,median,1,300,0.5334123969078064,0.4033333333333333,0.0059918127954006195,0.9193621873855591,,
40f,40,40,42,test,Reconnaissance,top,median,3,300,0.8699269890785217,0.9966666666666667,0.12355637550354004,0.9193621873855591,,
40f,40,40,42,test,Reconnaissance,top,median,5,300,0.8969101905822754,1.0,0.5091919898986816,0.9193621873855591,,
40f,40,40,42,test,Reconnaissance,top,median,10,300,0.9126651287078857,1.0,0.8205549120903015,0.9193621873855591,,
40f,40,40,42,test,Reconnaissance,least,median,1,300,0.0,0.0,0.0006486802012659609,0.9193621873855591,,
40f,40,40,42,test,Reconnaissance,least,median,3,300,0.0,0.0,0.0006486802012659609,0.9193621873855591,,
40f,40,40,42,test,Reconnaissance,least,median,5,300,0.00012724995031021535,0.0,0.0006623195367865264,0.9193621873855591,,
40f,40,40,42,test,Reconnaissance,least,median,10,300,0.0021893437951803207,0.0033333333333333335,0.001237519085407257,0.9193621873855591,,
40f,40,40,42,test,Reconnaissance,random,median,1,300,0.02131790667772293,0.03333333333333333,0.0013233640929684043,0.9193621873855591,,
40f,40,40,42,test,Reconnaissance,random,median,3,300,0.08306989073753357,0.09,0.005067163147032261,0.9193621873855591,,
40f,40,40,42,test,Reconnaissance,random,median,5,300,0.15318521857261658,0.14333333333333334,0.010766634717583656,0.9193621873855591,,
40f,40,40,42,test,Reconnaissance,random,median,10,300,0.3700439929962158,0.37,0.029438653960824013,0.9193621873855591,,
40f,40,40,42,test,Reconnaissance,top,random_row,1,300,0.4432433545589447,0.36333333333333334,0.08273915201425552,0.9193621873855591,,
40f,40,40,42,test,Reconnaissance,top,random_row,3,300,0.7803478837013245,0.88,0.10148446261882782,0.9193621873855591,,
40f,40,40,42,test,Reconnaissance,top,random_row,5,300,0.8528419733047485,0.9533333333333334,0.2914082407951355,0.9193621873855591,,
40f,40,40,42,test,Reconnaissance,top,random_row,10,300,0.8727089166641235,0.96,0.5153487324714661,0.9193621873855591,,
40f,40,40,42,test,Reconnaissance,least,random_row,1,300,0.0,0.0,0.07066097855567932,0.9193621873855591,,
40f,40,40,42,test,Reconnaissance,least,random_row,3,300,0.00011909842578461394,0.0,0.07066099345684052,0.9193621873855591,,
40f,40,40,42,test,Reconnaissance,least,random_row,5,300,0.0026721120811998844,0.01,0.07050222158432007,0.9193621873855591,,
40f,40,40,42,test,Reconnaissance,least,random_row,10,300,0.024448003619909286,0.05,0.06997513771057129,0.9193621873855591,,
40f,40,40,42,test,Reconnaissance,random,random_row,1,300,0.021062234416604042,0.03,0.06933441758155823,0.9193621873855591,,
40f,40,40,42,test,Reconnaissance,random,random_row,3,300,0.09114038944244385,0.09333333333333334,0.06794961541891098,0.9193621873855591,,
40f,40,40,42,test,Reconnaissance,random,random_row,5,300,0.17779411375522614,0.18666666666666668,0.0687045305967331,0.9193621873855591,,
40f,40,40,42,test,Reconnaissance,random,random_row,10,300,0.40236037969589233,0.4033333333333333,0.08425020426511765,0.9193621873855591,,
40f,40,40,42,test,Reconnaissance,top_minus_random,median,1,300,0.5120944292346636,,,,0.49329677533109983,0.5301285701071222
40f,40,40,42,test,Reconnaissance,top_minus_random,median,3,300,0.7868569950262706,,,,0.7608397621065378,0.8136214305659135
40f,40,40,42,test,Reconnaissance,top_minus_random,median,5,300,0.7437250405550003,,,,0.7096095882207155,0.7764821502466996
40f,40,40,42,test,Reconnaissance,top_minus_random,median,10,300,0.5426210922996203,,,,0.5025073260888457,0.5846868069494764
40f,40,40,42,test,Reconnaissance,top_minus_random,random_row,1,300,0.42218113839626314,,,,0.38987420916805665,0.45302116804321607
40f,40,40,42,test,Reconnaissance,top_minus_random,random_row,3,300,0.6892074567079544,,,,0.6541498398582141,0.722108716165026
40f,40,40,42,test,Reconnaissance,top_minus_random,random_row,5,300,0.6750478672981263,,,,0.6353754108920694,0.711010627458493
40f,40,40,42,test,Reconnaissance,top_minus_random,random_row,10,300,0.4703486327330271,,,,0.4261441085487604,0.5114619162604213
40f,40,40,42,test,Unknown,top,median,1,200,0.1579994410276413,0.7,0.4291086494922638,0.4197135865688324,,
40f,40,40,42,test,Unknown,top,median,3,200,0.24644999206066132,0.89,0.46078789234161377,0.4197135865688324,,
40f,40,40,42,test,Unknown,top,median,5,200,0.2927672863006592,0.94,0.4915432631969452,0.4197135865688324,,
40f,40,40,42,test,Unknown,top,median,10,200,0.33794647455215454,0.96,0.5601089596748352,0.4197135865688324,,
40f,40,40,42,test,Unknown,least,median,1,200,-4.781171810464002e-05,0.0,0.30115431547164917,0.4197135865688324,,
40f,40,40,42,test,Unknown,least,median,3,200,-0.00013333960669115186,0.0,0.3014175295829773,0.4197135865688324,,
40f,40,40,42,test,Unknown,least,median,5,200,0.003007049672305584,0.09,0.3017423748970032,0.4197135865688324,,
40f,40,40,42,test,Unknown,least,median,10,200,0.027036990970373154,0.335,0.3024696409702301,0.4197135865688324,,
40f,40,40,42,test,Unknown,random,median,1,200,0.007873380556702614,0.15,0.29849642515182495,0.4197135865688324,,
40f,40,40,42,test,Unknown,random,median,3,200,0.038554850965738297,0.42,0.27963578701019287,0.4197135865688324,,
40f,40,40,42,test,Unknown,random,median,5,200,0.04664726182818413,0.515,0.2732805013656616,0.4197135865688324,,
40f,40,40,42,test,Unknown,random,median,10,200,0.09463423490524292,0.635,0.2803843319416046,0.4197135865688324,,
40f,40,40,42,test,Unknown,top,random_row,1,200,0.16353335976600647,0.645,0.2642125189304352,0.4197135865688324,,
40f,40,40,42,test,Unknown,top,random_row,3,200,0.25710320472717285,0.845,0.30574965476989746,0.4197135865688324,,
40f,40,40,42,test,Unknown,top,random_row,5,200,0.29733437299728394,0.91,0.342612087726593,0.4197135865688324,,
40f,40,40,42,test,Unknown,top,random_row,10,200,0.32963961362838745,0.925,0.4689035713672638,0.4197135865688324,,
40f,40,40,42,test,Unknown,least,random_row,1,200,-3.2814739824971184e-05,0.0,0.24082046747207642,0.4197135865688324,,
40f,40,40,42,test,Unknown,least,random_row,3,200,-0.0003546629741322249,0.0,0.24067822098731995,0.4197135865688324,,
40f,40,40,42,test,Unknown,least,random_row,5,200,0.002127088140696287,0.085,0.24181918799877167,0.4197135865688324,,
40f,40,40,42,test,Unknown,least,random_row,10,200,0.03088216483592987,0.38,0.23851121962070465,0.4197135865688324,,
40f,40,40,42,test,Unknown,random,random_row,1,200,0.013403322547674179,0.2,0.2470528483390808,0.4197135865688324,,
40f,40,40,42,test,Unknown,random,random_row,3,200,0.03963172435760498,0.415,0.2531481981277466,0.4197135865688324,,
40f,40,40,42,test,Unknown,random,random_row,5,200,0.06211986020207405,0.55,0.25368571281433105,0.4197135865688324,,
40f,40,40,42,test,Unknown,random,random_row,10,200,0.10434667766094208,0.64,0.2571999430656433,0.4197135865688324,,
40f,40,40,42,test,Unknown,top_minus_random,median,1,200,0.15012605592608452,,,,0.12968435642495751,0.17072336972691118
40f,40,40,42,test,Unknown,top_minus_random,median,3,200,0.2078951318562031,,,,0.18164960639551284,0.23415732299350203
40f,40,40,42,test,Unknown,top_minus_random,median,5,200,0.24612003892660142,,,,0.2165874635912478,0.2758709020875394
40f,40,40,42,test,Unknown,top_minus_random,median,10,200,0.2433122353255749,,,,0.21065364259853958,0.27803930679149924
40f,40,40,42,test,Unknown,top_minus_random,random_row,1,200,0.15013002559542657,,,,0.12715611406974495,0.17748874219879507
40f,40,40,42,test,Unknown,top_minus_random,random_row,3,200,0.21747146628797054,,,,0.1892465126104653,0.24424548846296965
40f,40,40,42,test,Unknown,top_minus_random,random_row,5,200,0.2352145193517208,,,,0.20742568286694585,0.26429828101582825
40f,40,40,42,test,Unknown,top_minus_random,random_row,10,200,0.22529295116662978,,,,0.19209521899372342,0.2565424059815705
40f,40,40,42,validation,all,top,median,1,2000,0.2687338888645172,0.355,0.3263038992881775,0.800102174282074,,
40f,40,40,42,validation,all,top,median,3,2000,0.533184826374054,0.773,0.457771360874176,0.800102174282074,,
40f,40,40,42,validation,all,top,median,5,2000,0.6122977137565613,0.855,0.6136760115623474,0.800102174282074,,
40f,40,40,42,validation,all,top,median,10,2000,0.6631353497505188,0.883,0.7330171465873718,0.800102174282074,,
40f,40,40,42,validation,all,least,median,1,2000,-5.523618892766535e-05,0.0,0.1635717749595642,0.800102174282074,,
40f,40,40,42,validation,all,least,median,3,2000,0.00039073568768799305,0.001,0.16363926231861115,0.800102174282074,,
40f,40,40,42,validation,all,least,median,5,2000,-0.0005922721466049552,0.007,0.1637519896030426,0.800102174282074,,
40f,40,40,42,validation,all,least,median,10,2000,0.006749129854142666,0.053,0.16388124227523804,0.800102174282074,,
40f,40,40,42,validation,all,random,median,1,2000,0.01782628893852234,0.044,0.16726697981357574,0.800102174282074,,
40f,40,40,42,validation,all,random,median,3,2000,0.06165381893515587,0.117,0.17958016693592072,0.800102174282074,,
40f,40,40,42,validation,all,random,median,5,2000,0.10616470128297806,0.168,0.1931922286748886,0.800102174282074,,
40f,40,40,42,validation,all,random,median,10,2000,0.21624566614627838,0.3145,0.22644957900047302,0.800102174282074,,
40f,40,40,42,validation,all,top,random_row,1,2000,0.22826801240444183,0.308,0.2058616280555725,0.800102174282074,,
40f,40,40,42,validation,all,top,random_row,3,2000,0.5081626176834106,0.715,0.3417602777481079,0.800102174282074,,
40f,40,40,42,validation,all,top,random_row,5,2000,0.596007764339447,0.8025,0.45562607049942017,0.800102174282074,,
40f,40,40,42,validation,all,top,random_row,10,2000,0.6598528027534485,0.866,0.6109256148338318,0.800102174282074,,
40f,40,40,42,validation,all,least,random_row,1,2000,4.843075657845475e-05,0.0,0.17518548667430878,0.800102174282074,,
40f,40,40,42,validation,all,least,random_row,3,2000,-6.650297291344032e-05,0.0005,0.1752302497625351,0.800102174282074,,
40f,40,40,42,validation,all,least,random_row,5,2000,-8.853519102558494e-05,0.0115,0.1751292645931244,0.800102174282074,,
40f,40,40,42,validation,all,least,random_row,10,2000,0.01452913973480463,0.0695,0.17438720166683197,0.800102174282074,,
40f,40,40,42,validation,all,random,random_row,1,2000,0.019287986680865288,0.0435,0.17798751592636108,0.800102174282074,,
40f,40,40,42,validation,all,random,random_row,3,2000,0.06169522926211357,0.114,0.1844789683818817,0.800102174282074,,
40f,40,40,42,validation,all,random,random_row,5,2000,0.11261461675167084,0.1895,0.19027715921401978,0.800102174282074,,
40f,40,40,42,validation,all,random,random_row,10,2000,0.2268841564655304,0.333,0.22252556681632996,0.800102174282074,,
40f,40,40,42,validation,all,top_minus_random,median,1,2000,0.2509076037183404,,,,0.23934663626048713,0.2629259907929227
40f,40,40,42,validation,all,top_minus_random,median,3,2000,0.47153102642297745,,,,0.4570720114601776,0.4846327829612419
40f,40,40,42,validation,all,top_minus_random,median,5,2000,0.506133041895926,,,,0.4911853562263772,0.5217936573015526
40f,40,40,42,validation,all,top_minus_random,median,10,2000,0.446889718554914,,,,0.43158000603783875,0.46177729754485186
40f,40,40,42,validation,all,top_minus_random,random_row,1,2000,0.208980028167367,,,,0.19752550342511388,0.22111100197415798
40f,40,40,42,validation,all,top_minus_random,random_row,3,2000,0.44646738534420727,,,,0.4324844490131363,0.46058006451968103
40f,40,40,42,validation,all,top_minus_random,random_row,5,2000,0.48339312234520915,,,,0.46824856840129947,0.4985910124788061
40f,40,40,42,validation,all,top_minus_random,random_row,10,2000,0.43296862008422615,,,,0.41839919407032433,0.4484949078468606
40f,40,40,42,validation,Exploits,top,median,1,300,0.5137678980827332,0.66,0.41654232144355774,0.8596950173377991,,
40f,40,40,42,validation,Exploits,top,median,3,300,0.631732165813446,0.83,0.567311704158783,0.8596950173377991,,
40f,40,40,42,validation,Exploits,top,median,5,300,0.7497712969779968,0.9766666666666667,0.7345506548881531,0.8596950173377991,,
40f,40,40,42,validation,Exploits,top,median,10,300,0.8121644854545593,0.99,0.8530585765838623,0.8596950173377991,,
40f,40,40,42,validation,Exploits,least,median,1,300,0.0,0.0,0.012510447762906551,0.8596950173377991,,
40f,40,40,42,validation,Exploits,least,median,3,300,1.4354586710396688e-05,0.0,0.01261137891560793,0.8596950173377991,,
40f,40,40,42,validation,Exploits,least,median,5,300,-0.0025564588140696287,0.0,0.013350527733564377,0.8596950173377991,,
40f,40,40,42,validation,Exploits,least,median,10,300,-0.0022458413150161505,0.006666666666666667,0.01693565957248211,0.8596950173377991,,
40f,40,40,42,validation,Exploits,random,median,1,300,0.01786542870104313,0.03,0.02078656107187271,0.8596950173377991,,
40f,40,40,42,validation,Exploits,random,median,3,300,0.066004678606987,0.09,0.062058765441179276,0.8596950173377991,,
40f,40,40,42,validation,Exploits,random,median,5,300,0.11425501853227615,0.13333333333333333,0.09328055381774902,0.8596950173377991,,
40f,40,40,42,validation,Exploits,random,median,10,300,0.23134073615074158,0.26,0.18020600080490112,0.8596950173377991,,
40f,40,40,42,validation,Exploits,top,random_row,1,300,0.2826339602470398,0.3566666666666667,0.23389187455177307,0.8596950173377991,,
40f,40,40,42,validation,Exploits,top,random_row,3,300,0.39894935488700867,0.52,0.3435702323913574,0.8596950173377991,,
40f,40,40,42,validation,Exploits,top,random_row,5,300,0.48002249002456665,0.5866666666666667,0.44086822867393494,0.8596950173377991,,
40f,40,40,42,validation,Exploits,top,random_row,10,300,0.6017018556594849,0.7133333333333334,0.6400980949401855,0.8596950173377991,,
40f,40,40,42,validation,Exploits,least,random_row,1,300,0.0,0.0,0.19359682500362396,0.8596950173377991,,
40f,40,40,42,validation,Exploits,least,random_row,3,300,-0.0006384204025380313,0.0,0.19407837092876434,0.8596950173377991,,
40f,40,40,42,validation,Exploits,least,random_row,5,300,-0.0009222242515534163,0.0033333333333333335,0.193607896566391,0.8596950173377991,,
40f,40,40,42,validation,Exploits,least,random_row,10,300,-0.002842937596142292,0.013333333333333334,0.19603361189365387,0.8596950173377991,,
40f,40,40,42,validation,Exploits,random,random_row,1,300,0.014817926101386547,0.023333333333333334,0.202128604054451,0.8596950173377991,,
40f,40,40,42,validation,Exploits,random,random_row,3,300,0.037658628076314926,0.043333333333333335,0.21877291798591614,0.8596950173377991,,
40f,40,40,42,validation,Exploits,random,random_row,5,300,0.07194260507822037,0.07666666666666666,0.23929105699062347,0.8596950173377991,,
40f,40,40,42,validation,Exploits,random,random_row,10,300,0.1701025664806366,0.18666666666666668,0.311264306306839,0.8596950173377991,,
40f,40,40,42,validation,Exploits,top_minus_random,median,1,300,0.49590251326560975,,,,0.45424629526833693,0.5328029610340794
40f,40,40,42,validation,Exploits,top_minus_random,median,3,300,0.56572750578324,,,,0.5358506494089962,0.5948899790644646
40f,40,40,42,validation,Exploits,top_minus_random,median,5,300,0.6355163552363714,,,,0.602247418301801,0.6668417519778014
40f,40,40,42,validation,Exploits,top_minus_random,median,10,300,0.5808236997326215,,,,0.5391989355857174,0.6204195370078087
40f,40,40,42,validation,Exploits,top_minus_random,random_row,1,300,0.2678160480658213,,,,0.23037630737324558,0.306289914821585
40f,40,40,42,validation,Exploits,top_minus_random,random_row,3,300,0.3612907069921494,,,,0.3232422639653087,0.398570060459276
40f,40,40,42,validation,Exploits,top_minus_random,random_row,5,300,0.4080798884232839,,,,0.3722256004810333,0.44455116567512354
40f,40,40,42,validation,Exploits,top_minus_random,random_row,10,300,0.43159930924574536,,,,0.3951917285149297,0.4682164586558938
40f,40,40,42,validation,Fuzzers,top,median,1,300,0.24916966259479523,0.31666666666666665,0.02680639550089836,0.7707511782646179,,
40f,40,40,42,validation,Fuzzers,top,median,3,300,0.40429213643074036,0.5266666666666666,0.04048231616616249,0.7707511782646179,,
40f,40,40,42,validation,Fuzzers,top,median,5,300,0.5366264581680298,0.7966666666666666,0.06286615878343582,0.7707511782646179,,
40f,40,40,42,validation,Fuzzers,top,median,10,300,0.7130263447761536,0.9966666666666667,0.3023701608181,0.7707511782646179,,
40f,40,40,42,validation,Fuzzers,least,median,1,300,-5.7234763517044485e-05,0.0,0.004297876730561256,0.7707511782646179,,
40f,40,40,42,validation,Fuzzers,least,median,3,300,0.004316104110330343,0.006666666666666667,0.0044095395132899284,0.7707511782646179,,
40f,40,40,42,validation,Fuzzers,least,median,5,300,0.005720202811062336,0.01,0.004524602554738522,0.7707511782646179,,
40f,40,40,42,validation,Fuzzers,least,median,10,300,0.06672544777393341,0.10333333333333333,0.010524961166083813,0.7707511782646179,,
40f,40,40,42,validation,Fuzzers,random,median,1,300,0.03047032095491886,0.05,0.005897114984691143,0.7707511782646179,,
40f,40,40,42,validation,Fuzzers,random,median,3,300,0.11005689203739166,0.16,0.012158644385635853,0.7707511782646179,,
40f,40,40,42,validation,Fuzzers,random,median,5,300,0.1721494495868683,0.24,0.019143447279930115,0.7707511782646179,,
40f,40,40,42,validation,Fuzzers,random,median,10,300,0.3318985104560852,0.5133333333333333,0.045430541038513184,0.7707511782646179,,
40f,40,40,42,validation,Fuzzers,top,random_row,1,300,0.33200910687446594,0.42,0.1856740117073059,0.7707511782646179,,
40f,40,40,42,validation,Fuzzers,top,random_row,3,300,0.5013977289199829,0.6733333333333333,0.23378585278987885,0.7707511782646179,,
40f,40,40,42,validation,Fuzzers,top,random_row,5,300,0.5849021077156067,0.7766666666666666,0.2726496458053589,0.7707511782646179,,
40f,40,40,42,validation,Fuzzers,top,random_row,10,300,0.6583369970321655,0.8733333333333333,0.3701220154762268,0.7707511782646179,,
40f,40,40,42,validation,Fuzzers,least,random_row,1,300,-5.201657768338919e-05,0.0,0.17177145183086395,0.7707511782646179,,
40f,40,40,42,validation,Fuzzers,least,random_row,3,300,0.0029594218358397484,0.0033333333333333335,0.17171621322631836,0.7707511782646179,,
40f,40,40,42,validation,Fuzzers,least,random_row,5,300,0.004017340950667858,0.006666666666666667,0.17151178419589996,0.7707511782646179,,
40f,40,40,42,validation,Fuzzers,least,random_row,10,300,0.050887156277894974,0.09,0.15975236892700195,0.7707511782646179,,
40f,40,40,42,validation,Fuzzers,random,random_row,1,300,0.031421057879924774,0.05,0.17110256850719452,0.7707511782646179,,
40f,40,40,42,validation,Fuzzers,random,random_row,3,300,0.12779350578784943,0.16,0.17005780339241028,0.7707511782646179,,
40f,40,40,42,validation,Fuzzers,random,random_row,5,300,0.2063743770122528,0.30333333333333334,0.16000157594680786,0.7707511782646179,,
40f,40,40,42,validation,Fuzzers,random,random_row,10,300,0.34970778226852417,0.5166666666666667,0.1619264930486679,0.7707511782646179,,
40f,40,40,42,validation,Fuzzers,top_minus_random,median,1,300,0.21869935671488444,,,,0.19389098945756753,0.24182028841227293
40f,40,40,42,validation,Fuzzers,top_minus_random,median,3,300,0.29423525353272756,,,,0.26425930425028005,0.32151780355225007
40f,40,40,42,validation,Fuzzers,top_minus_random,median,5,300,0.36447706997394563,,,,0.3372547172581156,0.39245312257856124
40f,40,40,42,validation,Fuzzers,top_minus_random,median,10,300,0.38112778941790265,,,,0.3537568300267061,0.4109628638351957
40f,40,40,42,validation,Fuzzers,top_minus_random,random_row,1,300,0.3005880350867907,,,,0.2681456603929401,0.33318498508383826
40f,40,40,42,validation,Fuzzers,top_minus_random,random_row,3,300,0.37360422770182294,,,,0.34034739186863106,0.4069312689254681
40f,40,40,42,validation,Fuzzers,top_minus_random,random_row,5,300,0.3785277107357979,,,,0.34755998679002126,0.4119846114044388
40f,40,40,42,validation,Fuzzers,top_minus_random,random_row,10,300,0.30862919727961224,,,,0.2766000445559621,0.34003664472699163
40f,40,40,42,validation,Generic,top,median,1,300,0.09109173715114594,0.09,0.012546291574835777,0.974378228187561,,
40f,40,40,42,validation,Generic,top,median,3,300,0.8565672636032104,1.0,0.4954557418823242,0.974378228187561,,
40f,40,40,42,validation,Generic,top,median,5,300,0.9708162546157837,1.0,0.8690274953842163,0.974378228187561,,
40f,40,40,42,validation,Generic,top,median,10,300,0.9730048775672913,1.0,0.9097161889076233,0.974378228187561,,
40f,40,40,42,validation,Generic,least,median,1,300,-2.4883349396986887e-05,0.0,0.0008661222527734935,0.974378228187561,,
40f,40,40,42,validation,Generic,least,median,3,300,-2.4883349396986887e-05,0.0,0.0008661222527734935,0.974378228187561,,
40f,40,40,42,validation,Generic,least,median,5,300,1.700778739177622e-05,0.0,0.0009412356303073466,0.974378228187561,,
40f,40,40,42,validation,Generic,least,median,10,300,0.006414022296667099,0.013333333333333334,0.0021045836620032787,0.974378228187561,,
40f,40,40,42,validation,Generic,random,median,1,300,0.016032330691814423,0.023333333333333334,0.0017799020279198885,0.974378228187561,,
40f,40,40,42,validation,Generic,random,median,3,300,0.052131131291389465,0.056666666666666664,0.004676878917962313,0.974378228187561,,
40f,40,40,42,validation,Generic,random,median,5,300,0.09745144098997116,0.08,0.011092986911535263,0.974378228187561,,
40f,40,40,42,validation,Generic,random,median,10,300,0.269083708524704,0.23333333333333334,0.05597228929400444,0.974378228187561,,
40f,40,40,42,validation,Generic,top,random_row,1,300,0.09587642550468445,0.08333333333333333,0.04884125292301178,0.974378228187561,,
40f,40,40,42,validation,Generic,top,random_row,3,300,0.7779718637466431,0.81,0.4289360046386719,0.974378228187561,,
40f,40,40,42,validation,Generic,top,random_row,5,300,0.9220908880233765,0.97,0.7143901586532593,0.974378228187561,,
40f,40,40,42,validation,Generic,top,random_row,10,300,0.9381483197212219,0.97,0.8765521049499512,0.974378228187561,,
40f,40,40,42,validation,Generic,least,random_row,1,300,-1.6395450074924156e-05,0.0,0.03885379061102867,0.974378228187561,,
40f,40,40,42,validation,Generic,least,random_row,3,300,0.00011835932673420757,0.0,0.03885408490896225,0.974378228187561,,
40f,40,40,42,validation,Generic,least,random_row,5,300,0.00011485596769489348,0.0,0.03885280340909958,0.974378228187561,,
40f,40,40,42,validation,Generic,least,random_row,10,300,0.006220626644790173,0.006666666666666667,0.03918883204460144,0.974378228187561,,
40f,40,40,42,validation,Generic,random,random_row,1,300,0.014174992218613625,0.016666666666666666,0.039548009634017944,0.974378228187561,,
40f,40,40,42,validation,Generic,random,random_row,3,300,0.04241430386900902,0.03666666666666667,0.04505631700158119,0.974378228187561,,
40f,40,40,42,validation,Generic,random,random_row,5,300,0.08906848728656769,0.07333333333333333,0.05181382596492767,0.974378228187561,,
40f,40,40,42,validation,Generic,random,random_row,10,300,0.2550845742225647,0.21333333333333335,0.09781887382268906,0.974378228187561,,
40f,40,40,42,validation,Generic,top_minus_random,median,1,300,0.07505940288305282,,,,0.057033912812670076,0.09569335727393627
40f,40,40,42,validation,Generic,top_minus_random,median,3,300,0.8044361510872841,,,,0.783750596014162,0.8235138701001803
40f,40,40,42,validation,Generic,top_minus_random,median,5,300,0.873364743689696,,,,0.8461752341488997,0.8991477961118023
40f,40,40,42,validation,Generic,top_minus_random,median,10,300,0.7039211211601893,,,,0.6643490455299615,0.7447903329258163
40f,40,40,42,validation,Generic,top_minus_random,random_row,1,300,0.08170142849286398,,,,0.06359351186951001,0.10180851968626183
40f,40,40,42,validation,Generic,top_minus_random,random_row,3,300,0.7355575526754061,,,,0.7062660485754411,0.763887140892446
40f,40,40,42,validation,Generic,top_minus_random,random_row,5,300,0.8330223254362742,,,,0.8016057328457633,0.8664341992562016
40f,40,40,42,validation,Generic,top_minus_random,random_row,10,300,0.683063745299975,,,,0.6411559014717738,0.723512577963372
40f,40,40,42,validation,Normal,top,median,1,300,0.10210668295621872,0.11333333333333333,0.9734859466552734,0.928544819355011,,
40f,40,40,42,validation,Normal,top,median,3,300,0.15264686942100525,0.17333333333333334,0.9795762300491333,0.928544819355011,,
40f,40,40,42,validation,Normal,top,median,5,300,0.18469908833503723,0.28,0.9801235795021057,0.928544819355011,,
40f,40,40,42,validation,Normal,top,median,10,300,0.22103571891784668,0.23666666666666666,0.980780839920044,0.928544819355011,,
40f,40,40,42,validation,Normal,least,median,1,300,-2.6004612664110027e-05,0.0,0.9637628197669983,0.928544819355011,,
40f,40,40,42,validation,Normal,least,median,3,300,0.00022594381880480796,0.0,0.9637380242347717,0.928544819355011,,
40f,40,40,42,validation,Normal,least,median,5,300,-0.002464125631377101,0.0,0.9613572359085083,0.928544819355011,,
40f,40,40,42,validation,Normal,least,median,10,300,-0.015467877499759197,0.01,0.9390493631362915,0.928544819355011,,
40f,40,40,42,validation,Normal,random,median,1,300,0.00278187682852149,0.02,0.9539592266082764,0.928544819355011,,
40f,40,40,42,validation,Normal,random,median,3,300,0.010909668169915676,0.04,0.9425176978111267,0.928544819355011,,
40f,40,40,42,validation,Normal,random,median,5,300,0.019393082708120346,0.056666666666666664,0.9280733466148376,0.928544819355011,,
40f,40,40,42,validation,Normal,random,median,10,300,0.037826601415872574,0.06666666666666667,0.8910050392150879,0.928544819355011,,
40f,40,40,42,validation,Normal,top,random_row,1,300,0.09424664080142975,0.14,0.575416624546051,0.928544819355011,,
40f,40,40,42,validation,Normal,top,random_row,3,300,0.32506105303764343,0.41,0.8122303485870361,0.928544819355011,,
40f,40,40,42,validation,Normal,top,random_row,5,300,0.42278704047203064,0.51,0.8628541231155396,0.928544819355011,,
40f,40,40,42,validation,Normal,top,random_row,10,300,0.5449644327163696,0.65,0.9290030002593994,0.928544819355011,,
40f,40,40,42,validation,Normal,least,random_row,1,300,4.2061012095473416e-07,0.0,0.5093569159507751,0.928544819355011,,
40f,40,40,42,validation,Normal,least,random_row,3,300,6.910562660777941e-06,0.0,0.5092362761497498,0.928544819355011,,
40f,40,40,42,validation,Normal,least,random_row,5,300,0.00010095049947267398,0.006666666666666667,0.5103137493133545,0.928544819355011,,
40f,40,40,42,validation,Normal,least,random_row,10,300,-0.004497209098190069,0.01,0.508527934551239,0.928544819355011,,
40f,40,40,42,validation,Normal,random,random_row,1,300,0.006700417026877403,0.02666666666666667,0.5168125033378601,0.928544819355011,,
40f,40,40,42,validation,Normal,random,random_row,3,300,0.018559906631708145,0.043333333333333335,0.5363739132881165,0.928544819355011,,
40f,40,40,42,validation,Normal,random,random_row,5,300,0.029818903654813766,0.056666666666666664,0.5453189015388489,0.928544819355011,,
40f,40,40,42,validation,Normal,random,random_row,10,300,0.07684656977653503,0.10666666666666667,0.5873575210571289,0.928544819355011,,
40f,40,40,42,validation,Normal,top_minus_random,median,1,300,0.0993247964978218,,,,0.07779381345212459,0.11993408336490392
40f,40,40,42,validation,Normal,top_minus_random,median,3,300,0.14173719058434167,,,,0.11756539862354598,0.16836801893015702
40f,40,40,42,validation,Normal,top_minus_random,median,5,300,0.16530600508054097,,,,0.13796920202672483,0.19318439056227604
40f,40,40,42,validation,Normal,top_minus_random,median,10,300,0.18320912798245748,,,,0.1578651113336285,0.21144059778749943
40f,40,40,42,validation,Normal,top_minus_random,random_row,1,300,0.08754622240861257,,,,0.0682175219754378,0.10761655519406
40f,40,40,42,validation,Normal,top_minus_random,random_row,3,300,0.30650115261475247,,,,0.27006600672503317,0.34428167202323673
40f,40,40,42,validation,Normal,top_minus_random,random_row,5,300,0.39296811978022256,,,,0.3488538793474436,0.43373422010739643
40f,40,40,42,validation,Normal,top_minus_random,random_row,10,300,0.4681178867816925,,,,0.4242715810785691,0.5097276372288664
40f,40,40,42,validation,Overlap-Group-1,top,median,1,300,0.16269372403621674,0.26,0.5012257099151611,0.6041184663772583,,
40f,40,40,42,validation,Overlap-Group-1,top,median,3,300,0.449449360370636,0.9866666666666667,0.5747817158699036,0.6041184663772583,,
40f,40,40,42,validation,Overlap-Group-1,top,median,5,300,0.5303477048873901,0.99,0.6743456125259399,0.6041184663772583,,
40f,40,40,42,validation,Overlap-Group-1,top,median,10,300,0.5515403151512146,1.0,0.7043043375015259,0.6041184663772583,,
40f,40,40,42,validation,Overlap-Group-1,least,median,1,300,-0.00020550152112264186,0.0,0.017918774858117104,0.6041184663772583,,
40f,40,40,42,validation,Overlap-Group-1,least,median,3,300,-0.0010388456284999847,0.0,0.018027879297733307,0.6041184663772583,,
40f,40,40,42,validation,Overlap-Group-1,least,median,5,300,-0.00584337767213583,0.0,0.019530171528458595,0.6041184663772583,,
40f,40,40,42,validation,Overlap-Group-1,least,median,10,300,-0.02900288812816143,0.01,0.027768738567829132,0.6041184663772583,,
40f,40,40,42,validation,Overlap-Group-1,random,median,1,300,0.0146177988499403,0.02666666666666667,0.03213858976960182,0.6041184663772583,,
40f,40,40,42,validation,Overlap-Group-1,random,median,3,300,0.045877840369939804,0.10333333333333333,0.06935503333806992,0.6041184663772583,,
40f,40,40,42,validation,Overlap-Group-1,random,median,5,300,0.0690283477306366,0.14,0.10853388160467148,0.6041184663772583,,
40f,40,40,42,validation,Overlap-Group-1,random,median,10,300,0.12322372198104858,0.2733333333333333,0.17547544836997986,0.6041184663772583,,
40f,40,40,42,validation,Overlap-Group-1,top,random_row,1,300,0.1579093486070633,0.24333333333333335,0.1180991381406784,0.6041184663772583,,
40f,40,40,42,validation,Overlap-Group-1,top,random_row,3,300,0.3998457193374634,0.8366666666666667,0.19538052380084991,0.6041184663772583,,
40f,40,40,42,validation,Overlap-Group-1,top,random_row,5,300,0.4909001290798187,0.9133333333333333,0.3024187386035919,0.6041184663772583,,
40f,40,40,42,validation,Overlap-Group-1,top,random_row,10,300,0.5461844801902771,0.9633333333333334,0.5264180302619934,0.6041184663772583,,
40f,40,40,42,validation,Overlap-Group-1,least,random_row,1,300,0.00013150731683708727,0.0,0.06934158504009247,0.6041184663772583,,
40f,40,40,42,validation,Overlap-Group-1,least,random_row,3,300,-0.001110413926653564,0.0,0.06930418312549591,0.6041184663772583,,
40f,40,40,42,validation,Overlap-Group-1,least,random_row,5,300,-0.004660951439291239,0.006666666666666667,0.06789153069257736,0.6041184663772583,,
40f,40,40,42,validation,Overlap-Group-1,least,random_row,10,300,-0.012424584478139877,0.02666666666666667,0.07056594640016556,0.6041184663772583,,
40f,40,40,42,validation,Overlap-Group-1,random,random_row,1,300,0.02125880867242813,0.03333333333333333,0.07077766954898834,0.6041184663772583,,
40f,40,40,42,validation,Overlap-Group-1,random,random_row,3,300,0.05892227217555046,0.11666666666666667,0.07378171384334564,0.6041184663772583,,
40f,40,40,42,validation,Overlap-Group-1,random,random_row,5,300,0.10216186195611954,0.22333333333333333,0.08413305878639221,0.6041184663772583,,
40f,40,40,42,validation,Overlap-Group-1,random,random_row,10,300,0.19011510908603668,0.4033333333333333,0.12092840671539307,0.6041184663772583,,
40f,40,40,42,validation,Overlap-Group-1,top_minus_random,median,1,300,0.14807592799266178,,,,0.1290356894557675,0.16813249383370082
40f,40,40,42,validation,Overlap-Group-1,top_minus_random,median,3,300,0.40357156773408254,,,,0.386621595295767,0.42013612617055573
40f,40,40,42,validation,Overlap-Group-1,top_minus_random,median,5,300,0.4613193126519521,,,,0.4434360734795531,0.4796283891424537
40f,40,40,42,validation,Overlap-Group-1,top_minus_random,median,10,300,0.4283165699243546,,,,0.4060706519583861,0.4526502052148183
40f,40,40,42,validation,Overlap-Group-1,top_minus_random,random_row,1,300,0.1366505491733551,,,,0.11782571781178316,0.1565066325465838
40f,40,40,42,validation,Overlap-Group-1,top_minus_random,random_row,3,300,0.34092346966266635,,,,0.31815073772519825,0.36215309250851474
40f,40,40,42,validation,Overlap-Group-1,top_minus_random,random_row,5,300,0.38873821864525476,,,,0.3678309776733319,0.4124290941506624
40f,40,40,42,validation,Overlap-Group-1,top_minus_random,random_row,10,300,0.3560693826278051,,,,0.32987786793708807,0.38175160152713455
40f,40,40,42,validation,Reconnaissance,top,median,1,300,0.548988938331604,0.43,0.006145205348730087,0.90712970495224,,
40f,40,40,42,validation,Reconnaissance,top,median,3,300,0.861315906047821,0.9966666666666667,0.11073551326990128,0.90712970495224,,
40f,40,40,42,validation,Reconnaissance,top,median,5,300,0.8851511478424072,1.0,0.4602630138397217,0.90712970495224,,
40f,40,40,42,validation,Reconnaissance,top,median,10,300,0.9005364775657654,1.0,0.7842925786972046,0.90712970495224,,
40f,40,40,42,validation,Reconnaissance,least,median,1,300,1.1693437954818364e-05,0.0,0.0006486789206974208,0.90712970495224,,
40f,40,40,42,validation,Reconnaissance,least,median,3,300,1.1693437954818364e-05,0.0,0.0006486789206974208,0.90712970495224,,
40f,40,40,42,validation,Reconnaissance,least,median,5,300,0.001036501256749034,0.006666666666666667,0.000665253319311887,0.90712970495224,,
40f,40,40,42,validation,Reconnaissance,least,median,10,300,0.008982171304523945,0.02666666666666667,0.0013014469295740128,0.90712970495224,,
40f,40,40,42,validation,Reconnaissance,random,median,1,300,0.03146221488714218,0.03666666666666667,0.0012506259372457862,0.90712970495224,,
40f,40,40,42,validation,Reconnaissance,random,median,3,300,0.1062774807214737,0.11333333333333333,0.003143143840134144,0.90712970495224,,
40f,40,40,42,validation,Reconnaissance,random,median,5,300,0.19710758328437805,0.19666666666666666,0.006321594584733248,0.90712970495224,,
40f,40,40,42,validation,Reconnaissance,random,median,10,300,0.3812617361545563,0.37666666666666665,0.02320336177945137,0.90712970495224,,
40f,40,40,42,validation,Reconnaissance,top,random_row,1,300,0.449515700340271,0.37333333333333335,0.08043882995843887,0.90712970495224,,
40f,40,40,42,validation,Reconnaissance,top,random_row,3,300,0.7939052581787109,0.9233333333333333,0.10093861818313599,0.90712970495224,,
40f,40,40,42,validation,Reconnaissance,top,random_row,5,300,0.8534948825836182,0.9666666666666667,0.24062876403331757,0.90712970495224,,
40f,40,40,42,validation,Reconnaissance,top,random_row,10,300,0.8681260347366333,0.9633333333333334,0.44465506076812744,0.90712970495224,,
40f,40,40,42,validation,Reconnaissance,least,random_row,1,300,1.1693437954818364e-05,0.0,0.07489053159952164,0.90712970495224,,
40f,40,40,42,validation,Reconnaissance,least,random_row,3,300,2.6523073756834492e-05,0.0,0.07489053159952164,0.90712970495224,,
40f,40,40,42,validation,Reconnaissance,least,random_row,5,300,0.0018968858057633042,0.0033333333333333335,0.07474514842033386,0.90712970495224,,
40f,40,40,42,validation,Reconnaissance,least,random_row,10,300,0.034372057765722275,0.07333333333333333,0.07485731691122055,0.90712970495224,,
40f,40,40,42,validation,Reconnaissance,random,random_row,1,300,0.036506932228803635,0.04666666666666667,0.07403822243213654,0.90712970495224,,
40f,40,40,42,validation,Reconnaissance,random,random_row,3,300,0.11172472685575485,0.13333333333333333,0.07342899590730667,0.90712970495224,,
40f,40,40,42,validation,Reconnaissance,random,random_row,5,300,0.21773742139339447,0.24333333333333335,0.07312149554491043,0.90712970495224,,
40f,40,40,42,validation,Reconnaissance,random,random_row,10,300,0.40399742126464844,0.4166666666666667,0.08160371333360672,0.90712970495224,,
40f,40,40,42,validation,Reconnaissance,top_minus_random,median,1,300,0.5175267498691877,,,,0.4973675319030881,0.5375473088175058
40f,40,40,42,validation,Reconnaissance,top_minus_random,median,3,300,0.7550384521484375,,,,0.7233477777416507,0.7830291556194424
40f,40,40,42,validation,Reconnaissance,top_minus_random,median,5,300,0.6880435927708943,,,,0.6520871590251724,0.7217004816681146
40f,40,40,42,validation,Reconnaissance,top_minus_random,median,10,300,0.5192748485008876,,,,0.4798943474764626,0.5621334342584013
40f,40,40,42,validation,Reconnaissance,top_minus_random,random_row,1,300,0.4130087103446325,,,,0.38317162508269154,0.4436694692323605
40f,40,40,42,validation,Reconnaissance,top_minus_random,random_row,3,300,0.6821805373827616,,,,0.6493505752757193,0.7139700152948499
40f,40,40,42,validation,Reconnaissance,top_minus_random,random_row,5,300,0.6357574234406154,,,,0.5975613666748006,0.6716431165014703
40f,40,40,42,validation,Reconnaissance,top_minus_random,random_row,10,300,0.4641286500295003,,,,0.4236135675112407,0.5078200673287113
40f,40,40,42,validation,Unknown,top,median,1,200,0.1856108456850052,0.745,0.3579108715057373,0.4340953826904297,,
40f,40,40,42,validation,Unknown,top,median,3,200,0.29784277081489563,0.96,0.42519858479499817,0.4340953826904297,,
40f,40,40,42,validation,Unknown,top,median,5,200,0.33685943484306335,0.985,0.4649950861930847,0.4340953826904297,,
40f,40,40,42,validation,Unknown,top,median,10,200,0.3743915557861328,0.995,0.5283873677253723,0.4340953826904297,,
40f,40,40,42,validation,Unknown,least,median,1,200,-9.946569480234757e-05,0.0,0.1357107162475586,0.4340953826904297,,
40f,40,40,42,validation,Unknown,least,median,3,200,-0.0013491935096681118,0.0,0.1359403282403946,0.4340953826904297,,
40f,40,40,42,validation,Unknown,least,median,5,200,0.00021265335089992732,0.045,0.1369663029909134,0.4340953826904297,,
40f,40,40,42,validation,Unknown,least,median,10,200,0.01438375934958458,0.275,0.14228516817092896,0.4340953826904297,,
40f,40,40,42,validation,Unknown,random,median,1,200,0.008417931385338306,0.16,0.1489517092704773,0.4340953826904297,,
40f,40,40,42,validation,Unknown,random,median,3,200,0.02965167537331581,0.325,0.15493640303611755,0.4340953826904297,,
40f,40,40,42,validation,Unknown,random,median,5,200,0.05756961181759834,0.41,0.18225376307964325,0.4340953826904297,,
40f,40,40,42,validation,Unknown,random,median,10,200,0.10050411522388458,0.56,0.2075568586587906,0.4340953826904297,,
40f,40,40,42,validation,Unknown,top,random_row,1,200,0.16439343988895416,0.655,0.19507378339767456,0.4340953826904297,,
40f,40,40,42,validation,Unknown,top,random_row,3,200,0.2859296500682831,0.89,0.2453402280807495,0.4340953826904297,,
40f,40,40,42,validation,Unknown,top,random_row,5,200,0.3287813663482666,0.94,0.3055461645126343,0.4340953826904297,,
40f,40,40,42,validation,Unknown,top,random_row,10,200,0.36233460903167725,0.96,0.42898324131965637,0.4340953826904297,,
40f,40,40,42,validation,Unknown,least,random_row,1,200,0.0003714935446623713,0.0,0.165138378739357,0.4340953826904297,,
40f,40,40,42,validation,Unknown,least,random_row,3,200,-0.0027086003683507442,0.0,0.16518311202526093,0.4340953826904297,,
40f,40,40,42,validation,Unknown,least,random_row,5,200,-0.0017056389478966594,0.075,0.1659083515405655,0.4340953826904297,,
40f,40,40,42,validation,Unknown,least,random_row,10,200,0.037718724459409714,0.365,0.17048302292823792,0.4340953826904297,,
40f,40,40,42,validation,Unknown,random,random_row,1,200,0.005559651181101799,0.14,0.1682637631893158,0.4340953826904297,,
40f,40,40,42,validation,Unknown,random,random_row,3,200,0.021342270076274872,0.34,0.16858221590518951,0.4340953826904297,,
40f,40,40,42,validation,Unknown,random,random_row,5,200,0.05049068480730057,0.43,0.17225174605846405,0.4340953826904297,,
40f,40,40,42,validation,Unknown,random,random_row,10,200,0.10006067156791687,0.565,0.18390680849552155,0.4340953826904297,,
40f,40,40,42,validation,Unknown,top_minus_random,median,1,200,0.17719291634857653,,,,0.15566992631927135,0.20030945710651576
40f,40,40,42,validation,Unknown,top_minus_random,median,3,200,0.2681910829246044,,,,0.24520811573415996,0.2900853115804493
40f,40,40,42,validation,Unknown,top_minus_random,median,5,200,0.27928979985415936,,,,0.2534927368853241,0.30368609159626064
40f,40,40,42,validation,Unknown,top_minus_random,median,10,200,0.2738874504715204,,,,0.24280075569078327,0.30449386167153714
40f,40,40,42,validation,Unknown,top_minus_random,random_row,1,200,0.15883379131555558,,,,0.13104784077405932,0.18534179002232848
40f,40,40,42,validation,Unknown,top_minus_random,random_row,3,200,0.26458738289773465,,,,0.2355228078328073,0.2929604826122522
40f,40,40,42,validation,Unknown,top_minus_random,random_row,5,200,0.2782906937599182,,,,0.25100977353379134,0.3072162787299603
40f,40,40,42,validation,Unknown,top_minus_random,random_row,10,200,0.2622739439457655,,,,0.2293409447800368,0.295891349170357
40f,30,30,42,test,all,top,median,1,2000,0.2518312335014343,0.324,0.3049723207950592,0.8026852607727051,,
40f,30,30,42,test,all,top,median,3,2000,0.5257948040962219,0.7515,0.4370734393596649,0.8026852607727051,,
40f,30,30,42,test,all,top,median,5,2000,0.613219141960144,0.8395,0.6183681488037109,0.8026852607727051,,
40f,30,30,42,test,all,top,median,10,2000,0.6755862832069397,0.8885,0.7504764199256897,0.8026852607727051,,
40f,30,30,42,test,all,least,median,1,2000,0.0031266554724425077,0.022,0.17509868741035461,0.8026852607727051,,
40f,30,30,42,test,all,least,median,3,2000,0.008894426748156548,0.051,0.17642518877983093,0.8026852607727051,,
40f,30,30,42,test,all,least,median,5,2000,0.017805475741624832,0.0705,0.17860740423202515,0.8026852607727051,,
40f,30,30,42,test,all,least,median,10,2000,0.037300385534763336,0.124,0.17722834646701813,0.8026852607727051,,
40f,30,30,42,test,all,random,median,1,2000,0.02553454227745533,0.0575,0.18178275227546692,0.8026852607727051,,
40f,30,30,42,test,all,random,median,3,2000,0.08382498472929001,0.158,0.19531601667404175,0.8026852607727051,,
40f,30,30,42,test,all,random,median,5,2000,0.1476181298494339,0.2355,0.21178209781646729,0.8026852607727051,,
40f,30,30,42,test,all,random,median,10,2000,0.3071172535419464,0.4305,0.26970499753952026,0.8026852607727051,,
40f,30,30,42,test,all,top,random_row,1,2000,0.2281133383512497,0.2945,0.1900884360074997,0.8026852607727051,,
40f,30,30,42,test,all,top,random_row,3,2000,0.5147318243980408,0.7105,0.31598442792892456,0.8026852607727051,,
40f,30,30,42,test,all,top,random_row,5,2000,0.6074731349945068,0.8085,0.4376906752586365,0.8026852607727051,,
40f,30,30,42,test,all,top,random_row,10,2000,0.675267219543457,0.883,0.6226192712783813,0.8026852607727051,,
40f,30,30,42,test,all,least,random_row,1,2000,0.0024173527490347624,0.027,0.1650843769311905,0.8026852607727051,,
40f,30,30,42,test,all,least,random_row,3,2000,0.009012030437588692,0.0555,0.1654951274394989,0.8026852607727051,,
40f,30,30,42,test,all,least,random_row,5,2000,0.018538184463977814,0.0885,0.1652790904045105,0.8026852607727051,,
40f,30,30,42,test,all,least,random_row,10,2000,0.059831827878952026,0.1635,0.16651369631290436,0.8026852607727051,,
40f,30,30,42,test,all,random,random_row,1,2000,0.031930938363075256,0.0685,0.16868309676647186,0.8026852607727051,,
40f,30,30,42,test,all,random,random_row,3,2000,0.09524364024400711,0.17,0.1764080822467804,0.8026852607727051,,
40f,30,30,42,test,all,random,random_row,5,2000,0.16165047883987427,0.258,0.19157522916793823,0.8026852607727051,,
40f,30,30,42,test,all,random,random_row,10,2000,0.3313046991825104,0.461,0.24308374524116516,0.8026852607727051,,
40f,30,30,42,test,all,top_minus_random,median,1,2000,0.22629669512063263,,,,0.21544567962251604,0.23809059220422057
40f,30,30,42,test,all,top_minus_random,median,3,2000,0.44196981382369993,,,,0.42737439472358674,0.4562756750402972
40f,30,30,42,test,all,top_minus_random,median,5,2000,0.4656009928509593,,,,0.44970537248179315,0.48024835838917646
40f,30,30,42,test,all,top_minus_random,median,10,2000,0.3684690829887986,,,,0.3546942433075979,0.3822920065576211
40f,30,30,42,test,all,top_minus_random,random_row,1,2000,0.19618238975852728,,,,0.18552458453606813,0.2077771484637633
40f,30,30,42,test,all,top_minus_random,random_row,3,2000,0.41948815575987103,,,,0.40388084690365944,0.4343219607874751
40f,30,30,42,test,all,top_minus_random,random_row,5,2000,0.44582265987992287,,,,0.4308381812734529,0.4606574663577601
40f,30,30,42,test,all,top_minus_random,random_row,10,2000,0.3439625375196338,,,,0.3301072049673647,0.35854554910175507
40f,30,30,42,test,Exploits,top,median,1,300,0.4125675559043884,0.5533333333333333,0.3248162865638733,0.8443796038627625,,
40f,30,30,42,test,Exploits,top,median,3,300,0.6020318269729614,0.8233333333333334,0.5208452343940735,0.8443796038627625,,
40f,30,30,42,test,Exploits,top,median,5,300,0.7228498458862305,0.98,0.6489217281341553,0.8443796038627625,,
40f,30,30,42,test,Exploits,top,median,10,300,0.8015140295028687,1.0,0.8080723881721497,0.8443796038627625,,
40f,30,30,42,test,Exploits,least,median,1,300,-0.0006496604182757437,0.006666666666666667,0.022839216515421867,0.8443796038627625,,
40f,30,30,42,test,Exploits,least,median,3,300,-0.0023893003817647696,0.016666666666666666,0.024543559178709984,0.8443796038627625,,
40f,30,30,42,test,Exploits,least,median,5,300,-0.0018300723750144243,0.016666666666666666,0.028394661843776703,0.8443796038627625,,
40f,30,30,42,test,Exploits,least,median,10,300,-0.008265119977295399,0.016666666666666666,0.03920397907495499,0.8443796038627625,,
40f,30,30,42,test,Exploits,random,median,1,300,0.025925220921635628,0.03666666666666667,0.04212385043501854,0.8443796038627625,,
40f,30,30,42,test,Exploits,random,median,3,300,0.09588397294282913,0.13666666666666666,0.08927055448293686,0.8443796038627625,,
40f,30,30,42,test,Exploits,random,median,5,300,0.16537310183048248,0.21333333333333335,0.1371152549982071,0.8443796038627625,,
40f,30,30,42,test,Exploits,random,median,10,300,0.3051713705062866,0.37,0.2503212094306946,0.8443796038627625,,
40f,30,30,42,test,Exploits,top,random_row,1,300,0.23851735889911652,0.31,0.20383626222610474,0.8443796038627625,,
40f,30,30,42,test,Exploits,top,random_row,3,300,0.38901686668395996,0.49666666666666665,0.2990626096725464,0.8443796038627625,,
40f,30,30,42,test,Exploits,top,random_row,5,300,0.508624255657196,0.63,0.40158385038375854,0.8443796038627625,,
40f,30,30,42,test,Exploits,top,random_row,10,300,0.6487816572189331,0.8,0.6536540389060974,0.8443796038627625,,
40f,30,30,42,test,Exploits,least,random_row,1,300,-0.0019468406680971384,0.0033333333333333335,0.15522000193595886,0.8443796038627625,,
40f,30,30,42,test,Exploits,least,random_row,3,300,0.002868687966838479,0.016666666666666666,0.156119242310524,0.8443796038627625,,
40f,30,30,42,test,Exploits,least,random_row,5,300,0.011926370672881603,0.02666666666666667,0.160312220454216,0.8443796038627625,,
40f,30,30,42,test,Exploits,least,random_row,10,300,0.020029567182064056,0.06,0.1693180799484253,0.8443796038627625,,
40f,30,30,42,test,Exploits,random,random_row,1,300,0.017527904361486435,0.03,0.1652935892343521,0.8443796038627625,,
40f,30,30,42,test,Exploits,random,random_row,3,300,0.06707873940467834,0.09333333333333334,0.18665215373039246,0.8443796038627625,,
40f,30,30,42,test,Exploits,random,random_row,5,300,0.1164194867014885,0.14666666666666667,0.224518284201622,0.8443796038627625,,
40f,30,30,42,test,Exploits,random,random_row,10,300,0.24395813047885895,0.2966666666666667,0.3050898313522339,0.8443796038627625,,
40f,30,30,42,test,Exploits,top_minus_random,median,1,300,0.38664233883221943,,,,0.35525999370217326,0.42002829304089145
40f,30,30,42,test,Exploits,top_minus_random,median,3,300,0.5061478603879611,,,,0.4711944566766421,0.5367265027711788
40f,30,30,42,test,Exploits,top_minus_random,median,5,300,0.5574767355124156,,,,0.5268061011160413,0.5896626298129558
40f,30,30,42,test,Exploits,top_minus_random,median,10,300,0.496342676281929,,,,0.46073007652163506,0.5321941605980197
40f,30,30,42,test,Exploits,top_minus_random,random_row,1,300,0.22098943610986074,,,,0.18891595707585412,0.25524656382203104
40f,30,30,42,test,Exploits,top_minus_random,random_row,3,300,0.3219380986690521,,,,0.2839955467035373,0.35735330961147943
40f,30,30,42,test,Exploits,top_minus_random,random_row,5,300,0.3922047275304794,,,,0.35601939518253006,0.42649745011081297
40f,30,30,42,test,Exploits,top_minus_random,random_row,10,300,0.40482355217138927,,,,0.36974858421832324,0.4435659964258472
40f,30,30,42,test,Fuzzers,top,median,1,300,0.16126520931720734,0.15666666666666668,0.04583815857768059,0.7503032684326172,,
40f,30,30,42,test,Fuzzers,top,median,3,300,0.3461453318595886,0.49666666666666665,0.06617776304483414,0.7503032684326172,,
40f,30,30,42,test,Fuzzers,top,median,5,300,0.5141201019287109,0.82,0.10417413711547852,0.7503032684326172,,
40f,30,30,42,test,Fuzzers,top,median,10,300,0.6800522804260254,1.0,0.35689738392829895,0.7503032684326172,,
40f,30,30,42,test,Fuzzers,least,median,1,300,0.023025166243314743,0.05,0.015605035237967968,0.7503032684326172,,
40f,30,30,42,test,Fuzzers,least,median,3,300,0.05947583541274071,0.1,0.02195560559630394,0.7503032684326172,,
40f,30,30,42,test,Fuzzers,least,median,5,300,0.115940161049366,0.16333333333333333,0.031259357929229736,0.7503032684326172,,
40f,30,30,42,test,Fuzzers,least,median,10,300,0.22187869250774384,0.35333333333333333,0.04823893681168556,0.7503032684326172,,
40f,30,30,42,test,Fuzzers,random,median,1,300,0.03545651584863663,0.06333333333333334,0.019686833024024963,0.7503032684326172,,
40f,30,30,42,test,Fuzzers,random,median,3,300,0.11829887330532074,0.18,0.03202108293771744,0.7503032684326172,,
40f,30,30,42,test,Fuzzers,random,median,5,300,0.21245725452899933,0.31,0.04663459211587906,0.7503032684326172,,
40f,30,30,42,test,Fuzzers,random,median,10,300,0.3915867805480957,0.6,0.10768712311983109,0.7503032684326172,,
40f,30,30,42,test,Fuzzers,top,random_row,1,300,0.25864920020103455,0.32,0.14850454032421112,0.7503032684326172,,
40f,30,30,42,test,Fuzzers,top,random_row,3,300,0.45618343353271484,0.6366666666666667,0.18450316786766052,0.7503032684326172,,
40f,30,30,42,test,Fuzzers,top,random_row,5,300,0.5736010670661926,0.8166666666666667,0.23182812333106995,0.7503032684326172,,
40f,30,30,42,test,Fuzzers,top,random_row,10,300,0.6472206711769104,0.9066666666666666,0.37081146240234375,0.7503032684326172,,
40f,30,30,42,test,Fuzzers,least,random_row,1,300,0.030072076246142387,0.06666666666666667,0.13464827835559845,0.7503032684326172,,
40f,30,30,42,test,Fuzzers,least,random_row,3,300,0.06634347885847092,0.11,0.13367487490177155,0.7503032684326172,,
40f,30,30,42,test,Fuzzers,least,random_row,5,300,0.1112753301858902,0.19333333333333333,0.13137231767177582,0.7503032684326172,,
40f,30,30,42,test,Fuzzers,least,random_row,10,300,0.22343775629997253,0.36333333333333334,0.13185521960258484,0.7503032684326172,,
40f,30,30,42,test,Fuzzers,random,random_row,1,300,0.064079649746418,0.08666666666666667,0.13374653458595276,0.7503032684326172,,
40f,30,30,42,test,Fuzzers,random,random_row,3,300,0.1729125827550888,0.26666666666666666,0.14181670546531677,0.7503032684326172,,
40f,30,30,42,test,Fuzzers,random,random_row,5,300,0.26512813568115234,0.4066666666666667,0.14454995095729828,0.7503032684326172,,
40f,30,30,42,test,Fuzzers,random,random_row,10,300,0.4374750852584839,0.6266666666666667,0.17515984177589417,0.7503032684326172,,
40f,30,30,42,test,Fuzzers,top_minus_random,median,1,300,0.12580870072046915,,,,0.10494295222063861,0.1478044922625025
40f,30,30,42,test,Fuzzers,top_minus_random,median,3,300,0.22784644971291224,,,,0.20041063631822667,0.25386278540889423
40f,30,30,42,test,Fuzzers,top_minus_random,median,5,300,0.3016628099481265,,,,0.27506583753724895,0.3282802131772041
40f,30,30,42,test,Fuzzers,top_minus_random,median,10,300,0.2884654981891314,,,,0.26286791097621126,0.3136512409870823
40f,30,30,42,test,Fuzzers,top_minus_random,random_row,1,300,0.19456953783830008,,,,0.16318470612665018,0.22633867007990677
40f,30,30,42,test,Fuzzers,top_minus_random,random_row,3,300,0.2832708301146825,,,,0.2495747944166263,0.3168172840078672
40f,30,30,42,test,Fuzzers,top_minus_random,random_row,5,300,0.30847293227910993,,,,0.27627824399868645,0.34002667812258003
40f,30,30,42,test,Fuzzers,top_minus_random,random_row,10,300,0.20974560062090555,,,,0.1849156923914949,0.23453622084359327
40f,30,30,42,test,Generic,top,median,1,300,0.09749341011047363,0.07333333333333333,0.013393453322350979,0.980381965637207,,
40f,30,30,42,test,Generic,top,median,3,300,0.8483688235282898,0.9966666666666667,0.4064757525920868,0.980381965637207,,
40f,30,30,42,test,Generic,top,median,5,300,0.9763578176498413,1.0,0.9132615923881531,0.980381965637207,,
40f,30,30,42,test,Generic,top,median,10,300,0.9780929684638977,1.0,0.939483642578125,0.980381965637207,,
40f,30,30,42,test,Generic,least,median,1,300,0.003071656683459878,0.006666666666666667,0.00141530588734895,0.980381965637207,,
40f,30,30,42,test,Generic,least,median,3,300,0.004481720272451639,0.006666666666666667,0.0015587579691782594,0.980381965637207,,
40f,30,30,42,test,Generic,least,median,5,300,0.01099015399813652,0.013333333333333334,0.0016049774130806327,0.980381965637207,,
40f,30,30,42,test,Generic,least,median,10,300,0.019268086180090904,0.02666666666666667,0.0026551398914307356,0.980381965637207,,
40f,30,30,42,test,Generic,random,median,1,300,0.016944706439971924,0.01,0.0027707000263035297,0.980381965637207,,
40f,30,30,42,test,Generic,random,median,3,300,0.07929693907499313,0.056666666666666664,0.008173748850822449,0.980381965637207,,
40f,30,30,42,test,Generic,random,median,5,300,0.1564537137746811,0.10666666666666667,0.024682465940713882,0.980381965637207,,
40f,30,30,42,test,Generic,random,median,10,300,0.42384693026542664,0.36666666666666664,0.13850516080856323,0.980381965637207,,
40f,30,30,42,test,Generic,top,random_row,1,300,0.09795984625816345,0.07,0.03480346128344536,0.980381965637207,,
40f,30,30,42,test,Generic,top,random_row,3,300,0.7993291020393372,0.86,0.36573219299316406,0.980381965637207,,
40f,30,30,42,test,Generic,top,random_row,5,300,0.9452410936355591,0.9866666666666667,0.7232462167739868,0.980381965637207,,
40f,30,30,42,test,Generic,top,random_row,10,300,0.9591735005378723,0.9866666666666667,0.8862618803977966,0.980381965637207,,
40f,30,30,42,test,Generic,least,random_row,1,300,0.0016905870288610458,0.0033333333333333335,0.023351747542619705,0.980381965637207,,
40f,30,30,42,test,Generic,least,random_row,3,300,0.004239869304001331,0.0033333333333333335,0.023261481896042824,0.980381965637207,,
40f,30,30,42,test,Generic,least,random_row,5,300,0.009176359511911869,0.01,0.022388389334082603,0.980381965637207,,
40f,30,30,42,test,Generic,least,random_row,10,300,0.028434740379452705,0.023333333333333334,0.024637043476104736,0.980381965637207,,
40f,30,30,42,test,Generic,random,random_row,1,300,0.018105512484908104,0.013333333333333334,0.02350103110074997,0.980381965637207,,
40f,30,30,42,test,Generic,random,random_row,3,300,0.08445505797863007,0.08,0.02868323028087616,0.980381965637207,,
40f,30,30,42,test,Generic,random,random_row,5,300,0.16085770726203918,0.13,0.039214733988046646,0.980381965637207,,
40f,30,30,42,test,Generic,random,random_row,10,300,0.427315354347229,0.37333333333333335,0.13958841562271118,0.980381965637207,,
40f,30,30,42,test,Generic,top_minus_random,median,1,300,0.08054870744546254,,,,0.05874724179506302,0.10242305501550436
40f,30,30,42,test,Generic,top_minus_random,median,3,300,0.7690718774000803,,,,0.7446884139205018,0.7925018604745467
40f,30,30,42,test,Generic,top_minus_random,median,5,300,0.8199040884772937,,,,0.7901496187075973,0.8483527190287907
40f,30,30,42,test,Generic,top_minus_random,median,10,300,0.5542460217078526,,,,0.5135545304492116,0.5962166443591317
40f,30,30,42,test,Generic,top_minus_random,random_row,1,300,0.07985433727502823,,,,0.0592744108090798,0.09989932001382112
40f,30,30,42,test,Generic,top_minus_random,random_row,3,300,0.7148740813136101,,,,0.6828193220570683,0.7446897782757879
40f,30,30,42,test,Generic,top_minus_random,random_row,5,300,0.7843832633892696,,,,0.7532389573728046,0.8182045928513011
40f,30,30,42,test,Generic,top_minus_random,random_row,10,300,0.5318580500284831,,,,0.49055441495776175,0.5759872814267875
40f,30,30,42,test,Normal,top,median,1,300,0.07058458775281906,0.03666666666666667,0.9286434054374695,0.9426965117454529,,
40f,30,30,42,test,Normal,top,median,3,300,0.12062281370162964,0.09,0.9331012964248657,0.9426965117454529,,
40f,30,30,42,test,Normal,top,median,5,300,0.19199280440807343,0.16,0.9447178244590759,0.9426965117454529,,
40f,30,30,42,test,Normal,top,median,10,300,0.3030373156070709,0.27,0.9648218750953674,0.9426965117454529,,
40f,30,30,42,test,Normal,least,median,1,300,0.0013289118651300669,0.006666666666666667,0.9198482036590576,0.9426965117454529,,
40f,30,30,42,test,Normal,least,median,3,300,0.000552033307030797,0.006666666666666667,0.9025475978851318,0.9426965117454529,,
40f,30,30,42,test,Normal,least,median,5,300,0.0018486934714019299,0.013333333333333334,0.8836596608161926,0.9426965117454529,,
40f,30,30,42,test,Normal,least,median,10,300,-0.0002983616723213345,0.016666666666666666,0.8297908306121826,0.9426965117454529,,
40f,30,30,42,test,Normal,random,median,1,300,0.004879172425717115,0.01,0.9183207154273987,0.9426965117454529,,
40f,30,30,42,test,Normal,random,median,3,300,0.015031776390969753,0.03,0.8951515555381775,0.9426965117454529,,
40f,30,30,42,test,Normal,random,median,5,300,0.043108947575092316,0.05,0.8747180104255676,0.9426965117454529,,
40f,30,30,42,test,Normal,random,median,10,300,0.09822870790958405,0.09666666666666666,0.8477981686592102,0.9426965117454529,,
40f,30,30,42,test,Normal,top,random_row,1,300,0.08035915344953537,0.08,0.5365397334098816,0.9426965117454529,,
40f,30,30,42,test,Normal,top,random_row,3,300,0.29175835847854614,0.32,0.7291496992111206,0.9426965117454529,,
40f,30,30,42,test,Normal,top,random_row,5,300,0.4064856469631195,0.43,0.7882930636405945,0.9426965117454529,,
40f,30,30,42,test,Normal,top,random_row,10,300,0.557645857334137,0.64,0.8975048661231995,0.9426965117454529,,
40f,30,30,42,test,Normal,least,random_row,1,300,0.0022826024796813726,0.01,0.49278929829597473,0.9426965117454529,,
40f,30,30,42,test,Normal,least,random_row,3,300,0.006818655412644148,0.02,0.49500295519828796,0.9426965117454529,,
40f,30,30,42,test,Normal,least,random_row,5,300,0.008253496140241623,0.023333333333333334,0.4912335276603699,0.9426965117454529,,
40f,30,30,42,test,Normal,least,random_row,10,300,0.02788189798593521,0.06,0.48487794399261475,0.9426965117454529,,
40f,30,30,42,test,Normal,random,random_row,1,300,0.012434960342943668,0.023333333333333334,0.506872296333313,0.9426965117454529,,
40f,30,30,42,test,Normal,random,random_row,3,300,0.04291295260190964,0.06666666666666667,0.5263330340385437,0.9426965117454529,,
40f,30,30,42,test,Normal,random,random_row,5,300,0.07588788121938705,0.08666666666666667,0.553187370300293,0.9426965117454529,,
40f,30,30,42,test,Normal,random,random_row,10,300,0.17136311531066895,0.19333333333333333,0.5930322408676147,0.9426965117454529,,
40f,30,30,42,test,Normal,top_minus_random,median,1,300,0.06570541352033615,,,,0.051650301871200406,0.08184346685310205
40f,30,30,42,test,Normal,top_minus_random,median,3,300,0.10559102594852447,,,,0.0871875346476833,0.12417666811744371
40f,30,30,42,test,Normal,top_minus_random,median,5,300,0.1488838612039884,,,,0.1250238056704402,0.17048657630880673
40f,30,30,42,test,Normal,top_minus_random,median,10,300,0.20480859518051148,,,,0.1798366249973575,0.22805498130371174
40f,30,30,42,test,Normal,top_minus_random,random_row,1,300,0.06792419612407684,,,,0.049757395495971045,0.08573312472055356
40f,30,30,42,test,Normal,top_minus_random,random_row,3,300,0.24884542713562646,,,,0.21336173631002509,0.28327431179831425
40f,30,30,42,test,Normal,top_minus_random,random_row,5,300,0.33059774508078893,,,,0.28995895870526633,0.3700192538574338
40f,30,30,42,test,Normal,top_minus_random,random_row,10,300,0.3862827916940053,,,,0.3428868411059181,0.43080895590037105
40f,30,30,42,test,Overlap-Group-1,top,median,1,300,0.20196960866451263,0.32666666666666666,0.4762757420539856,0.6263068914413452,,
40f,30,30,42,test,Overlap-Group-1,top,median,3,300,0.5287931561470032,0.9566666666666667,0.587378740310669,0.6263068914413452,,
40f,30,30,42,test,Overlap-Group-1,top,median,5,300,0.5682591199874878,0.9866666666666667,0.6522629857063293,0.6263068914413452,,
40f,30,30,42,test,Overlap-Group-1,top,median,10,300,0.5872431993484497,1.0,0.6966895461082458,0.6263068914413452,,
40f,30,30,42,test,Overlap-Group-1,least,median,1,300,-0.010537945665419102,0.0,0.047061145305633545,0.6263068914413452,,
40f,30,30,42,test,Overlap-Group-1,least,median,3,300,-0.01853196881711483,0.01,0.06382106989622116,0.6263068914413452,,
40f,30,30,42,test,Overlap-Group-1,least,median,5,300,-0.03475019335746765,0.03,0.08309637010097504,0.6263068914413452,,
40f,30,30,42,test,Overlap-Group-1,least,median,10,300,-0.054411984980106354,0.04666666666666667,0.09445677697658539,0.6263068914413452,,
40f,30,30,42,test,Overlap-Group-1,random,median,1,300,0.03655670955777168,0.09,0.06052170321345329,0.6263068914413452,,
40f,30,30,42,test,Overlap-Group-1,random,median,3,300,0.09120731055736542,0.20333333333333334,0.1025034561753273,0.6263068914413452,,
40f,30,30,42,test,Overlap-Group-1,random,median,5,300,0.12931853532791138,0.2833333333333333,0.14242137968540192,0.6263068914413452,,
40f,30,30,42,test,Overlap-Group-1,random,median,10,300,0.2073550969362259,0.4166666666666667,0.21649223566055298,0.6263068914413452,,
40f,30,30,42,test,Overlap-Group-1,top,random_row,1,300,0.19092243909835815,0.26666666666666666,0.10769516229629517,0.6263068914413452,,
40f,30,30,42,test,Overlap-Group-1,top,random_row,3,300,0.4813896119594574,0.9,0.21607619524002075,0.6263068914413452,,
40f,30,30,42,test,Overlap-Group-1,top,random_row,5,300,0.5447788834571838,0.9566666666666667,0.3113943338394165,0.6263068914413452,,
40f,30,30,42,test,Overlap-Group-1,top,random_row,10,300,0.5826519727706909,0.9733333333333334,0.5617424249649048,0.6263068914413452,,
40f,30,30,42,test,Overlap-Group-1,least,random_row,1,300,-0.019746748730540276,0.0033333333333333335,0.06878211349248886,0.6263068914413452,,
40f,30,30,42,test,Overlap-Group-1,least,random_row,3,300,-0.03772721812129021,0.013333333333333334,0.06887644529342651,0.6263068914413452,,
40f,30,30,42,test,Overlap-Group-1,least,random_row,5,300,-0.0522884875535965,0.03333333333333333,0.072384312748909,0.6263068914413452,,
40f,30,30,42,test,Overlap-Group-1,least,random_row,10,300,-0.04508763924241066,0.07666666666666666,0.07140742987394333,0.6263068914413452,,
40f,30,30,42,test,Overlap-Group-1,random,random_row,1,300,0.03532171994447708,0.07666666666666666,0.07010414451360703,0.6263068914413452,,
40f,30,30,42,test,Overlap-Group-1,random,random_row,3,300,0.08439002931118011,0.16,0.07422779500484467,0.6263068914413452,,
40f,30,30,42,test,Overlap-Group-1,random,random_row,5,300,0.14206023514270782,0.2966666666666667,0.08893729001283646,0.6263068914413452,,
40f,30,30,42,test,Overlap-Group-1,random,random_row,10,300,0.2659132480621338,0.5366666666666666,0.14017266035079956,0.6263068914413452,,
40f,30,30,42,test,Overlap-Group-1,top_minus_random,median,1,300,0.1654129006465276,,,,0.14401952575395507,0.1846657034109036
40f,30,30,42,test,Overlap-Group-1,top_minus_random,median,3,300,0.4375859025120735,,,,0.4155503260269761,0.46196050050357973
40f,30,30,42,test,Overlap-Group-1,top_minus_random,median,5,300,0.43894055366516116,,,,0.4114829412649075,0.4632971069936951
40f,30,30,42,test,Overlap-Group-1,top_minus_random,median,10,300,0.3798880917827288,,,,0.35146209671348333,0.4080458839113514
40f,30,30,42,test,Overlap-Group-1,top_minus_random,random_row,1,300,0.15560071965058644,,,,0.13424598877131938,0.1760235196004311
40f,30,30,42,test,Overlap-Group-1,top_minus_random,random_row,3,300,0.39699957499901456,,,,0.37082842328151067,0.4211833740497629
40f,30,30,42,test,Overlap-Group-1,top_minus_random,random_row,5,300,0.40271868934233984,,,,0.37586371550460657,0.4282398351679245
40f,30,30,42,test,Overlap-Group-1,top_minus_random,random_row,10,300,0.3167387283841769,,,,0.2900764972319206,0.34469141125927366
40f,30,30,42,test,Reconnaissance,top,median,1,300,0.6164289116859436,0.5033333333333333,0.011947368271648884,0.9239239692687988,,
40f,30,30,42,test,Reconnaissance,top,median,3,300,0.8753672242164612,0.9966666666666667,0.13364504277706146,0.9239239692687988,,
40f,30,30,42,test,Reconnaissance,top,median,5,300,0.9040521383285522,1.0,0.5527851581573486,0.9239239692687988,,
40f,30,30,42,test,Reconnaissance,top,median,10,300,0.9158040285110474,1.0,0.8510416746139526,0.9239239692687988,,
40f,30,30,42,test,Reconnaissance,least,median,1,300,0.00017223149188794196,0.0033333333333333335,0.0013538014609366655,0.9239239692687988,,
40f,30,30,42,test,Reconnaissance,least,median,3,300,0.001675924053415656,0.01,0.001677743624895811,0.9239239692687988,,
40f,30,30,42,test,Reconnaissance,least,median,5,300,0.009582445956766605,0.016666666666666666,0.0021806068252772093,0.9239239692687988,,
40f,30,30,42,test,Reconnaissance,least,median,10,300,0.05749627575278282,0.08,0.005063073709607124,0.9239239692687988,,
40f,30,30,42,test,Reconnaissance,random,median,1,300,0.03479505702853203,0.03666666666666667,0.0022099732886999846,0.9239239692687988,,
40f,30,30,42,test,Reconnaissance,random,median,3,300,0.11908126622438431,0.11,0.004892447497695684,0.9239239692687988,,
40f,30,30,42,test,Reconnaissance,random,median,5,300,0.2269102931022644,0.23666666666666666,0.013247588649392128,0.9239239692687988,,
40f,30,30,42,test,Reconnaissance,random,median,10,300,0.5355103015899658,0.5666666666666667,0.050132106989622116,0.9239239692687988,,
40f,30,30,42,test,Reconnaissance,top,random_row,1,300,0.5394238233566284,0.4666666666666667,0.06875508278608322,0.9239239692687988,,
40f,30,30,42,test,Reconnaissance,top,random_row,3,300,0.8310368657112122,0.93,0.11848685890436172,0.9239239692687988,,
40f,30,30,42,test,Reconnaissance,top,random_row,5,300,0.8681768774986267,0.9633333333333334,0.2383042722940445,0.9239239692687988,,
40f,30,30,42,test,Reconnaissance,top,random_row,10,300,0.876396894454956,0.9566666666666667,0.468520849943161,0.9239239692687988,,
40f,30,30,42,test,Reconnaissance,least,random_row,1,300,0.00013634751667268574,0.0,0.06588096171617508,0.9239239692687988,,
40f,30,30,42,test,Reconnaissance,least,random_row,3,300,0.006059899460524321,0.013333333333333334,0.06587201356887817,0.9239239692687988,,
40f,30,30,42,test,Reconnaissance,least,random_row,5,300,0.018806390464305878,0.03666666666666667,0.06392326205968857,0.9239239692687988,,
40f,30,30,42,test,Reconnaissance,least,random_row,10,300,0.1138278990983963,0.15666666666666668,0.06422136723995209,0.9239239692687988,,
40f,30,30,42,test,Reconnaissance,random,random_row,1,300,0.04224294796586037,0.03666666666666667,0.06226830929517746,0.9239239692687988,,
40f,30,30,42,test,Reconnaissance,random,random_row,3,300,0.13772186636924744,0.12,0.05736648663878441,0.9239239692687988,,
40f,30,30,42,test,Reconnaissance,random,random_row,5,300,0.25819098949432373,0.25666666666666665,0.06133642792701721,0.9239239692687988,,
40f,30,30,42,test,Reconnaissance,random,random_row,10,300,0.5642532110214233,0.5733333333333334,0.08067285269498825,0.9239239692687988,,
40f,30,30,42,test,Reconnaissance,top_minus_random,median,1,300,0.5816338635484377,,,,0.5648794582337141,0.5990999669979016
40f,30,30,42,test,Reconnaissance,top_minus_random,median,3,300,0.7562860227624575,,,,0.727498166906337,0.7860610359087586
40f,30,30,42,test,Reconnaissance,top_minus_random,median,5,300,0.6771418691674869,,,,0.6375887981802226,0.7136308443819483
40f,30,30,42,test,Reconnaissance,top_minus_random,median,10,300,0.3802937916914622,,,,0.34130551781008645,0.4227799422815442
40f,30,30,42,test,Reconnaissance,top_minus_random,random_row,1,300,0.49718088577191033,,,,0.4695554787665606,0.5251340136478345
40f,30,30,42,test,Reconnaissance,top_minus_random,random_row,3,300,0.6933150560657183,,,,0.6636033491144577,0.7251958138818542
40f,30,30,42,test,Reconnaissance,top_minus_random,random_row,5,300,0.609985892077287,,,,0.5685916388481855,0.6514986362606286
40f,30,30,42,test,Reconnaissance,top_minus_random,random_row,10,300,0.3121437285343806,,,,0.26890649102876585,0.3527148005465666
40f,30,30,42,test,Unknown,top,median,1,200,0.17784841358661652,0.765,0.34835144877433777,0.42486435174942017,,
40f,30,30,42,test,Unknown,top,median,3,200,0.27595409750938416,0.975,0.39929839968681335,0.42486435174942017,,
40f,30,30,42,test,Unknown,top,median,5,200,0.31574371457099915,0.975,0.45949679613113403,0.42486435174942017,,
40f,30,30,42,test,Unknown,top,median,10,200,0.35724762082099915,0.98,0.5792545676231384,0.42486435174942017,,
40f,30,30,42,test,Unknown,least,median,1,200,0.006651013623923063,0.11,0.2388027310371399,0.42486435174942017,,
40f,30,30,42,test,Unknown,least,median,3,200,0.021047884598374367,0.285,0.24009548127651215,0.42486435174942017,,
40f,30,30,42,test,Unknown,least,median,5,200,0.02538296766579151,0.325,0.2407805621623993,0.42486435174942017,,
40f,30,30,42,test,Unknown,least,median,10,200,0.019502446055412292,0.43,0.24317032098770142,0.42486435174942017,,
40f,30,30,42,test,Unknown,random,median,1,200,0.02350936457514763,0.205,0.24937662482261658,0.42486435174942017,,
40f,30,30,42,test,Unknown,random,median,3,200,0.06004965677857399,0.505,0.255141019821167,0.42486435174942017,,
40f,30,30,42,test,Unknown,random,median,5,200,0.07574865967035294,0.555,0.25959208607673645,0.42486435174942017,,
40f,30,30,42,test,Unknown,random,median,10,200,0.12862378358840942,0.68,0.28064587712287903,0.42486435174942017,,
40f,30,30,42,test,Unknown,top,random_row,1,200,0.1723855584859848,0.675,0.2506830394268036,0.42486435174942017,,
40f,30,30,42,test,Unknown,top,random_row,3,200,0.274246484041214,0.89,0.2903285026550293,0.42486435174942017,,
40f,30,30,42,test,Unknown,top,random_row,5,200,0.30436989665031433,0.91,0.33493176102638245,0.42486435174942017,,
40f,30,30,42,test,Unknown,top,random_row,10,200,0.34486618638038635,0.935,0.4684494137763977,0.42486435174942017,,
40f,30,30,42,test,Unknown,least,random_row,1,200,0.0054414961487054825,0.14,0.23983530700206757,0.42486435174942017,,
40f,30,30,42,test,Unknown,least,random_row,3,200,0.017215251922607422,0.29,0.24074077606201172,0.42486435174942017,,
40f,30,30,42,test,Unknown,least,random_row,5,200,0.024657651782035828,0.4,0.240369975566864,0.42486435174942017,,
40f,30,30,42,test,Unknown,least,random_row,10,200,0.04553197696805,0.525,0.24566131830215454,0.42486435174942017,,
40f,30,30,42,test,Unknown,random,random_row,1,200,0.034740325063467026,0.285,0.24415187537670135,0.42486435174942017,,
40f,30,30,42,test,Unknown,random,random_row,3,200,0.068229541182518,0.52,0.24146156013011932,0.42486435174942017,,
40f,30,30,42,test,Unknown,random,random_row,5,200,0.08868817985057831,0.595,0.2481362223625183,0.42486435174942017,,
40f,30,30,42,test,Unknown,random,random_row,10,200,0.14762946963310242,0.71,0.28026360273361206,0.42486435174942017,,
40f,30,30,42,test,Unknown,top_minus_random,median,1,200,0.1543390641361475,,,,0.13013322659395635,0.1785466063991189
40f,30,30,42,test,Unknown,top_minus_random,median,3,200,0.2159044301509857,,,,0.19026685629598797,0.24359701178967952
40f,30,30,42,test,Unknown,top_minus_random,median,5,200,0.23999505154788495,,,,0.21242501611635092,0.2692813834380358
40f,30,30,42,test,Unknown,top_minus_random,median,10,200,0.22862381763756276,,,,0.19405786271207034,0.26379584130644795
40f,30,30,42,test,Unknown,top_minus_random,random_row,1,200,0.13764522843062876,,,,0.11039555183239283,0.1625255092214793
40f,30,30,42,test,Unknown,top_minus_random,random_row,3,200,0.20601695515215396,,,,0.17641645544767381,0.23630118649452925
40f,30,30,42,test,Unknown,top_minus_random,random_row,5,200,0.21568172425031662,,,,0.18371862919814885,0.24824621769413352
40f,30,30,42,test,Unknown,top_minus_random,random_row,10,200,0.19723669804632663,,,,0.16569495275989174,0.2313151774238795
40f,30,30,42,validation,all,top,median,1,2000,0.2553779184818268,0.3415,0.31903257966041565,0.7985923886299133,,
40f,30,30,42,validation,all,top,median,3,2000,0.5174528956413269,0.7555,0.4719162583351135,0.7985923886299133,,
40f,30,30,42,validation,all,top,median,5,2000,0.6082738041877747,0.8465,0.6312381029129028,0.7985923886299133,,
40f,30,30,42,validation,all,top,median,10,2000,0.6640366911888123,0.887,0.7512614130973816,0.7985923886299133,,
40f,30,30,42,validation,all,least,median,1,2000,0.0010243101278319955,0.0185,0.16850979626178741,0.7985923886299133,,
40f,30,30,42,validation,all,least,median,3,2000,0.007751211989670992,0.052,0.17139479517936707,0.7985923886299133,,
40f,30,30,42,validation,all,least,median,5,2000,0.010554970242083073,0.067,0.17382930219173431,0.7985923886299133,,
40f,30,30,42,validation,all,least,median,10,2000,0.02757434733211994,0.1045,0.1750732958316803,0.7985923886299133,,
40f,30,30,42,validation,all,random,median,1,2000,0.026739448308944702,0.0655,0.17498432099819183,0.7985923886299133,,
40f,30,30,42,validation,all,random,median,3,2000,0.08354899287223816,0.1465,0.193709596991539,0.7985923886299133,,
40f,30,30,42,validation,all,random,median,5,2000,0.14174890518188477,0.2295,0.21595662832260132,0.7985923886299133,,
40f,30,30,42,validation,all,random,median,10,2000,0.2852817177772522,0.397,0.2804454267024994,0.7985923886299133,,
40f,30,30,42,validation,all,top,random_row,1,2000,0.22406485676765442,0.3075,0.19738690555095673,0.7985923886299133,,
40f,30,30,42,validation,all,top,random_row,3,2000,0.5053443908691406,0.71,0.340872198343277,0.7985923886299133,,
40f,30,30,42,validation,all,top,random_row,5,2000,0.5980204343795776,0.8035,0.4655000567436218,0.7985923886299133,,
40f,30,30,42,validation,all,top,random_row,10,2000,0.6631903648376465,0.872,0.6366904973983765,0.7985923886299133,,
40f,30,30,42,validation,all,least,random_row,1,2000,-0.00021042140724603087,0.0235,0.16914904117584229,0.7985923886299133,,
40f,30,30,42,validation,all,least,random_row,3,2000,0.004346919246017933,0.065,0.16961978375911713,0.7985923886299133,,
40f,30,30,42,validation,all,least,random_row,5,2000,0.012009683065116405,0.091,0.17069168388843536,0.7985923886299133,,
40f,30,30,42,validation,all,least,random_row,10,2000,0.05092959478497505,0.147,0.17254219949245453,0.7985923886299133,,
40f,30,30,42,validation,all,random,random_row,1,2000,0.028868762776255608,0.0685,0.17226575314998627,0.7985923886299133,,
40f,30,30,42,validation,all,random,random_row,3,2000,0.0938933864235878,0.1645,0.1839645653963089,0.7985923886299133,,
40f,30,30,42,validation,all,random,random_row,5,2000,0.15435077250003815,0.2435,0.19542866945266724,0.7985923886299133,,
40f,30,30,42,validation,all,random,random_row,10,2000,0.30668872594833374,0.4395,0.2535824775695801,0.7985923886299133,,
40f,30,30,42,validation,all,top_minus_random,median,1,2000,0.22863848465681075,,,,0.2162337226798758,0.24140569367501885
40f,30,30,42,validation,all,top_minus_random,median,3,2000,0.4339039186090231,,,,0.4198915299460292,0.44711480344925075
40f,30,30,42,validation,all,top_minus_random,median,5,2000,0.46652492332458495,,,,0.4515317293891683,0.48152797494102273
40f,30,30,42,validation,all,top_minus_random,median,10,2000,0.37875497396290303,,,,0.36465067095942794,0.3917785658175126
40f,30,30,42,validation,all,top_minus_random,random_row,1,2000,0.19519609889388084,,,,0.18427321964912116,0.2074542224742472
40f,30,30,42,validation,all,top_minus_random,random_row,3,2000,0.4114510258510709,,,,0.39654691805019976,0.42553574747387324
40f,30,30,42,validation,all,top_minus_random,random_row,5,2000,0.44366967589408157,,,,0.4279410586325452,0.45987396967243405
40f,30,30,42,validation,all,top_minus_random,random_row,10,2000,0.3565016437843442,,,,0.34178746990039943,0.3716844805026427
40f,30,30,42,validation,Exploits,top,median,1,300,0.41236060857772827,0.52,0.29000917077064514,0.8777679204940796,,
40f,30,30,42,validation,Exploits,top,median,3,300,0.5924322605133057,0.7566666666666667,0.5057759881019592,0.8777679204940796,,
40f,30,30,42,validation,Exploits,top,median,5,300,0.732795774936676,0.9366666666666666,0.6383084058761597,0.8777679204940796,,
40f,30,30,42,validation,Exploits,top,median,10,300,0.8230519890785217,0.99,0.8122577667236328,0.8777679204940796,,
40f,30,30,42,validation,Exploits,least,median,1,300,-0.0017463798867538571,0.0,0.022463088855147362,0.8777679204940796,,
40f,30,30,42,validation,Exploits,least,median,3,300,-0.004173467867076397,0.013333333333333334,0.02538607269525528,0.8777679204940796,,
40f,30,30,42,validation,Exploits,least,median,5,300,-0.007279183249920607,0.0033333333333333335,0.032100096344947815,0.8777679204940796,,
40f,30,30,42,validation,Exploits,least,median,10,300,-0.0031012985855340958,0.006666666666666667,0.04926484450697899,0.8777679204940796,,
40f,30,30,42,validation,Exploits,random,median,1,300,0.04113376885652542,0.05,0.04787927120923996,0.8777679204940796,,
40f,30,30,42,validation,Exploits,random,median,3,300,0.10114327073097229,0.09333333333333334,0.09394120424985886,0.8777679204940796,,
40f,30,30,42,validation,Exploits,random,median,5,300,0.16661402583122253,0.16333333333333333,0.14479416608810425,0.8777679204940796,,
40f,30,30,42,validation,Exploits,random,median,10,300,0.32532110810279846,0.3466666666666667,0.2533791661262512,0.8777679204940796,,
40f,30,30,42,validation,Exploits,top,random_row,1,300,0.22506259381771088,0.27666666666666667,0.21114185452461243,0.8777679204940796,,
40f,30,30,42,validation,Exploits,top,random_row,3,300,0.36540329456329346,0.42333333333333334,0.33259373903274536,0.8777679204940796,,
40f,30,30,42,validation,Exploits,top,random_row,5,300,0.4806455969810486,0.5733333333333334,0.4328332543373108,0.8777679204940796,,
40f,30,30,42,validation,Exploits,top,random_row,10,300,0.6429229974746704,0.7466666666666667,0.661537766456604,0.8777679204940796,,
40f,30,30,42,validation,Exploits,least,random_row,1,300,0.0020430374424904585,0.0033333333333333335,0.17786437273025513,0.8777679204940796,,
40f,30,30,42,validation,Exploits,least,random_row,3,300,-0.00030086765764281154,0.006666666666666667,0.1800769865512848,0.8777679204940796,,
40f,30,30,42,validation,Exploits,least,random_row,5,300,0.0016690262127667665,0.01,0.18855305016040802,0.8777679204940796,,
40f,30,30,42,validation,Exploits,least,random_row,10,300,0.02561146393418312,0.02666666666666667,0.20006594061851501,0.8777679204940796,,
40f,30,30,42,validation,Exploits,random,random_row,1,300,0.032809436321258545,0.04,0.1848936527967453,0.8777679204940796,,
40f,30,30,42,validation,Exploits,random,random_row,3,300,0.08853242546319962,0.07333333333333333,0.2098817378282547,0.8777679204940796,,
40f,30,30,42,validation,Exploits,random,random_row,5,300,0.1339956372976303,0.12333333333333334,0.23967979848384857,0.8777679204940796,,
40f,30,30,42,validation,Exploits,random,random_row,10,300,0.25439879298210144,0.27666666666666667,0.34019017219543457,0.8777679204940796,,
40f,30,30,42,validation,Exploits,top_minus_random,median,1,300,0.37122681180636086,,,,0.3353149142613014,0.40667164824654656
40f,30,30,42,validation,Exploits,top_minus_random,median,3,300,0.49128897577524183,,,,0.46435604995240765,0.5197349117795627
40f,30,30,42,validation,Exploits,top_minus_random,median,5,300,0.5661817772189776,,,,0.5319763431126873,0.6002837233046691
40f,30,30,42,validation,Exploits,top_minus_random,median,10,300,0.49773091872533165,,,,0.4606773069724441,0.5338098714351655
40f,30,30,42,validation,Exploits,top_minus_random,random_row,1,300,0.19225315888722738,,,,0.15862250812351705,0.22594515770177045
40f,30,30,42,validation,Exploits,top_minus_random,random_row,3,300,0.2768708855907122,,,,0.24434322004765271,0.31151468937347326
40f,30,30,42,validation,Exploits,top_minus_random,random_row,5,300,0.34664995123942693,,,,0.31269671403865024,0.3831050977036357
40f,30,30,42,validation,Exploits,top_minus_random,random_row,10,300,0.38852414826552073,,,,0.3535280955160658,0.4236986459518472
40f,30,30,42,validation,Fuzzers,top,median,1,300,0.18532364070415497,0.21333333333333335,0.04222595691680908,0.7555818557739258,,
40f,30,30,42,validation,Fuzzers,top,median,3,300,0.3574800491333008,0.4866666666666667,0.06228013336658478,0.7555818557739258,,
40f,30,30,42,validation,Fuzzers,top,median,5,300,0.5264235734939575,0.84,0.09521935135126114,0.7555818557739258,,
40f,30,30,42,validation,Fuzzers,top,median,10,300,0.6880055665969849,0.9966666666666667,0.3577677011489868,0.7555818557739258,,
40f,30,30,42,validation,Fuzzers,least,median,1,300,0.024245386943221092,0.04,0.016350077465176582,0.7555818557739258,,
40f,30,30,42,validation,Fuzzers,least,median,3,300,0.07043194770812988,0.10666666666666667,0.02243778109550476,0.7555818557739258,,
40f,30,30,42,validation,Fuzzers,least,median,5,300,0.11188288033008575,0.15333333333333332,0.028738949447870255,0.7555818557739258,,
40f,30,30,42,validation,Fuzzers,least,median,10,300,0.1874474138021469,0.25333333333333335,0.04373247176408768,0.7555818557739258,,
40f,30,30,42,validation,Fuzzers,random,median,1,300,0.041186071932315826,0.06666666666666667,0.01750258356332779,0.7555818557739258,,
40f,30,30,42,validation,Fuzzers,random,median,3,300,0.13761624693870544,0.21333333333333335,0.034284744411706924,0.7555818557739258,,
40f,30,30,42,validation,Fuzzers,random,median,5,300,0.20613111555576324,0.3233333333333333,0.05140889808535576,0.7555818557739258,,
40f,30,30,42,validation,Fuzzers,random,median,10,300,0.38423189520835876,0.58,0.10035046935081482,0.7555818557739258,,
40f,30,30,42,validation,Fuzzers,top,random_row,1,300,0.29635030031204224,0.38,0.1561732441186905,0.7555818557739258,,
40f,30,30,42,validation,Fuzzers,top,random_row,3,300,0.48377615213394165,0.67,0.2089620977640152,0.7555818557739258,,
40f,30,30,42,validation,Fuzzers,top,random_row,5,300,0.5904644727706909,0.8,0.25626131892204285,0.7555818557739258,,
40f,30,30,42,validation,Fuzzers,top,random_row,10,300,0.6568002700805664,0.9,0.3788670301437378,0.7555818557739258,,
40f,30,30,42,validation,Fuzzers,least,random_row,1,300,0.01886500045657158,0.04,0.15201126039028168,0.7555818557739258,,
40f,30,30,42,validation,Fuzzers,least,random_row,3,300,0.06450219452381134,0.12,0.15222828090190887,0.7555818557739258,,
40f,30,30,42,validation,Fuzzers,least,random_row,5,300,0.11084511131048203,0.19333333333333333,0.14821836352348328,0.7555818557739258,,
40f,30,30,42,validation,Fuzzers,least,random_row,10,300,0.21485862135887146,0.35333333333333333,0.14957614243030548,0.7555818557739258,,
40f,30,30,42,validation,Fuzzers,random,random_row,1,300,0.04716068133711815,0.08,0.1526457667350769,0.7555818557739258,,
40f,30,30,42,validation,Fuzzers,random,random_row,3,300,0.1536300629377365,0.23333333333333334,0.15363377332687378,0.7555818557739258,,
40f,30,30,42,validation,Fuzzers,random,random_row,5,300,0.23665302991867065,0.33666666666666667,0.1529996544122696,0.7555818557739258,,
40f,30,30,42,validation,Fuzzers,random,random_row,10,300,0.41677361726760864,0.63,0.17511780560016632,0.7555818557739258,,
40f,30,30,42,validation,Fuzzers,top_minus_random,median,1,300,0.1441375630100568,,,,0.11974489885568619,0.1697701009164254
40f,30,30,42,validation,Fuzzers,top_minus_random,median,3,300,0.2198638320962588,,,,0.1905909966727098,0.24742924773941435
40f,30,30,42,validation,Fuzzers,top_minus_random,median,5,300,0.32029243459304174,,,,0.2958238220984737,0.34734382170687117
40f,30,30,42,validation,Fuzzers,top_minus_random,median,10,300,0.30377366254727045,,,,0.27786675227433444,0.33052666659653185
40f,30,30,42,validation,Fuzzers,top_minus_random,random_row,1,300,0.24918962130943934,,,,0.21515736723442874,0.28485181150088706
40f,30,30,42,validation,Fuzzers,top_minus_random,random_row,3,300,0.3301460964481036,,,,0.2915330979377031,0.3668522767896453
40f,30,30,42,validation,Fuzzers,top_minus_random,random_row,5,300,0.3538114821910858,,,,0.31829985785484316,0.3871416301652789
40f,30,30,42,validation,Fuzzers,top_minus_random,random_row,10,300,0.2400266400973002,,,,0.20955285722513994,0.2681136147802075
40f,30,30,42,validation,Generic,top,median,1,300,0.06765766441822052,0.07333333333333333,0.015239836648106575,0.9736610054969788,,
40f,30,30,42,validation,Generic,top,median,3,300,0.7991747260093689,0.9966666666666667,0.5213649272918701,0.9736610054969788,,
40f,30,30,42,validation,Generic,top,median,5,300,0.9702325463294983,1.0,0.9159342646598816,0.9736610054969788,,
40f,30,30,42,validation,Generic,top,median,10,300,0.9718475341796875,1.0,0.9425283074378967,0.9736610054969788,,
40f,30,30,42,validation,Generic,least,median,1,300,-0.0002732090069912374,0.0,0.001389340148307383,0.9736610054969788,,
40f,30,30,42,validation,Generic,least,median,3,300,0.00019166608399245888,0.006666666666666667,0.0015811234479770064,0.9736610054969788,,
40f,30,30,42,validation,Generic,least,median,5,300,0.003353455802425742,0.01,0.0015606278320774436,0.9736610054969788,,
40f,30,30,42,validation,Generic,least,median,10,300,0.014157857745885849,0.02,0.0024468651972711086,0.9736610054969788,,
40f,30,30,42,validation,Generic,random,median,1,300,0.012092269957065582,0.01,0.0029969087336212397,0.9736610054969788,,
40f,30,30,42,validation,Generic,random,median,3,300,0.06095787137746811,0.03666666666666667,0.014643538743257523,0.9736610054969788,,
40f,30,30,42,validation,Generic,random,median,5,300,0.1357644945383072,0.10666666666666667,0.03178200498223305,0.9736610054969788,,
40f,30,30,42,validation,Generic,random,median,10,300,0.371989905834198,0.31333333333333335,0.15575656294822693,0.9736610054969788,,
40f,30,30,42,validation,Generic,top,random_row,1,300,0.06348226219415665,0.06,0.050732363015413284,0.9736610054969788,,
40f,30,30,42,validation,Generic,top,random_row,3,300,0.7643968462944031,0.8533333333333334,0.44301319122314453,0.9736610054969788,,
40f,30,30,42,validation,Generic,top,random_row,5,300,0.9309614300727844,0.9733333333333334,0.7897620797157288,0.9736610054969788,,
40f,30,30,42,validation,Generic,top,random_row,10,300,0.9389609694480896,0.9733333333333334,0.8892633318901062,0.9736610054969788,,
40f,30,30,42,validation,Generic,least,random_row,1,300,0.00040566673851571977,0.0033333333333333335,0.036091335117816925,0.9736610054969788,,
40f,30,30,42,validation,Generic,least,random_row,3,300,0.001904733944684267,0.006666666666666667,0.03584103658795357,0.9736610054969788,,
40f,30,30,42,validation,Generic,least,random_row,5,300,0.004005510360002518,0.006666666666666667,0.035241905599832535,0.9736610054969788,,
40f,30,30,42,validation,Generic,least,random_row,10,300,0.028040841221809387,0.04666666666666667,0.036765243858098984,0.9736610054969788,,
40f,30,30,42,validation,Generic,random,random_row,1,300,0.01195564866065979,0.006666666666666667,0.03699349984526634,0.9736610054969788,,
40f,30,30,42,validation,Generic,random,random_row,3,300,0.0649634599685669,0.06,0.04921038821339607,0.9736610054969788,,
40f,30,30,42,validation,Generic,random,random_row,5,300,0.13139428198337555,0.11666666666666667,0.058352865278720856,0.9736610054969788,,
40f,30,30,42,validation,Generic,random,random_row,10,300,0.38070186972618103,0.33,0.16402927041053772,0.9736610054969788,,
40f,30,30,42,validation,Generic,top_minus_random,median,1,300,0.055565390288829807,,,,0.0379216723566254,0.07546912537763514
40f,30,30,42,validation,Generic,top_minus_random,median,3,300,0.7382168464859327,,,,0.7161992967401942,0.758137704476714
40f,30,30,42,validation,Generic,top_minus_random,median,5,300,0.8344679947694142,,,,0.8015701774085562,0.8655076898957292
40f,30,30,42,validation,Generic,top_minus_random,median,10,300,0.5998575751980145,,,,0.5569042126188676,0.640498700812459
40f,30,30,42,validation,Generic,top_minus_random,random_row,1,300,0.05152661393086116,,,,0.035427502326667304,0.06827650100986161
40f,30,30,42,validation,Generic,top_minus_random,random_row,3,300,0.6994333704312642,,,,0.669980061168472,0.725688272861143
40f,30,30,42,validation,Generic,top_minus_random,random_row,5,300,0.7995671443144481,,,,0.7639869014297922,0.8341514149978757
40f,30,30,42,validation,Generic,top_minus_random,random_row,10,300,0.5582591055830319,,,,0.5126596454804142,0.5993920114859939
40f,30,30,42,validation,Normal,top,median,1,300,0.07695705443620682,0.11,0.9562549591064453,0.9213133454322815,,
40f,30,30,42,validation,Normal,top,median,3,300,0.11842592805624008,0.16666666666666666,0.9623590111732483,0.9213133454322815,,
40f,30,30,42,validation,Normal,top,median,5,300,0.15756578743457794,0.22666666666666666,0.9729929566383362,0.9213133454322815,,
40f,30,30,42,validation,Normal,top,median,10,300,0.23568466305732727,0.26666666666666666,0.9763952493667603,0.9213133454322815,,
40f,30,30,42,validation,Normal,least,median,1,300,-0.0014870712766423821,0.0033333333333333335,0.9221280813217163,0.9213133454322815,,
40f,30,30,42,validation,Normal,least,median,3,300,-0.003671245649456978,0.01,0.9094753265380859,0.9213133454322815,,
40f,30,30,42,validation,Normal,least,median,5,300,-0.004738497547805309,0.013333333333333334,0.8893477320671082,0.9213133454322815,,
40f,30,30,42,validation,Normal,least,median,10,300,-0.006229550112038851,0.03333333333333333,0.84200519323349,0.9213133454322815,,
40f,30,30,42,validation,Normal,random,median,1,300,0.002729954430833459,0.02666666666666667,0.9208493232727051,0.9213133454322815,,
40f,30,30,42,validation,Normal,random,median,3,300,0.011220584623515606,0.05,0.8913694024085999,0.9213133454322815,,
40f,30,30,42,validation,Normal,random,median,5,300,0.016878768801689148,0.06,0.8799464702606201,0.9213133454322815,,
40f,30,30,42,validation,Normal,random,median,10,300,0.03656116500496864,0.07,0.8587691187858582,0.9213133454322815,,
40f,30,30,42,validation,Normal,top,random_row,1,300,0.08113718777894974,0.13666666666666666,0.5684837698936462,0.9213133454322815,,
40f,30,30,42,validation,Normal,top,random_row,3,300,0.27056312561035156,0.32,0.783922553062439,0.9213133454322815,,
40f,30,30,42,validation,Normal,top,random_row,5,300,0.36271271109580994,0.44333333333333336,0.8436243534088135,0.9213133454322815,,
40f,30,30,42,validation,Normal,top,random_row,10,300,0.5016748309135437,0.6,0.9287702441215515,0.9213133454322815,,
40f,30,30,42,validation,Normal,least,random_row,1,300,0.0019098208285868168,0.02,0.5159808397293091,0.9213133454322815,,
40f,30,30,42,validation,Normal,least,random_row,3,300,0.006318679545074701,0.04,0.5174340605735779,0.9213133454322815,,
40f,30,30,42,validation,Normal,least,random_row,5,300,0.006087888032197952,0.05333333333333334,0.5155054926872253,0.9213133454322815,,
40f,30,30,42,validation,Normal,least,random_row,10,300,0.011979380622506142,0.056666666666666664,0.5102101564407349,0.9213133454322815,,
40f,30,30,42,validation,Normal,random,random_row,1,300,0.005822625942528248,0.02666666666666667,0.519071638584137,0.9213133454322815,,
40f,30,30,42,validation,Normal,random,random_row,3,300,0.022317107766866684,0.07,0.5374798774719238,0.9213133454322815,,
40f,30,30,42,validation,Normal,random,random_row,5,300,0.038845550268888474,0.08,0.5534173846244812,0.9213133454322815,,
40f,30,30,42,validation,Normal,random,random_row,10,300,0.10329201072454453,0.13333333333333333,0.6258657574653625,0.9213133454322815,,
40f,30,30,42,validation,Normal,top_minus_random,median,1,300,0.07422709693511327,,,,0.05795349525660276,0.09175052531560263
40f,30,30,42,validation,Normal,top_minus_random,median,3,300,0.1072053482135137,,,,0.08455311806499957,0.13009635640680786
40f,30,30,42,validation,Normal,top_minus_random,median,5,300,0.14068702538808187,,,,0.11584228903800252,0.16643193061649797
40f,30,30,42,validation,Normal,top_minus_random,median,10,300,0.19912347584962845,,,,0.17757307461400826,0.22360063648223877
40f,30,30,42,validation,Normal,top_minus_random,random_row,1,300,0.07531456182400385,,,,0.0570982504884402,0.09366529567291339
40f,30,30,42,validation,Normal,top_minus_random,random_row,3,300,0.24824602166811624,,,,0.21390745800733565,0.28401485982288915
40f,30,30,42,validation,Normal,top_minus_random,random_row,5,300,0.3238671554128329,,,,0.28398912828167283,0.36626704593002796
40f,30,30,42,validation,Normal,top_minus_random,random_row,10,300,0.39838280379772184,,,,0.3533399912988146,0.4418751752898097
40f,30,30,42,validation,Overlap-Group-1,top,median,1,300,0.20820525288581848,0.31,0.564308762550354,0.614306628704071,,
40f,30,30,42,validation,Overlap-Group-1,top,median,3,300,0.5335750579833984,0.9866666666666667,0.6676733493804932,0.614306628704071,,
40f,30,30,42,validation,Overlap-Group-1,top,median,5,300,0.5656237006187439,0.9833333333333333,0.7278342843055725,0.614306628704071,,
40f,30,30,42,validation,Overlap-Group-1,top,median,10,300,0.5757557153701782,0.9933333333333333,0.731203019618988,0.614306628704071,,
40f,30,30,42,validation,Overlap-Group-1,least,median,1,300,-0.01393282413482666,0.006666666666666667,0.05020580813288689,0.614306628704071,,
40f,30,30,42,validation,Overlap-Group-1,least,median,3,300,-0.025927025824785233,0.006666666666666667,0.06954428553581238,0.614306628704071,,
40f,30,30,42,validation,Overlap-Group-1,least,median,5,300,-0.052148886024951935,0.016666666666666666,0.08929065614938736,0.614306628704071,,
40f,30,30,42,validation,Overlap-Group-1,least,median,10,300,-0.07312799990177155,0.023333333333333334,0.10176113247871399,0.614306628704071,,
40f,30,30,42,validation,Overlap-Group-1,random,median,1,300,0.03626273572444916,0.07,0.07005007565021515,0.614306628704071,,
40f,30,30,42,validation,Overlap-Group-1,random,median,3,300,0.08213046938180923,0.16333333333333333,0.13603052496910095,0.614306628704071,,
40f,30,30,42,validation,Overlap-Group-1,random,median,5,300,0.11162752658128738,0.23,0.19430698454380035,0.614306628704071,,
40f,30,30,42,validation,Overlap-Group-1,random,median,10,300,0.19322113692760468,0.38333333333333336,0.28070908784866333,0.614306628704071,,
40f,30,30,42,validation,Overlap-Group-1,top,random_row,1,300,0.1978442370891571,0.27,0.11712288111448288,0.614306628704071,,
40f,30,30,42,validation,Overlap-Group-1,top,random_row,3,300,0.4912814199924469,0.94,0.22017817199230194,0.614306628704071,,
40f,30,30,42,validation,Overlap-Group-1,top,random_row,5,300,0.5444281697273254,0.9533333333333334,0.3253421485424042,0.614306628704071,,
40f,30,30,42,validation,Overlap-Group-1,top,random_row,10,300,0.5700603723526001,0.9666666666666667,0.5880423188209534,0.614306628704071,,
40f,30,30,42,validation,Overlap-Group-1,least,random_row,1,300,-0.026621848344802856,0.01,0.06340622156858444,0.614306628704071,,
40f,30,30,42,validation,Overlap-Group-1,least,random_row,3,300,-0.05662890896201134,0.02,0.06377933919429779,0.614306628704071,,
40f,30,30,42,validation,Overlap-Group-1,least,random_row,5,300,-0.07149464637041092,0.02666666666666667,0.06928274780511856,0.614306628704071,,
40f,30,30,42,validation,Overlap-Group-1,least,random_row,10,300,-0.06696931272745132,0.056666666666666664,0.07073897123336792,0.614306628704071,,
40f,30,30,42,validation,Overlap-Group-1,random,random_row,1,300,0.04271161928772926,0.09666666666666666,0.06987762451171875,0.614306628704071,,
40f,30,30,42,validation,Overlap-Group-1,random,random_row,3,300,0.09992532432079315,0.19,0.083891361951828,0.614306628704071,,
40f,30,30,42,validation,Overlap-Group-1,random,random_row,5,300,0.14246660470962524,0.2833333333333333,0.10294947773218155,0.614306628704071,,
40f,30,30,42,validation,Overlap-Group-1,random,random_row,10,300,0.2637048363685608,0.5366666666666666,0.1683017909526825,0.614306628704071,,
40f,30,30,42,validation,Overlap-Group-1,top_minus_random,median,1,300,0.17194251835346222,,,,0.15013390607883534,0.1947725053677956
40f,30,30,42,validation,Overlap-Group-1,top_minus_random,median,3,300,0.4514445985356967,,,,0.4319147935410341,0.47183374415089685
40f,30,30,42,validation,Overlap-Group-1,top_minus_random,median,5,300,0.45399618506431577,,,,0.43165965579450133,0.477814150609076
40f,30,30,42,validation,Overlap-Group-1,top_minus_random,median,10,300,0.38253453811009724,,,,0.35513966157535715,0.4088534219587842
40f,30,30,42,validation,Overlap-Group-1,top_minus_random,random_row,1,300,0.15513261049985885,,,,0.13277669370174408,0.1787458784133196
40f,30,30,42,validation,Overlap-Group-1,top_minus_random,random_row,3,300,0.3913561541835467,,,,0.36817125863333544,0.4136214523340265
40f,30,30,42,validation,Overlap-Group-1,top_minus_random,random_row,5,300,0.4019615309437116,,,,0.37714652753869693,0.425359518058598
40f,30,30,42,validation,Overlap-Group-1,top_minus_random,random_row,10,300,0.3063555179039637,,,,0.2820711950585246,0.33294033564875525
40f,30,30,42,validation,Reconnaissance,top,median,1,300,0.6330099701881409,0.5833333333333334,0.01081673800945282,0.8948079347610474,,
40f,30,30,42,validation,Reconnaissance,top,median,3,300,0.8513160943984985,0.9966666666666667,0.12331674993038177,0.8948079347610474,,
40f,30,30,42,validation,Reconnaissance,top,median,5,300,0.8770745992660522,1.0,0.5078550577163696,0.8948079347610474,,
40f,30,30,42,validation,Reconnaissance,top,median,10,300,0.887264609336853,1.0,0.7990797162055969,0.8948079347610474,,
40f,30,30,42,validation,Reconnaissance,least,median,1,300,0.0007399562746286392,0.0033333333333333335,0.0013332883827388287,0.8948079347610474,,
40f,30,30,42,validation,Reconnaissance,least,median,3,300,0.004551861900836229,0.02666666666666667,0.0017833560705184937,0.8948079347610474,,
40f,30,30,42,validation,Reconnaissance,least,median,5,300,0.01396165695041418,0.043333333333333335,0.002133031841367483,0.8948079347610474,,
40f,30,30,42,validation,Reconnaissance,least,median,10,300,0.07291228324174881,0.12666666666666668,0.005001366138458252,0.8948079347610474,,
40f,30,30,42,validation,Reconnaissance,random,median,1,300,0.03653175011277199,0.056666666666666664,0.0022091262508183718,0.8948079347610474,,
40f,30,30,42,validation,Reconnaissance,random,median,3,300,0.1350908726453781,0.14666666666666667,0.005963500589132309,0.8948079347610474,,
40f,30,30,42,validation,Reconnaissance,random,median,5,300,0.2660396695137024,0.31666666666666665,0.013479437679052353,0.8948079347610474,,
40f,30,30,42,validation,Reconnaissance,random,median,10,300,0.5150057673454285,0.5566666666666666,0.059392299503088,0.8948079347610474,,
40f,30,30,42,validation,Reconnaissance,top,random_row,1,300,0.5190243721008301,0.5066666666666667,0.07714848965406418,0.8948079347610474,,
40f,30,30,42,validation,Reconnaissance,top,random_row,3,300,0.8007158637046814,0.92,0.12162714451551437,0.8948079347610474,,
40f,30,30,42,validation,Reconnaissance,top,random_row,5,300,0.851756751537323,0.9733333333333334,0.23567570745944977,0.8948079347610474,,
40f,30,30,42,validation,Reconnaissance,top,random_row,10,300,0.8647804856300354,0.9766666666666667,0.4815905690193176,0.8948079347610474,,
40f,30,30,42,validation,Reconnaissance,least,random_row,1,300,0.0006236550980247557,0.006666666666666667,0.0622326135635376,0.8948079347610474,,
40f,30,30,42,validation,Reconnaissance,least,random_row,3,300,0.009348457679152489,0.04,0.06294655799865723,0.8948079347610474,,
40f,30,30,42,validation,Reconnaissance,least,random_row,5,300,0.02448583021759987,0.07,0.06289680302143097,0.8948079347610474,,
40f,30,30,42,validation,Reconnaissance,least,random_row,10,300,0.11132994294166565,0.16,0.06080608442425728,0.8948079347610474,,
40f,30,30,42,validation,Reconnaissance,random,random_row,1,300,0.04301496967673302,0.05,0.06299768388271332,0.8948079347610474,,
40f,30,30,42,validation,Reconnaissance,random,random_row,3,300,0.16365213692188263,0.19333333333333333,0.06456688046455383,0.8948079347610474,,
40f,30,30,42,validation,Reconnaissance,random,random_row,5,300,0.29765015840530396,0.3333333333333333,0.06841858476400375,0.8948079347610474,,
40f,30,30,42,validation,Reconnaissance,random,random_row,10,300,0.534473180770874,0.5933333333333334,0.08350434899330139,0.8948079347610474,,
40f,30,30,42,validation,Reconnaissance,top_minus_random,median,1,300,0.5964782459537188,,,,0.5766807967697581,0.6161183798486988
40f,30,30,42,validation,Reconnaissance,top_minus_random,median,3,300,0.7162252622842789,,,,0.6828601587365071,0.7492613419418533
40f,30,30,42,validation,Reconnaissance,top_minus_random,median,5,300,0.6110349328319231,,,,0.572710002399981,0.6512327634145817
40f,30,30,42,validation,Reconnaissance,top_minus_random,median,10,300,0.3722588255008062,,,,0.3336340135733286,0.4110641093899806
40f,30,30,42,validation,Reconnaissance,top_minus_random,random_row,1,300,0.47600935131311417,,,,0.4405893082395196,0.5092683810442685
40f,30,30,42,validation,Reconnaissance,top_minus_random,random_row,3,300,0.6370636974771817,,,,0.5995661914696295,0.674444060586393
40f,30,30,42,validation,Reconnaissance,top_minus_random,random_row,5,300,0.5541065928339958,,,,0.5115663636277119,0.5982124063918988
40f,30,30,42,validation,Reconnaissance,top_minus_random,random_row,10,300,0.3303074060877164,,,,0.29339167366425195,0.37291704366852835
40f,30,30,42,validation,Unknown,top,median,1,200,0.17850807309150696,0.7,0.3720428943634033,0.4297659397125244,,
40f,30,30,42,validation,Unknown,top,median,3,200,0.2959228456020355,0.97,0.45500731468200684,0.4297659397125244,,
40f,30,30,42,validation,Unknown,top,median,5,200,0.3381642997264862,0.985,0.5251644253730774,0.4297659397125244,,
40f,30,30,42,validation,Unknown,top,median,10,200,0.3679519593715668,1.0,0.5837666392326355,0.4297659397125244,,
40f,30,30,42,validation,Unknown,least,median,1,200,-0.0010756856063380837,0.105,0.16429351270198822,0.4297659397125244,,
40f,30,30,42,validation,Unknown,least,median,3,200,0.015406506136059761,0.265,0.1686362475156784,0.4297659397125244,,
40f,30,30,42,validation,Unknown,least,median,5,200,0.008002545684576035,0.31,0.1735365241765976,0.4297659397125244,,
40f,30,30,42,validation,Unknown,least,median,10,200,-0.012344603426754475,0.35,0.1844152808189392,0.4297659397125244,,
40f,30,30,42,validation,Unknown,random,median,1,200,0.012489664368331432,0.235,0.15761218965053558,0.4297659397125244,,
40f,30,30,42,validation,Unknown,random,median,3,200,0.043250951915979385,0.41,0.1727464646100998,0.4297659397125244,,
40f,30,30,42,validation,Unknown,random,median,5,200,0.06290558725595474,0.495,0.1859896332025528,0.4297659397125244,,
40f,30,30,42,validation,Unknown,random,median,10,200,0.1133207306265831,0.595,0.24191926419734955,0.4297659397125244,,
40f,30,30,42,validation,Unknown,top,random_row,1,200,0.16629725694656372,0.63,0.2026650607585907,0.4297659397125244,,
40f,30,30,42,validation,Unknown,top,random_row,3,200,0.28923892974853516,0.91,0.24327680468559265,0.4297659397125244,,
40f,30,30,42,validation,Unknown,top,random_row,5,200,0.33875060081481934,0.96,0.3297523260116577,0.4297659397125244,,
40f,30,30,42,validation,Unknown,top,random_row,10,200,0.36910396814346313,0.975,0.47479796409606934,0.4297659397125244,,
40f,30,30,42,validation,Unknown,least,random_row,1,200,0.0020577849354594946,0.11,0.18011045455932617,0.4297659397125244,,
40f,30,30,42,validation,Unknown,least,random_row,3,200,0.005752746481448412,0.3,0.1777384877204895,0.4297659397125244,,
40f,30,30,42,validation,Unknown,least,random_row,5,200,0.006698738317936659,0.37,0.17736920714378357,0.4297659397125244,,
40f,30,30,42,validation,Unknown,least,random_row,10,200,0.022019555792212486,0.42,0.1831783503293991,0.4297659397125244,,
40f,30,30,42,validation,Unknown,random,random_row,1,200,0.013475136831402779,0.235,0.1829376220703125,0.4297659397125244,,
40f,30,30,42,validation,Unknown,random,random_row,3,200,0.04940301924943924,0.415,0.1916496604681015,0.4297659397125244,,
40f,30,30,42,validation,Unknown,random,random_row,5,200,0.07199962437152863,0.525,0.19056014716625214,0.4297659397125244,,
40f,30,30,42,validation,Unknown,random,random_row,10,200,0.13687095046043396,0.645,0.2003110945224762,0.4297659397125244,,
40f,30,30,42,validation,Unknown,top_minus_random,median,1,200,0.16601840704679488,,,,0.14083210552297534,0.19228121800348164
40f,30,30,42,validation,Unknown,top_minus_random,median,3,200,0.2526718910038471,,,,0.22428710014373066,0.28280364819057285
40f,30,30,42,validation,Unknown,top_minus_random,median,5,200,0.27525870844721795,,,,0.24564594748429952,0.30741632102616134
40f,30,30,42,validation,Unknown,top_minus_random,median,10,200,0.25463124573230744,,,,0.21992903402820232,0.28829149492643774
40f,30,30,42,validation,Unknown,top_minus_random,random_row,1,200,0.1528221122920513,,,,0.125124970510602,0.1783425073456019
40f,30,30,42,validation,Unknown,top_minus_random,random_row,3,200,0.23983591981232166,,,,0.20992923138290642,0.26831196488812564
40f,30,30,42,validation,Unknown,top_minus_random,random_row,5,200,0.2667509735375643,,,,0.23777075637690726,0.2996816774029285
40f,30,30,42,validation,Unknown,top_minus_random,random_row,10,200,0.23223300524055956,,,,0.2013576391786337,0.2664191300421953
40f,15,15,42,test,all,top,median,1,2000,0.3570760488510132,0.4765,0.3178960084915161,0.7870758175849915,,
40f,15,15,42,test,all,top,median,3,2000,0.5655834674835205,0.8175,0.5228511095046997,0.7870758175849915,,
40f,15,15,42,test,all,top,median,5,2000,0.6335577368736267,0.866,0.6517577767372131,0.7870758175849915,,
40f,15,15,42,test,all,top,median,10,2000,0.6772048473358154,0.873,0.7876169681549072,0.7870758175849915,,
40f,15,15,42,test,all,least,median,1,2000,0.0030467212200164795,0.0305,0.1692974865436554,0.7870758175849915,,
40f,15,15,42,test,all,least,median,3,2000,0.026142826303839684,0.0875,0.1639876663684845,0.7870758175849915,,
40f,15,15,42,test,all,least,median,5,2000,0.047691553831100464,0.157,0.1663791835308075,0.7870758175849915,,
40f,15,15,42,test,all,least,median,10,2000,0.1920548379421234,0.339,0.2207028865814209,0.7870758175849915,,
40f,15,15,42,test,all,random,median,1,2000,0.06073308363556862,0.134,0.182999849319458,0.7870758175849915,,
40f,15,15,42,test,all,random,median,3,2000,0.18831391632556915,0.305,0.21712537109851837,0.7870758175849915,,
40f,15,15,42,test,all,random,median,5,2000,0.3032435178756714,0.4415,0.26946336030960083,0.7870758175849915,,
40f,15,15,42,test,all,random,median,10,2000,0.5182613730430603,0.7145,0.48165273666381836,0.7870758175849915,,
40f,15,15,42,test,all,top,random_row,1,2000,0.30499693751335144,0.421,0.24859438836574554,0.7870758175849915,,
40f,15,15,42,test,all,top,random_row,3,2000,0.5363365411758423,0.7525,0.4214581847190857,0.7870758175849915,,
40f,15,15,42,test,all,top,random_row,5,2000,0.6118990182876587,0.8415,0.5039045214653015,0.7870758175849915,,
40f,15,15,42,test,all,top,random_row,10,2000,0.646500825881958,0.865,0.7220654487609863,0.7870758175849915,,
40f,15,15,42,test,all,least,random_row,1,2000,0.015941685065627098,0.049,0.17174489796161652,0.7870758175849915,,
40f,15,15,42,test,all,least,random_row,3,2000,0.05470747500658035,0.124,0.17343614995479584,0.7870758175849915,,
40f,15,15,42,test,all,least,random_row,5,2000,0.10471651703119278,0.208,0.17278240621089935,0.7870758175849915,,
40f,15,15,42,test,all,least,random_row,10,2000,0.30844396352767944,0.465,0.21644748747348785,0.7870758175849915,,
40f,15,15,42,test,all,random,random_row,1,2000,0.06129816547036171,0.1315,0.17818081378936768,0.7870758175849915,,
40f,15,15,42,test,all,random,random_row,3,2000,0.19484294950962067,0.3055,0.2072746306657791,0.7870758175849915,,
40f,15,15,42,test,all,random,random_row,5,2000,0.3154054582118988,0.4505,0.25487586855888367,0.7870758175849915,,
40f,15,15,42,test,all,random,random_row,10,2000,0.5394638776779175,0.735,0.47810250520706177,0.7870758175849915,,
40f,15,15,42,test,all,top_minus_random,median,1,2000,0.29634297312796115,,,,0.2828784682190046,0.30846835675779727
40f,15,15,42,test,all,top_minus_random,median,3,2000,0.3772695625796914,,,,0.36113375655002894,0.3923211348609999
40f,15,15,42,test,all,top_minus_random,median,5,2000,0.33031427828222515,,,,0.3146327213140205,0.34498319706358016
40f,15,15,42,test,all,top_minus_random,median,10,2000,0.15894347570836545,,,,0.14720600794572383,0.17058477794155477
40f,15,15,42,test,all,top_minus_random,random_row,1,2000,0.24369879266619682,,,,0.22961887230090797,0.2557438313027844
40f,15,15,42,test,all,top_minus_random,random_row,3,2000,0.341493532076478,,,,0.326219215008989,0.3565576007883996
40f,15,15,42,test,all,top_minus_random,random_row,5,2000,0.2964936192408204,,,,0.28086186607144775,0.31126330873165275
40f,15,15,42,test,all,top_minus_random,random_row,10,2000,0.10703694914281368,,,,0.09716425900496543,0.11696681442763657
40f,15,15,42,test,Exploits,top,median,1,300,0.3891075551509857,0.46,0.2837828993797302,0.8450554609298706,,
40f,15,15,42,test,Exploits,top,median,3,300,0.6970916390419006,0.8766666666666667,0.5885059833526611,0.8450554609298706,,
40f,15,15,42,test,Exploits,top,median,5,300,0.7803468704223633,0.9766666666666667,0.742766797542572,0.8450554609298706,,
40f,15,15,42,test,Exploits,top,median,10,300,0.8101638555526733,0.9833333333333333,0.8573634624481201,0.8450554609298706,,
40f,15,15,42,test,Exploits,least,median,1,300,0.0026447048876434565,0.0033333333333333335,0.02398739568889141,0.8450554609298706,,
40f,15,15,42,test,Exploits,least,median,3,300,0.011200616136193275,0.023333333333333334,0.03481309115886688,0.8450554609298706,,
40f,15,15,42,test,Exploits,least,median,5,300,0.027176115661859512,0.03666666666666667,0.04514329135417938,0.8450554609298706,,
40f,15,15,42,test,Exploits,least,median,10,300,0.16467887163162231,0.15666666666666668,0.08486652374267578,0.8450554609298706,,
40f,15,15,42,test,Exploits,random,median,1,300,0.06971551477909088,0.07333333333333333,0.060960590839385986,0.8450554609298706,,
40f,15,15,42,test,Exploits,random,median,3,300,0.22286318242549896,0.23666666666666666,0.1543576866388321,0.8450554609298706,,
40f,15,15,42,test,Exploits,random,median,5,300,0.34984949231147766,0.37333333333333335,0.2317579686641693,0.8450554609298706,,
40f,15,15,42,test,Exploits,random,median,10,300,0.6291831731796265,0.7433333333333333,0.5199771523475647,0.8450554609298706,,
40f,15,15,42,test,Exploits,top,random_row,1,300,0.22052991390228271,0.2633333333333333,0.26645395159721375,0.8450554609298706,,
40f,15,15,42,test,Exploits,top,random_row,3,300,0.45256417989730835,0.5166666666666667,0.389352411031723,0.8450554609298706,,
40f,15,15,42,test,Exploits,top,random_row,5,300,0.557794988155365,0.6566666666666666,0.5077983736991882,0.8450554609298706,,
40f,15,15,42,test,Exploits,top,random_row,10,300,0.6698094010353088,0.81,0.7878742218017578,0.8450554609298706,,
40f,15,15,42,test,Exploits,least,random_row,1,300,0.009322863072156906,0.016666666666666666,0.18201318383216858,0.8450554609298706,,
40f,15,15,42,test,Exploits,least,random_row,3,300,0.034196775406599045,0.03333333333333333,0.19370053708553314,0.8450554609298706,,
40f,15,15,42,test,Exploits,least,random_row,5,300,0.09489693492650986,0.12333333333333334,0.21100963652133942,0.8450554609298706,,
40f,15,15,42,test,Exploits,least,random_row,10,300,0.35585296154022217,0.4166666666666667,0.3060636520385742,0.8450554609298706,,
40f,15,15,42,test,Exploits,random,random_row,1,300,0.05351337417960167,0.05,0.1977950781583786,0.8450554609298706,,
40f,15,15,42,test,Exploits,random,random_row,3,300,0.1723240464925766,0.16333333333333333,0.25618112087249756,0.8450554609298706,,
40f,15,15,42,test,Exploits,random,random_row,5,300,0.3007882833480835,0.31333333333333335,0.3290635049343109,0.8450554609298706,,
40f,15,15,42,test,Exploits,random,random_row,10,300,0.5342945456504822,0.6333333333333333,0.5984790921211243,0.8450554609298706,,
40f,15,15,42,test,Exploits,top_minus_random,median,1,300,0.31939206848541896,,,,0.27851519939055047,0.36171865113079543
40f,15,15,42,test,Exploits,top_minus_random,median,3,300,0.47422844876845677,,,,0.4308677067011595,0.5161451774736245
40f,15,15,42,test,Exploits,top_minus_random,median,5,300,0.4304973817865054,,,,0.3893468795642257,0.4701638001104196
40f,15,15,42,test,Exploits,top_minus_random,median,10,300,0.1809807054201762,,,,0.1479788066446781,0.21424172820150852
40f,15,15,42,test,Exploits,top_minus_random,random_row,1,300,0.16701653768618901,,,,0.13383159440010786,0.20224547404795884
40f,15,15,42,test,Exploits,top_minus_random,random_row,3,300,0.2802401473124822,,,,0.24116899075359108,0.3151425460552176
40f,15,15,42,test,Exploits,top_minus_random,random_row,5,300,0.2570066707332929,,,,0.2236800928687056,0.29150941506773237
40f,15,15,42,test,Exploits,top_minus_random,random_row,10,300,0.1355148329337438,,,,0.10818029889216027,0.16143303329497574
40f,15,15,42,test,Fuzzers,top,median,1,300,0.2662331759929657,0.38666666666666666,0.005333349574357271,0.7225767970085144,,
40f,15,15,42,test,Fuzzers,top,median,3,300,0.5148025751113892,0.8566666666666667,0.01808461733162403,0.7225767970085144,,
40f,15,15,42,test,Fuzzers,top,median,5,300,0.6491224765777588,0.9766666666666667,0.14458203315734863,0.7225767970085144,,
40f,15,15,42,test,Fuzzers,top,median,10,300,0.7172049880027771,1.0,0.5970736145973206,0.7225767970085144,,
40f,15,15,42,test,Fuzzers,least,median,1,300,0.016203749924898148,0.04,0.0038944855332374573,0.7225767970085144,,
40f,15,15,42,test,Fuzzers,least,median,3,300,0.09124291688203812,0.13,0.00788034126162529,0.7225767970085144,,
40f,15,15,42,test,Fuzzers,least,median,5,300,0.2043887972831726,0.30666666666666664,0.013836593367159367,0.7225767970085144,,
40f,15,15,42,test,Fuzzers,least,median,10,300,0.632788360118866,0.9633333333333334,0.11044614017009735,0.7225767970085144,,
40f,15,15,42,test,Fuzzers,random,median,1,300,0.11056783050298691,0.15,0.00856520514935255,0.7225767970085144,,
40f,15,15,42,test,Fuzzers,random,median,3,300,0.33100342750549316,0.5066666666666667,0.027015699073672295,0.7225767970085144,,
40f,15,15,42,test,Fuzzers,random,median,5,300,0.5018374919891357,0.77,0.0600861981511116,0.7225767970085144,,
40f,15,15,42,test,Fuzzers,random,median,10,300,0.666826069355011,0.9666666666666667,0.25389647483825684,0.7225767970085144,,
40f,15,15,42,test,Fuzzers,top,random_row,1,300,0.31394389271736145,0.42,0.1600389927625656,0.7225767970085144,,
40f,15,15,42,test,Fuzzers,top,random_row,3,300,0.5189439654350281,0.7866666666666666,0.19970066845417023,0.7225767970085144,,
40f,15,15,42,test,Fuzzers,top,random_row,5,300,0.5940735936164856,0.8766666666666667,0.2875097692012787,0.7225767970085144,,
40f,15,15,42,test,Fuzzers,top,random_row,10,300,0.6096885204315186,0.87,0.5973398089408875,0.7225767970085144,,
40f,15,15,42,test,Fuzzers,least,random_row,1,300,0.01852424629032612,0.04,0.1653900444507599,0.7225767970085144,,
40f,15,15,42,test,Fuzzers,least,random_row,3,300,0.0839836373925209,0.13,0.15875038504600525,0.7225767970085144,,
40f,15,15,42,test,Fuzzers,least,random_row,5,300,0.16582532227039337,0.22,0.14444822072982788,0.7225767970085144,,
40f,15,15,42,test,Fuzzers,least,random_row,10,300,0.4485906958580017,0.6566666666666666,0.14343591034412384,0.7225767970085144,,
40f,15,15,42,test,Fuzzers,random,random_row,1,300,0.10916703194379807,0.17666666666666667,0.15633057057857513,0.7225767970085144,,
40f,15,15,42,test,Fuzzers,random,random_row,3,300,0.31147050857543945,0.45666666666666667,0.14579612016677856,0.7225767970085144,,
40f,15,15,42,test,Fuzzers,random,random_row,5,300,0.4401393532752991,0.6366666666666667,0.15223513543605804,0.7225767970085144,,
40f,15,15,42,test,Fuzzers,random,random_row,10,300,0.571563184261322,0.8166666666666667,0.3035348951816559,0.7225767970085144,,
40f,15,15,42,test,Fuzzers,top_minus_random,median,1,300,0.15566532542308173,,,,0.12427680105219287,0.18629746836672226
40f,15,15,42,test,Fuzzers,top_minus_random,median,3,300,0.18379916459321977,,,,0.15082779204100372,0.21635452894618115
40f,15,15,42,test,Fuzzers,top_minus_random,median,5,300,0.14728502293427786,,,,0.1214409691542387,0.17284348063419264
40f,15,15,42,test,Fuzzers,top_minus_random,median,10,300,0.05037896156311035,,,,0.0410286011248827,0.060776198948423066
40f,15,15,42,test,Fuzzers,top_minus_random,random_row,1,300,0.20477683971325555,,,,0.16457931205133597,0.24333654275288183
40f,15,15,42,test,Fuzzers,top_minus_random,random_row,3,300,0.2074734588464101,,,,0.17570958178738755,0.23998297480742137
40f,15,15,42,test,Fuzzers,top_minus_random,random_row,5,300,0.1539342459042867,,,,0.12899512841552496,0.17990540340542793
40f,15,15,42,test,Fuzzers,top_minus_random,random_row,10,300,0.03812536636988322,,,,0.02089335335791111,0.05455715747674306
40f,15,15,42,test,Generic,top,median,1,300,0.701329231262207,0.6533333333333333,0.3923885226249695,0.9748205542564392,,
40f,15,15,42,test,Generic,top,median,3,300,0.9485166668891907,1.0,0.9207078814506531,0.9748205542564392,,
40f,15,15,42,test,Generic,top,median,5,300,0.956404447555542,1.0,0.9408479928970337,0.9748205542564392,,
40f,15,15,42,test,Generic,top,median,10,300,0.9708545207977295,1.0,0.9612652659416199,0.9748205542564392,,
40f,15,15,42,test,Generic,least,median,1,300,0.0056200758554041386,0.013333333333333334,0.004497278947383165,0.9748205542564392,,
40f,15,15,42,test,Generic,least,median,3,300,0.01183602586388588,0.023333333333333334,0.007698599714785814,0.9748205542564392,,
40f,15,15,42,test,Generic,least,median,5,300,0.01878463663160801,0.04,0.008239006623625755,0.9748205542564392,,
40f,15,15,42,test,Generic,least,median,10,300,0.032456763088703156,0.04666666666666667,0.020489558577537537,0.9748205542564392,,
40f,15,15,42,test,Generic,random,median,1,300,0.04557265713810921,0.056666666666666664,0.015953123569488525,0.9748205542564392,,
40f,15,15,42,test,Generic,random,median,3,300,0.17426246404647827,0.17333333333333334,0.10715936124324799,0.9748205542564392,,
40f,15,15,42,test,Generic,random,median,5,300,0.3138550817966461,0.2866666666666667,0.23180976510047913,0.9748205542564392,,
40f,15,15,42,test,Generic,random,median,10,300,0.7283396124839783,0.7433333333333333,0.6435133814811707,0.9748205542564392,,
40f,15,15,42,test,Generic,top,random_row,1,300,0.6372332572937012,0.6166666666666667,0.26102787256240845,0.9748205542564392,,
40f,15,15,42,test,Generic,top,random_row,3,300,0.9129469990730286,0.97,0.867785632610321,0.9748205542564392,,
40f,15,15,42,test,Generic,top,random_row,5,300,0.921678900718689,0.97,0.9111955761909485,0.9748205542564392,,
40f,15,15,42,test,Generic,top,random_row,10,300,0.934613049030304,0.97,0.952992856502533,0.9748205542564392,,
40f,15,15,42,test,Generic,least,random_row,1,300,0.0031350969802588224,0.013333333333333334,0.038159728050231934,0.9748205542564392,,
40f,15,15,42,test,Generic,least,random_row,3,300,0.01664639450609684,0.023333333333333334,0.04075317457318306,0.9748205542564392,,
40f,15,15,42,test,Generic,least,random_row,5,300,0.028500938788056374,0.03666666666666667,0.04304346442222595,0.9748205542564392,,
40f,15,15,42,test,Generic,least,random_row,10,300,0.06958582252264023,0.07666666666666666,0.0574483759701252,0.9748205542564392,,
40f,15,15,42,test,Generic,random,random_row,1,300,0.03571968898177147,0.04666666666666667,0.04597260057926178,0.9748205542564392,,
40f,15,15,42,test,Generic,random,random_row,3,300,0.1625685691833496,0.17,0.11537934839725494,0.9748205542564392,,
40f,15,15,42,test,Generic,random,random_row,5,300,0.30906951427459717,0.29,0.229668989777565,0.9748205542564392,,
40f,15,15,42,test,Generic,random,random_row,10,300,0.7391321659088135,0.7466666666666667,0.6412887573242188,0.9748205542564392,,
40f,15,15,42,test,Generic,top_minus_random,median,1,300,0.6557566333810488,,,,0.6315409231036901,0.6761990529720981
40f,15,15,42,test,Generic,top_minus_random,median,3,300,0.7742541932066281,,,,0.7361634949619572,0.8124034914697209
40f,15,15,42,test,Generic,top_minus_random,median,5,300,0.6425493154923121,,,,0.5965916640013457,0.684749215438962
40f,15,15,42,test,Generic,top_minus_random,median,10,300,0.24251493453979492,,,,0.20554246600717307,0.2784904528533419
40f,15,15,42,test,Generic,top_minus_random,random_row,1,300,0.6015135656793912,,,,0.570904352205495,0.6304251539185644
40f,15,15,42,test,Generic,top_minus_random,random_row,3,300,0.7503783409794171,,,,0.7134669172565142,0.7892852145309249
40f,15,15,42,test,Generic,top_minus_random,random_row,5,300,0.6126092849175135,,,,0.565342438340187,0.655621344509224
40f,15,15,42,test,Generic,top_minus_random,random_row,10,300,0.19548089464505514,,,,0.16250190375745296,0.23079106837511063
40f,15,15,42,test,Normal,top,median,1,300,0.15220318734645844,0.17333333333333334,0.9354013800621033,0.9520034790039062,,
40f,15,15,42,test,Normal,top,median,3,300,0.18275752663612366,0.16666666666666666,0.9493072628974915,0.9520034790039062,,
40f,15,15,42,test,Normal,top,median,5,300,0.2792801558971405,0.23,0.9464933276176453,0.9520034790039062,,
40f,15,15,42,test,Normal,top,median,10,300,0.3805210292339325,0.21,0.9657850861549377,0.9520034790039062,,
40f,15,15,42,test,Normal,least,median,1,300,0.0037631250452250242,0.0033333333333333335,0.8898327350616455,0.9520034790039062,,
40f,15,15,42,test,Normal,least,median,3,300,0.007887342944741249,0.013333333333333334,0.7964600920677185,0.9520034790039062,,
40f,15,15,42,test,Normal,least,median,5,300,0.012092269025743008,0.023333333333333334,0.7659051418304443,0.9520034790039062,,
40f,15,15,42,test,Normal,least,median,10,300,0.05646432191133499,0.06,0.7791507244110107,0.9520034790039062,,
40f,15,15,42,test,Normal,random,median,1,300,0.023647867143154144,0.03666666666666667,0.8855718970298767,0.9520034790039062,,
40f,15,15,42,test,Normal,random,median,3,300,0.0663209930062294,0.08,0.8052005171775818,0.9520034790039062,,
40f,15,15,42,test,Normal,random,median,5,300,0.11389777809381485,0.12,0.7965788245201111,0.9520034790039062,,
40f,15,15,42,test,Normal,random,median,10,300,0.17295905947685242,0.13666666666666666,0.8499400615692139,0.9520034790039062,,
40f,15,15,42,test,Normal,top,random_row,1,300,0.13980476558208466,0.14333333333333334,0.6164386868476868,0.9520034790039062,,
40f,15,15,42,test,Normal,top,random_row,3,300,0.3948329985141754,0.4266666666666667,0.8071596026420593,0.9520034790039062,,
40f,15,15,42,test,Normal,top,random_row,5,300,0.5353612303733826,0.6033333333333334,0.8588021993637085,0.9520034790039062,,
40f,15,15,42,test,Normal,top,random_row,10,300,0.5737650394439697,0.63,0.9506811499595642,0.9520034790039062,,
40f,15,15,42,test,Normal,least,random_row,1,300,0.004891626536846161,0.01,0.4544021487236023,0.9520034790039062,,
40f,15,15,42,test,Normal,least,random_row,3,300,0.01755499094724655,0.03,0.44710418581962585,0.9520034790039062,,
40f,15,15,42,test,Normal,least,random_row,5,300,0.03925734758377075,0.06,0.42717093229293823,0.9520034790039062,,
40f,15,15,42,test,Normal,least,random_row,10,300,0.11432935297489166,0.12333333333333334,0.46509745717048645,0.9520034790039062,,
40f,15,15,42,test,Normal,random,random_row,1,300,0.025201020762324333,0.04,0.47306621074676514,0.9520034790039062,,
40f,15,15,42,test,Normal,random,random_row,3,300,0.09343471378087997,0.10333333333333333,0.5339865684509277,0.9520034790039062,,
40f,15,15,42,test,Normal,random,random_row,5,300,0.1866932362318039,0.21,0.6021342277526855,0.9520034790039062,,
40f,15,15,42,test,Normal,random,random_row,10,300,0.38477852940559387,0.4066666666666667,0.7930138111114502,0.9520034790039062,,
40f,15,15,42,test,Normal,top_minus_random,median,1,300,0.12855533381303152,,,,0.10043496213356654,0.15820890373736618
40f,15,15,42,test,Normal,top_minus_random,median,3,300,0.11643652429183324,,,,0.08780380437026422,0.14635284578303498
40f,15,15,42,test,Normal,top_minus_random,median,5,300,0.16538237233956654,,,,0.1367162403414647,0.19672192107141018
40f,15,15,42,test,Normal,top_minus_random,median,10,300,0.20756197621424993,,,,0.1750421727920572,0.2374162955408295
40f,15,15,42,test,Normal,top_minus_random,random_row,1,300,0.11460374315579733,,,,0.08764508147289356,0.14134591205169758
40f,15,15,42,test,Normal,top_minus_random,random_row,3,300,0.301398284137249,,,,0.26328227793922027,0.33617519822220004
40f,15,15,42,test,Normal,top_minus_random,random_row,5,300,0.34866797576347985,,,,0.30525264000644287,0.39069175067792333
40f,15,15,42,test,Normal,top_minus_random,random_row,10,300,0.18898653159538906,,,,0.15171244537085293,0.22521044885367153
40f,15,15,42,test,Overlap-Group-1,top,median,1,300,0.31340885162353516,0.6466666666666666,0.3150262236595154,0.5908780694007874,,
40f,15,15,42,test,Overlap-Group-1,top,median,3,300,0.41680771112442017,0.9366666666666666,0.5685630440711975,0.5908780694007874,,
40f,15,15,42,test,Overlap-Group-1,top,median,5,300,0.4860936105251312,0.9566666666666667,0.6722998023033142,0.5908780694007874,,
40f,15,15,42,test,Overlap-Group-1,top,median,10,300,0.5355030298233032,0.9866666666666667,0.6654497385025024,0.5908780694007874,,
40f,15,15,42,test,Overlap-Group-1,least,median,1,300,-0.027435824275016785,0.01,0.05975578352808952,0.5908780694007874,,
40f,15,15,42,test,Overlap-Group-1,least,median,3,300,-0.022900307551026344,0.043333333333333335,0.0932510495185852,0.5908780694007874,,
40f,15,15,42,test,Overlap-Group-1,least,median,5,300,-0.11924425512552261,0.09333333333333334,0.12300671637058258,0.5908780694007874,,
40f,15,15,42,test,Overlap-Group-1,least,median,10,300,-0.06489280611276627,0.27666666666666667,0.2841145396232605,0.5908780694007874,,
40f,15,15,42,test,Overlap-Group-1,random,median,1,300,0.043108150362968445,0.18,0.09372532367706299,0.5908780694007874,,
40f,15,15,42,test,Overlap-Group-1,random,median,3,300,0.12391446530818939,0.36333333333333334,0.18507428467273712,0.5908780694007874,,
40f,15,15,42,test,Overlap-Group-1,random,median,5,300,0.1670612245798111,0.43666666666666665,0.2703220248222351,0.5908780694007874,,
40f,15,15,42,test,Overlap-Group-1,random,median,10,300,0.3187885582447052,0.72,0.4003676474094391,0.5908780694007874,,
40f,15,15,42,test,Overlap-Group-1,top,random_row,1,300,0.27331075072288513,0.61,0.09669512510299683,0.5908780694007874,,
40f,15,15,42,test,Overlap-Group-1,top,random_row,3,300,0.3905613422393799,0.8733333333333333,0.21455663442611694,0.5908780694007874,,
40f,15,15,42,test,Overlap-Group-1,top,random_row,5,300,0.47839415073394775,0.9466666666666667,0.2855302393436432,0.5908780694007874,,
40f,15,15,42,test,Overlap-Group-1,top,random_row,10,300,0.5161625146865845,0.9533333333333334,0.5551143884658813,0.5908780694007874,,
40f,15,15,42,test,Overlap-Group-1,least,random_row,1,300,0.026782894507050514,0.03666666666666667,0.07207692414522171,0.5908780694007874,,
40f,15,15,42,test,Overlap-Group-1,least,random_row,3,300,0.034218985587358475,0.11333333333333333,0.08490069210529327,0.5908780694007874,,
40f,15,15,42,test,Overlap-Group-1,least,random_row,5,300,0.021931126713752747,0.19,0.09327955543994904,0.5908780694007874,,
40f,15,15,42,test,Overlap-Group-1,least,random_row,10,300,0.3279327154159546,0.6666666666666666,0.20123085379600525,0.5908780694007874,,
40f,15,15,42,test,Overlap-Group-1,random,random_row,1,300,0.055796101689338684,0.16,0.07888305187225342,0.5908780694007874,,
40f,15,15,42,test,Overlap-Group-1,random,random_row,3,300,0.17936621606349945,0.3933333333333333,0.09875241667032242,0.5908780694007874,,
40f,15,15,42,test,Overlap-Group-1,random,random_row,5,300,0.26740944385528564,0.5566666666666666,0.13910174369812012,0.5908780694007874,,
40f,15,15,42,test,Overlap-Group-1,random,random_row,10,300,0.4565613865852356,0.87,0.3079710602760315,0.5908780694007874,,
40f,15,15,42,test,Overlap-Group-1,top_minus_random,median,1,300,0.2703006927172343,,,,0.24844810146838425,0.2915545875057578
40f,15,15,42,test,Overlap-Group-1,top_minus_random,median,3,300,0.2928932523727417,,,,0.26768097604314484,0.31618785460789994
40f,15,15,42,test,Overlap-Group-1,top_minus_random,median,5,300,0.31903238624334335,,,,0.2901960205957294,0.3477966368521253
40f,15,15,42,test,Overlap-Group-1,top_minus_random,median,10,300,0.21671446025371552,,,,0.18972394467890263,0.24402496077617009
40f,15,15,42,test,Overlap-Group-1,top_minus_random,random_row,1,300,0.2175146310031414,,,,0.1968498158603907,0.2397833888679743
40f,15,15,42,test,Overlap-Group-1,top_minus_random,random_row,3,300,0.21119513988494873,,,,0.18557818194478748,0.2363566773359974
40f,15,15,42,test,Overlap-Group-1,top_minus_random,random_row,5,300,0.2109847190976143,,,,0.18632590373357136,0.23639878598600625
40f,15,15,42,test,Overlap-Group-1,top_minus_random,random_row,10,300,0.05960113426049551,,,,0.04386191072066625,0.07694923379272221
40f,15,15,42,test,Reconnaissance,top,median,1,300,0.4511559009552002,0.3466666666666667,0.013185464777052402,0.8822916746139526,,
40f,15,15,42,test,Reconnaissance,top,median,3,300,0.8301123976707458,1.0,0.20687073469161987,0.8822916746139526,,
40f,15,15,42,test,Reconnaissance,top,median,5,300,0.8609118461608887,1.0,0.577117919921875,0.8822916746139526,,
40f,15,15,42,test,Reconnaissance,top,median,10,300,0.8766355514526367,1.0,0.8039876222610474,0.8822916746139526,,
40f,15,15,42,test,Reconnaissance,least,median,1,300,0.017577702179551125,0.03,0.0023118399549275637,0.8822916746139526,,
40f,15,15,42,test,Reconnaissance,least,median,3,300,0.07441919296979904,0.13,0.004150756169110537,0.8822916746139526,,
40f,15,15,42,test,Reconnaissance,least,median,5,300,0.15317687392234802,0.25,0.007697685621678829,0.8822916746139526,,
40f,15,15,42,test,Reconnaissance,least,median,10,300,0.3527643382549286,0.29,0.021870501339435577,0.8822916746139526,,
40f,15,15,42,test,Reconnaissance,random,median,1,300,0.0774117186665535,0.09666666666666666,0.004409465938806534,0.8822916746139526,,
40f,15,15,42,test,Reconnaissance,random,median,3,300,0.28758716583251953,0.31,0.019284846261143684,0.8822916746139526,,
40f,15,15,42,test,Reconnaissance,random,median,5,300,0.5041732788085938,0.5466666666666666,0.05424217879772186,0.8822916746139526,,
40f,15,15,42,test,Reconnaissance,random,median,10,300,0.8245624899864197,0.96,0.36021220684051514,0.8822916746139526,,
40f,15,15,42,test,Reconnaissance,top,random_row,1,300,0.34844285249710083,0.27,0.090204618871212,0.8822916746139526,,
40f,15,15,42,test,Reconnaissance,top,random_row,3,300,0.7352549433708191,0.85,0.1397220939397812,0.8822916746139526,,
40f,15,15,42,test,Reconnaissance,top,random_row,5,300,0.7977370619773865,0.9333333333333333,0.27324220538139343,0.8822916746139526,,
40f,15,15,42,test,Reconnaissance,top,random_row,10,300,0.8150907754898071,0.95,0.6260458827018738,0.8822916746139526,,
40f,15,15,42,test,Reconnaissance,least,random_row,1,300,0.03733167424798012,0.043333333333333335,0.07645770907402039,0.8822916746139526,,
40f,15,15,42,test,Reconnaissance,least,random_row,3,300,0.16601310670375824,0.24,0.07360558956861496,0.8822916746139526,,
40f,15,15,42,test,Reconnaissance,least,random_row,5,300,0.3078649640083313,0.4033333333333333,0.07444147765636444,0.8822916746139526,,
40f,15,15,42,test,Reconnaissance,least,random_row,10,300,0.620702862739563,0.6833333333333333,0.09076904505491257,0.8822916746139526,,
40f,15,15,42,test,Reconnaissance,random,random_row,1,300,0.10037452727556229,0.13333333333333333,0.07657761871814728,0.8822916746139526,,
40f,15,15,42,test,Reconnaissance,random,random_row,3,300,0.3197282552719116,0.37333333333333335,0.0842241644859314,0.8822916746139526,,
40f,15,15,42,test,Reconnaissance,random,random_row,5,300,0.523867666721344,0.57,0.09732066094875336,0.8822916746139526,,
40f,15,15,42,test,Reconnaissance,random,random_row,10,300,0.7818057537078857,0.8966666666666666,0.35615652799606323,0.8822916746139526,,
40f,15,15,42,test,Reconnaissance,top_minus_random,median,1,300,0.373744136095047,,,,0.35326957166939976,0.3913861492797732
40f,15,15,42,test,Reconnaissance,top_minus_random,median,3,300,0.5425252245863279,,,,0.5046640957718095,0.5782812490885457
40f,15,15,42,test,Reconnaissance,top_minus_random,median,5,300,0.3567386143406232,,,,0.3203388103321195,0.39443702099223926
40f,15,15,42,test,Reconnaissance,top_minus_random,median,10,300,0.0520731050769488,,,,0.04122496793667475,0.06459616314123075
40f,15,15,42,test,Reconnaissance,top_minus_random,random_row,1,300,0.24806831926107406,,,,0.21476453378796578,0.278865624157091
40f,15,15,42,test,Reconnaissance,top_minus_random,random_row,3,300,0.4155267173051834,,,,0.3788891835436225,0.45152065800875424
40f,15,15,42,test,Reconnaissance,top_minus_random,random_row,5,300,0.2738694733381271,,,,0.23867276831964654,0.3100668445924918
40f,15,15,42,test,Reconnaissance,top_minus_random,random_row,10,300,0.033285020887851714,,,,0.02026086596399546,0.04603068549931049
40f,15,15,42,test,Unknown,top,median,1,200,0.16060367226600647,0.765,0.2612828314304352,0.4193195700645447,,
40f,15,15,42,test,Unknown,top,median,3,200,0.2707020938396454,0.92,0.35045233368873596,0.4193195700645447,,
40f,15,15,42,test,Unknown,top,median,5,200,0.317338764667511,0.95,0.48141586780548096,0.4193195700645447,,
40f,15,15,42,test,Unknown,top,median,10,200,0.33572348952293396,0.96,0.5997819304466248,0.4193195700645447,,
40f,15,15,42,test,Unknown,least,median,1,200,0.002906916430220008,0.155,0.2165556401014328,0.4193195700645447,,
40f,15,15,42,test,Unknown,least,median,3,200,0.0008995902608148754,0.33,0.22349578142166138,0.4193195700645447,,
40f,15,15,42,test,Unknown,least,median,5,200,0.03235386684536934,0.445,0.2180490344762802,0.4193195700645447,,
40f,15,15,42,test,Unknown,least,median,10,200,0.15915855765342712,0.7,0.25562188029289246,0.4193195700645447,,
40f,15,15,42,test,Unknown,random,median,1,200,0.052295222878456116,0.45,0.22621998190879822,0.4193195700645447,,
40f,15,15,42,test,Unknown,random,median,3,200,0.07421166449785233,0.545,0.2241150140762329,0.4193195700645447,,
40f,15,15,42,test,Unknown,random,median,5,200,0.10642362385988235,0.615,0.2274380475282669,0.4193195700645447,,
40f,15,15,42,test,Unknown,random,median,10,200,0.17162494361400604,0.74,0.27466726303100586,0.4193195700645447,,
40f,15,15,42,test,Unknown,top,random_row,1,200,0.15007150173187256,0.725,0.2496548891067505,0.4193195700645447,,
40f,15,15,42,test,Unknown,top,random_row,3,200,0.2557083070278168,0.89,0.2871662378311157,0.4193195700645447,,
40f,15,15,42,test,Unknown,top,random_row,5,200,0.2914312183856964,0.935,0.35292816162109375,0.4193195700645447,,
40f,15,15,42,test,Unknown,top,random_row,10,200,0.286314457654953,0.875,0.5155816078186035,0.4193195700645447,,
40f,15,15,42,test,Unknown,least,random_row,1,200,0.009434237144887447,0.25,0.2346992939710617,0.4193195700645447,,
40f,15,15,42,test,Unknown,least,random_row,3,200,0.018153898417949677,0.385,0.236139714717865,0.4193195700645447,,
40f,15,15,42,test,Unknown,least,random_row,5,200,0.05975022166967392,0.53,0.2377343326807022,0.4193195700645447,,
40f,15,15,42,test,Unknown,least,random_row,10,200,0.17894817888736725,0.715,0.26840701699256897,0.4193195700645447,,
40f,15,15,42,test,Unknown,random,random_row,1,200,0.043324027210474014,0.405,0.23887041211128235,0.4193195700645447,,
40f,15,15,42,test,Unknown,random,random_row,3,200,0.09009113162755966,0.565,0.2212667465209961,0.4193195700645447,,
40f,15,15,42,test,Unknown,random,random_row,5,200,0.11210357397794724,0.64,0.2244720458984375,0.4193195700645447,,
40f,15,15,42,test,Unknown,random,random_row,10,200,0.19243565201759338,0.795,0.2803589105606079,0.4193195700645447,,
40f,15,15,42,test,Unknown,top_minus_random,median,1,200,0.10830844640731811,,,,0.07975510326586664,0.1352851449456066
40f,15,15,42,test,Unknown,top_minus_random,median,3,200,0.19649041406810283,,,,0.1663718800228089,0.22880472758226097
40f,15,15,42,test,Unknown,top_minus_random,median,5,200,0.2109151431173086,,,,0.18015793001279237,0.2441824151277542
40f,15,15,42,test,Unknown,top_minus_random,median,10,200,0.16409854248166084,,,,0.13251444808579985,0.19650515750423073
40f,15,15,42,test,Unknown,top_minus_random,random_row,1,200,0.10674747191369534,,,,0.07894787677563728,0.13462131355330348
40f,15,15,42,test,Unknown,top_minus_random,random_row,3,200,0.16561718806624412,,,,0.13206881297565998,0.19972471873648465
40f,15,15,42,test,Unknown,top_minus_random,random_row,5,200,0.17932763777673244,,,,0.1444925228394568,0.21657439228147268
40f,15,15,42,test,Unknown,top_minus_random,random_row,10,200,0.0938788203895092,,,,0.05928459147922695,0.12916224473156035
40f,15,15,42,validation,all,top,median,1,2000,0.3642491400241852,0.4915,0.32118362188339233,0.7900623679161072,,
40f,15,15,42,validation,all,top,median,3,2000,0.565735936164856,0.817,0.5261958241462708,0.7900623679161072,,
40f,15,15,42,validation,all,top,median,5,2000,0.6352444887161255,0.863,0.6645309925079346,0.7900623679161072,,
40f,15,15,42,validation,all,top,median,10,2000,0.6832934617996216,0.886,0.7919564247131348,0.7900623679161072,,
40f,15,15,42,validation,all,least,median,1,2000,0.0020500149112194777,0.0365,0.1608942300081253,0.7900623679161072,,
40f,15,15,42,validation,all,least,median,3,2000,0.018338792026042938,0.081,0.15625953674316406,0.7900623679161072,,
40f,15,15,42,validation,all,least,median,5,2000,0.032316166907548904,0.1365,0.1611374169588089,0.7900623679161072,,
40f,15,15,42,validation,all,least,median,10,2000,0.17647656798362732,0.312,0.22166301310062408,0.7900623679161072,,
40f,15,15,42,validation,all,random,median,1,2000,0.057860251516103745,0.126,0.17653024196624756,0.7900623679161072,,
40f,15,15,42,validation,all,random,median,3,2000,0.17785966396331787,0.2895,0.2216002494096756,0.7900623679161072,,
40f,15,15,42,validation,all,random,median,5,2000,0.30227190256118774,0.4415,0.27989354729652405,0.7900623679161072,,
40f,15,15,42,validation,all,random,median,10,2000,0.5114130973815918,0.7085,0.47875621914863586,0.7900623679161072,,
40f,15,15,42,validation,all,top,random_row,1,2000,0.30933499336242676,0.428,0.24443063139915466,0.7900623679161072,,
40f,15,15,42,validation,all,top,random_row,3,2000,0.5339466333389282,0.743,0.4266563057899475,0.7900623679161072,,
40f,15,15,42,validation,all,top,random_row,5,2000,0.61556077003479,0.8425,0.5153174996376038,0.7900623679161072,,
40f,15,15,42,validation,all,top,random_row,10,2000,0.6522822380065918,0.872,0.7270153760910034,0.7900623679161072,,
40f,15,15,42,validation,all,least,random_row,1,2000,0.013342775404453278,0.041,0.16598540544509888,0.7900623679161072,,
40f,15,15,42,validation,all,least,random_row,3,2000,0.04762924090027809,0.1115,0.16701249778270721,0.7900623679161072,,
40f,15,15,42,validation,all,least,random_row,5,2000,0.0896582305431366,0.187,0.16767007112503052,0.7900623679161072,,
40f,15,15,42,validation,all,least,random_row,10,2000,0.299563467502594,0.457,0.2115381956100464,0.7900623679161072,,
40f,15,15,42,validation,all,random,random_row,1,2000,0.05817003175616264,0.122,0.17550164461135864,0.7900623679161072,,
40f,15,15,42,validation,all,random,random_row,3,2000,0.18691052496433258,0.2915,0.2066616266965866,0.7900623679161072,,
40f,15,15,42,validation,all,random,random_row,5,2000,0.3102491497993469,0.447,0.2587262988090515,0.7900623679161072,,
40f,15,15,42,validation,all,random,random_row,10,2000,0.5355554223060608,0.7295,0.47633203864097595,0.7900623679161072,,
40f,15,15,42,validation,all,top_minus_random,median,1,2000,0.30638887397944925,,,,0.2933344783080742,0.3195816623991355
40f,15,15,42,validation,all,top_minus_random,median,3,2000,0.38787629202008245,,,,0.373464723639749,0.4039974467867985
40f,15,15,42,validation,all,top_minus_random,median,5,2000,0.3329726294800639,,,,0.31892701309714466,0.347263912929222
40f,15,15,42,validation,all,top_minus_random,median,10,2000,0.1718803083524108,,,,0.16166656780093908,0.18256892744284123
40f,15,15,42,validation,all,top_minus_random,random_row,1,2000,0.2511649468690157,,,,0.23733975321687759,0.2641847105139867
40f,15,15,42,validation,all,top_minus_random,random_row,3,2000,0.34703609853982925,,,,0.33186133585609495,0.36252153984513136
40f,15,15,42,validation,all,top_minus_random,random_row,5,2000,0.3053115857318044,,,,0.29109901501089336,0.3200609856167808
40f,15,15,42,validation,all,top_minus_random,random_row,10,2000,0.11672685226052999,,,,0.1065873507020995,0.12742920663170515
40f,15,15,42,validation,Exploits,top,median,1,300,0.3718652129173279,0.43,0.2622939646244049,0.8544089794158936,,
40f,15,15,42,validation,Exploits,top,median,3,300,0.709827184677124,0.8733333333333333,0.5824301242828369,0.8544089794158936,,
40f,15,15,42,validation,Exploits,top,median,5,300,0.8029388189315796,0.9966666666666667,0.765182614326477,0.8544089794158936,,
40f,15,15,42,validation,Exploits,top,median,10,300,0.8225336670875549,0.99,0.8728989958763123,0.8544089794158936,,
40f,15,15,42,validation,Exploits,least,median,1,300,-0.004202454350888729,0.01,0.02529188245534897,0.8544089794158936,,
40f,15,15,42,validation,Exploits,least,median,3,300,-0.001843618112616241,0.01,0.030664240941405296,0.8544089794158936,,
40f,15,15,42,validation,Exploits,least,median,5,300,0.014913604594767094,0.03666666666666667,0.03911983221769333,0.8544089794158936,,
40f,15,15,42,validation,Exploits,least,median,10,300,0.15581244230270386,0.12666666666666668,0.07212725281715393,0.8544089794158936,,
40f,15,15,42,validation,Exploits,random,median,1,300,0.07379040867090225,0.08,0.05990868806838989,0.8544089794158936,,
40f,15,15,42,validation,Exploits,random,median,3,300,0.20725415647029877,0.20666666666666667,0.1536758989095688,0.8544089794158936,,
40f,15,15,42,validation,Exploits,random,median,5,300,0.34362858533859253,0.34,0.23478955030441284,0.8544089794158936,,
40f,15,15,42,validation,Exploits,random,median,10,300,0.6090949177742004,0.7066666666666667,0.4994521141052246,0.8544089794158936,,
40f,15,15,42,validation,Exploits,top,random_row,1,300,0.20476743578910828,0.23,0.26660358905792236,0.8544089794158936,,
40f,15,15,42,validation,Exploits,top,random_row,3,300,0.4437698423862457,0.5166666666666667,0.38804513216018677,0.8544089794158936,,
40f,15,15,42,validation,Exploits,top,random_row,5,300,0.5623824596405029,0.6433333333333333,0.5257207751274109,0.8544089794158936,,
40f,15,15,42,validation,Exploits,top,random_row,10,300,0.6717945337295532,0.8233333333333334,0.7949008941650391,0.8544089794158936,,
40f,15,15,42,validation,Exploits,least,random_row,1,300,0.007592313457280397,0.006666666666666667,0.18596982955932617,0.8544089794158936,,
40f,15,15,42,validation,Exploits,least,random_row,3,300,0.03665491193532944,0.03666666666666667,0.19374234974384308,0.8544089794158936,,
40f,15,15,42,validation,Exploits,least,random_row,5,300,0.09477770328521729,0.08666666666666667,0.21041643619537354,0.8544089794158936,,
40f,15,15,42,validation,Exploits,least,random_row,10,300,0.3464144766330719,0.39666666666666667,0.3208308815956116,0.8544089794158936,,
40f,15,15,42,validation,Exploits,random,random_row,1,300,0.04951881244778633,0.043333333333333335,0.21021847426891327,0.8544089794158936,,
40f,15,15,42,validation,Exploits,random,random_row,3,300,0.1699429750442505,0.15,0.2692877948284149,0.8544089794158936,,
40f,15,15,42,validation,Exploits,random,random_row,5,300,0.2961176037788391,0.29,0.33888569474220276,0.8544089794158936,,
40f,15,15,42,validation,Exploits,random,random_row,10,300,0.5325831770896912,0.61,0.5950195789337158,0.8544089794158936,,
40f,15,15,42,validation,Exploits,top_minus_random,median,1,300,0.2980748110016187,,,,0.2544451269979278,0.3387053792302807
40f,15,15,42,validation,Exploits,top_minus_random,median,3,300,0.5025730235377948,,,,0.46278086152424414,0.541231646279494
40f,15,15,42,validation,Exploits,top_minus_random,median,5,300,0.45931023399035137,,,,0.4199596531863014,0.49715120221177733
40f,15,15,42,validation,Exploits,top_minus_random,median,10,300,0.21343881279230117,,,,0.18211876723418635,0.24862391860286392
40f,15,15,42,validation,Exploits,top_minus_random,random_row,1,300,0.15524862349033355,,,,0.12541077914337317,0.18875272352745132
40f,15,15,42,validation,Exploits,top_minus_random,random_row,3,300,0.2738268416126569,,,,0.23453059842437504,0.31613002618153885
40f,15,15,42,validation,Exploits,top_minus_random,random_row,5,300,0.2662648383776347,,,,0.2327570432672898,0.30094713816295066
40f,15,15,42,validation,Exploits,top_minus_random,random_row,10,300,0.1392113333940506,,,,0.11241594779243072,0.1692024105961124
40f,15,15,42,validation,Fuzzers,top,median,1,300,0.2764257788658142,0.42333333333333334,0.0054625701159238815,0.7233902215957642,,
40f,15,15,42,validation,Fuzzers,top,median,3,300,0.5162827968597412,0.8633333333333333,0.021690569818019867,0.7233902215957642,,
40f,15,15,42,validation,Fuzzers,top,median,5,300,0.6458117365837097,0.9766666666666667,0.14804081618785858,0.7233902215957642,,
40f,15,15,42,validation,Fuzzers,top,median,10,300,0.7157939672470093,1.0,0.6076030731201172,0.7233902215957642,,
40f,15,15,42,validation,Fuzzers,least,median,1,300,0.020628757774829865,0.05333333333333334,0.004088007379323244,0.7233902215957642,,
40f,15,15,42,validation,Fuzzers,least,median,3,300,0.07183107733726501,0.13333333333333333,0.008459263481199741,0.7233902215957642,,
40f,15,15,42,validation,Fuzzers,least,median,5,300,0.18852078914642334,0.25333333333333335,0.016807489097118378,0.7233902215957642,,
40f,15,15,42,validation,Fuzzers,least,median,10,300,0.6557632088661194,0.97,0.1152903363108635,0.7233902215957642,,
40f,15,15,42,validation,Fuzzers,random,median,1,300,0.12217468023300171,0.18,0.007971261627972126,0.7233902215957642,,
40f,15,15,42,validation,Fuzzers,random,median,3,300,0.31984084844589233,0.5066666666666667,0.026965560391545296,0.7233902215957642,,
40f,15,15,42,validation,Fuzzers,random,median,5,300,0.4737240672111511,0.72,0.06041473522782326,0.7233902215957642,,
40f,15,15,42,validation,Fuzzers,random,median,10,300,0.662740170955658,0.96,0.239651620388031,0.7233902215957642,,
40f,15,15,42,validation,Fuzzers,top,random_row,1,300,0.33139821887016296,0.4666666666666667,0.15625493228435516,0.7233902215957642,,
40f,15,15,42,validation,Fuzzers,top,random_row,3,300,0.5218209624290466,0.7866666666666666,0.19568976759910583,0.7233902215957642,,
40f,15,15,42,validation,Fuzzers,top,random_row,5,300,0.6111046671867371,0.9133333333333333,0.2956103980541229,0.7233902215957642,,
40f,15,15,42,validation,Fuzzers,top,random_row,10,300,0.6316547989845276,0.9,0.603624701499939,0.7233902215957642,,
40f,15,15,42,validation,Fuzzers,least,random_row,1,300,0.01979515515267849,0.04,0.15784771740436554,0.7233902215957642,,
40f,15,15,42,validation,Fuzzers,least,random_row,3,300,0.0709097683429718,0.11666666666666667,0.15024083852767944,0.7233902215957642,,
40f,15,15,42,validation,Fuzzers,least,random_row,5,300,0.1586386114358902,0.24333333333333335,0.14050473272800446,0.7233902215957642,,
40f,15,15,42,validation,Fuzzers,least,random_row,10,300,0.4668422341346741,0.7033333333333334,0.1342875361442566,0.7233902215957642,,
40f,15,15,42,validation,Fuzzers,random,random_row,1,300,0.10547640174627304,0.16666666666666666,0.15440408885478973,0.7233902215957642,,
40f,15,15,42,validation,Fuzzers,random,random_row,3,300,0.2806178331375122,0.43333333333333335,0.1416768580675125,0.7233902215957642,,
40f,15,15,42,validation,Fuzzers,random,random_row,5,300,0.41035035252571106,0.6133333333333333,0.14820259809494019,0.7233902215957642,,
40f,15,15,42,validation,Fuzzers,random,random_row,10,300,0.5744548439979553,0.8266666666666667,0.2996692359447479,0.7233902215957642,,
40f,15,15,42,validation,Fuzzers,top_minus_random,median,1,300,0.15425107538700103,,,,0.12063142788906893,0.18512457093348103
40f,15,15,42,validation,Fuzzers,top_minus_random,median,3,300,0.19644194195667902,,,,0.16428541768342259,0.22997182953357695
40f,15,15,42,validation,Fuzzers,top_minus_random,median,5,300,0.17208764632542928,,,,0.14347809062401454,0.20133704875657954
40f,15,15,42,validation,Fuzzers,top_minus_random,median,10,300,0.05305379658937454,,,,0.042271726263066134,0.06410552901774645
40f,15,15,42,validation,Fuzzers,top_minus_random,random_row,1,300,0.22592180768648784,,,,0.186777809475859,0.2603240406413873
40f,15,15,42,validation,Fuzzers,top_minus_random,random_row,3,300,0.24120318919420242,,,,0.21029143646359447,0.2739714423740904
40f,15,15,42,validation,Fuzzers,top_minus_random,random_row,5,300,0.20075436135133107,,,,0.1724652545501789,0.22992662736028432
40f,15,15,42,validation,Fuzzers,top_minus_random,random_row,10,300,0.057199959655602775,,,,0.037594135304292044,0.07650290634483098
40f,15,15,42,validation,Generic,top,median,1,300,0.6963686943054199,0.5866666666666667,0.3998635411262512,0.9768662452697754,,
40f,15,15,42,validation,Generic,top,median,3,300,0.9509838819503784,1.0,0.9343751072883606,0.9768662452697754,,
40f,15,15,42,validation,Generic,top,median,5,300,0.9569777250289917,1.0,0.9501999020576477,0.9768662452697754,,
40f,15,15,42,validation,Generic,top,median,10,300,0.9727333784103394,1.0,0.9688901901245117,0.9768662452697754,,
40f,15,15,42,validation,Generic,least,median,1,300,0.0014350215205922723,0.006666666666666667,0.00461965287104249,0.9768662452697754,,
40f,15,15,42,validation,Generic,least,median,3,300,0.00929549802094698,0.016666666666666666,0.00796511024236679,0.9768662452697754,,
40f,15,15,42,validation,Generic,least,median,5,300,0.01520527247339487,0.03,0.008947278372943401,0.9768662452697754,,
40f,15,15,42,validation,Generic,least,median,10,300,0.02318490669131279,0.02666666666666667,0.022217588499188423,0.9768662452697754,,
40f,15,15,42,validation,Generic,random,median,1,300,0.06132740527391434,0.05333333333333334,0.03727593645453453,0.9768662452697754,,
40f,15,15,42,validation,Generic,random,median,3,300,0.18018674850463867,0.16666666666666666,0.13379760086536407,0.9768662452697754,,
40f,15,15,42,validation,Generic,random,median,5,300,0.3375379741191864,0.33,0.26867935061454773,0.9768662452697754,,
40f,15,15,42,validation,Generic,random,median,10,300,0.7264928221702576,0.7266666666666667,0.6520058512687683,0.9768662452697754,,
40f,15,15,42,validation,Generic,top,random_row,1,300,0.6604411005973816,0.6466666666666666,0.2437943071126938,0.9768662452697754,,
40f,15,15,42,validation,Generic,top,random_row,3,300,0.9347532391548157,0.9866666666666667,0.8861704468727112,0.9768662452697754,,
40f,15,15,42,validation,Generic,top,random_row,5,300,0.9434015154838562,0.99,0.9304839968681335,0.9768662452697754,,
40f,15,15,42,validation,Generic,top,random_row,10,300,0.9607094526290894,0.9933333333333333,0.9635581374168396,0.9768662452697754,,
40f,15,15,42,validation,Generic,least,random_row,1,300,0.004026408772915602,0.006666666666666667,0.018243253231048584,0.9768662452697754,,
40f,15,15,42,validation,Generic,least,random_row,3,300,0.011538990773260593,0.013333333333333334,0.017079100012779236,0.9768662452697754,,
40f,15,15,42,validation,Generic,least,random_row,5,300,0.02368709072470665,0.02666666666666667,0.019908059388399124,0.9768662452697754,,
40f,15,15,42,validation,Generic,least,random_row,10,300,0.054737675935029984,0.056666666666666664,0.03632758930325508,0.9768662452697754,,
40f,15,15,42,validation,Generic,random,random_row,1,300,0.059251416474580765,0.06333333333333334,0.040085744112730026,0.9768662452697754,,
40f,15,15,42,validation,Generic,random,random_row,3,300,0.1837044209241867,0.17333333333333334,0.10861117392778397,0.9768662452697754,,
40f,15,15,42,validation,Generic,random,random_row,5,300,0.34418314695358276,0.31666666666666665,0.23605011403560638,0.9768662452697754,,
40f,15,15,42,validation,Generic,random,random_row,10,300,0.7462874054908752,0.76,0.6302019357681274,0.9768662452697754,,
40f,15,15,42,validation,Generic,top_minus_random,median,1,300,0.6350412883361181,,,,0.6092024684151014,0.6598383043880264
40f,15,15,42,validation,Generic,top_minus_random,median,3,300,0.7707970495025317,,,,0.7332233517939846,0.8056449108819167
40f,15,15,42,validation,Generic,top_minus_random,median,5,300,0.6194398362437884,,,,0.5749913781036934,0.6611882430985571
40f,15,15,42,validation,Generic,top_minus_random,median,10,300,0.24624055981636048,,,,0.20939650846024355,0.28461171001940966
40f,15,15,42,validation,Generic,top_minus_random,random_row,1,300,0.6011896947026253,,,,0.5691124677062034,0.6300360335558653
40f,15,15,42,validation,Generic,top_minus_random,random_row,3,300,0.7510486639539401,,,,0.711668591313064,0.78702559603254
40f,15,15,42,validation,Generic,top_minus_random,random_row,5,300,0.5992183202505111,,,,0.553836312862734,0.6430727967843414
40f,15,15,42,validation,Generic,top_minus_random,random_row,10,300,0.21442189157009126,,,,0.17808464947591227,0.250821476812164
40f,15,15,42,validation,Normal,top,median,1,300,0.14139989018440247,0.16666666666666666,0.941650927066803,0.9429152607917786,,
40f,15,15,42,validation,Normal,top,median,3,300,0.1379455029964447,0.13666666666666666,0.9321948289871216,0.9429152607917786,,
40f,15,15,42,validation,Normal,top,median,5,300,0.23090308904647827,0.18333333333333332,0.9449456930160522,0.9429152607917786,,
40f,15,15,42,validation,Normal,top,median,10,300,0.3742021322250366,0.2733333333333333,0.9566906690597534,0.9429152607917786,,
40f,15,15,42,validation,Normal,least,median,1,300,-9.411165956407785e-05,0.0033333333333333335,0.8958027958869934,0.9429152607917786,,
40f,15,15,42,validation,Normal,least,median,3,300,0.005884075071662664,0.013333333333333334,0.8086493611335754,0.9429152607917786,,
40f,15,15,42,validation,Normal,least,median,5,300,0.01683984138071537,0.03,0.7772207856178284,0.9429152607917786,,
40f,15,15,42,validation,Normal,least,median,10,300,0.049153633415699005,0.07,0.8439856171607971,0.9429152607917786,,
40f,15,15,42,validation,Normal,random,median,1,300,0.010952670127153397,0.03333333333333333,0.8851142525672913,0.9429152607917786,,
40f,15,15,42,validation,Normal,random,median,3,300,0.041459910571575165,0.07666666666666666,0.8398388028144836,0.9429152607917786,,
40f,15,15,42,validation,Normal,random,median,5,300,0.06522393226623535,0.09,0.8248195052146912,0.9429152607917786,,
40f,15,15,42,validation,Normal,random,median,10,300,0.11257700622081757,0.12333333333333334,0.8637634515762329,0.9429152607917786,,
40f,15,15,42,validation,Normal,top,random_row,1,300,0.1311725676059723,0.13333333333333333,0.6678327322006226,0.9429152607917786,,
40f,15,15,42,validation,Normal,top,random_row,3,300,0.3533156216144562,0.3933333333333333,0.8540476560592651,0.9429152607917786,,
40f,15,15,42,validation,Normal,top,random_row,5,300,0.4997290074825287,0.5866666666666667,0.8918900489807129,0.9429152607917786,,
40f,15,15,42,validation,Normal,top,random_row,10,300,0.5218210816383362,0.6,0.9390323758125305,0.9429152607917786,,
40f,15,15,42,validation,Normal,least,random_row,1,300,0.0014889123849570751,0.006666666666666667,0.4994708299636841,0.9429152607917786,,
40f,15,15,42,validation,Normal,least,random_row,3,300,0.006850718054920435,0.02666666666666667,0.4963706433773041,0.9429152607917786,,
40f,15,15,42,validation,Normal,least,random_row,5,300,0.01699068211019039,0.04666666666666667,0.47705012559890747,0.9429152607917786,,
40f,15,15,42,validation,Normal,least,random_row,10,300,0.07081639766693115,0.10333333333333333,0.5095974802970886,0.9429152607917786,,
40f,15,15,42,validation,Normal,random,random_row,1,300,0.011817880906164646,0.043333333333333335,0.5148025751113892,0.9429152607917786,,
40f,15,15,42,validation,Normal,random,random_row,3,300,0.06429816037416458,0.09333333333333334,0.5671598315238953,0.9429152607917786,,
40f,15,15,42,validation,Normal,random,random_row,5,300,0.11785335838794708,0.15,0.6236494779586792,0.9429152607917786,,
40f,15,15,42,validation,Normal,random,random_row,10,300,0.3127780556678772,0.35333333333333333,0.8059763312339783,0.9429152607917786,,
40f,15,15,42,validation,Normal,top_minus_random,median,1,300,0.13044721057017644,,,,0.1046317522947987,0.15726711760212975
40f,15,15,42,validation,Normal,top_minus_random,median,3,300,0.09648559580246607,,,,0.0729439683035016,0.11971146936963002
40f,15,15,42,validation,Normal,top_minus_random,median,5,300,0.1656791564822197,,,,0.13908265601595243,0.19216554076721268
40f,15,15,42,validation,Normal,top_minus_random,median,10,300,0.2616251276930173,,,,0.22853271489590407,0.2932659080450733
40f,15,15,42,validation,Normal,top_minus_random,random_row,1,300,0.11935469617446264,,,,0.09368321936825912,0.14456056233743825
40f,15,15,42,validation,Normal,top_minus_random,random_row,3,300,0.28901744027932486,,,,0.25209579387058817,0.32388742468009396
40f,15,15,42,validation,Normal,top_minus_random,random_row,5,300,0.38187565525372824,,,,0.33397048482795555,0.4286521004413565
40f,15,15,42,validation,Normal,top_minus_random,random_row,10,300,0.20904298623402914,,,,0.1705549637749791,0.24501402920981247
40f,15,15,42,validation,Overlap-Group-1,top,median,1,300,0.36672312021255493,0.8233333333333334,0.4025428891181946,0.5934919118881226,,
40f,15,15,42,validation,Overlap-Group-1,top,median,3,300,0.42248013615608215,0.9433333333333334,0.6312965750694275,0.5934919118881226,,
40f,15,15,42,validation,Overlap-Group-1,top,median,5,300,0.5055538415908813,0.97,0.7397546768188477,0.5934919118881226,,
40f,15,15,42,validation,Overlap-Group-1,top,median,10,300,0.5419647097587585,1.0,0.6878461241722107,0.5934919118881226,,
40f,15,15,42,validation,Overlap-Group-1,least,median,1,300,-0.0239019263535738,0.016666666666666666,0.06081433594226837,0.5934919118881226,,
40f,15,15,42,validation,Overlap-Group-1,least,median,3,300,-0.020485639572143555,0.05,0.09472766518592834,0.5934919118881226,,
40f,15,15,42,validation,Overlap-Group-1,least,median,5,300,-0.1666715294122696,0.09333333333333334,0.13116519153118134,0.5934919118881226,,
40f,15,15,42,validation,Overlap-Group-1,least,median,10,300,-0.1356150507926941,0.16666666666666666,0.2757267653942108,0.5934919118881226,,
40f,15,15,42,validation,Overlap-Group-1,random,median,1,300,0.037738870829343796,0.16333333333333333,0.10201065987348557,0.5934919118881226,,
40f,15,15,42,validation,Overlap-Group-1,random,median,3,300,0.10859700292348862,0.33666666666666667,0.21001121401786804,0.5934919118881226,,
40f,15,15,42,validation,Overlap-Group-1,random,median,5,300,0.18209309875965118,0.4666666666666667,0.29864755272865295,0.5934919118881226,,
40f,15,15,42,validation,Overlap-Group-1,random,median,10,300,0.3027554452419281,0.71,0.4044460952281952,0.5934919118881226,,
40f,15,15,42,validation,Overlap-Group-1,top,random_row,1,300,0.30513352155685425,0.7033333333333334,0.09768752753734589,0.5934919118881226,,
40f,15,15,42,validation,Overlap-Group-1,top,random_row,3,300,0.3850703537464142,0.8433333333333334,0.23914027214050293,0.5934919118881226,,
40f,15,15,42,validation,Overlap-Group-1,top,random_row,5,300,0.4761819541454315,0.9466666666666667,0.313222736120224,0.5934919118881226,,
40f,15,15,42,validation,Overlap-Group-1,top,random_row,10,300,0.5189365744590759,0.95,0.6063820123672485,0.5934919118881226,,
40f,15,15,42,validation,Overlap-Group-1,least,random_row,1,300,0.024166058748960495,0.023333333333333334,0.06243855133652687,0.5934919118881226,,
40f,15,15,42,validation,Overlap-Group-1,least,random_row,3,300,0.021751832216978073,0.07333333333333333,0.07225438207387924,0.5934919118881226,,
40f,15,15,42,validation,Overlap-Group-1,least,random_row,5,300,-0.043773114681243896,0.12333333333333334,0.08760831505060196,0.5934919118881226,,
40f,15,15,42,validation,Overlap-Group-1,least,random_row,10,300,0.30388668179512024,0.6166666666666667,0.1905943751335144,0.5934919118881226,,
40f,15,15,42,validation,Overlap-Group-1,random,random_row,1,300,0.057948265224695206,0.15666666666666668,0.07154029607772827,0.5934919118881226,,
40f,15,15,42,validation,Overlap-Group-1,random,random_row,3,300,0.17096887528896332,0.4066666666666667,0.1014912948012352,0.5934919118881226,,
40f,15,15,42,validation,Overlap-Group-1,random,random_row,5,300,0.2712368071079254,0.6066666666666667,0.1487722545862198,0.5934919118881226,,
40f,15,15,42,validation,Overlap-Group-1,random,random_row,10,300,0.4486869275569916,0.8633333333333333,0.3281094431877136,0.5934919118881226,,
40f,15,15,42,validation,Overlap-Group-1,top_minus_random,median,1,300,0.32898425300916034,,,,0.3062845580652357,0.3518239292278886
40f,15,15,42,validation,Overlap-Group-1,top_minus_random,median,3,300,0.3138831407825152,,,,0.28757218334327145,0.34045950429389876
40f,15,15,42,validation,Overlap-Group-1,top_minus_random,median,5,300,0.3234607159097989,,,,0.2962343423292041,0.35090594362715877
40f,15,15,42,validation,Overlap-Group-1,top_minus_random,median,10,300,0.23920924484729766,,,,0.2141062588195006,0.267248181519409
40f,15,15,42,validation,Overlap-Group-1,top_minus_random,random_row,1,300,0.2471852440635363,,,,0.22241965069125097,0.27165647100905577
40f,15,15,42,validation,Overlap-Group-1,top_minus_random,random_row,3,300,0.2141015007098516,,,,0.1883498249873519,0.239877992870907
40f,15,15,42,validation,Overlap-Group-1,top_minus_random,random_row,5,300,0.20494514644145967,,,,0.1816848779320717,0.22911406717201072
40f,15,15,42,validation,Overlap-Group-1,top_minus_random,random_row,10,300,0.07024955689907074,,,,0.053584950231015685,0.08647507650156816
40f,15,15,42,validation,Reconnaissance,top,median,1,300,0.4444218873977661,0.33666666666666667,0.012188836932182312,0.894605278968811,,
40f,15,15,42,validation,Reconnaissance,top,median,3,300,0.8417275547981262,1.0,0.22329320013523102,0.894605278968811,,
40f,15,15,42,validation,Reconnaissance,top,median,5,300,0.8731527924537659,1.0,0.6081974506378174,0.894605278968811,,
40f,15,15,42,validation,Reconnaissance,top,median,10,300,0.888821005821228,1.0,0.8255398869514465,0.894605278968811,,
40f,15,15,42,validation,Reconnaissance,least,median,1,300,0.02010572887957096,0.03666666666666667,0.0022673809435218573,0.894605278968811,,
40f,15,15,42,validation,Reconnaissance,least,median,3,300,0.057111334055662155,0.09,0.004084954038262367,0.894605278968811,,
40f,15,15,42,validation,Reconnaissance,least,median,5,300,0.13057222962379456,0.18333333333333332,0.007207649759948254,0.894605278968811,,
40f,15,15,42,validation,Reconnaissance,least,median,10,300,0.32698044180870056,0.27,0.02227604202926159,0.894605278968811,,
40f,15,15,42,validation,Reconnaissance,random,median,1,300,0.06519903242588043,0.09,0.004113552626222372,0.894605278968811,,
40f,15,15,42,validation,Reconnaissance,random,median,3,300,0.28203266859054565,0.2866666666666667,0.017755193635821342,0.894605278968811,,
40f,15,15,42,validation,Reconnaissance,random,median,5,300,0.522843599319458,0.5633333333333334,0.05779453366994858,0.894605278968811,,
40f,15,15,42,validation,Reconnaissance,random,median,10,300,0.8399510979652405,0.9666666666666667,0.3520186245441437,0.894605278968811,,
40f,15,15,42,validation,Reconnaissance,top,random_row,1,300,0.32340821623802185,0.24,0.09022250026464462,0.894605278968811,,
40f,15,15,42,validation,Reconnaissance,top,random_row,3,300,0.7372490167617798,0.8466666666666667,0.14781679213047028,0.894605278968811,,
40f,15,15,42,validation,Reconnaissance,top,random_row,5,300,0.8058007955551147,0.9233333333333333,0.2824699580669403,0.894605278968811,,
40f,15,15,42,validation,Reconnaissance,top,random_row,10,300,0.822471022605896,0.94,0.6204773783683777,0.894605278968811,,
40f,15,15,42,validation,Reconnaissance,least,random_row,1,300,0.029524708166718483,0.043333333333333335,0.07693388313055038,0.894605278968811,,
40f,15,15,42,validation,Reconnaissance,least,random_row,3,300,0.14588209986686707,0.20666666666666667,0.07580479979515076,0.894605278968811,,
40f,15,15,42,validation,Reconnaissance,least,random_row,5,300,0.29693108797073364,0.3566666666666667,0.07718753814697266,0.894605278968811,,
40f,15,15,42,validation,Reconnaissance,least,random_row,10,300,0.6182762980461121,0.6633333333333333,0.09107956290245056,0.894605278968811,,
40f,15,15,42,validation,Reconnaissance,random,random_row,1,300,0.07752221077680588,0.10666666666666667,0.0810946673154831,0.894605278968811,,
40f,15,15,42,validation,Reconnaissance,random,random_row,3,300,0.3075658977031708,0.30666666666666664,0.08731023222208023,0.894605278968811,,
40f,15,15,42,validation,Reconnaissance,random,random_row,5,300,0.5274441242218018,0.5733333333333334,0.10891923308372498,0.894605278968811,,
40f,15,15,42,validation,Reconnaissance,random,random_row,10,300,0.7854712009429932,0.8766666666666667,0.3531552851200104,0.894605278968811,,
40f,15,15,42,validation,Reconnaissance,top_minus_random,median,1,300,0.37922282646099725,,,,0.36037389848629636,0.3976872708424926
40f,15,15,42,validation,Reconnaissance,top_minus_random,median,3,300,0.5596948239207268,,,,0.5245898686448733,0.5984899026205143
40f,15,15,42,validation,Reconnaissance,top_minus_random,median,5,300,0.3503091993927956,,,,0.32011381675302986,0.3867601229945818
40f,15,15,42,validation,Reconnaissance,top_minus_random,median,10,300,0.048869888285795846,,,,0.03910789758215348,0.05863906085739533
40f,15,15,42,validation,Reconnaissance,top_minus_random,random_row,1,300,0.24588599840799968,,,,0.2134412424961726,0.27737713206559417
40f,15,15,42,validation,Reconnaissance,top_minus_random,random_row,3,300,0.4296830881635348,,,,0.39005447302510343,0.46542259910951056
40f,15,15,42,validation,Reconnaissance,top_minus_random,random_row,5,300,0.2783566145102183,,,,0.24462932025889556,0.3145107585862279
40f,15,15,42,validation,Reconnaissance,top_minus_random,random_row,10,300,0.0369998758037885,,,,0.024259222115079564,0.05132868809501329
40f,15,15,42,validation,Unknown,top,median,1,200,0.19668443500995636,0.765,0.17583204805850983,0.4221068322658539,,
40f,15,15,42,validation,Unknown,top,median,3,200,0.2884891927242279,0.945,0.27403751015663147,0.4221068322658539,,
40f,15,15,42,validation,Unknown,top,median,5,200,0.329438179731369,0.94,0.41082823276519775,0.4221068322658539,,
40f,15,15,42,validation,Unknown,top,median,10,200,0.35886114835739136,0.965,0.5403608083724976,0.4221068322658539,,
40f,15,15,42,validation,Unknown,least,median,1,200,-0.00045636831782758236,0.175,0.11961609125137329,0.4221068322658539,,
40f,15,15,42,validation,Unknown,least,median,3,200,0.0006988322711549699,0.34,0.13076958060264587,0.4221068322658539,,
40f,15,15,42,validation,Unknown,least,median,5,200,0.024091336876153946,0.425,0.14067178964614868,0.4221068322658539,,
40f,15,15,42,validation,Unknown,least,median,10,200,0.15184621512889862,0.675,0.18919460475444794,0.4221068322658539,,
40f,15,15,42,validation,Unknown,random,median,1,200,0.02182789519429207,0.36,0.12071072310209274,0.4221068322658539,,
40f,15,15,42,validation,Unknown,random,median,3,200,0.06953965127468109,0.525,0.14293593168258667,0.4221068322658539,,
40f,15,15,42,validation,Unknown,random,median,5,200,0.13514204323291779,0.65,0.18121807277202606,0.4221068322658539,,
40f,15,15,42,validation,Unknown,random,median,10,200,0.23371422290802002,0.795,0.27055567502975464,0.4221068322658539,,
40f,15,15,42,validation,Unknown,top,random_row,1,200,0.1588682234287262,0.65,0.16071300208568573,0.4221068322658539,,
40f,15,15,42,validation,Unknown,top,random_row,3,200,0.27549803256988525,0.87,0.20019812881946564,0.4221068322658539,,
40f,15,15,42,validation,Unknown,top,random_row,5,200,0.3077069818973541,0.92,0.2940780222415924,0.4221068322658539,,
40f,15,15,42,validation,Unknown,top,random_row,10,200,0.33174189925193787,0.91,0.47819018363952637,0.4221068322658539,,
40f,15,15,42,validation,Unknown,least,random_row,1,200,0.0035374141298234463,0.22,0.15849794447422028,0.4221068322658539,,
40f,15,15,42,validation,Unknown,least,random_row,3,200,0.03590996190905571,0.405,0.16188670694828033,0.4221068322658539,,
40f,15,15,42,validation,Unknown,least,random_row,5,200,0.0757041946053505,0.545,0.15768802165985107,0.4221068322658539,,
40f,15,15,42,validation,Unknown,least,random_row,10,200,0.2041737586259842,0.76,0.19130578637123108,0.4221068322658539,,
40f,15,15,42,validation,Unknown,random,random_row,1,200,0.03939784690737724,0.35,0.1467975229024887,0.4221068322658539,,
40f,15,15,42,validation,Unknown,random,random_row,3,200,0.10345812141895294,0.57,0.15331032872200012,0.4221068322658539,,
40f,15,15,42,validation,Unknown,random,random_row,5,200,0.1517135500907898,0.645,0.18054363131523132,0.4221068322658539,,
40f,15,15,42,validation,Unknown,random,random_row,10,200,0.2551617920398712,0.86,0.24512241780757904,0.4221068322658539,,
40f,15,15,42,validation,Unknown,top_minus_random,median,1,200,0.1748565426468849,,,,0.14978340401314202,0.19964633150584998
40f,15,15,42,validation,Unknown,top_minus_random,median,3,200,0.21894955694675444,,,,0.18671021981537342,0.24807137187942863
40f,15,15,42,validation,Unknown,top_minus_random,median,5,200,0.1942961122840643,,,,0.16554008929245176,0.22354398538172243
40f,15,15,42,validation,Unknown,top_minus_random,median,10,200,0.12514693848788738,,,,0.09978540944308043,0.15235398266837
40f,15,15,42,validation,Unknown,top_minus_random,random_row,1,200,0.11947037190198899,,,,0.09119039236940443,0.14690044772066171
40f,15,15,42,validation,Unknown,top_minus_random,random_row,3,200,0.1720398995280266,,,,0.14194839325733483,0.20415280232578517
40f,15,15,42,validation,Unknown,top_minus_random,random_row,5,200,0.15599345304071904,,,,0.11984349588304759,0.1905129926931113
40f,15,15,42,validation,Unknown,top_minus_random,random_row,10,200,0.07658011727035045,,,,0.049134271796792764,0.10502810249105096
40f,40,40,43,test,all,top,median,1,2000,0.22423018515110016,0.2475,0.281110942363739,0.7974006533622742,,
40f,40,40,43,test,all,top,median,3,2000,0.5334112644195557,0.7705,0.45103946328163147,0.7974006533622742,,
40f,40,40,43,test,all,top,median,5,2000,0.6101663708686829,0.842,0.6259622573852539,0.7974006533622742,,
40f,40,40,43,test,all,top,median,10,2000,0.6715189218521118,0.8825,0.750515878200531,0.7974006533622742,,
40f,40,40,43,test,all,least,median,1,2000,0.0,0.0,0.17457257211208344,0.7974006533622742,,
40f,40,40,43,test,all,least,median,3,2000,1.9237964806961827e-05,0.0005,0.17461727559566498,0.7974006533622742,,
40f,40,40,43,test,all,least,median,5,2000,0.0007429630495607853,0.0095,0.17451612651348114,0.7974006533622742,,
40f,40,40,43,test,all,least,median,10,2000,0.0098841842263937,0.057,0.17744693160057068,0.7974006533622742,,
40f,40,40,43,test,all,random,median,1,2000,0.018462592735886574,0.042,0.18018163740634918,0.7974006533622742,,
40f,40,40,43,test,all,random,median,3,2000,0.061333782970905304,0.1145,0.18901598453521729,0.7974006533622742,,
40f,40,40,43,test,all,random,median,5,2000,0.10408833622932434,0.1735,0.20165503025054932,0.7974006533622742,,
40f,40,40,43,test,all,random,median,10,2000,0.22882495820522308,0.32,0.2422863095998764,0.7974006533622742,,
40f,40,40,43,test,all,top,random_row,1,2000,0.20477023720741272,0.2455,0.2044534534215927,0.7974006533622742,,
40f,40,40,43,test,all,top,random_row,3,2000,0.5036682486534119,0.7055,0.3452129662036896,0.7974006533622742,,
40f,40,40,43,test,all,top,random_row,5,2000,0.6051095128059387,0.818,0.4432825446128845,0.7974006533622742,,
40f,40,40,43,test,all,top,random_row,10,2000,0.672512412071228,0.888,0.6088966131210327,0.7974006533622742,,
40f,40,40,43,test,all,least,random_row,1,2000,0.0,0.0,0.15821562707424164,0.7974006533622742,,
40f,40,40,43,test,all,least,random_row,3,2000,8.289936522487551e-05,0.0,0.1582256406545639,0.7974006533622742,,
40f,40,40,43,test,all,least,random_row,5,2000,0.001421695458702743,0.0135,0.1584983468055725,0.7974006533622742,,
40f,40,40,43,test,all,least,random_row,10,2000,0.011296953074634075,0.0725,0.1604805886745453,0.7974006533622742,,
40f,40,40,43,test,all,random,random_row,1,2000,0.019784634932875633,0.0535,0.16141977906227112,0.7974006533622742,,
40f,40,40,43,test,all,random,random_row,3,2000,0.06665118038654327,0.1365,0.16882885992527008,0.7974006533622742,,
40f,40,40,43,test,all,random,random_row,5,2000,0.11256956309080124,0.2015,0.17591173946857452,0.7974006533622742,,
40f,40,40,43,test,all,random,random_row,10,2000,0.2385578453540802,0.3505,0.2097187489271164,0.7974006533622742,,
40f,40,40,43,test,all,top_minus_random,median,1,2000,0.20576758809387685,,,,0.19476015163231641,0.2176173673387617
40f,40,40,43,test,all,top_minus_random,median,3,2000,0.4720774898156524,,,,0.4566578853635117,0.4872452976737171
40f,40,40,43,test,all,top_minus_random,median,5,2000,0.5060780680179596,,,,0.49072459308262917,0.5206999449402094
40f,40,40,43,test,all,top_minus_random,median,10,2000,0.4426939755305648,,,,0.42945908052865417,0.4564620133591816
40f,40,40,43,test,all,top_minus_random,random_row,1,2000,0.18498559015244245,,,,0.17429547480233015,0.19532625327371061
40f,40,40,43,test,all,top_minus_random,random_row,3,2000,0.437017090447247,,,,0.42255024269428104,0.4517096400089562
40f,40,40,43,test,all,top_minus_random,random_row,5,2000,0.49253992814570663,,,,0.47659222708754245,0.5080825437460095
40f,40,40,43,test,all,top_minus_random,random_row,10,2000,0.4339545687735081,,,,0.41890914450306443,0.449195809943229
40f,40,40,43,test,Exploits,top,median,1,300,0.2052796185016632,0.27,0.10237827152013779,0.8522537350654602,,
40f,40,40,43,test,Exploits,top,median,3,300,0.5518352389335632,0.73,0.4742503762245178,0.8522537350654602,,
40f,40,40,43,test,Exploits,top,median,5,300,0.7058626413345337,0.9366666666666666,0.6851601004600525,0.8522537350654602,,
40f,40,40,43,test,Exploits,top,median,10,300,0.8136817216873169,1.0,0.8367085456848145,0.8522537350654602,,
40f,40,40,43,test,Exploits,least,median,1,300,0.0,0.0,0.02263079397380352,0.8522537350654602,,
40f,40,40,43,test,Exploits,least,median,3,300,-0.00028262892737984657,0.0,0.022641533985733986,0.8522537350654602,,
40f,40,40,43,test,Exploits,least,median,5,300,0.00015840570267755538,0.0,0.022577429190278053,0.8522537350654602,,
40f,40,40,43,test,Exploits,least,median,10,300,0.0027545439079403877,0.006666666666666667,0.025609854608774185,0.8522537350654602,,
40f,40,40,43,test,Exploits,random,median,1,300,0.024633070454001427,0.03666666666666667,0.03816080838441849,0.8522537350654602,,
40f,40,40,43,test,Exploits,random,median,3,300,0.06977079063653946,0.07666666666666666,0.05484642833471298,0.8522537350654602,,
40f,40,40,43,test,Exploits,random,median,5,300,0.11918697506189346,0.13,0.08947665244340897,0.8522537350654602,,
40f,40,40,43,test,Exploits,random,median,10,300,0.24694620072841644,0.27,0.17063888907432556,0.8522537350654602,,
40f,40,40,43,test,Exploits,top,random_row,1,300,0.12249086052179337,0.16333333333333333,0.21507517993450165,0.8522537350654602,,
40f,40,40,43,test,Exploits,top,random_row,3,300,0.3616030514240265,0.45666666666666667,0.3296721577644348,0.8522537350654602,,
40f,40,40,43,test,Exploits,top,random_row,5,300,0.48469796776771545,0.5833333333333334,0.4282764196395874,0.8522537350654602,,
40f,40,40,43,test,Exploits,top,random_row,10,300,0.6198404431343079,0.7566666666666667,0.648594081401825,0.8522537350654602,,
40f,40,40,43,test,Exploits,least,random_row,1,300,0.0,0.0,0.15147101879119873,0.8522537350654602,,
40f,40,40,43,test,Exploits,least,random_row,3,300,-0.00031583826057612896,0.0,0.15104499459266663,0.8522537350654602,,
40f,40,40,43,test,Exploits,least,random_row,5,300,-0.0012843678705394268,0.0,0.1518535315990448,0.8522537350654602,,
40f,40,40,43,test,Exploits,least,random_row,10,300,0.0008877982618287206,0.013333333333333334,0.16209618747234344,0.8522537350654602,,
40f,40,40,43,test,Exploits,random,random_row,1,300,0.008369255810976028,0.013333333333333334,0.164091557264328,0.8522537350654602,,
40f,40,40,43,test,Exploits,random,random_row,3,300,0.036241449415683746,0.04,0.18151704967021942,0.8522537350654602,,
40f,40,40,43,test,Exploits,random,random_row,5,300,0.07732527703046799,0.09,0.2024211585521698,0.8522537350654602,,
40f,40,40,43,test,Exploits,random,random_row,10,300,0.15679903328418732,0.16666666666666666,0.2749226987361908,0.8522537350654602,,
40f,40,40,43,test,Exploits,top_minus_random,median,1,300,0.18064655562241871,,,,0.14669056219855947,0.21173539240906636
40f,40,40,43,test,Exploits,top_minus_random,median,3,300,0.48206443349520367,,,,0.4475188969348868,0.5148414904400707
40f,40,40,43,test,Exploits,top_minus_random,median,5,300,0.5866756664713224,,,,0.5558313506320118,0.6165727613791823
40f,40,40,43,test,Exploits,top_minus_random,median,10,300,0.5667355854312579,,,,0.5317450501794617,0.6024704357857505
40f,40,40,43,test,Exploits,top_minus_random,random_row,1,300,0.11412160664796829,,,,0.08952284206449986,0.13965390238414205
40f,40,40,43,test,Exploits,top_minus_random,random_row,3,300,0.3253615883986155,,,,0.28900243870417275,0.35955924014002083
40f,40,40,43,test,Exploits,top_minus_random,random_row,5,300,0.4073726745446523,,,,0.37592110035568477,0.43968162229657176
40f,40,40,43,test,Exploits,top_minus_random,random_row,10,300,0.4630414053797722,,,,0.42570689008633295,0.49727512857069567
40f,40,40,43,test,Fuzzers,top,median,1,300,0.2354366034269333,0.2966666666666667,0.016551243141293526,0.7463605999946594,,
40f,40,40,43,test,Fuzzers,top,median,3,300,0.46401870250701904,0.7,0.0484624058008194,0.7463605999946594,,
40f,40,40,43,test,Fuzzers,top,median,5,300,0.5728726983070374,0.8566666666666667,0.09129688143730164,0.7463605999946594,,
40f,40,40,43,test,Fuzzers,top,median,10,300,0.7169254422187805,0.9966666666666667,0.40815651416778564,0.7463605999946594,,
40f,40,40,43,test,Fuzzers,least,median,1,300,0.0,0.0,0.006167763844132423,0.7463605999946594,,
40f,40,40,43,test,Fuzzers,least,median,3,300,-0.00017773151921574026,0.0,0.006170391105115414,0.7463605999946594,,
40f,40,40,43,test,Fuzzers,least,median,5,300,0.005373709369450808,0.0033333333333333335,0.0063565573655068874,0.7463605999946594,,
40f,40,40,43,test,Fuzzers,least,median,10,300,0.050318218767642975,0.1,0.009325631894171238,0.7463605999946594,,
40f,40,40,43,test,Fuzzers,random,median,1,300,0.034095533192157745,0.043333333333333335,0.008833279833197594,0.7463605999946594,,
40f,40,40,43,test,Fuzzers,random,median,3,300,0.11096103489398956,0.16,0.014044330455362797,0.7463605999946594,,
40f,40,40,43,test,Fuzzers,random,median,5,300,0.18141111731529236,0.25666666666666665,0.023268312215805054,0.7463605999946594,,
40f,40,40,43,test,Fuzzers,random,median,10,300,0.3358983099460602,0.5033333333333333,0.052692778408527374,0.7463605999946594,,
40f,40,40,43,test,Fuzzers,top,random_row,1,300,0.27030742168426514,0.37666666666666665,0.19212859869003296,0.7463605999946594,,
40f,40,40,43,test,Fuzzers,top,random_row,3,300,0.478615403175354,0.7,0.24201591312885284,0.7463605999946594,,
40f,40,40,43,test,Fuzzers,top,random_row,5,300,0.5802444219589233,0.8533333333333334,0.29154855012893677,0.7463605999946594,,
40f,40,40,43,test,Fuzzers,top,random_row,10,300,0.6547383666038513,0.9166666666666666,0.3999665379524231,0.7463605999946594,,
40f,40,40,43,test,Fuzzers,least,random_row,1,300,0.0,0.0,0.17806528508663177,0.7463605999946594,,
40f,40,40,43,test,Fuzzers,least,random_row,3,300,-0.000278875813819468,0.0,0.1784643977880478,0.7463605999946594,,
40f,40,40,43,test,Fuzzers,least,random_row,5,300,0.012244812212884426,0.023333333333333334,0.1783381849527359,0.7463605999946594,,
40f,40,40,43,test,Fuzzers,least,random_row,10,300,0.05652422457933426,0.10666666666666667,0.17396779358386993,0.7463605999946594,,
40f,40,40,43,test,Fuzzers,random,random_row,1,300,0.037028584629297256,0.06666666666666667,0.17369580268859863,0.7463605999946594,,
40f,40,40,43,test,Fuzzers,random,random_row,3,300,0.12977361679077148,0.22,0.1707480251789093,0.7463605999946594,,
40f,40,40,43,test,Fuzzers,random,random_row,5,300,0.1950731724500656,0.33,0.16829398274421692,0.7463605999946594,,
40f,40,40,43,test,Fuzzers,random,random_row,10,300,0.3408181667327881,0.52,0.17199121415615082,0.7463605999946594,,
40f,40,40,43,test,Fuzzers,top_minus_random,median,1,300,0.20134106338024138,,,,0.1717286805336674,0.2304441652074456
40f,40,40,43,test,Fuzzers,top_minus_random,median,3,300,0.35305764188369115,,,,0.3208461989735564,0.3823254903107881
40f,40,40,43,test,Fuzzers,top_minus_random,median,5,300,0.3914616420865059,,,,0.3594147500644128,0.42315634718288975
40f,40,40,43,test,Fuzzers,top_minus_random,median,10,300,0.3810271467765172,,,,0.35141875002533196,0.41263404703885315
40f,40,40,43,test,Fuzzers,top_minus_random,random_row,1,300,0.23327883432308832,,,,0.2023349636346102,0.2653412749742468
40f,40,40,43,test,Fuzzers,top_minus_random,random_row,3,300,0.34884176244338355,,,,0.3109759234040976,0.3873887422308326
40f,40,40,43,test,Fuzzers,top_minus_random,random_row,5,300,0.385171260535717,,,,0.3502375024010738,0.4179997083991766
40f,40,40,43,test,Fuzzers,top_minus_random,random_row,10,300,0.3139201839764913,,,,0.283396517559886,0.3453983796785275
40f,40,40,43,test,Generic,top,median,1,300,0.17576956748962402,0.08666666666666667,0.05769500881433487,0.9849357008934021,,
40f,40,40,43,test,Generic,top,median,3,300,0.9276147484779358,1.0,0.5559463500976562,0.9849357008934021,,
40f,40,40,43,test,Generic,top,median,5,300,0.9817357659339905,1.0,0.8280432224273682,0.9849357008934021,,
40f,40,40,43,test,Generic,top,median,10,300,0.9834098219871521,1.0,0.9374495148658752,0.9849357008934021,,
40f,40,40,43,test,Generic,least,median,1,300,0.0,0.0,0.0035050769802182913,0.9849357008934021,,
40f,40,40,43,test,Generic,least,median,3,300,0.0,0.0,0.0035050769802182913,0.9849357008934021,,
40f,40,40,43,test,Generic,least,median,5,300,0.0004857257881667465,0.0,0.003540865145623684,0.9849357008934021,,
40f,40,40,43,test,Generic,least,median,10,300,0.004096136428415775,0.0033333333333333335,0.005234054755419493,0.9849357008934021,,
40f,40,40,43,test,Generic,random,median,1,300,0.006746775936335325,0.0,0.00652760686352849,0.9849357008934021,,
40f,40,40,43,test,Generic,random,median,3,300,0.03411764279007912,0.013333333333333334,0.015527743846178055,0.9849357008934021,,
40f,40,40,43,test,Generic,random,median,5,300,0.06987924873828888,0.03666666666666667,0.025218432769179344,0.9849357008934021,,
40f,40,40,43,test,Generic,random,median,10,300,0.2717016041278839,0.21666666666666667,0.09274215996265411,0.9849357008934021,,
40f,40,40,43,test,Generic,top,random_row,1,300,0.14329712092876434,0.06333333333333334,0.14306284487247467,0.9849357008934021,,
40f,40,40,43,test,Generic,top,random_row,3,300,0.7698453664779663,0.7933333333333333,0.525157630443573,0.9849357008934021,,
40f,40,40,43,test,Generic,top,random_row,5,300,0.9252844452857971,0.9633333333333334,0.7305731177330017,0.9849357008934021,,
40f,40,40,43,test,Generic,top,random_row,10,300,0.9400421977043152,0.9633333333333334,0.9037060737609863,0.9849357008934021,,
40f,40,40,43,test,Generic,least,random_row,1,300,0.0,0.0,0.04629729688167572,0.9849357008934021,,
40f,40,40,43,test,Generic,least,random_row,3,300,-2.167622312754247e-07,0.0,0.04629819095134735,0.9849357008934021,,
40f,40,40,43,test,Generic,least,random_row,5,300,0.0011220653541386127,0.0033333333333333335,0.04612830653786659,0.9849357008934021,,
40f,40,40,43,test,Generic,least,random_row,10,300,0.006374810356646776,0.01,0.04747430980205536,0.9849357008934021,,
40f,40,40,43,test,Generic,random,random_row,1,300,0.005794809199869633,0.0,0.05168939381837845,0.9849357008934021,,
40f,40,40,43,test,Generic,random,random_row,3,300,0.03233663737773895,0.013333333333333334,0.06208542361855507,0.9849357008934021,,
40f,40,40,43,test,Generic,random,random_row,5,300,0.07125325500965118,0.05333333333333334,0.07969780266284943,0.9849357008934021,,
40f,40,40,43,test,Generic,random,random_row,10,300,0.2457507848739624,0.21,0.14943180978298187,0.9849357008934021,,
40f,40,40,43,test,Generic,top_minus_random,median,1,300,0.16902279019355773,,,,0.1458723666916291,0.19501761370400586
40f,40,40,43,test,Generic,top_minus_random,median,3,300,0.8934971350431442,,,,0.8785854608416557,0.9074922984987498
40f,40,40,43,test,Generic,top_minus_random,median,5,300,0.9118564719955127,,,,0.88989220906049,0.9307343025753896
40f,40,40,43,test,Generic,top_minus_random,median,10,300,0.7117082311709721,,,,0.6727416763231158,0.7499849895288546
40f,40,40,43,test,Generic,top_minus_random,random_row,1,300,0.13750231434901555,,,,0.11668331408252318,0.16014403518040976
40f,40,40,43,test,Generic,top_minus_random,random_row,3,300,0.7375087745984396,,,,0.7066860544731219,0.7686204591219623
40f,40,40,43,test,Generic,top_minus_random,random_row,5,300,0.8540311292807261,,,,0.8235070507377386,0.8804327104339997
40f,40,40,43,test,Generic,top_minus_random,random_row,10,300,0.6942914236585299,,,,0.6517298757160703,0.737648358091712
40f,40,40,43,test,Normal,top,median,1,300,0.0864936038851738,0.09,0.9251292943954468,0.9287017583847046,,
40f,40,40,43,test,Normal,top,median,3,300,0.14558058977127075,0.14666666666666667,0.9362542629241943,0.9287017583847046,,
40f,40,40,43,test,Normal,top,median,5,300,0.19926731288433075,0.19,0.944369912147522,0.9287017583847046,,
40f,40,40,43,test,Normal,top,median,10,300,0.2925141453742981,0.24666666666666667,0.9616712331771851,0.9287017583847046,,
40f,40,40,43,test,Normal,least,median,1,300,0.0,0.0,0.9051340818405151,0.9287017583847046,,
40f,40,40,43,test,Normal,least,median,3,300,-8.758663898333907e-05,0.0,0.9050622582435608,0.9287017583847046,,
40f,40,40,43,test,Normal,least,median,5,300,0.001503327745012939,0.01,0.9008499979972839,0.9287017583847046,,
40f,40,40,43,test,Normal,least,median,10,300,-0.0011741796042770147,0.02,0.8809788823127747,0.9287017583847046,,
40f,40,40,43,test,Normal,random,median,1,300,0.005794708617031574,0.0033333333333333335,0.9006432890892029,0.9287017583847046,,
40f,40,40,43,test,Normal,random,median,3,300,0.016638297587633133,0.03333333333333333,0.8825257420539856,0.9287017583847046,,
40f,40,40,43,test,Normal,random,median,5,300,0.027424218133091927,0.04666666666666667,0.8749644160270691,0.9287017583847046,,
40f,40,40,43,test,Normal,random,median,10,300,0.053236428648233414,0.056666666666666664,0.8461665511131287,0.9287017583847046,,
40f,40,40,43,test,Normal,top,random_row,1,300,0.11906079947948456,0.13666666666666666,0.45898985862731934,0.9287017583847046,,
40f,40,40,43,test,Normal,top,random_row,3,300,0.3627210855484009,0.37666666666666665,0.6869428753852844,0.9287017583847046,,
40f,40,40,43,test,Normal,top,random_row,5,300,0.49805963039398193,0.5566666666666666,0.7415040135383606,0.9287017583847046,,
40f,40,40,43,test,Normal,top,random_row,10,300,0.6336411833763123,0.73,0.8485502600669861,0.9287017583847046,,
40f,40,40,43,test,Normal,least,random_row,1,300,0.0,0.0,0.3962991535663605,0.9287017583847046,,
40f,40,40,43,test,Normal,least,random_row,3,300,-6.319324165815488e-05,0.0,0.3964675962924957,0.9287017583847046,,
40f,40,40,43,test,Normal,least,random_row,5,300,-0.0009080770541913807,0.006666666666666667,0.39880216121673584,0.9287017583847046,,
40f,40,40,43,test,Normal,least,random_row,10,300,0.004904618486762047,0.03333333333333333,0.40195873379707336,0.9287017583847046,,
40f,40,40,43,test,Normal,random,random_row,1,300,0.01113188173621893,0.02666666666666667,0.4013555943965912,0.9287017583847046,,
40f,40,40,43,test,Normal,random,random_row,3,300,0.03512270748615265,0.06666666666666667,0.41902726888656616,0.9287017583847046,,
40f,40,40,43,test,Normal,random,random_row,5,300,0.05525550991296768,0.09,0.4249315559864044,0.9287017583847046,,
40f,40,40,43,test,Normal,random,random_row,10,300,0.12672856450080872,0.16,0.46069997549057007,0.9287017583847046,,
40f,40,40,43,test,Normal,top_minus_random,median,1,300,0.08069889426231384,,,,0.06488033045083284,0.09638608486453691
40f,40,40,43,test,Normal,top_minus_random,median,3,300,0.1289423069357872,,,,0.10747991625964641,0.15126876768718162
40f,40,40,43,test,Normal,top_minus_random,median,5,300,0.17184310644865036,,,,0.14592103749513627,0.1979289282982548
40f,40,40,43,test,Normal,top_minus_random,median,10,300,0.23927770723899205,,,,0.2138696043988069,0.26495858183006443
40f,40,40,43,test,Normal,top_minus_random,random_row,1,300,0.10792891065279643,,,,0.08638685699055593,0.1294530467738708
40f,40,40,43,test,Normal,top_minus_random,random_row,3,300,0.3275984067718188,,,,0.28777890172600745,0.36451809498171006
40f,40,40,43,test,Normal,top_minus_random,random_row,5,300,0.44280416568120323,,,,0.403046466358006,0.4783938742205501
40f,40,40,43,test,Normal,top_minus_random,random_row,10,300,0.5069125859936079,,,,0.4675289211720228,0.5496304972817501
40f,40,40,43,test,Overlap-Group-1,top,median,1,300,0.14821189641952515,0.22666666666666666,0.5350148677825928,0.5935168266296387,,
40f,40,40,43,test,Overlap-Group-1,top,median,3,300,0.40440744161605835,0.9333333333333333,0.5618913769721985,0.5935168266296387,,
40f,40,40,43,test,Overlap-Group-1,top,median,5,300,0.4913785755634308,0.9866666666666667,0.5676133036613464,0.5935168266296387,,
40f,40,40,43,test,Overlap-Group-1,top,median,10,300,0.5201781392097473,0.9933333333333333,0.585501492023468,0.5935168266296387,,
40f,40,40,43,test,Overlap-Group-1,least,median,1,300,0.0,0.0,0.05977961793541908,0.5935168266296387,,
40f,40,40,43,test,Overlap-Group-1,least,median,3,300,0.0010770285734906793,0.0033333333333333335,0.059983495622873306,0.5935168266296387,,
40f,40,40,43,test,Overlap-Group-1,least,median,5,300,-0.005207009147852659,0.0033333333333333335,0.06349869817495346,0.5935168266296387,,
40f,40,40,43,test,Overlap-Group-1,least,median,10,300,-0.006615668535232544,0.023333333333333334,0.09232699126005173,0.5935168266296387,,
40f,40,40,43,test,Overlap-Group-1,random,median,1,300,0.014855596236884594,0.04666666666666667,0.07766272872686386,0.5935168266296387,,
40f,40,40,43,test,Overlap-Group-1,random,median,3,300,0.0422598198056221,0.12,0.11506269127130508,0.5935168266296387,,
40f,40,40,43,test,Overlap-Group-1,random,median,5,300,0.06742585450410843,0.17666666666666667,0.14003349840641022,0.5935168266296387,,
40f,40,40,43,test,Overlap-Group-1,random,median,10,300,0.14119811356067657,0.31,0.21123652160167694,0.5935168266296387,,
40f,40,40,43,test,Overlap-Group-1,top,random_row,1,300,0.15488281846046448,0.21333333333333335,0.1269477903842926,0.5935168266296387,,
40f,40,40,43,test,Overlap-Group-1,top,random_row,3,300,0.38844817876815796,0.8866666666666667,0.1920301765203476,0.5935168266296387,,
40f,40,40,43,test,Overlap-Group-1,top,random_row,5,300,0.47550323605537415,0.9333333333333333,0.26441437005996704,0.5935168266296387,,
40f,40,40,43,test,Overlap-Group-1,top,random_row,10,300,0.5309909582138062,0.9633333333333334,0.4548569321632385,0.5935168266296387,,
40f,40,40,43,test,Overlap-Group-1,least,random_row,1,300,0.0,0.0,0.0772920697927475,0.5935168266296387,,
40f,40,40,43,test,Overlap-Group-1,least,random_row,3,300,0.0011626797495409846,0.0,0.07719714939594269,0.5935168266296387,,
40f,40,40,43,test,Overlap-Group-1,least,random_row,5,300,-0.0031963640358299017,0.0033333333333333335,0.0756644532084465,0.5935168266296387,,
40f,40,40,43,test,Overlap-Group-1,least,random_row,10,300,-0.03111460618674755,0.043333333333333335,0.07862117886543274,0.5935168266296387,,
40f,40,40,43,test,Overlap-Group-1,random,random_row,1,300,0.02216080017387867,0.06666666666666667,0.08170751482248306,0.5935168266296387,,
40f,40,40,43,test,Overlap-Group-1,random,random_row,3,300,0.0665990337729454,0.14666666666666667,0.0837506502866745,0.5935168266296387,,
40f,40,40,43,test,Overlap-Group-1,random,random_row,5,300,0.09856181591749191,0.23333333333333334,0.08912281692028046,0.5935168266296387,,
40f,40,40,43,test,Overlap-Group-1,random,random_row,10,300,0.18355537950992584,0.3933333333333333,0.11664383113384247,0.5935168266296387,,
40f,40,40,43,test,Overlap-Group-1,top_minus_random,median,1,300,0.1333563111225764,,,,0.11649870847413937,0.15078072744359575
40f,40,40,43,test,Overlap-Group-1,top_minus_random,median,3,300,0.3621476304531097,,,,0.34425880481054383,0.37912707926829653
40f,40,40,43,test,Overlap-Group-1,top_minus_random,median,5,300,0.42395274599393207,,,,0.4025537742301822,0.4441996254871289
40f,40,40,43,test,Overlap-Group-1,top_minus_random,median,10,300,0.3789800128340721,,,,0.3532846462701758,0.4018816600342591
40f,40,40,43,test,Overlap-Group-1,top_minus_random,random_row,1,300,0.1327220176657041,,,,0.11428410769502322,0.15053887655586004
40f,40,40,43,test,Overlap-Group-1,top_minus_random,random_row,3,300,0.32184912741184235,,,,0.2981668818915884,0.34421127489457526
40f,40,40,43,test,Overlap-Group-1,top_minus_random,random_row,5,300,0.3769413638114929,,,,0.35370469696323076,0.40067737741271653
40f,40,40,43,test,Overlap-Group-1,top_minus_random,random_row,10,300,0.347435586253802,,,,0.32293461391578115,0.37052388255794844
40f,40,40,43,test,Reconnaissance,top,median,1,300,0.5743724703788757,0.3433333333333333,0.03368480131030083,0.9160976409912109,,
40f,40,40,43,test,Reconnaissance,top,median,3,300,0.8927274346351624,1.0,0.17796722054481506,0.9160976409912109,,
40f,40,40,43,test,Reconnaissance,top,median,5,300,0.9049854278564453,1.0,0.754229724407196,0.9160976409912109,,
40f,40,40,43,test,Reconnaissance,top,median,10,300,0.907235324382782,1.0,0.8835580348968506,0.9160976409912109,,
40f,40,40,43,test,Reconnaissance,least,median,1,300,0.0,0.0,0.0027827469166368246,0.9160976409912109,,
40f,40,40,43,test,Reconnaissance,least,median,3,300,0.0,0.0,0.0027827469166368246,0.9160976409912109,,
40f,40,40,43,test,Reconnaissance,least,median,5,300,-0.00010483821097295731,0.0,0.0029293629340827465,0.9160976409912109,,
40f,40,40,43,test,Reconnaissance,least,median,10,300,0.0029266353230923414,0.0033333333333333335,0.0037393716629594564,0.9160976409912109,,
40f,40,40,43,test,Reconnaissance,random,median,1,300,0.03166019544005394,0.023333333333333334,0.004592242185026407,0.9160976409912109,,
40f,40,40,43,test,Reconnaissance,random,median,3,300,0.1083831936120987,0.11,0.009916177950799465,0.9160976409912109,,
40f,40,40,43,test,Reconnaissance,random,median,5,300,0.1883537918329239,0.19,0.014229752123355865,0.9160976409912109,,
40f,40,40,43,test,Reconnaissance,random,median,10,300,0.39652159810066223,0.39,0.053470585495233536,0.9160976409912109,,
40f,40,40,43,test,Reconnaissance,top,random_row,1,300,0.4736194908618927,0.33,0.09405409544706345,0.9160976409912109,,
40f,40,40,43,test,Reconnaissance,top,random_row,3,300,0.8150928020477295,0.9233333333333333,0.1582193821668625,0.9160976409912109,,
40f,40,40,43,test,Reconnaissance,top,random_row,5,300,0.8533921241760254,0.95,0.2955765426158905,0.9160976409912109,,
40f,40,40,43,test,Reconnaissance,top,random_row,10,300,0.860110878944397,0.9533333333333334,0.5151685476303101,0.9160976409912109,,
40f,40,40,43,test,Reconnaissance,least,random_row,1,300,0.0,0.0,0.082276351749897,0.9160976409912109,,
40f,40,40,43,test,Reconnaissance,least,random_row,3,300,0.00023503621923737228,0.0,0.0822763741016388,0.9160976409912109,,
40f,40,40,43,test,Reconnaissance,least,random_row,5,300,0.0027602810878306627,0.0033333333333333335,0.08202478289604187,0.9160976409912109,,
40f,40,40,43,test,Reconnaissance,least,random_row,10,300,0.023622356355190277,0.056666666666666664,0.08101408928632736,0.9160976409912109,,
40f,40,40,43,test,Reconnaissance,random,random_row,1,300,0.035375844687223434,0.04,0.08199035376310349,0.9160976409912109,,
40f,40,40,43,test,Reconnaissance,random,random_row,3,300,0.10988187044858932,0.11,0.08355075865983963,0.9160976409912109,,
40f,40,40,43,test,Reconnaissance,random,random_row,5,300,0.2001422941684723,0.20333333333333334,0.08216850459575653,0.9160976409912109,,
40f,40,40,43,test,Reconnaissance,random,random_row,10,300,0.4459642171859741,0.45666666666666667,0.09290064126253128,0.9160976409912109,,
40f,40,40,43,test,Reconnaissance,top_minus_random,median,1,300,0.5427122575044632,,,,0.5233942057391008,0.5620404359425107
40f,40,40,43,test,Reconnaissance,top_minus_random,median,3,300,0.7843442703286807,,,,0.7532360634580254,0.8121138107726972
40f,40,40,43,test,Reconnaissance,top_minus_random,median,5,300,0.7166316279768944,,,,0.6789120257422329,0.7523743471503258
40f,40,40,43,test,Reconnaissance,top_minus_random,median,10,300,0.510713703930378,,,,0.46973296041289964,0.5511063863510887
40f,40,40,43,test,Reconnaissance,top_minus_random,random_row,1,300,0.4382436256607374,,,,0.4064604869435231,0.468845401207606
40f,40,40,43,test,Reconnaissance,top_minus_random,random_row,3,300,0.705210946003596,,,,0.6703890580187242,0.7375707048500578
40f,40,40,43,test,Reconnaissance,top_minus_random,random_row,5,300,0.6532498261332512,,,,0.6120642902726929,0.6926355699772636
40f,40,40,43,test,Reconnaissance,top_minus_random,random_row,10,300,0.4141466937462489,,,,0.37314065349847075,0.4535497183203697
40f,40,40,43,test,Unknown,top,median,1,200,0.10395621508359909,0.505,0.3054291009902954,0.4412075877189636,,
40f,40,40,43,test,Unknown,top,median,3,200,0.25483646988868713,0.94,0.3782365322113037,0.4412075877189636,,
40f,40,40,43,test,Unknown,top,median,5,200,0.3175102770328522,0.965,0.45355290174484253,0.4412075877189636,,
40f,40,40,43,test,Unknown,top,median,10,200,0.3642721176147461,0.97,0.5855911374092102,0.4412075877189636,,
40f,40,40,43,test,Unknown,least,median,1,200,0.0,0.0,0.2457255721092224,0.4412075877189636,,
40f,40,40,43,test,Unknown,least,median,3,200,-0.0006012426456436515,0.0,0.24595479667186737,0.4412075877189636,,
40f,40,40,43,test,Unknown,least,median,5,200,0.0041156490333378315,0.07,0.24553182721138,0.4412075877189636,,
40f,40,40,43,test,Unknown,least,median,10,200,0.020383309572935104,0.335,0.24864715337753296,0.4412075877189636,,
40f,40,40,43,test,Unknown,random,median,1,200,0.007947143167257309,0.19,0.24718624353408813,0.4412075877189636,,
40f,40,40,43,test,Unknown,random,median,3,200,0.04014170542359352,0.375,0.2522752583026886,0.4412075877189636,,
40f,40,40,43,test,Unknown,random,median,5,200,0.06036148965358734,0.48,0.26576393842697144,0.4412075877189636,,
40f,40,40,43,test,Unknown,random,median,10,200,0.11999593675136566,0.58,0.2824418544769287,0.4412075877189636,,
40f,40,40,43,test,Unknown,top,random_row,1,200,0.12221452593803406,0.53,0.19914714992046356,0.4412075877189636,,
40f,40,40,43,test,Unknown,top,random_row,3,200,0.27219387888908386,0.85,0.25107210874557495,0.4412075877189636,,
40f,40,40,43,test,Unknown,top,random_row,5,200,0.3253222703933716,0.92,0.3049860894680023,0.4412075877189636,,
40f,40,40,43,test,Unknown,top,random_row,10,200,0.36607807874679565,0.955,0.4327027201652527,0.4412075877189636,,
40f,40,40,43,test,Unknown,least,random_row,1,200,0.0,0.0,0.18460451066493988,0.4412075877189636,,
40f,40,40,43,test,Unknown,least,random_row,3,200,-0.0002803942479658872,0.0,0.18463332951068878,0.4412075877189636,,
40f,40,40,43,test,Unknown,least,random_row,5,200,-0.0018905699253082275,0.075,0.18576641380786896,0.4412075877189636,,
40f,40,40,43,test,Unknown,least,random_row,10,200,0.021170729771256447,0.33,0.18710748851299286,0.4412075877189636,,
40f,40,40,43,test,Unknown,random,random_row,1,200,0.01805458962917328,0.215,0.18240247666835785,0.4412075877189636,,
40f,40,40,43,test,Unknown,random,random_row,3,200,0.05157887935638428,0.47,0.1872696727514267,0.4412075877189636,,
40f,40,40,43,test,Unknown,random,random_row,5,200,0.07927864789962769,0.515,0.1891636997461319,0.4412075877189636,,
40f,40,40,43,test,Unknown,random,random_row,10,200,0.1361541748046875,0.645,0.19730208814144135,0.4412075877189636,,
40f,40,40,43,test,Unknown,top_minus_random,median,1,200,0.09600907281041145,,,,0.07306982615403831,0.1202380132768303
40f,40,40,43,test,Unknown,top_minus_random,median,3,200,0.21469477094709874,,,,0.19037568918801845,0.23859634688310324
40f,40,40,43,test,Unknown,top_minus_random,median,5,200,0.25714878872036934,,,,0.2315516843404621,0.28333923101611436
40f,40,40,43,test,Unknown,top_minus_random,median,10,200,0.2442761742323637,,,,0.21728628245554865,0.27556326373293993
40f,40,40,43,test,Unknown,top_minus_random,random_row,1,200,0.10415993757545948,,,,0.07761833780258895,0.13203463468700644
40f,40,40,43,test,Unknown,top_minus_random,random_row,3,200,0.2206149960309267,,,,0.1908142175525427,0.2518809547424316
40f,40,40,43,test,Unknown,top_minus_random,random_row,5,200,0.24604365147650242,,,,0.2171558006107807,0.2747644663397223
40f,40,40,43,test,Unknown,top_minus_random,random_row,10,200,0.22992386922240257,,,,0.2021875758748502,0.2563339637536556
40f,40,40,43,validation,all,top,median,1,2000,0.21589983999729156,0.2255,0.30505290627479553,0.8034284114837646,,
40f,40,40,43,validation,all,top,median,3,2000,0.5220631957054138,0.762,0.4842419922351837,0.8034284114837646,,
40f,40,40,43,validation,all,top,median,5,2000,0.601526141166687,0.83,0.6506285667419434,0.8034284114837646,,
40f,40,40,43,validation,all,top,median,10,2000,0.6535077691078186,0.8535,0.7570968270301819,0.8034284114837646,,
40f,40,40,43,validation,all,least,median,1,2000,0.0,0.0,0.16275016963481903,0.8034284114837646,,
40f,40,40,43,validation,all,least,median,3,2000,5.004326885682531e-05,0.0005,0.16280683875083923,0.8034284114837646,,
40f,40,40,43,validation,all,least,median,5,2000,6.884336471557617e-05,0.006,0.16288065910339355,0.8034284114837646,,
40f,40,40,43,validation,all,least,median,10,2000,0.0053968606516718864,0.036,0.16753120720386505,0.8034284114837646,,
40f,40,40,43,validation,all,random,median,1,2000,0.020165694877505302,0.0395,0.17135392129421234,0.8034284114837646,,
40f,40,40,43,validation,all,random,median,3,2000,0.056359320878982544,0.102,0.18645118176937103,0.8034284114837646,,
40f,40,40,43,validation,all,random,median,5,2000,0.09893565624952316,0.154,0.20088259875774384,0.8034284114837646,,
40f,40,40,43,validation,all,random,median,10,2000,0.21906451880931854,0.313,0.2496991604566574,0.8034284114837646,,
40f,40,40,43,validation,all,top,random_row,1,2000,0.20226223766803741,0.238,0.20938873291015625,0.8034284114837646,,
40f,40,40,43,validation,all,top,random_row,3,2000,0.4968993067741394,0.7025,0.3630940616130829,0.8034284114837646,,
40f,40,40,43,validation,all,top,random_row,5,2000,0.5953787565231323,0.803,0.47043561935424805,0.8034284114837646,,
40f,40,40,43,validation,all,top,random_row,10,2000,0.6597675681114197,0.858,0.6287177801132202,0.8034284114837646,,
40f,40,40,43,validation,all,least,random_row,1,2000,0.0,0.0,0.16133125126361847,0.8034284114837646,,
40f,40,40,43,validation,all,least,random_row,3,2000,0.00014351577556226403,0.001,0.16140978038311005,0.8034284114837646,,
40f,40,40,43,validation,all,least,random_row,5,2000,0.0017617817502468824,0.0145,0.16132189333438873,0.8034284114837646,,
40f,40,40,43,validation,all,least,random_row,10,2000,0.007091600447893143,0.047,0.1647566556930542,0.8034284114837646,,
40f,40,40,43,validation,all,random,random_row,1,2000,0.02169778384268284,0.045,0.1658850610256195,0.8034284114837646,,
40f,40,40,43,validation,all,random,random_row,3,2000,0.0639062225818634,0.113,0.17519862949848175,0.8034284114837646,,
40f,40,40,43,validation,all,random,random_row,5,2000,0.11235097050666809,0.177,0.18419528007507324,0.8034284114837646,,
40f,40,40,43,validation,all,random,random_row,10,2000,0.23670826852321625,0.334,0.23309139907360077,0.8034284114837646,,
40f,40,40,43,validation,all,top_minus_random,median,1,2000,0.19573413574695586,,,,0.18494569667521862,0.20758803731948136
40f,40,40,43,validation,all,top_minus_random,median,3,2000,0.4657038356587291,,,,0.4523052980529144,0.47996306707784536
40f,40,40,43,validation,all,top_minus_random,median,5,2000,0.5025904249548913,,,,0.48832780095171185,0.5169923344213515
40f,40,40,43,validation,all,top_minus_random,median,10,2000,0.43444326125085353,,,,0.42023686839491126,0.44939569798000156
40f,40,40,43,validation,all,top_minus_random,random_row,1,2000,0.18056444587558507,,,,0.16940395220350477,0.1924637959437445
40f,40,40,43,validation,all,top_minus_random,random_row,3,2000,0.4329930608943105,,,,0.4187557331727818,0.44790957551021127
40f,40,40,43,validation,all,top_minus_random,random_row,5,2000,0.4830278367474675,,,,0.4684849197659641,0.4978756702721119
40f,40,40,43,validation,all,top_minus_random,random_row,10,2000,0.4230592842400074,,,,0.4081382700970396,0.43908627382796256
40f,40,40,43,validation,Exploits,top,median,1,300,0.1475464403629303,0.13,0.05567071959376335,0.8600792288780212,,
40f,40,40,43,validation,Exploits,top,median,3,300,0.5329002141952515,0.71,0.46261703968048096,0.8600792288780212,,
40f,40,40,43,validation,Exploits,top,median,5,300,0.721123456954956,0.9666666666666667,0.6961030960083008,0.8600792288780212,,
40f,40,40,43,validation,Exploits,top,median,10,300,0.8166559338569641,1.0,0.8478792309761047,0.8600792288780212,,
40f,40,40,43,validation,Exploits,least,median,1,300,0.0,0.0,0.02263079397380352,0.8600792288780212,,
40f,40,40,43,validation,Exploits,least,median,3,300,-1.8864075173041783e-05,0.0,0.022617757320404053,0.8600792288780212,,
40f,40,40,43,validation,Exploits,least,median,5,300,0.0003951432299800217,0.0,0.022715047001838684,0.8600792288780212,,
40f,40,40,43,validation,Exploits,least,median,10,300,0.0009245293331332505,0.0033333333333333335,0.024915365502238274,0.8600792288780212,,
40f,40,40,43,validation,Exploits,random,median,1,300,0.032058294862508774,0.03666666666666667,0.035783976316452026,0.8600792288780212,,
40f,40,40,43,validation,Exploits,random,median,3,300,0.08058508485555649,0.09,0.06313122808933258,0.8600792288780212,,
40f,40,40,43,validation,Exploits,random,median,5,300,0.1458611935377121,0.15666666666666668,0.09319303184747696,0.8600792288780212,,
40f,40,40,43,validation,Exploits,random,median,10,300,0.2954053282737732,0.3333333333333333,0.18352574110031128,0.8600792288780212,,
40f,40,40,43,validation,Exploits,top,random_row,1,300,0.09886886924505234,0.07333333333333333,0.22022761404514313,0.8600792288780212,,
40f,40,40,43,validation,Exploits,top,random_row,3,300,0.3692746162414551,0.4166666666666667,0.3348758816719055,0.8600792288780212,,
40f,40,40,43,validation,Exploits,top,random_row,5,300,0.49749553203582764,0.62,0.44977274537086487,0.8600792288780212,,
40f,40,40,43,validation,Exploits,top,random_row,10,300,0.6218802332878113,0.7366666666666667,0.6958886981010437,0.8600792288780212,,
40f,40,40,43,validation,Exploits,least,random_row,1,300,0.0,0.0,0.1778528392314911,0.8600792288780212,,
40f,40,40,43,validation,Exploits,least,random_row,3,300,0.00035484859836287796,0.0033333333333333335,0.17787128686904907,0.8600792288780212,,
40f,40,40,43,validation,Exploits,least,random_row,5,300,0.001121992478147149,0.0033333333333333335,0.17895273864269257,0.8600792288780212,,
40f,40,40,43,validation,Exploits,least,random_row,10,300,0.002328704111278057,0.0033333333333333335,0.18835507333278656,0.8600792288780212,,
40f,40,40,43,validation,Exploits,random,random_row,1,300,0.015883559361100197,0.016666666666666666,0.18709637224674225,0.8600792288780212,,
40f,40,40,43,validation,Exploits,random,random_row,3,300,0.04768383130431175,0.04666666666666667,0.20517103374004364,0.8600792288780212,,
40f,40,40,43,validation,Exploits,random,random_row,5,300,0.07642170041799545,0.07666666666666666,0.2244059294462204,0.8600792288780212,,
40f,40,40,43,validation,Exploits,random,random_row,10,300,0.18721364438533783,0.17666666666666667,0.3130030930042267,0.8600792288780212,,
40f,40,40,43,validation,Exploits,top_minus_random,median,1,300,0.11548814247051875,,,,0.0884194570357601,0.14268483611692984
40f,40,40,43,validation,Exploits,top_minus_random,median,3,300,0.4523151297370593,,,,0.41550763276716074,0.4863857876410087
40f,40,40,43,validation,Exploits,top_minus_random,median,5,300,0.5752622745434444,,,,0.5428023217618465,0.6051839475482702
40f,40,40,43,validation,Exploits,top_minus_random,median,10,300,0.5212506088614464,,,,0.485087337491413,0.5572493429904183
40f,40,40,43,validation,Exploits,top_minus_random,random_row,1,300,0.08298530260721843,,,,0.06267697237928709,0.10608018357306719
40f,40,40,43,validation,Exploits,top_minus_random,random_row,3,300,0.321590790549914,,,,0.28659686499089,0.35834642020861307
40f,40,40,43,validation,Exploits,top_minus_random,random_row,5,300,0.42107385357220967,,,,0.38937945379068456,0.45584261034925777
40f,40,40,43,validation,Exploits,top_minus_random,random_row,10,300,0.43466661900281905,,,,0.3965612742130955,0.46743176182111107
40f,40,40,43,validation,Fuzzers,top,median,1,300,0.2949904501438141,0.33666666666666667,0.01999770477414131,0.7687788009643555,,
40f,40,40,43,validation,Fuzzers,top,median,3,300,0.5019755959510803,0.7166666666666667,0.06245705857872963,0.7687788009643555,,
40f,40,40,43,validation,Fuzzers,top,median,5,300,0.6131438612937927,0.8733333333333333,0.11785078793764114,0.7687788009643555,,
40f,40,40,43,validation,Fuzzers,top,median,10,300,0.7418472170829773,1.0,0.44875574111938477,0.7687788009643555,,
40f,40,40,43,validation,Fuzzers,least,median,1,300,0.0,0.0,0.006167763844132423,0.7687788009643555,,
40f,40,40,43,validation,Fuzzers,least,median,3,300,8.312900899909437e-05,0.0,0.006172552704811096,0.7687788009643555,,
40f,40,40,43,validation,Fuzzers,least,median,5,300,0.009894541464745998,0.006666666666666667,0.006432289257645607,0.7687788009643555,,
40f,40,40,43,validation,Fuzzers,least,median,10,300,0.042952701449394226,0.056666666666666664,0.008284507319331169,0.7687788009643555,,
40f,40,40,43,validation,Fuzzers,random,median,1,300,0.036611221730709076,0.043333333333333335,0.008937948383390903,0.7687788009643555,,
40f,40,40,43,validation,Fuzzers,random,median,3,300,0.09126270562410355,0.12333333333333334,0.014805784448981285,0.7687788009643555,,
40f,40,40,43,validation,Fuzzers,random,median,5,300,0.15848112106323242,0.20666666666666667,0.02392074093222618,0.7687788009643555,,
40f,40,40,43,validation,Fuzzers,random,median,10,300,0.3156782388687134,0.45,0.056573573499917984,0.7687788009643555,,
40f,40,40,43,validation,Fuzzers,top,random_row,1,300,0.3238016664981842,0.45,0.1505129039287567,0.7687788009643555,,
40f,40,40,43,validation,Fuzzers,top,random_row,3,300,0.5343097448348999,0.7566666666666667,0.2092539370059967,0.7687788009643555,,
40f,40,40,43,validation,Fuzzers,top,random_row,5,300,0.6226426959037781,0.8566666666666667,0.2618016302585602,0.7687788009643555,,
40f,40,40,43,validation,Fuzzers,top,random_row,10,300,0.6877179741859436,0.9066666666666666,0.3748337924480438,0.7687788009643555,,
40f,40,40,43,validation,Fuzzers,least,random_row,1,300,0.0,0.0,0.13975606858730316,0.7687788009643555,,
40f,40,40,43,validation,Fuzzers,least,random_row,3,300,0.0007775066187605262,0.0,0.13942179083824158,0.7687788009643555,,
40f,40,40,43,validation,Fuzzers,least,random_row,5,300,0.011877077631652355,0.02,0.14036650955677032,0.7687788009643555,,
40f,40,40,43,validation,Fuzzers,least,random_row,10,300,0.051399681717157364,0.07666666666666666,0.14273598790168762,0.7687788009643555,,
40f,40,40,43,validation,Fuzzers,random,random_row,1,300,0.05427195131778717,0.08333333333333333,0.140957772731781,0.7687788009643555,,
40f,40,40,43,validation,Fuzzers,random,random_row,3,300,0.14646531641483307,0.20333333333333334,0.14634868502616882,0.7687788009643555,,
40f,40,40,43,validation,Fuzzers,random,random_row,5,300,0.2389136701822281,0.34,0.14723335206508636,0.7687788009643555,,
40f,40,40,43,validation,Fuzzers,random,random_row,10,300,0.38869068026542664,0.55,0.16517223417758942,0.7687788009643555,,
40f,40,40,43,validation,Fuzzers,top_minus_random,median,1,300,0.25837922970453897,,,,0.22774464972565572,0.29121579688042404
40f,40,40,43,validation,Fuzzers,top_minus_random,median,3,300,0.4107129269838333,,,,0.37533473943918944,0.44368544894456863
40f,40,40,43,validation,Fuzzers,top_minus_random,median,5,300,0.4546627574165662,,,,0.42300289201239744,0.4848069748828808
40f,40,40,43,validation,Fuzzers,top_minus_random,median,10,300,0.4261689786116282,,,,0.39794343251734976,0.45469425959140064
40f,40,40,43,validation,Fuzzers,top_minus_random,random_row,1,300,0.2695297438899676,,,,0.235824959029754,0.30310800309479236
40f,40,40,43,validation,Fuzzers,top_minus_random,random_row,3,300,0.38784440418084465,,,,0.3487292824164033,0.4251722942590713
40f,40,40,43,validation,Fuzzers,top_minus_random,random_row,5,300,0.3837289806207021,,,,0.3493974575822552,0.4180516894161701
40f,40,40,43,validation,Fuzzers,top_minus_random,random_row,10,300,0.2990272917350133,,,,0.2699229515989622,0.3296347259506583
40f,40,40,43,validation,Generic,top,median,1,300,0.12561827898025513,0.13666666666666666,0.05436854064464569,0.9654483795166016,,
40f,40,40,43,validation,Generic,top,median,3,300,0.8857400417327881,1.0,0.5750465989112854,0.9654483795166016,,
40f,40,40,43,validation,Generic,top,median,5,300,0.9624236226081848,1.0,0.8165075182914734,0.9654483795166016,,
40f,40,40,43,validation,Generic,top,median,10,300,0.9636942744255066,1.0,0.9042297601699829,0.9654483795166016,,
40f,40,40,43,validation,Generic,least,median,1,300,0.0,0.0,0.0035050769802182913,0.9654483795166016,,
40f,40,40,43,validation,Generic,least,median,3,300,0.0,0.0,0.0035050769802182913,0.9654483795166016,,
40f,40,40,43,validation,Generic,least,median,5,300,0.0025120782665908337,0.0033333333333333335,0.0035803341306746006,0.9654483795166016,,
40f,40,40,43,validation,Generic,least,median,10,300,0.006980902515351772,0.013333333333333334,0.004898231942206621,0.9654483795166016,,
40f,40,40,43,validation,Generic,random,median,1,300,0.010525604709982872,0.016666666666666666,0.00528906611725688,0.9654483795166016,,
40f,40,40,43,validation,Generic,random,median,3,300,0.03823116421699524,0.04666666666666667,0.012912779115140438,0.9654483795166016,,
40f,40,40,43,validation,Generic,random,median,5,300,0.08062176406383514,0.08333333333333333,0.026623820886015892,0.9654483795166016,,
40f,40,40,43,validation,Generic,random,median,10,300,0.2566051185131073,0.23333333333333334,0.08173169195652008,0.9654483795166016,,
40f,40,40,43,validation,Generic,top,random_row,1,300,0.10597364604473114,0.12333333333333334,0.1411728411912918,0.9654483795166016,,
40f,40,40,43,validation,Generic,top,random_row,3,300,0.7476921677589417,0.85,0.5481701493263245,0.9654483795166016,,
40f,40,40,43,validation,Generic,top,random_row,5,300,0.9114534258842468,0.9666666666666667,0.7715389132499695,0.9654483795166016,,
40f,40,40,43,validation,Generic,top,random_row,10,300,0.926537275314331,0.9666666666666667,0.8888406157493591,0.9654483795166016,,
40f,40,40,43,validation,Generic,least,random_row,1,300,0.0,0.0,0.04851743206381798,0.9654483795166016,,
40f,40,40,43,validation,Generic,least,random_row,3,300,6.755193293628281e-09,0.0,0.048521049320697784,0.9654483795166016,,
40f,40,40,43,validation,Generic,least,random_row,5,300,0.0023310361430048943,0.0033333333333333335,0.047438811510801315,0.9654483795166016,,
40f,40,40,43,validation,Generic,least,random_row,10,300,0.007813583128154278,0.016666666666666666,0.044973816722631454,0.9654483795166016,,
40f,40,40,43,validation,Generic,random,random_row,1,300,0.006652104668319225,0.006666666666666667,0.04974015802145004,0.9654483795166016,,
40f,40,40,43,validation,Generic,random,random_row,3,300,0.03158818557858467,0.03333333333333333,0.06466073542833328,0.9654483795166016,,
40f,40,40,43,validation,Generic,random,random_row,5,300,0.07781259715557098,0.09,0.07565350830554962,0.9654483795166016,,
40f,40,40,43,validation,Generic,random,random_row,10,300,0.21604196727275848,0.18666666666666668,0.1483427882194519,0.9654483795166016,,
40f,40,40,43,validation,Generic,top_minus_random,median,1,300,0.11509268720944722,,,,0.09195392871399721,0.1409808045650522
40f,40,40,43,validation,Generic,top_minus_random,median,3,300,0.847508904437224,,,,0.8269017158746719,0.8673670173858603
40f,40,40,43,validation,Generic,top_minus_random,median,5,300,0.8818018513917923,,,,0.8531394521941741,0.9080099314401547
40f,40,40,43,validation,Generic,top_minus_random,median,10,300,0.7070891280968984,,,,0.6658966508011024,0.7429362351844707
40f,40,40,43,validation,Generic,top_minus_random,random_row,1,300,0.09932153910398483,,,,0.07851016151160002,0.12183461091915765
40f,40,40,43,validation,Generic,top_minus_random,random_row,3,300,0.7161039774616559,,,,0.6835307050297659,0.7470066011995078
40f,40,40,43,validation,Generic,top_minus_random,random_row,5,300,0.8336408800880114,,,,0.8008981446226439,0.864094780591627
40f,40,40,43,validation,Generic,top_minus_random,random_row,10,300,0.7104953452944756,,,,0.6709230437849958,0.7484788188512127
40f,40,40,43,validation,Normal,top,median,1,300,0.06680767983198166,0.03666666666666667,0.9706872701644897,0.9759029150009155,,
40f,40,40,43,validation,Normal,top,median,3,300,0.08127785474061966,0.06,0.9816062450408936,0.9759029150009155,,
40f,40,40,43,validation,Normal,top,median,5,300,0.11715394258499146,0.06666666666666667,0.9870253205299377,0.9759029150009155,,
40f,40,40,43,validation,Normal,top,median,10,300,0.19938065111637115,0.06,0.9923198223114014,0.9759029150009155,,
40f,40,40,43,validation,Normal,least,median,1,300,0.0,0.0,0.9051340818405151,0.9759029150009155,,
40f,40,40,43,validation,Normal,least,median,3,300,2.4167695755750174e-06,0.0,0.9054030179977417,0.9759029150009155,,
40f,40,40,43,validation,Normal,least,median,5,300,-0.0005661579198203981,0.0,0.9012706279754639,0.9759029150009155,,
40f,40,40,43,validation,Normal,least,median,10,300,0.0016726857284083962,0.01,0.8889279961585999,0.9759029150009155,,
40f,40,40,43,validation,Normal,random,median,1,300,0.002076453296467662,0.01,0.901100754737854,0.9759029150009155,,
40f,40,40,43,validation,Normal,random,median,3,300,0.0036401788238435984,0.02,0.8981781005859375,0.9759029150009155,,
40f,40,40,43,validation,Normal,random,median,5,300,0.006446619052439928,0.023333333333333334,0.8956556916236877,0.9759029150009155,,
40f,40,40,43,validation,Normal,random,median,10,300,0.023359572514891624,0.016666666666666666,0.8855112791061401,0.9759029150009155,,
40f,40,40,43,validation,Normal,top,random_row,1,300,0.08471596986055374,0.06666666666666667,0.5299357175827026,0.9759029150009155,,
40f,40,40,43,validation,Normal,top,random_row,3,300,0.28137314319610596,0.2866666666666667,0.7709140181541443,0.9759029150009155,,
40f,40,40,43,validation,Normal,top,random_row,5,300,0.41696658730506897,0.4266666666666667,0.8377438187599182,0.9759029150009155,,
40f,40,40,43,validation,Normal,top,random_row,10,300,0.5526108741760254,0.59,0.9278001189231873,0.9759029150009155,,
40f,40,40,43,validation,Normal,least,random_row,1,300,0.0,0.0,0.449375718832016,0.9759029150009155,,
40f,40,40,43,validation,Normal,least,random_row,3,300,2.992351937791682e-06,0.0,0.44989868998527527,0.9759029150009155,,
40f,40,40,43,validation,Normal,least,random_row,5,300,-0.0010562120005488396,0.0,0.45097604393959045,0.9759029150009155,,
40f,40,40,43,validation,Normal,least,random_row,10,300,0.0022374324034899473,0.013333333333333334,0.45771005749702454,0.9759029150009155,,
40f,40,40,43,validation,Normal,random,random_row,1,300,0.004716768395155668,0.01,0.45940205454826355,0.9759029150009155,,
40f,40,40,43,validation,Normal,random,random_row,3,300,0.007144864182919264,0.016666666666666666,0.4699690639972687,0.9759029150009155,,
40f,40,40,43,validation,Normal,random,random_row,5,300,0.015496543608605862,0.02,0.48177358508110046,0.9759029150009155,,
40f,40,40,43,validation,Normal,random,random_row,10,300,0.0713604986667633,0.056666666666666664,0.5459333062171936,0.9759029150009155,,
40f,40,40,43,validation,Normal,top_minus_random,median,1,300,0.06473123550415039,,,,0.049739101494352025,0.07949162422368923
40f,40,40,43,validation,Normal,top_minus_random,median,3,300,0.07763767570257187,,,,0.061534837802251184,0.09399690031508605
40f,40,40,43,validation,Normal,top_minus_random,median,5,300,0.11070731987555822,,,,0.09103862847884496,0.131195878110826
40f,40,40,43,validation,Normal,top_minus_random,median,10,300,0.17602108637491862,,,,0.15639267742385468,0.19646765923996767
40f,40,40,43,validation,Normal,top_minus_random,random_row,1,300,0.07999920050303141,,,,0.06094504763185978,0.10238103861610094
40f,40,40,43,validation,Normal,top_minus_random,random_row,3,300,0.2742282790939013,,,,0.238212860579292,0.3116739042599996
40f,40,40,43,validation,Normal,top_minus_random,random_row,5,300,0.40147005319595336,,,,0.36042076295614245,0.4462470744550228
40f,40,40,43,validation,Normal,top_minus_random,random_row,10,300,0.48125037183364233,,,,0.43513358186682066,0.5247515876044829
40f,40,40,43,validation,Overlap-Group-1,top,median,1,300,0.12476819008588791,0.14333333333333334,0.6405706405639648,0.5789070725440979,,
40f,40,40,43,validation,Overlap-Group-1,top,median,3,300,0.3991652727127075,0.9666666666666667,0.6713147759437561,0.5789070725440979,,
40f,40,40,43,validation,Overlap-Group-1,top,median,5,300,0.47265705466270447,0.9833333333333333,0.6598857641220093,0.5789070725440979,,
40f,40,40,43,validation,Overlap-Group-1,top,median,10,300,0.48226022720336914,0.98,0.6167369484901428,0.5789070725440979,,
40f,40,40,43,validation,Overlap-Group-1,least,median,1,300,0.0,0.0,0.05977961793541908,0.5789070725440979,,
40f,40,40,43,validation,Overlap-Group-1,least,median,3,300,0.0002549946366343647,0.0,0.05988766998052597,0.5789070725440979,,
40f,40,40,43,validation,Overlap-Group-1,least,median,5,300,-0.010066486895084381,0.0,0.06338033825159073,0.5789070725440979,,
40f,40,40,43,validation,Overlap-Group-1,least,median,10,300,-0.016985297203063965,0.016666666666666666,0.09129071235656738,0.5789070725440979,,
40f,40,40,43,validation,Overlap-Group-1,random,median,1,300,0.013853686861693859,0.04,0.08821377903223038,0.5789070725440979,,
40f,40,40,43,validation,Overlap-Group-1,random,median,3,300,0.03550078347325325,0.11666666666666667,0.13144990801811218,0.5789070725440979,,
40f,40,40,43,validation,Overlap-Group-1,random,median,5,300,0.04918494075536728,0.14333333333333334,0.1617232710123062,0.5789070725440979,,
40f,40,40,43,validation,Overlap-Group-1,random,median,10,300,0.10230359435081482,0.27,0.2654708921909332,0.5789070725440979,,
40f,40,40,43,validation,Overlap-Group-1,top,random_row,1,300,0.13853086531162262,0.14333333333333334,0.12970201671123505,0.5789070725440979,,
40f,40,40,43,validation,Overlap-Group-1,top,random_row,3,300,0.3753501772880554,0.8566666666666667,0.21529331803321838,0.5789070725440979,,
40f,40,40,43,validation,Overlap-Group-1,top,random_row,5,300,0.44467660784721375,0.91,0.3023872375488281,0.5789070725440979,,
40f,40,40,43,validation,Overlap-Group-1,top,random_row,10,300,0.49943482875823975,0.9333333333333333,0.4868578612804413,0.5789070725440979,,
40f,40,40,43,validation,Overlap-Group-1,least,random_row,1,300,0.0,0.0,0.07428368180990219,0.5789070725440979,,
40f,40,40,43,validation,Overlap-Group-1,least,random_row,3,300,0.00045172174577601254,0.0,0.07435935735702515,0.5789070725440979,,
40f,40,40,43,validation,Overlap-Group-1,least,random_row,5,300,-0.0033785677514970303,0.006666666666666667,0.074262335896492,0.5789070725440979,,
40f,40,40,43,validation,Overlap-Group-1,least,random_row,10,300,-0.037690773606300354,0.023333333333333334,0.07894697785377502,0.5789070725440979,,
40f,40,40,43,validation,Overlap-Group-1,random,random_row,1,300,0.019500313326716423,0.05333333333333334,0.07951446622610092,0.5789070725440979,,
40f,40,40,43,validation,Overlap-Group-1,random,random_row,3,300,0.048727139830589294,0.15,0.08465602993965149,0.5789070725440979,,
40f,40,40,43,validation,Overlap-Group-1,random,random_row,5,300,0.0796758309006691,0.20333333333333334,0.09812308102846146,0.5789070725440979,,
40f,40,40,43,validation,Overlap-Group-1,random,random_row,10,300,0.16944646835327148,0.4,0.1458645462989807,0.5789070725440979,,
40f,40,40,43,validation,Overlap-Group-1,top_minus_random,median,1,300,0.11091451833645503,,,,0.094421037932237,0.1283341980377833
40f,40,40,43,validation,Overlap-Group-1,top_minus_random,median,3,300,0.36366445978482564,,,,0.3469026019449035,0.38143379320452614
40f,40,40,43,validation,Overlap-Group-1,top_minus_random,median,5,300,0.42347211519877115,,,,0.4054892484769225,0.4415648130401969
40f,40,40,43,validation,Overlap-Group-1,top_minus_random,median,10,300,0.37995665162801745,,,,0.3536057113384207,0.4038758682459593
40f,40,40,43,validation,Overlap-Group-1,top_minus_random,random_row,1,300,0.1190305557847023,,,,0.1006547628392776,0.13691910933951537
40f,40,40,43,validation,Overlap-Group-1,top_minus_random,random_row,3,300,0.3266230395436287,,,,0.30248534673949085,0.35132607301324603
40f,40,40,43,validation,Overlap-Group-1,top_minus_random,random_row,5,300,0.365000773469607,,,,0.3417424394339323,0.388799519876639
40f,40,40,43,validation,Overlap-Group-1,top_minus_random,random_row,10,300,0.3299883669614792,,,,0.30360804340740044,0.3546201436991493
40f,40,40,43,validation,Reconnaissance,top,median,1,300,0.5916014313697815,0.3933333333333333,0.03055913932621479,0.9053348898887634,,
40f,40,40,43,validation,Reconnaissance,top,median,3,300,0.8821837306022644,1.0,0.16633157432079315,0.9053348898887634,,
40f,40,40,43,validation,Reconnaissance,top,median,5,300,0.8939719796180725,1.0,0.7322836518287659,0.9053348898887634,,
40f,40,40,43,validation,Reconnaissance,top,median,10,300,0.8970286250114441,1.0,0.8654670119285583,0.9053348898887634,,
40f,40,40,43,validation,Reconnaissance,least,median,1,300,0.0,0.0,0.0027827469166368246,0.9053348898887634,,
40f,40,40,43,validation,Reconnaissance,least,median,3,300,0.0,0.0,0.0027827469166368246,0.9053348898887634,,
40f,40,40,43,validation,Reconnaissance,least,median,5,300,-0.0001944259856827557,0.0,0.0029746314976364374,0.9053348898887634,,
40f,40,40,43,validation,Reconnaissance,least,median,10,300,0.0010474168229848146,0.0033333333333333335,0.0037876074202358723,0.9053348898887634,,
40f,40,40,43,validation,Reconnaissance,random,median,1,300,0.03807850182056427,0.04,0.00413536885753274,0.9053348898887634,,
40f,40,40,43,validation,Reconnaissance,random,median,3,300,0.109759621322155,0.10333333333333333,0.008212761953473091,0.9053348898887634,,
40f,40,40,43,validation,Reconnaissance,random,median,5,300,0.1912720501422882,0.19333333333333333,0.013841685838997364,0.9053348898887634,,
40f,40,40,43,validation,Reconnaissance,random,median,10,300,0.4128318727016449,0.45666666666666667,0.04336661472916603,0.9053348898887634,,
40f,40,40,43,validation,Reconnaissance,top,random_row,1,300,0.4943132996559143,0.41333333333333333,0.07457015663385391,0.9053348898887634,,
40f,40,40,43,validation,Reconnaissance,top,random_row,3,300,0.8165853023529053,0.94,0.14278195798397064,0.9053348898887634,,
40f,40,40,43,validation,Reconnaissance,top,random_row,5,300,0.8572656512260437,0.9633333333333334,0.2789943516254425,0.9053348898887634,,
40f,40,40,43,validation,Reconnaissance,top,random_row,10,300,0.8627588152885437,0.9666666666666667,0.5031571984291077,0.9053348898887634,,
40f,40,40,43,validation,Reconnaissance,least,random_row,1,300,0.0,0.0,0.06190282106399536,0.9053348898887634,,
40f,40,40,43,validation,Reconnaissance,least,random_row,3,300,-3.659446883830242e-05,0.0,0.061902835965156555,0.9053348898887634,,
40f,40,40,43,validation,Reconnaissance,least,random_row,5,300,0.0008635238627903163,0.0033333333333333335,0.061711788177490234,0.9053348898887634,,
40f,40,40,43,validation,Reconnaissance,least,random_row,10,300,0.01820991560816765,0.04666666666666667,0.060197874903678894,0.9053348898887634,,
40f,40,40,43,validation,Reconnaissance,random,random_row,1,300,0.03521778807044029,0.04,0.061733562499284744,0.9053348898887634,,
40f,40,40,43,validation,Reconnaissance,random,random_row,3,300,0.124964639544487,0.12666666666666668,0.06119391694664955,0.9053348898887634,,
40f,40,40,43,validation,Reconnaissance,random,random_row,5,300,0.22599199414253235,0.23333333333333334,0.061827875673770905,0.9053348898887634,,
40f,40,40,43,validation,Reconnaissance,random,random_row,10,300,0.4724527895450592,0.5066666666666667,0.08074148744344711,0.9053348898887634,,
40f,40,40,43,validation,Reconnaissance,top_minus_random,median,1,300,0.5535229260722796,,,,0.5311621392965317,0.574941901738445
40f,40,40,43,validation,Reconnaissance,top_minus_random,median,3,300,0.7724241244792939,,,,0.741392129920423,0.7999802566717068
40f,40,40,43,validation,Reconnaissance,top_minus_random,median,5,300,0.7026999543110529,,,,0.6667560215642054,0.7399074515998363
40f,40,40,43,validation,Reconnaissance,top_minus_random,median,10,300,0.4841968126098315,,,,0.44408829480657974,0.5271839190647006
40f,40,40,43,validation,Reconnaissance,top_minus_random,random_row,1,300,0.4590955063700676,,,,0.4271777789319555,0.49168276167909303
40f,40,40,43,validation,Reconnaissance,top_minus_random,random_row,3,300,0.691620679795742,,,,0.6561165580352147,0.7279885674640536
40f,40,40,43,validation,Reconnaissance,top_minus_random,random_row,5,300,0.631273514231046,,,,0.5944817609141271,0.6687723237847288
40f,40,40,43,validation,Reconnaissance,top_minus_random,random_row,10,300,0.3903059654434522,,,,0.3504464662621419,0.4317760571042697
40f,40,40,43,validation,Unknown,top,median,1,200,0.13199955224990845,0.49,0.39274829626083374,0.45260706543922424,,
40f,40,40,43,validation,Unknown,top,median,3,200,0.2957673966884613,0.94,0.463360071182251,0.45260706543922424,,
40f,40,40,43,validation,Unknown,top,median,5,200,0.3445499539375305,0.965,0.4918011426925659,0.45260706543922424,,
40f,40,40,43,validation,Unknown,top,median,10,200,0.38377732038497925,0.975,0.5578852295875549,0.45260706543922424,,
40f,40,40,43,validation,Unknown,least,median,1,200,0.0,0.0,0.1275014728307724,0.45260706543922424,,
40f,40,40,43,validation,Unknown,least,median,3,200,1.7918198864208534e-05,0.005,0.1275150626897812,0.45260706543922424,,
40f,40,40,43,validation,Unknown,least,median,5,200,-0.0022736028768122196,0.045,0.12827646732330322,0.45260706543922424,,
40f,40,40,43,validation,Unknown,least,median,10,200,-0.00092079967726022,0.205,0.1421554833650589,0.45260706543922424,,
40f,40,40,43,validation,Unknown,random,median,1,200,0.001851305947639048,0.115,0.1483479142189026,0.45260706543922424,,
40f,40,40,43,validation,Unknown,random,median,3,200,0.025123875588178635,0.27,0.1714760661125183,0.45260706543922424,,
40f,40,40,43,validation,Unknown,random,median,5,200,0.04155508056282997,0.33,0.18638847768306732,0.45260706543922424,,
40f,40,40,43,validation,Unknown,random,median,10,200,0.08136960119009018,0.49,0.22272180020809174,0.45260706543922424,,
40f,40,40,43,validation,Unknown,top,random_row,1,200,0.15331579744815826,0.475,0.22470536828041077,0.45260706543922424,,
40f,40,40,43,validation,Unknown,top,random_row,3,200,0.28211507201194763,0.865,0.29900678992271423,0.45260706543922424,,
40f,40,40,43,validation,Unknown,top,random_row,5,200,0.32803744077682495,0.915,0.3509978950023651,0.45260706543922424,,
40f,40,40,43,validation,Unknown,top,random_row,10,200,0.37126538157463074,0.93,0.47111085057258606,0.45260706543922424,,
40f,40,40,43,validation,Unknown,least,random_row,1,200,0.0,0.0,0.18577972054481506,0.45260706543922424,,
40f,40,40,43,validation,Unknown,least,random_row,3,200,-0.000890564639121294,0.005,0.18613529205322266,0.45260706543922424,,
40f,40,40,43,validation,Unknown,least,random_row,5,200,-2.0460189261939377e-05,0.09,0.1826566904783249,0.45260706543922424,,
40f,40,40,43,validation,Unknown,least,random_row,10,200,0.004468193743377924,0.2,0.18818698823451996,0.45260706543922424,,
40f,40,40,43,validation,Unknown,random,random_row,1,200,0.012614119797945023,0.135,0.19118399918079376,0.45260706543922424,,
40f,40,40,43,validation,Unknown,random,random_row,3,200,0.029201220721006393,0.265,0.20398689806461334,0.45260706543922424,,
40f,40,40,43,validation,Unknown,random,random_row,5,200,0.05204117298126221,0.325,0.208426833152771,0.45260706543922424,,
40f,40,40,43,validation,Unknown,random,random_row,10,200,0.10927347093820572,0.525,0.23232771456241608,0.45260706543922424,,
40f,40,40,43,validation,Unknown,top_minus_random,median,1,200,0.13014824852347373,,,,0.10599317728728055,0.1547515645828098
40f,40,40,43,validation,Unknown,top_minus_random,median,3,200,0.27064352490007876,,,,0.2484364134054631,0.29508133075572546
40f,40,40,43,validation,Unknown,top_minus_random,median,5,200,0.3029948404431343,,,,0.2771251198761165,0.3295520273298025
40f,40,40,43,validation,Unknown,top_minus_random,median,10,200,0.3024077132344246,,,,0.27121943405270577,0.33083340714499354
40f,40,40,43,validation,Unknown,top_minus_random,random_row,1,200,0.14070168636739255,,,,0.11405442649498582,0.16571504024788739
40f,40,40,43,validation,Unknown,top_minus_random,random_row,3,200,0.25291385300457475,,,,0.2266413878183812,0.27985488534718755
40f,40,40,43,validation,Unknown,top_minus_random,random_row,5,200,0.2759962847083807,,,,0.24924687845259905,0.3020225812196732
40f,40,40,43,validation,Unknown,top_minus_random,random_row,10,200,0.26199190199375155,,,,0.22988487492874266,0.2943286417685449
40f,30,30,43,test,all,top,median,1,2000,0.25758832693099976,0.309,0.28983449935913086,0.7965706586837769,,
40f,30,30,43,test,all,top,median,3,2000,0.5410308837890625,0.766,0.4583246409893036,0.7965706586837769,,
40f,30,30,43,test,all,top,median,5,2000,0.6109952926635742,0.8395,0.6208062171936035,0.7965706586837769,,
40f,30,30,43,test,all,top,median,10,2000,0.6678648591041565,0.8805,0.7604173421859741,0.7965706586837769,,
40f,30,30,43,test,all,least,median,1,2000,0.0038495135959237814,0.0165,0.17280855774879456,0.7965706586837769,,
40f,30,30,43,test,all,least,median,3,2000,0.004514637868851423,0.0415,0.17599664628505707,0.7965706586837769,,
40f,30,30,43,test,all,least,median,5,2000,0.008640693500638008,0.0625,0.17657235264778137,0.7965706586837769,,
40f,30,30,43,test,all,least,median,10,2000,0.028178520500659943,0.1045,0.18444043397903442,0.7965706586837769,,
40f,30,30,43,test,all,random,median,1,2000,0.027757031843066216,0.0595,0.18082788586616516,0.7965706586837769,,
40f,30,30,43,test,all,random,median,3,2000,0.0877695307135582,0.147,0.19498996436595917,0.7965706586837769,,
40f,30,30,43,test,all,random,median,5,2000,0.1475187987089157,0.2345,0.21447890996932983,0.7965706586837769,,
40f,30,30,43,test,all,random,median,10,2000,0.30248552560806274,0.43,0.27846598625183105,0.7965706586837769,,
40f,30,30,43,test,all,top,random_row,1,2000,0.22379641234874725,0.278,0.21402060985565186,0.7965706586837769,,
40f,30,30,43,test,all,top,random_row,3,2000,0.5015975832939148,0.688,0.3412054479122162,0.7965706586837769,,
40f,30,30,43,test,all,top,random_row,5,2000,0.5987115502357483,0.804,0.44788798689842224,0.7965706586837769,,
40f,30,30,43,test,all,top,random_row,10,2000,0.6639575958251953,0.876,0.6152738928794861,0.7965706586837769,,
40f,30,30,43,test,all,least,random_row,1,2000,0.0031727245077490807,0.0195,0.16262036561965942,0.7965706586837769,,
40f,30,30,43,test,all,least,random_row,3,2000,0.00848076306283474,0.0495,0.16276951134204865,0.7965706586837769,,
40f,30,30,43,test,all,least,random_row,5,2000,0.01839635893702507,0.073,0.1637401133775711,0.7965706586837769,,
40f,30,30,43,test,all,least,random_row,10,2000,0.061216533184051514,0.1305,0.1690051257610321,0.7965706586837769,,
40f,30,30,43,test,all,random,random_row,1,2000,0.0281431432813406,0.068,0.1657777726650238,0.7965706586837769,,
40f,30,30,43,test,all,random,random_row,3,2000,0.09550047665834427,0.166,0.17773836851119995,0.7965706586837769,,
40f,30,30,43,test,all,random,random_row,5,2000,0.16242367029190063,0.2595,0.19008344411849976,0.7965706586837769,,
40f,30,30,43,test,all,random,random_row,10,2000,0.31639158725738525,0.451,0.25032466650009155,0.7965706586837769,,
40f,30,30,43,test,all,top_minus_random,median,1,2000,0.22983127690851687,,,,0.218771277602762,0.24018656157199292
40f,30,30,43,test,all,top_minus_random,median,3,2000,0.45326130536198617,,,,0.43823172082602974,0.4681305857436731
40f,30,30,43,test,all,top_minus_random,median,5,2000,0.46347650802880525,,,,0.4479267331028357,0.47802293733675033
40f,30,30,43,test,all,top_minus_random,median,10,2000,0.36537934274971484,,,,0.35201066106613726,0.38000679892990735
40f,30,30,43,test,all,top_minus_random,random_row,1,2000,0.195653270624578,,,,0.18455808898210527,0.2070457181220874
40f,30,30,43,test,all,top_minus_random,random_row,3,2000,0.4060971643999219,,,,0.39102659432236103,0.42056020664982496
40f,30,30,43,test,all,top_minus_random,random_row,5,2000,0.43628785873949527,,,,0.4197810827733949,0.4501338244823739
40f,30,30,43,test,all,top_minus_random,random_row,10,2000,0.3475659977123141,,,,0.333113853363134,0.361862166563049
40f,30,30,43,test,Exploits,top,median,1,300,0.2252192199230194,0.26666666666666666,0.11737529933452606,0.8540040254592896,,
40f,30,30,43,test,Exploits,top,median,3,300,0.5630994439125061,0.75,0.44627609848976135,0.8540040254592896,,
40f,30,30,43,test,Exploits,top,median,5,300,0.7131373286247253,0.9633333333333334,0.612548291683197,0.8540040254592896,,
40f,30,30,43,test,Exploits,top,median,10,300,0.8068060278892517,0.9966666666666667,0.7906609177589417,0.8540040254592896,,
40f,30,30,43,test,Exploits,least,median,1,300,0.00028347232728265226,0.0,0.030781416222453117,0.8540040254592896,,
40f,30,30,43,test,Exploits,least,median,3,300,0.004998482298105955,0.006666666666666667,0.03256835788488388,0.8540040254592896,,
40f,30,30,43,test,Exploits,least,median,5,300,0.009068954735994339,0.013333333333333334,0.03447156772017479,0.8540040254592896,,
40f,30,30,43,test,Exploits,least,median,10,300,0.022471649572253227,0.03,0.04257015511393547,0.8540040254592896,,
40f,30,30,43,test,Exploits,random,median,1,300,0.03157112002372742,0.03666666666666667,0.04394780471920967,0.8540040254592896,,
40f,30,30,43,test,Exploits,random,median,3,300,0.09527526795864105,0.09666666666666666,0.07374883443117142,0.8540040254592896,,
40f,30,30,43,test,Exploits,random,median,5,300,0.17002281546592712,0.19333333333333333,0.11559399962425232,0.8540040254592896,,
40f,30,30,43,test,Exploits,random,median,10,300,0.364639014005661,0.39666666666666667,0.22801683843135834,0.8540040254592896,,
40f,30,30,43,test,Exploits,top,random_row,1,300,0.13329388201236725,0.16666666666666666,0.21433566510677338,0.8540040254592896,,
40f,30,30,43,test,Exploits,top,random_row,3,300,0.3482184410095215,0.39666666666666667,0.3204440176486969,0.8540040254592896,,
40f,30,30,43,test,Exploits,top,random_row,5,300,0.4703407287597656,0.56,0.4414198696613312,0.8540040254592896,,
40f,30,30,43,test,Exploits,top,random_row,10,300,0.6195235848426819,0.7366666666666667,0.678546667098999,0.8540040254592896,,
40f,30,30,43,test,Exploits,least,random_row,1,300,0.0010741245932877064,0.0033333333333333335,0.1583201140165329,0.8540040254592896,,
40f,30,30,43,test,Exploits,least,random_row,3,300,0.006690254434943199,0.0033333333333333335,0.16155780851840973,0.8540040254592896,,
40f,30,30,43,test,Exploits,least,random_row,5,300,0.01587929017841816,0.01,0.16477736830711365,0.8540040254592896,,
40f,30,30,43,test,Exploits,least,random_row,10,300,0.04313574358820915,0.04,0.17752447724342346,0.8540040254592896,,
40f,30,30,43,test,Exploits,random,random_row,1,300,0.017970209941267967,0.02666666666666667,0.16444255411624908,0.8540040254592896,,
40f,30,30,43,test,Exploits,random,random_row,3,300,0.05898582562804222,0.056666666666666664,0.18418888747692108,0.8540040254592896,,
40f,30,30,43,test,Exploits,random,random_row,5,300,0.1282520592212677,0.12,0.2071245163679123,0.8540040254592896,,
40f,30,30,43,test,Exploits,random,random_row,10,300,0.281574010848999,0.2733333333333333,0.33134907484054565,0.8540040254592896,,
40f,30,30,43,test,Exploits,top_minus_random,median,1,300,0.1936481077472369,,,,0.16439181392888227,0.22552894139538207
40f,30,30,43,test,Exploits,top_minus_random,median,3,300,0.4678241970141729,,,,0.4346049119358262,0.5014450704902411
40f,30,30,43,test,Exploits,top_minus_random,median,5,300,0.5431144351760546,,,,0.511103047909836,0.5760451590021451
40f,30,30,43,test,Exploits,top_minus_random,median,10,300,0.44216699957847594,,,,0.4045588649784525,0.47769094105561577
40f,30,30,43,test,Exploits,top_minus_random,random_row,1,300,0.11532367676496506,,,,0.09137191569060088,0.1427770385245482
40f,30,30,43,test,Exploits,top_minus_random,random_row,3,300,0.2892326323191325,,,,0.257194695211947,0.32435348318517204
40f,30,30,43,test,Exploits,top_minus_random,random_row,5,300,0.34208869814872744,,,,0.3058623875230551,0.37666869903852546
40f,30,30,43,test,Exploits,top_minus_random,random_row,10,300,0.33794954309860864,,,,0.305086712906758,0.3752973693509897
40f,30,30,43,test,Fuzzers,top,median,1,300,0.2604634463787079,0.35,0.028377151116728783,0.7436680197715759,,
40f,30,30,43,test,Fuzzers,top,median,3,300,0.4576115906238556,0.6733333333333333,0.0718178078532219,0.7436680197715759,,
40f,30,30,43,test,Fuzzers,top,median,5,300,0.560206413269043,0.8366666666666667,0.130903422832489,0.7436680197715759,,
40f,30,30,43,test,Fuzzers,top,median,10,300,0.6941136717796326,0.9966666666666667,0.44144001603126526,0.7436680197715759,,
40f,30,30,43,test,Fuzzers,least,median,1,300,0.02564651146531105,0.05333333333333334,0.01333183329552412,0.7436680197715759,,
40f,30,30,43,test,Fuzzers,least,median,3,300,0.05907910689711571,0.09333333333333334,0.017364585772156715,0.7436680197715759,,
40f,30,30,43,test,Fuzzers,least,median,5,300,0.08874440938234329,0.12333333333333334,0.021775996312499046,0.7436680197715759,,
40f,30,30,43,test,Fuzzers,least,median,10,300,0.17940975725650787,0.2633333333333333,0.04062890261411667,0.7436680197715759,,
40f,30,30,43,test,Fuzzers,random,median,1,300,0.03949182108044624,0.06,0.01538938656449318,0.7436680197715759,,
40f,30,30,43,test,Fuzzers,random,median,3,300,0.13672946393489838,0.21,0.02781827375292778,0.7436680197715759,,
40f,30,30,43,test,Fuzzers,random,median,5,300,0.2186545878648758,0.33,0.04564105346798897,0.7436680197715759,,
40f,30,30,43,test,Fuzzers,random,median,10,300,0.40444111824035645,0.62,0.11074353754520416,0.7436680197715759,,
40f,30,30,43,test,Fuzzers,top,random_row,1,300,0.27374693751335144,0.36,0.1589532196521759,0.7436680197715759,,
40f,30,30,43,test,Fuzzers,top,random_row,3,300,0.5120242238044739,0.7433333333333333,0.20577219128608704,0.7436680197715759,,
40f,30,30,43,test,Fuzzers,top,random_row,5,300,0.6011145710945129,0.8533333333333334,0.2444823682308197,0.7436680197715759,,
40f,30,30,43,test,Fuzzers,top,random_row,10,300,0.6623743772506714,0.9266666666666666,0.3649694323539734,0.7436680197715759,,
40f,30,30,43,test,Fuzzers,least,random_row,1,300,0.024522513151168823,0.056666666666666664,0.1553555727005005,0.7436680197715759,,
40f,30,30,43,test,Fuzzers,least,random_row,3,300,0.05151652172207832,0.10333333333333333,0.15201659500598907,0.7436680197715759,,
40f,30,30,43,test,Fuzzers,least,random_row,5,300,0.08934899419546127,0.15333333333333332,0.15765981376171112,0.7436680197715759,,
40f,30,30,43,test,Fuzzers,least,random_row,10,300,0.18845872581005096,0.2833333333333333,0.1620282679796219,0.7436680197715759,,
40f,30,30,43,test,Fuzzers,random,random_row,1,300,0.036635469645261765,0.06333333333333334,0.14834894239902496,0.7436680197715759,,
40f,30,30,43,test,Fuzzers,random,random_row,3,300,0.16708455979824066,0.26,0.15301071107387543,0.7436680197715759,,
40f,30,30,43,test,Fuzzers,random,random_row,5,300,0.2641615867614746,0.39666666666666667,0.15660133957862854,0.7436680197715759,,
40f,30,30,43,test,Fuzzers,random,random_row,10,300,0.4491192698478699,0.6533333333333333,0.17383690178394318,0.7436680197715759,,
40f,30,30,43,test,Fuzzers,top_minus_random,median,1,300,0.2209716232617696,,,,0.19291562163581452,0.2503857593635718
40f,30,30,43,test,Fuzzers,top_minus_random,median,3,300,0.32088215082883836,,,,0.2893097358693679,0.35083136516064406
40f,30,30,43,test,Fuzzers,top_minus_random,median,5,300,0.3415517939130465,,,,0.30763523864249387,0.3710202894260486
40f,30,30,43,test,Fuzzers,top_minus_random,median,10,300,0.28967254926760994,,,,0.2625281777928273,0.3176550014639894
40f,30,30,43,test,Fuzzers,top_minus_random,random_row,1,300,0.23711146155993143,,,,0.20597711434215307,0.2686883622507254
40f,30,30,43,test,Fuzzers,top_minus_random,random_row,3,300,0.34493971784909566,,,,0.31071843987703324,0.3771558270057042
40f,30,30,43,test,Fuzzers,top_minus_random,random_row,5,300,0.3369529981414477,,,,0.3053232307930787,0.3691023454318444
40f,30,30,43,test,Fuzzers,top_minus_random,random_row,10,300,0.21325504889090857,,,,0.1845309802244107,0.24065474031865597
40f,30,30,43,test,Generic,top,median,1,300,0.2479892522096634,0.13,0.12215357273817062,0.9743068218231201,,
40f,30,30,43,test,Generic,top,median,3,300,0.9261466264724731,1.0,0.6269371509552002,0.9743068218231201,,
40f,30,30,43,test,Generic,top,median,5,300,0.9673211574554443,1.0,0.8725950121879578,0.9743068218231201,,
40f,30,30,43,test,Generic,top,median,10,300,0.9712754487991333,1.0,0.9317674040794373,0.9743068218231201,,
40f,30,30,43,test,Generic,least,median,1,300,0.0006979493191465735,0.0,0.004401054233312607,0.9743068218231201,,
40f,30,30,43,test,Generic,least,median,3,300,0.0006707968423143029,0.0033333333333333335,0.005715519189834595,0.9743068218231201,,
40f,30,30,43,test,Generic,least,median,5,300,0.00616105180233717,0.013333333333333334,0.006975762080401182,0.9743068218231201,,
40f,30,30,43,test,Generic,least,median,10,300,0.01653498411178589,0.023333333333333334,0.009802145883440971,0.9743068218231201,,
40f,30,30,43,test,Generic,random,median,1,300,0.029162758961319923,0.023333333333333334,0.012341739609837532,0.9743068218231201,,
40f,30,30,43,test,Generic,random,median,3,300,0.08497442305088043,0.06,0.035541240125894547,0.9743068218231201,,
40f,30,30,43,test,Generic,random,median,5,300,0.1462710052728653,0.12,0.06036309525370598,0.9743068218231201,,
40f,30,30,43,test,Generic,random,median,10,300,0.3638904392719269,0.3433333333333333,0.18265724182128906,0.9743068218231201,,
40f,30,30,43,test,Generic,top,random_row,1,300,0.21777112782001495,0.10333333333333333,0.16974139213562012,0.9743068218231201,,
40f,30,30,43,test,Generic,top,random_row,3,300,0.7632356882095337,0.77,0.5040456056594849,0.9743068218231201,,
40f,30,30,43,test,Generic,top,random_row,5,300,0.9296460151672363,0.98,0.7771272659301758,0.9743068218231201,,
40f,30,30,43,test,Generic,top,random_row,10,300,0.9442296624183655,0.98,0.8967751860618591,0.9743068218231201,,
40f,30,30,43,test,Generic,least,random_row,1,300,0.0019398339791223407,0.0,0.031663332134485245,0.9743068218231201,,
40f,30,30,43,test,Generic,least,random_row,3,300,0.0027028298936784267,0.0,0.029642324894666672,0.9743068218231201,,
40f,30,30,43,test,Generic,least,random_row,5,300,0.009140374138951302,0.01,0.030043430626392365,0.9743068218231201,,
40f,30,30,43,test,Generic,least,random_row,10,300,0.024504536762833595,0.02,0.03513738140463829,0.9743068218231201,,
40f,30,30,43,test,Generic,random,random_row,1,300,0.024355370551347733,0.02,0.04145221784710884,0.9743068218231201,,
40f,30,30,43,test,Generic,random,random_row,3,300,0.07545767724514008,0.05333333333333334,0.05977394059300423,0.9743068218231201,,
40f,30,30,43,test,Generic,random,random_row,5,300,0.12721914052963257,0.11666666666666667,0.08041885495185852,0.9743068218231201,,
40f,30,30,43,test,Generic,random,random_row,10,300,0.3157055675983429,0.3,0.1947202831506729,0.9743068218231201,,
40f,30,30,43,test,Generic,top_minus_random,median,1,300,0.21882649997870127,,,,0.1988657979319493,0.23959462771068019
40f,30,30,43,test,Generic,top_minus_random,median,3,300,0.8411721656719844,,,,0.8149819951777657,0.8663035859738787
40f,30,30,43,test,Generic,top_minus_random,median,5,300,0.8210501966873804,,,,0.7886683160016934,0.8508853294178843
40f,30,30,43,test,Generic,top_minus_random,median,10,300,0.6073851058880488,,,,0.5641718054612477,0.6503653674299518
40f,30,30,43,test,Generic,top_minus_random,random_row,1,300,0.19341574976841608,,,,0.1725583355948329,0.21475326420366764
40f,30,30,43,test,Generic,top_minus_random,random_row,3,300,0.6877780242760976,,,,0.6555696219926079,0.720056653112173
40f,30,30,43,test,Generic,top_minus_random,random_row,5,300,0.8024269162615141,,,,0.7677865258008242,0.8344226751749715
40f,30,30,43,test,Generic,top_minus_random,random_row,10,300,0.6285240213076274,,,,0.585424632795155,0.6687395903021097
40f,30,30,43,test,Normal,top,median,1,300,0.0830063670873642,0.056666666666666664,0.8839996457099915,0.938779890537262,,
40f,30,30,43,test,Normal,top,median,3,300,0.14441418647766113,0.13666666666666666,0.9346327781677246,0.938779890537262,,
40f,30,30,43,test,Normal,top,median,5,300,0.1878999024629593,0.17,0.9489190578460693,0.938779890537262,,
40f,30,30,43,test,Normal,top,median,10,300,0.3037685453891754,0.23333333333333334,0.9631378054618835,0.938779890537262,,
40f,30,30,43,test,Normal,least,median,1,300,-0.0017678658477962017,0.0,0.8716151118278503,0.938779890537262,,
40f,30,30,43,test,Normal,least,median,3,300,-0.0031875595450401306,0.01,0.8622583746910095,0.938779890537262,,
40f,30,30,43,test,Normal,least,median,5,300,-0.00327951624058187,0.016666666666666666,0.8422279357910156,0.938779890537262,,
40f,30,30,43,test,Normal,least,median,10,300,0.006730143446475267,0.043333333333333335,0.807339072227478,0.938779890537262,,
40f,30,30,43,test,Normal,random,median,1,300,0.003547418862581253,0.02,0.8546430468559265,0.938779890537262,,
40f,30,30,43,test,Normal,random,median,3,300,0.011676882393658161,0.03,0.8191902041435242,0.938779890537262,,
40f,30,30,43,test,Normal,random,median,5,300,0.02377130836248398,0.04666666666666667,0.8020930886268616,0.938779890537262,,
40f,30,30,43,test,Normal,random,median,10,300,0.06844287365674973,0.08,0.7761802077293396,0.938779890537262,,
40f,30,30,43,test,Normal,top,random_row,1,300,0.0852837786078453,0.08333333333333333,0.5112949013710022,0.938779890537262,,
40f,30,30,43,test,Normal,top,random_row,3,300,0.29815247654914856,0.31666666666666665,0.6969363689422607,0.938779890537262,,
40f,30,30,43,test,Normal,top,random_row,5,300,0.4216625988483429,0.46,0.7516529560089111,0.938779890537262,,
40f,30,30,43,test,Normal,top,random_row,10,300,0.572279691696167,0.6466666666666666,0.8579622507095337,0.938779890537262,,
40f,30,30,43,test,Normal,least,random_row,1,300,-0.003214355790987611,0.0,0.4566890001296997,0.938779890537262,,
40f,30,30,43,test,Normal,least,random_row,3,300,-0.00019352664821781218,0.02,0.45931875705718994,0.938779890537262,,
40f,30,30,43,test,Normal,least,random_row,5,300,0.0015040702419355512,0.023333333333333334,0.45891043543815613,0.938779890537262,,
40f,30,30,43,test,Normal,least,random_row,10,300,0.019570250064134598,0.03666666666666667,0.4548361301422119,0.938779890537262,,
40f,30,30,43,test,Normal,random,random_row,1,300,0.008634195663034916,0.02,0.45611801743507385,0.938779890537262,,
40f,30,30,43,test,Normal,random,random_row,3,300,0.02311766892671585,0.03333333333333333,0.4704831838607788,0.938779890537262,,
40f,30,30,43,test,Normal,random,random_row,5,300,0.05340855196118355,0.06666666666666667,0.4923405945301056,0.938779890537262,,
40f,30,30,43,test,Normal,random,random_row,10,300,0.16144216060638428,0.18,0.5368244647979736,0.938779890537262,,
40f,30,30,43,test,Normal,top_minus_random,median,1,300,0.07945895393689474,,,,0.06411794310311478,0.09562628386914729
40f,30,30,43,test,Normal,top_minus_random,median,3,300,0.13273731946945191,,,,0.11017535371830067,0.15574159005781016
40f,30,30,43,test,Normal,top_minus_random,median,5,300,0.1641286015510559,,,,0.14033772780994574,0.18892758900175494
40f,30,30,43,test,Normal,top_minus_random,median,10,300,0.23532566537459693,,,,0.2070406319697698,0.2629772810364763
40f,30,30,43,test,Normal,top_minus_random,random_row,1,300,0.07664958477020263,,,,0.05886089368164539,0.093782538001736
40f,30,30,43,test,Normal,top_minus_random,random_row,3,300,0.27503482341766355,,,,0.23850417674084506,0.3088667198518912
40f,30,30,43,test,Normal,top_minus_random,random_row,5,300,0.36825407356023787,,,,0.32519799647480246,0.4069429438213507
40f,30,30,43,test,Normal,top_minus_random,random_row,10,300,0.41083754241466525,,,,0.36701444547375045,0.4533433587923646
40f,30,30,43,test,Overlap-Group-1,top,median,1,300,0.18709324300289154,0.3,0.5419751405715942,0.5941697955131531,,
40f,30,30,43,test,Overlap-Group-1,top,median,3,300,0.4580165147781372,0.95,0.6179157495498657,0.5941697955131531,,
40f,30,30,43,test,Overlap-Group-1,top,median,5,300,0.527965784072876,0.9833333333333333,0.6759474277496338,0.5941697955131531,,
40f,30,30,43,test,Overlap-Group-1,top,median,10,300,0.532535195350647,0.99,0.659051239490509,0.5941697955131531,,
40f,30,30,43,test,Overlap-Group-1,least,median,1,300,-0.003261032747104764,0.0,0.0724899098277092,0.5941697955131531,,
40f,30,30,43,test,Overlap-Group-1,least,median,3,300,-0.037919286638498306,0.016666666666666666,0.09321032464504242,0.5941697955131531,,
40f,30,30,43,test,Overlap-Group-1,least,median,5,300,-0.056801579892635345,0.03666666666666667,0.10836073756217957,0.5941697955131531,,
40f,30,30,43,test,Overlap-Group-1,least,median,10,300,-0.06746148318052292,0.04666666666666667,0.15306897461414337,0.5941697955131531,,
40f,30,30,43,test,Overlap-Group-1,random,median,1,300,0.023119933903217316,0.056666666666666664,0.11391303688287735,0.5941697955131531,,
40f,30,30,43,test,Overlap-Group-1,random,median,3,300,0.07869351655244827,0.2,0.17402595281600952,0.5941697955131531,,
40f,30,30,43,test,Overlap-Group-1,random,median,5,300,0.12536048889160156,0.31666666666666665,0.2197483777999878,0.5941697955131531,,
40f,30,30,43,test,Overlap-Group-1,random,median,10,300,0.18975770473480225,0.4166666666666667,0.30191609263420105,0.5941697955131531,,
40f,30,30,43,test,Overlap-Group-1,top,random_row,1,300,0.16856081783771515,0.26,0.13016165792942047,0.5941697955131531,,
40f,30,30,43,test,Overlap-Group-1,top,random_row,3,300,0.4176473617553711,0.8633333333333333,0.2210366278886795,0.5941697955131531,,
40f,30,30,43,test,Overlap-Group-1,top,random_row,5,300,0.5036635398864746,0.94,0.28328973054885864,0.5941697955131531,,
40f,30,30,43,test,Overlap-Group-1,top,random_row,10,300,0.5344599485397339,0.9533333333333334,0.49154362082481384,0.5941697955131531,,
40f,30,30,43,test,Overlap-Group-1,least,random_row,1,300,-0.004483455792069435,0.0,0.07206611335277557,0.5941697955131531,,
40f,30,30,43,test,Overlap-Group-1,least,random_row,3,300,-0.017598245292901993,0.016666666666666666,0.07334299385547638,0.5941697955131531,,
40f,30,30,43,test,Overlap-Group-1,least,random_row,5,300,-0.026291513815522194,0.02666666666666667,0.07480722665786743,0.5941697955131531,,
40f,30,30,43,test,Overlap-Group-1,least,random_row,10,300,-0.012120094150304794,0.08333333333333333,0.08459893614053726,0.5941697955131531,,
40f,30,30,43,test,Overlap-Group-1,random,random_row,1,300,0.020861851051449776,0.06666666666666667,0.08192112296819687,0.5941697955131531,,
40f,30,30,43,test,Overlap-Group-1,random,random_row,3,300,0.08500725775957108,0.21333333333333335,0.10385285317897797,0.5941697955131531,,
40f,30,30,43,test,Overlap-Group-1,random,random_row,5,300,0.14263556897640228,0.33666666666666667,0.11624842137098312,0.5941697955131531,,
40f,30,30,43,test,Overlap-Group-1,random,random_row,10,300,0.23256459832191467,0.5366666666666666,0.17815978825092316,0.5941697955131531,,
40f,30,30,43,test,Overlap-Group-1,top_minus_random,median,1,300,0.16397330194711685,,,,0.1462372959852219,0.1853101869722207
40f,30,30,43,test,Overlap-Group-1,top_minus_random,median,3,300,0.37932298173507056,,,,0.3597537426079313,0.4002849902013938
40f,30,30,43,test,Overlap-Group-1,top_minus_random,median,5,300,0.40260532716910047,,,,0.3794846999074022,0.42766406581054134
40f,30,30,43,test,Overlap-Group-1,top_minus_random,median,10,300,0.34277749449014666,,,,0.3183062977989514,0.3667045091837644
40f,30,30,43,test,Overlap-Group-1,top_minus_random,random_row,1,300,0.14769895335038502,,,,0.12983825941880545,0.16706203696131708
40f,30,30,43,test,Overlap-Group-1,top_minus_random,random_row,3,300,0.3326400735974312,,,,0.3097260496914387,0.35683644881844523
40f,30,30,43,test,Overlap-Group-1,top_minus_random,random_row,5,300,0.36102794915437697,,,,0.33622987578064206,0.3846668707206845
40f,30,30,43,test,Overlap-Group-1,top_minus_random,random_row,10,300,0.3018953518072764,,,,0.27803416053702434,0.3276163846602042
40f,30,30,43,test,Reconnaissance,top,median,1,300,0.6157365441322327,0.5233333333333333,0.04077957570552826,0.9128190875053406,,
40f,30,30,43,test,Reconnaissance,top,median,3,300,0.8809975981712341,1.0,0.09962651878595352,0.9128190875053406,,
40f,30,30,43,test,Reconnaissance,top,median,5,300,0.9008677005767822,1.0,0.5894899368286133,0.9128190875053406,,
40f,30,30,43,test,Reconnaissance,top,median,10,300,0.9023237228393555,1.0,0.8963571190834045,0.9128190875053406,,
40f,30,30,43,test,Reconnaissance,least,median,1,300,0.00037720700493082404,0.0,0.004454619716852903,0.9128190875053406,,
40f,30,30,43,test,Reconnaissance,least,median,3,300,0.0006770903128199279,0.0,0.004653891548514366,0.9128190875053406,,
40f,30,30,43,test,Reconnaissance,least,median,5,300,0.0012102413456887007,0.006666666666666667,0.005695353262126446,0.9128190875053406,,
40f,30,30,43,test,Reconnaissance,least,median,10,300,0.01033961120992899,0.02666666666666667,0.00934265274554491,0.9128190875053406,,
40f,30,30,43,test,Reconnaissance,random,median,1,300,0.04598003253340721,0.04666666666666667,0.006846134085208178,0.9128190875053406,,
40f,30,30,43,test,Reconnaissance,random,median,3,300,0.15304064750671387,0.14,0.014365041628479958,0.9128190875053406,,
40f,30,30,43,test,Reconnaissance,random,median,5,300,0.2590905725955963,0.25,0.025813071057200432,0.9128190875053406,,
40f,30,30,43,test,Reconnaissance,random,median,10,300,0.5335808992385864,0.5566666666666666,0.07385888695716858,0.9128190875053406,,
40f,30,30,43,test,Reconnaissance,top,random_row,1,300,0.5055555105209351,0.45,0.10850514471530914,0.9128190875053406,,
40f,30,30,43,test,Reconnaissance,top,random_row,3,300,0.8156282305717468,0.9133333333333333,0.1534605473279953,0.9128190875053406,,
40f,30,30,43,test,Reconnaissance,top,random_row,5,300,0.8455055356025696,0.9466666666666667,0.27505356073379517,0.9128190875053406,,
40f,30,30,43,test,Reconnaissance,top,random_row,10,300,0.8516917824745178,0.95,0.5156671404838562,0.9128190875053406,,
40f,30,30,43,test,Reconnaissance,least,random_row,1,300,-0.0004460097406990826,0.0033333333333333335,0.08844529837369919,0.9128190875053406,,
40f,30,30,43,test,Reconnaissance,least,random_row,3,300,0.003836896503344178,0.02,0.08853945136070251,0.9128190875053406,,
40f,30,30,43,test,Reconnaissance,least,random_row,5,300,0.016411710530519485,0.03,0.08582352846860886,0.9128190875053406,,
40f,30,30,43,test,Reconnaissance,least,random_row,10,300,0.10943922400474548,0.11,0.08318913727998734,0.9128190875053406,,
40f,30,30,43,test,Reconnaissance,random,random_row,1,300,0.05919197201728821,0.07,0.08999939262866974,0.9128190875053406,,
40f,30,30,43,test,Reconnaissance,random,random_row,3,300,0.18328090012073517,0.20333333333333334,0.09033701568841934,0.9128190875053406,,
40f,30,30,43,test,Reconnaissance,random,random_row,5,300,0.2977975606918335,0.31,0.08672616630792618,0.9128190875053406,,
40f,30,30,43,test,Reconnaissance,random,random_row,10,300,0.5520102977752686,0.5866666666666667,0.10095751285552979,0.9128190875053406,,
40f,30,30,43,test,Reconnaissance,top_minus_random,median,1,300,0.5697564615805943,,,,0.5463032754162946,0.590856793090701
40f,30,30,43,test,Reconnaissance,top_minus_random,median,3,300,0.7279569464921951,,,,0.6963667787909508,0.7584827707062165
40f,30,30,43,test,Reconnaissance,top_minus_random,median,5,300,0.6417771122852961,,,,0.6063897316629687,0.6760096039399504
40f,30,30,43,test,Reconnaissance,top_minus_random,median,10,300,0.3687428726752599,,,,0.329044562270244,0.40751059322307503
40f,30,30,43,test,Reconnaissance,top_minus_random,random_row,1,300,0.44636360118786494,,,,0.4102586991960804,0.47895564189304907
40f,30,30,43,test,Reconnaissance,top_minus_random,random_row,3,300,0.6323472704490026,,,,0.5949461091508468,0.6683646404867372
40f,30,30,43,test,Reconnaissance,top_minus_random,random_row,5,300,0.5477079550425211,,,,0.5056114744370183,0.5920945906639099
40f,30,30,43,test,Reconnaissance,top_minus_random,random_row,10,300,0.2996815836429596,,,,0.2606611571038763,0.3384520295336842
40f,30,30,43,test,Unknown,top,median,1,200,0.14662101864814758,0.65,0.2963543236255646,0.43908584117889404,,
40f,30,30,43,test,Unknown,top,median,3,200,0.264879435300827,0.895,0.38743746280670166,0.43908584117889404,,
40f,30,30,43,test,Unknown,top,median,5,200,0.3238556683063507,0.965,0.4624575078487396,0.43908584117889404,,
40f,30,30,43,test,Unknown,top,median,10,200,0.36241474747657776,0.98,0.580552339553833,0.43908584117889404,,
40f,30,30,43,test,Unknown,least,median,1,200,0.0055307731963694096,0.085,0.23247471451759338,0.43908584117889404,,
40f,30,30,43,test,Unknown,least,median,3,200,0.008668435737490654,0.22,0.23630982637405396,0.43908584117889404,,
40f,30,30,43,test,Unknown,least,median,5,200,0.0187515951693058,0.31,0.23646244406700134,0.43908584117889404,,
40f,30,30,43,test,Unknown,least,median,10,200,0.02974819578230381,0.395,0.2502763271331787,0.43908584117889404,,
40f,30,30,43,test,Unknown,random,median,1,200,0.01826067641377449,0.23,0.23765702545642853,0.43908584117889404,,
40f,30,30,43,test,Unknown,random,median,3,200,0.037110019475221634,0.365,0.23286525905132294,0.43908584117889404,,
40f,30,30,43,test,Unknown,random,median,5,200,0.06043178588151932,0.46,0.24091017246246338,0.43908584117889404,,
40f,30,30,43,test,Unknown,random,median,10,200,0.13772733509540558,0.68,0.27460047602653503,0.43908584117889404,,
40f,30,30,43,test,Unknown,top,random_row,1,200,0.16164597868919373,0.645,0.2007182538509369,0.43908584117889404,,
40f,30,30,43,test,Unknown,top,random_row,3,200,0.28361672163009644,0.875,0.2595113217830658,0.43908584117889404,,
40f,30,30,43,test,Unknown,top,random_row,5,200,0.3292158544063568,0.93,0.3193415701389313,0.43908584117889404,,
40f,30,30,43,test,Unknown,top,random_row,10,200,0.3627375662326813,0.97,0.4445423185825348,0.43908584117889404,,
40f,30,30,43,test,Unknown,least,random_row,1,200,0.002638269681483507,0.1,0.1823943555355072,0.43908584117889404,,
40f,30,30,43,test,Unknown,least,random_row,3,200,0.014375533908605576,0.25,0.18106819689273834,0.43908584117889404,,
40f,30,30,43,test,Unknown,least,random_row,5,200,0.024974221363663673,0.35,0.17936834692955017,0.43908584117889404,,
40f,30,30,43,test,Unknown,least,random_row,10,200,0.05268276110291481,0.445,0.1940796971321106,0.43908584117889404,,
40f,30,30,43,test,Unknown,random,random_row,1,200,0.029957830905914307,0.28,0.18435432016849518,0.43908584117889404,,
40f,30,30,43,test,Unknown,random,random_row,3,200,0.06560389697551727,0.43,0.18491384387016296,0.43908584117889404,,
40f,30,30,43,test,Unknown,random,random_row,5,200,0.10402515530586243,0.575,0.19164451956748962,0.43908584117889404,,
40f,30,30,43,test,Unknown,random,random_row,10,200,0.1752922385931015,0.715,0.22947479784488678,0.43908584117889404,,
40f,30,30,43,test,Unknown,top_minus_random,median,1,200,0.12836034640669822,,,,0.10364490365982056,0.15383880836702882
40f,30,30,43,test,Unknown,top_minus_random,median,3,200,0.22776941180229188,,,,0.20298341011255983,0.25367791327834127
40f,30,30,43,test,Unknown,top_minus_random,median,5,200,0.2634238801151514,,,,0.2354146589562297,0.29036790603213014
40f,30,30,43,test,Unknown,top_minus_random,median,10,200,0.2246873965859413,,,,0.19533529379032555,0.2552959151584655
40f,30,30,43,test,Unknown,top_minus_random,random_row,1,200,0.1316881651431322,,,,0.10660784696415067,0.15643138669803738
40f,30,30,43,test,Unknown,top_minus_random,random_row,3,200,0.2180128311365843,,,,0.18988587116077543,0.2456148510929197
40f,30,30,43,test,Unknown,top_minus_random,random_row,5,200,0.225190701931715,,,,0.1960187926888466,0.25165235748142
40f,30,30,43,test,Unknown,top_minus_random,random_row,10,200,0.1874453403800726,,,,0.1604354852233082,0.21672833395935595
40f,30,30,43,validation,all,top,median,1,2000,0.24802830815315247,0.28,0.3169243037700653,0.8055959343910217,,
40f,30,30,43,validation,all,top,median,3,2000,0.5343790054321289,0.7565,0.47716763615608215,0.8055959343910217,,
40f,30,30,43,validation,all,top,median,5,2000,0.6025399565696716,0.822,0.6436976790428162,0.8055959343910217,,
40f,30,30,43,validation,all,top,median,10,2000,0.6590370535850525,0.8655,0.7700045108795166,0.8055959343910217,,
40f,30,30,43,validation,all,least,median,1,2000,0.002764384727925062,0.0135,0.1641913801431656,0.8055959343910217,,
40f,30,30,43,validation,all,least,median,3,2000,0.0037204993423074484,0.0345,0.16888739168643951,0.8055959343910217,,
40f,30,30,43,validation,all,least,median,5,2000,0.006369099020957947,0.0515,0.17277035117149353,0.8055959343910217,,
40f,30,30,43,validation,all,least,median,10,2000,0.02210615761578083,0.0865,0.18158607184886932,0.8055959343910217,,
40f,30,30,43,validation,all,random,median,1,2000,0.027884487062692642,0.055,0.17506469786167145,0.8055959343910217,,
40f,30,30,43,validation,all,random,median,3,2000,0.08993230015039444,0.1415,0.1989821493625641,0.8055959343910217,,
40f,30,30,43,validation,all,random,median,5,2000,0.14470286667346954,0.213,0.22601214051246643,0.8055959343910217,,
40f,30,30,43,validation,all,random,median,10,2000,0.293491393327713,0.399,0.3000551462173462,0.8055959343910217,,
40f,30,30,43,validation,all,top,random_row,1,2000,0.2186010479927063,0.256,0.22612033784389496,0.8055959343910217,,
40f,30,30,43,validation,all,top,random_row,3,2000,0.4959661364555359,0.6725,0.3601229190826416,0.8055959343910217,,
40f,30,30,43,validation,all,top,random_row,5,2000,0.5869285464286804,0.775,0.4823222756385803,0.8055959343910217,,
40f,30,30,43,validation,all,top,random_row,10,2000,0.6558762192726135,0.8555,0.643084704875946,0.8055959343910217,,
40f,30,30,43,validation,all,least,random_row,1,2000,0.0005313529982231557,0.0145,0.16892769932746887,0.8055959343910217,,
40f,30,30,43,validation,all,least,random_row,3,2000,0.005205562803894281,0.0385,0.1705137938261032,0.8055959343910217,,
40f,30,30,43,validation,all,least,random_row,5,2000,0.01180114783346653,0.0555,0.17069941759109497,0.8055959343910217,,
40f,30,30,43,validation,all,least,random_row,10,2000,0.05237903073430061,0.1265,0.17251582443714142,0.8055959343910217,,
40f,30,30,43,validation,all,random,random_row,1,2000,0.025720305740833282,0.0605,0.1729002743959427,0.8055959343910217,,
40f,30,30,43,validation,all,random,random_row,3,2000,0.08544886857271194,0.1505,0.1853136420249939,0.8055959343910217,,
40f,30,30,43,validation,all,random,random_row,5,2000,0.14660896360874176,0.227,0.2029154747724533,0.8055959343910217,,
40f,30,30,43,validation,all,random,random_row,10,2000,0.30092254281044006,0.418,0.2742074728012085,0.8055959343910217,,
40f,30,30,43,validation,all,top_minus_random,median,1,2000,0.22014381707459688,,,,0.20856996292863042,0.2310994924066588
40f,30,30,43,validation,all,top_minus_random,median,3,2000,0.444446779742837,,,,0.42843538328371944,0.4593003403151408
40f,30,30,43,validation,all,top_minus_random,median,5,2000,0.45783709149807694,,,,0.4419817127944901,0.4722309912966564
40f,30,30,43,validation,all,top_minus_random,median,10,2000,0.365545651845634,,,,0.3529174678798765,0.3796489386305213
40f,30,30,43,validation,all,top_minus_random,random_row,1,2000,0.19288074392080307,,,,0.18079151244666428,0.20364359423294662
40f,30,30,43,validation,all,top_minus_random,random_row,3,2000,0.4105172644853592,,,,0.395496450483799,0.4244864150753245
40f,30,30,43,validation,all,top_minus_random,random_row,5,2000,0.44031955405324696,,,,0.42571743463929745,0.45663843333683907
40f,30,30,43,validation,all,top_minus_random,random_row,10,2000,0.3549536762535572,,,,0.3403445291955024,0.3694796553842723
40f,30,30,43,validation,Exploits,top,median,1,300,0.19692906737327576,0.21,0.08002804964780807,0.8638508915901184,,
40f,30,30,43,validation,Exploits,top,median,3,300,0.5579783916473389,0.7266666666666667,0.4331870377063751,0.8638508915901184,,
40f,30,30,43,validation,Exploits,top,median,5,300,0.7203764915466309,0.97,0.6253745555877686,0.8638508915901184,,
40f,30,30,43,validation,Exploits,top,median,10,300,0.8140836954116821,0.9966666666666667,0.801985502243042,0.8638508915901184,,
40f,30,30,43,validation,Exploits,least,median,1,300,0.001043045544065535,0.0,0.030758902430534363,0.8638508915901184,,
40f,30,30,43,validation,Exploits,least,median,3,300,0.0006509596132673323,0.01,0.03310709074139595,0.8638508915901184,,
40f,30,30,43,validation,Exploits,least,median,5,300,0.004183969460427761,0.016666666666666666,0.03513285145163536,0.8638508915901184,,
40f,30,30,43,validation,Exploits,least,median,10,300,0.008234680630266666,0.01,0.045380495488643646,0.8638508915901184,,
40f,30,30,43,validation,Exploits,random,median,1,300,0.05743836611509323,0.07,0.05984371155500412,0.8638508915901184,,
40f,30,30,43,validation,Exploits,random,median,3,300,0.14460110664367676,0.16666666666666666,0.10445193201303482,0.8638508915901184,,
40f,30,30,43,validation,Exploits,random,median,5,300,0.20008626580238342,0.22,0.1372077316045761,0.8638508915901184,,
40f,30,30,43,validation,Exploits,random,median,10,300,0.3811233937740326,0.39,0.24504593014717102,0.8638508915901184,,
40f,30,30,43,validation,Exploits,top,random_row,1,300,0.1258617639541626,0.11333333333333333,0.2579723000526428,0.8638508915901184,,
40f,30,30,43,validation,Exploits,top,random_row,3,300,0.34279850125312805,0.37333333333333335,0.3923860490322113,0.8638508915901184,,
40f,30,30,43,validation,Exploits,top,random_row,5,300,0.4352858364582062,0.48,0.5074489116668701,0.8638508915901184,,
40f,30,30,43,validation,Exploits,top,random_row,10,300,0.6058349609375,0.7066666666666667,0.725541353225708,0.8638508915901184,,
40f,30,30,43,validation,Exploits,least,random_row,1,300,-0.0006188757251948118,0.0033333333333333335,0.17779889702796936,0.8638508915901184,,
40f,30,30,43,validation,Exploits,least,random_row,3,300,-0.0033522299490869045,0.0033333333333333335,0.18721695244312286,0.8638508915901184,,
40f,30,30,43,validation,Exploits,least,random_row,5,300,0.0006359473918564618,0.01,0.1912667155265808,0.8638508915901184,,
40f,30,30,43,validation,Exploits,least,random_row,10,300,0.02116452157497406,0.016666666666666666,0.1920403093099594,0.8638508915901184,,
40f,30,30,43,validation,Exploits,random,random_row,1,300,0.02553064562380314,0.03333333333333333,0.1877918690443039,0.8638508915901184,,
40f,30,30,43,validation,Exploits,random,random_row,3,300,0.07453704625368118,0.07333333333333333,0.21680493652820587,0.8638508915901184,,
40f,30,30,43,validation,Exploits,random,random_row,5,300,0.10701429843902588,0.10333333333333333,0.2429279386997223,0.8638508915901184,,
40f,30,30,43,validation,Exploits,random,random_row,10,300,0.2514229714870453,0.25333333333333335,0.3508601486682892,0.8638508915901184,,
40f,30,30,43,validation,Exploits,top_minus_random,median,1,300,0.13949069778124493,,,,0.10322038278480372,0.17122393128772576
40f,30,30,43,validation,Exploits,top_minus_random,median,3,300,0.41337730397780736,,,,0.37380630181233093,0.44989659303675095
40f,30,30,43,validation,Exploits,top_minus_random,median,5,300,0.5202902312080065,,,,0.48685292301326993,0.5531896189600229
40f,30,30,43,validation,Exploits,top_minus_random,median,10,300,0.4329603487253189,,,,0.3956010965655247,0.4679650067389011
40f,30,30,43,validation,Exploits,top_minus_random,random_row,1,300,0.10033111164967219,,,,0.0761654530291756,0.12424725110083819
40f,30,30,43,validation,Exploits,top_minus_random,random_row,3,300,0.26826145857572553,,,,0.2354567430987954,0.2994087063049276
40f,30,30,43,validation,Exploits,top_minus_random,random_row,5,300,0.32827152222394945,,,,0.29698896859337887,0.35972731006393827
40f,30,30,43,validation,Exploits,top_minus_random,random_row,10,300,0.35441195726394653,,,,0.3180424184526006,0.3876002032135924
40f,30,30,43,validation,Fuzzers,top,median,1,300,0.29526185989379883,0.36333333333333334,0.030236391350626945,0.7745410203933716,,
40f,30,30,43,validation,Fuzzers,top,median,3,300,0.4821445643901825,0.6766666666666666,0.08113428950309753,0.7745410203933716,,
40f,30,30,43,validation,Fuzzers,top,median,5,300,0.57724529504776,0.8033333333333333,0.14026357233524323,0.7745410203933716,,
40f,30,30,43,validation,Fuzzers,top,median,10,300,0.7307419776916504,0.9833333333333333,0.4800061583518982,0.7745410203933716,,
40f,30,30,43,validation,Fuzzers,least,median,1,300,0.024477599188685417,0.04,0.013345938175916672,0.7745410203933716,,
40f,30,30,43,validation,Fuzzers,least,median,3,300,0.0601438507437706,0.08333333333333333,0.0170151274651289,0.7745410203933716,,
40f,30,30,43,validation,Fuzzers,least,median,5,300,0.0889766737818718,0.12333333333333334,0.021934641525149345,0.7745410203933716,,
40f,30,30,43,validation,Fuzzers,least,median,10,300,0.17391380667686462,0.24333333333333335,0.03945482522249222,0.7745410203933716,,
40f,30,30,43,validation,Fuzzers,random,median,1,300,0.0417766347527504,0.05,0.015548782423138618,0.7745410203933716,,
40f,30,30,43,validation,Fuzzers,random,median,3,300,0.14479418098926544,0.21666666666666667,0.030595242977142334,0.7745410203933716,,
40f,30,30,43,validation,Fuzzers,random,median,5,300,0.22546616196632385,0.32,0.046206116676330566,0.7745410203933716,,
40f,30,30,43,validation,Fuzzers,random,median,10,300,0.4259103238582611,0.59,0.13158416748046875,0.7745410203933716,,
40f,30,30,43,validation,Fuzzers,top,random_row,1,300,0.31592968106269836,0.42,0.1696460247039795,0.7745410203933716,,
40f,30,30,43,validation,Fuzzers,top,random_row,3,300,0.5310227274894714,0.71,0.22346153855323792,0.7745410203933716,,
40f,30,30,43,validation,Fuzzers,top,random_row,5,300,0.6028751730918884,0.8033333333333333,0.27807652950286865,0.7745410203933716,,
40f,30,30,43,validation,Fuzzers,top,random_row,10,300,0.6690273284912109,0.9,0.40375351905822754,0.7745410203933716,,
40f,30,30,43,validation,Fuzzers,least,random_row,1,300,0.013415152207016945,0.03,0.1528298407793045,0.7745410203933716,,
40f,30,30,43,validation,Fuzzers,least,random_row,3,300,0.04948120936751366,0.08666666666666667,0.15105146169662476,0.7745410203933716,,
40f,30,30,43,validation,Fuzzers,least,random_row,5,300,0.0724254846572876,0.11,0.15072758495807648,0.7745410203933716,,
40f,30,30,43,validation,Fuzzers,least,random_row,10,300,0.18736274540424347,0.2833333333333333,0.1505385935306549,0.7745410203933716,,
40f,30,30,43,validation,Fuzzers,random,random_row,1,300,0.050797514617443085,0.08,0.15612637996673584,0.7745410203933716,,
40f,30,30,43,validation,Fuzzers,random,random_row,3,300,0.170644611120224,0.23333333333333334,0.15274757146835327,0.7745410203933716,,
40f,30,30,43,validation,Fuzzers,random,random_row,5,300,0.2707716226577759,0.4033333333333333,0.16047219932079315,0.7745410203933716,,
40f,30,30,43,validation,Fuzzers,random,random_row,10,300,0.43492206931114197,0.59,0.18356391787528992,0.7745410203933716,,
40f,30,30,43,validation,Fuzzers,top_minus_random,median,1,300,0.25348522156476977,,,,0.21795525443305572,0.28670223218450946
40f,30,30,43,validation,Fuzzers,top_minus_random,median,3,300,0.33735035787026085,,,,0.3054890662804246,0.3722876490851243
40f,30,30,43,validation,Fuzzers,top_minus_random,median,5,300,0.3517791133125623,,,,0.31657437336693206,0.38868857284138597
40f,30,30,43,validation,Fuzzers,top_minus_random,median,10,300,0.3048316965500514,,,,0.2731866628726323,0.33311039428909617
40f,30,30,43,validation,Fuzzers,top_minus_random,random_row,1,300,0.26513217012087503,,,,0.22977516771356266,0.2971643572921554
40f,30,30,43,validation,Fuzzers,top_minus_random,random_row,3,300,0.3603781055410703,,,,0.32689943560212853,0.3961290938730041
40f,30,30,43,validation,Fuzzers,top_minus_random,random_row,5,300,0.33210358023643494,,,,0.2998422833482424,0.3681471294090152
40f,30,30,43,validation,Fuzzers,top_minus_random,random_row,10,300,0.2341052460670471,,,,0.20282213239123426,0.2672720518037677
40f,30,30,43,validation,Generic,top,median,1,300,0.19274361431598663,0.12333333333333334,0.12143216282129288,0.9665347337722778,,
40f,30,30,43,validation,Generic,top,median,3,300,0.9206494092941284,1.0,0.5993644595146179,0.9665347337722778,,
40f,30,30,43,validation,Generic,top,median,5,300,0.9612182378768921,1.0,0.8769551515579224,0.9665347337722778,,
40f,30,30,43,validation,Generic,top,median,10,300,0.9641045928001404,1.0,0.9261285662651062,0.9665347337722778,,
40f,30,30,43,validation,Generic,least,median,1,300,-0.00031292717903852463,0.0,0.004458148498088121,0.9665347337722778,,
40f,30,30,43,validation,Generic,least,median,3,300,0.002618620404973626,0.0,0.005407159682363272,0.9665347337722778,,
40f,30,30,43,validation,Generic,least,median,5,300,0.007031427230685949,0.01,0.006732984445989132,0.9665347337722778,,
40f,30,30,43,validation,Generic,least,median,10,300,0.009866263717412949,0.01,0.008883246220648289,0.9665347337722778,,
40f,30,30,43,validation,Generic,random,median,1,300,0.006692635361105204,0.006666666666666667,0.008697721175849438,0.9665347337722778,,
40f,30,30,43,validation,Generic,random,median,3,300,0.06951853632926941,0.056666666666666664,0.034686870872974396,0.9665347337722778,,
40f,30,30,43,validation,Generic,random,median,5,300,0.1471702605485916,0.14,0.06727420538663864,0.9665347337722778,,
40f,30,30,43,validation,Generic,random,median,10,300,0.3784469962120056,0.41,0.2062385529279709,0.9665347337722778,,
40f,30,30,43,validation,Generic,top,random_row,1,300,0.17053864896297455,0.10333333333333333,0.15965396165847778,0.9665347337722778,,
40f,30,30,43,validation,Generic,top,random_row,3,300,0.7498234510421753,0.73,0.4666818678379059,0.9665347337722778,,
40f,30,30,43,validation,Generic,top,random_row,5,300,0.912304699420929,0.97,0.8107975721359253,0.9665347337722778,,
40f,30,30,43,validation,Generic,top,random_row,10,300,0.9277328252792358,0.97,0.913517951965332,0.9665347337722778,,
40f,30,30,43,validation,Generic,least,random_row,1,300,-0.00030381997930817306,0.0,0.04801170155405998,0.9665347337722778,,
40f,30,30,43,validation,Generic,least,random_row,3,300,0.0044911326840519905,0.006666666666666667,0.04840889573097229,0.9665347337722778,,
40f,30,30,43,validation,Generic,least,random_row,5,300,0.008466001600027084,0.006666666666666667,0.048926275223493576,0.9665347337722778,,
40f,30,30,43,validation,Generic,least,random_row,10,300,0.015980612486600876,0.02666666666666667,0.05145401507616043,0.9665347337722778,,
40f,30,30,43,validation,Generic,random,random_row,1,300,0.004770867060869932,0.006666666666666667,0.04975588992238045,0.9665347337722778,,
40f,30,30,43,validation,Generic,random,random_row,3,300,0.0642998218536377,0.05333333333333334,0.07405166327953339,0.9665347337722778,,
40f,30,30,43,validation,Generic,random,random_row,5,300,0.13670818507671356,0.13,0.09949257969856262,0.9665347337722778,,
40f,30,30,43,validation,Generic,random,random_row,10,300,0.3304496109485626,0.33,0.21941415965557098,0.9665347337722778,,
40f,30,30,43,validation,Generic,top_minus_random,median,1,300,0.18605098128318787,,,,0.16640207115064065,0.207116841579477
40f,30,30,43,validation,Generic,top_minus_random,median,3,300,0.851130863626798,,,,0.8274335543314616,0.8760681162948409
40f,30,30,43,validation,Generic,top_minus_random,median,5,300,0.8140480231245358,,,,0.7767133533035716,0.8465577881907423
40f,30,30,43,validation,Generic,top_minus_random,median,10,300,0.5856576460599899,,,,0.5403135183900595,0.6305999959881107
40f,30,30,43,validation,Generic,top_minus_random,random_row,1,300,0.1657677792509397,,,,0.14750281408925853,0.1861827783981959
40f,30,30,43,validation,Generic,top_minus_random,random_row,3,300,0.685523627102375,,,,0.6491371370057265,0.7203501232787967
40f,30,30,43,validation,Generic,top_minus_random,random_row,5,300,0.7755965478221576,,,,0.7387966676056384,0.8114318985367814
40f,30,30,43,validation,Generic,top_minus_random,random_row,10,300,0.5972832268476487,,,,0.5532277809977532,0.6445436313897371
40f,30,30,43,validation,Normal,top,median,1,300,0.07458579540252686,0.016666666666666666,0.9653242826461792,0.9812527298927307,,
40f,30,30,43,validation,Normal,top,median,3,300,0.09432993084192276,0.043333333333333335,0.9810613989830017,0.9812527298927307,,
40f,30,30,43,validation,Normal,top,median,5,300,0.11880069971084595,0.05,0.9849647283554077,0.9812527298927307,,
40f,30,30,43,validation,Normal,top,median,10,300,0.22512860596179962,0.12666666666666668,0.9920792579650879,0.9812527298927307,,
40f,30,30,43,validation,Normal,least,median,1,300,5.655765562551096e-05,0.0,0.8737658858299255,0.9812527298927307,,
40f,30,30,43,validation,Normal,least,median,3,300,0.0009875709656625986,0.01,0.8642445802688599,0.9812527298927307,,
40f,30,30,43,validation,Normal,least,median,5,300,0.0008617715793661773,0.01,0.8555448651313782,0.9812527298927307,,
40f,30,30,43,validation,Normal,least,median,10,300,0.0063419463112950325,0.01,0.8263664245605469,0.9812527298927307,,
40f,30,30,43,validation,Normal,random,median,1,300,0.003444219473749399,0.0033333333333333335,0.8758935332298279,0.9812527298927307,,
40f,30,30,43,validation,Normal,random,median,3,300,0.011674418114125729,0.006666666666666667,0.8708367943763733,0.9812527298927307,,
40f,30,30,43,validation,Normal,random,median,5,300,0.01686103828251362,0.013333333333333334,0.872748613357544,0.9812527298927307,,
40f,30,30,43,validation,Normal,random,median,10,300,0.04918136075139046,0.043333333333333335,0.8793916702270508,0.9812527298927307,,
40f,30,30,43,validation,Normal,top,random_row,1,300,0.08011618256568909,0.05,0.5354288220405579,0.9812527298927307,,
40f,30,30,43,validation,Normal,top,random_row,3,300,0.2918809652328491,0.28,0.7824021577835083,0.9812527298927307,,
40f,30,30,43,validation,Normal,top,random_row,5,300,0.4230923354625702,0.43,0.8501059412956238,0.9812527298927307,,
40f,30,30,43,validation,Normal,top,random_row,10,300,0.5736837983131409,0.6066666666666667,0.9335888624191284,0.9812527298927307,,
40f,30,30,43,validation,Normal,least,random_row,1,300,-0.00032235452090390027,0.0,0.44978272914886475,0.9812527298927307,,
40f,30,30,43,validation,Normal,least,random_row,3,300,-0.0008862467366270721,0.0,0.45532551407814026,0.9812527298927307,,
40f,30,30,43,validation,Normal,least,random_row,5,300,1.9200742826797068e-05,0.0,0.4540891647338867,0.9812527298927307,,
40f,30,30,43,validation,Normal,least,random_row,10,300,0.004947832319885492,0.01,0.45135676860809326,0.9812527298927307,,
40f,30,30,43,validation,Normal,random,random_row,1,300,0.005130864214152098,0.01,0.4563763439655304,0.9812527298927307,,
40f,30,30,43,validation,Normal,random,random_row,3,300,0.018310213461518288,0.016666666666666666,0.4728699326515198,0.9812527298927307,,
40f,30,30,43,validation,Normal,random,random_row,5,300,0.041754841804504395,0.043333333333333335,0.5084879398345947,0.9812527298927307,,
40f,30,30,43,validation,Normal,random,random_row,10,300,0.14231520891189575,0.12333333333333334,0.6136369109153748,0.9812527298927307,,
40f,30,30,43,validation,Normal,top_minus_random,median,1,300,0.07114157517751057,,,,0.05636932542175055,0.08683198618640502
40f,30,30,43,validation,Normal,top_minus_random,median,3,300,0.08265551636616389,,,,0.0649645820731918,0.1018439963782827
40f,30,30,43,validation,Normal,top_minus_random,median,5,300,0.10193965375423432,,,,0.08265339647233487,0.12145660287886857
40f,30,30,43,validation,Normal,top_minus_random,median,10,300,0.17594724108775456,,,,0.1537259947285056,0.20166546580940484
40f,30,30,43,validation,Normal,top_minus_random,random_row,1,300,0.07498532513777414,,,,0.05598751656711102,0.09372537129869063
40f,30,30,43,validation,Normal,top_minus_random,random_row,3,300,0.27357073992490766,,,,0.23690899169196686,0.31347269933670757
40f,30,30,43,validation,Normal,top_minus_random,random_row,5,300,0.3813374860088031,,,,0.33876432476441065,0.4263238047386209
40f,30,30,43,validation,Normal,top_minus_random,random_row,10,300,0.43136863112449647,,,,0.3866233592579762,0.47777013766765597
40f,30,30,43,validation,Overlap-Group-1,top,median,1,300,0.17616300284862518,0.23,0.6388981938362122,0.579522430896759,,
40f,30,30,43,validation,Overlap-Group-1,top,median,3,300,0.4391978979110718,0.9433333333333334,0.6934362649917603,0.579522430896759,,
40f,30,30,43,validation,Overlap-Group-1,top,median,5,300,0.5130845904350281,0.99,0.7233977317810059,0.579522430896759,,
40f,30,30,43,validation,Overlap-Group-1,top,median,10,300,0.5124064683914185,1.0,0.6690079569816589,0.579522430896759,,
40f,30,30,43,validation,Overlap-Group-1,least,median,1,300,-0.010237579233944416,0.006666666666666667,0.07865796238183975,0.579522430896759,,
40f,30,30,43,validation,Overlap-Group-1,least,median,3,300,-0.041248295456171036,0.016666666666666666,0.10277478396892548,0.579522430896759,,
40f,30,30,43,validation,Overlap-Group-1,least,median,5,300,-0.0601671077311039,0.03,0.1228066012263298,0.579522430896759,,
40f,30,30,43,validation,Overlap-Group-1,least,median,10,300,-0.07208933681249619,0.04666666666666667,0.1627492904663086,0.579522430896759,,
40f,30,30,43,validation,Overlap-Group-1,random,median,1,300,0.01954645849764347,0.07,0.10461882501840591,0.579522430896759,,
40f,30,30,43,validation,Overlap-Group-1,random,median,3,300,0.05231824144721031,0.13333333333333333,0.16158680617809296,0.579522430896759,,
40f,30,30,43,validation,Overlap-Group-1,random,median,5,300,0.07419569045305252,0.19333333333333333,0.22269180417060852,0.579522430896759,,
40f,30,30,43,validation,Overlap-Group-1,random,median,10,300,0.13583889603614807,0.32666666666666666,0.30022943019866943,0.579522430896759,,
40f,30,30,43,validation,Overlap-Group-1,top,random_row,1,300,0.1606137901544571,0.20333333333333334,0.13754335045814514,0.579522430896759,,
40f,30,30,43,validation,Overlap-Group-1,top,random_row,3,300,0.3895888328552246,0.85,0.21228693425655365,0.579522430896759,,
40f,30,30,43,validation,Overlap-Group-1,top,random_row,5,300,0.4786027669906616,0.9366666666666666,0.2777256369590759,0.579522430896759,,
40f,30,30,43,validation,Overlap-Group-1,top,random_row,10,300,0.5084632635116577,0.9466666666666667,0.48191335797309875,0.579522430896759,,
40f,30,30,43,validation,Overlap-Group-1,least,random_row,1,300,-0.008443410508334637,0.006666666666666667,0.08596672117710114,0.579522430896759,,
40f,30,30,43,validation,Overlap-Group-1,least,random_row,3,300,-0.025054756551980972,0.02,0.08169127255678177,0.579522430896759,,
40f,30,30,43,validation,Overlap-Group-1,least,random_row,5,300,-0.030191516503691673,0.02666666666666667,0.08279255777597427,0.579522430896759,,
40f,30,30,43,validation,Overlap-Group-1,least,random_row,10,300,-0.015479369089007378,0.11,0.09050528705120087,0.579522430896759,,
40f,30,30,43,validation,Overlap-Group-1,random,random_row,1,300,0.018050378188490868,0.05,0.08866634219884872,0.579522430896759,,
40f,30,30,43,validation,Overlap-Group-1,random,random_row,3,300,0.055286381393671036,0.17666666666666667,0.09789744019508362,0.579522430896759,,
40f,30,30,43,validation,Overlap-Group-1,random,random_row,5,300,0.09129855781793594,0.24333333333333335,0.108779676258564,0.579522430896759,,
40f,30,30,43,validation,Overlap-Group-1,random,random_row,10,300,0.20265494287014008,0.47,0.175116166472435,0.579522430896759,,
40f,30,30,43,validation,Overlap-Group-1,top_minus_random,median,1,300,0.15661655088265736,,,,0.1374985692029198,0.17837223699937263
40f,30,30,43,validation,Overlap-Group-1,top_minus_random,median,3,300,0.3868796612819036,,,,0.3694034861872594,0.40441022093345724
40f,30,30,43,validation,Overlap-Group-1,top_minus_random,median,5,300,0.4388889181613922,,,,0.41621030065665643,0.4586848820671439
40f,30,30,43,validation,Overlap-Group-1,top_minus_random,median,10,300,0.3765675548712413,,,,0.3551911054849625,0.3995040161435803
40f,30,30,43,validation,Overlap-Group-1,top_minus_random,random_row,1,300,0.1425634146730105,,,,0.12338945641120276,0.16354018169889845
40f,30,30,43,validation,Overlap-Group-1,top_minus_random,random_row,3,300,0.33430242935816445,,,,0.31140153224766254,0.3574769514501095
40f,30,30,43,validation,Overlap-Group-1,top_minus_random,random_row,5,300,0.3873041726152102,,,,0.363376509723564,0.41035147462785243
40f,30,30,43,validation,Overlap-Group-1,top_minus_random,random_row,10,300,0.3058082795143127,,,,0.2816829996556044,0.33050690838446223
40f,30,30,43,validation,Reconnaissance,top,median,1,300,0.6253014206886292,0.5633333333333334,0.0384371392428875,0.907393217086792,,
40f,30,30,43,validation,Reconnaissance,top,median,3,300,0.8745593428611755,1.0,0.09315536916255951,0.907393217086792,,
40f,30,30,43,validation,Reconnaissance,top,median,5,300,0.8954300880432129,1.0,0.5957598090171814,0.907393217086792,,
40f,30,30,43,validation,Reconnaissance,top,median,10,300,0.896338701248169,1.0,0.8822349309921265,0.907393217086792,,
40f,30,30,43,validation,Reconnaissance,least,median,1,300,0.0002364254032727331,0.0,0.004473862703889608,0.907393217086792,,
40f,30,30,43,validation,Reconnaissance,least,median,3,300,0.0005297603202052414,0.0,0.0048323883675038815,0.907393217086792,,
40f,30,30,43,validation,Reconnaissance,least,median,5,300,0.0008528108592145145,0.0,0.005783598870038986,0.907393217086792,,
40f,30,30,43,validation,Reconnaissance,least,median,10,300,0.021492665633559227,0.03666666666666667,0.010123813524842262,0.907393217086792,,
40f,30,30,43,validation,Reconnaissance,random,median,1,300,0.04303751140832901,0.05,0.006299847736954689,0.907393217086792,,
40f,30,30,43,validation,Reconnaissance,random,median,3,300,0.14473660290241241,0.13666666666666666,0.011019320227205753,0.907393217086792,,
40f,30,30,43,validation,Reconnaissance,random,median,5,300,0.24658167362213135,0.24333333333333335,0.019760537892580032,0.907393217086792,,
40f,30,30,43,validation,Reconnaissance,random,median,10,300,0.5048455595970154,0.51,0.06712877005338669,0.907393217086792,,
40f,30,30,43,validation,Reconnaissance,top,random_row,1,300,0.5107709169387817,0.47333333333333333,0.11280995607376099,0.907393217086792,,
40f,30,30,43,validation,Reconnaissance,top,random_row,3,300,0.8115241527557373,0.9333333333333333,0.1601894050836563,0.907393217086792,,
40f,30,30,43,validation,Reconnaissance,top,random_row,5,300,0.8345496654510498,0.9366666666666666,0.27035701274871826,0.907393217086792,,
40f,30,30,43,validation,Reconnaissance,top,random_row,10,300,0.8371856212615967,0.9366666666666666,0.5154147148132324,0.907393217086792,,
40f,30,30,43,validation,Reconnaissance,least,random_row,1,300,0.000854053592775017,0.0033333333333333335,0.09963908791542053,0.907393217086792,,
40f,30,30,43,validation,Reconnaissance,least,random_row,3,300,0.007033906877040863,0.016666666666666666,0.09891700744628906,0.907393217086792,,
40f,30,30,43,validation,Reconnaissance,least,random_row,5,300,0.019782979041337967,0.02666666666666667,0.09689018130302429,0.907393217086792,,
40f,30,30,43,validation,Reconnaissance,least,random_row,10,300,0.11210848391056061,0.14666666666666667,0.09252677857875824,0.907393217086792,,
40f,30,30,43,validation,Reconnaissance,random,random_row,1,300,0.05021163448691368,0.07333333333333333,0.10023067146539688,0.907393217086792,,
40f,30,30,43,validation,Reconnaissance,random,random_row,3,300,0.1520359069108963,0.18666666666666668,0.10166384279727936,0.907393217086792,,
40f,30,30,43,validation,Reconnaissance,random,random_row,5,300,0.2767600417137146,0.30666666666666664,0.10088737308979034,0.907393217086792,,
40f,30,30,43,validation,Reconnaissance,random,random_row,10,300,0.5571678876876831,0.61,0.12563905119895935,0.907393217086792,,
40f,30,30,43,validation,Reconnaissance,top_minus_random,median,1,300,0.5822638522585233,,,,0.5610802310655514,0.6019998880078395
40f,30,30,43,validation,Reconnaissance,top_minus_random,median,3,300,0.7298226367433865,,,,0.7009744381432732,0.7608703719923894
40f,30,30,43,validation,Reconnaissance,top_minus_random,median,5,300,0.648848492205143,,,,0.6110504551380873,0.6857404012878735
40f,30,30,43,validation,Reconnaissance,top_minus_random,median,10,300,0.3914931133389473,,,,0.35314094261080026,0.4288893340652188
40f,30,30,43,validation,Reconnaissance,top_minus_random,random_row,1,300,0.4605592721700668,,,,0.42881212547421454,0.4917432270348072
40f,30,30,43,validation,Reconnaissance,top_minus_random,random_row,3,300,0.6594882598519325,,,,0.6267411673987905,0.692909601961573
40f,30,30,43,validation,Reconnaissance,top_minus_random,random_row,5,300,0.557789668639501,,,,0.5177683717633287,0.5993835699905952
40f,30,30,43,validation,Reconnaissance,top_minus_random,random_row,10,300,0.280017759501934,,,,0.24273350870609287,0.3170056299641728
40f,30,30,43,validation,Unknown,top,median,1,200,0.13880600035190582,0.54,0.35770851373672485,0.4463164210319519,,
40f,30,30,43,validation,Unknown,top,median,3,200,0.2905016839504242,0.98,0.4496680498123169,0.4463164210319519,,
40f,30,30,43,validation,Unknown,top,median,5,200,0.34616631269454956,1.0,0.5169037580490112,0.4463164210319519,,
40f,30,30,43,validation,Unknown,top,median,10,200,0.37616416811943054,0.995,0.5728809237480164,0.4463164210319519,,
40f,30,30,43,validation,Unknown,least,median,1,200,0.004749166313558817,0.065,0.13372278213500977,0.4463164210319519,,
40f,30,30,43,validation,Unknown,least,median,3,200,0.001681292662397027,0.165,0.14780211448669434,0.4463164210319519,,
40f,30,30,43,validation,Unknown,least,median,5,200,0.0010816672584041953,0.23,0.15580037236213684,0.4463164210319519,,
40f,30,30,43,validation,Unknown,least,median,10,200,-0.000578463077545166,0.33,0.17642366886138916,0.4463164210319519,,
40f,30,30,43,validation,Unknown,random,median,1,200,0.020941143855452538,0.175,0.1442933976650238,0.4463164210319519,,
40f,30,30,43,validation,Unknown,random,median,3,200,0.047858379781246185,0.34,0.17005600035190582,0.4463164210319519,,
40f,30,30,43,validation,Unknown,random,median,5,200,0.08148704469203949,0.435,0.21128788590431213,0.4463164210319519,,
40f,30,30,43,validation,Unknown,random,median,10,200,0.12189404666423798,0.585,0.2561238408088684,0.4463164210319519,,
40f,30,30,43,validation,Unknown,top,random_row,1,200,0.14026404917240143,0.515,0.20162160694599152,0.4463164210319519,,
40f,30,30,43,validation,Unknown,top,random_row,3,200,0.28470340371131897,0.91,0.24511723220348358,0.4463164210319519,,
40f,30,30,43,validation,Unknown,top,random_row,5,200,0.3392193615436554,0.915,0.33145514130592346,0.4463164210319519,,
40f,30,30,43,validation,Unknown,top,random_row,10,200,0.3758704364299774,0.955,0.47025245428085327,0.4463164210319519,,
40f,30,30,43,validation,Unknown,least,random_row,1,200,-0.0015575865982100368,0.08,0.16823361814022064,0.4463164210319519,,
40f,30,30,43,validation,Unknown,least,random_row,3,200,0.004486104939132929,0.185,0.17122147977352142,0.4463164210319519,,
40f,30,30,43,validation,Unknown,least,random_row,5,200,0.011304332874715328,0.285,0.16995543241500854,0.4463164210319519,,
40f,30,30,43,validation,Unknown,least,random_row,10,200,0.03466307371854782,0.375,0.18252559006214142,0.4463164210319519,,
40f,30,30,43,validation,Unknown,random,random_row,1,200,0.025465209037065506,0.225,0.17058154940605164,0.4463164210319519,,
40f,30,30,43,validation,Unknown,random,random_row,3,200,0.051817700266838074,0.395,0.17908333241939545,0.4463164210319519,,
40f,30,30,43,validation,Unknown,random,random_row,5,200,0.07962830364704132,0.425,0.1975831538438797,0.4463164210319519,,
40f,30,30,43,validation,Unknown,random,random_row,10,200,0.13082633912563324,0.615,0.2397293597459793,0.4463164210319519,,
40f,30,30,43,validation,Unknown,top_minus_random,median,1,200,0.11786485232412815,,,,0.09428504178114236,0.14021344357542692
40f,30,30,43,validation,Unknown,top_minus_random,median,3,200,0.2426432876288891,,,,0.21945610302500426,0.26861346682719883
40f,30,30,43,validation,Unknown,top_minus_random,median,5,200,0.2646792673319578,,,,0.23572537371888758,0.29186244049854576
40f,30,30,43,validation,Unknown,top_minus_random,median,10,200,0.25427011750638484,,,,0.22363834471255542,0.28413352124206726
40f,30,30,43,validation,Unknown,top_minus_random,random_row,1,200,0.11479882970452308,,,,0.08959496963210403,0.13722655341774223
40f,30,30,43,validation,Unknown,top_minus_random,random_row,3,200,0.23288571432232857,,,,0.20708875075355174,0.2609724175557494
40f,30,30,43,validation,Unknown,top_minus_random,random_row,5,200,0.25959107421338556,,,,0.22933416587300598,0.2881384429223835
40f,30,30,43,validation,Unknown,top_minus_random,random_row,10,200,0.24504411205649376,,,,0.21526363256946207,0.2758902476672083
40f,15,15,43,test,all,top,median,1,2000,0.3633973300457001,0.4455,0.37675005197525024,0.7848767042160034,,
40f,15,15,43,test,all,top,median,3,2000,0.5674060583114624,0.809,0.5536330342292786,0.7848767042160034,,
40f,15,15,43,test,all,top,median,5,2000,0.6201063394546509,0.8685,0.6412013173103333,0.7848767042160034,,
40f,15,15,43,test,all,top,median,10,2000,0.6485247611999512,0.839,0.7702368497848511,0.7848767042160034,,
40f,15,15,43,test,all,least,median,1,2000,0.0053865727968513966,0.0325,0.187937930226326,0.7848767042160034,,
40f,15,15,43,test,all,least,median,3,2000,0.019510971382260323,0.0835,0.20963284373283386,0.7848767042160034,,
40f,15,15,43,test,all,least,median,5,2000,0.04343894124031067,0.1265,0.2043634057044983,0.7848767042160034,,
40f,15,15,43,test,all,least,median,10,2000,0.1806703507900238,0.327,0.21240638196468353,0.7848767042160034,,
40f,15,15,43,test,all,random,median,1,2000,0.05752911418676376,0.106,0.19134338200092316,0.7848767042160034,,
40f,15,15,43,test,all,random,median,3,2000,0.17588680982589722,0.27,0.23548969626426697,0.7848767042160034,,
40f,15,15,43,test,all,random,median,5,2000,0.28070521354675293,0.4115,0.28737497329711914,0.7848767042160034,,
40f,15,15,43,test,all,random,median,10,2000,0.49268755316734314,0.6825,0.493958443403244,0.7848767042160034,,
40f,15,15,43,test,all,top,random_row,1,2000,0.3113201856613159,0.3925,0.27022355794906616,0.7848767042160034,,
40f,15,15,43,test,all,top,random_row,3,2000,0.5398076772689819,0.759,0.43527862429618835,0.7848767042160034,,
40f,15,15,43,test,all,top,random_row,5,2000,0.6084626317024231,0.835,0.5144230723381042,0.7848767042160034,,
40f,15,15,43,test,all,top,random_row,10,2000,0.6370276808738708,0.854,0.7149104475975037,0.7848767042160034,,
40f,15,15,43,test,all,least,random_row,1,2000,0.01642446219921112,0.0425,0.17352373898029327,0.7848767042160034,,
40f,15,15,43,test,all,least,random_row,3,2000,0.051778778433799744,0.1085,0.17534704506397247,0.7848767042160034,,
40f,15,15,43,test,all,least,random_row,5,2000,0.10905710607767105,0.19,0.17584869265556335,0.7848767042160034,,
40f,15,15,43,test,all,least,random_row,10,2000,0.30109816789627075,0.4485,0.20692647993564606,0.7848767042160034,,
40f,15,15,43,test,all,random,random_row,1,2000,0.06042497232556343,0.1175,0.1863587647676468,0.7848767042160034,,
40f,15,15,43,test,all,random,random_row,3,2000,0.18799537420272827,0.2945,0.215772807598114,0.7848767042160034,,
40f,15,15,43,test,all,random,random_row,5,2000,0.3070998787879944,0.446,0.2626726031303406,0.7848767042160034,,
40f,15,15,43,test,all,random,random_row,10,2000,0.515383780002594,0.713,0.47723188996315,0.7848767042160034,,
40f,15,15,43,test,all,top_minus_random,median,1,2000,0.3058682545349002,,,,0.2927903583051637,0.3198694192968309
40f,15,15,43,test,all,top_minus_random,median,3,2000,0.391519263215363,,,,0.3754194570371881,0.4080778792247176
40f,15,15,43,test,all,top_minus_random,median,5,2000,0.3394011600613594,,,,0.32464809652082627,0.35611175679508594
40f,15,15,43,test,all,top_minus_random,median,10,2000,0.15583715853095054,,,,0.14340937226954847,0.1682783785564825
40f,15,15,43,test,all,top_minus_random,random_row,1,2000,0.2508952103033662,,,,0.23757854607068002,0.2628097988056019
40f,15,15,43,test,all,top_minus_random,random_row,3,2000,0.35181231981515887,,,,0.3378921412980184,0.3662976209130138
40f,15,15,43,test,all,top_minus_random,random_row,5,2000,0.3013627823591232,,,,0.2858573324358091,0.31759729947503657
40f,15,15,43,test,all,top_minus_random,random_row,10,2000,0.12164396048337221,,,,0.1097693747991696,0.13356908193584532
40f,15,15,43,test,Exploits,top,median,1,300,0.584240198135376,0.7533333333333333,0.34107258915901184,0.834031343460083,,
40f,15,15,43,test,Exploits,top,median,3,300,0.7712920308113098,0.9833333333333333,0.6376112699508667,0.834031343460083,,
40f,15,15,43,test,Exploits,top,median,5,300,0.798970103263855,0.9966666666666667,0.7803820967674255,0.834031343460083,,
40f,15,15,43,test,Exploits,top,median,10,300,0.8158612847328186,0.9933333333333333,0.8542984127998352,0.834031343460083,,
40f,15,15,43,test,Exploits,least,median,1,300,-0.003790078917518258,0.013333333333333334,0.015593131072819233,0.834031343460083,,
40f,15,15,43,test,Exploits,least,median,3,300,-0.014123396947979927,0.02666666666666667,0.020416192710399628,0.834031343460083,,
40f,15,15,43,test,Exploits,least,median,5,300,-0.0014124572044238448,0.016666666666666666,0.025773335248231888,0.834031343460083,,
40f,15,15,43,test,Exploits,least,median,10,300,0.11139391362667084,0.07,0.039930686354637146,0.834031343460083,,
40f,15,15,43,test,Exploits,random,median,1,300,0.0776703953742981,0.09,0.04651276767253876,0.834031343460083,,
40f,15,15,43,test,Exploits,random,median,3,300,0.21028046309947968,0.23333333333333334,0.11583590507507324,0.834031343460083,,
40f,15,15,43,test,Exploits,random,median,5,300,0.348043829202652,0.39666666666666667,0.1889016032218933,0.834031343460083,,
40f,15,15,43,test,Exploits,random,median,10,300,0.6496521830558777,0.78,0.4947543442249298,0.834031343460083,,
40f,15,15,43,test,Exploits,top,random_row,1,300,0.29409459233283997,0.36666666666666664,0.2682206332683563,0.834031343460083,,
40f,15,15,43,test,Exploits,top,random_row,3,300,0.4548560678958893,0.54,0.4069487750530243,0.834031343460083,,
40f,15,15,43,test,Exploits,top,random_row,5,300,0.5447959899902344,0.6766666666666666,0.5136105418205261,0.834031343460083,,
40f,15,15,43,test,Exploits,top,random_row,10,300,0.6258798241615295,0.7533333333333333,0.7815874218940735,0.834031343460083,,
40f,15,15,43,test,Exploits,least,random_row,1,300,0.007999430410563946,0.01,0.20314949750900269,0.834031343460083,,
40f,15,15,43,test,Exploits,least,random_row,3,300,0.024683155119419098,0.023333333333333334,0.21097657084465027,0.834031343460083,,
40f,15,15,43,test,Exploits,least,random_row,5,300,0.09580805152654648,0.11,0.2211042046546936,0.834031343460083,,
40f,15,15,43,test,Exploits,least,random_row,10,300,0.35287919640541077,0.42,0.30919238924980164,0.834031343460083,,
40f,15,15,43,test,Exploits,random,random_row,1,300,0.04502113163471222,0.05333333333333334,0.22371403872966766,0.834031343460083,,
40f,15,15,43,test,Exploits,random,random_row,3,300,0.14887389540672302,0.13,0.2690960764884949,0.834031343460083,,
40f,15,15,43,test,Exploits,random,random_row,5,300,0.2687194347381592,0.27666666666666667,0.33302250504493713,0.834031343460083,,
40f,15,15,43,test,Exploits,random,random_row,10,300,0.5031712055206299,0.62,0.5784002542495728,0.834031343460083,,
40f,15,15,43,test,Exploits,top_minus_random,median,1,300,0.5065697954098384,,,,0.462835668074588,0.545652512833476
40f,15,15,43,test,Exploits,top_minus_random,median,3,300,0.561011578142643,,,,0.5233452242463827,0.5969770346581935
40f,15,15,43,test,Exploits,top_minus_random,median,5,300,0.4509262562791507,,,,0.41387470470368865,0.49007199778656163
40f,15,15,43,test,Exploits,top_minus_random,median,10,300,0.16620910594860713,,,,0.1388684148738782,0.1941137116005023
40f,15,15,43,test,Exploits,top_minus_random,random_row,1,300,0.24907345563173294,,,,0.21347738648454348,0.2841994043067098
40f,15,15,43,test,Exploits,top_minus_random,random_row,3,300,0.3059821663300196,,,,0.271324983711044,0.3440618445600072
40f,15,15,43,test,Exploits,top_minus_random,random_row,5,300,0.27607656091451643,,,,0.2422136696651578,0.31253894024342294
40f,15,15,43,test,Exploits,top_minus_random,random_row,10,300,0.12270863135655721,,,,0.09459060014287632,0.15074112817893426
40f,15,15,43,test,Fuzzers,top,median,1,300,0.30423563718795776,0.47,0.002718272153288126,0.7272806763648987,,
40f,15,15,43,test,Fuzzers,top,median,3,300,0.5065203905105591,0.7733333333333333,0.013155089691281319,0.7272806763648987,,
40f,15,15,43,test,Fuzzers,top,median,5,300,0.6449629664421082,0.9766666666666667,0.1324312537908554,0.7272806763648987,,
40f,15,15,43,test,Fuzzers,top,median,10,300,0.7205907106399536,1.0,0.559255063533783,0.7272806763648987,,
40f,15,15,43,test,Fuzzers,least,median,1,300,0.023027842864394188,0.03666666666666667,0.0021539819426834583,0.7272806763648987,,
40f,15,15,43,test,Fuzzers,least,median,3,300,0.09629736840724945,0.11666666666666667,0.004612014163285494,0.7272806763648987,,
40f,15,15,43,test,Fuzzers,least,median,5,300,0.18098194897174835,0.21333333333333335,0.010480234399437904,0.7272806763648987,,
40f,15,15,43,test,Fuzzers,least,median,10,300,0.6386744379997253,0.95,0.1151631698012352,0.7272806763648987,,
40f,15,15,43,test,Fuzzers,random,median,1,300,0.10326430946588516,0.14,0.004410789348185062,0.7272806763648987,,
40f,15,15,43,test,Fuzzers,random,median,3,300,0.31454789638519287,0.43,0.024464352056384087,0.7272806763648987,,
40f,15,15,43,test,Fuzzers,random,median,5,300,0.4665350914001465,0.68,0.0439598485827446,0.7272806763648987,,
40f,15,15,43,test,Fuzzers,random,median,10,300,0.6715475916862488,0.97,0.25296756625175476,0.7272806763648987,,
40f,15,15,43,test,Fuzzers,top,random_row,1,300,0.32128360867500305,0.45,0.15880368649959564,0.7272806763648987,,
40f,15,15,43,test,Fuzzers,top,random_row,3,300,0.5479115843772888,0.82,0.20657216012477875,0.7272806763648987,,
40f,15,15,43,test,Fuzzers,top,random_row,5,300,0.618085503578186,0.9033333333333333,0.27705132961273193,0.7272806763648987,,
40f,15,15,43,test,Fuzzers,top,random_row,10,300,0.6363678574562073,0.9166666666666666,0.5645776391029358,0.7272806763648987,,
40f,15,15,43,test,Fuzzers,least,random_row,1,300,0.03360055759549141,0.03666666666666667,0.14579561352729797,0.7272806763648987,,
40f,15,15,43,test,Fuzzers,least,random_row,3,300,0.10664498060941696,0.14666666666666667,0.1310044229030609,0.7272806763648987,,
40f,15,15,43,test,Fuzzers,least,random_row,5,300,0.19383393228054047,0.25666666666666665,0.11389721184968948,0.7272806763648987,,
40f,15,15,43,test,Fuzzers,least,random_row,10,300,0.4713519215583801,0.6533333333333333,0.1242651715874672,0.7272806763648987,,
40f,15,15,43,test,Fuzzers,random,random_row,1,300,0.10066796839237213,0.14666666666666667,0.15176139771938324,0.7272806763648987,,
40f,15,15,43,test,Fuzzers,random,random_row,3,300,0.3289075791835785,0.47,0.14301450550556183,0.7272806763648987,,
40f,15,15,43,test,Fuzzers,random,random_row,5,300,0.45745930075645447,0.6566666666666666,0.14951004087924957,0.7272806763648987,,
40f,15,15,43,test,Fuzzers,random,random_row,10,300,0.5855212211608887,0.8433333333333334,0.3008594512939453,0.7272806763648987,,
40f,15,15,43,test,Fuzzers,top_minus_random,median,1,300,0.20097134013970694,,,,0.1679643499031663,0.2361987787609299
40f,15,15,43,test,Fuzzers,top_minus_random,median,3,300,0.19197251081466674,,,,0.1555663611193498,0.22937784792979557
40f,15,15,43,test,Fuzzers,top_minus_random,median,5,300,0.17842788398265838,,,,0.15265963848183553,0.206108584754169
40f,15,15,43,test,Fuzzers,top_minus_random,median,10,300,0.04904315034548441,,,,0.03860200463235378,0.06060503624876339
40f,15,15,43,test,Fuzzers,top_minus_random,random_row,1,300,0.22061566919088363,,,,0.1873886001308759,0.2561549649760127
40f,15,15,43,test,Fuzzers,top_minus_random,random_row,3,300,0.2190040256579717,,,,0.18881465739508468,0.24841426240156092
40f,15,15,43,test,Fuzzers,top_minus_random,random_row,5,300,0.16062618573506673,,,,0.13917063091198603,0.1848401926457882
40f,15,15,43,test,Fuzzers,top_minus_random,random_row,10,300,0.050846631526947024,,,,0.03442772862811883,0.06656112227837244
40f,15,15,43,test,Generic,top,median,1,300,0.6015689969062805,0.16333333333333333,0.6957460641860962,0.9768844842910767,,
40f,15,15,43,test,Generic,top,median,3,300,0.9400097727775574,1.0,0.9107217192649841,0.9768844842910767,,
40f,15,15,43,test,Generic,top,median,5,300,0.9611590504646301,1.0,0.9354436993598938,0.9768844842910767,,
40f,15,15,43,test,Generic,top,median,10,300,0.9620512127876282,1.0,0.9635538458824158,0.9768844842910767,,
40f,15,15,43,test,Generic,least,median,1,300,0.004821345675736666,0.0033333333333333335,0.0029175139497965574,0.9768844842910767,,
40f,15,15,43,test,Generic,least,median,3,300,0.01170135848224163,0.023333333333333334,0.008476993069052696,0.9768844842910767,,
40f,15,15,43,test,Generic,least,median,5,300,0.01508147269487381,0.023333333333333334,0.019065937027335167,0.9768844842910767,,
40f,15,15,43,test,Generic,least,median,10,300,0.040287237614393234,0.056666666666666664,0.017675228416919708,0.9768844842910767,,
40f,15,15,43,test,Generic,random,median,1,300,0.05215832218527794,0.02666666666666667,0.05021040514111519,0.9768844842910767,,
40f,15,15,43,test,Generic,random,median,3,300,0.15551218390464783,0.14,0.15173721313476562,0.9768844842910767,,
40f,15,15,43,test,Generic,random,median,5,300,0.2667488753795624,0.26666666666666666,0.2730460464954376,0.9768844842910767,,
40f,15,15,43,test,Generic,random,median,10,300,0.6603737473487854,0.6933333333333334,0.663547694683075,0.9768844842910767,,
40f,15,15,43,test,Generic,top,random_row,1,300,0.5010335445404053,0.1,0.44086095690727234,0.9768844842910767,,
40f,15,15,43,test,Generic,top,random_row,3,300,0.8868409395217896,0.9666666666666667,0.8807167410850525,0.9768844842910767,,
40f,15,15,43,test,Generic,top,random_row,5,300,0.9124348163604736,0.9666666666666667,0.9163170456886292,0.9768844842910767,,
40f,15,15,43,test,Generic,top,random_row,10,300,0.9323919415473938,0.9666666666666667,0.9595365524291992,0.9768844842910767,,
40f,15,15,43,test,Generic,least,random_row,1,300,0.001380578032694757,0.0,0.05568671599030495,0.9768844842910767,,
40f,15,15,43,test,Generic,least,random_row,3,300,0.009845787659287453,0.02,0.05646008625626564,0.9768844842910767,,
40f,15,15,43,test,Generic,least,random_row,5,300,0.0160636268556118,0.03333333333333333,0.06056561321020126,0.9768844842910767,,
40f,15,15,43,test,Generic,least,random_row,10,300,0.07051482051610947,0.06666666666666667,0.0762157291173935,0.9768844842910767,,
40f,15,15,43,test,Generic,random,random_row,1,300,0.050729382783174515,0.03,0.0849234089255333,0.9768844842910767,,
40f,15,15,43,test,Generic,random,random_row,3,300,0.14598846435546875,0.12666666666666668,0.17015767097473145,0.9768844842910767,,
40f,15,15,43,test,Generic,random,random_row,5,300,0.26123541593551636,0.25,0.2744881808757782,0.9768844842910767,,
40f,15,15,43,test,Generic,random,random_row,10,300,0.654093861579895,0.6633333333333333,0.6666167974472046,0.9768844842910767,,
40f,15,15,43,test,Generic,top_minus_random,median,1,300,0.5494106631477674,,,,0.5258691092083851,0.571717243688802
40f,15,15,43,test,Generic,top_minus_random,median,3,300,0.7844975764552752,,,,0.7447774439056715,0.8200729557300608
40f,15,15,43,test,Generic,top_minus_random,median,5,300,0.694410296678543,,,,0.6508723384787639,0.7346118763635555
40f,15,15,43,test,Generic,top_minus_random,median,10,300,0.30167750497659046,,,,0.2583665542503198,0.351259086728096
40f,15,15,43,test,Generic,top_minus_random,random_row,1,300,0.45030411024888356,,,,0.4237546127041181,0.47638040864964326
40f,15,15,43,test,Generic,top_minus_random,random_row,3,300,0.7408523753285408,,,,0.7009522221460939,0.7793155970424414
40f,15,15,43,test,Generic,top_minus_random,random_row,5,300,0.6511993865172069,,,,0.6063525245934724,0.6919547920003534
40f,15,15,43,test,Generic,top_minus_random,random_row,10,300,0.27829805304606753,,,,0.23628538471460342,0.3229882422561447
40f,15,15,43,test,Normal,top,median,1,300,0.17446596920490265,0.20333333333333334,0.8950036764144897,0.9431685209274292,,
40f,15,15,43,test,Normal,top,median,3,300,0.23473718762397766,0.17666666666666667,0.9162318706512451,0.9431685209274292,,
40f,15,15,43,test,Normal,top,median,5,300,0.2954701781272888,0.35333333333333333,0.9301450848579407,0.9431685209274292,,
40f,15,15,43,test,Normal,top,median,10,300,0.39373067021369934,0.41,0.9519392848014832,0.9431685209274292,,
40f,15,15,43,test,Normal,least,median,1,300,0.001439315965399146,0.01,0.8483631610870361,0.9431685209274292,,
40f,15,15,43,test,Normal,least,median,3,300,0.007602996192872524,0.01,0.7717073559761047,0.9431685209274292,,
40f,15,15,43,test,Normal,least,median,5,300,0.01704445295035839,0.016666666666666666,0.7655821442604065,0.9431685209274292,,
40f,15,15,43,test,Normal,least,median,10,300,0.0758095309138298,0.08333333333333333,0.7141334414482117,0.9431685209274292,,
40f,15,15,43,test,Normal,random,median,1,300,0.01821678690612316,0.03666666666666667,0.8544260859489441,0.9431685209274292,,
40f,15,15,43,test,Normal,random,median,3,300,0.07702638953924179,0.09666666666666666,0.7968146800994873,0.9431685209274292,,
40f,15,15,43,test,Normal,random,median,5,300,0.11517035216093063,0.12333333333333334,0.7917444109916687,0.9431685209274292,,
40f,15,15,43,test,Normal,random,median,10,300,0.15414592623710632,0.12666666666666668,0.8218260407447815,0.9431685209274292,,
40f,15,15,43,test,Normal,top,random_row,1,300,0.19272691011428833,0.23333333333333334,0.5942628979682922,0.9431685209274292,,
40f,15,15,43,test,Normal,top,random_row,3,300,0.4210856854915619,0.47333333333333333,0.789208173751831,0.9431685209274292,,
40f,15,15,43,test,Normal,top,random_row,5,300,0.5547793507575989,0.63,0.8424666523933411,0.9431685209274292,,
40f,15,15,43,test,Normal,top,random_row,10,300,0.559759259223938,0.6333333333333333,0.9270823001861572,0.9431685209274292,,
40f,15,15,43,test,Normal,least,random_row,1,300,0.0048775458708405495,0.016666666666666666,0.44963765144348145,0.9431685209274292,,
40f,15,15,43,test,Normal,least,random_row,3,300,0.019083857536315918,0.03333333333333333,0.43336963653564453,0.9431685209274292,,
40f,15,15,43,test,Normal,least,random_row,5,300,0.03781003877520561,0.06333333333333334,0.4090845286846161,0.9431685209274292,,
40f,15,15,43,test,Normal,least,random_row,10,300,0.1224764734506607,0.15333333333333332,0.4174822270870209,0.9431685209274292,,
40f,15,15,43,test,Normal,random,random_row,1,300,0.02097891829907894,0.03333333333333333,0.4786236584186554,0.9431685209274292,,
40f,15,15,43,test,Normal,random,random_row,3,300,0.08711717277765274,0.09666666666666666,0.5076379179954529,0.9431685209274292,,
40f,15,15,43,test,Normal,random,random_row,5,300,0.1888907551765442,0.20666666666666667,0.5591078996658325,0.9431685209274292,,
40f,15,15,43,test,Normal,random,random_row,10,300,0.37352102994918823,0.4033333333333333,0.7547659873962402,0.9431685209274292,,
40f,15,15,43,test,Normal,top_minus_random,median,1,300,0.15624917010466258,,,,0.12838152282188336,0.18767871099958816
40f,15,15,43,test,Normal,top_minus_random,median,3,300,0.15771080911159516,,,,0.1277923086558779,0.18535563795268536
40f,15,15,43,test,Normal,top_minus_random,median,5,300,0.180299811065197,,,,0.14818964573244256,0.21158885994056859
40f,15,15,43,test,Normal,top_minus_random,median,10,300,0.23958477000395456,,,,0.20722356404115755,0.27360236116002
40f,15,15,43,test,Normal,top_minus_random,random_row,1,300,0.17174798667430877,,,,0.1420773694738746,0.20469297491014002
40f,15,15,43,test,Normal,top_minus_random,random_row,3,300,0.333968529800574,,,,0.2943388838892182,0.37107177420705556
40f,15,15,43,test,Normal,top_minus_random,random_row,5,300,0.3658886088927587,,,,0.3228934010739128,0.40930090816567344
40f,15,15,43,test,Normal,top_minus_random,random_row,10,300,0.18623827785253524,,,,0.14900034375240406,0.22466945827503998
40f,15,15,43,test,Overlap-Group-1,top,median,1,300,0.3147471845149994,0.7,0.3711793124675751,0.5740339756011963,,
40f,15,15,43,test,Overlap-Group-1,top,median,3,300,0.3141801059246063,0.86,0.542384684085846,0.5740339756011963,,
40f,15,15,43,test,Overlap-Group-1,top,median,5,300,0.36020568013191223,0.82,0.5789561867713928,0.5740339756011963,,
40f,15,15,43,test,Overlap-Group-1,top,median,10,300,0.33017876744270325,0.5633333333333334,0.6018871665000916,0.5740339756011963,,
40f,15,15,43,test,Overlap-Group-1,least,median,1,300,-0.008339072577655315,0.013333333333333334,0.23477111756801605,0.5740339756011963,,
40f,15,15,43,test,Overlap-Group-1,least,median,3,300,-0.027033427730202675,0.043333333333333335,0.4329914450645447,0.5740339756011963,,
40f,15,15,43,test,Overlap-Group-1,least,median,5,300,-0.01853710412979126,0.13666666666666666,0.37383773922920227,0.5740339756011963,,
40f,15,15,43,test,Overlap-Group-1,least,median,10,300,-0.027341604232788086,0.29333333333333333,0.3321627676486969,0.5740339756011963,,
40f,15,15,43,test,Overlap-Group-1,random,median,1,300,0.04104756563901901,0.13333333333333333,0.17557169497013092,0.5740339756011963,,
40f,15,15,43,test,Overlap-Group-1,random,median,3,300,0.11048471927642822,0.3233333333333333,0.29232093691825867,0.5740339756011963,,
40f,15,15,43,test,Overlap-Group-1,random,median,5,300,0.1734922081232071,0.42,0.36039087176322937,0.5740339756011963,,
40f,15,15,43,test,Overlap-Group-1,random,median,10,300,0.24466216564178467,0.5666666666666667,0.4328761696815491,0.5740339756011963,,
40f,15,15,43,test,Overlap-Group-1,top,random_row,1,300,0.25759753584861755,0.6166666666666667,0.09220888465642929,0.5740339756011963,,
40f,15,15,43,test,Overlap-Group-1,top,random_row,3,300,0.3528865873813629,0.7866666666666666,0.22843317687511444,0.5740339756011963,,
40f,15,15,43,test,Overlap-Group-1,top,random_row,5,300,0.4312996566295624,0.8966666666666666,0.32796382904052734,0.5740339756011963,,
40f,15,15,43,test,Overlap-Group-1,top,random_row,10,300,0.48849305510520935,0.9233333333333333,0.5449341535568237,0.5740339756011963,,
40f,15,15,43,test,Overlap-Group-1,least,random_row,1,300,0.006642484571784735,0.02,0.07577246427536011,0.5740339756011963,,
40f,15,15,43,test,Overlap-Group-1,least,random_row,3,300,0.026817334815859795,0.07333333333333333,0.10303152352571487,0.5740339756011963,,
40f,15,15,43,test,Overlap-Group-1,least,random_row,5,300,0.0785709023475647,0.17333333333333334,0.1350063532590866,0.5740339756011963,,
40f,15,15,43,test,Overlap-Group-1,least,random_row,10,300,0.2946570813655853,0.61,0.20843930542469025,0.5740339756011963,,
40f,15,15,43,test,Overlap-Group-1,random,random_row,1,300,0.06660619378089905,0.16333333333333333,0.0790349543094635,0.5740339756011963,,
40f,15,15,43,test,Overlap-Group-1,random,random_row,3,300,0.17691174149513245,0.43333333333333335,0.11307399719953537,0.5740339756011963,,
40f,15,15,43,test,Overlap-Group-1,random,random_row,5,300,0.27243831753730774,0.61,0.1628788560628891,0.5740339756011963,,
40f,15,15,43,test,Overlap-Group-1,random,random_row,10,300,0.4213699400424957,0.86,0.3324498236179352,0.5740339756011963,,
40f,15,15,43,test,Overlap-Group-1,top_minus_random,median,1,300,0.2736996215581894,,,,0.24987576147665583,0.2979511922722061
40f,15,15,43,test,Overlap-Group-1,top_minus_random,median,3,300,0.20369538148244223,,,,0.1778532862191399,0.2296004232118527
40f,15,15,43,test,Overlap-Group-1,top_minus_random,median,5,300,0.18671350290377936,,,,0.15950796740502118,0.2109678175697724
40f,15,15,43,test,Overlap-Group-1,top_minus_random,median,10,300,0.08551657090584437,,,,0.06300719612340132,0.10800376223276058
40f,15,15,43,test,Overlap-Group-1,top_minus_random,random_row,1,300,0.19099132965008417,,,,0.16636796349287034,0.2175262859389186
40f,15,15,43,test,Overlap-Group-1,top_minus_random,random_row,3,300,0.17597485343615213,,,,0.15272162632644176,0.20018042305360237
40f,15,15,43,test,Overlap-Group-1,top_minus_random,random_row,5,300,0.1588613208134969,,,,0.1364577140559753,0.18383162564535935
40f,15,15,43,test,Overlap-Group-1,top_minus_random,random_row,10,300,0.06712312797705332,,,,0.05040880801031987,0.08486749901125828
40f,15,15,43,test,Reconnaissance,top,median,1,300,0.33615565299987793,0.21,0.03343867510557175,0.8820633888244629,,
40f,15,15,43,test,Reconnaissance,top,median,3,300,0.8344274759292603,1.0,0.41189461946487427,0.8820633888244629,,
40f,15,15,43,test,Reconnaissance,top,median,5,300,0.8536571264266968,1.0,0.600652277469635,0.8820633888244629,,
40f,15,15,43,test,Reconnaissance,top,median,10,300,0.8671484589576721,1.0,0.8323524594306946,0.8820633888244629,,
40f,15,15,43,test,Reconnaissance,least,median,1,300,0.015039720572531223,0.023333333333333334,0.004816094879060984,0.8820633888244629,,
40f,15,15,43,test,Reconnaissance,least,median,3,300,0.05425442382693291,0.11333333333333333,0.00885455496609211,0.8820633888244629,,
40f,15,15,43,test,Reconnaissance,least,median,5,300,0.09493362158536911,0.16666666666666666,0.01715814881026745,0.8820633888244629,,
40f,15,15,43,test,Reconnaissance,least,median,10,300,0.287160187959671,0.32,0.028663698583841324,0.8820633888244629,,
40f,15,15,43,test,Reconnaissance,random,median,1,300,0.07070460915565491,0.07666666666666666,0.010110982693731785,0.8820633888244629,,
40f,15,15,43,test,Reconnaissance,random,median,3,300,0.26063796877861023,0.27666666666666667,0.04527195543050766,0.8820633888244629,,
40f,15,15,43,test,Reconnaissance,random,median,5,300,0.4181685447692871,0.47333333333333333,0.10325336456298828,0.8820633888244629,,
40f,15,15,43,test,Reconnaissance,random,median,10,300,0.7713056206703186,0.9266666666666666,0.43379032611846924,0.8820633888244629,,
40f,15,15,43,test,Reconnaissance,top,random_row,1,300,0.4017648696899414,0.39666666666666667,0.1077360138297081,0.8820633888244629,,
40f,15,15,43,test,Reconnaissance,top,random_row,3,300,0.763698935508728,0.9066666666666666,0.20290452241897583,0.8820633888244629,,
40f,15,15,43,test,Reconnaissance,top,random_row,5,300,0.7958970069885254,0.92,0.31586939096450806,0.8820633888244629,,
40f,15,15,43,test,Reconnaissance,top,random_row,10,300,0.7999956607818604,0.9333333333333333,0.6550304293632507,0.8820633888244629,,
40f,15,15,43,test,Reconnaissance,least,random_row,1,300,0.05176268145442009,0.08,0.09208524972200394,0.8820633888244629,,
40f,15,15,43,test,Reconnaissance,least,random_row,3,300,0.13076460361480713,0.17666666666666667,0.09096550941467285,0.8820633888244629,,
40f,15,15,43,test,Reconnaissance,least,random_row,5,300,0.2557621896266937,0.31,0.08729682117700577,0.8820633888244629,,
40f,15,15,43,test,Reconnaissance,least,random_row,10,300,0.5740622878074646,0.63,0.09036274999380112,0.8820633888244629,,
40f,15,15,43,test,Reconnaissance,random,random_row,1,300,0.09415134787559509,0.13,0.09120795130729675,0.8820633888244629,,
40f,15,15,43,test,Reconnaissance,random,random_row,3,300,0.31464052200317383,0.36,0.09613454341888428,0.8820633888244629,,
40f,15,15,43,test,Reconnaissance,random,random_row,5,300,0.5062682628631592,0.5733333333333334,0.12423339486122131,0.8820633888244629,,
40f,15,15,43,test,Reconnaissance,random,random_row,10,300,0.7514625191688538,0.8566666666666667,0.36741572618484497,0.8820633888244629,,
40f,15,15,43,test,Reconnaissance,top_minus_random,median,1,300,0.2654510505994161,,,,0.2344790897121032,0.296752243022124
40f,15,15,43,test,Reconnaissance,top_minus_random,median,3,300,0.5737895326813062,,,,0.5356526075626413,0.6108091130082806
40f,15,15,43,test,Reconnaissance,top_minus_random,median,5,300,0.435488576789697,,,,0.3967695137510697,0.4767850207164883
40f,15,15,43,test,Reconnaissance,top_minus_random,median,10,300,0.09584282209475835,,,,0.07865569192916155,0.11494566462685664
40f,15,15,43,test,Reconnaissance,top_minus_random,random_row,1,300,0.3076135375102361,,,,0.27615671004603304,0.33979293032983937
40f,15,15,43,test,Reconnaissance,top_minus_random,random_row,3,300,0.44905841554204623,,,,0.4102408026047051,0.48823003452892105
40f,15,15,43,test,Reconnaissance,top_minus_random,random_row,5,300,0.2896287006139755,,,,0.2524821534280976,0.33052641728023685
40f,15,15,43,test,Reconnaissance,top_minus_random,random_row,10,300,0.048533181051413216,,,,0.031922122543056805,0.06669792778044939
40f,15,15,43,test,Unknown,top,median,1,200,0.16085323691368103,0.705,0.2587624788284302,0.4425734579563141,,
40f,15,15,43,test,Unknown,top,median,3,200,0.2723102867603302,0.9,0.38833102583885193,0.4425734579563141,,
40f,15,15,43,test,Unknown,top,median,5,200,0.3294256329536438,0.965,0.47499769926071167,0.4425734579563141,,
40f,15,15,43,test,Unknown,top,median,10,200,0.3509056866168976,0.94,0.5574387907981873,0.4425734579563141,,
40f,15,15,43,test,Unknown,least,median,1,200,0.00556711433455348,0.175,0.21645668148994446,0.4425734579563141,,
40f,15,15,43,test,Unknown,least,median,3,200,0.00206073303706944,0.335,0.22574058175086975,0.4425734579563141,,
40f,15,15,43,test,Unknown,least,median,5,200,0.002251514233648777,0.405,0.22578758001327515,0.4425734579563141,,
40f,15,15,43,test,Unknown,least,median,10,200,0.11772803962230682,0.61,0.25247037410736084,0.4425734579563141,,
40f,15,15,43,test,Unknown,random,median,1,200,0.03069814294576645,0.305,0.20156967639923096,0.4425734579563141,,
40f,15,15,43,test,Unknown,random,median,3,200,0.06613373011350632,0.45,0.21522949635982513,0.4425734579563141,,
40f,15,15,43,test,Unknown,random,median,5,200,0.12481352686882019,0.575,0.23180541396141052,0.4425734579563141,,
40f,15,15,43,test,Unknown,random,median,10,200,0.19934497773647308,0.73,0.2899410128593445,0.4425734579563141,,
40f,15,15,43,test,Unknown,top,random_row,1,200,0.160450279712677,0.68,0.20909610390663147,0.4425734579563141,,
40f,15,15,43,test,Unknown,top,random_row,3,200,0.2571573257446289,0.85,0.280611127614975,0.4425734579563141,,
40f,15,15,43,test,Unknown,top,random_row,5,200,0.29868826270103455,0.86,0.35431304574012756,0.4425734579563141,,
40f,15,15,43,test,Unknown,top,random_row,10,200,0.3059456944465637,0.85,0.4999820590019226,0.4425734579563141,,
40f,15,15,43,test,Unknown,least,random_row,1,200,0.004849691409617662,0.18,0.2020464539527893,0.4425734579563141,,
40f,15,15,43,test,Unknown,least,random_row,3,200,0.041028231382369995,0.375,0.2147589474916458,0.4425734579563141,,
40f,15,15,43,test,Unknown,least,random_row,5,200,0.07379798591136932,0.48,0.2180548906326294,0.4425734579563141,,
40f,15,15,43,test,Unknown,least,random_row,10,200,0.18206894397735596,0.685,0.23032855987548828,0.4425734579563141,,
40f,15,15,43,test,Unknown,random,random_row,1,200,0.0370173305273056,0.34,0.19968952238559723,0.4425734579563141,,
40f,15,15,43,test,Unknown,random,random_row,3,200,0.07629469037055969,0.52,0.20905616879463196,0.4425734579563141,,
40f,15,15,43,test,Unknown,random,random_row,5,200,0.13848158717155457,0.6,0.22186455130577087,0.4425734579563141,,
40f,15,15,43,test,Unknown,random,random_row,10,200,0.22012794017791748,0.76,0.27155694365501404,0.4425734579563141,,
40f,15,15,43,test,Unknown,top_minus_random,median,1,200,0.13015508390963076,,,,0.10332700717635453,0.158384419452399
40f,15,15,43,test,Unknown,top_minus_random,median,3,200,0.20617654912173747,,,,0.17456608733162285,0.23800714138709006
40f,15,15,43,test,Unknown,top_minus_random,median,5,200,0.20461210906505584,,,,0.1741023751460016,0.23520745151676237
40f,15,15,43,test,Unknown,top_minus_random,median,10,200,0.1515606988966465,,,,0.11427173524908722,0.1913328020647168
40f,15,15,43,test,Unknown,top_minus_random,random_row,1,200,0.12343296967446804,,,,0.09625159892067313,0.14944422696530818
40f,15,15,43,test,Unknown,top_minus_random,random_row,3,200,0.1808626490086317,,,,0.14953477567993106,0.21549348990805445
40f,15,15,43,test,Unknown,top_minus_random,random_row,5,200,0.1602066783607006,,,,0.12469044524990024,0.19108640892058606
40f,15,15,43,test,Unknown,top_minus_random,random_row,10,200,0.08581775061786175,,,,0.052366853903979084,0.11777363492175937
40f,15,15,43,validation,all,top,median,1,1999,0.36138516664505005,0.4532266133066533,0.383768230676651,0.7972538471221924,,
40f,15,15,43,validation,all,top,median,3,1999,0.5646205544471741,0.8134067033516759,0.5718436241149902,0.7972538471221924,,
40f,15,15,43,validation,all,top,median,5,1999,0.6170773506164551,0.8584292146073037,0.6638939380645752,0.7972538471221924,,
40f,15,15,43,validation,all,top,median,10,1999,0.646295964717865,0.8119059529764883,0.7889095544815063,0.7972538471221924,,
40f,15,15,43,validation,all,least,median,1,1999,0.002239625435322523,0.02501250625312656,0.18392223119735718,0.7972538471221924,,
40f,15,15,43,validation,all,least,median,3,1999,0.019469326362013817,0.0815407703851926,0.20987144112586975,0.7972538471221924,,
40f,15,15,43,validation,all,least,median,5,1999,0.03901813179254532,0.11555777888944473,0.2065717875957489,0.7972538471221924,,
40f,15,15,43,validation,all,least,median,10,1999,0.15791285037994385,0.288144072036018,0.22054992616176605,0.7972538471221924,,
40f,15,15,43,validation,all,random,median,1,1999,0.05878534913063049,0.10905452726363181,0.18852238357067108,0.7972538471221924,,
40f,15,15,43,validation,all,random,median,3,1999,0.17876189947128296,0.2691345672836418,0.2506452798843384,0.7972538471221924,,
40f,15,15,43,validation,all,random,median,5,1999,0.2926298677921295,0.41420710355177587,0.31659379601478577,0.7972538471221924,,
40f,15,15,43,validation,all,random,median,10,1999,0.4958473742008209,0.6718359179589795,0.5204604268074036,0.7972538471221924,,
40f,15,15,43,validation,all,top,random_row,1,1999,0.30311456322669983,0.376688344172086,0.27451613545417786,0.7972538471221924,,
40f,15,15,43,validation,all,top,random_row,3,1999,0.537397563457489,0.7328664332166083,0.4468916356563568,0.7972538471221924,,
40f,15,15,43,validation,all,top,random_row,5,1999,0.6080740690231323,0.8164082041020511,0.5272790193557739,0.7972538471221924,,
40f,15,15,43,validation,all,top,random_row,10,1999,0.6436524987220764,0.8479239619809905,0.7265430688858032,0.7972538471221924,,
40f,15,15,43,validation,all,least,random_row,1,1999,0.011676904745399952,0.03851925962981491,0.17272263765335083,0.7972538471221924,,
40f,15,15,43,validation,all,least,random_row,3,1999,0.04943648353219032,0.09954977488744372,0.17585788667201996,0.7972538471221924,,
40f,15,15,43,validation,all,least,random_row,5,1999,0.09658873081207275,0.16058029014507252,0.17954427003860474,0.7972538471221924,,
40f,15,15,43,validation,all,least,random_row,10,1999,0.28997039794921875,0.42171085542771386,0.2146829068660736,0.7972538471221924,,
40f,15,15,43,validation,all,random,random_row,1,1999,0.06112226843833923,0.11505752876438219,0.18605630099773407,0.7972538471221924,,
40f,15,15,43,validation,all,random,random_row,3,1999,0.18313978612422943,0.2736368184092046,0.22141176462173462,0.7972538471221924,,
40f,15,15,43,validation,all,random,random_row,5,1999,0.3105659782886505,0.439719859929965,0.2772672176361084,0.7972538471221924,,
40f,15,15,43,validation,all,random,random_row,10,1999,0.5223865509033203,0.7033516758379189,0.49822908639907837,0.7972538471221924,,
40f,15,15,43,validation,all,top_minus_random,median,1,1999,0.302599803984851,,,,0.289083156869628,0.3159274852931082
40f,15,15,43,validation,all,top_minus_random,median,3,1999,0.385858635572328,,,,0.36981540737005547,0.40167071663734016
40f,15,15,43,validation,all,top_minus_random,median,5,1999,0.3244474481319773,,,,0.3102438729045807,0.33958472315950683
40f,15,15,43,validation,all,top_minus_random,median,10,1999,0.15044858751295803,,,,0.13931493889326124,0.16137996829222476
40f,15,15,43,validation,all,top_minus_random,random_row,1,1999,0.24199231685311154,,,,0.22843611689583546,0.2548467785936257
40f,15,15,43,validation,all,top_minus_random,random_row,3,1999,0.3542577505573861,,,,0.33880051670539163,0.37076217638940856
40f,15,15,43,validation,all,top_minus_random,random_row,5,1999,0.2975080345811815,,,,0.28268193017659693,0.31287515808442884
40f,15,15,43,validation,all,top_minus_random,random_row,10,1999,0.12126600055052913,,,,0.11001904095155468,0.1328026467571785
40f,15,15,43,validation,Exploits,top,median,1,300,0.5283380150794983,0.6566666666666666,0.301180362701416,0.8407344222068787,,
40f,15,15,43,validation,Exploits,top,median,3,300,0.7555322647094727,0.9566666666666667,0.6138932704925537,0.8407344222068787,,
40f,15,15,43,validation,Exploits,top,median,5,300,0.8013081550598145,0.9933333333333333,0.7802419662475586,0.8407344222068787,,
40f,15,15,43,validation,Exploits,top,median,10,300,0.822847843170166,1.0,0.8584045171737671,0.8407344222068787,,
40f,15,15,43,validation,Exploits,least,median,1,300,-0.010123073123395443,0.0033333333333333335,0.014913083985447884,0.8407344222068787,,
40f,15,15,43,validation,Exploits,least,median,3,300,-0.00041694779065437615,0.016666666666666666,0.018612362444400787,0.8407344222068787,,
40f,15,15,43,validation,Exploits,least,median,5,300,0.010290732607245445,0.02,0.020895160734653473,0.8407344222068787,,
40f,15,15,43,validation,Exploits,least,median,10,300,0.10550238937139511,0.07,0.04764265939593315,0.8407344222068787,,
40f,15,15,43,validation,Exploits,random,median,1,300,0.0835934579372406,0.1,0.054116565734148026,0.8407344222068787,,
40f,15,15,43,validation,Exploits,random,median,3,300,0.2218780815601349,0.24333333333333335,0.1258363574743271,0.8407344222068787,,
40f,15,15,43,validation,Exploits,random,median,5,300,0.3809312880039215,0.39,0.20030933618545532,0.8407344222068787,,
40f,15,15,43,validation,Exploits,random,median,10,300,0.658776044845581,0.7633333333333333,0.5016011595726013,0.8407344222068787,,
40f,15,15,43,validation,Exploits,top,random_row,1,300,0.24548552930355072,0.27666666666666667,0.21493957936763763,0.8407344222068787,,
40f,15,15,43,validation,Exploits,top,random_row,3,300,0.4509299099445343,0.5066666666666667,0.3648136854171753,0.8407344222068787,,
40f,15,15,43,validation,Exploits,top,random_row,5,300,0.5413471460342407,0.6366666666666667,0.48236918449401855,0.8407344222068787,,
40f,15,15,43,validation,Exploits,top,random_row,10,300,0.637561559677124,0.76,0.7682058811187744,0.8407344222068787,,
40f,15,15,43,validation,Exploits,least,random_row,1,300,0.001701420173048973,0.0033333333333333335,0.17961756885051727,0.8407344222068787,,
40f,15,15,43,validation,Exploits,least,random_row,3,300,0.03691261261701584,0.03,0.1993977278470993,0.8407344222068787,,
40f,15,15,43,validation,Exploits,least,random_row,5,300,0.10969378054141998,0.10333333333333333,0.20815709233283997,0.8407344222068787,,
40f,15,15,43,validation,Exploits,least,random_row,10,300,0.38663578033447266,0.44333333333333336,0.32034364342689514,0.8407344222068787,,
40f,15,15,43,validation,Exploits,random,random_row,1,300,0.05676155164837837,0.06666666666666667,0.19310925900936127,0.8407344222068787,,
40f,15,15,43,validation,Exploits,random,random_row,3,300,0.15986600518226624,0.15333333333333332,0.22838354110717773,0.8407344222068787,,
40f,15,15,43,validation,Exploits,random,random_row,5,300,0.27348771691322327,0.30666666666666664,0.2828350067138672,0.8407344222068787,,
40f,15,15,43,validation,Exploits,random,random_row,10,300,0.5103493332862854,0.59,0.5517449975013733,0.8407344222068787,,
40f,15,15,43,validation,Exploits,top_minus_random,median,1,300,0.44474450091520945,,,,0.4026357867618402,0.48559777202953897
40f,15,15,43,validation,Exploits,top_minus_random,median,3,300,0.5336542104681333,,,,0.4982184876824419,0.5719056920011838
40f,15,15,43,validation,Exploits,top_minus_random,median,5,300,0.4203768488764763,,,,0.38140084197123847,0.4580586982369423
40f,15,15,43,validation,Exploits,top_minus_random,median,10,300,0.1640717652440071,,,,0.13808790248384079,0.19126303037752707
40f,15,15,43,validation,Exploits,top_minus_random,random_row,1,300,0.18872399866580963,,,,0.15408404540767273,0.22400632094591855
40f,15,15,43,validation,Exploits,top_minus_random,random_row,3,300,0.2910639435052872,,,,0.25283144526183604,0.3306031116445859
40f,15,15,43,validation,Exploits,top_minus_random,random_row,5,300,0.2678594269355138,,,,0.22986140057941282,0.3054215866997838
40f,15,15,43,validation,Exploits,top_minus_random,random_row,10,300,0.12721223513285318,,,,0.09941895417620739,0.15535072171936432
40f,15,15,43,validation,Fuzzers,top,median,1,300,0.3978326618671417,0.5566666666666666,0.0034076604060828686,0.767163097858429,,
40f,15,15,43,validation,Fuzzers,top,median,3,300,0.5873252153396606,0.8766666666666667,0.015918072313070297,0.767163097858429,,
40f,15,15,43,validation,Fuzzers,top,median,5,300,0.6825627684593201,0.9933333333333333,0.10005664825439453,0.767163097858429,,
40f,15,15,43,validation,Fuzzers,top,median,10,300,0.7591091990470886,1.0,0.5924813747406006,0.767163097858429,,
40f,15,15,43,validation,Fuzzers,least,median,1,300,0.031107399612665176,0.04666666666666667,0.002610907657071948,0.767163097858429,,
40f,15,15,43,validation,Fuzzers,least,median,3,300,0.11567441374063492,0.16333333333333333,0.006555974017828703,0.767163097858429,,
40f,15,15,43,validation,Fuzzers,least,median,5,300,0.2082539051771164,0.24666666666666667,0.012146854773163795,0.767163097858429,,
40f,15,15,43,validation,Fuzzers,least,median,10,300,0.690227746963501,0.9733333333333334,0.10261892527341843,0.767163097858429,,
40f,15,15,43,validation,Fuzzers,random,median,1,300,0.11100158840417862,0.13333333333333333,0.004140634089708328,0.767163097858429,,
40f,15,15,43,validation,Fuzzers,random,median,3,300,0.33858367800712585,0.45,0.024202974513173103,0.767163097858429,,
40f,15,15,43,validation,Fuzzers,random,median,5,300,0.5018400549888611,0.6866666666666666,0.05690395459532738,0.767163097858429,,
40f,15,15,43,validation,Fuzzers,random,median,10,300,0.7181079983711243,0.9766666666666667,0.2536623775959015,0.767163097858429,,
40f,15,15,43,validation,Fuzzers,top,random_row,1,300,0.38179296255111694,0.5033333333333333,0.1867016851902008,0.767163097858429,,
40f,15,15,43,validation,Fuzzers,top,random_row,3,300,0.5793099999427795,0.7966666666666666,0.21874766051769257,0.767163097858429,,
40f,15,15,43,validation,Fuzzers,top,random_row,5,300,0.6472625136375427,0.8833333333333333,0.2890990674495697,0.767163097858429,,
40f,15,15,43,validation,Fuzzers,top,random_row,10,300,0.6614248156547546,0.89,0.586806058883667,0.767163097858429,,
40f,15,15,43,validation,Fuzzers,least,random_row,1,300,0.024762360379099846,0.03333333333333333,0.17357070744037628,0.767163097858429,,
40f,15,15,43,validation,Fuzzers,least,random_row,3,300,0.11174783110618591,0.13666666666666666,0.15395976603031158,0.767163097858429,,
40f,15,15,43,validation,Fuzzers,least,random_row,5,300,0.18708138167858124,0.20666666666666667,0.13895146548748016,0.767163097858429,,
40f,15,15,43,validation,Fuzzers,least,random_row,10,300,0.4805014133453369,0.6433333333333333,0.13420534133911133,0.767163097858429,,
40f,15,15,43,validation,Fuzzers,random,random_row,1,300,0.11522737890481949,0.14333333333333334,0.1721370965242386,0.767163097858429,,
40f,15,15,43,validation,Fuzzers,random,random_row,3,300,0.3035125136375427,0.4066666666666667,0.16614998877048492,0.767163097858429,,
40f,15,15,43,validation,Fuzzers,random,random_row,5,300,0.46031320095062256,0.6166666666666667,0.16810303926467896,0.767163097858429,,
40f,15,15,43,validation,Fuzzers,random,random_row,10,300,0.595769464969635,0.7866666666666666,0.30807098746299744,0.767163097858429,,
40f,15,15,43,validation,Fuzzers,top_minus_random,median,1,300,0.2868310807148616,,,,0.24928854284435512,0.3222711585337917
40f,15,15,43,validation,Fuzzers,top_minus_random,median,3,300,0.24874149630467096,,,,0.21170758827279013,0.28257197504987314
40f,15,15,43,validation,Fuzzers,top_minus_random,median,5,300,0.18072275906801225,,,,0.15245902473231157,0.2077426525056362
40f,15,15,43,validation,Fuzzers,top_minus_random,median,10,300,0.04100117454926173,,,,0.030739304972191652,0.05115614802638689
40f,15,15,43,validation,Fuzzers,top_minus_random,random_row,1,300,0.2665655672550201,,,,0.22817905371636152,0.30230161904791986
40f,15,15,43,validation,Fuzzers,top_minus_random,random_row,3,300,0.27579744656880695,,,,0.24115016706536213,0.30849730613331
40f,15,15,43,validation,Fuzzers,top_minus_random,random_row,5,300,0.18694924543301264,,,,0.16071191986898584,0.21345969484001398
40f,15,15,43,validation,Fuzzers,top_minus_random,random_row,10,300,0.06565534899632136,,,,0.048290302664041516,0.0839599158912897
40f,15,15,43,validation,Generic,top,median,1,299,0.559401273727417,0.1806020066889632,0.7006517052650452,0.9712346792221069,,
40f,15,15,43,validation,Generic,top,median,3,299,0.9273132681846619,1.0,0.9194297194480896,0.9712346792221069,,
40f,15,15,43,validation,Generic,top,median,5,299,0.9542528986930847,1.0,0.9408363103866577,0.9712346792221069,,
40f,15,15,43,validation,Generic,top,median,10,299,0.954243004322052,1.0,0.9621189832687378,0.9712346792221069,,
40f,15,15,43,validation,Generic,least,median,1,299,-5.962139039183967e-05,0.0,0.0033370323944836855,0.9712346792221069,,
40f,15,15,43,validation,Generic,least,median,3,299,0.004121171310544014,0.010033444816053512,0.0070776971988379955,0.9712346792221069,,
40f,15,15,43,validation,Generic,least,median,5,299,0.010335080325603485,0.020066889632107024,0.01861843466758728,0.9712346792221069,,
40f,15,15,43,validation,Generic,least,median,10,299,0.03442566469311714,0.056856187290969896,0.01848161406815052,0.9712346792221069,,
40f,15,15,43,validation,Generic,random,median,1,299,0.04412603750824928,0.033444816053511704,0.042347975075244904,0.9712346792221069,,
40f,15,15,43,validation,Generic,random,median,3,299,0.16857340931892395,0.1505016722408027,0.1815861016511917,0.9712346792221069,,
40f,15,15,43,validation,Generic,random,median,5,299,0.3194071352481842,0.31438127090301005,0.3503367006778717,0.9712346792221069,,
40f,15,15,43,validation,Generic,random,median,10,299,0.6838486194610596,0.7290969899665551,0.7073841094970703,0.9712346792221069,,
40f,15,15,43,validation,Generic,top,random_row,1,299,0.45476004481315613,0.13043478260869565,0.4205677807331085,0.9712346792221069,,
40f,15,15,43,validation,Generic,top,random_row,3,299,0.8677409887313843,0.9565217391304348,0.8806696534156799,0.9712346792221069,,
40f,15,15,43,validation,Generic,top,random_row,5,299,0.9051815867424011,0.959866220735786,0.9170976281166077,0.9712346792221069,,
40f,15,15,43,validation,Generic,top,random_row,10,299,0.9221768975257874,0.959866220735786,0.9624730944633484,0.9712346792221069,,
40f,15,15,43,validation,Generic,least,random_row,1,299,0.0005631342064589262,0.0033444816053511705,0.05378245934844017,0.9712346792221069,,
40f,15,15,43,validation,Generic,least,random_row,3,299,0.0011921722907572985,0.006688963210702341,0.0535750575363636,0.9712346792221069,,
40f,15,15,43,validation,Generic,least,random_row,5,299,0.010502712801098824,0.016722408026755852,0.05581473559141159,0.9712346792221069,,
40f,15,15,43,validation,Generic,least,random_row,10,299,0.0619279108941555,0.06688963210702341,0.07210506498813629,0.9712346792221069,,
40f,15,15,43,validation,Generic,random,random_row,1,299,0.03727596998214722,0.026755852842809364,0.07480990141630173,0.9712346792221069,,
40f,15,15,43,validation,Generic,random,random_row,3,299,0.1570359319448471,0.14046822742474915,0.1834067702293396,0.9712346792221069,,
40f,15,15,43,validation,Generic,random,random_row,5,299,0.319488525390625,0.33444816053511706,0.34554523229599,0.9712346792221069,,
40f,15,15,43,validation,Generic,random,random_row,10,299,0.7019279599189758,0.745819397993311,0.7136806845664978,0.9712346792221069,,
40f,15,15,43,validation,Generic,top_minus_random,median,1,299,0.5152752676536407,,,,0.49189225088892174,0.5371887090438385
40f,15,15,43,validation,Generic,top_minus_random,median,3,299,0.7587397694587708,,,,0.720086239300743,0.7957493687652823
40f,15,15,43,validation,Generic,top_minus_random,median,5,299,0.6348458303256975,,,,0.5910784585519778,0.682211543569796
40f,15,15,43,validation,Generic,top_minus_random,median,10,299,0.27039434210113855,,,,0.2251365461925599,0.31748365955209257
40f,15,15,43,validation,Generic,top_minus_random,random_row,1,299,0.41748406765452994,,,,0.3924419120352803,0.44319880341606394
40f,15,15,43,validation,Generic,top_minus_random,random_row,3,299,0.7107051004932876,,,,0.6690302763620148,0.7480119999062058
40f,15,15,43,validation,Generic,top_minus_random,random_row,5,299,0.5856931075005228,,,,0.5392248933156797,0.633032192085499
40f,15,15,43,validation,Generic,top_minus_random,random_row,10,299,0.22024883564100617,,,,0.1792967351184641,0.25887628057878154
40f,15,15,43,validation,Normal,top,median,1,300,0.11634619534015656,0.13666666666666666,0.9509588479995728,0.9817383885383606,,
40f,15,15,43,validation,Normal,top,median,3,300,0.12651781737804413,0.07,0.9783469438552856,0.9817383885383606,,
40f,15,15,43,validation,Normal,top,median,5,300,0.19458463788032532,0.22333333333333333,0.9902696013450623,0.9817383885383606,,
40f,15,15,43,validation,Normal,top,median,10,300,0.3387419879436493,0.3233333333333333,0.9935173392295837,0.9817383885383606,,
40f,15,15,43,validation,Normal,least,median,1,300,0.00015680115029681474,0.0,0.8463363647460938,0.9817383885383606,,
40f,15,15,43,validation,Normal,least,median,3,300,0.0010704282904043794,0.006666666666666667,0.7805980443954468,0.9817383885383606,,
40f,15,15,43,validation,Normal,least,median,5,300,0.0009028201457113028,0.0,0.8160343170166016,0.9817383885383606,,
40f,15,15,43,validation,Normal,least,median,10,300,0.015741614624857903,0.023333333333333334,0.8298538327217102,0.9817383885383606,,
40f,15,15,43,validation,Normal,random,median,1,300,0.008640453219413757,0.016666666666666666,0.8704583644866943,0.9817383885383606,,
40f,15,15,43,validation,Normal,random,median,3,300,0.035346366465091705,0.04,0.8594174385070801,0.9817383885383606,,
40f,15,15,43,validation,Normal,random,median,5,300,0.0548994205892086,0.043333333333333335,0.8745560646057129,0.9817383885383606,,
40f,15,15,43,validation,Normal,random,median,10,300,0.08778795599937439,0.03333333333333333,0.9221840500831604,0.9817383885383606,,
40f,15,15,43,validation,Normal,top,random_row,1,300,0.1465839445590973,0.15333333333333332,0.6665452718734741,0.9817383885383606,,
40f,15,15,43,validation,Normal,top,random_row,3,300,0.37746235728263855,0.38666666666666666,0.8975973725318909,0.9817383885383606,,
40f,15,15,43,validation,Normal,top,random_row,5,300,0.5200713276863098,0.56,0.9380696415901184,0.9817383885383606,,
40f,15,15,43,validation,Normal,top,random_row,10,300,0.5691471099853516,0.6033333333333334,0.9750274419784546,0.9817383885383606,,
40f,15,15,43,validation,Normal,least,random_row,1,300,0.0029071480967104435,0.0033333333333333335,0.463130384683609,0.9817383885383606,,
40f,15,15,43,validation,Normal,least,random_row,3,300,0.008967873640358448,0.0033333333333333335,0.45121490955352783,0.9817383885383606,,
40f,15,15,43,validation,Normal,least,random_row,5,300,0.013663028366863728,0.013333333333333334,0.4387222230434418,0.9817383885383606,,
40f,15,15,43,validation,Normal,least,random_row,10,300,0.057596538215875626,0.06333333333333334,0.4796642065048218,0.9817383885383606,,
40f,15,15,43,validation,Normal,random,random_row,1,300,0.01769264228641987,0.023333333333333334,0.507560133934021,0.9817383885383606,,
40f,15,15,43,validation,Normal,random,random_row,3,300,0.06171821430325508,0.056666666666666664,0.5536805987358093,0.9817383885383606,,
40f,15,15,43,validation,Normal,random,random_row,5,300,0.13852253556251526,0.11333333333333333,0.6200723648071289,0.9817383885383606,,
40f,15,15,43,validation,Normal,random,random_row,10,300,0.3366195559501648,0.33,0.84834223985672,0.9817383885383606,,
40f,15,15,43,validation,Normal,top_minus_random,median,1,300,0.10770573655764262,,,,0.08302986702074608,0.13094506997366748
40f,15,15,43,validation,Normal,top_minus_random,median,3,300,0.09117145737012228,,,,0.06941717785100143,0.11524196914335091
40f,15,15,43,validation,Normal,top_minus_random,median,5,300,0.13968521068493525,,,,0.11456771123657626,0.16667162915319203
40f,15,15,43,validation,Normal,top_minus_random,median,10,300,0.25095402856667837,,,,0.2198872697179516,0.28191557634125153
40f,15,15,43,validation,Normal,top_minus_random,random_row,1,300,0.12889130353927614,,,,0.1015776923497518,0.15588672835131487
40f,15,15,43,validation,Normal,top_minus_random,random_row,3,300,0.315744124352932,,,,0.27462244854619106,0.3553792539661129
40f,15,15,43,validation,Normal,top_minus_random,random_row,5,300,0.3815487559636434,,,,0.3384294216434161,0.42980191354950265
40f,15,15,43,validation,Normal,top_minus_random,random_row,10,300,0.23252758304278057,,,,0.1948671829948823,0.27388720367103814
40f,15,15,43,validation,Overlap-Group-1,top,median,1,300,0.3553178310394287,0.8333333333333334,0.43004801869392395,0.5658783316612244,,
40f,15,15,43,validation,Overlap-Group-1,top,median,3,300,0.3143467307090759,0.9166666666666666,0.6247751712799072,0.5658783316612244,,
40f,15,15,43,validation,Overlap-Group-1,top,median,5,300,0.37537112832069397,0.88,0.6564399003982544,0.5658783316612244,,
40f,15,15,43,validation,Overlap-Group-1,top,median,10,300,0.3020003139972687,0.46,0.6314343214035034,0.5658783316612244,,
40f,15,15,43,validation,Overlap-Group-1,least,median,1,300,-0.008731244131922722,0.006666666666666667,0.2788178026676178,0.5658783316612244,,
40f,15,15,43,validation,Overlap-Group-1,least,median,3,300,-0.03379291668534279,0.056666666666666664,0.49038976430892944,0.5658783316612244,,
40f,15,15,43,validation,Overlap-Group-1,least,median,5,300,-0.04898473247885704,0.08333333333333333,0.406078040599823,0.5658783316612244,,
40f,15,15,43,validation,Overlap-Group-1,least,median,10,300,-0.1253483146429062,0.14666666666666667,0.3404792547225952,0.5658783316612244,,
40f,15,15,43,validation,Overlap-Group-1,random,median,1,300,0.045784786343574524,0.16,0.19417572021484375,0.5658783316612244,,
40f,15,15,43,validation,Overlap-Group-1,random,median,3,300,0.10322768986225128,0.27666666666666667,0.3307819366455078,0.5658783316612244,,
40f,15,15,43,validation,Overlap-Group-1,random,median,5,300,0.14313210546970367,0.38333333333333336,0.3896373212337494,0.5658783316612244,,
40f,15,15,43,validation,Overlap-Group-1,random,median,10,300,0.1952175348997116,0.5,0.4421255886554718,0.5658783316612244,,
40f,15,15,43,validation,Overlap-Group-1,top,random_row,1,300,0.27518290281295776,0.62,0.10408797860145569,0.5658783316612244,,
40f,15,15,43,validation,Overlap-Group-1,top,random_row,3,300,0.34193170070648193,0.7733333333333333,0.2526788115501404,0.5658783316612244,,
40f,15,15,43,validation,Overlap-Group-1,top,random_row,5,300,0.4169624447822571,0.8533333333333334,0.36309126019477844,0.5658783316612244,,
40f,15,15,43,validation,Overlap-Group-1,top,random_row,10,300,0.47410157322883606,0.9166666666666666,0.5560632348060608,0.5658783316612244,,
40f,15,15,43,validation,Overlap-Group-1,least,random_row,1,300,0.004128191154450178,0.02666666666666667,0.08041997253894806,0.5658783316612244,,
40f,15,15,43,validation,Overlap-Group-1,least,random_row,3,300,0.031227855011820793,0.08,0.11042200773954391,0.5658783316612244,,
40f,15,15,43,validation,Overlap-Group-1,least,random_row,5,300,0.05366123840212822,0.12333333333333334,0.16046428680419922,0.5658783316612244,,
40f,15,15,43,validation,Overlap-Group-1,least,random_row,10,300,0.24070017039775848,0.51,0.22247235476970673,0.5658783316612244,,
40f,15,15,43,validation,Overlap-Group-1,random,random_row,1,300,0.0696215108036995,0.19333333333333333,0.08414387702941895,0.5658783316612244,,
40f,15,15,43,validation,Overlap-Group-1,random,random_row,3,300,0.15971970558166504,0.35,0.12096243351697922,0.5658783316612244,,
40f,15,15,43,validation,Overlap-Group-1,random,random_row,5,300,0.24535781145095825,0.5466666666666666,0.1724083423614502,0.5658783316612244,,
40f,15,15,43,validation,Overlap-Group-1,random,random_row,10,300,0.40375956892967224,0.8366666666666667,0.33799752593040466,0.5658783316612244,,
40f,15,15,43,validation,Overlap-Group-1,top_minus_random,median,1,300,0.3095330619812012,,,,0.28810185267776256,0.33150620273997383
40f,15,15,43,validation,Overlap-Group-1,top_minus_random,median,3,300,0.21111902296543122,,,,0.18674746911724407,0.23479973659912745
40f,15,15,43,validation,Overlap-Group-1,top_minus_random,median,5,300,0.23223902175823846,,,,0.20942024378975233,0.25506632798413437
40f,15,15,43,validation,Overlap-Group-1,top_minus_random,median,10,300,0.10678278932968775,,,,0.08342783977836371,0.12905144159247478
40f,15,15,43,validation,Overlap-Group-1,top_minus_random,random_row,1,300,0.205561393002669,,,,0.17662781513979037,0.23195380182067551
40f,15,15,43,validation,Overlap-Group-1,top_minus_random,random_row,3,300,0.18221198320388793,,,,0.1584049177095294,0.20698473403851192
40f,15,15,43,validation,Overlap-Group-1,top_minus_random,random_row,5,300,0.1716046064098676,,,,0.14898612451304993,0.1946679991260171
40f,15,15,43,validation,Overlap-Group-1,top_minus_random,random_row,10,300,0.07034199029207229,,,,0.05242920013020436,0.0874767741933465
40f,15,15,43,validation,Reconnaissance,top,median,1,300,0.32351255416870117,0.16333333333333333,0.035099517554044724,0.9036362767219543,,
40f,15,15,43,validation,Reconnaissance,top,median,3,300,0.856879472732544,1.0,0.4404654800891876,0.9036362767219543,,
40f,15,15,43,validation,Reconnaissance,top,median,5,300,0.8747612237930298,1.0,0.6370039582252502,0.9036362767219543,,
40f,15,15,43,validation,Reconnaissance,top,median,10,300,0.8886567950248718,1.0,0.8589048385620117,0.9036362767219543,,
40f,15,15,43,validation,Reconnaissance,least,median,1,300,0.014563074335455894,0.01,0.004661535378545523,0.9036362767219543,,
40f,15,15,43,validation,Reconnaissance,least,median,3,300,0.045887935906648636,0.07,0.008463389240205288,0.9036362767219543,,
40f,15,15,43,validation,Reconnaissance,least,median,5,300,0.08047981560230255,0.15,0.01663460209965706,0.9036362767219543,,
40f,15,15,43,validation,Reconnaissance,least,median,10,300,0.2714184522628784,0.25333333333333335,0.029133563861250877,0.9036362767219543,,
40f,15,15,43,validation,Reconnaissance,random,median,1,300,0.08420763909816742,0.09333333333333334,0.009872605092823505,0.9036362767219543,,
40f,15,15,43,validation,Reconnaissance,random,median,3,300,0.26015329360961914,0.26,0.04214327409863472,0.9036362767219543,,
40f,15,15,43,validation,Reconnaissance,random,median,5,300,0.45506465435028076,0.5166666666666667,0.11318318545818329,0.9036362767219543,,
40f,15,15,43,validation,Reconnaissance,random,median,10,300,0.79698646068573,0.9366666666666666,0.44555822014808655,0.9036362767219543,,
40f,15,15,43,validation,Reconnaissance,top,random_row,1,300,0.41239556670188904,0.39,0.09212350100278854,0.9036362767219543,,
40f,15,15,43,validation,Reconnaissance,top,random_row,3,300,0.8017831444740295,0.9233333333333333,0.18435469269752502,0.9036362767219543,,
40f,15,15,43,validation,Reconnaissance,top,random_row,5,300,0.8347036838531494,0.95,0.30867716670036316,0.9036362767219543,,
40f,15,15,43,validation,Reconnaissance,top,random_row,10,300,0.8428656458854675,0.9533333333333334,0.6690559387207031,0.9036362767219543,,
40f,15,15,43,validation,Reconnaissance,least,random_row,1,300,0.041200023144483566,0.05,0.06616204231977463,0.9036362767219543,,
40f,15,15,43,validation,Reconnaissance,least,random_row,3,300,0.11614209413528442,0.14333333333333334,0.06576492637395859,0.9036362767219543,,
40f,15,15,43,validation,Reconnaissance,least,random_row,5,300,0.23690098524093628,0.28,0.06743047386407852,0.9036362767219543,,
40f,15,15,43,validation,Reconnaissance,least,random_row,10,300,0.5980104207992554,0.6166666666666667,0.0712473914027214,0.9036362767219543,,
40f,15,15,43,validation,Reconnaissance,random,random_row,1,300,0.09406345337629318,0.11333333333333333,0.06795868277549744,0.9036362767219543,,
40f,15,15,43,validation,Reconnaissance,random,random_row,3,300,0.31254175305366516,0.3333333333333333,0.08053358644247055,0.9036362767219543,,
40f,15,15,43,validation,Reconnaissance,random,random_row,5,300,0.5399258136749268,0.5966666666666667,0.10862625390291214,0.9036362767219543,,
40f,15,15,43,validation,Reconnaissance,random,random_row,10,300,0.7945224642753601,0.89,0.35454314947128296,0.9036362767219543,,
40f,15,15,43,validation,Reconnaissance,top_minus_random,median,1,300,0.23930490523576736,,,,0.20426874326914551,0.2777600037778417
40f,15,15,43,validation,Reconnaissance,top_minus_random,median,3,300,0.5967261125644048,,,,0.5604279769808055,0.6323596771930655
40f,15,15,43,validation,Reconnaissance,top_minus_random,median,5,300,0.4196966209014257,,,,0.382318250802656,0.45624211003631354
40f,15,15,43,validation,Reconnaissance,top_minus_random,median,10,300,0.09167032718658447,,,,0.07548027194043001,0.11092146202425161
40f,15,15,43,validation,Reconnaissance,top_minus_random,random_row,1,300,0.31833211302757264,,,,0.28272878583769007,0.35385667281101146
40f,15,15,43,validation,Reconnaissance,top_minus_random,random_row,3,300,0.4892413917183876,,,,0.44619925790280107,0.5324379266748825
40f,15,15,43,validation,Reconnaissance,top_minus_random,random_row,5,300,0.29477781991163887,,,,0.2583858284801245,0.33191328116257984
40f,15,15,43,validation,Reconnaissance,top_minus_random,random_row,10,300,0.04834319829940796,,,,0.033316317367057015,0.06743307155122359
40f,15,15,43,validation,Unknown,top,median,1,200,0.1937188357114792,0.74,0.20724745094776154,0.4278310537338257,,
40f,15,15,43,validation,Unknown,top,median,3,200,0.29614678025245667,0.905,0.3309306204319,0.4278310537338257,,
40f,15,15,43,validation,Unknown,top,median,5,200,0.3481976389884949,0.95,0.4830523431301117,0.4278310537338257,,
40f,15,15,43,validation,Unknown,top,median,10,200,0.36610084772109985,0.945,0.5446692705154419,0.4278310537338257,,
40f,15,15,43,validation,Unknown,least,median,1,200,-0.017985248938202858,0.15,0.11230440437793732,0.4278310537338257,,
40f,15,15,43,validation,Unknown,least,median,3,200,-0.004199638497084379,0.33,0.1301547884941101,0.4278310537338257,,
40f,15,15,43,validation,Unknown,least,median,5,200,-0.001878499984741211,0.375,0.12916700541973114,0.4278310537338257,,
40f,15,15,43,validation,Unknown,least,median,10,200,0.09055981040000916,0.595,0.1521741896867752,0.4278310537338257,,
40f,15,15,43,validation,Unknown,random,median,1,200,0.02174924872815609,0.285,0.12182494252920151,0.4278310537338257,,
40f,15,15,43,validation,Unknown,random,median,3,200,0.09592410922050476,0.56,0.16015556454658508,0.4278310537338257,,
40f,15,15,43,validation,Unknown,random,median,5,200,0.14352060854434967,0.64,0.18871666491031647,0.4278310537338257,,
40f,15,15,43,validation,Unknown,random,median,10,200,0.24832691252231598,0.81,0.2967663109302521,0.4278310537338257,,
40f,15,15,43,validation,Unknown,top,random_row,1,200,0.15760265290737152,0.655,0.21844299137592316,0.4278310537338257,,
40f,15,15,43,validation,Unknown,top,random_row,3,200,0.24689002335071564,0.815,0.2727925181388855,0.4278310537338257,,
40f,15,15,43,validation,Unknown,top,random_row,5,200,0.2839329242706299,0.9,0.32713356614112854,0.4278310537338257,,
40f,15,15,43,validation,Unknown,top,random_row,10,200,0.2770015597343445,0.855,0.49016234278678894,0.4278310537338257,,
40f,15,15,43,validation,Unknown,least,random_row,1,200,0.0038200533017516136,0.205,0.20160694420337677,0.4278310537338257,,
40f,15,15,43,validation,Unknown,least,random_row,3,200,0.03483796492218971,0.395,0.20646587014198303,0.4278310537338257,,
40f,15,15,43,validation,Unknown,least,random_row,5,200,0.048202160745859146,0.49,0.19051353633403778,0.4278310537338257,,
40f,15,15,43,validation,Unknown,least,random_row,10,200,0.1605052947998047,0.7,0.19605909287929535,0.4278310537338257,,
40f,15,15,43,validation,Unknown,random,random_row,1,200,0.025139691308140755,0.3,0.21042843163013458,0.4278310537338257,,
40f,15,15,43,validation,Unknown,random,random_row,3,200,0.09967626631259918,0.575,0.21425214409828186,0.4278310537338257,,
40f,15,15,43,validation,Unknown,random,random_row,5,200,0.14006109535694122,0.625,0.2266281098127365,0.4278310537338257,,
40f,15,15,43,validation,Unknown,random,random_row,10,200,0.2103404551744461,0.765,0.311798632144928,0.4278310537338257,,
40f,15,15,43,validation,Unknown,top_minus_random,median,1,200,0.17196958757936953,,,,0.14296326361410322,0.19981960281915961
40f,15,15,43,validation,Unknown,top_minus_random,median,3,200,0.20022265769541264,,,,0.16858256918750703,0.23265367385186256
40f,15,15,43,validation,Unknown,top_minus_random,median,5,200,0.20467703580856322,,,,0.17406376444734634,0.23630875044874847
40f,15,15,43,validation,Unknown,top_minus_random,median,10,200,0.11777396343648433,,,,0.08729244650341571,0.14925663538463413
40f,15,15,43,validation,Unknown,top_minus_random,random_row,1,200,0.13246296256780624,,,,0.10688348099775612,0.15792638900876044
40f,15,15,43,validation,Unknown,top_minus_random,random_row,3,200,0.1472137575596571,,,,0.12000318255648017,0.1729262144640088
40f,15,15,43,validation,Unknown,top_minus_random,random_row,5,200,0.1438718279451132,,,,0.11733420326933265,0.1741149731054902
40f,15,15,43,validation,Unknown,top_minus_random,random_row,10,200,0.06666113257408142,,,,0.04127254946902395,0.09139873768016696
40f,40,40,44,test,all,top,median,1,2000,0.2009372115135193,0.2025,0.2729531526565552,0.8030267357826233,,
40f,40,40,44,test,all,top,median,3,2000,0.5297731161117554,0.74,0.43437448143959045,0.8030267357826233,,
40f,40,40,44,test,all,top,median,5,2000,0.6041784882545471,0.845,0.5795421600341797,0.8030267357826233,,
40f,40,40,44,test,all,top,median,10,2000,0.668045699596405,0.8985,0.7410750985145569,0.8030267357826233,,
40f,40,40,44,test,all,least,median,1,2000,-1.854896538588946e-07,0.0,0.17701566219329834,0.8030267357826233,,
40f,40,40,44,test,all,least,median,3,2000,0.00020941408001817763,0.001,0.17718654870986938,0.8030267357826233,,
40f,40,40,44,test,all,least,median,5,2000,0.002855270402505994,0.01,0.1771329641342163,0.8030267357826233,,
40f,40,40,44,test,all,least,median,10,2000,0.012724718078970909,0.0505,0.17893719673156738,0.8030267357826233,,
40f,40,40,44,test,all,random,median,1,2000,0.021423261612653732,0.0405,0.18288372457027435,0.8030267357826233,,
40f,40,40,44,test,all,random,median,3,2000,0.0650288388133049,0.1115,0.19384810328483582,0.8030267357826233,,
40f,40,40,44,test,all,random,median,5,2000,0.10917308181524277,0.164,0.20525234937667847,0.8030267357826233,,
40f,40,40,44,test,all,random,median,10,2000,0.23005421459674835,0.3165,0.2452295422554016,0.8030267357826233,,
40f,40,40,44,test,all,top,random_row,1,2000,0.19236338138580322,0.224,0.20410150289535522,0.8030267357826233,,
40f,40,40,44,test,all,top,random_row,3,2000,0.5096297860145569,0.705,0.3083372712135315,0.8030267357826233,,
40f,40,40,44,test,all,top,random_row,5,2000,0.5991576910018921,0.7995,0.41777655482292175,0.8030267357826233,,
40f,40,40,44,test,all,top,random_row,10,2000,0.6611826419830322,0.859,0.6195173263549805,0.8030267357826233,,
40f,40,40,44,test,all,least,random_row,1,2000,3.963709005461169e-08,0.0,0.17541378736495972,0.8030267357826233,,
40f,40,40,44,test,all,least,random_row,3,2000,-4.592114783008583e-05,0.0015,0.17542457580566406,0.8030267357826233,,
40f,40,40,44,test,all,least,random_row,5,2000,0.0012051742523908615,0.0135,0.17598003149032593,0.8030267357826233,,
40f,40,40,44,test,all,least,random_row,10,2000,0.012598948553204536,0.0675,0.17550094425678253,0.8030267357826233,,
40f,40,40,44,test,all,random,random_row,1,2000,0.025162028148770332,0.0525,0.17659518122673035,0.8030267357826233,,
40f,40,40,44,test,all,random,random_row,3,2000,0.06917539983987808,0.129,0.182928204536438,0.8030267357826233,,
40f,40,40,44,test,all,random,random_row,5,2000,0.11408666521310806,0.1875,0.19419978559017181,0.8030267357826233,,
40f,40,40,44,test,all,random,random_row,10,2000,0.24332772195339203,0.3495,0.22563686966896057,0.8030267357826233,,
40f,40,40,44,test,all,top_minus_random,median,1,2000,0.17951394141465427,,,,0.1695932409627363,0.19015096156932415
40f,40,40,44,test,all,top_minus_random,median,3,2000,0.4647442990243435,,,,0.450644510342367,0.4789810777330771
40f,40,40,44,test,all,top_minus_random,median,5,2000,0.49500539680570366,,,,0.4798037718538195,0.5093589038411156
40f,40,40,44,test,all,top_minus_random,median,10,2000,0.437991508230567,,,,0.42479322665408253,0.45031378064267336
40f,40,40,44,test,all,top_minus_random,random_row,1,2000,0.16720135802030564,,,,0.1572100958440453,0.17778747162297368
40f,40,40,44,test,all,top_minus_random,random_row,3,2000,0.44045438127964737,,,,0.4254003909483552,0.45508472726587207
40f,40,40,44,test,all,top_minus_random,random_row,5,2000,0.4850711103379726,,,,0.4700850885339081,0.499424929645285
40f,40,40,44,test,all,top_minus_random,random_row,10,2000,0.4178548707589507,,,,0.4024786248084158,0.4306048168189823
40f,40,40,44,test,Exploits,top,median,1,300,0.16226351261138916,0.16333333333333333,0.08174469321966171,0.8621500730514526,,
40f,40,40,44,test,Exploits,top,median,3,300,0.5465845465660095,0.6866666666666666,0.5804235935211182,0.8621500730514526,,
40f,40,40,44,test,Exploits,top,median,5,300,0.664311945438385,0.9233333333333333,0.7735711932182312,0.8621500730514526,,
40f,40,40,44,test,Exploits,top,median,10,300,0.7495013475418091,0.9833333333333333,0.8697977662086487,0.8621500730514526,,
40f,40,40,44,test,Exploits,least,median,1,300,0.0,0.0,0.05815732479095459,0.8621500730514526,,
40f,40,40,44,test,Exploits,least,median,3,300,5.610982498183148e-06,0.0,0.05851209536194801,0.8621500730514526,,
40f,40,40,44,test,Exploits,least,median,5,300,-7.508099224651232e-05,0.0,0.05932280048727989,0.8621500730514526,,
40f,40,40,44,test,Exploits,least,median,10,300,-0.0014616164844483137,0.0033333333333333335,0.07077518105506897,0.8621500730514526,,
40f,40,40,44,test,Exploits,random,median,1,300,0.03809989243745804,0.043333333333333335,0.08532150089740753,0.8621500730514526,,
40f,40,40,44,test,Exploits,random,median,3,300,0.08827182650566101,0.10666666666666667,0.12452186644077301,0.8621500730514526,,
40f,40,40,44,test,Exploits,random,median,5,300,0.1410456895828247,0.17,0.15931273996829987,0.8621500730514526,,
40f,40,40,44,test,Exploits,random,median,10,300,0.24478474259376526,0.27666666666666667,0.2503756284713745,0.8621500730514526,,
40f,40,40,44,test,Exploits,top,random_row,1,300,0.10807130485773087,0.09666666666666666,0.2563917636871338,0.8621500730514526,,
40f,40,40,44,test,Exploits,top,random_row,3,300,0.34418243169784546,0.38666666666666666,0.3593078553676605,0.8621500730514526,,
40f,40,40,44,test,Exploits,top,random_row,5,300,0.46350574493408203,0.5233333333333333,0.48319560289382935,0.8621500730514526,,
40f,40,40,44,test,Exploits,top,random_row,10,300,0.5893740653991699,0.6766666666666666,0.7059821486473083,0.8621500730514526,,
40f,40,40,44,test,Exploits,least,random_row,1,300,0.0,0.0,0.19809788465499878,0.8621500730514526,,
40f,40,40,44,test,Exploits,least,random_row,3,300,-0.00204480136744678,0.0,0.19838586449623108,0.8621500730514526,,
40f,40,40,44,test,Exploits,least,random_row,5,300,-0.002117324620485306,0.0,0.19938541948795319,0.8621500730514526,,
40f,40,40,44,test,Exploits,least,random_row,10,300,-0.001543650170788169,0.006666666666666667,0.20165282487869263,0.8621500730514526,,
40f,40,40,44,test,Exploits,random,random_row,1,300,0.02241632528603077,0.03,0.20479391515254974,0.8621500730514526,,
40f,40,40,44,test,Exploits,random,random_row,3,300,0.041627515107393265,0.05333333333333334,0.21793678402900696,0.8621500730514526,,
40f,40,40,44,test,Exploits,random,random_row,5,300,0.060390401631593704,0.06,0.24863408505916595,0.8621500730514526,,
40f,40,40,44,test,Exploits,random,random_row,10,300,0.15352660417556763,0.15666666666666668,0.3178221583366394,0.8621500730514526,,
40f,40,40,44,test,Exploits,top_minus_random,median,1,300,0.12416362106800079,,,,0.09329917283852895,0.1554086305052042
40f,40,40,44,test,Exploits,top_minus_random,median,3,300,0.45831273158391317,,,,0.4268196341817578,0.48925457428147395
40f,40,40,44,test,Exploits,top_minus_random,median,5,300,0.5232662362853686,,,,0.4893477629174789,0.5545801406825582
40f,40,40,44,test,Exploits,top_minus_random,median,10,300,0.5047166107098261,,,,0.466345618913571,0.5424338452592492
40f,40,40,44,test,Exploits,top_minus_random,random_row,1,300,0.08565497626860936,,,,0.061720391166706884,0.11080846767127514
40f,40,40,44,test,Exploits,top_minus_random,random_row,3,300,0.30255492160717645,,,,0.2704265164757768,0.33351251915842295
40f,40,40,44,test,Exploits,top_minus_random,random_row,5,300,0.4031154073278109,,,,0.37203197526683407,0.43536278663327294
40f,40,40,44,test,Exploits,top_minus_random,random_row,10,300,0.4358474956949552,,,,0.4007959005360802,0.47245953476180635
40f,40,40,44,test,Fuzzers,top,median,1,300,0.17852085828781128,0.18666666666666668,0.006787112448364496,0.7220093607902527,,
40f,40,40,44,test,Fuzzers,top,median,3,300,0.35759779810905457,0.49,0.015689745545387268,0.7220093607902527,,
40f,40,40,44,test,Fuzzers,top,median,5,300,0.5110532641410828,0.8166666666666667,0.04882293567061424,0.7220093607902527,,
40f,40,40,44,test,Fuzzers,top,median,10,300,0.6911943554878235,1.0,0.34189915657043457,0.7220093607902527,,
40f,40,40,44,test,Fuzzers,least,median,1,300,-1.236597654497018e-06,0.0,0.0029217347037047148,0.7220093607902527,,
40f,40,40,44,test,Fuzzers,least,median,3,300,0.00015618960605934262,0.0,0.002933201612904668,0.7220093607902527,,
40f,40,40,44,test,Fuzzers,least,median,5,300,0.008927356451749802,0.0,0.0030270919669419527,0.7220093607902527,,
40f,40,40,44,test,Fuzzers,least,median,10,300,0.06038675829768181,0.10666666666666667,0.008916139602661133,0.7220093607902527,,
40f,40,40,44,test,Fuzzers,random,median,1,300,0.03115491196513176,0.05,0.004976119380444288,0.7220093607902527,,
40f,40,40,44,test,Fuzzers,random,median,3,300,0.08678211271762848,0.12666666666666668,0.010196632705628872,0.7220093607902527,,
40f,40,40,44,test,Fuzzers,random,median,5,300,0.14241337776184082,0.22333333333333333,0.017801249399781227,0.7220093607902527,,
40f,40,40,44,test,Fuzzers,random,median,10,300,0.28931400179862976,0.44333333333333336,0.041059378534555435,0.7220093607902527,,
40f,40,40,44,test,Fuzzers,top,random_row,1,300,0.21630345284938812,0.30333333333333334,0.18195652961730957,0.7220093607902527,,
40f,40,40,44,test,Fuzzers,top,random_row,3,300,0.43993261456489563,0.6866666666666666,0.2241716980934143,0.7220093607902527,,
40f,40,40,44,test,Fuzzers,top,random_row,5,300,0.5413742065429688,0.8433333333333334,0.2838340997695923,0.7220093607902527,,
40f,40,40,44,test,Fuzzers,top,random_row,10,300,0.615890383720398,0.91,0.39281365275382996,0.7220093607902527,,
40f,40,40,44,test,Fuzzers,least,random_row,1,300,-1.236597654497018e-06,0.0,0.18000951409339905,0.7220093607902527,,
40f,40,40,44,test,Fuzzers,least,random_row,3,300,-0.00021279414067976177,0.0,0.18011809885501862,0.7220093607902527,,
40f,40,40,44,test,Fuzzers,least,random_row,5,300,0.008473915047943592,0.0,0.18101419508457184,0.7220093607902527,,
40f,40,40,44,test,Fuzzers,least,random_row,10,300,0.059537552297115326,0.1,0.17651906609535217,0.7220093607902527,,
40f,40,40,44,test,Fuzzers,random,random_row,1,300,0.04173339903354645,0.08333333333333333,0.172896146774292,0.7220093607902527,,
40f,40,40,44,test,Fuzzers,random,random_row,3,300,0.10315265506505966,0.17666666666666667,0.17106877267360687,0.7220093607902527,,
40f,40,40,44,test,Fuzzers,random,random_row,5,300,0.15919402241706848,0.28,0.17482008039951324,0.7220093607902527,,
40f,40,40,44,test,Fuzzers,random,random_row,10,300,0.2829200029373169,0.46,0.19125956296920776,0.7220093607902527,,
40f,40,40,44,test,Fuzzers,top_minus_random,median,1,300,0.14736594279607138,,,,0.12132278089473646,0.17696875083694855
40f,40,40,44,test,Fuzzers,top_minus_random,median,3,300,0.2708157208561897,,,,0.24259117842713993,0.3002122728427251
40f,40,40,44,test,Fuzzers,top_minus_random,median,5,300,0.36863989700873695,,,,0.33643135968347393,0.4007039761344592
40f,40,40,44,test,Fuzzers,top_minus_random,median,10,300,0.4018803585569064,,,,0.37210427634169657,0.431427272302409
40f,40,40,44,test,Fuzzers,top_minus_random,random_row,1,300,0.17457007219394047,,,,0.1435611678659916,0.20432116290926933
40f,40,40,44,test,Fuzzers,top_minus_random,random_row,3,300,0.33677997122208275,,,,0.3019261250173052,0.3695799688001474
40f,40,40,44,test,Fuzzers,top_minus_random,random_row,5,300,0.38218017886082334,,,,0.3514039220934113,0.41366772623360154
40f,40,40,44,test,Fuzzers,top_minus_random,random_row,10,300,0.33297040561834973,,,,0.3027755776743094,0.3648955937847495
40f,40,40,44,test,Generic,top,median,1,300,0.18227113783359528,0.09,0.009930324740707874,0.9887063503265381,,
40f,40,40,44,test,Generic,top,median,3,300,0.9121478199958801,1.0,0.31741583347320557,0.9887063503265381,,
40f,40,40,44,test,Generic,top,median,5,300,0.9853184223175049,1.0,0.5722096562385559,0.9887063503265381,,
40f,40,40,44,test,Generic,top,median,10,300,0.9877054691314697,1.0,0.9547856450080872,0.9887063503265381,,
40f,40,40,44,test,Generic,least,median,1,300,0.0,0.0,0.004361487925052643,0.9887063503265381,,
40f,40,40,44,test,Generic,least,median,3,300,0.0,0.0,0.004361487925052643,0.9887063503265381,,
40f,40,40,44,test,Generic,least,median,5,300,0.00013489127741195261,0.0,0.004581327550113201,0.9887063503265381,,
40f,40,40,44,test,Generic,least,median,10,300,0.0022258732933551073,0.0033333333333333335,0.006606712471693754,0.9887063503265381,,
40f,40,40,44,test,Generic,random,median,1,300,0.016539936885237694,0.006666666666666667,0.005030276253819466,0.9887063503265381,,
40f,40,40,44,test,Generic,random,median,3,300,0.06246376782655716,0.03,0.007912475615739822,0.9887063503265381,,
40f,40,40,44,test,Generic,random,median,5,300,0.12951411306858063,0.08666666666666667,0.01090515311807394,0.9887063503265381,,
40f,40,40,44,test,Generic,random,median,10,300,0.34341394901275635,0.28,0.041274383664131165,0.9887063503265381,,
40f,40,40,44,test,Generic,top,random_row,1,300,0.1598062962293625,0.08333333333333333,0.04026200622320175,0.9887063503265381,,
40f,40,40,44,test,Generic,top,random_row,3,300,0.7972028851509094,0.85,0.22002753615379333,0.9887063503265381,,
40f,40,40,44,test,Generic,top,random_row,5,300,0.9413764476776123,0.97,0.47179916501045227,0.9887063503265381,,
40f,40,40,44,test,Generic,top,random_row,10,300,0.9523440599441528,0.97,0.8900347948074341,0.9887063503265381,,
40f,40,40,44,test,Generic,least,random_row,1,300,0.0,0.0,0.034860484302043915,0.9887063503265381,,
40f,40,40,44,test,Generic,least,random_row,3,300,8.642673776648735e-08,0.0,0.03486304730176926,0.9887063503265381,,
40f,40,40,44,test,Generic,least,random_row,5,300,0.00018879870185628533,0.0,0.03486698493361473,0.9887063503265381,,
40f,40,40,44,test,Generic,least,random_row,10,300,0.0015597428428009152,0.0,0.03585689142346382,0.9887063503265381,,
40f,40,40,44,test,Generic,random,random_row,1,300,0.01569557748734951,0.006666666666666667,0.037353288382291794,0.9887063503265381,,
40f,40,40,44,test,Generic,random,random_row,3,300,0.05431221053004265,0.03,0.041686128824949265,0.9887063503265381,,
40f,40,40,44,test,Generic,random,random_row,5,300,0.11656251549720764,0.08,0.045587681233882904,0.9887063503265381,,
40f,40,40,44,test,Generic,random,random_row,10,300,0.31011509895324707,0.2633333333333333,0.07871537655591965,0.9887063503265381,,
40f,40,40,44,test,Generic,top_minus_random,median,1,300,0.16573120921850204,,,,0.14217025754849116,0.19201209180057047
40f,40,40,44,test,Generic,top_minus_random,median,3,300,0.8496840148170789,,,,0.8281435097381472,0.868021151252091
40f,40,40,44,test,Generic,top_minus_random,median,5,300,0.8558042771617571,,,,0.8261350024864078,0.8842682549133897
40f,40,40,44,test,Generic,top_minus_random,median,10,300,0.6442915016412735,,,,0.5992906193633875,0.6830367418155074
40f,40,40,44,test,Generic,top_minus_random,random_row,1,300,0.14411071121692656,,,,0.12135267664492132,0.16882867686450478
40f,40,40,44,test,Generic,top_minus_random,random_row,3,300,0.742890670200189,,,,0.7120078763738275,0.7735008662045002
40f,40,40,44,test,Generic,top_minus_random,random_row,5,300,0.8248139587044716,,,,0.7906936435624957,0.856476702220738
40f,40,40,44,test,Generic,top_minus_random,random_row,10,300,0.6422289277116457,,,,0.5945950613593062,0.6847358783582846
40f,40,40,44,test,Normal,top,median,1,300,0.10531576722860336,0.06,0.9036714434623718,0.9458302855491638,,
40f,40,40,44,test,Normal,top,median,3,300,0.18106691539287567,0.23,0.9314146637916565,0.9458302855491638,,
40f,40,40,44,test,Normal,top,median,5,300,0.2258634716272354,0.2966666666666667,0.9387843012809753,0.9458302855491638,,
40f,40,40,44,test,Normal,top,median,10,300,0.3337400257587433,0.3433333333333333,0.9481147527694702,0.9458302855491638,,
40f,40,40,44,test,Normal,least,median,1,300,0.0,0.0,0.8373170495033264,0.9458302855491638,,
40f,40,40,44,test,Normal,least,median,3,300,4.8081080450401714e-08,0.0,0.8369244337081909,0.9458302855491638,,
40f,40,40,44,test,Normal,least,median,5,300,0.0009469705983065069,0.0,0.832366406917572,0.9458302855491638,,
40f,40,40,44,test,Normal,least,median,10,300,0.001458198530599475,0.013333333333333334,0.7960792183876038,0.9458302855491638,,
40f,40,40,44,test,Normal,random,median,1,300,0.0042251721024513245,0.01,0.825534999370575,0.9458302855491638,,
40f,40,40,44,test,Normal,random,median,3,300,0.01707027666270733,0.03,0.795975387096405,0.9458302855491638,,
40f,40,40,44,test,Normal,random,median,5,300,0.028053203597664833,0.03333333333333333,0.7808327078819275,0.9458302855491638,,
40f,40,40,44,test,Normal,random,median,10,300,0.055654577910900116,0.06333333333333334,0.7716690897941589,0.9458302855491638,,
40f,40,40,44,test,Normal,top,random_row,1,300,0.1033395528793335,0.09333333333333334,0.5213773846626282,0.9458302855491638,,
40f,40,40,44,test,Normal,top,random_row,3,300,0.35064762830734253,0.4066666666666667,0.7327269315719604,0.9458302855491638,,
40f,40,40,44,test,Normal,top,random_row,5,300,0.4627918601036072,0.4866666666666667,0.7731404900550842,0.9458302855491638,,
40f,40,40,44,test,Normal,top,random_row,10,300,0.5899094939231873,0.64,0.8712322115898132,0.9458302855491638,,
40f,40,40,44,test,Normal,least,random_row,1,300,1.50084497363423e-06,0.0,0.47538986802101135,0.9458302855491638,,
40f,40,40,44,test,Normal,least,random_row,3,300,2.2977590106165735e-06,0.0,0.4751625657081604,0.9458302855491638,,
40f,40,40,44,test,Normal,least,random_row,5,300,0.0020357053726911545,0.006666666666666667,0.4766499698162079,0.9458302855491638,,
40f,40,40,44,test,Normal,least,random_row,10,300,0.0018947653006762266,0.01,0.4744652807712555,0.9458302855491638,,
40f,40,40,44,test,Normal,random,random_row,1,300,0.009192783385515213,0.02,0.4786224365234375,0.9458302855491638,,
40f,40,40,44,test,Normal,random,random_row,3,300,0.029039999470114708,0.05,0.49290162324905396,0.9458302855491638,,
40f,40,40,44,test,Normal,random,random_row,5,300,0.05767348036170006,0.06333333333333334,0.5154396891593933,0.9458302855491638,,
40f,40,40,44,test,Normal,random,random_row,10,300,0.13098670542240143,0.14,0.5472603440284729,0.9458302855491638,,
40f,40,40,44,test,Normal,top_minus_random,median,1,300,0.10109059125185013,,,,0.08153242736309767,0.12168031192074218
40f,40,40,44,test,Normal,top_minus_random,median,3,300,0.16399662812550864,,,,0.1363836111302177,0.19456930741419395
40f,40,40,44,test,Normal,top_minus_random,median,5,300,0.19781026214361191,,,,0.16820865981777508,0.22801565808802843
40f,40,40,44,test,Normal,top_minus_random,median,10,300,0.2780854656298955,,,,0.24558763247479995,0.30669429671764376
40f,40,40,44,test,Normal,top_minus_random,random_row,1,300,0.0941467668612798,,,,0.07438897883892061,0.11451285609851279
40f,40,40,44,test,Normal,top_minus_random,random_row,3,300,0.3216076278686523,,,,0.28134076844900846,0.363088993512094
40f,40,40,44,test,Normal,top_minus_random,random_row,5,300,0.40511841267347337,,,,0.36303453892469406,0.4503574489305417
40f,40,40,44,test,Normal,top_minus_random,random_row,10,300,0.45892270465691887,,,,0.41220573873321215,0.5056270154913267
40f,40,40,44,test,Overlap-Group-1,top,median,1,300,0.16433599591255188,0.21666666666666667,0.5758259892463684,0.6208917498588562,,
40f,40,40,44,test,Overlap-Group-1,top,median,3,300,0.4864238500595093,0.9566666666666667,0.6006305813789368,0.6208917498588562,,
40f,40,40,44,test,Overlap-Group-1,top,median,5,300,0.5405282378196716,0.9866666666666667,0.6109298467636108,0.6208917498588562,,
40f,40,40,44,test,Overlap-Group-1,top,median,10,300,0.5389840602874756,0.9966666666666667,0.6232974529266357,0.6208917498588562,,
40f,40,40,44,test,Overlap-Group-1,least,median,1,300,0.0,0.0,0.09450280666351318,0.6208917498588562,,
40f,40,40,44,test,Overlap-Group-1,least,median,3,300,0.00041292866808362305,0.0,0.09483254700899124,0.6208917498588562,,
40f,40,40,44,test,Overlap-Group-1,least,median,5,300,0.0009092761902138591,0.0,0.09654712677001953,0.6208917498588562,,
40f,40,40,44,test,Overlap-Group-1,least,median,10,300,-0.00428976071998477,0.006666666666666667,0.12311886996030807,0.6208917498588562,,
40f,40,40,44,test,Overlap-Group-1,random,median,1,300,0.006129930727183819,0.02,0.11576854437589645,0.6208917498588562,,
40f,40,40,44,test,Overlap-Group-1,random,median,3,300,0.03316932171583176,0.08,0.15872083604335785,0.6208917498588562,,
40f,40,40,44,test,Overlap-Group-1,random,median,5,300,0.0633021891117096,0.11666666666666667,0.20245757699012756,0.6208917498588562,,
40f,40,40,44,test,Overlap-Group-1,random,median,10,300,0.12555554509162903,0.24666666666666667,0.2927207052707672,0.6208917498588562,,
40f,40,40,44,test,Overlap-Group-1,top,random_row,1,300,0.16530397534370422,0.21,0.11805131286382675,0.6208917498588562,,
40f,40,40,44,test,Overlap-Group-1,top,random_row,3,300,0.45115214586257935,0.8666666666666667,0.2058696746826172,0.6208917498588562,,
40f,40,40,44,test,Overlap-Group-1,top,random_row,5,300,0.5056020021438599,0.9233333333333333,0.2813498377799988,0.6208917498588562,,
40f,40,40,44,test,Overlap-Group-1,top,random_row,10,300,0.5535634160041809,0.9433333333333334,0.5094287395477295,0.6208917498588562,,
40f,40,40,44,test,Overlap-Group-1,least,random_row,1,300,0.0,0.0,0.07684294134378433,0.6208917498588562,,
40f,40,40,44,test,Overlap-Group-1,least,random_row,3,300,0.0005871655303053558,0.0,0.07675671577453613,0.6208917498588562,,
40f,40,40,44,test,Overlap-Group-1,least,random_row,5,300,-0.009368046186864376,0.0033333333333333335,0.0765036940574646,0.6208917498588562,,
40f,40,40,44,test,Overlap-Group-1,least,random_row,10,300,-0.025466153398156166,0.023333333333333334,0.07590621709823608,0.6208917498588562,,
40f,40,40,44,test,Overlap-Group-1,random,random_row,1,300,0.015487599186599255,0.03,0.07901536673307419,0.6208917498588562,,
40f,40,40,44,test,Overlap-Group-1,random,random_row,3,300,0.053186070173978806,0.12,0.08677639067173004,0.6208917498588562,,
40f,40,40,44,test,Overlap-Group-1,random,random_row,5,300,0.08765365928411484,0.19666666666666666,0.09656383842229843,0.6208917498588562,,
40f,40,40,44,test,Overlap-Group-1,random,random_row,10,300,0.18453703820705414,0.38666666666666666,0.14048181474208832,0.6208917498588562,,
40f,40,40,44,test,Overlap-Group-1,top_minus_random,median,1,300,0.15820607562859854,,,,0.14153421962509552,0.17748644321908552
40f,40,40,44,test,Overlap-Group-1,top_minus_random,median,3,300,0.4532545201977094,,,,0.4349853164503972,0.4695175608123342
40f,40,40,44,test,Overlap-Group-1,top_minus_random,median,5,300,0.4772260476152102,,,,0.45920403385907416,0.49550083122154076
40f,40,40,44,test,Overlap-Group-1,top_minus_random,median,10,300,0.4134285071492195,,,,0.3884285340234637,0.43748925855755805
40f,40,40,44,test,Overlap-Group-1,top_minus_random,random_row,1,300,0.14981638570626576,,,,0.13220618200302123,0.16915460446973643
40f,40,40,44,test,Overlap-Group-1,top_minus_random,random_row,3,300,0.39796607146660484,,,,0.37621225649366774,0.41937127044796946
40f,40,40,44,test,Overlap-Group-1,top_minus_random,random_row,5,300,0.41794836590687434,,,,0.3927546957259377,0.44140294689933457
40f,40,40,44,test,Overlap-Group-1,top_minus_random,random_row,10,300,0.3690263960758845,,,,0.3427536432618896,0.3969948811108867
40f,40,40,44,test,Reconnaissance,top,median,1,300,0.4718133509159088,0.2733333333333333,0.02733599953353405,0.9114129543304443,,
40f,40,40,44,test,Reconnaissance,top,median,3,300,0.8795750141143799,1.0,0.19645528495311737,0.9114129543304443,,
40f,40,40,44,test,Reconnaissance,top,median,5,300,0.8935453295707703,1.0,0.6282846927642822,0.9114129543304443,,
40f,40,40,44,test,Reconnaissance,top,median,10,300,0.9025121927261353,1.0,0.8438553810119629,0.9114129543304443,,
40f,40,40,44,test,Reconnaissance,least,median,1,300,0.0,0.0,0.002739520976319909,0.9114129543304443,,
40f,40,40,44,test,Reconnaissance,least,median,3,300,0.0,0.0,0.002739520976319909,0.9114129543304443,,
40f,40,40,44,test,Reconnaissance,least,median,5,300,0.0024644075892865658,0.0033333333333333335,0.002850530669093132,0.9114129543304443,,
40f,40,40,44,test,Reconnaissance,least,median,10,300,0.010497475042939186,0.01,0.004342676606029272,0.9114129543304443,,
40f,40,40,44,test,Reconnaissance,random,median,1,300,0.03916312754154205,0.03666666666666667,0.004526850301772356,0.9114129543304443,,
40f,40,40,44,test,Reconnaissance,random,median,3,300,0.11657938361167908,0.09666666666666666,0.010405699722468853,0.9114129543304443,,
40f,40,40,44,test,Reconnaissance,random,median,5,300,0.1870420128107071,0.15666666666666668,0.017874395474791527,0.9114129543304443,,
40f,40,40,44,test,Reconnaissance,random,median,10,300,0.4023163616657257,0.41333333333333333,0.050064411014318466,0.9114129543304443,,
40f,40,40,44,test,Reconnaissance,top,random_row,1,300,0.4271298348903656,0.30666666666666664,0.08180664479732513,0.9114129543304443,,
40f,40,40,44,test,Reconnaissance,top,random_row,3,300,0.8335108160972595,0.95,0.12927891314029694,0.9114129543304443,,
40f,40,40,44,test,Reconnaissance,top,random_row,5,300,0.8648582100868225,0.97,0.2810419201850891,0.9114129543304443,,
40f,40,40,44,test,Reconnaissance,top,random_row,10,300,0.8729180097579956,0.97,0.48427069187164307,0.9114129543304443,,
40f,40,40,44,test,Reconnaissance,least,random_row,1,300,0.0,0.0,0.06383997946977615,0.9114129543304443,,
40f,40,40,44,test,Reconnaissance,least,random_row,3,300,0.00023511648760177195,0.0,0.06384001672267914,0.9114129543304443,,
40f,40,40,44,test,Reconnaissance,least,random_row,5,300,0.00560355419293046,0.006666666666666667,0.06449427455663681,0.9114129543304443,,
40f,40,40,44,test,Reconnaissance,least,random_row,10,300,0.026062624529004097,0.056666666666666664,0.06435048580169678,0.9114129543304443,,
40f,40,40,44,test,Reconnaissance,random,random_row,1,300,0.05152134224772453,0.06,0.06419210135936737,0.9114129543304443,,
40f,40,40,44,test,Reconnaissance,random,random_row,3,300,0.146213099360466,0.15666666666666668,0.06436096131801605,0.9114129543304443,,
40f,40,40,44,test,Reconnaissance,random,random_row,5,300,0.23434440791606903,0.24666666666666667,0.06682276725769043,0.9114129543304443,,
40f,40,40,44,test,Reconnaissance,random,random_row,10,300,0.4814755320549011,0.51,0.080600805580616,0.9114129543304443,,
40f,40,40,44,test,Reconnaissance,top_minus_random,median,1,300,0.43265018830696744,,,,0.4114657991925875,0.4524458054775993
40f,40,40,44,test,Reconnaissance,top_minus_random,median,3,300,0.7629956390460332,,,,0.7357113448207577,0.792210691615939
40f,40,40,44,test,Reconnaissance,top_minus_random,median,5,300,0.7065032895406087,,,,0.6722449350779255,0.7394616394912203
40f,40,40,44,test,Reconnaissance,top_minus_random,median,10,300,0.500195845067501,,,,0.4627576555485527,0.5413443239579598
40f,40,40,44,test,Reconnaissance,top_minus_random,random_row,1,300,0.3756084484855334,,,,0.34726140001167854,0.4044007353335619
40f,40,40,44,test,Reconnaissance,top_minus_random,random_row,3,300,0.6872977325320244,,,,0.6549241871510942,0.7227706799581647
40f,40,40,44,test,Reconnaissance,top_minus_random,random_row,5,300,0.630513853430748,,,,0.5905897791634003,0.6718808674663305
40f,40,40,44,test,Reconnaissance,top_minus_random,random_row,10,300,0.39144253681103386,,,,0.3504731532310446,0.4318013189733028
40f,40,40,44,test,Unknown,top,median,1,200,0.11259113252162933,0.54,0.3215882182121277,0.4537670910358429,,
40f,40,40,44,test,Unknown,top,median,3,200,0.25263741612434387,0.855,0.3807002305984497,0.4537670910358429,,
40f,40,40,44,test,Unknown,top,median,5,200,0.31085386872291565,0.915,0.4365173280239105,0.4537670910358429,,
40f,40,40,44,test,Unknown,top,median,10,200,0.37500107288360596,1.0,0.5381260514259338,0.4537670910358429,,
40f,40,40,44,test,Unknown,least,median,1,200,0.0,0.0,0.2701565623283386,0.4537670910358429,,
40f,40,40,44,test,Unknown,least,median,3,200,0.0012319748057052493,0.01,0.27141037583351135,0.4537670910358429,,
40f,40,40,44,test,Unknown,least,median,5,200,0.008590972982347012,0.095,0.2732866406440735,0.4537670910358429,,
40f,40,40,44,test,Unknown,least,median,10,200,0.02402178943157196,0.29,0.2746138274669647,0.4537670910358429,,
40f,40,40,44,test,Unknown,random,median,1,200,0.011263164691627026,0.155,0.2670997381210327,0.4537670910358429,,
40f,40,40,44,test,Unknown,random,median,3,200,0.0437832772731781,0.41,0.27688151597976685,0.4537670910358429,,
40f,40,40,44,test,Unknown,random,median,5,200,0.0546749122440815,0.46,0.2687475383281708,0.4537670910358429,,
40f,40,40,44,test,Unknown,random,median,10,200,0.10898339003324509,0.58,0.28154999017715454,0.4537670910358429,,
40f,40,40,44,test,Unknown,top,random_row,1,200,0.1537022590637207,0.6,0.24124671518802643,0.4537670910358429,,
40f,40,40,44,test,Unknown,top,random_row,3,200,0.2713549733161926,0.83,0.2762988805770874,0.4537670910358429,,
40f,40,40,44,test,Unknown,top,random_row,5,200,0.3223147690296173,0.92,0.31622374057769775,0.4537670910358429,,
40f,40,40,44,test,Unknown,top,random_row,10,200,0.35082685947418213,0.925,0.4145297110080719,0.4537670910358429,,
40f,40,40,44,test,Unknown,least,random_row,1,200,0.0,0.0,0.21057696640491486,0.4537670910358429,,
40f,40,40,44,test,Unknown,least,random_row,3,200,0.0016901823692023754,0.015,0.210556298494339,0.4537670910358429,,
40f,40,40,44,test,Unknown,least,random_row,5,200,0.004826836753636599,0.11,0.2104283571243286,0.4537670910358429,,
40f,40,40,44,test,Unknown,least,random_row,10,200,0.0329221673309803,0.38,0.21188345551490784,0.4537670910358429,,
40f,40,40,44,test,Unknown,random,random_row,1,200,0.017549730837345123,0.18,0.21064181625843048,0.4537670910358429,,
40f,40,40,44,test,Unknown,random,random_row,3,200,0.050456658005714417,0.41,0.21718616783618927,0.4537670910358429,,
40f,40,40,44,test,Unknown,random,random_row,5,200,0.06713894009590149,0.485,0.22019565105438232,0.4537670910358429,,
40f,40,40,44,test,Unknown,random,random_row,10,200,0.11793586611747742,0.62,0.22215868532657623,0.4537670910358429,,
40f,40,40,44,test,Unknown,top_minus_random,median,1,200,0.10132797174155712,,,,0.07864128817245364,0.12398391825705767
40f,40,40,44,test,Unknown,top_minus_random,median,3,200,0.2088541083037853,,,,0.185078859962523,0.23274421505443754
40f,40,40,44,test,Unknown,top_minus_random,median,5,200,0.25617895342409613,,,,0.22645362466573715,0.2860809848234057
40f,40,40,44,test,Unknown,top_minus_random,median,10,200,0.26601764917373655,,,,0.23842025008797643,0.29240138522721826
40f,40,40,44,test,Unknown,top_minus_random,random_row,1,200,0.13615253910422326,,,,0.11145518531277776,0.16118659592606124
40f,40,40,44,test,Unknown,top_minus_random,random_row,3,200,0.22089832045137883,,,,0.192433962456882,0.24993411451391875
40f,40,40,44,test,Unknown,top_minus_random,random_row,5,200,0.25517583802342414,,,,0.22680020531453193,0.282173678740859
40f,40,40,44,test,Unknown,top_minus_random,random_row,10,200,0.23289100773632526,,,,0.20017694985121487,0.2659631493501365
40f,40,40,44,validation,all,top,median,1,2000,0.1899588704109192,0.198,0.28743478655815125,0.8096752762794495,,
40f,40,40,44,validation,all,top,median,3,2000,0.5206550359725952,0.7265,0.47093307971954346,0.8096752762794495,,
40f,40,40,44,validation,all,top,median,5,2000,0.5913971662521362,0.824,0.5996366739273071,0.8096752762794495,,
40f,40,40,44,validation,all,top,median,10,2000,0.6527361869812012,0.87,0.7568259239196777,0.8096752762794495,,
40f,40,40,44,validation,all,least,median,1,2000,-4.104554591322085e-06,0.0,0.16609665751457214,0.8096752762794495,,
40f,40,40,44,validation,all,least,median,3,2000,0.00044196320232003927,0.001,0.16606399416923523,0.8096752762794495,,
40f,40,40,44,validation,all,least,median,5,2000,0.00342928571626544,0.0075,0.1654634326696396,0.8096752762794495,,
40f,40,40,44,validation,all,least,median,10,2000,0.014688566327095032,0.0475,0.1653718501329422,0.8096752762794495,,
40f,40,40,44,validation,all,random,median,1,2000,0.02089713327586651,0.0355,0.1755845546722412,0.8096752762794495,,
40f,40,40,44,validation,all,random,median,3,2000,0.06372241675853729,0.1055,0.19444279372692108,0.8096752762794495,,
40f,40,40,44,validation,all,random,median,5,2000,0.10021313279867172,0.159,0.20920206606388092,0.8096752762794495,,
40f,40,40,44,validation,all,random,median,10,2000,0.2147906869649887,0.2845,0.25012752413749695,0.8096752762794495,,
40f,40,40,44,validation,all,top,random_row,1,2000,0.17977744340896606,0.2095,0.1965498924255371,0.8096752762794495,,
40f,40,40,44,validation,all,top,random_row,3,2000,0.5095232129096985,0.6865,0.315979927778244,0.8096752762794495,,
40f,40,40,44,validation,all,top,random_row,5,2000,0.6051968336105347,0.797,0.43212658166885376,0.8096752762794495,,
40f,40,40,44,validation,all,top,random_row,10,2000,0.672211766242981,0.87,0.6339855790138245,0.8096752762794495,,
40f,40,40,44,validation,all,least,random_row,1,2000,-4.062086190970149e-06,0.0,0.1608419567346573,0.8096752762794495,,
40f,40,40,44,validation,all,least,random_row,3,2000,0.00011166392505401745,0.0,0.16085565090179443,0.8096752762794495,,
40f,40,40,44,validation,all,least,random_row,5,2000,-0.0011330393608659506,0.01,0.1612379103899002,0.8096752762794495,,
40f,40,40,44,validation,all,least,random_row,10,2000,0.009533343836665154,0.048,0.16028553247451782,0.8096752762794495,,
40f,40,40,44,validation,all,random,random_row,1,2000,0.022219467908143997,0.0485,0.1652555912733078,0.8096752762794495,,
40f,40,40,44,validation,all,random,random_row,3,2000,0.06279005110263824,0.1135,0.17173773050308228,0.8096752762794495,,
40f,40,40,44,validation,all,random,random_row,5,2000,0.10402151197195053,0.1725,0.18085065484046936,0.8096752762794495,,
40f,40,40,44,validation,all,random,random_row,10,2000,0.2271401435136795,0.316,0.2163611501455307,0.8096752762794495,,
40f,40,40,44,validation,all,top_minus_random,median,1,2000,0.16906173879653216,,,,0.15886765854246915,0.18017889911103993
40f,40,40,44,validation,all,top_minus_random,median,3,2000,0.4569326475784182,,,,0.44251959780920297,0.47087530401367694
40f,40,40,44,validation,all,top_minus_random,median,5,2000,0.491184015199542,,,,0.4750020165799186,0.5059732772361487
40f,40,40,44,validation,all,top_minus_random,median,10,2000,0.4379455180838704,,,,0.4238759270019829,0.4520466896746308
40f,40,40,44,validation,all,top_minus_random,random_row,1,2000,0.15755798325687648,,,,0.14729332498628644,0.16789690081905576
40f,40,40,44,validation,all,top_minus_random,random_row,3,2000,0.4467331889942288,,,,0.43167096382435416,0.4609196033831686
40f,40,40,44,validation,all,top_minus_random,random_row,5,2000,0.501175328552723,,,,0.4848630399564281,0.51573226073049
40f,40,40,44,validation,all,top_minus_random,random_row,10,2000,0.44507165897637607,,,,0.43077997675407675,0.46025248857475815
40f,40,40,44,validation,Exploits,top,median,1,300,0.13280299305915833,0.11666666666666667,0.06172987446188927,0.862026572227478,,
40f,40,40,44,validation,Exploits,top,median,3,300,0.5246461033821106,0.6433333333333333,0.6057382822036743,0.862026572227478,,
40f,40,40,44,validation,Exploits,top,median,5,300,0.6366879343986511,0.87,0.7676162719726562,0.862026572227478,,
40f,40,40,44,validation,Exploits,top,median,10,300,0.7386565208435059,0.97,0.8629514575004578,0.862026572227478,,
40f,40,40,44,validation,Exploits,least,median,1,300,-1.1489987628010567e-05,0.0,0.05815732479095459,0.862026572227478,,
40f,40,40,44,validation,Exploits,least,median,3,300,0.0022934391163289547,0.0033333333333333335,0.05798023194074631,0.862026572227478,,
40f,40,40,44,validation,Exploits,least,median,5,300,0.004033987410366535,0.006666666666666667,0.05998469516634941,0.862026572227478,,
40f,40,40,44,validation,Exploits,least,median,10,300,0.005471039097756147,0.006666666666666667,0.07295835763216019,0.862026572227478,,
40f,40,40,44,validation,Exploits,random,median,1,300,0.03471343219280243,0.03333333333333333,0.07856585830450058,0.862026572227478,,
40f,40,40,44,validation,Exploits,random,median,3,300,0.10186420381069183,0.11333333333333333,0.1265253871679306,0.862026572227478,,
40f,40,40,44,validation,Exploits,random,median,5,300,0.13248978555202484,0.14333333333333334,0.1533137559890747,0.862026572227478,,
40f,40,40,44,validation,Exploits,random,median,10,300,0.2455562800168991,0.26666666666666666,0.23667383193969727,0.862026572227478,,
40f,40,40,44,validation,Exploits,top,random_row,1,300,0.10207623988389969,0.10333333333333333,0.2148803472518921,0.862026572227478,,
40f,40,40,44,validation,Exploits,top,random_row,3,300,0.33885496854782104,0.39,0.3452143967151642,0.862026572227478,,
40f,40,40,44,validation,Exploits,top,random_row,5,300,0.4509500563144684,0.5433333333333333,0.45201537013053894,0.862026572227478,,
40f,40,40,44,validation,Exploits,top,random_row,10,300,0.6099388599395752,0.74,0.6804109811782837,0.862026572227478,,
40f,40,40,44,validation,Exploits,least,random_row,1,300,-1.1489987628010567e-05,0.0,0.15958499908447266,0.862026572227478,,
40f,40,40,44,validation,Exploits,least,random_row,3,300,0.0006053614779375494,0.0,0.15979386866092682,0.862026572227478,,
40f,40,40,44,validation,Exploits,least,random_row,5,300,0.0005735004087910056,0.0033333333333333335,0.16151063144207,0.862026572227478,,
40f,40,40,44,validation,Exploits,least,random_row,10,300,0.00015708744467701763,0.0033333333333333335,0.1682082712650299,0.862026572227478,,
40f,40,40,44,validation,Exploits,random,random_row,1,300,0.022671477869153023,0.03333333333333333,0.1771143674850464,0.862026572227478,,
40f,40,40,44,validation,Exploits,random,random_row,3,300,0.05491612106561661,0.06,0.19897225499153137,0.862026572227478,,
40f,40,40,44,validation,Exploits,random,random_row,5,300,0.0721360296010971,0.06666666666666667,0.22163920104503632,0.862026572227478,,
40f,40,40,44,validation,Exploits,random,random_row,10,300,0.14210554957389832,0.13666666666666666,0.3093128800392151,0.862026572227478,,
40f,40,40,44,validation,Exploits,top_minus_random,median,1,300,0.09808955490589141,,,,0.07129827960828941,0.12519857699672382
40f,40,40,44,validation,Exploits,top_minus_random,median,3,300,0.4227818447351456,,,,0.3890126736437281,0.4537439791808526
40f,40,40,44,validation,Exploits,top_minus_random,median,5,300,0.5041981813311577,,,,0.4730244481513897,0.5331278380329411
40f,40,40,44,validation,Exploits,top_minus_random,median,10,300,0.4931002613902092,,,,0.45577764969815815,0.5306896734237672
40f,40,40,44,validation,Exploits,top_minus_random,random_row,1,300,0.07940475742022196,,,,0.05549881864835819,0.10186615469803412
40f,40,40,44,validation,Exploits,top_minus_random,random_row,3,300,0.28393882771333057,,,,0.25128644915173454,0.31773435210188233
40f,40,40,44,validation,Exploits,top_minus_random,random_row,5,300,0.3788140522440275,,,,0.34511661871771016,0.41242230546474457
40f,40,40,44,validation,Exploits,top_minus_random,random_row,10,300,0.4678333596388499,,,,0.4326034421895941,0.5053572188143929
40f,40,40,44,validation,Fuzzers,top,median,1,300,0.21679255366325378,0.25,0.007246033288538456,0.7512226104736328,,
40f,40,40,44,validation,Fuzzers,top,median,3,300,0.39111003279685974,0.49,0.017566150054335594,0.7512226104736328,,
40f,40,40,44,validation,Fuzzers,top,median,5,300,0.5285481810569763,0.7866666666666666,0.05206464231014252,0.7512226104736328,,
40f,40,40,44,validation,Fuzzers,top,median,10,300,0.72153639793396,0.9933333333333333,0.38495004177093506,0.7512226104736328,,
40f,40,40,44,validation,Fuzzers,least,median,1,300,-2.7040641725761816e-07,0.0,0.0029217347037047148,0.7512226104736328,,
40f,40,40,44,validation,Fuzzers,least,median,3,300,0.000248186377575621,0.0,0.0029312153346836567,0.7512226104736328,,
40f,40,40,44,validation,Fuzzers,least,median,5,300,0.014425129629671574,0.013333333333333334,0.0032661387231200933,0.7512226104736328,,
40f,40,40,44,validation,Fuzzers,least,median,10,300,0.07613232731819153,0.14,0.00865667499601841,0.7512226104736328,,
40f,40,40,44,validation,Fuzzers,random,median,1,300,0.0359104759991169,0.04,0.005822999402880669,0.7512226104736328,,
40f,40,40,44,validation,Fuzzers,random,median,3,300,0.10330300778150558,0.13666666666666666,0.011710518039762974,0.7512226104736328,,
40f,40,40,44,validation,Fuzzers,random,median,5,300,0.1630217432975769,0.22666666666666666,0.01974787376821041,0.7512226104736328,,
40f,40,40,44,validation,Fuzzers,random,median,10,300,0.32230594754219055,0.45,0.05034644901752472,0.7512226104736328,,
40f,40,40,44,validation,Fuzzers,top,random_row,1,300,0.26221999526023865,0.35,0.1859588623046875,0.7512226104736328,,
40f,40,40,44,validation,Fuzzers,top,random_row,3,300,0.47720572352409363,0.66,0.23582106828689575,0.7512226104736328,,
40f,40,40,44,validation,Fuzzers,top,random_row,5,300,0.5848429203033447,0.8333333333333334,0.2858298122882843,0.7512226104736328,,
40f,40,40,44,validation,Fuzzers,top,random_row,10,300,0.642849862575531,0.8966666666666666,0.38554656505584717,0.7512226104736328,,
40f,40,40,44,validation,Fuzzers,least,random_row,1,300,0.0,0.0,0.16793330013751984,0.7512226104736328,,
40f,40,40,44,validation,Fuzzers,least,random_row,3,300,5.473057535709813e-05,0.0,0.16793927550315857,0.7512226104736328,,
40f,40,40,44,validation,Fuzzers,least,random_row,5,300,0.007665111217647791,0.006666666666666667,0.1667308360338211,0.7512226104736328,,
40f,40,40,44,validation,Fuzzers,least,random_row,10,300,0.07041721045970917,0.10333333333333333,0.15713056921958923,0.7512226104736328,,
40f,40,40,44,validation,Fuzzers,random,random_row,1,300,0.047624848783016205,0.08,0.16602393984794617,0.7512226104736328,,
40f,40,40,44,validation,Fuzzers,random,random_row,3,300,0.12384077906608582,0.18333333333333332,0.16532328724861145,0.7512226104736328,,
40f,40,40,44,validation,Fuzzers,random,random_row,5,300,0.18298892676830292,0.28,0.16454645991325378,0.7512226104736328,,
40f,40,40,44,validation,Fuzzers,random,random_row,10,300,0.3489895761013031,0.5133333333333333,0.1758686602115631,0.7512226104736328,,
40f,40,40,44,validation,Fuzzers,top_minus_random,median,1,300,0.1808820648988088,,,,0.15246241509417693,0.20950589391340813
40f,40,40,44,validation,Fuzzers,top_minus_random,median,3,300,0.2878070326646169,,,,0.25830573932329814,0.3192743515570958
40f,40,40,44,validation,Fuzzers,top_minus_random,median,5,300,0.3655263803402583,,,,0.33385238022108876,0.3955529623776674
40f,40,40,44,validation,Fuzzers,top_minus_random,median,10,300,0.3992304508884748,,,,0.3671278876289726,0.42807974725961684
40f,40,40,44,validation,Fuzzers,top_minus_random,random_row,1,300,0.21459517200787862,,,,0.18224037658174833,0.2481246374969681
40f,40,40,44,validation,Fuzzers,top_minus_random,random_row,3,300,0.35336496065060297,,,,0.3172618284051617,0.3911994283273816
40f,40,40,44,validation,Fuzzers,top_minus_random,random_row,5,300,0.4018540053566297,,,,0.3672368311062455,0.43271241677304106
40f,40,40,44,validation,Fuzzers,top_minus_random,random_row,10,300,0.2938603260119756,,,,0.25920514525969823,0.3246699571410815
40f,40,40,44,validation,Generic,top,median,1,300,0.09636826813220978,0.07666666666666666,0.01058219000697136,0.982984185218811,,
40f,40,40,44,validation,Generic,top,median,3,300,0.8719653487205505,1.0,0.3863166868686676,0.982984185218811,,
40f,40,40,44,validation,Generic,top,median,5,300,0.9802730083465576,1.0,0.6106194257736206,0.982984185218811,,
40f,40,40,44,validation,Generic,top,median,10,300,0.982100248336792,1.0,0.9516981840133667,0.982984185218811,,
40f,40,40,44,validation,Generic,least,median,1,300,-1.560330383654218e-05,0.0,0.004361487925052643,0.982984185218811,,
40f,40,40,44,validation,Generic,least,median,3,300,-1.560330383654218e-05,0.0,0.004361487925052643,0.982984185218811,,
40f,40,40,44,validation,Generic,least,median,5,300,0.0001302379387198016,0.0,0.004573345184326172,0.982984185218811,,
40f,40,40,44,validation,Generic,least,median,10,300,0.00611113803461194,0.013333333333333334,0.006672997493296862,0.982984185218811,,
40f,40,40,44,validation,Generic,random,median,1,300,0.012367157265543938,0.013333333333333334,0.00531985517591238,0.982984185218811,,
40f,40,40,44,validation,Generic,random,median,3,300,0.054261866956949234,0.05,0.009305312298238277,0.982984185218811,,
40f,40,40,44,validation,Generic,random,median,5,300,0.09742658585309982,0.08,0.01390598900616169,0.982984185218811,,
40f,40,40,44,validation,Generic,random,median,10,300,0.3036494553089142,0.2633333333333333,0.04225696623325348,0.982984185218811,,
40f,40,40,44,validation,Generic,top,random_row,1,300,0.08762260526418686,0.07333333333333333,0.024004759266972542,0.982984185218811,,
40f,40,40,44,validation,Generic,top,random_row,3,300,0.7624750733375549,0.74,0.21377038955688477,0.982984185218811,,
40f,40,40,44,validation,Generic,top,random_row,5,300,0.9509310722351074,0.9866666666666667,0.5112258195877075,0.982984185218811,,
40f,40,40,44,validation,Generic,top,random_row,10,300,0.9656999707221985,0.9866666666666667,0.9009701609611511,0.982984185218811,,
40f,40,40,44,validation,Generic,least,random_row,1,300,-1.560330383654218e-05,0.0,0.022992709651589394,0.982984185218811,,
40f,40,40,44,validation,Generic,least,random_row,3,300,3.366927194292657e-05,0.0,0.022993309423327446,0.982984185218811,,
40f,40,40,44,validation,Generic,least,random_row,5,300,0.0001283993333345279,0.0,0.02299550361931324,0.982984185218811,,
40f,40,40,44,validation,Generic,least,random_row,10,300,0.0034534898586571217,0.0033333333333333335,0.022300774231553078,0.982984185218811,,
40f,40,40,44,validation,Generic,random,random_row,1,300,0.00750723434612155,0.01,0.021437065675854683,0.982984185218811,,
40f,40,40,44,validation,Generic,random,random_row,3,300,0.038824412971735,0.03333333333333333,0.02635207585990429,0.982984185218811,,
40f,40,40,44,validation,Generic,random,random_row,5,300,0.07651001214981079,0.06666666666666667,0.03589292988181114,0.982984185218811,,
40f,40,40,44,validation,Generic,random,random_row,10,300,0.26575562357902527,0.22666666666666666,0.07800637930631638,0.982984185218811,,
40f,40,40,44,validation,Generic,top_minus_random,median,1,300,0.08400111118952433,,,,0.06517191637059053,0.10344899941980838
40f,40,40,44,validation,Generic,top_minus_random,median,3,300,0.8177034877737364,,,,0.7968117314924796,0.8371881925538183
40f,40,40,44,validation,Generic,top_minus_random,median,5,300,0.8828464364012082,,,,0.8551042077094316,0.9101477927515904
40f,40,40,44,validation,Generic,top_minus_random,median,10,300,0.6784507469336192,,,,0.6313808121358355,0.7188650157377123
40f,40,40,44,validation,Generic,top_minus_random,random_row,1,300,0.0801153673728307,,,,0.06187327969819307,0.09864895791560412
40f,40,40,44,validation,Generic,top_minus_random,random_row,3,300,0.7236506825685501,,,,0.6965363244116306,0.7517241749217113
40f,40,40,44,validation,Generic,top_minus_random,random_row,5,300,0.8744211098551751,,,,0.8478566111822924,0.8982621135165294
40f,40,40,44,validation,Generic,top_minus_random,random_row,10,300,0.6999443084001541,,,,0.655568886846304,0.7374734468658765
40f,40,40,44,validation,Normal,top,median,1,300,0.08450253307819366,0.02666666666666667,0.944564700126648,0.9868532419204712,,
40f,40,40,44,validation,Normal,top,median,3,300,0.12957710027694702,0.15,0.9720457196235657,0.9868532419204712,,
40f,40,40,44,validation,Normal,top,median,5,300,0.15847648680210114,0.19666666666666666,0.9827064871788025,0.9868532419204712,,
40f,40,40,44,validation,Normal,top,median,10,300,0.24981699883937836,0.17333333333333334,0.9897947907447815,0.9868532419204712,,
40f,40,40,44,validation,Normal,least,median,1,300,0.0,0.0,0.8373170495033264,0.9868532419204712,,
40f,40,40,44,validation,Normal,least,median,3,300,1.0828773156390525e-05,0.0,0.8375301361083984,0.9868532419204712,,
40f,40,40,44,validation,Normal,least,median,5,300,-0.0007176957442425191,0.0,0.8292726278305054,0.9868532419204712,,
40f,40,40,44,validation,Normal,least,median,10,300,0.00011172403901582584,0.0,0.7747275829315186,0.9868532419204712,,
40f,40,40,44,validation,Normal,random,median,1,300,0.0018505434272810817,0.0033333333333333335,0.8354114294052124,0.9868532419204712,,
40f,40,40,44,validation,Normal,random,median,3,300,0.011340310797095299,0.01,0.8337802886962891,0.9868532419204712,,
40f,40,40,44,validation,Normal,random,median,5,300,0.01853576861321926,0.006666666666666667,0.8375707864761353,0.9868532419204712,,
40f,40,40,44,validation,Normal,random,median,10,300,0.03877033293247223,0.02,0.8578503131866455,0.9868532419204712,,
40f,40,40,44,validation,Normal,top,random_row,1,300,0.08333809673786163,0.03333333333333333,0.5106489062309265,0.9868532419204712,,
40f,40,40,44,validation,Normal,top,random_row,3,300,0.3679773509502411,0.38666666666666666,0.7613799571990967,0.9868532419204712,,
40f,40,40,44,validation,Normal,top,random_row,5,300,0.4855656027793884,0.47333333333333333,0.8118130564689636,0.9868532419204712,,
40f,40,40,44,validation,Normal,top,random_row,10,300,0.620866596698761,0.6633333333333333,0.9386132955551147,0.9868532419204712,,
40f,40,40,44,validation,Normal,least,random_row,1,300,1.2715657859985185e-08,0.0,0.4454887807369232,0.9868532419204712,,
40f,40,40,44,validation,Normal,least,random_row,3,300,8.225838428188581e-06,0.0,0.44547638297080994,0.9868532419204712,,
40f,40,40,44,validation,Normal,least,random_row,5,300,-0.0005150506622157991,0.0,0.4459282457828522,0.9868532419204712,,
40f,40,40,44,validation,Normal,least,random_row,10,300,0.00029452660237438977,0.0,0.44626256823539734,0.9868532419204712,,
40f,40,40,44,validation,Normal,random,random_row,1,300,0.0069914935156702995,0.016666666666666666,0.45146429538726807,0.9868532419204712,,
40f,40,40,44,validation,Normal,random,random_row,3,300,0.021369246765971184,0.02666666666666667,0.4611475169658661,0.9868532419204712,,
40f,40,40,44,validation,Normal,random,random_row,5,300,0.03403838351368904,0.03,0.47636231780052185,0.9868532419204712,,
40f,40,40,44,validation,Normal,random,random_row,10,300,0.0871700644493103,0.06333333333333334,0.5260330438613892,0.9868532419204712,,
40f,40,40,44,validation,Normal,top_minus_random,median,1,300,0.08265198836723964,,,,0.063201855349044,0.10273303048312664
40f,40,40,44,validation,Normal,top_minus_random,median,3,300,0.11823678930600484,,,,0.092328114045163,0.14488806935151416
40f,40,40,44,validation,Normal,top_minus_random,median,5,300,0.1399407305320104,,,,0.1154288122355938,0.16716468514005342
40f,40,40,44,validation,Normal,top_minus_random,median,10,300,0.21104665329058966,,,,0.18561743415892126,0.2375578176230192
40f,40,40,44,validation,Normal,top_minus_random,random_row,1,300,0.07634660164515178,,,,0.05821034480382999,0.09679151959717272
40f,40,40,44,validation,Normal,top_minus_random,random_row,3,300,0.3466080751021703,,,,0.3054977584282557,0.3903625264937679
40f,40,40,44,validation,Normal,top_minus_random,random_row,5,300,0.45152723173300424,,,,0.40387474683672187,0.49582191077371435
40f,40,40,44,validation,Normal,top_minus_random,random_row,10,300,0.5336965251962343,,,,0.4844040524065495,0.5800062226628264
40f,40,40,44,validation,Overlap-Group-1,top,median,1,300,0.15727046132087708,0.18333333333333332,0.6479791402816772,0.6067973971366882,,
40f,40,40,44,validation,Overlap-Group-1,top,median,3,300,0.4851985573768616,0.95,0.6777877807617188,0.6067973971366882,,
40f,40,40,44,validation,Overlap-Group-1,top,median,5,300,0.5292246341705322,0.9933333333333333,0.686062216758728,0.6067973971366882,,
40f,40,40,44,validation,Overlap-Group-1,top,median,10,300,0.519534707069397,1.0,0.6724789142608643,0.6067973971366882,,
40f,40,40,44,validation,Overlap-Group-1,least,median,1,300,0.0,0.0,0.09450280666351318,0.6067973971366882,,
40f,40,40,44,validation,Overlap-Group-1,least,median,3,300,2.7166406653122976e-05,0.0,0.09449120610952377,0.6067973971366882,,
40f,40,40,44,validation,Overlap-Group-1,least,median,5,300,0.0007384057971648872,0.0,0.09568250924348831,0.6067973971366882,,
40f,40,40,44,validation,Overlap-Group-1,least,median,10,300,-0.0037814374081790447,0.016666666666666666,0.12493695318698883,0.6067973971366882,,
40f,40,40,44,validation,Overlap-Group-1,random,median,1,300,0.011988449841737747,0.02,0.12279298156499863,0.6067973971366882,,
40f,40,40,44,validation,Overlap-Group-1,random,median,3,300,0.03735404461622238,0.07333333333333333,0.1791793704032898,0.6067973971366882,,
40f,40,40,44,validation,Overlap-Group-1,random,median,5,300,0.061427365988492966,0.14333333333333334,0.2211862951517105,0.6067973971366882,,
40f,40,40,44,validation,Overlap-Group-1,random,median,10,300,0.09152579307556152,0.20666666666666667,0.2907744348049164,0.6067973971366882,,
40f,40,40,44,validation,Overlap-Group-1,top,random_row,1,300,0.14972466230392456,0.16666666666666666,0.13882702589035034,0.6067973971366882,,
40f,40,40,44,validation,Overlap-Group-1,top,random_row,3,300,0.4496932029724121,0.8833333333333333,0.23161423206329346,0.6067973971366882,,
40f,40,40,44,validation,Overlap-Group-1,top,random_row,5,300,0.5008715391159058,0.9233333333333333,0.30618178844451904,0.6067973971366882,,
40f,40,40,44,validation,Overlap-Group-1,top,random_row,10,300,0.543580949306488,0.94,0.5211844444274902,0.6067973971366882,,
40f,40,40,44,validation,Overlap-Group-1,least,random_row,1,300,0.0,0.0,0.08176203072071075,0.6067973971366882,,
40f,40,40,44,validation,Overlap-Group-1,least,random_row,3,300,6.120681791799143e-05,0.0,0.0818098857998848,0.6067973971366882,,
40f,40,40,44,validation,Overlap-Group-1,least,random_row,5,300,-0.014850479550659657,0.0,0.08394837379455566,0.6067973971366882,,
40f,40,40,44,validation,Overlap-Group-1,least,random_row,10,300,-0.029345382004976273,0.016666666666666666,0.0828632339835167,0.6067973971366882,,
40f,40,40,44,validation,Overlap-Group-1,random,random_row,1,300,0.016059406101703644,0.02,0.08643677085638046,0.6067973971366882,,
40f,40,40,44,validation,Overlap-Group-1,random,random_row,3,300,0.04861258715391159,0.09333333333333334,0.09493331611156464,0.6067973971366882,,
40f,40,40,44,validation,Overlap-Group-1,random,random_row,5,300,0.08284347504377365,0.18,0.10097876191139221,0.6067973971366882,,
40f,40,40,44,validation,Overlap-Group-1,random,random_row,10,300,0.163078173995018,0.3433333333333333,0.1418568342924118,0.6067973971366882,,
40f,40,40,44,validation,Overlap-Group-1,top_minus_random,median,1,300,0.14528201431035995,,,,0.1271331441899141,0.16157186784843602
40f,40,40,44,validation,Overlap-Group-1,top_minus_random,median,3,300,0.44784453630447385,,,,0.43147054452697436,0.4659710468327006
40f,40,40,44,validation,Overlap-Group-1,top_minus_random,median,5,300,0.4677972624699275,,,,0.4474606529076894,0.48610885117699704
40f,40,40,44,validation,Overlap-Group-1,top_minus_random,median,10,300,0.42800895631313324,,,,0.40534542470177015,0.4484242282236616
40f,40,40,44,validation,Overlap-Group-1,top_minus_random,random_row,1,300,0.13366524775822958,,,,0.1182315351118644,0.14944146179159482
40f,40,40,44,validation,Overlap-Group-1,top_minus_random,random_row,3,300,0.4010805547237396,,,,0.38073129154741764,0.4253609784170985
40f,40,40,44,validation,Overlap-Group-1,top_minus_random,random_row,5,300,0.41802807519833246,,,,0.3943181428561608,0.442618870181342
40f,40,40,44,validation,Overlap-Group-1,top_minus_random,random_row,10,300,0.38050275822480517,,,,0.356674053589503,0.40418169761945805
40f,40,40,44,validation,Reconnaissance,top,median,1,300,0.499013215303421,0.3466666666666667,0.024654420092701912,0.9028973579406738,,
40f,40,40,44,validation,Reconnaissance,top,median,3,300,0.8716222047805786,1.0,0.1727699339389801,0.9028973579406738,,
40f,40,40,44,validation,Reconnaissance,top,median,5,300,0.8855933547019958,1.0,0.5581316351890564,0.9028973579406738,,
40f,40,40,44,validation,Reconnaissance,top,median,10,300,0.894477128982544,1.0,0.8042393922805786,0.9028973579406738,,
40f,40,40,44,validation,Reconnaissance,least,median,1,300,0.0,0.0,0.002739520976319909,0.9028973579406738,,
40f,40,40,44,validation,Reconnaissance,least,median,3,300,0.0,0.0,0.002739520976319909,0.9028973579406738,,
40f,40,40,44,validation,Reconnaissance,least,median,5,300,0.0026797193568199873,0.0,0.002955876523628831,0.9028973579406738,,
40f,40,40,44,validation,Reconnaissance,least,median,10,300,0.010030773468315601,0.01,0.004238968715071678,0.9028973579406738,,
40f,40,40,44,validation,Reconnaissance,random,median,1,300,0.040719788521528244,0.04666666666666667,0.0037150089628994465,0.9028973579406738,,
40f,40,40,44,validation,Reconnaissance,random,median,3,300,0.10053259134292603,0.11666666666666667,0.006164115853607655,0.9028973579406738,,
40f,40,40,44,validation,Reconnaissance,random,median,5,300,0.16534048318862915,0.18333333333333332,0.009732912294566631,0.9028973579406738,,
40f,40,40,44,validation,Reconnaissance,random,median,10,300,0.3757984936237335,0.37333333333333335,0.03197994828224182,0.9028973579406738,,
40f,40,40,44,validation,Reconnaissance,top,random_row,1,300,0.42443838715553284,0.3333333333333333,0.09665755182504654,0.9028973579406738,,
40f,40,40,44,validation,Reconnaissance,top,random_row,3,300,0.8146672248840332,0.9433333333333334,0.14460550248622894,0.9028973579406738,,
40f,40,40,44,validation,Reconnaissance,top,random_row,5,300,0.8521146178245544,0.9566666666666667,0.2890583872795105,0.9028973579406738,,
40f,40,40,44,validation,Reconnaissance,top,random_row,10,300,0.85983806848526,0.96,0.4806198179721832,0.9028973579406738,,
40f,40,40,44,validation,Reconnaissance,least,random_row,1,300,0.0,0.0,0.07283131778240204,0.9028973579406738,,
40f,40,40,44,validation,Reconnaissance,least,random_row,3,300,0.00010154009214602411,0.0,0.07283137738704681,0.9028973579406738,,
40f,40,40,44,validation,Reconnaissance,least,random_row,5,300,0.0037181798834353685,0.0033333333333333335,0.07227911800146103,0.9028973579406738,,
40f,40,40,44,validation,Reconnaissance,least,random_row,10,300,0.02808811143040657,0.043333333333333335,0.07136254757642746,0.9028973579406738,,
40f,40,40,44,validation,Reconnaissance,random,random_row,1,300,0.0410800576210022,0.043333333333333335,0.07265031337738037,0.9028973579406738,,
40f,40,40,44,validation,Reconnaissance,random,random_row,3,300,0.11373325437307358,0.13333333333333333,0.07177892327308655,0.9028973579406738,,
40f,40,40,44,validation,Reconnaissance,random,random_row,5,300,0.2068071961402893,0.24,0.07303816825151443,0.9028973579406738,,
40f,40,40,44,validation,Reconnaissance,random,random_row,10,300,0.43663889169692993,0.47,0.07504527270793915,0.9028973579406738,,
40f,40,40,44,validation,Reconnaissance,top_minus_random,median,1,300,0.45829341808954877,,,,0.4360944251716137,0.47964452976236743
40f,40,40,44,validation,Reconnaissance,top_minus_random,median,3,300,0.771089635292689,,,,0.7405979589795073,0.7993898734524846
40f,40,40,44,validation,Reconnaissance,top_minus_random,median,5,300,0.7202529079715411,,,,0.6842371483047803,0.7537965451925993
40f,40,40,44,validation,Reconnaissance,top_minus_random,median,10,300,0.5186787103613217,,,,0.47726006911695,0.559290431447327
40f,40,40,44,validation,Reconnaissance,top_minus_random,random_row,1,300,0.3833583213885625,,,,0.35210466068486374,0.41290334490686653
40f,40,40,44,validation,Reconnaissance,top_minus_random,random_row,3,300,0.7009339334567388,,,,0.6642325658227006,0.7347665344104171
40f,40,40,44,validation,Reconnaissance,top_minus_random,random_row,5,300,0.6453073969483376,,,,0.6054748762175441,0.6817394121214747
40f,40,40,44,validation,Reconnaissance,top_minus_random,random_row,10,300,0.4231991095344226,,,,0.37830912821988266,0.4629779642422994
40f,40,40,44,validation,Unknown,top,median,1,200,0.11946370452642441,0.48,0.32921311259269714,0.4575808346271515,,
40f,40,40,44,validation,Unknown,top,median,3,200,0.2953716516494751,0.915,0.4609938859939575,0.4575808346271515,,
40f,40,40,44,validation,Unknown,top,median,5,200,0.3357659578323364,0.97,0.5105660557746887,0.4575808346271515,,
40f,40,40,44,validation,Unknown,top,median,10,200,0.36817872524261475,0.995,0.5690901279449463,0.4575808346271515,,
40f,40,40,44,validation,Unknown,least,median,1,200,0.0,0.0,0.1609666496515274,0.4575808346271515,,
40f,40,40,44,validation,Unknown,least,median,3,200,0.000573605764657259,0.005,0.16058914363384247,0.4575808346271515,,
40f,40,40,44,validation,Unknown,least,median,5,200,0.0023581793066114187,0.045,0.16103152930736542,0.4575808346271515,,
40f,40,40,44,validation,Unknown,least,median,10,200,0.0057723019272089005,0.195,0.1654309630393982,0.4575808346271515,,
40f,40,40,44,validation,Unknown,random,median,1,200,0.002646539593115449,0.12,0.17840316891670227,0.4575808346271515,,
40f,40,40,44,validation,Unknown,random,median,3,200,0.02424018830060959,0.305,0.1944304257631302,0.4575808346271515,,
40f,40,40,44,validation,Unknown,random,median,5,200,0.044768642634153366,0.415,0.20883437991142273,0.4575808346271515,,
40f,40,40,44,validation,Unknown,random,median,10,200,0.0814971923828125,0.475,0.23645225167274475,0.4575808346271515,,
40f,40,40,44,validation,Unknown,top,random_row,1,200,0.13364452123641968,0.505,0.20903289318084717,0.4575808346271515,,
40f,40,40,44,validation,Unknown,top,random_row,3,200,0.27892228960990906,0.86,0.2611907124519348,0.4575808346271515,,
40f,40,40,44,validation,Unknown,top,random_row,5,200,0.31405457854270935,0.895,0.33707931637763977,0.4575808346271515,,
40f,40,40,44,validation,Unknown,top,random_row,10,200,0.3579564690589905,0.92,0.47883784770965576,0.4575808346271515,,
40f,40,40,44,validation,Unknown,least,random_row,1,200,0.0,0.0,0.18252967298030853,0.4575808346271515,,
40f,40,40,44,validation,Unknown,least,random_row,3,200,-0.00018046185141429305,0.0,0.18229041993618011,0.4575808346271515,,
40f,40,40,44,validation,Unknown,least,random_row,5,200,-0.006409883964806795,0.08,0.18229015171527863,0.4575808346271515,,
40f,40,40,44,validation,Unknown,least,random_row,10,200,-0.014264133758842945,0.225,0.18066328763961792,0.4575808346271515,,
40f,40,40,44,validation,Unknown,random,random_row,1,200,0.009292896836996078,0.18,0.18986564874649048,0.4575808346271515,,
40f,40,40,44,validation,Unknown,random,random_row,3,200,0.02595594711601734,0.34,0.18961618840694427,0.4575808346271515,,
40f,40,40,44,validation,Unknown,random,random_row,5,200,0.05722908675670624,0.43,0.1998199075460434,0.4575808346271515,,
40f,40,40,44,validation,Unknown,random,random_row,10,200,0.10579445958137512,0.53,0.2044268399477005,0.4575808346271515,,
40f,40,40,44,validation,Unknown,top_minus_random,median,1,200,0.11681716032326221,,,,0.09054370939172805,0.14223595819994805
40f,40,40,44,validation,Unknown,top_minus_random,median,3,200,0.2711314866691828,,,,0.24588008206710218,0.2950848745666444
40f,40,40,44,validation,Unknown,top_minus_random,median,5,200,0.29099730342626573,,,,0.2624823627639562,0.3169933585226536
40f,40,40,44,validation,Unknown,top_minus_random,median,10,200,0.2866815120726824,,,,0.25611336429789666,0.31631658927164974
40f,40,40,44,validation,Unknown,top_minus_random,random_row,1,200,0.12435163117945194,,,,0.09584137371741237,0.15263610344566403
40f,40,40,44,validation,Unknown,top_minus_random,random_row,3,200,0.2529663386195898,,,,0.2261367768701166,0.2816308989580721
40f,40,40,44,validation,Unknown,top_minus_random,random_row,5,200,0.25682547852396964,,,,0.22767042125575246,0.28593816346116363
40f,40,40,44,validation,Unknown,top_minus_random,random_row,10,200,0.25216200925409793,,,,0.2216106024812907,0.28193542930856347
40f,30,30,44,test,all,top,median,1,2000,0.20660625398159027,0.2315,0.24522294104099274,0.7991033792495728,,
40f,30,30,44,test,all,top,median,3,2000,0.5096466541290283,0.7355,0.4178396165370941,0.7991033792495728,,
40f,30,30,44,test,all,top,median,5,2000,0.6015190482139587,0.826,0.6020373702049255,0.7991033792495728,,
40f,30,30,44,test,all,top,median,10,2000,0.6659079790115356,0.9025,0.7311269640922546,0.7991033792495728,,
40f,30,30,44,test,all,least,median,1,2000,0.002785674761980772,0.0135,0.17352630198001862,0.7991033792495728,,
40f,30,30,44,test,all,least,median,3,2000,0.01118217408657074,0.0465,0.17444811761379242,0.7991033792495728,,
40f,30,30,44,test,all,least,median,5,2000,0.018742775544524193,0.0675,0.1723828911781311,0.7991033792495728,,
40f,30,30,44,test,all,least,median,10,2000,0.032920192927122116,0.117,0.17950357496738434,0.7991033792495728,,
40f,30,30,44,test,all,random,median,1,2000,0.02824425883591175,0.0595,0.1805608719587326,0.7991033792495728,,
40f,30,30,44,test,all,random,median,3,2000,0.08870547264814377,0.14,0.1967727094888687,0.7991033792495728,,
40f,30,30,44,test,all,random,median,5,2000,0.15262781083583832,0.2255,0.21245644986629486,0.7991033792495728,,
40f,30,30,44,test,all,random,median,10,2000,0.3143578767776489,0.424,0.26555272936820984,0.7991033792495728,,
40f,30,30,44,test,all,top,random_row,1,2000,0.21134521067142487,0.271,0.20061391592025757,0.7991033792495728,,
40f,30,30,44,test,all,top,random_row,3,2000,0.5061948299407959,0.699,0.31844982504844666,0.7991033792495728,,
40f,30,30,44,test,all,top,random_row,5,2000,0.6011972427368164,0.8,0.4569017291069031,0.7991033792495728,,
40f,30,30,44,test,all,top,random_row,10,2000,0.6694731712341309,0.8745,0.621408224105835,0.7991033792495728,,
40f,30,30,44,test,all,least,random_row,1,2000,0.0032628546468913555,0.0185,0.16590377688407898,0.7991033792495728,,
40f,30,30,44,test,all,least,random_row,3,2000,0.012315189465880394,0.057,0.16690103709697723,0.7991033792495728,,
40f,30,30,44,test,all,least,random_row,5,2000,0.021331848576664925,0.0785,0.168604776263237,0.7991033792495728,,
40f,30,30,44,test,all,least,random_row,10,2000,0.05370859429240227,0.137,0.17036287486553192,0.7991033792495728,,
40f,30,30,44,test,all,random,random_row,1,2000,0.03604532778263092,0.073,0.17015551030635834,0.7991033792495728,,
40f,30,30,44,test,all,random,random_row,3,2000,0.10112880170345306,0.165,0.17824985086917877,0.7991033792495728,,
40f,30,30,44,test,all,random,random_row,5,2000,0.17281632125377655,0.2605,0.1922340989112854,0.7991033792495728,,
40f,30,30,44,test,all,random,random_row,10,2000,0.3320345878601074,0.461,0.24176248908042908,0.7991033792495728,,
40f,30,30,44,test,all,top_minus_random,median,1,2000,0.1783619804084301,,,,0.16782367004510015,0.18943290583174674
40f,30,30,44,test,all,top_minus_random,median,3,2000,0.42094116888940336,,,,0.40640304580926895,0.43637788104489444
40f,30,30,44,test,all,top_minus_random,median,5,2000,0.44889123643934725,,,,0.4331410410460085,0.46285055848285556
40f,30,30,44,test,all,top_minus_random,median,10,2000,0.3515500960946083,,,,0.3378210531566292,0.3656922370903194
40f,30,30,44,test,all,top_minus_random,random_row,1,2000,0.17529988300055266,,,,0.16415082963220773,0.18735691160205753
40f,30,30,44,test,all,top_minus_random,random_row,3,2000,0.4050660613775253,,,,0.3901818546617404,0.41978180211223665
40f,30,30,44,test,all,top_minus_random,random_row,5,2000,0.42838098567724225,,,,0.4131582229042426,0.4423555760497227
40f,30,30,44,test,all,top_minus_random,random_row,10,2000,0.33743855990469457,,,,0.3231637302117423,0.3524999821698293
40f,30,30,44,test,Exploits,top,median,1,300,0.10717003047466278,0.11,0.05029759556055069,0.837607204914093,,
40f,30,30,44,test,Exploits,top,median,3,300,0.4025996923446655,0.5133333333333333,0.3495829701423645,0.837607204914093,,
40f,30,30,44,test,Exploits,top,median,5,300,0.5940050482749939,0.8466666666666667,0.6298347115516663,0.837607204914093,,
40f,30,30,44,test,Exploits,top,median,10,300,0.7110547423362732,0.9766666666666667,0.8453097939491272,0.837607204914093,,
40f,30,30,44,test,Exploits,least,median,1,300,-8.55630642035976e-05,0.0,0.07971657067537308,0.837607204914093,,
40f,30,30,44,test,Exploits,least,median,3,300,0.0009499804000370204,0.0,0.08449213951826096,0.837607204914093,,
40f,30,30,44,test,Exploits,least,median,5,300,0.0015269243158400059,0.0033333333333333335,0.09231846779584885,0.837607204914093,,
40f,30,30,44,test,Exploits,least,median,10,300,0.002322386484593153,0.02,0.11691410094499588,0.837607204914093,,
40f,30,30,44,test,Exploits,random,median,1,300,0.03115779533982277,0.04,0.10938633978366852,0.837607204914093,,
40f,30,30,44,test,Exploits,random,median,3,300,0.10037953406572342,0.12,0.16554470360279083,0.837607204914093,,
40f,30,30,44,test,Exploits,random,median,5,300,0.16311779618263245,0.19333333333333333,0.20801427960395813,0.837607204914093,,
40f,30,30,44,test,Exploits,random,median,10,300,0.2998679578304291,0.35,0.3180798590183258,0.837607204914093,,
40f,30,30,44,test,Exploits,top,random_row,1,300,0.09167013317346573,0.10666666666666667,0.2464897185564041,0.837607204914093,,
40f,30,30,44,test,Exploits,top,random_row,3,300,0.3035341799259186,0.34,0.3400708734989166,0.837607204914093,,
40f,30,30,44,test,Exploits,top,random_row,5,300,0.42639803886413574,0.5133333333333333,0.48651427030563354,0.837607204914093,,
40f,30,30,44,test,Exploits,top,random_row,10,300,0.5776987671852112,0.7033333333333334,0.7420569062232971,0.837607204914093,,
40f,30,30,44,test,Exploits,least,random_row,1,300,3.88761372960289e-06,0.0,0.17532978951931,0.837607204914093,,
40f,30,30,44,test,Exploits,least,random_row,3,300,0.0025438659358769655,0.006666666666666667,0.17969505488872528,0.837607204914093,,
40f,30,30,44,test,Exploits,least,random_row,5,300,0.0058290171436965466,0.02,0.18550579249858856,0.837607204914093,,
40f,30,30,44,test,Exploits,least,random_row,10,300,0.017275575548410416,0.03,0.21328605711460114,0.837607204914093,,
40f,30,30,44,test,Exploits,random,random_row,1,300,0.022904446348547935,0.03,0.19052988290786743,0.837607204914093,,
40f,30,30,44,test,Exploits,random,random_row,3,300,0.06263837218284607,0.07333333333333333,0.21122756600379944,0.837607204914093,,
40f,30,30,44,test,Exploits,random,random_row,5,300,0.11587168276309967,0.14,0.24954187870025635,0.837607204914093,,
40f,30,30,44,test,Exploits,random,random_row,10,300,0.21672149002552032,0.25,0.3567604720592499,0.837607204914093,,
40f,30,30,44,test,Exploits,top_minus_random,median,1,300,0.07601223448912303,,,,0.04955248069018126,0.10242710417260727
40f,30,30,44,test,Exploits,top_minus_random,median,3,300,0.30222017645835875,,,,0.2683774424294631,0.34198478296647467
40f,30,30,44,test,Exploits,top_minus_random,median,5,300,0.4308871771891912,,,,0.39306523700803514,0.46588420910884937
40f,30,30,44,test,Exploits,top_minus_random,median,10,300,0.41118672450383503,,,,0.3747758654703697,0.44659868858754637
40f,30,30,44,test,Exploits,top_minus_random,random_row,1,300,0.06876568188269933,,,,0.04614753231654565,0.0914864553908507
40f,30,30,44,test,Exploits,top_minus_random,random_row,3,300,0.24089582294225692,,,,0.20858761659016214,0.27614535473287105
40f,30,30,44,test,Exploits,top_minus_random,random_row,5,300,0.3105263802409172,,,,0.27328843623151383,0.3462523202300072
40f,30,30,44,test,Exploits,top_minus_random,random_row,10,300,0.36097722351551054,,,,0.3271017101282875,0.3951738259245952
40f,30,30,44,test,Fuzzers,top,median,1,300,0.22287307679653168,0.2733333333333333,0.009532422758638859,0.7299835085868835,,
40f,30,30,44,test,Fuzzers,top,median,3,300,0.4099024832248688,0.6066666666666667,0.02217799797654152,0.7299835085868835,,
40f,30,30,44,test,Fuzzers,top,median,5,300,0.5549991130828857,0.8466666666666667,0.059010379016399384,0.7299835085868835,,
40f,30,30,44,test,Fuzzers,top,median,10,300,0.703698456287384,0.9966666666666667,0.3487679660320282,0.7299835085868835,,
40f,30,30,44,test,Fuzzers,least,median,1,300,0.012794735841453075,0.016666666666666666,0.005509959068149328,0.7299835085868835,,
40f,30,30,44,test,Fuzzers,least,median,3,300,0.043843235820531845,0.056666666666666664,0.007890386506915092,0.7299835085868835,,
40f,30,30,44,test,Fuzzers,least,median,5,300,0.08167481422424316,0.12,0.010007942095398903,0.7299835085868835,,
40f,30,30,44,test,Fuzzers,least,median,10,300,0.17291730642318726,0.29,0.018768347799777985,0.7299835085868835,,
40f,30,30,44,test,Fuzzers,random,median,1,300,0.04589858278632164,0.08333333333333333,0.007828365080058575,0.7299835085868835,,
40f,30,30,44,test,Fuzzers,random,median,3,300,0.1498727798461914,0.22,0.018538104370236397,0.7299835085868835,,
40f,30,30,44,test,Fuzzers,random,median,5,300,0.24201856553554535,0.38666666666666666,0.032466400414705276,0.7299835085868835,,
40f,30,30,44,test,Fuzzers,random,median,10,300,0.44027629494667053,0.6866666666666666,0.08613625168800354,0.7299835085868835,,
40f,30,30,44,test,Fuzzers,top,random_row,1,300,0.255683034658432,0.38,0.1760345846414566,0.7299835085868835,,
40f,30,30,44,test,Fuzzers,top,random_row,3,300,0.4838497042655945,0.7066666666666667,0.22927226126194,0.7299835085868835,,
40f,30,30,44,test,Fuzzers,top,random_row,5,300,0.5758798122406006,0.8366666666666667,0.2699863910675049,0.7299835085868835,,
40f,30,30,44,test,Fuzzers,top,random_row,10,300,0.6406484246253967,0.93,0.3754185438156128,0.7299835085868835,,
40f,30,30,44,test,Fuzzers,least,random_row,1,300,0.014786706306040287,0.03666666666666667,0.169010728597641,0.7299835085868835,,
40f,30,30,44,test,Fuzzers,least,random_row,3,300,0.049057427793741226,0.09666666666666666,0.17277756333351135,0.7299835085868835,,
40f,30,30,44,test,Fuzzers,least,random_row,5,300,0.08312241733074188,0.15,0.17219291627407074,0.7299835085868835,,
40f,30,30,44,test,Fuzzers,least,random_row,10,300,0.16901469230651855,0.2866666666666667,0.16859924793243408,0.7299835085868835,,
40f,30,30,44,test,Fuzzers,random,random_row,1,300,0.060050640255212784,0.1,0.1646132618188858,0.7299835085868835,,
40f,30,30,44,test,Fuzzers,random,random_row,3,300,0.15955877304077148,0.23666666666666666,0.16095802187919617,0.7299835085868835,,
40f,30,30,44,test,Fuzzers,random,random_row,5,300,0.26505085825920105,0.38333333333333336,0.17298786342144012,0.7299835085868835,,
40f,30,30,44,test,Fuzzers,random,random_row,10,300,0.4336296021938324,0.66,0.19626034796237946,0.7299835085868835,,
40f,30,30,44,test,Fuzzers,top_minus_random,median,1,300,0.17697450111309687,,,,0.14661980644613506,0.20899163947254418
40f,30,30,44,test,Fuzzers,top_minus_random,median,3,300,0.260029732187589,,,,0.2230255282620589,0.29233116975923384
40f,30,30,44,test,Fuzzers,top_minus_random,median,5,300,0.3129805380105972,,,,0.2825447706828515,0.3477117829496662
40f,30,30,44,test,Fuzzers,top_minus_random,median,10,300,0.26342219521601995,,,,0.23745362961788974,0.29011087569097677
40f,30,30,44,test,Fuzzers,top_minus_random,random_row,1,300,0.1956323876976967,,,,0.162648931235075,0.2268392213185628
40f,30,30,44,test,Fuzzers,top_minus_random,random_row,3,300,0.3242909160256386,,,,0.2920768114253879,0.35575134609639647
40f,30,30,44,test,Fuzzers,top_minus_random,random_row,5,300,0.3108289156357447,,,,0.27997357232123615,0.344468422241509
40f,30,30,44,test,Fuzzers,top_minus_random,random_row,10,300,0.20701883008082708,,,,0.18207983713348708,0.23570893938839435
40f,30,30,44,test,Generic,top,median,1,300,0.08963894098997116,0.056666666666666664,0.004906103014945984,0.9806479811668396,,
40f,30,30,44,test,Generic,top,median,3,300,0.877968966960907,1.0,0.3502422273159027,0.9806479811668396,,
40f,30,30,44,test,Generic,top,median,5,300,0.9748545289039612,1.0,0.8197129964828491,0.9806479811668396,,
40f,30,30,44,test,Generic,top,median,10,300,0.979386568069458,1.0,0.942002534866333,0.9806479811668396,,
40f,30,30,44,test,Generic,least,median,1,300,0.000757275614887476,0.0,0.0020532640628516674,0.9806479811668396,,
40f,30,30,44,test,Generic,least,median,3,300,0.0033839019015431404,0.0,0.0032367627136409283,0.9806479811668396,,
40f,30,30,44,test,Generic,least,median,5,300,0.0046294499188661575,0.006666666666666667,0.0037800027057528496,0.9806479811668396,,
40f,30,30,44,test,Generic,least,median,10,300,0.015002338215708733,0.02,0.0045498935505747795,0.9806479811668396,,
40f,30,30,44,test,Generic,random,median,1,300,0.030466636642813683,0.013333333333333334,0.002817025873810053,0.9806479811668396,,
40f,30,30,44,test,Generic,random,median,3,300,0.09409638494253159,0.056666666666666664,0.0059380363672971725,0.9806479811668396,,
40f,30,30,44,test,Generic,random,median,5,300,0.18151521682739258,0.12333333333333334,0.011869585141539574,0.9806479811668396,,
40f,30,30,44,test,Generic,random,median,10,300,0.5071176290512085,0.4533333333333333,0.06136767193675041,0.9806479811668396,,
40f,30,30,44,test,Generic,top,random_row,1,300,0.08741510659456253,0.06,0.03394009917974472,0.9806479811668396,,
40f,30,30,44,test,Generic,top,random_row,3,300,0.760911762714386,0.7966666666666666,0.2767619788646698,0.9806479811668396,,
40f,30,30,44,test,Generic,top,random_row,5,300,0.9290183782577515,0.97,0.7195817232131958,0.9806479811668396,,
40f,30,30,44,test,Generic,top,random_row,10,300,0.9475123882293701,0.9733333333333334,0.9159536957740784,0.9806479811668396,,
40f,30,30,44,test,Generic,least,random_row,1,300,0.0008217322756536305,0.0,0.034990906715393066,0.9806479811668396,,
40f,30,30,44,test,Generic,least,random_row,3,300,0.0027826058212667704,0.0,0.035219985991716385,0.9806479811668396,,
40f,30,30,44,test,Generic,least,random_row,5,300,0.0049288044683635235,0.0033333333333333335,0.035591546446084976,0.9806479811668396,,
40f,30,30,44,test,Generic,least,random_row,10,300,0.015718625858426094,0.02,0.03821785748004913,0.9806479811668396,,
40f,30,30,44,test,Generic,random,random_row,1,300,0.023991962894797325,0.006666666666666667,0.03763469681143761,0.9806479811668396,,
40f,30,30,44,test,Generic,random,random_row,3,300,0.0780220702290535,0.05,0.04187781363725662,0.9806479811668396,,
40f,30,30,44,test,Generic,random,random_row,5,300,0.1612464338541031,0.11666666666666667,0.049668725579977036,0.9806479811668396,,
40f,30,30,44,test,Generic,random,random_row,10,300,0.445253849029541,0.4066666666666667,0.10700571537017822,0.9806479811668396,,
40f,30,30,44,test,Generic,top_minus_random,median,1,300,0.05917229284842809,,,,0.0438074161807696,0.07575546363989512
40f,30,30,44,test,Generic,top_minus_random,median,3,300,0.783872614701589,,,,0.7591845749691128,0.8105898096511761
40f,30,30,44,test,Generic,top_minus_random,median,5,300,0.7933393920461337,,,,0.7599423321733872,0.8262832522168756
40f,30,30,44,test,Generic,top_minus_random,median,10,300,0.4722689175605774,,,,0.4276949605445067,0.511909299413363
40f,30,30,44,test,Generic,top_minus_random,random_row,1,300,0.06342313905556997,,,,0.04963421870023013,0.08066364760696887
40f,30,30,44,test,Generic,top_minus_random,random_row,3,300,0.6828896724184355,,,,0.6499780856470267,0.7159511667142312
40f,30,30,44,test,Generic,top_minus_random,random_row,5,300,0.7677720131476721,,,,0.7311066406990091,0.8019463779578606
40f,30,30,44,test,Generic,top_minus_random,random_row,10,300,0.5022585285703342,,,,0.45892331692328053,0.5453751360128323
40f,30,30,44,test,Normal,top,median,1,300,0.07412484288215637,0.04,0.9177591800689697,0.9353111982345581,,
40f,30,30,44,test,Normal,top,median,3,300,0.14539861679077148,0.17666666666666667,0.9240728616714478,0.9353111982345581,,
40f,30,30,44,test,Normal,top,median,5,300,0.20276539027690887,0.17333333333333334,0.9219570159912109,0.9353111982345581,,
40f,30,30,44,test,Normal,top,median,10,300,0.31797710061073303,0.3933333333333333,0.9466477632522583,0.9353111982345581,,
40f,30,30,44,test,Normal,least,median,1,300,0.002070410642772913,0.0033333333333333335,0.8590570092201233,0.9353111982345581,,
40f,30,30,44,test,Normal,least,median,3,300,0.007486251182854176,0.016666666666666666,0.8385836482048035,0.9353111982345581,,
40f,30,30,44,test,Normal,least,median,5,300,0.0070854355581104755,0.01,0.8025282025337219,0.9353111982345581,,
40f,30,30,44,test,Normal,least,median,10,300,0.016065126284956932,0.04,0.7426598072052002,0.9353111982345581,,
40f,30,30,44,test,Normal,random,median,1,300,0.0033995104022324085,0.013333333333333334,0.847666323184967,0.9353111982345581,,
40f,30,30,44,test,Normal,random,median,3,300,0.016165949404239655,0.03,0.8162010312080383,0.9353111982345581,,
40f,30,30,44,test,Normal,random,median,5,300,0.03570221737027168,0.04666666666666667,0.8021361231803894,0.9353111982345581,,
40f,30,30,44,test,Normal,random,median,10,300,0.07620804011821747,0.08,0.7833271026611328,0.9353111982345581,,
40f,30,30,44,test,Normal,top,random_row,1,300,0.09994208067655563,0.08333333333333333,0.513935387134552,0.9353111982345581,,
40f,30,30,44,test,Normal,top,random_row,3,300,0.3279074430465698,0.4066666666666667,0.7213324904441833,0.9353111982345581,,
40f,30,30,44,test,Normal,top,random_row,5,300,0.4492946267127991,0.5,0.7563764452934265,0.9353111982345581,,
40f,30,30,44,test,Normal,top,random_row,10,300,0.5986618399620056,0.67,0.8585261106491089,0.9353111982345581,,
40f,30,30,44,test,Normal,least,random_row,1,300,0.0010395798599347472,0.0,0.45369282364845276,0.9353111982345581,,
40f,30,30,44,test,Normal,least,random_row,3,300,0.008661014027893543,0.03333333333333333,0.4497417211532593,0.9353111982345581,,
40f,30,30,44,test,Normal,least,random_row,5,300,0.012209764681756496,0.02666666666666667,0.45069050788879395,0.9353111982345581,,
40f,30,30,44,test,Normal,least,random_row,10,300,0.03250489383935928,0.06,0.43772298097610474,0.9353111982345581,,
40f,30,30,44,test,Normal,random,random_row,1,300,0.012331060133874416,0.03333333333333333,0.45896264910697937,0.9353111982345581,,
40f,30,30,44,test,Normal,random,random_row,3,300,0.0398678258061409,0.07666666666666666,0.46720582246780396,0.9353111982345581,,
40f,30,30,44,test,Normal,random,random_row,5,300,0.07446731626987457,0.11333333333333333,0.4802749752998352,0.9353111982345581,,
40f,30,30,44,test,Normal,random,random_row,10,300,0.157780259847641,0.19,0.5369347929954529,0.9353111982345581,,
40f,30,30,44,test,Normal,top_minus_random,median,1,300,0.07072533994913101,,,,0.05347704651455085,0.08628083176910878
40f,30,30,44,test,Normal,top_minus_random,median,3,300,0.1292326612273852,,,,0.10541005598256985,0.15385406676431498
40f,30,30,44,test,Normal,top_minus_random,median,5,300,0.1670631832877795,,,,0.14280501559128364,0.19001603314528862
40f,30,30,44,test,Normal,top_minus_random,median,10,300,0.24176907479763032,,,,0.21403346021225056,0.2705209538092216
40f,30,30,44,test,Normal,top_minus_random,random_row,1,300,0.08761101474364598,,,,0.06689692055682342,0.11025886996338763
40f,30,30,44,test,Normal,top_minus_random,random_row,3,300,0.28803960253794986,,,,0.24933991858114798,0.32705592787265775
40f,30,30,44,test,Normal,top_minus_random,random_row,5,300,0.3748273073633512,,,,0.33271585674832266,0.4142320169433951
40f,30,30,44,test,Normal,top_minus_random,random_row,10,300,0.44088161120812097,,,,0.3990082990353306,0.48180170959979296
40f,30,30,44,test,Overlap-Group-1,top,median,1,300,0.18644796311855316,0.23666666666666666,0.4281342029571533,0.6212850213050842,,
40f,30,30,44,test,Overlap-Group-1,top,median,3,300,0.498358815908432,0.98,0.5101698637008667,0.6212850213050842,,
40f,30,30,44,test,Overlap-Group-1,top,median,5,300,0.5562595725059509,0.99,0.5483579635620117,0.6212850213050842,,
40f,30,30,44,test,Overlap-Group-1,top,median,10,300,0.5646561980247498,0.9933333333333333,0.5821983218193054,0.6212850213050842,,
40f,30,30,44,test,Overlap-Group-1,least,median,1,300,-0.0031779890414327383,0.0,0.04985446855425835,0.6212850213050842,,
40f,30,30,44,test,Overlap-Group-1,least,median,3,300,-0.01055330503731966,0.0033333333333333335,0.07090045511722565,0.6212850213050842,,
40f,30,30,44,test,Overlap-Group-1,least,median,5,300,-0.014571120031177998,0.01,0.08268705010414124,0.6212850213050842,,
40f,30,30,44,test,Overlap-Group-1,least,median,10,300,-0.06603914499282837,0.02666666666666667,0.14524203538894653,0.6212850213050842,,
40f,30,30,44,test,Overlap-Group-1,random,median,1,300,0.019142115488648415,0.04,0.07277826964855194,0.6212850213050842,,
40f,30,30,44,test,Overlap-Group-1,random,median,3,300,0.05472647398710251,0.11333333333333333,0.13441628217697144,0.6212850213050842,,
40f,30,30,44,test,Overlap-Group-1,random,median,5,300,0.09294018149375916,0.18333333333333332,0.17482560873031616,0.6212850213050842,,
40f,30,30,44,test,Overlap-Group-1,random,median,10,300,0.18941660225391388,0.35333333333333333,0.2819892466068268,0.6212850213050842,,
40f,30,30,44,test,Overlap-Group-1,top,random_row,1,300,0.16911892592906952,0.20333333333333334,0.1463421732187271,0.6212850213050842,,
40f,30,30,44,test,Overlap-Group-1,top,random_row,3,300,0.4550471901893616,0.8533333333333334,0.2440188080072403,0.6212850213050842,,
40f,30,30,44,test,Overlap-Group-1,top,random_row,5,300,0.5282576084136963,0.9333333333333333,0.3412230908870697,0.6212850213050842,,
40f,30,30,44,test,Overlap-Group-1,top,random_row,10,300,0.5714205503463745,0.9666666666666667,0.5043744444847107,0.6212850213050842,,
40f,30,30,44,test,Overlap-Group-1,least,random_row,1,300,5.679239984601736e-05,0.0,0.08269547671079636,0.6212850213050842,,
40f,30,30,44,test,Overlap-Group-1,least,random_row,3,300,-0.015119772404432297,0.006666666666666667,0.08236709237098694,0.6212850213050842,,
40f,30,30,44,test,Overlap-Group-1,least,random_row,5,300,-0.019953008741140366,0.023333333333333334,0.08496129512786865,0.6212850213050842,,
40f,30,30,44,test,Overlap-Group-1,least,random_row,10,300,-0.011423198506236076,0.06333333333333334,0.08341582119464874,0.6212850213050842,,
40f,30,30,44,test,Overlap-Group-1,random,random_row,1,300,0.03159337118268013,0.056666666666666664,0.08896716684103012,0.6212850213050842,,
40f,30,30,44,test,Overlap-Group-1,random,random_row,3,300,0.07652565091848373,0.16333333333333333,0.10350551456212997,0.6212850213050842,,
40f,30,30,44,test,Overlap-Group-1,random,random_row,5,300,0.12172240018844604,0.27,0.11878051608800888,0.6212850213050842,,
40f,30,30,44,test,Overlap-Group-1,random,random_row,10,300,0.24277648329734802,0.4766666666666667,0.1759440302848816,0.6212850213050842,,
40f,30,30,44,test,Overlap-Group-1,top_minus_random,median,1,300,0.16730585287014643,,,,0.1504070454463363,0.18619549847145875
40f,30,30,44,test,Overlap-Group-1,top_minus_random,median,3,300,0.44363237529993055,,,,0.4245615451683601,0.46478967127700643
40f,30,30,44,test,Overlap-Group-1,top_minus_random,median,5,300,0.46331936796506246,,,,0.4423339681228002,0.48485437235981227
40f,30,30,44,test,Overlap-Group-1,top_minus_random,median,10,300,0.37523956537246705,,,,0.3500662340869506,0.4008387416998545
40f,30,30,44,test,Overlap-Group-1,top_minus_random,random_row,1,300,0.13752556423346202,,,,0.11918206913024187,0.15636272419492403
40f,30,30,44,test,Overlap-Group-1,top_minus_random,random_row,3,300,0.37852159212032954,,,,0.3551683450639248,0.4043356007238229
40f,30,30,44,test,Overlap-Group-1,top_minus_random,random_row,5,300,0.4065351818998655,,,,0.3817486620644729,0.43071647446850936
40f,30,30,44,test,Overlap-Group-1,top_minus_random,random_row,10,300,0.32864406396945317,,,,0.3039878769665957,0.3536307620281975
40f,30,30,44,test,Reconnaissance,top,median,1,300,0.6149870753288269,0.44333333333333336,0.0456622876226902,0.9193397760391235,,
40f,30,30,44,test,Reconnaissance,top,median,3,300,0.8899072408676147,1.0,0.42340126633644104,0.9193397760391235,,
40f,30,30,44,test,Reconnaissance,top,median,5,300,0.9076428413391113,1.0,0.7810649871826172,0.9193397760391235,,
40f,30,30,44,test,Reconnaissance,top,median,10,300,0.9085962176322937,1.0,0.8800764679908752,0.9193397760391235,,
40f,30,30,44,test,Reconnaissance,least,median,1,300,0.00014927178563084453,0.0,0.004248308017849922,0.9193397760391235,,
40f,30,30,44,test,Reconnaissance,least,median,3,300,-0.00028799334540963173,0.0,0.004701655823737383,0.9193397760391235,,
40f,30,30,44,test,Reconnaissance,least,median,5,300,0.004062762949615717,0.016666666666666666,0.005225582979619503,0.9193397760391235,,
40f,30,30,44,test,Reconnaissance,least,median,10,300,0.012837777845561504,0.03,0.009491576813161373,0.9193397760391235,,
40f,30,30,44,test,Reconnaissance,random,median,1,300,0.046021804213523865,0.056666666666666664,0.007108864840120077,0.9193397760391235,,
40f,30,30,44,test,Reconnaissance,random,median,3,300,0.15413996577262878,0.15666666666666668,0.01829800009727478,0.9193397760391235,,
40f,30,30,44,test,Reconnaissance,random,median,5,300,0.2605920135974884,0.26666666666666666,0.037489380687475204,0.9193397760391235,,
40f,30,30,44,test,Reconnaissance,random,median,10,300,0.5059160590171814,0.5166666666666667,0.08703401684761047,0.9193397760391235,,
40f,30,30,44,test,Reconnaissance,top,random_row,1,300,0.5998810529708862,0.5866666666666667,0.07736542075872421,0.9193397760391235,,
40f,30,30,44,test,Reconnaissance,top,random_row,3,300,0.8533716797828674,0.9766666666666667,0.14310698211193085,0.9193397760391235,,
40f,30,30,44,test,Reconnaissance,top,random_row,5,300,0.8819966912269592,0.9766666666666667,0.27733486890792847,0.9193397760391235,,
40f,30,30,44,test,Reconnaissance,top,random_row,10,300,0.8903566598892212,0.9766666666666667,0.4794473350048065,0.9193397760391235,,
40f,30,30,44,test,Reconnaissance,least,random_row,1,300,0.004297731909900904,0.006666666666666667,0.05765270069241524,0.9193397760391235,,
40f,30,30,44,test,Reconnaissance,least,random_row,3,300,0.01712014526128769,0.03666666666666667,0.05788156017661095,0.9193397760391235,,
40f,30,30,44,test,Reconnaissance,least,random_row,5,300,0.027287788689136505,0.04666666666666667,0.05922152101993561,0.9193397760391235,,
40f,30,30,44,test,Reconnaissance,least,random_row,10,300,0.07812681049108505,0.11333333333333333,0.0558171346783638,0.9193397760391235,,
40f,30,30,44,test,Reconnaissance,random,random_row,1,300,0.0638454258441925,0.08333333333333333,0.058212075382471085,0.9193397760391235,,
40f,30,30,44,test,Reconnaissance,random,random_row,3,300,0.21263130009174347,0.23,0.058911051601171494,0.9193397760391235,,
40f,30,30,44,test,Reconnaissance,random,random_row,5,300,0.3402555286884308,0.35333333333333333,0.06424696743488312,0.9193397760391235,,
40f,30,30,44,test,Reconnaissance,random,random_row,10,300,0.6030476093292236,0.63,0.08325663208961487,0.9193397760391235,,
40f,30,30,44,test,Reconnaissance,top_minus_random,median,1,300,0.5689653051892917,,,,0.5493714476823807,0.5873102175270518
40f,30,30,44,test,Reconnaissance,top_minus_random,median,3,300,0.7357672010858853,,,,0.7010097789987921,0.7690454324881236
40f,30,30,44,test,Reconnaissance,top_minus_random,median,5,300,0.6470507351557414,,,,0.6084976594770948,0.6885582116221388
40f,30,30,44,test,Reconnaissance,top_minus_random,median,10,300,0.4026801801721255,,,,0.3629847562288244,0.44486673455437026
40f,30,30,44,test,Reconnaissance,top_minus_random,random_row,1,300,0.5360356171925863,,,,0.5012637825906276,0.569623342956106
40f,30,30,44,test,Reconnaissance,top_minus_random,random_row,3,300,0.6407404014468193,,,,0.6013019327372313,0.6775363675480087
40f,30,30,44,test,Reconnaissance,top_minus_random,random_row,5,300,0.5417412287990252,,,,0.49812130085378886,0.5856537103181083
40f,30,30,44,test,Reconnaissance,top_minus_random,random_row,10,300,0.28730908115704856,,,,0.24893185306340457,0.3266052724470695
40f,30,30,44,test,Unknown,top,median,1,200,0.12319944053888321,0.575,0.2677917778491974,0.4547717571258545,,
40f,30,30,44,test,Unknown,top,median,3,200,0.26026272773742676,0.94,0.30892547965049744,0.4547717571258545,,
40f,30,30,44,test,Unknown,top,median,5,200,0.3294008672237396,0.975,0.38046643137931824,0.4547717571258545,,
40f,30,30,44,test,Unknown,top,median,10,200,0.3810259997844696,0.985,0.4937647879123688,0.4547717571258545,,
40f,30,30,44,test,Unknown,least,median,1,200,0.009094532579183578,0.105,0.23460383713245392,0.4547717571258545,,
40f,30,30,44,test,Unknown,least,median,3,200,0.0445886105298996,0.35,0.2297736555337906,0.4547717571258545,,
40f,30,30,44,test,Unknown,least,median,5,200,0.06081534922122955,0.425,0.22900794446468353,0.4547717571258545,,
40f,30,30,44,test,Unknown,least,median,10,200,0.0995432436466217,0.53,0.23859703540802002,0.4547717571258545,,
40f,30,30,44,test,Unknown,random,median,1,200,0.018312936648726463,0.225,0.2342308759689331,0.4547717571258545,,
40f,30,30,44,test,Unknown,random,median,3,200,0.03298318013548851,0.355,0.22932302951812744,0.4547717571258545,,
40f,30,30,44,test,Unknown,random,median,5,200,0.062449075281620026,0.455,0.22436250746250153,0.4547717571258545,,
40f,30,30,44,test,Unknown,random,median,10,200,0.11537506431341171,0.58,0.2286261022090912,0.4547717571258545,,
40f,30,30,44,test,Unknown,top,random_row,1,200,0.15788663923740387,0.58,0.21497809886932373,0.4547717571258545,,
40f,30,30,44,test,Unknown,top,random_row,3,200,0.28501564264297485,0.87,0.25265294313430786,0.4547717571258545,,
40f,30,30,44,test,Unknown,top,random_row,5,200,0.3257051706314087,0.905,0.2924923598766327,0.4547717571258545,,
40f,30,30,44,test,Unknown,top,random_row,10,200,0.3552834391593933,0.915,0.40041613578796387,0.4547717571258545,,
40f,30,30,44,test,Unknown,least,random_row,1,200,0.0011189007200300694,0.12,0.19897903501987457,0.4547717571258545,,
40f,30,30,44,test,Unknown,least,random_row,3,200,0.025583971291780472,0.3,0.20248568058013916,0.4547717571258545,,
40f,30,30,44,test,Unknown,least,random_row,5,200,0.04318131506443024,0.38,0.2038024514913559,0.4547717571258545,,
40f,30,30,44,test,Unknown,least,random_row,10,200,0.0852598175406456,0.51,0.20803996920585632,0.4547717571258545,,
40f,30,30,44,test,Unknown,random,random_row,1,200,0.03837791457772255,0.265,0.2031753957271576,0.4547717571258545,,
40f,30,30,44,test,Unknown,random,random_row,3,200,0.0674220398068428,0.405,0.21696971356868744,0.4547717571258545,,
40f,30,30,44,test,Unknown,random,random_row,5,200,0.1102418527007103,0.54,0.21908977627754211,0.4547717571258545,,
40f,30,30,44,test,Unknown,random,random_row,10,200,0.17153185606002808,0.69,0.23338176310062408,0.4547717571258545,,
40f,30,30,44,test,Unknown,top_minus_random,median,1,200,0.10488651439547539,,,,0.082024498693645,0.12869850604236124
40f,30,30,44,test,Unknown,top_minus_random,median,3,200,0.22727954745292664,,,,0.20322647193074228,0.25237442035414276
40f,30,30,44,test,Unknown,top_minus_random,median,5,200,0.26695177391171454,,,,0.23912007573246957,0.29317472302541137
40f,30,30,44,test,Unknown,top_minus_random,median,10,200,0.26565097451210024,,,,0.22979097220860425,0.30070274498686195
40f,30,30,44,test,Unknown,top_minus_random,random_row,1,200,0.11950872279703617,,,,0.08975042212940752,0.14726936240680513
40f,30,30,44,test,Unknown,top_minus_random,random_row,3,200,0.21759360253810883,,,,0.1888025874532759,0.24655063861608503
40f,30,30,44,test,Unknown,top_minus_random,random_row,5,200,0.21546331614255906,,,,0.183915455352515,0.24676189861446615
40f,30,30,44,test,Unknown,top_minus_random,random_row,10,200,0.1837515912950039,,,,0.14939296764694154,0.21632385730184614
40f,30,30,44,validation,all,top,median,1,2000,0.21372510492801666,0.24,0.25380823016166687,0.8134391903877258,,
40f,30,30,44,validation,all,top,median,3,2000,0.4983339309692383,0.71,0.4324120879173279,0.8134391903877258,,
40f,30,30,44,validation,all,top,median,5,2000,0.5920313000679016,0.8035,0.61825031042099,0.8134391903877258,,
40f,30,30,44,validation,all,top,median,10,2000,0.6568233370780945,0.881,0.7394387125968933,0.8134391903877258,,
40f,30,30,44,validation,all,least,median,1,2000,0.0007357312133535743,0.0125,0.1671052873134613,0.8134391903877258,,
40f,30,30,44,validation,all,least,median,3,2000,0.0051535372622311115,0.033,0.17012356221675873,0.8134391903877258,,
40f,30,30,44,validation,all,least,median,5,2000,0.013852737843990326,0.056,0.17087601125240326,0.8134391903877258,,
40f,30,30,44,validation,all,least,median,10,2000,0.025771358981728554,0.1,0.18221157789230347,0.8134391903877258,,
40f,30,30,44,validation,all,random,median,1,2000,0.02714693918824196,0.0525,0.17523735761642456,0.8134391903877258,,
40f,30,30,44,validation,all,random,median,3,2000,0.08591120690107346,0.139,0.1956682801246643,0.8134391903877258,,
40f,30,30,44,validation,all,random,median,5,2000,0.14644290506839752,0.206,0.2142990678548813,0.8134391903877258,,
40f,30,30,44,validation,all,random,median,10,2000,0.30523884296417236,0.404,0.2769137918949127,0.8134391903877258,,
40f,30,30,44,validation,all,top,random_row,1,2000,0.2024385780096054,0.2565,0.20431271195411682,0.8134391903877258,,
40f,30,30,44,validation,all,top,random_row,3,2000,0.4967714846134186,0.679,0.3428880572319031,0.8134391903877258,,
40f,30,30,44,validation,all,top,random_row,5,2000,0.5954363346099854,0.778,0.46953868865966797,0.8134391903877258,,
40f,30,30,44,validation,all,top,random_row,10,2000,0.672433614730835,0.859,0.6315715312957764,0.8134391903877258,,
40f,30,30,44,validation,all,least,random_row,1,2000,0.001859192969277501,0.0125,0.17176789045333862,0.8134391903877258,,
40f,30,30,44,validation,all,least,random_row,3,2000,0.007040365133434534,0.0375,0.17198611795902252,0.8134391903877258,,
40f,30,30,44,validation,all,least,random_row,5,2000,0.013379630632698536,0.0575,0.1724526733160019,0.8134391903877258,,
40f,30,30,44,validation,all,least,random_row,10,2000,0.04645618796348572,0.132,0.17350207269191742,0.8134391903877258,,
40f,30,30,44,validation,all,random,random_row,1,2000,0.03006729856133461,0.061,0.1759263128042221,0.8134391903877258,,
40f,30,30,44,validation,all,random,random_row,3,2000,0.09271202236413956,0.149,0.18586961925029755,0.8134391903877258,,
40f,30,30,44,validation,all,random,random_row,5,2000,0.16136084496974945,0.2355,0.19914929568767548,0.8134391903877258,,
40f,30,30,44,validation,all,random,random_row,10,2000,0.3178856074810028,0.4285,0.25014564394950867,0.8134391903877258,,
40f,30,30,44,validation,all,top_minus_random,median,1,2000,0.18657815390080212,,,,0.17498212486933917,0.19717642647307365
40f,30,30,44,validation,all,top_minus_random,median,3,2000,0.4124226904883981,,,,0.39770085545182227,0.4290050536600873
40f,30,30,44,validation,all,top_minus_random,median,5,2000,0.44558842016756534,,,,0.43038688500840216,0.46124296966847034
40f,30,30,44,validation,all,top_minus_random,median,10,2000,0.35158456483483314,,,,0.33666476116031413,0.36493240165617313
40f,30,30,44,validation,all,top_minus_random,random_row,1,2000,0.1723712865561247,,,,0.16017690280862154,0.18409870770834388
40f,30,30,44,validation,all,top_minus_random,random_row,3,2000,0.4040594912543893,,,,0.3887406024008989,0.4181981918491423
40f,30,30,44,validation,all,top_minus_random,random_row,5,2000,0.4340755043402314,,,,0.41940536060594025,0.4494806297879666
40f,30,30,44,validation,all,top_minus_random,random_row,10,2000,0.3545479415282607,,,,0.33836654538456346,0.36888197043538096
40f,30,30,44,validation,Exploits,top,median,1,300,0.13895383477210999,0.14333333333333334,0.03317253291606903,0.8727742433547974,,
40f,30,30,44,validation,Exploits,top,median,3,300,0.42046883702278137,0.5266666666666666,0.3278374671936035,0.8727742433547974,,
40f,30,30,44,validation,Exploits,top,median,5,300,0.6159006953239441,0.86,0.6013317108154297,0.8727742433547974,,
40f,30,30,44,validation,Exploits,top,median,10,300,0.7340036034584045,0.98,0.8266774415969849,0.8727742433547974,,
40f,30,30,44,validation,Exploits,least,median,1,300,0.00020994246006011963,0.0033333333333333335,0.08032718300819397,0.8727742433547974,,
40f,30,30,44,validation,Exploits,least,median,3,300,0.0003854834067169577,0.006666666666666667,0.0883152037858963,0.8727742433547974,,
40f,30,30,44,validation,Exploits,least,median,5,300,0.00843538623303175,0.013333333333333334,0.09818848222494125,0.8727742433547974,,
40f,30,30,44,validation,Exploits,least,median,10,300,0.014264896512031555,0.02,0.12717173993587494,0.8727742433547974,,
40f,30,30,44,validation,Exploits,random,median,1,300,0.03514157235622406,0.04,0.09917551279067993,0.8727742433547974,,
40f,30,30,44,validation,Exploits,random,median,3,300,0.11517288535833359,0.14333333333333334,0.15438306331634521,0.8727742433547974,,
40f,30,30,44,validation,Exploits,random,median,5,300,0.17325559258460999,0.17666666666666667,0.18346670269966125,0.8727742433547974,,
40f,30,30,44,validation,Exploits,random,median,10,300,0.3329513967037201,0.35333333333333333,0.2903588116168976,0.8727742433547974,,
40f,30,30,44,validation,Exploits,top,random_row,1,300,0.08912426978349686,0.1,0.25094515085220337,0.8727742433547974,,
40f,30,30,44,validation,Exploits,top,random_row,3,300,0.291935533285141,0.3333333333333333,0.378666490316391,0.8727742433547974,,
40f,30,30,44,validation,Exploits,top,random_row,5,300,0.4158756136894226,0.48333333333333334,0.4905964136123657,0.8727742433547974,,
40f,30,30,44,validation,Exploits,top,random_row,10,300,0.5863406658172607,0.6433333333333333,0.7278298735618591,0.8727742433547974,,
40f,30,30,44,validation,Exploits,least,random_row,1,300,0.00034705380676314235,0.0033333333333333335,0.17310188710689545,0.8727742433547974,,
40f,30,30,44,validation,Exploits,least,random_row,3,300,0.005866623017936945,0.013333333333333334,0.18002212047576904,0.8727742433547974,,
40f,30,30,44,validation,Exploits,least,random_row,5,300,0.010656040161848068,0.016666666666666666,0.19097988307476044,0.8727742433547974,,
40f,30,30,44,validation,Exploits,least,random_row,10,300,0.025411434471607208,0.03666666666666667,0.22360575199127197,0.8727742433547974,,
40f,30,30,44,validation,Exploits,random,random_row,1,300,0.016247790306806564,0.013333333333333334,0.1861477643251419,0.8727742433547974,,
40f,30,30,44,validation,Exploits,random,random_row,3,300,0.049074992537498474,0.05333333333333334,0.21365176141262054,0.8727742433547974,,
40f,30,30,44,validation,Exploits,random,random_row,5,300,0.08783642202615738,0.07666666666666666,0.24815979599952698,0.8727742433547974,,
40f,30,30,44,validation,Exploits,random,random_row,10,300,0.19779329001903534,0.18,0.373487651348114,0.8727742433547974,,
40f,30,30,44,validation,Exploits,top_minus_random,median,1,300,0.1038122629125913,,,,0.07764122376590966,0.12925604073206584
40f,30,30,44,validation,Exploits,top_minus_random,median,3,300,0.30529593368371327,,,,0.26838670040170354,0.34448175413906573
40f,30,30,44,validation,Exploits,top_minus_random,median,5,300,0.4426451055208842,,,,0.40781534915417433,0.48004568728059527
40f,30,30,44,validation,Exploits,top_minus_random,median,10,300,0.40105222672224045,,,,0.36649047214537855,0.4370997980882724
40f,30,30,44,validation,Exploits,top_minus_random,random_row,1,300,0.0728764804204305,,,,0.050057514103750395,0.0947380996644497
40f,30,30,44,validation,Exploits,top_minus_random,random_row,3,300,0.2428605340917905,,,,0.21170632515102625,0.2763678335845471
40f,30,30,44,validation,Exploits,top_minus_random,random_row,5,300,0.3280391666293144,,,,0.29616625268260643,0.3654588709125916
40f,30,30,44,validation,Exploits,top_minus_random,random_row,10,300,0.38854735126097995,,,,0.3536194193015496,0.4254279304072261
40f,30,30,44,validation,Fuzzers,top,median,1,300,0.23382996022701263,0.24666666666666667,0.009460482746362686,0.7564015984535217,,
40f,30,30,44,validation,Fuzzers,top,median,3,300,0.4080546498298645,0.5166666666666667,0.021328860893845558,0.7564015984535217,,
40f,30,30,44,validation,Fuzzers,top,median,5,300,0.5664825439453125,0.79,0.06524824351072311,0.7564015984535217,,
40f,30,30,44,validation,Fuzzers,top,median,10,300,0.7272371649742126,1.0,0.37475889921188354,0.7564015984535217,,
40f,30,30,44,validation,Fuzzers,least,median,1,300,0.011871833354234695,0.023333333333333334,0.00560374278575182,0.7564015984535217,,
40f,30,30,44,validation,Fuzzers,least,median,3,300,0.04416269809007645,0.07,0.007806071545928717,0.7564015984535217,,
40f,30,30,44,validation,Fuzzers,least,median,5,300,0.07345449179410934,0.10333333333333333,0.010765209794044495,0.7564015984535217,,
40f,30,30,44,validation,Fuzzers,least,median,10,300,0.16531488299369812,0.24,0.021714206784963608,0.7564015984535217,,
40f,30,30,44,validation,Fuzzers,random,median,1,300,0.06122519075870514,0.06333333333333334,0.007851021364331245,0.7564015984535217,,
40f,30,30,44,validation,Fuzzers,random,median,3,300,0.16141711175441742,0.22,0.017274366691708565,0.7564015984535217,,
40f,30,30,44,validation,Fuzzers,random,median,5,300,0.2531334459781647,0.3433333333333333,0.030866088345646858,0.7564015984535217,,
40f,30,30,44,validation,Fuzzers,random,median,10,300,0.44462427496910095,0.6433333333333333,0.08068366348743439,0.7564015984535217,,
40f,30,30,44,validation,Fuzzers,top,random_row,1,300,0.2809472382068634,0.35333333333333333,0.19376710057258606,0.7564015984535217,,
40f,30,30,44,validation,Fuzzers,top,random_row,3,300,0.5089563131332397,0.71,0.2358580082654953,0.7564015984535217,,
40f,30,30,44,validation,Fuzzers,top,random_row,5,300,0.6015558838844299,0.8233333333333334,0.26822489500045776,0.7564015984535217,,
40f,30,30,44,validation,Fuzzers,top,random_row,10,300,0.6625570058822632,0.9033333333333333,0.3696366250514984,0.7564015984535217,,
40f,30,30,44,validation,Fuzzers,least,random_row,1,300,0.012490004301071167,0.013333333333333334,0.18599800765514374,0.7564015984535217,,
40f,30,30,44,validation,Fuzzers,least,random_row,3,300,0.042774803936481476,0.05333333333333334,0.1865340620279312,0.7564015984535217,,
40f,30,30,44,validation,Fuzzers,least,random_row,5,300,0.06779985874891281,0.08333333333333333,0.1859498918056488,0.7564015984535217,,
40f,30,30,44,validation,Fuzzers,least,random_row,10,300,0.16847369074821472,0.26,0.17564013600349426,0.7564015984535217,,
40f,30,30,44,validation,Fuzzers,random,random_row,1,300,0.0705341175198555,0.1,0.18358778953552246,0.7564015984535217,,
40f,30,30,44,validation,Fuzzers,random,random_row,3,300,0.1939409375190735,0.28,0.18320544064044952,0.7564015984535217,,
40f,30,30,44,validation,Fuzzers,random,random_row,5,300,0.28953099250793457,0.41333333333333333,0.18359795212745667,0.7564015984535217,,
40f,30,30,44,validation,Fuzzers,random,random_row,10,300,0.44601792097091675,0.6533333333333333,0.18368612229824066,0.7564015984535217,,
40f,30,30,44,validation,Fuzzers,top_minus_random,median,1,300,0.17260474840799966,,,,0.1435777424996098,0.2013099652156234
40f,30,30,44,validation,Fuzzers,top_minus_random,median,3,300,0.24663753767808277,,,,0.21344594480345647,0.2822909074102839
40f,30,30,44,validation,Fuzzers,top_minus_random,median,5,300,0.3133491117755572,,,,0.27983588193356995,0.3450960542534789
40f,30,30,44,validation,Fuzzers,top_minus_random,median,10,300,0.28261286785205203,,,,0.2547364185055097,0.3123130613143245
40f,30,30,44,validation,Fuzzers,top_minus_random,random_row,1,300,0.2104131081700325,,,,0.17608319566895564,0.24737149604658287
40f,30,30,44,validation,Fuzzers,top_minus_random,random_row,3,300,0.31501537720362344,,,,0.28086859790980817,0.35211005473881957
40f,30,30,44,validation,Fuzzers,top_minus_random,random_row,5,300,0.31202484170595807,,,,0.278210618014137,0.3446169217874607
40f,30,30,44,validation,Fuzzers,top_minus_random,random_row,10,300,0.21653909593820572,,,,0.18691457723081112,0.2457713114271561
40f,30,30,44,validation,Generic,top,median,1,300,0.06539034843444824,0.056666666666666664,0.004984807688742876,0.9811397194862366,,
40f,30,30,44,validation,Generic,top,median,3,300,0.8268946409225464,1.0,0.40416452288627625,0.9811397194862366,,
40f,30,30,44,validation,Generic,top,median,5,300,0.9756210446357727,1.0,0.8623350262641907,0.9811397194862366,,
40f,30,30,44,validation,Generic,top,median,10,300,0.9798899292945862,1.0,0.9442774653434753,0.9811397194862366,,
40f,30,30,44,validation,Generic,least,median,1,300,0.0004018072213511914,0.0,0.0020013893954455853,0.9811397194862366,,
40f,30,30,44,validation,Generic,least,median,3,300,0.0022741055581718683,0.0033333333333333335,0.003252682276070118,0.9811397194862366,,
40f,30,30,44,validation,Generic,least,median,5,300,0.0037795202806591988,0.0033333333333333335,0.00378547515720129,0.9811397194862366,,
40f,30,30,44,validation,Generic,least,median,10,300,0.015186860226094723,0.016666666666666666,0.004839375615119934,0.9811397194862366,,
40f,30,30,44,validation,Generic,random,median,1,300,0.014898567460477352,0.006666666666666667,0.003017197363078594,0.9811397194862366,,
40f,30,30,44,validation,Generic,random,median,3,300,0.06483674049377441,0.056666666666666664,0.005841644015163183,0.9811397194862366,,
40f,30,30,44,validation,Generic,random,median,5,300,0.14982783794403076,0.11,0.011854905635118484,0.9811397194862366,,
40f,30,30,44,validation,Generic,random,median,10,300,0.45514240860939026,0.41,0.06402179598808289,0.9811397194862366,,
40f,30,30,44,validation,Generic,top,random_row,1,300,0.06300993263721466,0.05,0.042245909571647644,0.9811397194862366,,
40f,30,30,44,validation,Generic,top,random_row,3,300,0.7337682843208313,0.7733333333333333,0.326854407787323,0.9811397194862366,,
40f,30,30,44,validation,Generic,top,random_row,5,300,0.9295498728752136,0.9733333333333334,0.7693167924880981,0.9811397194862366,,
40f,30,30,44,validation,Generic,top,random_row,10,300,0.9478957056999207,0.9733333333333334,0.9233935475349426,0.9811397194862366,,
40f,30,30,44,validation,Generic,least,random_row,1,300,-5.351235449779779e-05,0.0,0.04362671449780464,0.9811397194862366,,
40f,30,30,44,validation,Generic,least,random_row,3,300,0.002372466027736664,0.0,0.04159848019480705,0.9811397194862366,,
40f,30,30,44,validation,Generic,least,random_row,5,300,0.004705196246504784,0.0,0.04235328733921051,0.9811397194862366,,
40f,30,30,44,validation,Generic,least,random_row,10,300,0.016601674258708954,0.02666666666666667,0.04346465691924095,0.9811397194862366,,
40f,30,30,44,validation,Generic,random,random_row,1,300,0.008171883411705494,0.0,0.04557549208402634,0.9811397194862366,,
40f,30,30,44,validation,Generic,random,random_row,3,300,0.047272585332393646,0.02666666666666667,0.04828683286905289,0.9811397194862366,,
40f,30,30,44,validation,Generic,random,random_row,5,300,0.1272081732749939,0.09666666666666666,0.05706554278731346,0.9811397194862366,,
40f,30,30,44,validation,Generic,random,random_row,10,300,0.3971492648124695,0.3466666666666667,0.11158259212970734,0.9811397194862366,,
40f,30,30,44,validation,Generic,top_minus_random,median,1,300,0.05049177398284276,,,,0.03634834012140831,0.06740614089369773
40f,30,30,44,validation,Generic,top_minus_random,median,3,300,0.7620578882098198,,,,0.7383474769294261,0.7824773925269642
40f,30,30,44,validation,Generic,top_minus_random,median,5,300,0.8257932299375534,,,,0.7960440081308285,0.8576515837833285
40f,30,30,44,validation,Generic,top_minus_random,median,10,300,0.5247474619746209,,,,0.4799409941633543,0.5644771742150188
40f,30,30,44,validation,Generic,top_minus_random,random_row,1,300,0.054838058352470395,,,,0.03927387344837189,0.07214276278515656
40f,30,30,44,validation,Generic,top_minus_random,random_row,3,300,0.6864956787228584,,,,0.6579880868941546,0.7131898072858651
40f,30,30,44,validation,Generic,top_minus_random,random_row,5,300,0.8023417525490125,,,,0.7703213195875287,0.8318434872478248
40f,30,30,44,validation,Generic,top_minus_random,random_row,10,300,0.5507465556263924,,,,0.5077493826995293,0.592311117661496
40f,30,30,44,validation,Normal,top,median,1,300,0.06993452459573746,0.02,0.9574049711227417,0.9862086176872253,,
40f,30,30,44,validation,Normal,top,median,3,300,0.11188257485628128,0.10666666666666667,0.968022882938385,0.9862086176872253,,
40f,30,30,44,validation,Normal,top,median,5,300,0.1302991509437561,0.07333333333333333,0.9752902984619141,0.9862086176872253,,
40f,30,30,44,validation,Normal,top,median,10,300,0.24624256789684296,0.23,0.9905182123184204,0.9862086176872253,,
40f,30,30,44,validation,Normal,least,median,1,300,-0.0013372641988098621,0.0,0.8545955419540405,0.9862086176872253,,
40f,30,30,44,validation,Normal,least,median,3,300,-0.0009555839351378381,0.0033333333333333335,0.839571475982666,0.9862086176872253,,
40f,30,30,44,validation,Normal,least,median,5,300,-0.0005438939551822841,0.0033333333333333335,0.8155201077461243,0.9862086176872253,,
40f,30,30,44,validation,Normal,least,median,10,300,0.0013100173091515899,0.01,0.7667224407196045,0.9862086176872253,,
40f,30,30,44,validation,Normal,random,median,1,300,0.003953085746616125,0.0033333333333333335,0.8599257469177246,0.9862086176872253,,
40f,30,30,44,validation,Normal,random,median,3,300,0.013062451966106892,0.01,0.8555771708488464,0.9862086176872253,,
40f,30,30,44,validation,Normal,random,median,5,300,0.024229729548096657,0.023333333333333334,0.8617254495620728,0.9862086176872253,,
40f,30,30,44,validation,Normal,random,median,10,300,0.0503457635641098,0.03666666666666667,0.8823663592338562,0.9862086176872253,,
40f,30,30,44,validation,Normal,top,random_row,1,300,0.0728212222456932,0.023333333333333334,0.5055125951766968,0.9862086176872253,,
40f,30,30,44,validation,Normal,top,random_row,3,300,0.2953951358795166,0.30333333333333334,0.7725111842155457,0.9862086176872253,,
40f,30,30,44,validation,Normal,top,random_row,5,300,0.40682822465896606,0.36666666666666664,0.8153067827224731,0.9862086176872253,,
40f,30,30,44,validation,Normal,top,random_row,10,300,0.6125507354736328,0.6466666666666666,0.921656608581543,0.9862086176872253,,
40f,30,30,44,validation,Normal,least,random_row,1,300,-0.0003580232441890985,0.0,0.4508240818977356,0.9862086176872253,,
40f,30,30,44,validation,Normal,least,random_row,3,300,0.00027113049873150885,0.0033333333333333335,0.44935253262519836,0.9862086176872253,,
40f,30,30,44,validation,Normal,least,random_row,5,300,0.00013268261682242155,0.0033333333333333335,0.4410206079483032,0.9862086176872253,,
40f,30,30,44,validation,Normal,least,random_row,10,300,0.008309653960168362,0.013333333333333334,0.41864922642707825,0.9862086176872253,,
40f,30,30,44,validation,Normal,random,random_row,1,300,0.006325763650238514,0.0033333333333333335,0.46460118889808655,0.9862086176872253,,
40f,30,30,44,validation,Normal,random,random_row,3,300,0.014957564882934093,0.01,0.4773982763290405,0.9862086176872253,,
40f,30,30,44,validation,Normal,random,random_row,5,300,0.045205257833004,0.03666666666666667,0.49642160534858704,0.9862086176872253,,
40f,30,30,44,validation,Normal,random,random_row,10,300,0.13831005990505219,0.12,0.5836410522460938,0.9862086176872253,,
40f,30,30,44,validation,Normal,top_minus_random,median,1,300,0.06598143498102824,,,,0.050170824880401296,0.08333046203354995
40f,30,30,44,validation,Normal,top_minus_random,median,3,300,0.09882013728221258,,,,0.07554244005680084,0.12148044854154189
40f,30,30,44,validation,Normal,top_minus_random,median,5,300,0.10606941650311152,,,,0.08567319333801668,0.1291200121442477
40f,30,30,44,validation,Normal,top_minus_random,median,10,300,0.19589680274327595,,,,0.1670989904527863,0.2227394158169627
40f,30,30,44,validation,Normal,top_minus_random,random_row,1,300,0.06649545977512995,,,,0.04970524817456802,0.08425891631593307
40f,30,30,44,validation,Normal,top_minus_random,random_row,3,300,0.28043755402167636,,,,0.2382967414185405,0.32020213406533005
40f,30,30,44,validation,Normal,top_minus_random,random_row,5,300,0.3616229608654976,,,,0.3226459755425652,0.40212212093919514
40f,30,30,44,validation,Normal,top_minus_random,random_row,10,300,0.4742406896750132,,,,0.42673070226361354,0.5190772368709246
40f,30,30,44,validation,Overlap-Group-1,top,median,1,300,0.18492743372917175,0.21666666666666667,0.454622745513916,0.6092385649681091,,
40f,30,30,44,validation,Overlap-Group-1,top,median,3,300,0.4853585958480835,0.97,0.5405070781707764,0.6092385649681091,,
40f,30,30,44,validation,Overlap-Group-1,top,median,5,300,0.5329958200454712,0.9866666666666667,0.5762566328048706,0.6092385649681091,,
40f,30,30,44,validation,Overlap-Group-1,top,median,10,300,0.537496030330658,1.0,0.5869596600532532,0.6092385649681091,,
40f,30,30,44,validation,Overlap-Group-1,least,median,1,300,-0.004880548920482397,0.0033333333333333335,0.05093581974506378,0.6092385649681091,,
40f,30,30,44,validation,Overlap-Group-1,least,median,3,300,-0.01603803038597107,0.01,0.07049081474542618,0.6092385649681091,,
40f,30,30,44,validation,Overlap-Group-1,least,median,5,300,-0.014443354681134224,0.02,0.08387620002031326,0.6092385649681091,,
40f,30,30,44,validation,Overlap-Group-1,least,median,10,300,-0.06670993566513062,0.043333333333333335,0.15139834582805634,0.6092385649681091,,
40f,30,30,44,validation,Overlap-Group-1,random,median,1,300,0.015548807568848133,0.043333333333333335,0.07259667664766312,0.6092385649681091,,
40f,30,30,44,validation,Overlap-Group-1,random,median,3,300,0.05823953077197075,0.12666666666666668,0.1368793547153473,0.6092385649681091,,
40f,30,30,44,validation,Overlap-Group-1,random,median,5,300,0.08680861443281174,0.19,0.17392215132713318,0.6092385649681091,,
40f,30,30,44,validation,Overlap-Group-1,random,median,10,300,0.16351191699504852,0.31666666666666665,0.2871229648590088,0.6092385649681091,,
40f,30,30,44,validation,Overlap-Group-1,top,random_row,1,300,0.17130233347415924,0.20666666666666667,0.1240987777709961,0.6092385649681091,,
40f,30,30,44,validation,Overlap-Group-1,top,random_row,3,300,0.4490512013435364,0.86,0.22824092209339142,0.6092385649681091,,
40f,30,30,44,validation,Overlap-Group-1,top,random_row,5,300,0.5195773243904114,0.95,0.2958250045776367,0.6092385649681091,,
40f,30,30,44,validation,Overlap-Group-1,top,random_row,10,300,0.5583921074867249,0.9666666666666667,0.4858998656272888,0.6092385649681091,,
40f,30,30,44,validation,Overlap-Group-1,least,random_row,1,300,8.96453857421875e-05,0.0033333333333333335,0.07783979922533035,0.6092385649681091,,
40f,30,30,44,validation,Overlap-Group-1,least,random_row,3,300,-0.021345462650060654,0.013333333333333334,0.07588420808315277,0.6092385649681091,,
40f,30,30,44,validation,Overlap-Group-1,least,random_row,5,300,-0.029362551867961884,0.03,0.07790499180555344,0.6092385649681091,,
40f,30,30,44,validation,Overlap-Group-1,least,random_row,10,300,-0.005369904451072216,0.14,0.08268789947032928,0.6092385649681091,,
40f,30,30,44,validation,Overlap-Group-1,random,random_row,1,300,0.021100856363773346,0.056666666666666664,0.08044687658548355,0.6092385649681091,,
40f,30,30,44,validation,Overlap-Group-1,random,random_row,3,300,0.07824831455945969,0.15333333333333332,0.09828073531389236,0.6092385649681091,,
40f,30,30,44,validation,Overlap-Group-1,random,random_row,5,300,0.13389746844768524,0.28,0.11287795007228851,0.6092385649681091,,
40f,30,30,44,validation,Overlap-Group-1,random,random_row,10,300,0.24464502930641174,0.4866666666666667,0.16433286666870117,0.6092385649681091,,
40f,30,30,44,validation,Overlap-Group-1,top_minus_random,median,1,300,0.16937862475713095,,,,0.1521365370626251,0.18787813203285136
40f,30,30,44,validation,Overlap-Group-1,top_minus_random,median,3,300,0.4271190729737282,,,,0.4067398063838482,0.44772393942872685
40f,30,30,44,validation,Overlap-Group-1,top_minus_random,median,5,300,0.4461872219045957,,,,0.42343806855628885,0.4682665313283602
40f,30,30,44,validation,Overlap-Group-1,top_minus_random,median,10,300,0.3739841225743294,,,,0.34895719949652754,0.39899226821710665
40f,30,30,44,validation,Overlap-Group-1,top_minus_random,random_row,1,300,0.1502014920115471,,,,0.13164928372452658,0.1697748357206583
40f,30,30,44,validation,Overlap-Group-1,top_minus_random,random_row,3,300,0.3708029000957807,,,,0.34629587644338605,0.3945576239277919
40f,30,30,44,validation,Overlap-Group-1,top_minus_random,random_row,5,300,0.38567987710237506,,,,0.360521325878799,0.41104122925549746
40f,30,30,44,validation,Overlap-Group-1,top_minus_random,random_row,10,300,0.313747066060702,,,,0.2864137803738316,0.34124808278183144
40f,30,30,44,validation,Reconnaissance,top,median,1,300,0.6287789344787598,0.51,0.041125718504190445,0.9077826738357544,,
40f,30,30,44,validation,Reconnaissance,top,median,3,300,0.8803736567497253,1.0,0.3858642876148224,0.9077826738357544,,
40f,30,30,44,validation,Reconnaissance,top,median,5,300,0.8952315449714661,1.0,0.7614878416061401,0.9077826738357544,,
40f,30,30,44,validation,Reconnaissance,top,median,10,300,0.8970545530319214,1.0,0.8587083220481873,0.9077826738357544,,
40f,30,30,44,validation,Reconnaissance,least,median,1,300,0.0006696040509268641,0.0,0.004384499508887529,0.9077826738357544,,
40f,30,30,44,validation,Reconnaissance,least,median,3,300,0.0031872482504695654,0.006666666666666667,0.005026394966989756,0.9077826738357544,,
40f,30,30,44,validation,Reconnaissance,least,median,5,300,0.008783772587776184,0.016666666666666666,0.005801370367407799,0.9077826738357544,,
40f,30,30,44,validation,Reconnaissance,least,median,10,300,0.02055356092751026,0.04,0.009899749420583248,0.9077826738357544,,
40f,30,30,44,validation,Reconnaissance,random,median,1,300,0.03613968566060066,0.05333333333333334,0.006368617061525583,0.9077826738357544,,
40f,30,30,44,validation,Reconnaissance,random,median,3,300,0.1349530816078186,0.12666666666666668,0.012922750785946846,0.9077826738357544,,
40f,30,30,44,validation,Reconnaissance,random,median,5,300,0.2380903661251068,0.22,0.025364307686686516,0.9077826738357544,,
40f,30,30,44,validation,Reconnaissance,random,median,10,300,0.49194812774658203,0.5366666666666666,0.08425214141607285,0.9077826738357544,,
40f,30,30,44,validation,Reconnaissance,top,random_row,1,300,0.5570219159126282,0.58,0.10364065319299698,0.9077826738357544,,
40f,30,30,44,validation,Reconnaissance,top,random_row,3,300,0.830418050289154,0.9533333333333334,0.16081316769123077,0.9077826738357544,,
40f,30,30,44,validation,Reconnaissance,top,random_row,5,300,0.8584313988685608,0.95,0.2833601236343384,0.9077826738357544,,
40f,30,30,44,validation,Reconnaissance,top,random_row,10,300,0.8536801934242249,0.95,0.4716433584690094,0.9077826738357544,,
40f,30,30,44,validation,Reconnaissance,least,random_row,1,300,0.0018024393357336521,0.0033333333333333335,0.09418368339538574,0.9077826738357544,,
40f,30,30,44,validation,Reconnaissance,least,random_row,3,300,0.016413278877735138,0.03333333333333333,0.09269556403160095,0.9077826738357544,,
40f,30,30,44,validation,Reconnaissance,least,random_row,5,300,0.03279225900769234,0.06333333333333334,0.09142357110977173,0.9077826738357544,,
40f,30,30,44,validation,Reconnaissance,least,random_row,10,300,0.07343617081642151,0.13333333333333333,0.08711613714694977,0.9077826738357544,,
40f,30,30,44,validation,Reconnaissance,random,random_row,1,300,0.05731670558452606,0.06666666666666667,0.09386832267045975,0.9077826738357544,,
40f,30,30,44,validation,Reconnaissance,random,random_row,3,300,0.19133295118808746,0.19333333333333333,0.09144178777933121,0.9077826738357544,,
40f,30,30,44,validation,Reconnaissance,random,random_row,5,300,0.3301619589328766,0.3466666666666667,0.09284968674182892,0.9077826738357544,,
40f,30,30,44,validation,Reconnaissance,random,random_row,10,300,0.5850008130073547,0.6433333333333333,0.10348697751760483,0.9077826738357544,,
40f,30,30,44,validation,Reconnaissance,top_minus_random,median,1,300,0.5926392880082131,,,,0.5729224999994039,0.6115691865732273
40f,30,30,44,validation,Reconnaissance,top_minus_random,median,3,300,0.7454205319285393,,,,0.7151009672755996,0.7769063305705787
40f,30,30,44,validation,Reconnaissance,top_minus_random,median,5,300,0.6571412311991056,,,,0.6236010290111105,0.6930141802007954
40f,30,30,44,validation,Reconnaissance,top_minus_random,median,10,300,0.405106350282828,,,,0.36601095417886975,0.44120435776561495
40f,30,30,44,validation,Reconnaissance,top_minus_random,random_row,1,300,0.49970521410306296,,,,0.4604530127122999,0.535010582630833
40f,30,30,44,validation,Reconnaissance,top_minus_random,random_row,3,300,0.6390850713849068,,,,0.6004481694872181,0.6747978305170934
40f,30,30,44,validation,Reconnaissance,top_minus_random,random_row,5,300,0.5282694233457247,,,,0.4909412282705307,0.5695879514068366
40f,30,30,44,validation,Reconnaissance,top_minus_random,random_row,10,300,0.26867939790089923,,,,0.2306537352303664,0.30927944427231946
40f,30,30,44,validation,Unknown,top,median,1,200,0.15452836453914642,0.61,0.28692513704299927,0.46407440304756165,,
40f,30,30,44,validation,Unknown,top,median,3,200,0.28378963470458984,0.92,0.35253310203552246,0.46407440304756165,,
40f,30,30,44,validation,Unknown,top,median,5,200,0.34551677107810974,0.97,0.41957855224609375,0.46407440304756165,,
40f,30,30,44,validation,Unknown,top,median,10,200,0.38534829020500183,0.995,0.5215373039245605,0.46407440304756165,,
40f,30,30,44,validation,Unknown,least,median,1,200,-0.0030457491520792246,0.08,0.17428064346313477,0.46407440304756165,,
40f,30,30,44,validation,Unknown,least,median,3,200,0.0020114914514124393,0.18,0.17954173684120178,0.46407440304756165,,
40f,30,30,44,validation,Unknown,least,median,5,200,0.01932850293815136,0.32,0.18185465037822723,0.46407440304756165,,
40f,30,30,44,validation,Unknown,least,median,10,200,0.03283318504691124,0.445,0.19949688017368317,0.46407440304756165,,
40f,30,30,44,validation,Unknown,random,median,1,200,0.021109025925397873,0.21,0.1789713352918625,0.46407440304756165,,
40f,30,30,44,validation,Unknown,random,median,3,200,0.03758936747908592,0.365,0.1823650300502777,0.46407440304756165,,
40f,30,30,44,validation,Unknown,random,median,5,200,0.07641053944826126,0.465,0.21219149231910706,0.46407440304756165,,
40f,30,30,44,validation,Unknown,random,median,10,200,0.14460238814353943,0.595,0.2359292209148407,0.46407440304756165,,
40f,30,30,44,validation,Unknown,top,random_row,1,200,0.17304545640945435,0.595,0.21281161904335022,0.46407440304756165,,
40f,30,30,44,validation,Unknown,top,random_row,3,200,0.30342841148376465,0.89,0.2744644582271576,0.46407440304756165,,
40f,30,30,44,validation,Unknown,top,random_row,5,200,0.3566359281539917,0.96,0.3114415407180786,0.46407440304756165,,
40f,30,30,44,validation,Unknown,top,random_row,10,200,0.39221087098121643,0.965,0.4656257629394531,0.46407440304756165,,
40f,30,30,44,validation,Unknown,least,random_row,1,200,-0.0028844820335507393,0.09,0.1793176233768463,0.46407440304756165,,
40f,30,30,44,validation,Unknown,least,random_row,3,200,0.0008743934449739754,0.2,0.18073062598705292,0.46407440304756165,,
40f,30,30,44,validation,Unknown,least,random_row,5,200,0.0037110710982233286,0.28,0.1800784170627594,0.46407440304756165,,
40f,30,30,44,validation,Unknown,least,random_row,10,200,0.03426780924201012,0.405,0.18827491998672485,0.46407440304756165,,
40f,30,30,44,validation,Unknown,random,random_row,1,200,0.031127316877245903,0.25,0.1779220551252365,0.46407440304756165,,
40f,30,30,44,validation,Unknown,random,random_row,3,200,0.06487920880317688,0.415,0.1902988851070404,0.46407440304756165,,
40f,30,30,44,validation,Unknown,random,random_row,5,200,0.09284791350364685,0.48,0.2050342559814453,0.46407440304756165,,
40f,30,30,44,validation,Unknown,random,random_row,10,200,0.16548171639442444,0.64,0.2211303859949112,0.46407440304756165,,
40f,30,30,44,validation,Unknown,top_minus_random,median,1,200,0.1334193394333124,,,,0.10951447155326606,0.15792660046741364
40f,30,30,44,validation,Unknown,top_minus_random,median,3,200,0.2462002522498369,,,,0.21652352235838773,0.27352326957508916
40f,30,30,44,validation,Unknown,top_minus_random,median,5,200,0.26910622641444204,,,,0.23829767733812332,0.29955217214860025
40f,30,30,44,validation,Unknown,top_minus_random,median,10,200,0.24074590012431143,,,,0.20952206544019283,0.27096414820849896
40f,30,30,44,validation,Unknown,top_minus_random,random_row,1,200,0.1419181463122368,,,,0.11493285385519267,0.1702223743610084
40f,30,30,44,validation,Unknown,top_minus_random,random_row,3,200,0.2385492392629385,,,,0.2125602259989828,0.2662349556330591
40f,30,30,44,validation,Unknown,top_minus_random,random_row,5,200,0.2637880101054907,,,,0.23520000818930567,0.2907878612894565
40f,30,30,44,validation,Unknown,top_minus_random,random_row,10,200,0.22672918058931826,,,,0.19581175784394145,0.2558283160999418
40f,15,15,44,test,all,top,median,1,2000,0.27310711145401,0.3935,0.2956167161464691,0.7865447402000427,,
40f,15,15,44,test,all,top,median,3,2000,0.5552109479904175,0.8055,0.5716880559921265,0.7865447402000427,,
40f,15,15,44,test,all,top,median,5,2000,0.6201726198196411,0.88,0.6631214618682861,0.7865447402000427,,
40f,15,15,44,test,all,top,median,10,2000,0.6584997177124023,0.811,0.7698286175727844,0.7865447402000427,,
40f,15,15,44,test,all,least,median,1,2000,0.0012799884425476193,0.023,0.19335368275642395,0.7865447402000427,,
40f,15,15,44,test,all,least,median,3,2000,0.020861227065324783,0.081,0.19581997394561768,0.7865447402000427,,
40f,15,15,44,test,all,least,median,5,2000,0.05412619188427925,0.137,0.19030651450157166,0.7865447402000427,,
40f,15,15,44,test,all,least,median,10,2000,0.16216763854026794,0.3225,0.22520603239536285,0.7865447402000427,,
40f,15,15,44,test,all,random,median,1,2000,0.061108872294425964,0.1125,0.19059357047080994,0.7865447402000427,,
40f,15,15,44,test,all,random,median,3,2000,0.17935125529766083,0.276,0.23570691049098969,0.7865447402000427,,
40f,15,15,44,test,all,random,median,5,2000,0.29223209619522095,0.416,0.2941727042198181,0.7865447402000427,,
40f,15,15,44,test,all,random,median,10,2000,0.5027652978897095,0.695,0.5014121532440186,0.7865447402000427,,
40f,15,15,44,test,all,top,random_row,1,2000,0.24027952551841736,0.343,0.2196132391691208,0.7865447402000427,,
40f,15,15,44,test,all,top,random_row,3,2000,0.5338948369026184,0.74,0.44255518913269043,0.7865447402000427,,
40f,15,15,44,test,all,top,random_row,5,2000,0.6067192554473877,0.82,0.5357194542884827,0.7865447402000427,,
40f,15,15,44,test,all,top,random_row,10,2000,0.6419620513916016,0.8585,0.7178481221199036,0.7865447402000427,,
40f,15,15,44,test,all,least,random_row,1,2000,0.011558146215975285,0.0375,0.17035791277885437,0.7865447402000427,,
40f,15,15,44,test,all,least,random_row,3,2000,0.04478028416633606,0.101,0.1730165332555771,0.7865447402000427,,
40f,15,15,44,test,all,least,random_row,5,2000,0.09516410529613495,0.178,0.16970336437225342,0.7865447402000427,,
40f,15,15,44,test,all,least,random_row,10,2000,0.28200218081474304,0.4175,0.21420376002788544,0.7865447402000427,,
40f,15,15,44,test,all,random,random_row,1,2000,0.0661146342754364,0.1255,0.18366193771362305,0.7865447402000427,,
40f,15,15,44,test,all,random,random_row,3,2000,0.1914137303829193,0.294,0.21697138249874115,0.7865447402000427,,
40f,15,15,44,test,all,random,random_row,5,2000,0.31954652070999146,0.45,0.26979026198387146,0.7865447402000427,,
40f,15,15,44,test,all,random,random_row,10,2000,0.5392907857894897,0.737,0.48714491724967957,0.7865447402000427,,
40f,15,15,44,test,all,top_minus_random,median,1,2000,0.2119982235878706,,,,0.2002221243234351,0.22430029090866446
40f,15,15,44,test,all,top_minus_random,median,3,2000,0.3758596873357892,,,,0.36051604315396396,0.3910484430676326
40f,15,15,44,test,all,top_minus_random,median,5,2000,0.32794050566852095,,,,0.3125326533986255,0.34271235175319015
40f,15,15,44,test,all,top_minus_random,median,10,2000,0.15573437735438347,,,,0.14436460229922088,0.16640266181156038
40f,15,15,44,test,all,top_minus_random,random_row,1,2000,0.1741649040430784,,,,0.16297394983340055,0.1859553406611085
40f,15,15,44,test,all,top_minus_random,random_row,3,2000,0.34248109263181686,,,,0.32768074982389805,0.35657873066421597
40f,15,15,44,test,all,top_minus_random,random_row,5,2000,0.28717276532948016,,,,0.2719044438201934,0.3008622595511377
40f,15,15,44,test,all,top_minus_random,random_row,10,2000,0.10267125327140093,,,,0.09345941643547268,0.11266549434997142
40f,15,15,44,test,Exploits,top,median,1,300,0.4254961609840393,0.49666666666666665,0.26920607686042786,0.8383544087409973,,
40f,15,15,44,test,Exploits,top,median,3,300,0.6626193523406982,0.85,0.7089991569519043,0.8383544087409973,,
40f,15,15,44,test,Exploits,top,median,5,300,0.7524672150611877,0.9666666666666667,0.8187245726585388,0.8383544087409973,,
40f,15,15,44,test,Exploits,top,median,10,300,0.795956015586853,0.98,0.8678308129310608,0.8383544087409973,,
40f,15,15,44,test,Exploits,least,median,1,300,-0.007587125990539789,0.0,0.03279102221131325,0.8383544087409973,,
40f,15,15,44,test,Exploits,least,median,3,300,-0.019866056740283966,0.006666666666666667,0.040538571774959564,0.8383544087409973,,
40f,15,15,44,test,Exploits,least,median,5,300,-0.020361050963401794,0.023333333333333334,0.04837622866034508,0.8383544087409973,,
40f,15,15,44,test,Exploits,least,median,10,300,0.04242165386676788,0.08333333333333333,0.08816257119178772,0.8383544087409973,,
40f,15,15,44,test,Exploits,random,median,1,300,0.0744396224617958,0.09333333333333334,0.06889575719833374,0.8383544087409973,,
40f,15,15,44,test,Exploits,random,median,3,300,0.19427523016929626,0.22,0.1572263389825821,0.8383544087409973,,
40f,15,15,44,test,Exploits,random,median,5,300,0.3139106035232544,0.3466666666666667,0.2528834640979767,0.8383544087409973,,
40f,15,15,44,test,Exploits,random,median,10,300,0.5717940330505371,0.68,0.5244855880737305,0.8383544087409973,,
40f,15,15,44,test,Exploits,top,random_row,1,300,0.20701153576374054,0.22333333333333333,0.272739976644516,0.8383544087409973,,
40f,15,15,44,test,Exploits,top,random_row,3,300,0.3826492130756378,0.43333333333333335,0.4207752048969269,0.8383544087409973,,
40f,15,15,44,test,Exploits,top,random_row,5,300,0.5296894311904907,0.6233333333333333,0.5629591941833496,0.8383544087409973,,
40f,15,15,44,test,Exploits,top,random_row,10,300,0.6374432444572449,0.7733333333333333,0.7816611528396606,0.8383544087409973,,
40f,15,15,44,test,Exploits,least,random_row,1,300,0.0013137497007846832,0.006666666666666667,0.1942010074853897,0.8383544087409973,,
40f,15,15,44,test,Exploits,least,random_row,3,300,0.019689077511429787,0.03,0.21371787786483765,0.8383544087409973,,
40f,15,15,44,test,Exploits,least,random_row,5,300,0.06716695427894592,0.09666666666666666,0.22784480452537537,0.8383544087409973,,
40f,15,15,44,test,Exploits,least,random_row,10,300,0.3150007128715515,0.36333333333333334,0.33738383650779724,0.8383544087409973,,
40f,15,15,44,test,Exploits,random,random_row,1,300,0.06038019806146622,0.07333333333333333,0.22448186576366425,0.8383544087409973,,
40f,15,15,44,test,Exploits,random,random_row,3,300,0.15560409426689148,0.16333333333333333,0.2923962473869324,0.8383544087409973,,
40f,15,15,44,test,Exploits,random,random_row,5,300,0.2627076506614685,0.26666666666666666,0.3817211389541626,0.8383544087409973,,
40f,15,15,44,test,Exploits,random,random_row,10,300,0.4945557713508606,0.6033333333333334,0.6111299395561218,0.8383544087409973,,
40f,15,15,44,test,Exploits,top_minus_random,median,1,300,0.3510565513372421,,,,0.30655530319611235,0.39050318313638366
40f,15,15,44,test,Exploits,top_minus_random,median,3,300,0.46834411154190697,,,,0.4261246522565683,0.5071698701009155
40f,15,15,44,test,Exploits,top_minus_random,median,5,300,0.43855668663978575,,,,0.3985355903506279,0.47925502110769347
40f,15,15,44,test,Exploits,top_minus_random,median,10,300,0.22416191250085832,,,,0.18824000967293977,0.25687689695258936
40f,15,15,44,test,Exploits,top_minus_random,random_row,1,300,0.14663135091463725,,,,0.11356017355620861,0.1771773740152518
40f,15,15,44,test,Exploits,top_minus_random,random_row,3,300,0.22704509337743123,,,,0.192267955797414,0.26113789071142673
40f,15,15,44,test,Exploits,top_minus_random,random_row,5,300,0.2669817790389061,,,,0.23368593114366137,0.297641358902057
40f,15,15,44,test,Exploits,top_minus_random,random_row,10,300,0.1428874244292577,,,,0.11501762686421475,0.1715580160667499
40f,15,15,44,test,Fuzzers,top,median,1,300,0.25284332036972046,0.33666666666666667,0.004204812925308943,0.6911414861679077,,
40f,15,15,44,test,Fuzzers,top,median,3,300,0.49146249890327454,0.8333333333333334,0.01940431445837021,0.6911414861679077,,
40f,15,15,44,test,Fuzzers,top,median,5,300,0.6295527219772339,0.9433333333333334,0.1498011201620102,0.6911414861679077,,
40f,15,15,44,test,Fuzzers,top,median,10,300,0.685746431350708,1.0,0.523354709148407,0.6911414861679077,,
40f,15,15,44,test,Fuzzers,least,median,1,300,0.0245753675699234,0.04,0.002640357008203864,0.6911414861679077,,
40f,15,15,44,test,Fuzzers,least,median,3,300,0.09125883877277374,0.13333333333333333,0.006682081148028374,0.6911414861679077,,
40f,15,15,44,test,Fuzzers,least,median,5,300,0.20343932509422302,0.28,0.011974308639764786,0.6911414861679077,,
40f,15,15,44,test,Fuzzers,least,median,10,300,0.5878263115882874,0.9133333333333333,0.12539727985858917,0.6911414861679077,,
40f,15,15,44,test,Fuzzers,random,median,1,300,0.10522827506065369,0.15333333333333332,0.005430372431874275,0.6911414861679077,,
40f,15,15,44,test,Fuzzers,random,median,3,300,0.31689172983169556,0.48333333333333334,0.020583700388669968,0.6911414861679077,,
40f,15,15,44,test,Fuzzers,random,median,5,300,0.45639878511428833,0.6933333333333334,0.0475475899875164,0.6911414861679077,,
40f,15,15,44,test,Fuzzers,random,median,10,300,0.640513002872467,0.9766666666666667,0.21714431047439575,0.6911414861679077,,
40f,15,15,44,test,Fuzzers,top,random_row,1,300,0.2871655225753784,0.45666666666666667,0.1809525191783905,0.6911414861679077,,
40f,15,15,44,test,Fuzzers,top,random_row,3,300,0.4867238402366638,0.7766666666666666,0.21697184443473816,0.6911414861679077,,
40f,15,15,44,test,Fuzzers,top,random_row,5,300,0.5547339916229248,0.8566666666666667,0.288765549659729,0.6911414861679077,,
40f,15,15,44,test,Fuzzers,top,random_row,10,300,0.5990990996360779,0.91,0.5356081128120422,0.6911414861679077,,
40f,15,15,44,test,Fuzzers,least,random_row,1,300,0.029295025393366814,0.05,0.15371812880039215,0.6911414861679077,,
40f,15,15,44,test,Fuzzers,least,random_row,3,300,0.0977201908826828,0.14666666666666667,0.1420392543077469,0.6911414861679077,,
40f,15,15,44,test,Fuzzers,least,random_row,5,300,0.18695054948329926,0.2833333333333333,0.12593093514442444,0.6911414861679077,,
40f,15,15,44,test,Fuzzers,least,random_row,10,300,0.43244579434394836,0.6633333333333333,0.16852447390556335,0.6911414861679077,,
40f,15,15,44,test,Fuzzers,random,random_row,1,300,0.103731170296669,0.17666666666666667,0.15246093273162842,0.6911414861679077,,
40f,15,15,44,test,Fuzzers,random,random_row,3,300,0.2828834652900696,0.4266666666666667,0.15436644852161407,0.6911414861679077,,
40f,15,15,44,test,Fuzzers,random,random_row,5,300,0.4063938856124878,0.6333333333333333,0.1625487208366394,0.6911414861679077,,
40f,15,15,44,test,Fuzzers,random,random_row,10,300,0.5376016497612,0.8333333333333334,0.30458077788352966,0.6911414861679077,,
40f,15,15,44,test,Fuzzers,top_minus_random,median,1,300,0.14761504739522935,,,,0.12029704165707032,0.17706052056948343
40f,15,15,44,test,Fuzzers,top_minus_random,median,3,300,0.17457083801428477,,,,0.1444488251929482,0.20378918339808783
40f,15,15,44,test,Fuzzers,top_minus_random,median,5,300,0.1731539743145307,,,,0.14799969842284916,0.19844370653728644
40f,15,15,44,test,Fuzzers,top_minus_random,median,10,300,0.04523346990346908,,,,0.03534309570739667,0.05529725431402524
40f,15,15,44,test,Fuzzers,top_minus_random,random_row,1,300,0.18343437800804774,,,,0.15245867595573268,0.21487055375427005
40f,15,15,44,test,Fuzzers,top_minus_random,random_row,3,300,0.20384037365516028,,,,0.17302615910023453,0.2349006564890345
40f,15,15,44,test,Fuzzers,top_minus_random,random_row,5,300,0.1483401044209798,,,,0.12057082686573267,0.17689041061451038
40f,15,15,44,test,Fuzzers,top_minus_random,random_row,10,300,0.06149749577045441,,,,0.04271331672122081,0.08055991167078415
40f,15,15,44,test,Generic,top,median,1,300,0.1693616658449173,0.07666666666666666,0.02130996622145176,0.9813112616539001,,
40f,15,15,44,test,Generic,top,median,3,300,0.9530602097511292,1.0,0.9161378741264343,0.9813112616539001,,
40f,15,15,44,test,Generic,top,median,5,300,0.967211902141571,1.0,0.9360395073890686,0.9813112616539001,,
40f,15,15,44,test,Generic,top,median,10,300,0.972318708896637,1.0,0.9783934354782104,0.9813112616539001,,
40f,15,15,44,test,Generic,least,median,1,300,0.0031878745649009943,0.0033333333333333335,0.0031520691700279713,0.9813112616539001,,
40f,15,15,44,test,Generic,least,median,3,300,0.006586506962776184,0.006666666666666667,0.005261570680886507,0.9813112616539001,,
40f,15,15,44,test,Generic,least,median,5,300,0.013899882324039936,0.016666666666666666,0.007453376427292824,0.9813112616539001,,
40f,15,15,44,test,Generic,least,median,10,300,0.04698127880692482,0.06,0.017324451357126236,0.9813112616539001,,
40f,15,15,44,test,Generic,random,median,1,300,0.07523901760578156,0.09666666666666666,0.01230321079492569,0.9813112616539001,,
40f,15,15,44,test,Generic,random,median,3,300,0.21492762863636017,0.20333333333333334,0.05711400508880615,0.9813112616539001,,
40f,15,15,44,test,Generic,random,median,5,300,0.41188037395477295,0.38,0.17190763354301453,0.9813112616539001,,
40f,15,15,44,test,Generic,random,median,10,300,0.8493428230285645,0.91,0.6392513513565063,0.9813112616539001,,
40f,15,15,44,test,Generic,top,random_row,1,300,0.15596160292625427,0.06,0.06107287108898163,0.9813112616539001,,
40f,15,15,44,test,Generic,top,random_row,3,300,0.9124899506568909,0.9666666666666667,0.8775750994682312,0.9813112616539001,,
40f,15,15,44,test,Generic,top,random_row,5,300,0.9308733344078064,0.97,0.9214798808097839,0.9813112616539001,,
40f,15,15,44,test,Generic,top,random_row,10,300,0.9386348724365234,0.9666666666666667,0.9704793095588684,0.9813112616539001,,
40f,15,15,44,test,Generic,least,random_row,1,300,0.002760952804237604,0.0033333333333333335,0.04147208482027054,0.9813112616539001,,
40f,15,15,44,test,Generic,least,random_row,3,300,0.00763055169954896,0.016666666666666666,0.04433701932430267,0.9813112616539001,,
40f,15,15,44,test,Generic,least,random_row,5,300,0.018622586503624916,0.03,0.04388057813048363,0.9813112616539001,,
40f,15,15,44,test,Generic,least,random_row,10,300,0.06908264011144638,0.06333333333333334,0.05685984343290329,0.9813112616539001,,
40f,15,15,44,test,Generic,random,random_row,1,300,0.06917370110750198,0.07333333333333333,0.05279099941253662,0.9813112616539001,,
40f,15,15,44,test,Generic,random,random_row,3,300,0.20172366499900818,0.18666666666666668,0.09864072501659393,0.9813112616539001,,
40f,15,15,44,test,Generic,random,random_row,5,300,0.4035673141479492,0.36666666666666664,0.21011871099472046,0.9813112616539001,,
40f,15,15,44,test,Generic,random,random_row,10,300,0.82375568151474,0.8666666666666667,0.6515614986419678,0.9813112616539001,,
40f,15,15,44,test,Generic,top_minus_random,median,1,300,0.09412265012661616,,,,0.06656078494340181,0.12252706702301899
40f,15,15,44,test,Generic,top_minus_random,median,3,300,0.738132551908493,,,,0.7014399745017291,0.7745371192296345
40f,15,15,44,test,Generic,top_minus_random,median,5,300,0.5553316247463226,,,,0.5128562155862649,0.600668348779281
40f,15,15,44,test,Generic,top_minus_random,median,10,300,0.12297590374946595,,,,0.09806203111012778,0.1503068289260069
40f,15,15,44,test,Generic,top_minus_random,random_row,1,300,0.08678790380557379,,,,0.061343113747735815,0.11177466655274232
40f,15,15,44,test,Generic,top_minus_random,random_row,3,300,0.7107663863897323,,,,0.6727003649050991,0.7483853467777372
40f,15,15,44,test,Generic,top_minus_random,random_row,5,300,0.5273059567809105,,,,0.4835591457113624,0.5749730213110645
40f,15,15,44,test,Generic,top_minus_random,random_row,10,300,0.1148790152867635,,,,0.08971028966208298,0.14390222750107445
40f,15,15,44,test,Normal,top,median,1,300,0.13134890794754028,0.12333333333333334,0.8216447234153748,0.9495348334312439,,
40f,15,15,44,test,Normal,top,median,3,300,0.22672580182552338,0.21666666666666667,0.8658483028411865,0.9495348334312439,,
40f,15,15,44,test,Normal,top,median,5,300,0.35694923996925354,0.44333333333333336,0.9066591262817383,0.9495348334312439,,
40f,15,15,44,test,Normal,top,median,10,300,0.5882884860038757,0.51,0.931859016418457,0.9495348334312439,,
40f,15,15,44,test,Normal,least,median,1,300,0.002694913186132908,0.006666666666666667,0.6659292578697205,0.9495348334312439,,
40f,15,15,44,test,Normal,least,median,3,300,0.006897135637700558,0.02,0.557889997959137,0.9495348334312439,,
40f,15,15,44,test,Normal,least,median,5,300,0.0222159456461668,0.03333333333333333,0.4772980809211731,0.9495348334312439,,
40f,15,15,44,test,Normal,least,median,10,300,0.09458093345165253,0.12,0.701609194278717,0.9495348334312439,,
40f,15,15,44,test,Normal,random,median,1,300,0.019352417439222336,0.023333333333333334,0.6874713897705078,0.9495348334312439,,
40f,15,15,44,test,Normal,random,median,3,300,0.07386898994445801,0.09333333333333334,0.6961213946342468,0.9495348334312439,,
40f,15,15,44,test,Normal,random,median,5,300,0.13578647375106812,0.13666666666666666,0.7211143970489502,0.9495348334312439,,
40f,15,15,44,test,Normal,random,median,10,300,0.23235636949539185,0.21,0.814466118812561,0.9495348334312439,,
40f,15,15,44,test,Normal,top,random_row,1,300,0.1546769142150879,0.14,0.5624507665634155,0.9495348334312439,,
40f,15,15,44,test,Normal,top,random_row,3,300,0.434325248003006,0.49666666666666665,0.7797534465789795,0.9495348334312439,,
40f,15,15,44,test,Normal,top,random_row,5,300,0.5744129419326782,0.6533333333333333,0.8539324998855591,0.9495348334312439,,
40f,15,15,44,test,Normal,top,random_row,10,300,0.5809341073036194,0.64,0.9213178753852844,0.9495348334312439,,
40f,15,15,44,test,Normal,least,random_row,1,300,0.004954298492521048,0.01,0.43023934960365295,0.9495348334312439,,
40f,15,15,44,test,Normal,least,random_row,3,300,0.011704225093126297,0.016666666666666666,0.4240036904811859,0.9495348334312439,,
40f,15,15,44,test,Normal,least,random_row,5,300,0.032824158668518066,0.04666666666666667,0.4028816819190979,0.9495348334312439,,
40f,15,15,44,test,Normal,least,random_row,10,300,0.109846331179142,0.11333333333333333,0.41647955775260925,0.9495348334312439,,
40f,15,15,44,test,Normal,random,random_row,1,300,0.027442926540970802,0.03666666666666667,0.45727458596229553,0.9495348334312439,,
40f,15,15,44,test,Normal,random,random_row,3,300,0.10104933381080627,0.10666666666666667,0.5209848284721375,0.9495348334312439,,
40f,15,15,44,test,Normal,random,random_row,5,300,0.21475806832313538,0.21333333333333335,0.5896080732345581,0.9495348334312439,,
40f,15,15,44,test,Normal,random,random_row,10,300,0.40606334805488586,0.4266666666666667,0.7669373154640198,0.9495348334312439,,
40f,15,15,44,test,Normal,top_minus_random,median,1,300,0.11199648668368657,,,,0.09031637306014696,0.13395569051553807
40f,15,15,44,test,Normal,top_minus_random,median,3,300,0.15285682499408723,,,,0.12812895046174527,0.17889958614110946
40f,15,15,44,test,Normal,top_minus_random,median,5,300,0.2211627725760142,,,,0.1901704494431615,0.25284052022794884
40f,15,15,44,test,Normal,top_minus_random,median,10,300,0.35593213498592374,,,,0.32503507973253726,0.38475333866973715
40f,15,15,44,test,Normal,top_minus_random,random_row,1,300,0.1272339833776156,,,,0.1019078921203812,0.15247840942442417
40f,15,15,44,test,Normal,top_minus_random,random_row,3,300,0.33327592104673387,,,,0.29450830686837437,0.3750954498971502
40f,15,15,44,test,Normal,top_minus_random,random_row,5,300,0.35965489387512206,,,,0.3172814184029897,0.39967180263747776
40f,15,15,44,test,Normal,top_minus_random,random_row,10,300,0.17487079550822576,,,,0.1407639449213942,0.210617759582897
40f,15,15,44,test,Overlap-Group-1,top,median,1,300,0.37542814016342163,0.79,0.637884795665741,0.5942066311836243,,
40f,15,15,44,test,Overlap-Group-1,top,median,3,300,0.34181809425354004,0.89,0.6597698330879211,0.5942066311836243,,
40f,15,15,44,test,Overlap-Group-1,top,median,5,300,0.34276753664016724,0.8933333333333333,0.6816495060920715,0.5942066311836243,,
40f,15,15,44,test,Overlap-Group-1,top,median,10,300,0.24128161370754242,0.2966666666666667,0.6376246213912964,0.5942066311836243,,
40f,15,15,44,test,Overlap-Group-1,least,median,1,300,-0.017982009798288345,0.02,0.44005483388900757,0.5942066311836243,,
40f,15,15,44,test,Overlap-Group-1,least,median,3,300,-0.002880220301449299,0.06,0.5362169742584229,0.5942066311836243,,
40f,15,15,44,test,Overlap-Group-1,least,median,5,300,0.007816621102392673,0.10333333333333333,0.559329628944397,0.5942066311836243,,
40f,15,15,44,test,Overlap-Group-1,least,median,10,300,-0.0649249404668808,0.21,0.3737281858921051,0.5942066311836243,,
40f,15,15,44,test,Overlap-Group-1,random,median,1,300,0.0287769865244627,0.09333333333333334,0.33223608136177063,0.5942066311836243,,
40f,15,15,44,test,Overlap-Group-1,random,median,3,300,0.058660734444856644,0.20666666666666667,0.4180048108100891,0.5942066311836243,,
40f,15,15,44,test,Overlap-Group-1,random,median,5,300,0.09913477301597595,0.29333333333333333,0.45977580547332764,0.5942066311836243,,
40f,15,15,44,test,Overlap-Group-1,random,median,10,300,0.1469617784023285,0.43,0.4841346740722656,0.5942066311836243,,
40f,15,15,44,test,Overlap-Group-1,top,random_row,1,300,0.30485907196998596,0.6466666666666666,0.12934400141239166,0.5942066311836243,,
40f,15,15,44,test,Overlap-Group-1,top,random_row,3,300,0.3956447243690491,0.81,0.27796635031700134,0.5942066311836243,,
40f,15,15,44,test,Overlap-Group-1,top,random_row,5,300,0.429745078086853,0.85,0.35670995712280273,0.5942066311836243,,
40f,15,15,44,test,Overlap-Group-1,top,random_row,10,300,0.4970932900905609,0.9233333333333333,0.5958018898963928,0.5942066311836243,,
40f,15,15,44,test,Overlap-Group-1,least,random_row,1,300,0.020512154325842857,0.02666666666666667,0.100089892745018,0.5942066311836243,,
40f,15,15,44,test,Overlap-Group-1,least,random_row,3,300,0.027077531442046165,0.08666666666666667,0.11971432715654373,0.5942066311836243,,
40f,15,15,44,test,Overlap-Group-1,least,random_row,5,300,0.028371578082442284,0.12,0.13078442215919495,0.5942066311836243,,
40f,15,15,44,test,Overlap-Group-1,least,random_row,10,300,0.28138798475265503,0.54,0.21777567267417908,0.5942066311836243,,
40f,15,15,44,test,Overlap-Group-1,random,random_row,1,300,0.06058323383331299,0.16,0.11416938900947571,0.5942066311836243,,
40f,15,15,44,test,Overlap-Group-1,random,random_row,3,300,0.16016434133052826,0.39,0.14391903579235077,0.5942066311836243,,
40f,15,15,44,test,Overlap-Group-1,random,random_row,5,300,0.2528882920742035,0.56,0.19549450278282166,0.5942066311836243,,
40f,15,15,44,test,Overlap-Group-1,random,random_row,10,300,0.4196852147579193,0.82,0.3625645935535431,0.5942066311836243,,
40f,15,15,44,test,Overlap-Group-1,top_minus_random,median,1,300,0.34665115038553873,,,,0.319846079642574,0.3721096554348866
40f,15,15,44,test,Overlap-Group-1,top_minus_random,median,3,300,0.28315736005703607,,,,0.2594279719144106,0.3084922578831514
40f,15,15,44,test,Overlap-Group-1,top_minus_random,median,5,300,0.2436327733596166,,,,0.21631045353660983,0.2719519054144621
40f,15,15,44,test,Overlap-Group-1,top_minus_random,median,10,300,0.09431983709335327,,,,0.06973386842260758,0.12018171891570091
40f,15,15,44,test,Overlap-Group-1,top_minus_random,random_row,1,300,0.24427581518888475,,,,0.21818768736223382,0.2710079028805097
40f,15,15,44,test,Overlap-Group-1,top_minus_random,random_row,3,300,0.23548038085301717,,,,0.2102368278503418,0.2632985187669595
40f,15,15,44,test,Overlap-Group-1,top_minus_random,random_row,5,300,0.17685677617788315,,,,0.14824651522686086,0.2043294454564651
40f,15,15,44,test,Overlap-Group-1,top_minus_random,random_row,10,300,0.07740813702344894,,,,0.059554907610019046,0.0968186211536328
40f,15,15,44,test,Reconnaissance,top,median,1,300,0.3420780897140503,0.30333333333333334,0.04428607225418091,0.8866666555404663,,
40f,15,15,44,test,Reconnaissance,top,median,3,300,0.8373012542724609,1.0,0.42524367570877075,0.8866666555404663,,
40f,15,15,44,test,Reconnaissance,top,median,5,300,0.8645389080047607,1.0,0.6431236863136292,0.8866666555404663,,
40f,15,15,44,test,Reconnaissance,top,median,10,300,0.8723233938217163,1.0,0.8289248943328857,0.8866666555404663,,
40f,15,15,44,test,Reconnaissance,least,median,1,300,0.011796870268881321,0.023333333333333334,0.012638961896300316,0.8866666555404663,,
40f,15,15,44,test,Reconnaissance,least,median,3,300,0.0602838397026062,0.10666666666666667,0.012981845997273922,0.8866666555404663,,
40f,15,15,44,test,Reconnaissance,least,median,5,300,0.11498972773551941,0.16666666666666666,0.016300776973366737,0.8866666555404663,,
40f,15,15,44,test,Reconnaissance,least,median,10,300,0.2614693343639374,0.29,0.022809119895100594,0.8866666555404663,,
40f,15,15,44,test,Reconnaissance,random,median,1,300,0.07344821840524673,0.07666666666666666,0.023016156628727913,0.8866666555404663,,
40f,15,15,44,test,Reconnaissance,random,median,3,300,0.2655806839466095,0.2733333333333333,0.07366584986448288,0.8866666555404663,,
40f,15,15,44,test,Reconnaissance,random,median,5,300,0.4387546181678772,0.51,0.14604121446609497,0.8866666555404663,,
40f,15,15,44,test,Reconnaissance,random,median,10,300,0.7687786817550659,0.93,0.45204398036003113,0.8866666555404663,,
40f,15,15,44,test,Reconnaissance,top,random_row,1,300,0.38849055767059326,0.34,0.11314359307289124,0.8866666555404663,,
40f,15,15,44,test,Reconnaissance,top,random_row,3,300,0.7663499712944031,0.9066666666666666,0.18431955575942993,0.8866666555404663,,
40f,15,15,44,test,Reconnaissance,top,random_row,5,300,0.8142139911651611,0.9366666666666666,0.3373779058456421,0.8866666555404663,,
40f,15,15,44,test,Reconnaissance,top,random_row,10,300,0.8151906728744507,0.94,0.6415649652481079,0.8866666555404663,,
40f,15,15,44,test,Reconnaissance,least,random_row,1,300,0.017458273097872734,0.03666666666666667,0.0905761569738388,0.8866666555404663,,
40f,15,15,44,test,Reconnaissance,least,random_row,3,300,0.12951530516147614,0.17,0.0827656015753746,0.8866666555404663,,
40f,15,15,44,test,Reconnaissance,least,random_row,5,300,0.27153733372688293,0.31666666666666665,0.07343306392431259,0.8866666555404663,,
40f,15,15,44,test,Reconnaissance,least,random_row,10,300,0.5600448846817017,0.6033333333333334,0.07422574609518051,0.8866666555404663,,
40f,15,15,44,test,Reconnaissance,random,random_row,1,300,0.09326072782278061,0.10666666666666667,0.09216578304767609,0.8866666555404663,,
40f,15,15,44,test,Reconnaissance,random,random_row,3,300,0.3145979940891266,0.35,0.09764988720417023,0.8866666555404663,,
40f,15,15,44,test,Reconnaissance,random,random_row,5,300,0.5043801665306091,0.5666666666666667,0.11826322227716446,0.8866666555404663,,
40f,15,15,44,test,Reconnaissance,random,random_row,10,300,0.7643844485282898,0.8666666666666667,0.3553120791912079,0.8866666555404663,,
40f,15,15,44,test,Reconnaissance,top_minus_random,median,1,300,0.2686298903822899,,,,0.23812917809933426,0.2982364709675312
40f,15,15,44,test,Reconnaissance,top_minus_random,median,3,300,0.5717205606897672,,,,0.5323710444569587,0.6089663656006257
40f,15,15,44,test,Reconnaissance,top_minus_random,median,5,300,0.4257842097679774,,,,0.39025595429042975,0.4615392931153377
40f,15,15,44,test,Reconnaissance,top_minus_random,median,10,300,0.1035446893175443,,,,0.08739854549616576,0.12294928842286268
40f,15,15,44,test,Reconnaissance,top_minus_random,random_row,1,300,0.2952298245827357,,,,0.26479910909136134,0.3252728917896748
40f,15,15,44,test,Reconnaissance,top_minus_random,random_row,3,300,0.4517520306507746,,,,0.41052120756109556,0.4881372916276256
40f,15,15,44,test,Reconnaissance,top_minus_random,random_row,5,300,0.30983381082614264,,,,0.2749065912514925,0.3446660415331522
40f,15,15,44,test,Reconnaissance,top_minus_random,random_row,10,300,0.05080626477797826,,,,0.032848384027679756,0.06824863597253958
40f,15,15,44,test,Unknown,top,median,1,200,0.18623647093772888,0.745,0.25836265087127686,0.4536247253417969,,
40f,15,15,44,test,Unknown,top,median,3,200,0.2826286554336548,0.87,0.3237758278846741,0.4536247253417969,,
40f,15,15,44,test,Unknown,top,median,5,200,0.3314945101737976,0.93,0.4272184669971466,0.4536247253417969,,
40f,15,15,44,test,Unknown,top,median,10,200,0.35112467408180237,0.93,0.5463047027587891,0.4536247253417969,,
40f,15,15,44,test,Unknown,least,median,1,200,-0.0122289527207613,0.09,0.19772718846797943,0.4536247253417969,,
40f,15,15,44,test,Unknown,least,median,3,200,-0.004807793069630861,0.31,0.21884307265281677,0.4536247253417969,,
40f,15,15,44,test,Unknown,least,median,5,200,0.028261179104447365,0.435,0.22196678817272186,0.4536247253417969,,
40f,15,15,44,test,Unknown,least,median,10,200,0.16914448142051697,0.71,0.2585142254829407,0.4536247253417969,,
40f,15,15,44,test,Unknown,random,median,1,200,0.046361904591321945,0.32,0.21190635859966278,0.4536247253417969,,
40f,15,15,44,test,Unknown,random,median,3,200,0.10720515996217728,0.54,0.22299499809741974,0.4536247253417969,,
40f,15,15,44,test,Unknown,random,median,5,200,0.13852252066135406,0.62,0.24282187223434448,0.4536247253417969,,
40f,15,15,44,test,Unknown,random,median,10,200,0.2130327969789505,0.745,0.31683310866355896,0.4536247253417969,,
40f,15,15,44,test,Unknown,top,random_row,1,200,0.15554754436016083,0.63,0.21657687425613403,0.4536247253417969,,
40f,15,15,44,test,Unknown,top,random_row,3,200,0.27167361974716187,0.815,0.28950947523117065,0.4536247253417969,,
40f,15,15,44,test,Unknown,top,random_row,5,200,0.31668952107429504,0.865,0.3753572702407837,0.4536247253417969,,
40f,15,15,44,test,Unknown,top,random_row,10,200,0.3170270621776581,0.855,0.508831262588501,0.4536247253417969,,
40f,15,15,44,test,Unknown,least,random_row,1,200,0.0011397814378142357,0.175,0.18813423812389374,0.4536247253417969,,
40f,15,15,44,test,Unknown,least,random_row,3,200,0.007797546219080687,0.31,0.1902986466884613,0.4536247253417969,,
40f,15,15,44,test,Unknown,least,random_row,5,200,0.04343129321932793,0.44,0.18990059196949005,0.4536247253417969,,
40f,15,15,44,test,Unknown,least,random_row,10,200,0.16830919682979584,0.655,0.23516391217708588,0.4536247253417969,,
40f,15,15,44,test,Unknown,random,random_row,1,200,0.039288390427827835,0.315,0.1966041624546051,0.4536247253417969,,
40f,15,15,44,test,Unknown,random,random_row,3,200,0.09010300040245056,0.505,0.20777806639671326,0.4536247253417969,,
40f,15,15,44,test,Unknown,random,random_row,5,200,0.1284218281507492,0.59,0.21127089858055115,0.4536247253417969,,
40f,15,15,44,test,Unknown,random,random_row,10,200,0.22383823990821838,0.745,0.29332032799720764,0.4536247253417969,,
40f,15,15,44,test,Unknown,top_minus_random,median,1,200,0.13987457141280174,,,,0.11489043274521828,0.16610128140076993
40f,15,15,44,test,Unknown,top_minus_random,median,3,200,0.17542350254952907,,,,0.14239611162990334,0.20724099449440836
40f,15,15,44,test,Unknown,top_minus_random,median,5,200,0.19297199457883835,,,,0.1555178490243852,0.2276274775173515
40f,15,15,44,test,Unknown,top_minus_random,median,10,200,0.13809185221791268,,,,0.1005238326471299,0.17947321090847254
40f,15,15,44,test,Unknown,top_minus_random,random_row,1,200,0.116259156614542,,,,0.08769849550165237,0.14529480691067873
40f,15,15,44,test,Unknown,top_minus_random,random_row,3,200,0.18157064735889436,,,,0.14934097803942858,0.21479398085176943
40f,15,15,44,test,Unknown,top_minus_random,random_row,5,200,0.18826767161488533,,,,0.1553420569114387,0.2211310443226248
40f,15,15,44,test,Unknown,top_minus_random,random_row,10,200,0.0931888335198164,,,,0.060754309823736544,0.12651442451402545
40f,15,15,44,validation,all,top,median,1,2000,0.28528282046318054,0.3965,0.3059811294078827,0.8034404516220093,,
40f,15,15,44,validation,all,top,median,3,2000,0.550944447517395,0.7875,0.5918950438499451,0.8034404516220093,,
40f,15,15,44,validation,all,top,median,5,2000,0.6100252866744995,0.844,0.6843891739845276,0.8034404516220093,,
40f,15,15,44,validation,all,top,median,10,2000,0.6615691184997559,0.7765,0.7849312424659729,0.8034404516220093,,
40f,15,15,44,validation,all,least,median,1,2000,0.0017814968014135957,0.021,0.1980636864900589,0.8034404516220093,,
40f,15,15,44,validation,all,least,median,3,2000,0.02299690991640091,0.076,0.2027197629213333,0.8034404516220093,,
40f,15,15,44,validation,all,least,median,5,2000,0.05091780051589012,0.121,0.19589082896709442,0.8034404516220093,,
40f,15,15,44,validation,all,least,median,10,2000,0.15231424570083618,0.2915,0.24936701357364655,0.8034404516220093,,
40f,15,15,44,validation,all,random,median,1,2000,0.05654185637831688,0.104,0.19133374094963074,0.8034404516220093,,
40f,15,15,44,validation,all,random,median,3,2000,0.16680695116519928,0.244,0.24466338753700256,0.8034404516220093,,
40f,15,15,44,validation,all,random,median,5,2000,0.2838563621044159,0.3875,0.3152109384536743,0.8034404516220093,,
40f,15,15,44,validation,all,random,median,10,2000,0.49719950556755066,0.6625,0.5233115553855896,0.8034404516220093,,
40f,15,15,44,validation,all,top,random_row,1,2000,0.2585288882255554,0.363,0.23198434710502625,0.8034404516220093,,
40f,15,15,44,validation,all,top,random_row,3,2000,0.550447404384613,0.7425,0.46415409445762634,0.8034404516220093,,
40f,15,15,44,validation,all,top,random_row,5,2000,0.6223440170288086,0.823,0.5571944713592529,0.8034404516220093,,
40f,15,15,44,validation,all,top,random_row,10,2000,0.6575090885162354,0.855,0.7432301044464111,0.8034404516220093,,
40f,15,15,44,validation,all,least,random_row,1,2000,0.013342106714844704,0.0305,0.18135571479797363,0.8034404516220093,,
40f,15,15,44,validation,all,least,random_row,3,2000,0.045525502413511276,0.0915,0.1793483942747116,0.8034404516220093,,
40f,15,15,44,validation,all,least,random_row,5,2000,0.08949434012174606,0.152,0.17163045704364777,0.8034404516220093,,
40f,15,15,44,validation,all,least,random_row,10,2000,0.2732847034931183,0.388,0.2110976129770279,0.8034404516220093,,
40f,15,15,44,validation,all,random,random_row,1,2000,0.05914856493473053,0.1065,0.18557408452033997,0.8034404516220093,,
40f,15,15,44,validation,all,random,random_row,3,2000,0.18310171365737915,0.2665,0.21762500703334808,0.8034404516220093,,
40f,15,15,44,validation,all,random,random_row,5,2000,0.31298860907554626,0.4385,0.26849326491355896,0.8034404516220093,,
40f,15,15,44,validation,all,random,random_row,10,2000,0.5374314188957214,0.709,0.4958514869213104,0.8034404516220093,,
40f,15,15,44,validation,all,top_minus_random,median,1,2000,0.22874094117432833,,,,0.21622550826594233,0.24106431028787045
40f,15,15,44,validation,all,top_minus_random,median,3,2000,0.3841375187933445,,,,0.36766375208105895,0.3997214683126658
40f,15,15,44,validation,all,top_minus_random,median,5,2000,0.32616884223371745,,,,0.3117001354092732,0.34049555240608753
40f,15,15,44,validation,all,top_minus_random,median,10,2000,0.16436955132335423,,,,0.15329873845037073,0.1757599105473608
40f,15,15,44,validation,all,top_minus_random,random_row,1,2000,0.19938033241778613,,,,0.1881505360964686,0.21110072646178304
40f,15,15,44,validation,all,top_minus_random,random_row,3,2000,0.36734569279104473,,,,0.35193157688695936,0.3831315360786393
40f,15,15,44,validation,all,top_minus_random,random_row,5,2000,0.3093553479388356,,,,0.29381012741345913,0.32378560597114264
40f,15,15,44,validation,all,top_minus_random,random_row,10,2000,0.12007762669026852,,,,0.10904221308939159,0.13008004184570163
40f,15,15,44,validation,Exploits,top,median,1,300,0.4388636350631714,0.49666666666666665,0.2556656301021576,0.8533877730369568,,
40f,15,15,44,validation,Exploits,top,median,3,300,0.6943960785865784,0.8933333333333333,0.7117437720298767,0.8533877730369568,,
40f,15,15,44,validation,Exploits,top,median,5,300,0.7738410234451294,0.97,0.8306235671043396,0.8533877730369568,,
40f,15,15,44,validation,Exploits,top,median,10,300,0.8109486103057861,0.9833333333333333,0.8836639523506165,0.8533877730369568,,
40f,15,15,44,validation,Exploits,least,median,1,300,-0.005369745660573244,0.0033333333333333335,0.032282713800668716,0.8533877730369568,,
40f,15,15,44,validation,Exploits,least,median,3,300,-0.02109890803694725,0.0033333333333333335,0.03813599795103073,0.8533877730369568,,
40f,15,15,44,validation,Exploits,least,median,5,300,-0.019931508228182793,0.016666666666666666,0.04445718601346016,0.8533877730369568,,
40f,15,15,44,validation,Exploits,least,median,10,300,0.056428126990795135,0.08333333333333333,0.08718468993902206,0.8533877730369568,,
40f,15,15,44,validation,Exploits,random,median,1,300,0.052787989377975464,0.06,0.05918359011411667,0.8533877730369568,,
40f,15,15,44,validation,Exploits,random,median,3,300,0.1932910978794098,0.21666666666666667,0.15540577471256256,0.8533877730369568,,
40f,15,15,44,validation,Exploits,random,median,5,300,0.33125415444374084,0.3566666666666667,0.26704689860343933,0.8533877730369568,,
40f,15,15,44,validation,Exploits,random,median,10,300,0.6044141054153442,0.6966666666666667,0.5299558043479919,0.8533877730369568,,
40f,15,15,44,validation,Exploits,top,random_row,1,300,0.2338140308856964,0.25666666666666665,0.27294984459877014,0.8533877730369568,,
40f,15,15,44,validation,Exploits,top,random_row,3,300,0.4179086685180664,0.47,0.42359524965286255,0.8533877730369568,,
40f,15,15,44,validation,Exploits,top,random_row,5,300,0.5470770001411438,0.6433333333333333,0.5785083770751953,0.8533877730369568,,
40f,15,15,44,validation,Exploits,top,random_row,10,300,0.6471271514892578,0.7666666666666667,0.8173605799674988,0.8533877730369568,,
40f,15,15,44,validation,Exploits,least,random_row,1,300,0.002617444610223174,0.006666666666666667,0.20329467952251434,0.8533877730369568,,
40f,15,15,44,validation,Exploits,least,random_row,3,300,0.013974180445075035,0.013333333333333334,0.20999810099601746,0.8533877730369568,,
40f,15,15,44,validation,Exploits,least,random_row,5,300,0.060445111244916916,0.06,0.21158553659915924,0.8533877730369568,,
40f,15,15,44,validation,Exploits,least,random_row,10,300,0.2914363741874695,0.31666666666666665,0.32056570053100586,0.8533877730369568,,
40f,15,15,44,validation,Exploits,random,random_row,1,300,0.03862673044204712,0.043333333333333335,0.21645759046077728,0.8533877730369568,,
40f,15,15,44,validation,Exploits,random,random_row,3,300,0.14585614204406738,0.13,0.2884260416030884,0.8533877730369568,,
40f,15,15,44,validation,Exploits,random,random_row,5,300,0.24792347848415375,0.23333333333333334,0.3794877529144287,0.8533877730369568,,
40f,15,15,44,validation,Exploits,random,random_row,10,300,0.48182860016822815,0.5333333333333333,0.6043992638587952,0.8533877730369568,,
40f,15,15,44,validation,Exploits,top_minus_random,median,1,300,0.3860755824049314,,,,0.3424190933331847,0.4258763307258487
40f,15,15,44,validation,Exploits,top_minus_random,median,3,300,0.5011049793163935,,,,0.4595986864641309,0.5399048193941514
40f,15,15,44,validation,Exploits,top_minus_random,median,5,300,0.44258693863948184,,,,0.40048253395656747,0.48439351347088816
40f,15,15,44,validation,Exploits,top_minus_random,median,10,300,0.20653441101312636,,,,0.17480869055042667,0.23931163320442037
40f,15,15,44,validation,Exploits,top_minus_random,random_row,1,300,0.19518731911977133,,,,0.16353511473536492,0.22409629451483482
40f,15,15,44,validation,Exploits,top_minus_random,random_row,3,300,0.2720525742570559,,,,0.23566532463083664,0.30868304499735433
40f,15,15,44,validation,Exploits,top_minus_random,random_row,5,300,0.2991534925500552,,,,0.2585597503359119,0.33503097401311005
40f,15,15,44,validation,Exploits,top_minus_random,random_row,10,300,0.16529855330785115,,,,0.13241822895159325,0.19541609524935485
40f,15,15,44,validation,Fuzzers,top,median,1,300,0.32900843024253845,0.42,0.0039838277734816074,0.7296445965766907,,
40f,15,15,44,validation,Fuzzers,top,median,3,300,0.5309892892837524,0.8333333333333334,0.01820622757077217,0.7296445965766907,,
40f,15,15,44,validation,Fuzzers,top,median,5,300,0.6663303375244141,0.9233333333333333,0.14315392076969147,0.7296445965766907,,
40f,15,15,44,validation,Fuzzers,top,median,10,300,0.7249931693077087,1.0,0.5564082264900208,0.7296445965766907,,
40f,15,15,44,validation,Fuzzers,least,median,1,300,0.02504149079322815,0.023333333333333334,0.003036891110241413,0.7296445965766907,,
40f,15,15,44,validation,Fuzzers,least,median,3,300,0.10890617221593857,0.13333333333333333,0.009047278203070164,0.7296445965766907,,
40f,15,15,44,validation,Fuzzers,least,median,5,300,0.20019397139549255,0.26,0.01209570374339819,0.7296445965766907,,
40f,15,15,44,validation,Fuzzers,least,median,10,300,0.6382902264595032,0.94,0.14624200761318207,0.7296445965766907,,
40f,15,15,44,validation,Fuzzers,random,median,1,300,0.1265542209148407,0.17333333333333334,0.005944008938968182,0.7296445965766907,,
40f,15,15,44,validation,Fuzzers,random,median,3,300,0.31385567784309387,0.42333333333333334,0.021054815500974655,0.7296445965766907,,
40f,15,15,44,validation,Fuzzers,random,median,5,300,0.49371206760406494,0.7066666666666667,0.04624159634113312,0.7296445965766907,,
40f,15,15,44,validation,Fuzzers,random,median,10,300,0.677253007888794,0.98,0.23554646968841553,0.7296445965766907,,
40f,15,15,44,validation,Fuzzers,top,random_row,1,300,0.33570414781570435,0.48333333333333334,0.21244405210018158,0.7296445965766907,,
40f,15,15,44,validation,Fuzzers,top,random_row,3,300,0.5270314812660217,0.78,0.24419830739498138,0.7296445965766907,,
40f,15,15,44,validation,Fuzzers,top,random_row,5,300,0.5970533490180969,0.8566666666666667,0.3317970335483551,0.7296445965766907,,
40f,15,15,44,validation,Fuzzers,top,random_row,10,300,0.6182217597961426,0.8766666666666667,0.5783402323722839,0.7296445965766907,,
40f,15,15,44,validation,Fuzzers,least,random_row,1,300,0.03252265229821205,0.03666666666666667,0.20143185555934906,0.7296445965766907,,
40f,15,15,44,validation,Fuzzers,least,random_row,3,300,0.11636059731245041,0.14666666666666667,0.1887766569852829,0.7296445965766907,,
40f,15,15,44,validation,Fuzzers,least,random_row,5,300,0.19550427794456482,0.27,0.16809894144535065,0.7296445965766907,,
40f,15,15,44,validation,Fuzzers,least,random_row,10,300,0.4421510696411133,0.6066666666666667,0.177079975605011,0.7296445965766907,,
40f,15,15,44,validation,Fuzzers,random,random_row,1,300,0.10501261055469513,0.14,0.18447816371917725,0.7296445965766907,,
40f,15,15,44,validation,Fuzzers,random,random_row,3,300,0.28302714228630066,0.4033333333333333,0.17199428379535675,0.7296445965766907,,
40f,15,15,44,validation,Fuzzers,random,random_row,5,300,0.4103906750679016,0.6166666666666667,0.1789206564426422,0.7296445965766907,,
40f,15,15,44,validation,Fuzzers,random,random_row,10,300,0.5385438799858093,0.7766666666666666,0.3177212178707123,0.7296445965766907,,
40f,15,15,44,validation,Fuzzers,top_minus_random,median,1,300,0.20245422581831615,,,,0.16762162710229556,0.23539432655274867
40f,15,15,44,validation,Fuzzers,top_minus_random,median,3,300,0.21713357587655385,,,,0.18616067417959373,0.24964952000478904
40f,15,15,44,validation,Fuzzers,top_minus_random,median,5,300,0.17261819551388422,,,,0.1481495769818624,0.19741460251311463
40f,15,15,44,validation,Fuzzers,top_minus_random,median,10,300,0.04774020860592524,,,,0.03825432041535775,0.05752668206145366
40f,15,15,44,validation,Fuzzers,top_minus_random,random_row,1,300,0.23069152742624283,,,,0.19336118078728518,0.2690609358176589
40f,15,15,44,validation,Fuzzers,top_minus_random,random_row,3,300,0.24400432447592418,,,,0.209790061985453,0.2768055034428835
40f,15,15,44,validation,Fuzzers,top_minus_random,random_row,5,300,0.18666263590256374,,,,0.15775871959825355,0.21405294009546438
40f,15,15,44,validation,Fuzzers,top_minus_random,random_row,10,300,0.07967785815397899,,,,0.06014265120526155,0.0991134631584088
40f,15,15,44,validation,Generic,top,median,1,300,0.17233934998512268,0.07666666666666666,0.021633019670844078,0.9778222441673279,,
40f,15,15,44,validation,Generic,top,median,3,300,0.9483252763748169,1.0,0.9170452952384949,0.9778222441673279,,
40f,15,15,44,validation,Generic,top,median,5,300,0.9616808891296387,1.0,0.9369362592697144,0.9778222441673279,,
40f,15,15,44,validation,Generic,top,median,10,300,0.9696009159088135,1.0,0.9700862765312195,0.9778222441673279,,
40f,15,15,44,validation,Generic,least,median,1,300,0.0028914599679410458,0.0033333333333333335,0.0031309460755437613,0.9778222441673279,,
40f,15,15,44,validation,Generic,least,median,3,300,0.011323784478008747,0.023333333333333334,0.0052444664761424065,0.9778222441673279,,
40f,15,15,44,validation,Generic,least,median,5,300,0.020257767289876938,0.03333333333333333,0.007129233796149492,0.9778222441673279,,
40f,15,15,44,validation,Generic,least,median,10,300,0.04142148420214653,0.06,0.019332904368638992,0.9778222441673279,,
40f,15,15,44,validation,Generic,random,median,1,300,0.07407329231500626,0.09333333333333334,0.012431050650775433,0.9778222441673279,,
40f,15,15,44,validation,Generic,random,median,3,300,0.2192651331424713,0.2,0.07459551841020584,0.9778222441673279,,
40f,15,15,44,validation,Generic,random,median,5,300,0.40965068340301514,0.37666666666666665,0.19241319596767426,0.9778222441673279,,
40f,15,15,44,validation,Generic,random,median,10,300,0.8041499853134155,0.8633333333333333,0.5739855170249939,0.9778222441673279,,
40f,15,15,44,validation,Generic,top,random_row,1,300,0.16108767688274384,0.06666666666666667,0.05976971983909607,0.9778222441673279,,
40f,15,15,44,validation,Generic,top,random_row,3,300,0.9151610136032104,0.9766666666666667,0.8766133785247803,0.9778222441673279,,
40f,15,15,44,validation,Generic,top,random_row,5,300,0.9327064752578735,0.9766666666666667,0.9186588525772095,0.9778222441673279,,
40f,15,15,44,validation,Generic,top,random_row,10,300,0.9449926018714905,0.9766666666666667,0.9646399021148682,0.9778222441673279,,
40f,15,15,44,validation,Generic,least,random_row,1,300,0.004227297846227884,0.0033333333333333335,0.03710762411355972,0.9778222441673279,,
40f,15,15,44,validation,Generic,least,random_row,3,300,0.01636994630098343,0.016666666666666666,0.03711968660354614,0.9778222441673279,,
40f,15,15,44,validation,Generic,least,random_row,5,300,0.023772239685058594,0.03,0.035558898001909256,0.9778222441673279,,
40f,15,15,44,validation,Generic,least,random_row,10,300,0.0664658397436142,0.06,0.05065663903951645,0.9778222441673279,,
40f,15,15,44,validation,Generic,random,random_row,1,300,0.06949348747730255,0.08,0.0437462255358696,0.9778222441673279,,
40f,15,15,44,validation,Generic,random,random_row,3,300,0.20925873517990112,0.19666666666666666,0.09400967508554459,0.9778222441673279,,
40f,15,15,44,validation,Generic,random,random_row,5,300,0.4042491614818573,0.39666666666666667,0.20145171880722046,0.9778222441673279,,
40f,15,15,44,validation,Generic,random,random_row,10,300,0.7805711627006531,0.8,0.5955250859260559,0.9778222441673279,,
40f,15,15,44,validation,Generic,top_minus_random,median,1,300,0.09826605608065923,,,,0.07112515382965406,0.1258423740491271
40f,15,15,44,validation,Generic,top_minus_random,median,3,300,0.7290601361791292,,,,0.6915189988861481,0.7668975086808204
40f,15,15,44,validation,Generic,top_minus_random,median,5,300,0.5520302541057269,,,,0.5083935119012992,0.5968654456312458
40f,15,15,44,validation,Generic,top_minus_random,median,10,300,0.16545094748338063,,,,0.1371002449989319,0.19473855488002298
40f,15,15,44,validation,Generic,top_minus_random,random_row,1,300,0.091594185034434,,,,0.06616749684760968,0.11752309991170963
40f,15,15,44,validation,Generic,top_minus_random,random_row,3,300,0.7059022889534632,,,,0.6637993561724822,0.7453113731195529
40f,15,15,44,validation,Generic,top_minus_random,random_row,5,300,0.528457286854585,,,,0.4859613866508007,0.5731178733184934
40f,15,15,44,validation,Generic,top_minus_random,random_row,10,300,0.164421449303627,,,,0.13246329039831956,0.19917275809248286
40f,15,15,44,validation,Normal,top,median,1,300,0.06577801704406738,0.023333333333333334,0.9058988690376282,0.9953839182853699,,
40f,15,15,44,validation,Normal,top,median,3,300,0.10470069944858551,0.04,0.9624277949333191,0.9953839182853699,,
40f,15,15,44,validation,Normal,top,median,5,300,0.22014287114143372,0.21666666666666667,0.988776445388794,0.9953839182853699,,
40f,15,15,44,validation,Normal,top,median,10,300,0.5495295524597168,0.35,0.9976419806480408,0.9953839182853699,,
40f,15,15,44,validation,Normal,least,median,1,300,0.000709552550688386,0.0,0.6947563886642456,0.9953839182853699,,
40f,15,15,44,validation,Normal,least,median,3,300,0.0027440786361694336,0.0033333333333333335,0.6015176177024841,0.9953839182853699,,
40f,15,15,44,validation,Normal,least,median,5,300,0.004274911247193813,0.0,0.511520504951477,0.9953839182853699,,
40f,15,15,44,validation,Normal,least,median,10,300,0.018004197627305984,0.016666666666666666,0.8480290770530701,0.9953839182853699,,
40f,15,15,44,validation,Normal,random,median,1,300,0.006697545759379864,0.006666666666666667,0.7331717014312744,0.9953839182853699,,
40f,15,15,44,validation,Normal,random,median,3,300,0.02902788482606411,0.016666666666666666,0.7922090888023376,0.9953839182853699,,
40f,15,15,44,validation,Normal,random,median,5,300,0.05877239257097244,0.04,0.8626381158828735,0.9953839182853699,,
40f,15,15,44,validation,Normal,random,median,10,300,0.16235242784023285,0.10666666666666667,0.9488571286201477,0.9953839182853699,,
40f,15,15,44,validation,Normal,top,random_row,1,300,0.11624113470315933,0.08,0.6194367408752441,0.9953839182853699,,
40f,15,15,44,validation,Normal,top,random_row,3,300,0.4106135070323944,0.41333333333333333,0.880584716796875,0.9953839182853699,,
40f,15,15,44,validation,Normal,top,random_row,5,300,0.5759788751602173,0.5866666666666667,0.9429857134819031,0.9953839182853699,,
40f,15,15,44,validation,Normal,top,random_row,10,300,0.6188042163848877,0.6466666666666666,0.9906934499740601,0.9953839182853699,,
40f,15,15,44,validation,Normal,least,random_row,1,300,0.0012570262188091874,0.0,0.4496331214904785,0.9953839182853699,,
40f,15,15,44,validation,Normal,least,random_row,3,300,0.006564116571098566,0.006666666666666667,0.4289987087249756,0.9953839182853699,,
40f,15,15,44,validation,Normal,least,random_row,5,300,0.008015869185328484,0.0033333333333333335,0.40873900055885315,0.9953839182853699,,
40f,15,15,44,validation,Normal,least,random_row,10,300,0.054861489683389664,0.03,0.4625239074230194,0.9953839182853699,,
40f,15,15,44,validation,Normal,random,random_row,1,300,0.007021138444542885,0.0033333333333333335,0.4762096107006073,0.9953839182853699,,
40f,15,15,44,validation,Normal,random,random_row,3,300,0.06828748434782028,0.06,0.5378013253211975,0.9953839182853699,,
40f,15,15,44,validation,Normal,random,random_row,5,300,0.1577577143907547,0.13666666666666666,0.5878311991691589,0.9953839182853699,,
40f,15,15,44,validation,Normal,random,random_row,10,300,0.406191349029541,0.39,0.8832194209098816,0.9953839182853699,,
40f,15,15,44,validation,Normal,top_minus_random,median,1,300,0.059080466628074646,,,,0.04375261208911737,0.07479820831120014
40f,15,15,44,validation,Normal,top_minus_random,median,3,300,0.07567281494537989,,,,0.05727860720455647,0.09449835105240345
40f,15,15,44,validation,Normal,top_minus_random,median,5,300,0.16137046535809835,,,,0.13696227135757608,0.1895075204571088
40f,15,15,44,validation,Normal,top_minus_random,median,10,300,0.38717720210552214,,,,0.3587566291987896,0.41268727400898936
40f,15,15,44,validation,Normal,top_minus_random,random_row,1,300,0.1092199969291687,,,,0.08507282536228498,0.1338157910356919
40f,15,15,44,validation,Normal,top_minus_random,random_row,3,300,0.3423260023196538,,,,0.30481653963526095,0.38245564222335815
40f,15,15,44,validation,Normal,top_minus_random,random_row,5,300,0.41822115699450174,,,,0.37488022943834465,0.46462725017468137
40f,15,15,44,validation,Normal,top_minus_random,random_row,10,300,0.2126129150390625,,,,0.17477753439048926,0.24897345132629076
40f,15,15,44,validation,Overlap-Group-1,top,median,1,300,0.39783743023872375,0.8233333333333334,0.6791667938232422,0.5933887362480164,,
40f,15,15,44,validation,Overlap-Group-1,top,median,3,300,0.34845688939094543,0.9033333333333333,0.6958460211753845,0.5933887362480164,,
40f,15,15,44,validation,Overlap-Group-1,top,median,5,300,0.3440956771373749,0.9066666666666666,0.7172631025314331,0.5933887362480164,,
40f,15,15,44,validation,Overlap-Group-1,top,median,10,300,0.22521372139453888,0.22666666666666666,0.639675498008728,0.5933887362480164,,
40f,15,15,44,validation,Overlap-Group-1,least,median,1,300,-0.01832626387476921,0.013333333333333334,0.46544361114501953,0.5933887362480164,,
40f,15,15,44,validation,Overlap-Group-1,least,median,3,300,0.005616750568151474,0.04,0.5709185600280762,0.5933887362480164,,
40f,15,15,44,validation,Overlap-Group-1,least,median,5,300,-0.001734855119138956,0.05333333333333334,0.5893347263336182,0.5933887362480164,,
40f,15,15,44,validation,Overlap-Group-1,least,median,10,300,-0.11085895448923111,0.15,0.3835585415363312,0.5933887362480164,,
40f,15,15,44,validation,Overlap-Group-1,random,median,1,300,0.023417185992002487,0.06666666666666667,0.3397770822048187,0.5933887362480164,,
40f,15,15,44,validation,Overlap-Group-1,random,median,3,300,0.046369519084692,0.16666666666666666,0.4102778136730194,0.5933887362480164,,
40f,15,15,44,validation,Overlap-Group-1,random,median,5,300,0.08101784437894821,0.26666666666666666,0.46433573961257935,0.5933887362480164,,
40f,15,15,44,validation,Overlap-Group-1,random,median,10,300,0.12658339738845825,0.3433333333333333,0.5136266350746155,0.5933887362480164,,
40f,15,15,44,validation,Overlap-Group-1,top,random_row,1,300,0.3366919755935669,0.7233333333333334,0.14746476709842682,0.5933887362480164,,
40f,15,15,44,validation,Overlap-Group-1,top,random_row,3,300,0.40899693965911865,0.84,0.318906307220459,0.5933887362480164,,
40f,15,15,44,validation,Overlap-Group-1,top,random_row,5,300,0.4371885061264038,0.8766666666666667,0.3960273861885071,0.5933887362480164,,
40f,15,15,44,validation,Overlap-Group-1,top,random_row,10,300,0.49639883637428284,0.9166666666666666,0.6075697541236877,0.5933887362480164,,
40f,15,15,44,validation,Overlap-Group-1,least,random_row,1,300,0.02674134634435177,0.01,0.11516845971345901,0.5933887362480164,,
40f,15,15,44,validation,Overlap-Group-1,least,random_row,3,300,0.020988095551729202,0.03333333333333333,0.1314539611339569,0.5933887362480164,,
40f,15,15,44,validation,Overlap-Group-1,least,random_row,5,300,0.010658055543899536,0.06666666666666667,0.13364450633525848,0.5933887362480164,,
40f,15,15,44,validation,Overlap-Group-1,least,random_row,10,300,0.2500412166118622,0.49666666666666665,0.20771440863609314,0.5933887362480164,,
40f,15,15,44,validation,Overlap-Group-1,random,random_row,1,300,0.052063968032598495,0.11666666666666667,0.11180928349494934,0.5933887362480164,,
40f,15,15,44,validation,Overlap-Group-1,random,random_row,3,300,0.1367647796869278,0.32,0.14548970758914948,0.5933887362480164,,
40f,15,15,44,validation,Overlap-Group-1,random,random_row,5,300,0.23748739063739777,0.5266666666666666,0.2070559710264206,0.5933887362480164,,
40f,15,15,44,validation,Overlap-Group-1,random,random_row,10,300,0.4189492166042328,0.81,0.36768707633018494,0.5933887362480164,,
40f,15,15,44,validation,Overlap-Group-1,top_minus_random,median,1,300,0.3744202236334483,,,,0.3517313628991445,0.3960822358876467
40f,15,15,44,validation,Overlap-Group-1,top_minus_random,median,3,300,0.3020873556534449,,,,0.27829287064075475,0.32542321674525737
40f,15,15,44,validation,Overlap-Group-1,top_minus_random,median,5,300,0.26307782759269077,,,,0.23712271123627823,0.2902688264076908
40f,15,15,44,validation,Overlap-Group-1,top_minus_random,median,10,300,0.0986303303639094,,,,0.07500829758743445,0.12047852385044097
40f,15,15,44,validation,Overlap-Group-1,top_minus_random,random_row,1,300,0.28462800989548365,,,,0.25877449311564366,0.3097570733949542
40f,15,15,44,validation,Overlap-Group-1,top_minus_random,random_row,3,300,0.27223214427630105,,,,0.24880606241275866,0.29793664280325177
40f,15,15,44,validation,Overlap-Group-1,top_minus_random,random_row,5,300,0.19970117489496866,,,,0.17258235881725947,0.22578909945239622
40f,15,15,44,validation,Overlap-Group-1,top_minus_random,random_row,10,300,0.07744962265094121,,,,0.06149500260005395,0.09312974958121777
40f,15,15,44,validation,Reconnaissance,top,median,1,300,0.3797208070755005,0.32666666666666666,0.04375656694173813,0.903342068195343,,
40f,15,15,44,validation,Reconnaissance,top,median,3,300,0.8556508421897888,1.0,0.42811015248298645,0.903342068195343,,
40f,15,15,44,validation,Reconnaissance,top,median,5,300,0.8805639743804932,1.0,0.6581138968467712,0.903342068195343,,
40f,15,15,44,validation,Reconnaissance,top,median,10,300,0.8880413770675659,1.0,0.8406623601913452,0.903342068195343,,
40f,15,15,44,validation,Reconnaissance,least,median,1,300,0.010742858983576298,0.016666666666666666,0.012515425682067871,0.903342068195343,,
40f,15,15,44,validation,Reconnaissance,least,median,3,300,0.05287725478410721,0.07666666666666666,0.013065234757959843,0.903342068195343,,
40f,15,15,44,validation,Reconnaissance,least,median,5,300,0.11532694846391678,0.14333333333333334,0.01611456461250782,0.903342068195343,,
40f,15,15,44,validation,Reconnaissance,least,median,10,300,0.26846563816070557,0.24333333333333335,0.02382458932697773,0.903342068195343,,
40f,15,15,44,validation,Reconnaissance,random,median,1,300,0.07860016822814941,0.10333333333333333,0.021587979048490524,0.903342068195343,,
40f,15,15,44,validation,Reconnaissance,random,median,3,300,0.24655553698539734,0.25666666666666665,0.05815913528203964,0.903342068195343,,
40f,15,15,44,validation,Reconnaissance,random,median,5,300,0.4297366440296173,0.44333333333333336,0.12929946184158325,0.903342068195343,,
40f,15,15,44,validation,Reconnaissance,random,median,10,300,0.7607530951499939,0.89,0.46258682012557983,0.903342068195343,,
40f,15,15,44,validation,Reconnaissance,top,random_row,1,300,0.4374426305294037,0.37,0.07712045311927795,0.903342068195343,,
40f,15,15,44,validation,Reconnaissance,top,random_row,3,300,0.8095656633377075,0.9166666666666666,0.15765680372714996,0.903342068195343,,
40f,15,15,44,validation,Reconnaissance,top,random_row,5,300,0.8569985032081604,0.9733333333333334,0.303670197725296,0.903342068195343,,
40f,15,15,44,validation,Reconnaissance,top,random_row,10,300,0.856774091720581,0.9633333333333334,0.669782280921936,0.903342068195343,,
40f,15,15,44,validation,Reconnaissance,least,random_row,1,300,0.01829344406723976,0.03333333333333333,0.054779089987277985,0.903342068195343,,
40f,15,15,44,validation,Reconnaissance,least,random_row,3,300,0.11821921169757843,0.16,0.0537852980196476,0.903342068195343,,
40f,15,15,44,validation,Reconnaissance,least,random_row,5,300,0.26562392711639404,0.29333333333333333,0.0450650230050087,0.903342068195343,,
40f,15,15,44,validation,Reconnaissance,least,random_row,10,300,0.6155573129653931,0.65,0.048601023852825165,0.903342068195343,,
40f,15,15,44,validation,Reconnaissance,random,random_row,1,300,0.09761843085289001,0.10666666666666667,0.059175848960876465,0.903342068195343,,
40f,15,15,44,validation,Reconnaissance,random,random_row,3,300,0.31944504380226135,0.3233333333333333,0.06557536125183105,0.903342068195343,,
40f,15,15,44,validation,Reconnaissance,random,random_row,5,300,0.5406325459480286,0.6033333333333334,0.08638336509466171,0.903342068195343,,
40f,15,15,44,validation,Reconnaissance,random,random_row,10,300,0.8159713745117188,0.9233333333333333,0.34546220302581787,0.903342068195343,,
40f,15,15,44,validation,Reconnaissance,top_minus_random,median,1,300,0.3011206393440565,,,,0.27249495072166124,0.33232536097367604
40f,15,15,44,validation,Reconnaissance,top_minus_random,median,3,300,0.6090953079859416,,,,0.5701136002019047,0.6472018242776394
40f,15,15,44,validation,Reconnaissance,top_minus_random,median,5,300,0.4508273282647133,,,,0.41346813688675566,0.4899120786885421
40f,15,15,44,validation,Reconnaissance,top_minus_random,median,10,300,0.1272882764538129,,,,0.10504429070651532,0.15043306762725114
40f,15,15,44,validation,Reconnaissance,top_minus_random,random_row,1,300,0.33982422322034833,,,,0.3074528536051512,0.3680218736926715
40f,15,15,44,validation,Reconnaissance,top_minus_random,random_row,3,300,0.49012066384156544,,,,0.4467268277804057,0.5310281497885783
40f,15,15,44,validation,Reconnaissance,top_minus_random,random_row,5,300,0.3163660193483035,,,,0.2780055767769615,0.35358865587910016
40f,15,15,44,validation,Reconnaissance,top_minus_random,random_row,10,300,0.04080270230770111,,,,0.02780861773093542,0.05580993104477723
40f,15,15,44,validation,Unknown,top,median,1,200,0.17750656604766846,0.715,0.19465458393096924,0.45495104789733887,,
40f,15,15,44,validation,Unknown,top,median,3,200,0.28566595911979675,0.87,0.318881630897522,0.45495104789733887,,
40f,15,15,44,validation,Unknown,top,median,5,200,0.3302699625492096,0.915,0.4315909445285797,0.45495104789733887,,
40f,15,15,44,validation,Unknown,top,median,10,200,0.3631996810436249,0.925,0.5171049237251282,0.45495104789733887,,
40f,15,15,44,validation,Unknown,least,median,1,200,-0.0057190642692148685,0.12,0.16388817131519318,0.45495104789733887,,
40f,15,15,44,validation,Unknown,least,median,3,200,-0.010584603995084763,0.34,0.1703035682439804,0.45495104789733887,,
40f,15,15,44,validation,Unknown,least,median,5,200,0.03159714862704277,0.45,0.1879303902387619,0.45495104789733887,,
40f,15,15,44,validation,Unknown,least,median,10,200,0.1555163562297821,0.675,0.2314126193523407,0.45495104789733887,,
40f,15,15,44,validation,Unknown,random,median,1,200,0.02222294732928276,0.285,0.15519440174102783,0.45495104789733887,,
40f,15,15,44,validation,Unknown,random,median,3,200,0.09552203863859177,0.52,0.17908069491386414,0.45495104789733887,,
40f,15,15,44,validation,Unknown,random,median,5,200,0.13234806060791016,0.59,0.2091466337442398,0.45495104789733887,,
40f,15,15,44,validation,Unknown,random,median,10,200,0.26873624324798584,0.805,0.33627787232398987,0.45495104789733887,,
40f,15,15,44,validation,Unknown,top,random_row,1,200,0.15381649136543274,0.66,0.23606495559215546,0.45495104789733887,,
40f,15,15,44,validation,Unknown,top,random_row,3,200,0.27055808901786804,0.83,0.2892087399959564,0.45495104789733887,,
40f,15,15,44,validation,Unknown,top,random_row,5,200,0.3029356002807617,0.86,0.3644733428955078,0.45495104789733887,,
40f,15,15,44,validation,Unknown,top,random_row,10,200,0.3016124367713928,0.83,0.4897215664386749,0.45495104789733887,,
40f,15,15,44,validation,Unknown,least,random_row,1,200,0.004932254087179899,0.17,0.22143495082855225,0.45495104789733887,,
40f,15,15,44,validation,Unknown,least,random_row,3,200,0.01654079742729664,0.35,0.21828529238700867,0.45495104789733887,,
40f,15,15,44,validation,Unknown,least,random_row,5,200,0.04891413822770119,0.435,0.21226680278778076,0.45495104789733887,,
40f,15,15,44,validation,Unknown,least,random_row,10,200,0.15207700431346893,0.64,0.2102636694908142,0.45495104789733887,,
40f,15,15,44,validation,Unknown,random,random_row,1,200,0.0367310605943203,0.33,0.21792568266391754,0.45495104789733887,,
40f,15,15,44,validation,Unknown,random,random_row,3,200,0.08705814182758331,0.515,0.22130542993545532,0.45495104789733887,,
40f,15,15,44,validation,Unknown,random,random_row,5,200,0.13222476840019226,0.615,0.2232365757226944,0.45495104789733887,,
40f,15,15,44,validation,Unknown,random,random_row,10,200,0.21123084425926208,0.74,0.2874934673309326,0.45495104789733887,,
40f,15,15,44,validation,Unknown,top_minus_random,median,1,200,0.15528362087905406,,,,0.12922458065114914,0.18261408504284915
40f,15,15,44,validation,Unknown,top_minus_random,median,3,200,0.1901439329981804,,,,0.16172002570703628,0.22094066659733652
40f,15,15,44,validation,Unknown,top_minus_random,median,5,200,0.19792190812528132,,,,0.16172416301257908,0.2318351814318448
40f,15,15,44,validation,Unknown,top_minus_random,median,10,200,0.09446344919502735,,,,0.06555460541136562,0.1266840193234384
40f,15,15,44,validation,Unknown,top_minus_random,random_row,1,200,0.11708543173968793,,,,0.08948538899049163,0.14521169560216365
40f,15,15,44,validation,Unknown,top_minus_random,random_row,3,200,0.1834999307245016,,,,0.15303003010712565,0.21501899150945245
40f,15,15,44,validation,Unknown,top_minus_random,random_row,5,200,0.17071082957088948,,,,0.13847825421020388,0.2037552322652191
40f,15,15,44,validation,Unknown,top_minus_random,random_row,10,200,0.0903816157579422,,,,0.0610980519577861,0.11994155784882606
40f,40,40,45,test,all,top,median,1,2000,0.3082350194454193,0.3965,0.3278489112854004,0.7877185940742493,,
40f,40,40,45,test,all,top,median,3,2000,0.5596237778663635,0.8235,0.49573877453804016,0.7877185940742493,,
40f,40,40,45,test,all,top,median,5,2000,0.6277719736099243,0.8655,0.6318791508674622,0.7877185940742493,,
40f,40,40,45,test,all,top,median,10,2000,0.6653400659561157,0.9015,0.7280257344245911,0.7877185940742493,,
40f,40,40,45,test,all,least,median,1,2000,0.0011380771175026894,0.0025,0.16946867108345032,0.7877185940742493,,
40f,40,40,45,test,all,least,median,3,2000,0.0009232932352460921,0.0035,0.16955231130123138,0.7877185940742493,,
40f,40,40,45,test,all,least,median,5,2000,0.0014979906845837831,0.01,0.1702648550271988,0.7877185940742493,,
40f,40,40,45,test,all,least,median,10,2000,0.02188865654170513,0.083,0.17605942487716675,0.7877185940742493,,
40f,40,40,45,test,all,random,median,1,2000,0.021222369745373726,0.057,0.17330002784729004,0.7877185940742493,,
40f,40,40,45,test,all,random,median,3,2000,0.06415077298879623,0.1325,0.1867201328277588,0.7877185940742493,,
40f,40,40,45,test,all,random,median,5,2000,0.10803931951522827,0.193,0.19894665479660034,0.7877185940742493,,
40f,40,40,45,test,all,random,median,10,2000,0.21976597607135773,0.334,0.2404220849275589,0.7877185940742493,,
40f,40,40,45,test,all,top,random_row,1,2000,0.24616804718971252,0.3255,0.20326238870620728,0.7877185940742493,,
40f,40,40,45,test,all,top,random_row,3,2000,0.502597451210022,0.7255,0.33212316036224365,0.7877185940742493,,
40f,40,40,45,test,all,top,random_row,5,2000,0.5972068905830383,0.817,0.44696155190467834,0.7877185940742493,,
40f,40,40,45,test,all,top,random_row,10,2000,0.659939169883728,0.8855,0.616488516330719,0.7877185940742493,,
40f,40,40,45,test,all,least,random_row,1,2000,0.000728630053345114,0.0015,0.16675949096679688,0.7877185940742493,,
40f,40,40,45,test,all,least,random_row,3,2000,0.0007535908953286707,0.0035,0.1667214184999466,0.7877185940742493,,
40f,40,40,45,test,all,least,random_row,5,2000,-0.0009466554038226604,0.014,0.16695328056812286,0.7877185940742493,,
40f,40,40,45,test,all,least,random_row,10,2000,0.016064701601862907,0.0955,0.16757631301879883,0.7877185940742493,,
40f,40,40,45,test,all,random,random_row,1,2000,0.019996969029307365,0.0575,0.16980621218681335,0.7877185940742493,,
40f,40,40,45,test,all,random,random_row,3,2000,0.06548309326171875,0.1395,0.17975160479545593,0.7877185940742493,,
40f,40,40,45,test,all,random,random_row,5,2000,0.11253474652767181,0.209,0.1856098473072052,0.7877185940742493,,
40f,40,40,45,test,all,random,random_row,10,2000,0.2314320057630539,0.347,0.22003890573978424,0.7877185940742493,,
40f,40,40,45,test,all,top_minus_random,median,1,2000,0.2870126364901662,,,,0.27578532204814254,0.299584044136107
40f,40,40,45,test,all,top_minus_random,median,3,2000,0.4954730331674218,,,,0.48104817707184705,0.5087110059740022
40f,40,40,45,test,all,top_minus_random,median,5,2000,0.5197326535582543,,,,0.5049013084093109,0.5328119363205508
40f,40,40,45,test,all,top_minus_random,median,10,2000,0.4455741564184427,,,,0.4310998068502173,0.4585006401466206
40f,40,40,45,test,all,top_minus_random,random_row,1,2000,0.22617106967419387,,,,0.21441451009288431,0.23754386694729326
40f,40,40,45,test,all,top_minus_random,random_row,3,2000,0.43711439609527586,,,,0.42156439368128773,0.45079135433454065
40f,40,40,45,test,all,top_minus_random,random_row,5,2000,0.484672183573246,,,,0.46941859404388814,0.4983317499306053
40f,40,40,45,test,all,top_minus_random,random_row,10,2000,0.4285071808174252,,,,0.4132855092400685,0.44297958297617734
40f,40,40,45,test,Exploits,top,median,1,300,0.5539327263832092,0.7766666666666666,0.4341568648815155,0.8291075229644775,,
40f,40,40,45,test,Exploits,top,median,3,300,0.697813093662262,0.9333333333333333,0.6231117248535156,0.8291075229644775,,
40f,40,40,45,test,Exploits,top,median,5,300,0.7593390941619873,0.98,0.7104329466819763,0.8291075229644775,,
40f,40,40,45,test,Exploits,top,median,10,300,0.7969130277633667,0.98,0.8107534050941467,0.8291075229644775,,
40f,40,40,45,test,Exploits,least,median,1,300,-4.831155365536688e-06,0.0,0.027362242341041565,0.8291075229644775,,
40f,40,40,45,test,Exploits,least,median,3,300,-0.0002435648493701592,0.0033333333333333335,0.027810821309685707,0.8291075229644775,,
40f,40,40,45,test,Exploits,least,median,5,300,-0.001516442745923996,0.0033333333333333335,0.028386440128087997,0.8291075229644775,,
40f,40,40,45,test,Exploits,least,median,10,300,-0.002961186459288001,0.006666666666666667,0.029823817312717438,0.8291075229644775,,
40f,40,40,45,test,Exploits,random,median,1,300,0.03269920498132706,0.04666666666666667,0.046339042484760284,0.8291075229644775,,
40f,40,40,45,test,Exploits,random,median,3,300,0.0847092941403389,0.11666666666666667,0.07926452159881592,0.8291075229644775,,
40f,40,40,45,test,Exploits,random,median,5,300,0.12724415957927704,0.14666666666666667,0.10141173005104065,0.8291075229644775,,
40f,40,40,45,test,Exploits,random,median,10,300,0.2377987653017044,0.2833333333333333,0.17654623091220856,0.8291075229644775,,
40f,40,40,45,test,Exploits,top,random_row,1,300,0.32240745425224304,0.45666666666666667,0.178358793258667,0.8291075229644775,,
40f,40,40,45,test,Exploits,top,random_row,3,300,0.454100638628006,0.6033333333333334,0.302223801612854,0.8291075229644775,,
40f,40,40,45,test,Exploits,top,random_row,5,300,0.5370249152183533,0.6666666666666666,0.42369869351387024,0.8291075229644775,,
40f,40,40,45,test,Exploits,top,random_row,10,300,0.639780580997467,0.7833333333333333,0.7097798585891724,0.8291075229644775,,
40f,40,40,45,test,Exploits,least,random_row,1,300,-3.3722321859386284e-06,0.0,0.1462114155292511,0.8291075229644775,,
40f,40,40,45,test,Exploits,least,random_row,3,300,0.00017316619050689042,0.0033333333333333335,0.1459134966135025,0.8291075229644775,,
40f,40,40,45,test,Exploits,least,random_row,5,300,-0.0030985979828983545,0.006666666666666667,0.1474776566028595,0.8291075229644775,,
40f,40,40,45,test,Exploits,least,random_row,10,300,-0.01013379916548729,0.02,0.1571573168039322,0.8291075229644775,,
40f,40,40,45,test,Exploits,random,random_row,1,300,0.019197607412934303,0.04,0.15904535353183746,0.8291075229644775,,
40f,40,40,45,test,Exploits,random,random_row,3,300,0.05098028853535652,0.09333333333333334,0.19144701957702637,0.8291075229644775,,
40f,40,40,45,test,Exploits,random,random_row,5,300,0.07811344414949417,0.12,0.21945896744728088,0.8291075229644775,,
40f,40,40,45,test,Exploits,random,random_row,10,300,0.1661827713251114,0.18333333333333332,0.2777630686759949,0.8291075229644775,,
40f,40,40,45,test,Exploits,top_minus_random,median,1,300,0.5212335379918417,,,,0.4908177131339908,0.5497563839505115
40f,40,40,45,test,Exploits,top_minus_random,median,3,300,0.613103855252266,,,,0.5810903252114852,0.6438439604689677
40f,40,40,45,test,Exploits,top_minus_random,median,5,300,0.632094963590304,,,,0.6021288642585277,0.6617411764487624
40f,40,40,45,test,Exploits,top_minus_random,median,10,300,0.559114254117012,,,,0.5248829080462456,0.5936715376277765
40f,40,40,45,test,Exploits,top_minus_random,random_row,1,300,0.3032098537683487,,,,0.2689475526163976,0.33727174283315736
40f,40,40,45,test,Exploits,top_minus_random,random_row,3,300,0.4031203316152096,,,,0.36466377702355385,0.43765489014859005
40f,40,40,45,test,Exploits,top_minus_random,random_row,5,300,0.45891150534152986,,,,0.4225787299374739,0.4940658641085029
40f,40,40,45,test,Exploits,top_minus_random,random_row,10,300,0.47359777599573133,,,,0.44087506093084816,0.5105789295832316
40f,40,40,45,test,Fuzzers,top,median,1,300,0.30123841762542725,0.41333333333333333,0.016055652871727943,0.7206527590751648,,
40f,40,40,45,test,Fuzzers,top,median,3,300,0.5203148126602173,0.81,0.0360519103705883,0.7206527590751648,,
40f,40,40,45,test,Fuzzers,top,median,5,300,0.6297145485877991,0.94,0.06494683772325516,0.7206527590751648,,
40f,40,40,45,test,Fuzzers,top,median,10,300,0.7015579342842102,1.0,0.27392327785491943,0.7206527590751648,,
40f,40,40,45,test,Fuzzers,least,median,1,300,0.007754053920507431,0.013333333333333334,0.0018299893708899617,0.7206527590751648,,
40f,40,40,45,test,Fuzzers,least,median,3,300,0.007711669430136681,0.013333333333333334,0.0018299893708899617,0.7206527590751648,,
40f,40,40,45,test,Fuzzers,least,median,5,300,0.010090463794767857,0.02,0.0019263215363025665,0.7206527590751648,,
40f,40,40,45,test,Fuzzers,least,median,10,300,0.10765768587589264,0.18666666666666668,0.004016554448753595,0.7206527590751648,,
40f,40,40,45,test,Fuzzers,random,median,1,300,0.041545022279024124,0.09666666666666666,0.0030253930017352104,0.7206527590751648,,
40f,40,40,45,test,Fuzzers,random,median,3,300,0.1188637763261795,0.20666666666666667,0.006770573556423187,0.7206527590751648,,
40f,40,40,45,test,Fuzzers,random,median,5,300,0.20080916583538055,0.3466666666666667,0.013391904532909393,0.7206527590751648,,
40f,40,40,45,test,Fuzzers,random,median,10,300,0.3731652498245239,0.5966666666666667,0.03403675556182861,0.7206527590751648,,
40f,40,40,45,test,Fuzzers,top,random_row,1,300,0.27923306822776794,0.38,0.15361681580543518,0.7206527590751648,,
40f,40,40,45,test,Fuzzers,top,random_row,3,300,0.47413939237594604,0.7033333333333334,0.18595656752586365,0.7206527590751648,,
40f,40,40,45,test,Fuzzers,top,random_row,5,300,0.5747317671775818,0.85,0.23997192084789276,0.7206527590751648,,
40f,40,40,45,test,Fuzzers,top,random_row,10,300,0.6446329951286316,0.95,0.35472485423088074,0.7206527590751648,,
40f,40,40,45,test,Fuzzers,least,random_row,1,300,0.005293191876262426,0.01,0.14578887820243835,0.7206527590751648,,
40f,40,40,45,test,Fuzzers,least,random_row,3,300,0.005267088767141104,0.01,0.14579348266124725,0.7206527590751648,,
40f,40,40,45,test,Fuzzers,least,random_row,5,300,0.007662096060812473,0.013333333333333334,0.14594566822052002,0.7206527590751648,,
40f,40,40,45,test,Fuzzers,least,random_row,10,300,0.11190561950206757,0.20666666666666667,0.13861806690692902,0.7206527590751648,,
40f,40,40,45,test,Fuzzers,random,random_row,1,300,0.03870394080877304,0.09,0.13955554366111755,0.7206527590751648,,
40f,40,40,45,test,Fuzzers,random,random_row,3,300,0.12111401557922363,0.21666666666666667,0.1432134509086609,0.7206527590751648,,
40f,40,40,45,test,Fuzzers,random,random_row,5,300,0.2031002789735794,0.36333333333333334,0.13905386626720428,0.7206527590751648,,
40f,40,40,45,test,Fuzzers,random,random_row,10,300,0.3518233299255371,0.54,0.14853906631469727,0.7206527590751648,,
40f,40,40,45,test,Fuzzers,top_minus_random,median,1,300,0.25969339698553084,,,,0.22853938448180755,0.29228716126829385
40f,40,40,45,test,Fuzzers,top_minus_random,median,3,300,0.4014510202407837,,,,0.3733178250466784,0.4300548743605614
40f,40,40,45,test,Fuzzers,top_minus_random,median,5,300,0.42890534083048504,,,,0.3999149614150326,0.4562500809381405
40f,40,40,45,test,Fuzzers,top_minus_random,median,10,300,0.3283926553527514,,,,0.3011130402808388,0.3576496052667498
40f,40,40,45,test,Fuzzers,top_minus_random,random_row,1,300,0.2405291223526001,,,,0.20488600889345013,0.2760725519731641
40f,40,40,45,test,Fuzzers,top_minus_random,random_row,3,300,0.3530253478884697,,,,0.3172504867265622,0.3882358010088404
40f,40,40,45,test,Fuzzers,top_minus_random,random_row,5,300,0.37163144553701083,,,,0.33689841458077235,0.40557791476696725
40f,40,40,45,test,Fuzzers,top_minus_random,random_row,10,300,0.29280962894360224,,,,0.2642628022283316,0.322554079776009
40f,40,40,45,test,Generic,top,median,1,300,0.20412269234657288,0.11333333333333333,0.041053805500268936,0.9806748628616333,,
40f,40,40,45,test,Generic,top,median,3,300,0.8778759837150574,1.0,0.6627503633499146,0.9806748628616333,,
40f,40,40,45,test,Generic,top,median,5,300,0.9754050970077515,1.0,0.8918002247810364,0.9806748628616333,,
40f,40,40,45,test,Generic,top,median,10,300,0.9782004952430725,1.0,0.9363535642623901,0.9806748628616333,,
40f,40,40,45,test,Generic,least,median,1,300,0.0,0.0,0.0038966441061347723,0.9806748628616333,,
40f,40,40,45,test,Generic,least,median,3,300,0.0,0.0,0.0038966441061347723,0.9806748628616333,,
40f,40,40,45,test,Generic,least,median,5,300,-6.303191184997559e-05,0.0,0.004057657904922962,0.9806748628616333,,
40f,40,40,45,test,Generic,least,median,10,300,0.006483237724751234,0.006666666666666667,0.00788811407983303,0.9806748628616333,,
40f,40,40,45,test,Generic,random,median,1,300,0.012558565475046635,0.006666666666666667,0.005893576890230179,0.9806748628616333,,
40f,40,40,45,test,Generic,random,median,3,300,0.05772118270397186,0.03666666666666667,0.014426568523049355,0.9806748628616333,,
40f,40,40,45,test,Generic,random,median,5,300,0.1094420999288559,0.06333333333333334,0.027455519884824753,0.9806748628616333,,
40f,40,40,45,test,Generic,random,median,10,300,0.2651059627532959,0.21333333333333335,0.09323276579380035,0.9806748628616333,,
40f,40,40,45,test,Generic,top,random_row,1,300,0.17659646272659302,0.09,0.14222131669521332,0.9806748628616333,,
40f,40,40,45,test,Generic,top,random_row,3,300,0.7479577660560608,0.77,0.5149628520011902,0.9806748628616333,,
40f,40,40,45,test,Generic,top,random_row,5,300,0.9092333912849426,0.9533333333333334,0.765826404094696,0.9806748628616333,,
40f,40,40,45,test,Generic,top,random_row,10,300,0.9322436451911926,0.96,0.8855804204940796,0.9806748628616333,,
40f,40,40,45,test,Generic,least,random_row,1,300,0.0,0.0,0.05753161013126373,0.9806748628616333,,
40f,40,40,45,test,Generic,least,random_row,3,300,0.0002541267895139754,0.0,0.05753262713551521,0.9806748628616333,,
40f,40,40,45,test,Generic,least,random_row,5,300,0.0004227276658639312,0.0,0.056650951504707336,0.9806748628616333,,
40f,40,40,45,test,Generic,least,random_row,10,300,0.007363487966358662,0.01,0.055633772164583206,0.9806748628616333,,
40f,40,40,45,test,Generic,random,random_row,1,300,0.00818598922342062,0.0033333333333333335,0.06138979643583298,0.9806748628616333,,
40f,40,40,45,test,Generic,random,random_row,3,300,0.046301085501909256,0.023333333333333334,0.06364382058382034,0.9806748628616333,,
40f,40,40,45,test,Generic,random,random_row,5,300,0.09497319906949997,0.07,0.0740746557712555,0.9806748628616333,,
40f,40,40,45,test,Generic,random,random_row,10,300,0.24227134883403778,0.20333333333333334,0.13477882742881775,0.9806748628616333,,
40f,40,40,45,test,Generic,top_minus_random,median,1,300,0.1915641348560651,,,,0.16568901408463718,0.21621698822577795
40f,40,40,45,test,Generic,top_minus_random,median,3,300,0.8201546904444694,,,,0.7994578068157037,0.839485388316214
40f,40,40,45,test,Generic,top_minus_random,median,5,300,0.8659629362821579,,,,0.8368018555591504,0.8922355705474814
40f,40,40,45,test,Generic,top_minus_random,median,10,300,0.7130945642789205,,,,0.676600529866914,0.7536239391416312
40f,40,40,45,test,Generic,top_minus_random,random_row,1,300,0.16841047525405883,,,,0.14347709524134797,0.19428408379107712
40f,40,40,45,test,Generic,top_minus_random,random_row,3,300,0.7016566522916158,,,,0.6727767929807306,0.7294159354915222
40f,40,40,45,test,Generic,top_minus_random,random_row,5,300,0.8142601897319158,,,,0.7778417616784573,0.8450773195698857
40f,40,40,45,test,Generic,top_minus_random,random_row,10,300,0.6899724182486534,,,,0.6504393253450592,0.7291237475872039
40f,40,40,45,test,Normal,top,median,1,300,0.14205937087535858,0.23,0.9457694292068481,0.9315963983535767,,
40f,40,40,45,test,Normal,top,median,3,300,0.17892196774482727,0.21,0.9592329859733582,0.9315963983535767,,
40f,40,40,45,test,Normal,top,median,5,300,0.21658065915107727,0.24333333333333335,0.9621514678001404,0.9315963983535767,,
40f,40,40,45,test,Normal,top,median,10,300,0.3307514488697052,0.39,0.9685018062591553,0.9315963983535767,,
40f,40,40,45,test,Normal,least,median,1,300,-4.371007111814151e-09,0.0,0.9135634303092957,0.9315963983535767,,
40f,40,40,45,test,Normal,least,median,3,300,3.623962356869015e-07,0.0,0.9135569334030151,0.9315963983535767,,
40f,40,40,45,test,Normal,least,median,5,300,-0.00044521529343910515,0.006666666666666667,0.9095914959907532,0.9315963983535767,,
40f,40,40,45,test,Normal,least,median,10,300,-0.0026301296893507242,0.01,0.886942446231842,0.9315963983535767,,
40f,40,40,45,test,Normal,random,median,1,300,0.0005138931446708739,0.01,0.8934655785560608,0.9315963983535767,,
40f,40,40,45,test,Normal,random,median,3,300,0.0029925608541816473,0.016666666666666666,0.869828462600708,0.9315963983535767,,
40f,40,40,45,test,Normal,random,median,5,300,0.019947277382016182,0.04,0.8559707403182983,0.9315963983535767,,
40f,40,40,45,test,Normal,random,median,10,300,0.04876754805445671,0.06666666666666667,0.8248940706253052,0.9315963983535767,,
40f,40,40,45,test,Normal,top,random_row,1,300,0.11004708707332611,0.17333333333333334,0.5799670219421387,0.9315963983535767,,
40f,40,40,45,test,Normal,top,random_row,3,300,0.2899377644062042,0.36666666666666664,0.752236008644104,0.9315963983535767,,
40f,40,40,45,test,Normal,top,random_row,5,300,0.3849576711654663,0.42,0.8048126101493835,0.9315963983535767,,
40f,40,40,45,test,Normal,top,random_row,10,300,0.5334486961364746,0.6233333333333333,0.8885948657989502,0.9315963983535767,,
40f,40,40,45,test,Normal,least,random_row,1,300,1.9868215517249155e-08,0.0,0.5255983471870422,0.9315963983535767,,
40f,40,40,45,test,Normal,least,random_row,3,300,-1.8310546465727384e-06,0.0,0.5255980491638184,0.9315963983535767,,
40f,40,40,45,test,Normal,least,random_row,5,300,0.00039634425775147974,0.006666666666666667,0.5238537788391113,0.9315963983535767,,
40f,40,40,45,test,Normal,least,random_row,10,300,0.005815204232931137,0.03333333333333333,0.5248784422874451,0.9315963983535767,,
40f,40,40,45,test,Normal,random,random_row,1,300,0.004330592229962349,0.02,0.5298696756362915,0.9315963983535767,,
40f,40,40,45,test,Normal,random,random_row,3,300,0.019785605370998383,0.05333333333333334,0.5496733784675598,0.9315963983535767,,
40f,40,40,45,test,Normal,random,random_row,5,300,0.03953660652041435,0.07666666666666666,0.5469819903373718,0.9315963983535767,,
40f,40,40,45,test,Normal,random,random_row,10,300,0.10359524935483932,0.13666666666666666,0.5863791704177856,0.9315963983535767,,
40f,40,40,45,test,Normal,top_minus_random,median,1,300,0.14154547333717346,,,,0.11659895808249712,0.1662082636555036
40f,40,40,45,test,Normal,top_minus_random,median,3,300,0.17592940668265025,,,,0.14976665740460157,0.20109304456661145
40f,40,40,45,test,Normal,top_minus_random,median,5,300,0.19663336704174678,,,,0.1706326147466898,0.2258461546326677
40f,40,40,45,test,Normal,top_minus_random,median,10,300,0.2819838969906171,,,,0.24820762391388418,0.3153322637726863
40f,40,40,45,test,Normal,top_minus_random,random_row,1,300,0.10571649620930354,,,,0.08479098548491797,0.1273498755892118
40f,40,40,45,test,Normal,top_minus_random,random_row,3,300,0.270152161916097,,,,0.2329358162234227,0.30667101249098777
40f,40,40,45,test,Normal,top_minus_random,random_row,5,300,0.3454210462172826,,,,0.3010264310737451,0.3875877681647738
40f,40,40,45,test,Normal,top_minus_random,random_row,10,300,0.42985348040858906,,,,0.3871173890332381,0.47593228743225335
40f,40,40,45,test,Overlap-Group-1,top,median,1,300,0.15904667973518372,0.26,0.510439932346344,0.6146976947784424,,
40f,40,40,45,test,Overlap-Group-1,top,median,3,300,0.4088849425315857,0.9033333333333333,0.5804982781410217,0.6146976947784424,,
40f,40,40,45,test,Overlap-Group-1,top,median,5,300,0.49956226348876953,0.9533333333333334,0.6137365102767944,0.6146976947784424,,
40f,40,40,45,test,Overlap-Group-1,top,median,10,300,0.5016726851463318,0.9866666666666667,0.6666483283042908,0.6146976947784424,,
40f,40,40,45,test,Overlap-Group-1,least,median,1,300,-0.00023410409630741924,0.0,0.051606349647045135,0.6146976947784424,,
40f,40,40,45,test,Overlap-Group-1,least,median,3,300,-0.00034328727633692324,0.0,0.05172792822122574,0.6146976947784424,,
40f,40,40,45,test,Overlap-Group-1,least,median,5,300,0.0022269662003964186,0.0,0.0581711083650589,0.6146976947784424,,
40f,40,40,45,test,Overlap-Group-1,least,median,10,300,-0.006404609885066748,0.016666666666666666,0.10510147362947464,0.6146976947784424,,
40f,40,40,45,test,Overlap-Group-1,random,median,1,300,0.011251055635511875,0.05,0.0727074146270752,0.6146976947784424,,
40f,40,40,45,test,Overlap-Group-1,random,median,3,300,0.04422270879149437,0.13333333333333333,0.12211227416992188,0.6146976947784424,,
40f,40,40,45,test,Overlap-Group-1,random,median,5,300,0.05785303935408592,0.19666666666666666,0.17089617252349854,0.6146976947784424,,
40f,40,40,45,test,Overlap-Group-1,random,median,10,300,0.10751429200172424,0.2733333333333333,0.2713106870651245,0.6146976947784424,,
40f,40,40,45,test,Overlap-Group-1,top,random_row,1,300,0.1616068035364151,0.25,0.10773520171642303,0.6146976947784424,,
40f,40,40,45,test,Overlap-Group-1,top,random_row,3,300,0.3977368474006653,0.86,0.18158775568008423,0.6146976947784424,,
40f,40,40,45,test,Overlap-Group-1,top,random_row,5,300,0.5031774640083313,0.94,0.27061542868614197,0.6146976947784424,,
40f,40,40,45,test,Overlap-Group-1,top,random_row,10,300,0.5450681447982788,0.9633333333333334,0.5322064161300659,0.6146976947784424,,
40f,40,40,45,test,Overlap-Group-1,least,random_row,1,300,-0.000174940621946007,0.0,0.07565831393003464,0.6146976947784424,,
40f,40,40,45,test,Overlap-Group-1,least,random_row,3,300,0.00026653011445887387,0.0,0.07565905898809433,0.6146976947784424,,
40f,40,40,45,test,Overlap-Group-1,least,random_row,5,300,-0.013846483081579208,0.0033333333333333335,0.07681380957365036,0.6146976947784424,,
40f,40,40,45,test,Overlap-Group-1,least,random_row,10,300,-0.049220383167266846,0.043333333333333335,0.07640159130096436,0.6146976947784424,,
40f,40,40,45,test,Overlap-Group-1,random,random_row,1,300,0.0234094075858593,0.05333333333333334,0.07819250971078873,0.6146976947784424,,
40f,40,40,45,test,Overlap-Group-1,random,random_row,3,300,0.058625489473342896,0.14333333333333334,0.08497374504804611,0.6146976947784424,,
40f,40,40,45,test,Overlap-Group-1,random,random_row,5,300,0.09711446613073349,0.22666666666666666,0.09329930692911148,0.6146976947784424,,
40f,40,40,45,test,Overlap-Group-1,random,random_row,10,300,0.1778617650270462,0.37666666666666665,0.12171409279108047,0.6146976947784424,,
40f,40,40,45,test,Overlap-Group-1,top_minus_random,median,1,300,0.14779563536246618,,,,0.12778794527053833,0.16526702270656823
40f,40,40,45,test,Overlap-Group-1,top_minus_random,median,3,300,0.36466223443547885,,,,0.34176890643686053,0.3877025152668357
40f,40,40,45,test,Overlap-Group-1,top_minus_random,median,5,300,0.4417092731595039,,,,0.4181842072407405,0.4681848965610067
40f,40,40,45,test,Overlap-Group-1,top_minus_random,median,10,300,0.3941583386560281,,,,0.36795659326265256,0.41909205230573815
40f,40,40,45,test,Overlap-Group-1,top_minus_random,random_row,1,300,0.13819739510615667,,,,0.11757820668071509,0.1564246801584959
40f,40,40,45,test,Overlap-Group-1,top_minus_random,random_row,3,300,0.33911135082443555,,,,0.3150814775923888,0.3634806429768602
40f,40,40,45,test,Overlap-Group-1,top_minus_random,random_row,5,300,0.40606304064393045,,,,0.38222965693349636,0.4317837807051837
40f,40,40,45,test,Overlap-Group-1,top_minus_random,random_row,10,300,0.36720642045140267,,,,0.3407715558446944,0.3940930255490045
40f,40,40,45,test,Reconnaissance,top,median,1,300,0.5504472255706787,0.3333333333333333,0.02689209021627903,0.9034749269485474,,
40f,40,40,45,test,Reconnaissance,top,median,3,300,0.8574840426445007,0.9966666666666667,0.18230779469013214,0.9034749269485474,,
40f,40,40,45,test,Reconnaissance,top,median,5,300,0.890437126159668,1.0,0.668894350528717,0.9034749269485474,,
40f,40,40,45,test,Reconnaissance,top,median,10,300,0.9002992510795593,1.0,0.8351149559020996,0.9034749269485474,,
40f,40,40,45,test,Reconnaissance,least,median,1,300,0.0,0.0,0.0018574428977444768,0.9034749269485474,,
40f,40,40,45,test,Reconnaissance,least,median,3,300,0.0,0.0,0.0018574428977444768,0.9034749269485474,,
40f,40,40,45,test,Reconnaissance,least,median,5,300,0.004117508884519339,0.013333333333333334,0.001969774253666401,0.9034749269485474,,
40f,40,40,45,test,Reconnaissance,least,median,10,300,0.020655449479818344,0.08333333333333333,0.0024200447369366884,0.9034749269485474,,
40f,40,40,45,test,Reconnaissance,random,median,1,300,0.028539765626192093,0.03333333333333333,0.0036728023551404476,0.9034749269485474,,
40f,40,40,45,test,Reconnaissance,random,median,3,300,0.08420688658952713,0.08666666666666667,0.007621170487254858,0.9034749269485474,,
40f,40,40,45,test,Reconnaissance,random,median,5,300,0.16729985177516937,0.16666666666666666,0.01574283465743065,0.9034749269485474,,
40f,40,40,45,test,Reconnaissance,random,median,10,300,0.37397393584251404,0.38666666666666666,0.046336330473423004,0.9034749269485474,,
40f,40,40,45,test,Reconnaissance,top,random_row,1,300,0.4683527648448944,0.3333333333333333,0.05977371335029602,0.9034749269485474,,
40f,40,40,45,test,Reconnaissance,top,random_row,3,300,0.8102126121520996,0.92,0.11253407597541809,0.9034749269485474,,
40f,40,40,45,test,Reconnaissance,top,random_row,5,300,0.8687113523483276,0.9833333333333333,0.2839925289154053,0.9034749269485474,,
40f,40,40,45,test,Reconnaissance,top,random_row,10,300,0.8814428448677063,0.9866666666666667,0.46393829584121704,0.9034749269485474,,
40f,40,40,45,test,Reconnaissance,least,random_row,1,300,0.0,0.0,0.039667174220085144,0.9034749269485474,,
40f,40,40,45,test,Reconnaissance,least,random_row,3,300,0.0006190570420585573,0.0033333333333333335,0.039667174220085144,0.9034749269485474,,
40f,40,40,45,test,Reconnaissance,least,random_row,5,300,0.005192832089960575,0.013333333333333334,0.040055543184280396,0.9034749269485474,,
40f,40,40,45,test,Reconnaissance,least,random_row,10,300,0.026132654398679733,0.08333333333333333,0.0396905280649662,0.9034749269485474,,
40f,40,40,45,test,Reconnaissance,random,random_row,1,300,0.027865923941135406,0.023333333333333334,0.040915392339229584,0.9034749269485474,,
40f,40,40,45,test,Reconnaissance,random,random_row,3,300,0.1110837534070015,0.12666666666666668,0.03860437870025635,0.9034749269485474,,
40f,40,40,45,test,Reconnaissance,random,random_row,5,300,0.1986335963010788,0.21666666666666667,0.043948110193014145,0.9034749269485474,,
40f,40,40,45,test,Reconnaissance,random,random_row,10,300,0.43277955055236816,0.45666666666666667,0.06684274971485138,0.9034749269485474,,
40f,40,40,45,test,Reconnaissance,top_minus_random,median,1,300,0.5219074776768684,,,,0.5039941177939374,0.53947121437639
40f,40,40,45,test,Reconnaissance,top_minus_random,median,3,300,0.7732771414518357,,,,0.7436607886304458,0.7999744640241065
40f,40,40,45,test,Reconnaissance,top_minus_random,median,5,300,0.7231372687220573,,,,0.6887321649392446,0.7551674170295397
40f,40,40,45,test,Reconnaissance,top_minus_random,median,10,300,0.5263253354032834,,,,0.4851316540365418,0.5672787721529603
40f,40,40,45,test,Reconnaissance,top_minus_random,random_row,1,300,0.4404868729909261,,,,0.4126136528377732,0.46582142151643835
40f,40,40,45,test,Reconnaissance,top_minus_random,random_row,3,300,0.6991288578510284,,,,0.6650105179324747,0.729685850230356
40f,40,40,45,test,Reconnaissance,top_minus_random,random_row,5,300,0.6700777775049209,,,,0.634848446170489,0.7064260688498616
40f,40,40,45,test,Reconnaissance,top_minus_random,random_row,10,300,0.4486632663011551,,,,0.40527799633145334,0.490488463682433
40f,40,40,45,test,Unknown,top,median,1,200,0.21607930958271027,0.775,0.3169374167919159,0.4068790078163147,,
40f,40,40,45,test,Unknown,top,median,3,200,0.2842959463596344,0.955,0.3914581537246704,0.4068790078163147,,
40f,40,40,45,test,Unknown,top,median,5,200,0.3211616575717926,0.98,0.45084840059280396,0.4068790078163147,,
40f,40,40,45,test,Unknown,top,median,10,200,0.33930912613868713,0.98,0.5433145761489868,0.4068790078163147,,
40f,40,40,45,test,Unknown,least,median,1,200,0.00010810003004735336,0.005,0.19451262056827545,0.4068790078163147,,
40f,40,40,45,test,Unknown,least,median,3,200,-0.0014548376202583313,0.01,0.19450350105762482,0.4068790078163147,,
40f,40,40,45,test,Unknown,least,median,5,200,-0.00663546659052372,0.035,0.19649456441402435,0.4068790078163147,,
40f,40,40,45,test,Unknown,least,median,10,200,0.03468591347336769,0.365,0.20630545914173126,0.4068790078163147,,
40f,40,40,45,test,Unknown,random,median,1,200,0.02156243287026882,0.205,0.1953447312116623,0.4068790078163147,,
40f,40,40,45,test,Unknown,random,median,3,200,0.05243315175175667,0.43,0.21716606616973877,0.4068790078163147,,
40f,40,40,45,test,Unknown,random,median,5,200,0.05649981647729874,0.49,0.2121630162000656,0.4068790078163147,,
40f,40,40,45,test,Unknown,random,median,10,200,0.08817111700773239,0.61,0.2346857190132141,0.4068790078163147,,
40f,40,40,45,test,Unknown,top,random_row,1,200,0.18431487679481506,0.73,0.2001143991947174,0.4068790078163147,,
40f,40,40,45,test,Unknown,top,random_row,3,200,0.2648475170135498,0.92,0.24698039889335632,0.4068790078163147,,
40f,40,40,45,test,Unknown,top,random_row,5,200,0.3053143322467804,0.95,0.28623875975608826,0.4068790078163147,,
40f,40,40,45,test,Unknown,top,random_row,10,200,0.33446642756462097,0.955,0.41264843940734863,0.4068790078163147,,
40f,40,40,45,test,Unknown,least,random_row,1,200,-0.00038604839937761426,0.0,0.18191131949424744,0.4068790078163147,,
40f,40,40,45,test,Unknown,least,random_row,3,200,-0.002331298077479005,0.01,0.1819683313369751,0.4068790078163147,,
40f,40,40,45,test,Unknown,least,random_row,5,200,-0.0045599318109452724,0.075,0.18333680927753448,0.4068790078163147,,
40f,40,40,45,test,Unknown,least,random_row,10,200,0.022852839902043343,0.36,0.18719352781772614,0.4068790078163147,,
40f,40,40,45,test,Unknown,random,random_row,1,200,0.017429498955607414,0.23,0.18460968136787415,0.4068790078163147,,
40f,40,40,45,test,Unknown,random,random_row,3,200,0.04299559444189072,0.41,0.1901824176311493,0.4068790078163147,,
40f,40,40,45,test,Unknown,random,random_row,5,200,0.05814000591635704,0.48,0.18087296187877655,0.4068790078163147,,
40f,40,40,45,test,Unknown,random,random_row,10,200,0.10254910588264465,0.625,0.1963636428117752,0.4068790078163147,,
40f,40,40,45,test,Unknown,top_minus_random,median,1,200,0.19451688058674335,,,,0.17048485073819758,0.22085589238256215
40f,40,40,45,test,Unknown,top_minus_random,median,3,200,0.2318628089129925,,,,0.20736097560264172,0.2581589799486101
40f,40,40,45,test,Unknown,top_minus_random,median,5,200,0.26466181114315984,,,,0.23664107050001623,0.29556172982789575
40f,40,40,45,test,Unknown,top_minus_random,median,10,200,0.25113799698650835,,,,0.21877379825711252,0.28582118375226856
40f,40,40,45,test,Unknown,top_minus_random,random_row,1,200,0.16688537321984767,,,,0.14387866355478765,0.18982247146219014
40f,40,40,45,test,Unknown,top_minus_random,random_row,3,200,0.22185190737247468,,,,0.19518702813237906,0.2478637795653194
40f,40,40,45,test,Unknown,top_minus_random,random_row,5,200,0.24717432826757432,,,,0.2185977096706629,0.27625480871088803
40f,40,40,45,test,Unknown,top_minus_random,random_row,10,200,0.2319173226505518,,,,0.19507102953083816,0.27090882939286526
40f,40,40,45,validation,all,top,median,1,2000,0.3031146228313446,0.3855,0.33285385370254517,0.7678776979446411,,
40f,40,40,45,validation,all,top,median,3,2000,0.5818182229995728,0.866,0.49280625581741333,0.7678776979446411,,
40f,40,40,45,validation,all,top,median,5,2000,0.6662963628768921,0.924,0.630257785320282,0.7678776979446411,,
40f,40,40,45,validation,all,top,median,10,2000,0.7084869146347046,0.983,0.7304516434669495,0.7678776979446411,,
40f,40,40,45,validation,all,least,median,1,2000,0.0008568195044063032,0.002,0.16369614005088806,0.7678776979446411,,
40f,40,40,45,validation,all,least,median,3,2000,0.0007761254673823714,0.003,0.16379068791866302,0.7678776979446411,,
40f,40,40,45,validation,all,least,median,5,2000,0.0005676437867805362,0.014,0.16413967311382294,0.7678776979446411,,
40f,40,40,45,validation,all,least,median,10,2000,0.017252903431653976,0.079,0.16793428361415863,0.7678776979446411,,
40f,40,40,45,validation,all,random,median,1,2000,0.02432524599134922,0.0635,0.16702009737491608,0.7678776979446411,,
40f,40,40,45,validation,all,random,median,3,2000,0.06342963129281998,0.137,0.17592044174671173,0.7678776979446411,,
40f,40,40,45,validation,all,random,median,5,2000,0.10913116484880447,0.1945,0.18497836589813232,0.7678776979446411,,
40f,40,40,45,validation,all,random,median,10,2000,0.22508490085601807,0.34,0.21419529616832733,0.7678776979446411,,
40f,40,40,45,validation,all,top,random_row,1,2000,0.25069886445999146,0.334,0.1967313289642334,0.7678776979446411,,
40f,40,40,45,validation,all,top,random_row,3,2000,0.5287827849388123,0.7715,0.310211718082428,0.7678776979446411,,
40f,40,40,45,validation,all,top,random_row,5,2000,0.6207900643348694,0.864,0.42792460322380066,0.7678776979446411,,
40f,40,40,45,validation,all,top,random_row,10,2000,0.6718713641166687,0.9125,0.6003415584564209,0.7678776979446411,,
40f,40,40,45,validation,all,least,random_row,1,2000,0.0005257338052615523,0.0015,0.16731931269168854,0.7678776979446411,,
40f,40,40,45,validation,all,least,random_row,3,2000,0.0002167897328035906,0.003,0.1672835350036621,0.7678776979446411,,
40f,40,40,45,validation,all,least,random_row,5,2000,-0.0014316635206341743,0.0215,0.16796673834323883,0.7678776979446411,,
40f,40,40,45,validation,all,least,random_row,10,2000,0.010941226966679096,0.096,0.17009979486465454,0.7678776979446411,,
40f,40,40,45,validation,all,random,random_row,1,2000,0.025352349504828453,0.0655,0.1692846417427063,0.7678776979446411,,
40f,40,40,45,validation,all,random,random_row,3,2000,0.0740097314119339,0.1545,0.17240740358829498,0.7678776979446411,,
40f,40,40,45,validation,all,random,random_row,5,2000,0.1292453408241272,0.233,0.18180881440639496,0.7678776979446411,,
40f,40,40,45,validation,all,random,random_row,10,2000,0.25100988149642944,0.389,0.20960421860218048,0.7678776979446411,,
40f,40,40,45,validation,all,top_minus_random,median,1,2000,0.27878937726467845,,,,0.2663176717136055,0.29108547219634057
40f,40,40,45,validation,all,top_minus_random,median,3,2000,0.5183886160105466,,,,0.5053912160329521,0.5311935162179172
40f,40,40,45,validation,all,top_minus_random,median,5,2000,0.5571651991382242,,,,0.5446754744663834,0.5700483119636773
40f,40,40,45,validation,all,top_minus_random,median,10,2000,0.48340204770118,,,,0.4688105025492609,0.49769235235098747
40f,40,40,45,validation,all,top_minus_random,random_row,1,2000,0.2253465055450797,,,,0.21345129069779067,0.23737007724642753
40f,40,40,45,validation,all,top_minus_random,random_row,3,2000,0.45477306784689425,,,,0.4402219915697351,0.46962099477350716
40f,40,40,45,validation,all,top_minus_random,random_row,5,2000,0.49154463707655666,,,,0.47590788304805753,0.506680570390448
40f,40,40,45,validation,all,top_minus_random,random_row,10,2000,0.42086145259439944,,,,0.40654916286580267,0.43614432163611055
40f,40,40,45,validation,Exploits,top,median,1,300,0.5416182279586792,0.7066666666666667,0.3919391632080078,0.869647204875946,,
40f,40,40,45,validation,Exploits,top,median,3,300,0.7296171188354492,0.9233333333333333,0.6146776080131531,0.869647204875946,,
40f,40,40,45,validation,Exploits,top,median,5,300,0.7933103442192078,0.98,0.7153744697570801,0.869647204875946,,
40f,40,40,45,validation,Exploits,top,median,10,300,0.8436716794967651,0.9933333333333333,0.8269829154014587,0.869647204875946,,
40f,40,40,45,validation,Exploits,least,median,1,300,-3.7332375768528436e-07,0.0,0.027362242341041565,0.869647204875946,,
40f,40,40,45,validation,Exploits,least,median,3,300,-0.0011487493757158518,0.0033333333333333335,0.027852052822709084,0.869647204875946,,
40f,40,40,45,validation,Exploits,least,median,5,300,-0.002860002452507615,0.0033333333333333335,0.02867046371102333,0.869647204875946,,
40f,40,40,45,validation,Exploits,least,median,10,300,0.00039024828583933413,0.006666666666666667,0.029704391956329346,0.869647204875946,,
40f,40,40,45,validation,Exploits,random,median,1,300,0.02528945356607437,0.03666666666666667,0.045493628829717636,0.869647204875946,,
40f,40,40,45,validation,Exploits,random,median,3,300,0.07902249693870544,0.09,0.08079127222299576,0.869647204875946,,
40f,40,40,45,validation,Exploits,random,median,5,300,0.14371421933174133,0.16666666666666666,0.11022144556045532,0.869647204875946,,
40f,40,40,45,validation,Exploits,random,median,10,300,0.2555296719074249,0.29,0.17371508479118347,0.869647204875946,,
40f,40,40,45,validation,Exploits,top,random_row,1,300,0.3259081244468689,0.42,0.18829475343227386,0.869647204875946,,
40f,40,40,45,validation,Exploits,top,random_row,3,300,0.4758840799331665,0.59,0.3007797300815582,0.869647204875946,,
40f,40,40,45,validation,Exploits,top,random_row,5,300,0.5595220923423767,0.6733333333333333,0.41853243112564087,0.869647204875946,,
40f,40,40,45,validation,Exploits,top,random_row,10,300,0.6614826321601868,0.7633333333333333,0.7078462243080139,0.869647204875946,,
40f,40,40,45,validation,Exploits,least,random_row,1,300,-3.558397168035299e-07,0.0,0.1529555469751358,0.869647204875946,,
40f,40,40,45,validation,Exploits,least,random_row,3,300,-0.0026546120643615723,0.0,0.15270541608333588,0.869647204875946,,
40f,40,40,45,validation,Exploits,least,random_row,5,300,-0.005889922846108675,0.0033333333333333335,0.1551070660352707,0.869647204875946,,
40f,40,40,45,validation,Exploits,least,random_row,10,300,-0.0056215738877654076,0.013333333333333334,0.15684936940670013,0.869647204875946,,
40f,40,40,45,validation,Exploits,random,random_row,1,300,0.02501760423183441,0.03666666666666667,0.1630506068468094,0.869647204875946,,
40f,40,40,45,validation,Exploits,random,random_row,3,300,0.05393350124359131,0.06333333333333334,0.17294444143772125,0.869647204875946,,
40f,40,40,45,validation,Exploits,random,random_row,5,300,0.10264871269464493,0.12333333333333334,0.20500941574573517,0.869647204875946,,
40f,40,40,45,validation,Exploits,random,random_row,10,300,0.18210731446743011,0.18333333333333332,0.260436475276947,0.869647204875946,,
40f,40,40,45,validation,Exploits,top_minus_random,median,1,300,0.5163287409146626,,,,0.4801120506425699,0.5505244899342457
40f,40,40,45,validation,Exploits,top_minus_random,median,3,300,0.6505946056048075,,,,0.6226513198067745,0.6764580001408855
40f,40,40,45,validation,Exploits,top_minus_random,median,5,300,0.6495961488286655,,,,0.6175255116000771,0.679618391516308
40f,40,40,45,validation,Exploits,top_minus_random,median,10,300,0.5881420366962751,,,,0.5528206823368867,0.6249095319633683
40f,40,40,45,validation,Exploits,top_minus_random,random_row,1,300,0.3008905409773191,,,,0.26470406268785396,0.3390925960664948
40f,40,40,45,validation,Exploits,top_minus_random,random_row,3,300,0.4219506319363912,,,,0.39003664611031613,0.4595803705975413
40f,40,40,45,validation,Exploits,top_minus_random,random_row,5,300,0.4568733902772268,,,,0.4192648231138786,0.49350603864093623
40f,40,40,45,validation,Exploits,top_minus_random,random_row,10,300,0.47937530755996705,,,,0.4421030626371503,0.5168924921428164
40f,40,40,45,validation,Fuzzers,top,median,1,300,0.32169413566589355,0.38,0.012693249620497227,0.7888243198394775,,
40f,40,40,45,validation,Fuzzers,top,median,3,300,0.5411632061004639,0.72,0.032082945108413696,0.7888243198394775,,
40f,40,40,45,validation,Fuzzers,top,median,5,300,0.6699382662773132,0.9166666666666666,0.07991930097341537,0.7888243198394775,,
40f,40,40,45,validation,Fuzzers,top,median,10,300,0.767428994178772,1.0,0.3292023539543152,0.7888243198394775,,
40f,40,40,45,validation,Fuzzers,least,median,1,300,0.006384056992828846,0.01,0.0018077691784128547,0.7888243198394775,,
40f,40,40,45,validation,Fuzzers,least,median,3,300,0.006368367467075586,0.01,0.0018077691784128547,0.7888243198394775,,
40f,40,40,45,validation,Fuzzers,least,median,5,300,0.00913411844521761,0.013333333333333334,0.0018770945025607944,0.7888243198394775,,
40f,40,40,45,validation,Fuzzers,least,median,10,300,0.06992370635271072,0.09,0.003553523914888501,0.7888243198394775,,
40f,40,40,45,validation,Fuzzers,random,median,1,300,0.051193419843912125,0.06,0.003085200907662511,0.7888243198394775,,
40f,40,40,45,validation,Fuzzers,random,median,3,300,0.1328321248292923,0.16333333333333333,0.007330437656491995,0.7888243198394775,,
40f,40,40,45,validation,Fuzzers,random,median,5,300,0.2076231837272644,0.26,0.012084654532372952,0.7888243198394775,,
40f,40,40,45,validation,Fuzzers,random,median,10,300,0.38660168647766113,0.52,0.0386982299387455,0.7888243198394775,,
40f,40,40,45,validation,Fuzzers,top,random_row,1,300,0.34253424406051636,0.4266666666666667,0.16133596003055573,0.7888243198394775,,
40f,40,40,45,validation,Fuzzers,top,random_row,3,300,0.553287923336029,0.7133333333333334,0.2036277800798416,0.7888243198394775,,
40f,40,40,45,validation,Fuzzers,top,random_row,5,300,0.64494788646698,0.84,0.2718281149864197,0.7888243198394775,,
40f,40,40,45,validation,Fuzzers,top,random_row,10,300,0.7090330719947815,0.9233333333333333,0.3939315378665924,0.7888243198394775,,
40f,40,40,45,validation,Fuzzers,least,random_row,1,300,0.004032155964523554,0.006666666666666667,0.14631719887256622,0.7888243198394775,,
40f,40,40,45,validation,Fuzzers,least,random_row,3,300,0.004021003842353821,0.006666666666666667,0.14632342755794525,0.7888243198394775,,
40f,40,40,45,validation,Fuzzers,least,random_row,5,300,0.009336522780358791,0.013333333333333334,0.14642761647701263,0.7888243198394775,,
40f,40,40,45,validation,Fuzzers,least,random_row,10,300,0.08923374861478806,0.13666666666666666,0.14654652774333954,0.7888243198394775,,
40f,40,40,45,validation,Fuzzers,random,random_row,1,300,0.042896486818790436,0.04,0.14383068680763245,0.7888243198394775,,
40f,40,40,45,validation,Fuzzers,random,random_row,3,300,0.14341041445732117,0.19333333333333333,0.1383538693189621,0.7888243198394775,,
40f,40,40,45,validation,Fuzzers,random,random_row,5,300,0.23468662798404694,0.30666666666666664,0.1377195417881012,0.7888243198394775,,
40f,40,40,45,validation,Fuzzers,random,random_row,10,300,0.3955148756504059,0.53,0.15608106553554535,0.7888243198394775,,
40f,40,40,45,validation,Fuzzers,top_minus_random,median,1,300,0.27050070216258365,,,,0.2389357733950019,0.30580988903840384
40f,40,40,45,validation,Fuzzers,top_minus_random,median,3,300,0.4083311062057813,,,,0.3780644048800071,0.43967564118156827
40f,40,40,45,validation,Fuzzers,top_minus_random,median,5,300,0.4623150783777237,,,,0.4361518916686376,0.49249857211361325
40f,40,40,45,validation,Fuzzers,top_minus_random,median,10,300,0.38082730958859123,,,,0.349268829241395,0.4122812919418017
40f,40,40,45,validation,Fuzzers,top_minus_random,random_row,1,300,0.29963775744040805,,,,0.2630630410934488,0.3381139907414714
40f,40,40,45,validation,Fuzzers,top_minus_random,random_row,3,300,0.40987749685843783,,,,0.3732017727668087,0.44666688570628565
40f,40,40,45,validation,Fuzzers,top_minus_random,random_row,5,300,0.4102612219254176,,,,0.37521085425963,0.44748777398218714
40f,40,40,45,validation,Fuzzers,top_minus_random,random_row,10,300,0.3135181991259257,,,,0.2782059641256929,0.3462018597101172
40f,40,40,45,validation,Generic,top,median,1,300,0.17908649146556854,0.21,0.03836030513048172,0.9404707551002502,,
40f,40,40,45,validation,Generic,top,median,3,300,0.807386040687561,1.0,0.5640629529953003,0.9404707551002502,,
40f,40,40,45,validation,Generic,top,median,5,300,0.9359867572784424,1.0,0.8341695070266724,0.9404707551002502,,
40f,40,40,45,validation,Generic,top,median,10,300,0.9375567436218262,1.0,0.8803906440734863,0.9404707551002502,,
40f,40,40,45,validation,Generic,least,median,1,300,0.0,0.0,0.0038966441061347723,0.9404707551002502,,
40f,40,40,45,validation,Generic,least,median,3,300,0.0,0.0,0.0038966441061347723,0.9404707551002502,,
40f,40,40,45,validation,Generic,least,median,5,300,-0.0002435929636703804,0.0,0.0039968229830265045,0.9404707551002502,,
40f,40,40,45,validation,Generic,least,median,10,300,0.01579919457435608,0.02,0.007334512192755938,0.9404707551002502,,
40f,40,40,45,validation,Generic,random,median,1,300,0.019833672791719437,0.03,0.00722394697368145,0.9404707551002502,,
40f,40,40,45,validation,Generic,random,median,3,300,0.05189656838774681,0.08,0.01502196490764618,0.9404707551002502,,
40f,40,40,45,validation,Generic,random,median,5,300,0.07515396177768707,0.08666666666666667,0.026056485250592232,0.9404707551002502,,
40f,40,40,45,validation,Generic,random,median,10,300,0.22019772231578827,0.23,0.0844917818903923,0.9404707551002502,,
40f,40,40,45,validation,Generic,top,random_row,1,300,0.13704010844230652,0.16666666666666666,0.0955442413687706,0.9404707551002502,,
40f,40,40,45,validation,Generic,top,random_row,3,300,0.7109134197235107,0.7866666666666666,0.4650160074234009,0.9404707551002502,,
40f,40,40,45,validation,Generic,top,random_row,5,300,0.8879827857017517,0.9733333333333334,0.7425155639648438,0.9404707551002502,,
40f,40,40,45,validation,Generic,top,random_row,10,300,0.9038795828819275,0.9733333333333334,0.8462741374969482,0.9404707551002502,,
40f,40,40,45,validation,Generic,least,random_row,1,300,0.0,0.0,0.040398355573415756,0.9404707551002502,,
40f,40,40,45,validation,Generic,least,random_row,3,300,-1.907348590179936e-08,0.0,0.040398355573415756,0.9404707551002502,,
40f,40,40,45,validation,Generic,least,random_row,5,300,-0.00047078102943487465,0.0,0.04043637588620186,0.9404707551002502,,
40f,40,40,45,validation,Generic,least,random_row,10,300,0.014809099957346916,0.013333333333333334,0.04136090725660324,0.9404707551002502,,
40f,40,40,45,validation,Generic,random,random_row,1,300,0.01316909585148096,0.023333333333333334,0.043496403843164444,0.9404707551002502,,
40f,40,40,45,validation,Generic,random,random_row,3,300,0.044020358473062515,0.06666666666666667,0.05212889239192009,0.9404707551002502,,
40f,40,40,45,validation,Generic,random,random_row,5,300,0.07603001594543457,0.09,0.05982168763875961,0.9404707551002502,,
40f,40,40,45,validation,Generic,random,random_row,10,300,0.21963126957416534,0.22333333333333333,0.10215016454458237,0.9404707551002502,,
40f,40,40,45,validation,Generic,top_minus_random,median,1,300,0.15925282577673594,,,,0.13209089555342993,0.18612055741995573
40f,40,40,45,validation,Generic,top_minus_random,median,3,300,0.7554894152283669,,,,0.7334279502506057,0.7762406180053949
40f,40,40,45,validation,Generic,top_minus_random,median,5,300,0.8608327469229698,,,,0.8308709500605862,0.8898304811368386
40f,40,40,45,validation,Generic,top_minus_random,median,10,300,0.7173589914043744,,,,0.6776375394960245,0.7590144463405013
40f,40,40,45,validation,Generic,top_minus_random,random_row,1,300,0.1238710113366445,,,,0.09998186328013739,0.14835967094947894
40f,40,40,45,validation,Generic,top_minus_random,random_row,3,300,0.6668930512666702,,,,0.6382059809292356,0.6962786064172785
40f,40,40,45,validation,Generic,top_minus_random,random_row,5,300,0.8119526890913645,,,,0.778771038159728,0.843343044941624
40f,40,40,45,validation,Generic,top_minus_random,random_row,10,300,0.6842483950654665,,,,0.6425367038125793,0.7235368333657582
40f,40,40,45,validation,Normal,top,median,1,300,0.17406678199768066,0.3233333333333333,0.8742652535438538,0.7593643069267273,,
40f,40,40,45,validation,Normal,top,median,3,300,0.3332422375679016,0.53,0.8969442844390869,0.7593643069267273,,
40f,40,40,45,validation,Normal,top,median,5,300,0.44238200783729553,0.6766666666666666,0.9084720015525818,0.7593643069267273,,
40f,40,40,45,validation,Normal,top,median,10,300,0.5787174701690674,0.9233333333333333,0.9145834445953369,0.7593643069267273,,
40f,40,40,45,validation,Normal,least,median,1,300,-1.3202428590375348e-06,0.0,0.9135634303092957,0.7593643069267273,,
40f,40,40,45,validation,Normal,least,median,3,300,0.00010401626786915585,0.0,0.9135536551475525,0.7593643069267273,,
40f,40,40,45,validation,Normal,least,median,5,300,-0.00719852140173316,0.02666666666666667,0.9053956866264343,0.7593643069267273,,
40f,40,40,45,validation,Normal,least,median,10,300,-0.006702895276248455,0.08,0.8580090403556824,0.7593643069267273,,
40f,40,40,45,validation,Normal,random,median,1,300,0.006582472939044237,0.07333333333333333,0.88030606508255,0.7593643069267273,,
40f,40,40,45,validation,Normal,random,median,3,300,0.013143370859324932,0.12,0.8046343326568604,0.7593643069267273,,
40f,40,40,45,validation,Normal,random,median,5,300,0.0354749821126461,0.13666666666666666,0.7559019327163696,0.7593643069267273,,
40f,40,40,45,validation,Normal,random,median,10,300,0.09378045052289963,0.21,0.6315295696258545,0.7593643069267273,,
40f,40,40,45,validation,Normal,top,random_row,1,300,0.16348952054977417,0.31666666666666665,0.5629881024360657,0.7593643069267273,,
40f,40,40,45,validation,Normal,top,random_row,3,300,0.39704298973083496,0.6366666666666667,0.6234993934631348,0.7593643069267273,,
40f,40,40,45,validation,Normal,top,random_row,5,300,0.4860787093639374,0.7333333333333333,0.6767599582672119,0.7593643069267273,,
40f,40,40,45,validation,Normal,top,random_row,10,300,0.598787248134613,0.87,0.7805113792419434,0.7593643069267273,,
40f,40,40,45,validation,Normal,least,random_row,1,300,-6.914139021318988e-07,0.0,0.5419389605522156,0.7593643069267273,,
40f,40,40,45,validation,Normal,least,random_row,3,300,0.0001489595597377047,0.0,0.5419323444366455,0.7593643069267273,,
40f,40,40,45,validation,Normal,least,random_row,5,300,0.007094852160662413,0.06333333333333334,0.5423128604888916,0.7593643069267273,,
40f,40,40,45,validation,Normal,least,random_row,10,300,0.021228047087788582,0.15,0.5473552346229553,0.7593643069267273,,
40f,40,40,45,validation,Normal,random,random_row,1,300,0.018057525157928467,0.1,0.5419948101043701,0.7593643069267273,,
40f,40,40,45,validation,Normal,random,random_row,3,300,0.049949679523706436,0.17666666666666667,0.5445038080215454,0.7593643069267273,,
40f,40,40,45,validation,Normal,random,random_row,5,300,0.09046223014593124,0.23666666666666666,0.5451910495758057,0.7593643069267273,,
40f,40,40,45,validation,Normal,random,random_row,10,300,0.1699357032775879,0.3333333333333333,0.53555828332901,0.7593643069267273,,
40f,40,40,45,validation,Normal,top_minus_random,median,1,300,0.16748431036869685,,,,0.14657480153938135,0.188870733872056
40f,40,40,45,validation,Normal,top_minus_random,median,3,300,0.32009887635707857,,,,0.2926206244354447,0.34496566983064014
40f,40,40,45,validation,Normal,top_minus_random,median,5,300,0.4069069960713387,,,,0.3793483042096098,0.4330397748624285
40f,40,40,45,validation,Normal,top_minus_random,median,10,300,0.48493707984685896,,,,0.4543922665168842,0.5138641371851166
40f,40,40,45,validation,Normal,top_minus_random,random_row,1,300,0.14543199668327966,,,,0.12331682651738327,0.1699633227388064
40f,40,40,45,validation,Normal,top_minus_random,random_row,3,300,0.34709330563743906,,,,0.31360028037428855,0.3781540246171256
40f,40,40,45,validation,Normal,top_minus_random,random_row,5,300,0.3956164974470933,,,,0.3607373077037434,0.42708944328998527
40f,40,40,45,validation,Normal,top_minus_random,random_row,10,300,0.42885151008764905,,,,0.39158925763020913,0.46391791103283564
40f,40,40,45,validation,Overlap-Group-1,top,median,1,300,0.12526004016399384,0.14333333333333334,0.6241732239723206,0.5853631496429443,,
40f,40,40,45,validation,Overlap-Group-1,top,median,3,300,0.415250301361084,0.95,0.6999515891075134,0.5853631496429443,,
40f,40,40,45,validation,Overlap-Group-1,top,median,5,300,0.49159982800483704,0.93,0.7002734541893005,0.5853631496429443,,
40f,40,40,45,validation,Overlap-Group-1,top,median,10,300,0.46744874119758606,0.98,0.7329134345054626,0.5853631496429443,,
40f,40,40,45,validation,Overlap-Group-1,least,median,1,300,-0.00044323920155875385,0.0,0.051606349647045135,0.5853631496429443,,
40f,40,40,45,validation,Overlap-Group-1,least,median,3,300,-0.0004430757835507393,0.0,0.051606349647045135,0.5853631496429443,,
40f,40,40,45,validation,Overlap-Group-1,least,median,5,300,0.0005861092358827591,0.0033333333333333335,0.058410484343767166,0.5853631496429443,,
40f,40,40,45,validation,Overlap-Group-1,least,median,10,300,-0.009260431863367558,0.02,0.11342449486255646,0.5853631496429443,,
40f,40,40,45,validation,Overlap-Group-1,random,median,1,300,0.0050931693986058235,0.043333333333333335,0.0778433308005333,0.5853631496429443,,
40f,40,40,45,validation,Overlap-Group-1,random,median,3,300,0.019865404814481735,0.12333333333333334,0.14492817223072052,0.5853631496429443,,
40f,40,40,45,validation,Overlap-Group-1,random,median,5,300,0.029959022998809814,0.15,0.1931046098470688,0.5853631496429443,,
40f,40,40,45,validation,Overlap-Group-1,random,median,10,300,0.0771823599934578,0.23333333333333334,0.3071137070655823,0.5853631496429443,,
40f,40,40,45,validation,Overlap-Group-1,top,random_row,1,300,0.13993839919567108,0.15333333333333332,0.11052246391773224,0.5853631496429443,,
40f,40,40,45,validation,Overlap-Group-1,top,random_row,3,300,0.39670416712760925,0.8833333333333333,0.19970163702964783,0.5853631496429443,,
40f,40,40,45,validation,Overlap-Group-1,top,random_row,5,300,0.4950844943523407,0.9466666666666667,0.28167256712913513,0.5853631496429443,,
40f,40,40,45,validation,Overlap-Group-1,top,random_row,10,300,0.5154715180397034,0.9466666666666667,0.5430771112442017,0.5853631496429443,,
40f,40,40,45,validation,Overlap-Group-1,least,random_row,1,300,-0.00032758305314928293,0.0,0.0654994323849678,0.5853631496429443,,
40f,40,40,45,validation,Overlap-Group-1,least,random_row,3,300,-0.00018666386313270777,0.0,0.06568213552236557,0.5853631496429443,,
40f,40,40,45,validation,Overlap-Group-1,least,random_row,5,300,-0.014714771881699562,0.0,0.06737089157104492,0.5853631496429443,,
40f,40,40,45,validation,Overlap-Group-1,least,random_row,10,300,-0.07389591634273529,0.04,0.06916476041078568,0.5853631496429443,,
40f,40,40,45,validation,Overlap-Group-1,random,random_row,1,300,0.012846888974308968,0.05333333333333334,0.06577671319246292,0.5853631496429443,,
40f,40,40,45,validation,Overlap-Group-1,random,random_row,3,300,0.05098388344049454,0.13666666666666666,0.0726010650396347,0.5853631496429443,,
40f,40,40,45,validation,Overlap-Group-1,random,random_row,5,300,0.07667248696088791,0.20666666666666667,0.08841236680746078,0.5853631496429443,,
40f,40,40,45,validation,Overlap-Group-1,random,random_row,10,300,0.1704656034708023,0.4066666666666667,0.14005272090435028,0.5853631496429443,,
40f,40,40,45,validation,Overlap-Group-1,top_minus_random,median,1,300,0.12016686956087748,,,,0.10545014940698942,0.13395128279179336
40f,40,40,45,validation,Overlap-Group-1,top_minus_random,median,3,300,0.3953848945101102,,,,0.3753424532984694,0.41381520571559666
40f,40,40,45,validation,Overlap-Group-1,top_minus_random,median,5,300,0.4616408174733321,,,,0.44010382071261606,0.4825613926711182
40f,40,40,45,validation,Overlap-Group-1,top_minus_random,median,10,300,0.390266352891922,,,,0.36691735847542684,0.4135062326987584
40f,40,40,45,validation,Overlap-Group-1,top_minus_random,random_row,1,300,0.1270915146668752,,,,0.11080590719232956,0.1424413089379668
40f,40,40,45,validation,Overlap-Group-1,top_minus_random,random_row,3,300,0.3457202943166097,,,,0.32498641530176003,0.3674563382342458
40f,40,40,45,validation,Overlap-Group-1,top_minus_random,random_row,5,300,0.4184119778871536,,,,0.39397807383288935,0.4408082846427957
40f,40,40,45,validation,Overlap-Group-1,top_minus_random,random_row,10,300,0.3450059004624685,,,,0.31854542606323955,0.36855932436386746
40f,40,40,45,validation,Reconnaissance,top,median,1,300,0.5577021241188049,0.37333333333333335,0.027100784704089165,0.9031113982200623,,
40f,40,40,45,validation,Reconnaissance,top,median,3,300,0.8622407913208008,1.0,0.1871756762266159,0.9031113982200623,,
40f,40,40,45,validation,Reconnaissance,top,median,5,300,0.889935314655304,1.0,0.6543603539466858,0.9031113982200623,,
40f,40,40,45,validation,Reconnaissance,top,median,10,300,0.899731457233429,1.0,0.8310876488685608,0.9031113982200623,,
40f,40,40,45,validation,Reconnaissance,least,median,1,300,-6.889104952279013e-06,0.0,0.0018574428977444768,0.9031113982200623,,
40f,40,40,45,validation,Reconnaissance,least,median,3,300,-6.889104952279013e-06,0.0,0.0018574428977444768,0.9031113982200623,,
40f,40,40,45,validation,Reconnaissance,least,median,5,300,0.0031422420870512724,0.0033333333333333335,0.0019938836339861155,0.9031113982200623,,
40f,40,40,45,validation,Reconnaissance,least,median,10,300,0.02245771326124668,0.06666666666666667,0.0024886943865567446,0.9031113982200623,,
40f,40,40,45,validation,Reconnaissance,random,median,1,300,0.0452062152326107,0.05,0.004024457652121782,0.9031113982200623,,
40f,40,40,45,validation,Reconnaissance,random,median,3,300,0.12119890749454498,0.13333333333333333,0.009500495158135891,0.9031113982200623,,
40f,40,40,45,validation,Reconnaissance,random,median,5,300,0.21354228258132935,0.22333333333333333,0.014965561218559742,0.9031113982200623,,
40f,40,40,45,validation,Reconnaissance,random,median,10,300,0.42126259207725525,0.44333333333333336,0.0461028553545475,0.9031113982200623,,
40f,40,40,45,validation,Reconnaissance,top,random_row,1,300,0.4712120592594147,0.37,0.07017003744840622,0.9031113982200623,,
40f,40,40,45,validation,Reconnaissance,top,random_row,3,300,0.8144980669021606,0.9266666666666666,0.11646151542663574,0.9031113982200623,,
40f,40,40,45,validation,Reconnaissance,top,random_row,5,300,0.8599439263343811,0.9766666666666667,0.25758302211761475,0.9031113982200623,,
40f,40,40,45,validation,Reconnaissance,top,random_row,10,300,0.8637070655822754,0.9666666666666667,0.43193328380584717,0.9031113982200623,,
40f,40,40,45,validation,Reconnaissance,least,random_row,1,300,-3.3330916267004795e-06,0.0,0.0587383508682251,0.9031113982200623,,
40f,40,40,45,validation,Reconnaissance,least,random_row,3,300,-2.6901564069703454e-06,0.0,0.0587383508682251,0.9031113982200623,,
40f,40,40,45,validation,Reconnaissance,least,random_row,5,300,0.0034732907079160213,0.006666666666666667,0.05850687623023987,0.9031113982200623,,
40f,40,40,45,validation,Reconnaissance,least,random_row,10,300,0.025879226624965668,0.056666666666666664,0.05919704958796501,0.9031113982200623,,
40f,40,40,45,validation,Reconnaissance,random,random_row,1,300,0.047132547944784164,0.04666666666666667,0.059942640364170074,0.9031113982200623,,
40f,40,40,45,validation,Reconnaissance,random,random_row,3,300,0.1352047622203827,0.14333333333333334,0.05883422866463661,0.9031113982200623,,
40f,40,40,45,validation,Reconnaissance,random,random_row,5,300,0.2470768690109253,0.2633333333333333,0.05805157870054245,0.9031113982200623,,
40f,40,40,45,validation,Reconnaissance,random,random_row,10,300,0.4691508412361145,0.5066666666666667,0.07743632048368454,0.9031113982200623,,
40f,40,40,45,validation,Reconnaissance,top_minus_random,median,1,300,0.5124959088365237,,,,0.49316761989891533,0.5309453067531188
40f,40,40,45,validation,Reconnaissance,top_minus_random,median,3,300,0.7410419114430745,,,,0.707866933748126,0.7729249338557322
40f,40,40,45,validation,Reconnaissance,top_minus_random,median,5,300,0.6763930281003316,,,,0.63864577404658,0.7136347232138117
40f,40,40,45,validation,Reconnaissance,top_minus_random,median,10,300,0.4784687562783559,,,,0.43544586253662904,0.5222553961823384
40f,40,40,45,validation,Reconnaissance,top_minus_random,random_row,1,300,0.4240794571240743,,,,0.3944945281098286,0.4508491964166363
40f,40,40,45,validation,Reconnaissance,top_minus_random,random_row,3,300,0.6792933189868927,,,,0.6417116098428767,0.7141651935875415
40f,40,40,45,validation,Reconnaissance,top_minus_random,random_row,5,300,0.6128670571247736,,,,0.5732042805626988,0.6512437566146255
40f,40,40,45,validation,Reconnaissance,top_minus_random,random_row,10,300,0.3945562490820885,,,,0.35307010805855193,0.43712186113248264
40f,40,40,45,validation,Unknown,top,median,1,200,0.18200460076332092,0.65,0.3757403492927551,0.4086047112941742,,
40f,40,40,45,validation,Unknown,top,median,3,200,0.28483298420906067,0.975,0.4357196092605591,0.4086047112941742,,
40f,40,40,45,validation,Unknown,top,median,5,200,0.32823485136032104,0.985,0.46372443437576294,0.4086047112941742,,
40f,40,40,45,validation,Unknown,top,median,10,200,0.34303709864616394,0.985,0.5317763686180115,0.4086047112941742,,
40f,40,40,45,validation,Unknown,least,median,1,200,-0.00033015801454894245,0.005,0.13682065904140472,0.4086047112941742,,
40f,40,40,45,validation,Unknown,least,median,3,200,0.0004507505800575018,0.01,0.13704611361026764,0.4086047112941742,,
40f,40,40,45,validation,Unknown,least,median,5,200,0.0018359083915129304,0.065,0.1408800482749939,0.4086047112941742,,
40f,40,40,45,validation,Unknown,least,median,10,200,0.03361772000789642,0.365,0.15757089853286743,0.4086047112941742,,
40f,40,40,45,validation,Unknown,random,median,1,200,0.013454873114824295,0.195,0.1432359367609024,0.4086047112941742,,
40f,40,40,45,validation,Unknown,random,median,3,200,0.007358029950410128,0.305,0.1658942848443985,0.4086047112941742,,
40f,40,40,45,validation,Unknown,random,median,5,200,0.033110104501247406,0.41,0.18128155171871185,0.4086047112941742,,
40f,40,40,45,validation,Unknown,random,median,10,200,0.06901740282773972,0.51,0.21947604417800903,0.4086047112941742,,
40f,40,40,45,validation,Unknown,top,random_row,1,200,0.13680492341518402,0.56,0.18402980268001556,0.4086047112941742,,
40f,40,40,45,validation,Unknown,top,random_row,3,200,0.2653319537639618,0.91,0.23848846554756165,0.4086047112941742,,
40f,40,40,45,validation,Unknown,top,random_row,5,200,0.30756011605262756,0.925,0.3059087097644806,0.4086047112941742,,
40f,40,40,45,validation,Unknown,top,random_row,10,200,0.3401714265346527,0.96,0.448055237531662,0.4086047112941742,,
40f,40,40,45,validation,Unknown,least,random_row,1,200,-0.0002929508627858013,0.005,0.1644212305545807,0.4086047112941742,,
40f,40,40,45,validation,Unknown,least,random_row,3,200,0.00017893046606332064,0.02,0.1641652137041092,0.4086047112941742,,
40f,40,40,45,validation,Unknown,least,random_row,5,200,-0.012560419738292694,0.085,0.16442471742630005,0.4086047112941742,,
40f,40,40,45,validation,Unknown,least,random_row,10,200,0.0019633308984339237,0.345,0.1702873259782791,0.4086047112941742,,
40f,40,40,45,validation,Unknown,random,random_row,1,200,0.014843289740383625,0.205,0.165708526968956,0.4086047112941742,,
40f,40,40,45,validation,Unknown,random,random_row,3,200,0.023843418806791306,0.375,0.16502462327480316,0.4086047112941742,,
40f,40,40,45,validation,Unknown,random,random_row,5,200,0.05108799785375595,0.49,0.17677967250347137,0.4086047112941742,,
40f,40,40,45,validation,Unknown,random,random_row,10,200,0.09989022463560104,0.615,0.1884695440530777,0.4086047112941742,,
40f,40,40,45,validation,Unknown,top_minus_random,median,1,200,0.1685497362166643,,,,0.14268931735493245,0.19267877729982139
40f,40,40,45,validation,Unknown,top_minus_random,median,3,200,0.27747494608163836,,,,0.25166715748794377,0.30178607014380393
40f,40,40,45,validation,Unknown,top_minus_random,median,5,200,0.2951247677206993,,,,0.2664124411717057,0.32312727583572265
40f,40,40,45,validation,Unknown,top_minus_random,median,10,200,0.27401968695223333,,,,0.24665660771913828,0.30301118105091157
40f,40,40,45,validation,Unknown,top_minus_random,random_row,1,200,0.12196163810789586,,,,0.09620236833207309,0.14546456597186624
40f,40,40,45,validation,Unknown,top_minus_random,random_row,3,200,0.24148852996528147,,,,0.2135828480310738,0.26714531451463697
40f,40,40,45,validation,Unknown,top_minus_random,random_row,5,200,0.25647212013602255,,,,0.226220247073099,0.2875295152403414
40f,40,40,45,validation,Unknown,top_minus_random,random_row,10,200,0.2402811838686466,,,,0.21022291298955678,0.271397349871695
40f,30,30,45,test,all,top,median,1,2000,0.3081410527229309,0.432,0.36230266094207764,0.7861002087593079,,
40f,30,30,45,test,all,top,median,3,2000,0.5688051581382751,0.8385,0.49354755878448486,0.7861002087593079,,
40f,30,30,45,test,all,top,median,5,2000,0.6267690062522888,0.8835,0.6317857503890991,0.7861002087593079,,
40f,30,30,45,test,all,top,median,10,2000,0.6734001040458679,0.9075,0.7486538290977478,0.7861002087593079,,
40f,30,30,45,test,all,least,median,1,2000,0.0026469009462743998,0.029,0.174176424741745,0.7861002087593079,,
40f,30,30,45,test,all,least,median,3,2000,0.01151952613145113,0.071,0.1774924248456955,0.7861002087593079,,
40f,30,30,45,test,all,least,median,5,2000,0.01800619810819626,0.0895,0.18116290867328644,0.7861002087593079,,
40f,30,30,45,test,all,least,median,10,2000,0.033538054674863815,0.132,0.17652994394302368,0.7861002087593079,,
40f,30,30,45,test,all,random,median,1,2000,0.02906656824052334,0.068,0.18096840381622314,0.7861002087593079,,
40f,30,30,45,test,all,random,median,3,2000,0.08818284422159195,0.175,0.19813323020935059,0.7861002087593079,,
40f,30,30,45,test,all,random,median,5,2000,0.14911778271198273,0.251,0.21982935070991516,0.7861002087593079,,
40f,30,30,45,test,all,random,median,10,2000,0.29684972763061523,0.427,0.27682408690452576,0.7861002087593079,,
40f,30,30,45,test,all,top,random_row,1,2000,0.2445206642150879,0.3105,0.21008571982383728,0.7861002087593079,,
40f,30,30,45,test,all,top,random_row,3,2000,0.5139414072036743,0.7415,0.3378247618675232,0.7861002087593079,,
40f,30,30,45,test,all,top,random_row,5,2000,0.5986171960830688,0.8275,0.45117834210395813,0.7861002087593079,,
40f,30,30,45,test,all,top,random_row,10,2000,0.65811687707901,0.8805,0.6340267062187195,0.7861002087593079,,
40f,30,30,45,test,all,least,random_row,1,2000,0.0018893409287557006,0.033,0.17509257793426514,0.7861002087593079,,
40f,30,30,45,test,all,least,random_row,3,2000,0.01100357249379158,0.074,0.17468424141407013,0.7861002087593079,,
40f,30,30,45,test,all,least,random_row,5,2000,0.01868046633899212,0.0995,0.17552843689918518,0.7861002087593079,,
40f,30,30,45,test,all,least,random_row,10,2000,0.06541597098112106,0.176,0.17893359065055847,0.7861002087593079,,
40f,30,30,45,test,all,random,random_row,1,2000,0.02861653082072735,0.07,0.17815789580345154,0.7861002087593079,,
40f,30,30,45,test,all,random,random_row,3,2000,0.09043262898921967,0.17,0.18642663955688477,0.7861002087593079,,
40f,30,30,45,test,all,random,random_row,5,2000,0.15707150101661682,0.2625,0.20024921000003815,0.7861002087593079,,
40f,30,30,45,test,all,random,random_row,10,2000,0.3171713352203369,0.4535,0.25711601972579956,0.7861002087593079,,
40f,30,30,45,test,all,top_minus_random,median,1,2000,0.2790744809359312,,,,0.26800855932459233,0.29102718916349113
40f,30,30,45,test,all,top_minus_random,median,3,2000,0.4806223667487502,,,,0.46480297343209387,0.4946243329724297
40f,30,30,45,test,all,top_minus_random,median,5,2000,0.4776511724367738,,,,0.46246803531795744,0.49275024180710314
40f,30,30,45,test,all,top_minus_random,median,10,2000,0.37655032742768524,,,,0.3621773105785251,0.38880050676558164
40f,30,30,45,test,all,top_minus_random,random_row,1,2000,0.2159041263759136,,,,0.20563127307053655,0.22700507126729935
40f,30,30,45,test,all,top_minus_random,random_row,3,2000,0.4235087629035115,,,,0.40886719049457465,0.4369718107804656
40f,30,30,45,test,all,top_minus_random,random_row,5,2000,0.4415457192212343,,,,0.42678480663932866,0.4565645424477756
40f,30,30,45,test,all,top_minus_random,random_row,10,2000,0.3409455497041345,,,,0.32568480491805823,0.35522719676699493
40f,30,30,45,test,Exploits,top,median,1,300,0.5415066480636597,0.75,0.560621976852417,0.8373408913612366,,
40f,30,30,45,test,Exploits,top,median,3,300,0.6834275126457214,0.9166666666666666,0.5789015889167786,0.8373408913612366,,
40f,30,30,45,test,Exploits,top,median,5,300,0.7544262409210205,0.9866666666666667,0.6750063896179199,0.8373408913612366,,
40f,30,30,45,test,Exploits,top,median,10,300,0.7945155501365662,0.9933333333333333,0.8243207335472107,0.8373408913612366,,
40f,30,30,45,test,Exploits,least,median,1,300,0.00029714833362959325,0.006666666666666667,0.06983727216720581,0.8373408913612366,,
40f,30,30,45,test,Exploits,least,median,3,300,-0.0049052066169679165,0.016666666666666666,0.07390128076076508,0.8373408913612366,,
40f,30,30,45,test,Exploits,least,median,5,300,-0.005371668841689825,0.023333333333333334,0.074392169713974,0.8373408913612366,,
40f,30,30,45,test,Exploits,least,median,10,300,-0.003363004419952631,0.03333333333333333,0.07268022000789642,0.8373408913612366,,
40f,30,30,45,test,Exploits,random,median,1,300,0.05001406744122505,0.06666666666666667,0.10213843733072281,0.8373408913612366,,
40f,30,30,45,test,Exploits,random,median,3,300,0.10847325623035431,0.13666666666666666,0.1469317525625229,0.8373408913612366,,
40f,30,30,45,test,Exploits,random,median,5,300,0.18066006898880005,0.22666666666666666,0.19363069534301758,0.8373408913612366,,
40f,30,30,45,test,Exploits,random,median,10,300,0.3359638452529907,0.37,0.270771324634552,0.8373408913612366,,
40f,30,30,45,test,Exploits,top,random_row,1,300,0.32738053798675537,0.44,0.18816247582435608,0.8373408913612366,,
40f,30,30,45,test,Exploits,top,random_row,3,300,0.46166229248046875,0.59,0.29092299938201904,0.8373408913612366,,
40f,30,30,45,test,Exploits,top,random_row,5,300,0.5425765514373779,0.71,0.40982988476753235,0.8373408913612366,,
40f,30,30,45,test,Exploits,top,random_row,10,300,0.6494993567466736,0.8,0.7081331610679626,0.8373408913612366,,
40f,30,30,45,test,Exploits,least,random_row,1,300,-0.0007625269936397672,0.0033333333333333335,0.15592721104621887,0.8373408913612366,,
40f,30,30,45,test,Exploits,least,random_row,3,300,-0.0023483019322156906,0.013333333333333334,0.15751665830612183,0.8373408913612366,,
40f,30,30,45,test,Exploits,least,random_row,5,300,0.0016850793035700917,0.023333333333333334,0.16598869860172272,0.8373408913612366,,
40f,30,30,45,test,Exploits,least,random_row,10,300,0.02274513617157936,0.05,0.18277844786643982,0.8373408913612366,,
40f,30,30,45,test,Exploits,random,random_row,1,300,0.03423485532402992,0.04,0.16654269397258759,0.8373408913612366,,
40f,30,30,45,test,Exploits,random,random_row,3,300,0.07406756281852722,0.09,0.1856551170349121,0.8373408913612366,,
40f,30,30,45,test,Exploits,random,random_row,5,300,0.12424461543560028,0.15,0.20964498817920685,0.8373408913612366,,
40f,30,30,45,test,Exploits,random,random_row,10,300,0.26661232113838196,0.32,0.3154054880142212,0.8373408913612366,,
40f,30,30,45,test,Exploits,top_minus_random,median,1,300,0.4914926041165988,,,,0.4598127223451932,0.5214391057838996
40f,30,30,45,test,Exploits,top_minus_random,median,3,300,0.5749542756875357,,,,0.5454647204950452,0.602354564897716
40f,30,30,45,test,Exploits,top_minus_random,median,5,300,0.5737661746144295,,,,0.5383622627854346,0.6081551956137021
40f,30,30,45,test,Exploits,top_minus_random,median,10,300,0.45855171074469886,,,,0.4242494769915939,0.49233670878907043
40f,30,30,45,test,Exploits,top_minus_random,random_row,1,300,0.2931456692516804,,,,0.2588447162782153,0.32718778109923
40f,30,30,45,test,Exploits,top_minus_random,random_row,3,300,0.3875947467486064,,,,0.35541724834839505,0.41992925743758674
40f,30,30,45,test,Exploits,top_minus_random,random_row,5,300,0.41833192269007363,,,,0.38318065707137183,0.45528786401202276
40f,30,30,45,test,Exploits,top_minus_random,random_row,10,300,0.3828870499134064,,,,0.3453645266517997,0.4165732556457321
40f,30,30,45,test,Fuzzers,top,median,1,300,0.34711113572120667,0.5766666666666667,0.05348473787307739,0.7232550978660583,,
40f,30,30,45,test,Fuzzers,top,median,3,300,0.5335924029350281,0.83,0.091413713991642,0.7232550978660583,,
40f,30,30,45,test,Fuzzers,top,median,5,300,0.6285551190376282,0.9666666666666667,0.13175414502620697,0.7232550978660583,,
40f,30,30,45,test,Fuzzers,top,median,10,300,0.6976447701454163,1.0,0.3101484179496765,0.7232550978660583,,
40f,30,30,45,test,Fuzzers,least,median,1,300,0.015350332483649254,0.05333333333333334,0.008104633539915085,0.7232550978660583,,
40f,30,30,45,test,Fuzzers,least,median,3,300,0.053498752415180206,0.13,0.009906206279993057,0.7232550978660583,,
40f,30,30,45,test,Fuzzers,least,median,5,300,0.08648812025785446,0.16333333333333333,0.011522606946527958,0.7232550978660583,,
40f,30,30,45,test,Fuzzers,least,median,10,300,0.19015732407569885,0.33,0.01581982895731926,0.7232550978660583,,
40f,30,30,45,test,Fuzzers,random,median,1,300,0.06046564131975174,0.12333333333333334,0.01175638847053051,0.7232550978660583,,
40f,30,30,45,test,Fuzzers,random,median,3,300,0.16436612606048584,0.29,0.019231921061873436,0.7232550978660583,,
40f,30,30,45,test,Fuzzers,random,median,5,300,0.26692381501197815,0.42,0.02926207147538662,0.7232550978660583,,
40f,30,30,45,test,Fuzzers,random,median,10,300,0.4604962170124054,0.73,0.07038191705942154,0.7232550978660583,,
40f,30,30,45,test,Fuzzers,top,random_row,1,300,0.29185250401496887,0.4266666666666667,0.17928986251354218,0.7232550978660583,,
40f,30,30,45,test,Fuzzers,top,random_row,3,300,0.500840961933136,0.76,0.21303360164165497,0.7232550978660583,,
40f,30,30,45,test,Fuzzers,top,random_row,5,300,0.571391761302948,0.8233333333333334,0.2636226713657379,0.7232550978660583,,
40f,30,30,45,test,Fuzzers,top,random_row,10,300,0.6366960406303406,0.91,0.36715447902679443,0.7232550978660583,,
40f,30,30,45,test,Fuzzers,least,random_row,1,300,0.022277776151895523,0.06333333333333334,0.1700054556131363,0.7232550978660583,,
40f,30,30,45,test,Fuzzers,least,random_row,3,300,0.06247790530323982,0.14333333333333334,0.1650884747505188,0.7232550978660583,,
40f,30,30,45,test,Fuzzers,least,random_row,5,300,0.09779150784015656,0.19,0.16217638552188873,0.7232550978660583,,
40f,30,30,45,test,Fuzzers,least,random_row,10,300,0.198225200176239,0.35,0.14869754016399384,0.7232550978660583,,
40f,30,30,45,test,Fuzzers,random,random_row,1,300,0.05880692973732948,0.1,0.1690307855606079,0.7232550978660583,,
40f,30,30,45,test,Fuzzers,random,random_row,3,300,0.17010368406772614,0.26,0.16217643022537231,0.7232550978660583,,
40f,30,30,45,test,Fuzzers,random,random_row,5,300,0.25767388939857483,0.4066666666666667,0.16156814992427826,0.7232550978660583,,
40f,30,30,45,test,Fuzzers,random,random_row,10,300,0.4350357949733734,0.6666666666666666,0.1574501097202301,0.7232550978660583,,
40f,30,30,45,test,Fuzzers,top_minus_random,median,1,300,0.28664547244707744,,,,0.2542783346747359,0.3147017211019993
40f,30,30,45,test,Fuzzers,top_minus_random,median,3,300,0.36922633528709414,,,,0.34000611370553574,0.39729424308488764
40f,30,30,45,test,Fuzzers,top_minus_random,median,5,300,0.3616313056151072,,,,0.3312800842399399,0.3880923214678963
40f,30,30,45,test,Fuzzers,top_minus_random,median,10,300,0.23714857593178748,,,,0.21179355462888877,0.2637782441029946
40f,30,30,45,test,Fuzzers,top_minus_random,random_row,1,300,0.2330456088980039,,,,0.2008661162207524,0.2686154298608502
40f,30,30,45,test,Fuzzers,top_minus_random,random_row,3,300,0.33073729475339253,,,,0.29378784359246496,0.3655746432716648
40f,30,30,45,test,Fuzzers,top_minus_random,random_row,5,300,0.3137178478638331,,,,0.2791095333000025,0.3495251728892326
40f,30,30,45,test,Fuzzers,top_minus_random,random_row,10,300,0.20166020929813386,,,,0.17489201424767573,0.2304401416480541
40f,30,30,45,test,Generic,top,median,1,300,0.25556492805480957,0.17,0.08347166329622269,0.9569262862205505,,
40f,30,30,45,test,Generic,top,median,3,300,0.8707360625267029,1.0,0.7200267314910889,0.9569262862205505,,
40f,30,30,45,test,Generic,top,median,5,300,0.9502896070480347,1.0,0.8745753765106201,0.9569262862205505,,
40f,30,30,45,test,Generic,top,median,10,300,0.953764021396637,1.0,0.9282659888267517,0.9569262862205505,,
40f,30,30,45,test,Generic,least,median,1,300,0.0008295542793348432,0.0,0.008703945204615593,0.9569262862205505,,
40f,30,30,45,test,Generic,least,median,3,300,0.005722180940210819,0.01,0.011133178137242794,0.9569262862205505,,
40f,30,30,45,test,Generic,least,median,5,300,0.0085695656016469,0.006666666666666667,0.012489446438848972,0.9569262862205505,,
40f,30,30,45,test,Generic,least,median,10,300,0.0164171289652586,0.03666666666666667,0.012895944528281689,0.9569262862205505,,
40f,30,30,45,test,Generic,random,median,1,300,0.015146891586482525,0.013333333333333334,0.010931878350675106,0.9569262862205505,,
40f,30,30,45,test,Generic,random,median,3,300,0.07373850047588348,0.06666666666666667,0.03631294146180153,0.9569262862205505,,
40f,30,30,45,test,Generic,random,median,5,300,0.13810445368289948,0.13,0.05674115568399429,0.9569262862205505,,
40f,30,30,45,test,Generic,random,median,10,300,0.37048080563545227,0.3566666666666667,0.16501577198505402,0.9569262862205505,,
40f,30,30,45,test,Generic,top,random_row,1,300,0.22559814155101776,0.13,0.1471555382013321,0.9569262862205505,,
40f,30,30,45,test,Generic,top,random_row,3,300,0.7390720844268799,0.8166666666666667,0.5192556977272034,0.9569262862205505,,
40f,30,30,45,test,Generic,top,random_row,5,300,0.8856508135795593,0.95,0.8116452097892761,0.9569262862205505,,
40f,30,30,45,test,Generic,top,random_row,10,300,0.9053065776824951,0.96,0.8999035358428955,0.9569262862205505,,
40f,30,30,45,test,Generic,least,random_row,1,300,0.0013413276756182313,0.0,0.06675811111927032,0.9569262862205505,,
40f,30,30,45,test,Generic,least,random_row,3,300,0.006983126979321241,0.013333333333333334,0.06556510180234909,0.9569262862205505,,
40f,30,30,45,test,Generic,least,random_row,5,300,0.012939493171870708,0.02,0.06507697701454163,0.9569262862205505,,
40f,30,30,45,test,Generic,least,random_row,10,300,0.028873201459646225,0.05,0.0717584490776062,0.9569262862205505,,
40f,30,30,45,test,Generic,random,random_row,1,300,0.011816476471722126,0.016666666666666666,0.0694199800491333,0.9569262862205505,,
40f,30,30,45,test,Generic,random,random_row,3,300,0.07170088589191437,0.07,0.09013864398002625,0.9569262862205505,,
40f,30,30,45,test,Generic,random,random_row,5,300,0.14087629318237305,0.14,0.10728798061609268,0.9569262862205505,,
40f,30,30,45,test,Generic,random,random_row,10,300,0.3532851040363312,0.35,0.20589378476142883,0.9569262862205505,,
40f,30,30,45,test,Generic,top_minus_random,median,1,300,0.24041805297136307,,,,0.21781746923923492,0.2631482002635797
40f,30,30,45,test,Generic,top_minus_random,median,3,300,0.7969975773493448,,,,0.7740162701308727,0.8224553843562802
40f,30,30,45,test,Generic,top_minus_random,median,5,300,0.8121851274371147,,,,0.7769875146672129,0.8441029456406831
40f,30,30,45,test,Generic,top_minus_random,median,10,300,0.5832831752300263,,,,0.5376825359861056,0.6293464883714913
40f,30,30,45,test,Generic,top_minus_random,random_row,1,300,0.21378165105978647,,,,0.1936487300520142,0.23538174679378668
40f,30,30,45,test,Generic,top_minus_random,random_row,3,300,0.6673712024092674,,,,0.6331337013468147,0.700681996755302
40f,30,30,45,test,Generic,top_minus_random,random_row,5,300,0.744774510761102,,,,0.7066918831194441,0.7826430716315905
40f,30,30,45,test,Generic,top_minus_random,random_row,10,300,0.5520214421550432,,,,0.5060944079284867,0.5986022048170367
40f,30,30,45,test,Normal,top,median,1,300,0.13787385821342468,0.18666666666666668,0.8942980766296387,0.9373327493667603,,
40f,30,30,45,test,Normal,top,median,3,300,0.1981782466173172,0.2833333333333333,0.9245375394821167,0.9373327493667603,,
40f,30,30,45,test,Normal,top,median,5,300,0.2522931396961212,0.32,0.9376962184906006,0.9373327493667603,,
40f,30,30,45,test,Normal,top,median,10,300,0.4322870969772339,0.43666666666666665,0.9481701850891113,0.9373327493667603,,
40f,30,30,45,test,Normal,least,median,1,300,-0.0035984807182103395,0.006666666666666667,0.7825179696083069,0.9373327493667603,,
40f,30,30,45,test,Normal,least,median,3,300,-0.006123462691903114,0.0033333333333333335,0.7653715014457703,0.9373327493667603,,
40f,30,30,45,test,Normal,least,median,5,300,-0.005698106717318296,0.01,0.746795117855072,0.9373327493667603,,
40f,30,30,45,test,Normal,least,median,10,300,0.009804234839975834,0.03,0.6841009259223938,0.9373327493667603,,
40f,30,30,45,test,Normal,random,median,1,300,0.011798248626291752,0.02666666666666667,0.7781078815460205,0.9373327493667603,,
40f,30,30,45,test,Normal,random,median,3,300,0.03012709692120552,0.05,0.7495550513267517,0.9373327493667603,,
40f,30,30,45,test,Normal,random,median,5,300,0.039391499012708664,0.056666666666666664,0.7507140040397644,0.9373327493667603,,
40f,30,30,45,test,Normal,random,median,10,300,0.08989739418029785,0.09,0.7509655952453613,0.9373327493667603,,
40f,30,30,45,test,Normal,top,random_row,1,300,0.12372365593910217,0.13666666666666666,0.582847535610199,0.9373327493667603,,
40f,30,30,45,test,Normal,top,random_row,3,300,0.33627215027809143,0.41,0.7813877463340759,0.9373327493667603,,
40f,30,30,45,test,Normal,top,random_row,5,300,0.45087960362434387,0.51,0.8211987018585205,0.9373327493667603,,
40f,30,30,45,test,Normal,top,random_row,10,300,0.5642487406730652,0.6433333333333333,0.9074167013168335,0.9373327493667603,,
40f,30,30,45,test,Normal,least,random_row,1,300,0.0002598610590212047,0.0033333333333333335,0.5123968720436096,0.9373327493667603,,
40f,30,30,45,test,Normal,least,random_row,3,300,-0.00010257532267132774,0.013333333333333334,0.5112462639808655,0.9373327493667603,,
40f,30,30,45,test,Normal,least,random_row,5,300,0.0010947135742753744,0.013333333333333334,0.5106414556503296,0.9373327493667603,,
40f,30,30,45,test,Normal,least,random_row,10,300,0.017897984012961388,0.043333333333333335,0.507152259349823,0.9373327493667603,,
40f,30,30,45,test,Normal,random,random_row,1,300,0.014634191058576107,0.023333333333333334,0.5256834030151367,0.9373327493667603,,
40f,30,30,45,test,Normal,random,random_row,3,300,0.04478123411536217,0.04666666666666667,0.5395519137382507,0.9373327493667603,,
40f,30,30,45,test,Normal,random,random_row,5,300,0.07851803302764893,0.09333333333333334,0.566694974899292,0.9373327493667603,,
40f,30,30,45,test,Normal,random,random_row,10,300,0.17593544721603394,0.19,0.6328896880149841,0.9373327493667603,,
40f,30,30,45,test,Normal,top_minus_random,median,1,300,0.12607559939225516,,,,0.09945753101011118,0.15322536637385686
40f,30,30,45,test,Normal,top_minus_random,median,3,300,0.16805115739504498,,,,0.13960918709635733,0.19871146975457668
40f,30,30,45,test,Normal,top_minus_random,median,5,300,0.2129016158481439,,,,0.1840329087773959,0.24004389310379823
40f,30,30,45,test,Normal,top_minus_random,median,10,300,0.34238968292872113,,,,0.3116310850828886,0.3747809195940693
40f,30,30,45,test,Normal,top_minus_random,random_row,1,300,0.10908945699532827,,,,0.0858958741426468,0.1335477964033683
40f,30,30,45,test,Normal,top_minus_random,random_row,3,300,0.29149093945821125,,,,0.25461152869959675,0.3313896119693915
40f,30,30,45,test,Normal,top_minus_random,random_row,5,300,0.37236156697074574,,,,0.3286909186281264,0.4158993435030182
40f,30,30,45,test,Normal,top_minus_random,random_row,10,300,0.38831324845552445,,,,0.345006434644262,0.4331240326190988
40f,30,30,45,test,Overlap-Group-1,top,median,1,300,0.15945306420326233,0.26666666666666666,0.5188390016555786,0.6070631742477417,,
40f,30,30,45,test,Overlap-Group-1,top,median,3,300,0.4411782920360565,0.9133333333333333,0.5817939043045044,0.6070631742477417,,
40f,30,30,45,test,Overlap-Group-1,top,median,5,300,0.49200698733329773,0.95,0.6502933502197266,0.6070631742477417,,
40f,30,30,45,test,Overlap-Group-1,top,median,10,300,0.483609676361084,0.9566666666666667,0.7273814082145691,0.6070631742477417,,
40f,30,30,45,test,Overlap-Group-1,least,median,1,300,-0.0016162173124030232,0.0033333333333333335,0.14711686968803406,0.6070631742477417,,
40f,30,30,45,test,Overlap-Group-1,least,median,3,300,-0.0005697464803233743,0.03,0.17720945179462433,0.6070631742477417,,
40f,30,30,45,test,Overlap-Group-1,least,median,5,300,-0.004123235587030649,0.043333333333333335,0.21294909715652466,0.6070631742477417,,
40f,30,30,45,test,Overlap-Group-1,least,median,10,300,-0.05786355212330818,0.06333333333333334,0.2370949238538742,0.6070631742477417,,
40f,30,30,45,test,Overlap-Group-1,random,median,1,300,0.014018355868756771,0.07333333333333333,0.15008091926574707,0.6070631742477417,,
40f,30,30,45,test,Overlap-Group-1,random,median,3,300,0.05187742039561272,0.18333333333333332,0.20334085822105408,0.6070631742477417,,
40f,30,30,45,test,Overlap-Group-1,random,median,5,300,0.08218107372522354,0.22333333333333333,0.2503330707550049,0.6070631742477417,,
40f,30,30,45,test,Overlap-Group-1,random,median,10,300,0.13847340643405914,0.3433333333333333,0.34604236483573914,0.6070631742477417,,
40f,30,30,45,test,Overlap-Group-1,top,random_row,1,300,0.15615443885326385,0.22,0.09757352620363235,0.6070631742477417,,
40f,30,30,45,test,Overlap-Group-1,top,random_row,3,300,0.405378520488739,0.85,0.18278752267360687,0.6070631742477417,,
40f,30,30,45,test,Overlap-Group-1,top,random_row,5,300,0.48406434059143066,0.9266666666666666,0.2760373055934906,0.6070631742477417,,
40f,30,30,45,test,Overlap-Group-1,top,random_row,10,300,0.5359851121902466,0.95,0.5445631146430969,0.6070631742477417,,
40f,30,30,45,test,Overlap-Group-1,least,random_row,1,300,-0.016986586153507233,0.01,0.07173183560371399,0.6070631742477417,,
40f,30,30,45,test,Overlap-Group-1,least,random_row,3,300,-0.024543635547161102,0.04,0.0729762613773346,0.6070631742477417,,
40f,30,30,45,test,Overlap-Group-1,least,random_row,5,300,-0.04339379444718361,0.056666666666666664,0.07517408579587936,0.6070631742477417,,
40f,30,30,45,test,Overlap-Group-1,least,random_row,10,300,-0.03780993074178696,0.11333333333333333,0.0812232494354248,0.6070631742477417,,
40f,30,30,45,test,Overlap-Group-1,random,random_row,1,300,0.026702022179961205,0.09,0.06951393187046051,0.6070631742477417,,
40f,30,30,45,test,Overlap-Group-1,random,random_row,3,300,0.06854066252708435,0.18666666666666668,0.0742807686328888,0.6070631742477417,,
40f,30,30,45,test,Overlap-Group-1,random,random_row,5,300,0.1200549453496933,0.29333333333333333,0.09281520545482635,0.6070631742477417,,
40f,30,30,45,test,Overlap-Group-1,random,random_row,10,300,0.23958806693553925,0.48333333333333334,0.16404171288013458,0.6070631742477417,,
40f,30,30,45,test,Overlap-Group-1,top_minus_random,median,1,300,0.1454347069064776,,,,0.12670601157844066,0.1663964748332898
40f,30,30,45,test,Overlap-Group-1,top_minus_random,median,3,300,0.38930087452133494,,,,0.36183257607370617,0.4138436176106334
40f,30,30,45,test,Overlap-Group-1,top_minus_random,median,5,300,0.40982590571045874,,,,0.37976279433816673,0.4378601450783511
40f,30,30,45,test,Overlap-Group-1,top_minus_random,median,10,300,0.3451362281044324,,,,0.3151036607051889,0.3757834518725673
40f,30,30,45,test,Overlap-Group-1,top_minus_random,random_row,1,300,0.12945242072145144,,,,0.10994384848450621,0.15069358013321957
40f,30,30,45,test,Overlap-Group-1,top_minus_random,random_row,3,300,0.3368378734588623,,,,0.31060629483809077,0.3609380148276687
40f,30,30,45,test,Overlap-Group-1,top_minus_random,random_row,5,300,0.36400940010945004,,,,0.33634027528514465,0.3897932250574231
40f,30,30,45,test,Overlap-Group-1,top_minus_random,random_row,10,300,0.29639703621466956,,,,0.2674477088699738,0.3254562312687437
40f,30,30,45,test,Reconnaissance,top,median,1,300,0.4816577136516571,0.4066666666666667,0.053487904369831085,0.9086685180664062,,
40f,30,30,45,test,Reconnaissance,top,median,3,300,0.8792417645454407,1.0,0.09543993324041367,0.9086685180664062,,
40f,30,30,45,test,Reconnaissance,top,median,5,300,0.892926037311554,1.0,0.6144267916679382,0.9086685180664062,,
40f,30,30,45,test,Reconnaissance,top,median,10,300,0.9062397480010986,1.0,0.8751680254936218,0.9086685180664062,,
40f,30,30,45,test,Reconnaissance,least,median,1,300,0.0007558048819191754,0.0033333333333333335,0.0023078015074133873,0.9086685180664062,,
40f,30,30,45,test,Reconnaissance,least,median,3,300,0.01179908774793148,0.043333333333333335,0.002493655774742365,0.9086685180664062,,
40f,30,30,45,test,Reconnaissance,least,median,5,300,0.019857194274663925,0.06666666666666667,0.002713951049372554,0.9086685180664062,,
40f,30,30,45,test,Reconnaissance,least,median,10,300,0.04441695660352707,0.07,0.0035929225850850344,0.9086685180664062,,
40f,30,30,45,test,Reconnaissance,random,median,1,300,0.038312193006277084,0.03333333333333333,0.0061589377000927925,0.9086685180664062,,
40f,30,30,45,test,Reconnaissance,random,median,3,300,0.12882393598556519,0.12666666666666668,0.013920656405389309,0.9086685180664062,,
40f,30,30,45,test,Reconnaissance,random,median,5,300,0.24202656745910645,0.24,0.026681765913963318,0.9086685180664062,,
40f,30,30,45,test,Reconnaissance,random,median,10,300,0.5157045125961304,0.52,0.0743798241019249,0.9086685180664062,,
40f,30,30,45,test,Reconnaissance,top,random_row,1,300,0.4117017984390259,0.3,0.0702369213104248,0.9086685180664062,,
40f,30,30,45,test,Reconnaissance,top,random_row,3,300,0.8135614395141602,0.9133333333333333,0.088606096804142,0.9086685180664062,,
40f,30,30,45,test,Reconnaissance,top,random_row,5,300,0.8555138111114502,0.9666666666666667,0.2040611207485199,0.9086685180664062,,
40f,30,30,45,test,Reconnaissance,top,random_row,10,300,0.8752061724662781,0.9666666666666667,0.4755544066429138,0.9086685180664062,,
40f,30,30,45,test,Reconnaissance,least,random_row,1,300,0.0037595899775624275,0.016666666666666666,0.05756191909313202,0.9086685180664062,,
40f,30,30,45,test,Reconnaissance,least,random_row,3,300,0.015284434892237186,0.04,0.05737084150314331,0.9086685180664062,,
40f,30,30,45,test,Reconnaissance,least,random_row,5,300,0.03046829253435135,0.06666666666666667,0.05747381970286369,0.9086685180664062,,
40f,30,30,45,test,Reconnaissance,least,random_row,10,300,0.18152309954166412,0.23,0.06044752895832062,0.9086685180664062,,
40f,30,30,45,test,Reconnaissance,random,random_row,1,300,0.04378074035048485,0.04,0.056943632662296295,0.9086685180664062,,
40f,30,30,45,test,Reconnaissance,random,random_row,3,300,0.1586150974035263,0.17,0.05820788815617561,0.9086685180664062,,
40f,30,30,45,test,Reconnaissance,random,random_row,5,300,0.29566505551338196,0.31333333333333335,0.06212135776877403,0.9086685180664062,,
40f,30,30,45,test,Reconnaissance,random,random_row,10,300,0.5885123610496521,0.62,0.08148143440485,0.9086685180664062,,
40f,30,30,45,test,Reconnaissance,top_minus_random,median,1,300,0.44334555715322493,,,,0.42049049848318104,0.4669194183324774
40f,30,30,45,test,Reconnaissance,top_minus_random,median,3,300,0.7504177540540695,,,,0.7186794904271762,0.7840019481008251
40f,30,30,45,test,Reconnaissance,top_minus_random,median,5,300,0.6508994381129741,,,,0.615945252298067,0.6894707157996793
40f,30,30,45,test,Reconnaissance,top_minus_random,median,10,300,0.3905352445443471,,,,0.3526584062029918,0.43118136931210754
40f,30,30,45,test,Reconnaissance,top_minus_random,random_row,1,300,0.36792105485995613,,,,0.33974520194033786,0.39738242139667274
40f,30,30,45,test,Reconnaissance,top_minus_random,random_row,3,300,0.6549463068445524,,,,0.617257569414874,0.6929320551107327
40f,30,30,45,test,Reconnaissance,top_minus_random,random_row,5,300,0.559848712782065,,,,0.5179298558980227,0.6000410916234057
40f,30,30,45,test,Reconnaissance,top_minus_random,random_row,10,300,0.28669390658537547,,,,0.25145859891921285,0.32263205492248137
40f,30,30,45,test,Unknown,top,median,1,200,0.1966594159603119,0.785,0.3767213523387909,0.40512192249298096,,
40f,30,30,45,test,Unknown,top,median,3,200,0.2785206735134125,0.97,0.4473054111003876,0.40512192249298096,,
40f,30,30,45,test,Unknown,top,median,5,200,0.31194397807121277,1.0,0.4922291040420532,0.40512192249298096,,
40f,30,30,45,test,Unknown,top,median,10,200,0.331909716129303,0.995,0.5663555264472961,0.40512192249298096,,
40f,30,30,45,test,Unknown,least,median,1,200,0.008441795594990253,0.18,0.21388137340545654,0.40512192249298096,,
40f,30,30,45,test,Unknown,least,median,3,200,0.026062864810228348,0.36,0.21490146219730377,0.40512192249298096,,
40f,30,30,45,test,Unknown,least,median,5,200,0.030479198321700096,0.425,0.22033561766147614,0.40512192249298096,,
40f,30,30,45,test,Unknown,least,median,10,200,0.03602694347500801,0.475,0.22602219879627228,0.40512192249298096,,
40f,30,30,45,test,Unknown,random,median,1,200,0.006032582372426987,0.175,0.22092242538928986,0.40512192249298096,,
40f,30,30,45,test,Unknown,random,median,3,200,0.0457189716398716,0.47,0.22739249467849731,0.40512192249298096,,
40f,30,30,45,test,Unknown,random,median,5,200,0.06724663078784943,0.565,0.23724929988384247,0.40512192249298096,,
40f,30,30,45,test,Unknown,random,median,10,200,0.10197336226701736,0.655,0.251905620098114,0.40512192249298096,,
40f,30,30,45,test,Unknown,top,random_row,1,200,0.14058996737003326,0.625,0.20295833051204681,0.40512192249298096,,
40f,30,30,45,test,Unknown,top,random_row,3,200,0.254232794046402,0.905,0.26425719261169434,0.40512192249298096,,
40f,30,30,45,test,Unknown,top,random_row,5,200,0.3010571300983429,0.945,0.33219096064567566,0.40512192249298096,,
40f,30,30,45,test,Unknown,top,random_row,10,200,0.3307557702064514,0.96,0.4861789643764496,0.40512192249298096,,
40f,30,30,45,test,Unknown,least,random_row,1,200,0.004059245809912682,0.185,0.19935375452041626,0.40512192249298096,,
40f,30,30,45,test,Unknown,least,random_row,3,200,0.0234092827886343,0.345,0.20219695568084717,0.40512192249298096,,
40f,30,30,45,test,Unknown,least,random_row,5,200,0.03592671453952789,0.44,0.2004871815443039,0.40512192249298096,,
40f,30,30,45,test,Unknown,least,random_row,10,200,0.036977674812078476,0.505,0.2112497091293335,0.40512192249298096,,
40f,30,30,45,test,Unknown,random,random_row,1,200,0.001202493323944509,0.235,0.1958773285150528,0.40512192249298096,,
40f,30,30,45,test,Unknown,random,random_row,3,200,0.022612713277339935,0.465,0.19925017654895782,0.40512192249298096,,
40f,30,30,45,test,Unknown,random,random_row,5,200,0.045165881514549255,0.53,0.2022930085659027,0.40512192249298096,,
40f,30,30,45,test,Unknown,random,random_row,10,200,0.08325960487127304,0.59,0.23541690409183502,0.40512192249298096,,
40f,30,30,45,test,Unknown,top_minus_random,median,1,200,0.1906268198788166,,,,0.1636527799051255,0.21495069022662935
40f,30,30,45,test,Unknown,top_minus_random,median,3,200,0.232801706045866,,,,0.2064283405598253,0.26077510589919983
40f,30,30,45,test,Unknown,top_minus_random,median,5,200,0.24469737336039543,,,,0.21689015513658524,0.27483355953358113
40f,30,30,45,test,Unknown,top_minus_random,median,10,200,0.22993634805083274,,,,0.1980221485886723,0.2623806891925633
40f,30,30,45,test,Unknown,top_minus_random,random_row,1,200,0.13938747107982635,,,,0.11618819443695247,0.16289026338234544
40f,30,30,45,test,Unknown,top_minus_random,random_row,3,200,0.23162008352577687,,,,0.204543247576803,0.25885773823410274
40f,30,30,45,test,Unknown,top_minus_random,random_row,5,200,0.2558912504464388,,,,0.22620920478925108,0.2857708510216326
40f,30,30,45,test,Unknown,top_minus_random,random_row,10,200,0.2474961581081152,,,,0.21532827423140408,0.2804762931447476
40f,30,30,45,validation,all,top,median,1,2000,0.30124348402023315,0.4025,0.36225688457489014,0.7657092213630676,,
40f,30,30,45,validation,all,top,median,3,2000,0.5839354395866394,0.868,0.479190856218338,0.7657092213630676,,
40f,30,30,45,validation,all,top,median,5,2000,0.6597028970718384,0.9345,0.6275457739830017,0.7657092213630676,,
40f,30,30,45,validation,all,top,median,10,2000,0.7028542757034302,0.9815,0.7406653165817261,0.7657092213630676,,
40f,30,30,45,validation,all,least,median,1,2000,0.002144845435395837,0.0265,0.17142263054847717,0.7657092213630676,,
40f,30,30,45,validation,all,least,median,3,2000,0.006673920433968306,0.0545,0.17207522690296173,0.7657092213630676,,
40f,30,30,45,validation,all,least,median,5,2000,0.014237080700695515,0.0775,0.1765308380126953,0.7657092213630676,,
40f,30,30,45,validation,all,least,median,10,2000,0.034340087324380875,0.135,0.16848163306713104,0.7657092213630676,,
40f,30,30,45,validation,all,random,median,1,2000,0.029549596831202507,0.073,0.17417249083518982,0.7657092213630676,,
40f,30,30,45,validation,all,random,median,3,2000,0.08485083281993866,0.172,0.18470080196857452,0.7657092213630676,,
40f,30,30,45,validation,all,random,median,5,2000,0.14002364873886108,0.2335,0.19857189059257507,0.7657092213630676,,
40f,30,30,45,validation,all,random,median,10,2000,0.3009116053581238,0.429,0.24829016625881195,0.7657092213630676,,
40f,30,30,45,validation,all,top,random_row,1,2000,0.26101794838905334,0.353,0.18987241387367249,0.7657092213630676,,
40f,30,30,45,validation,all,top,random_row,3,2000,0.5297091007232666,0.771,0.3065001964569092,0.7657092213630676,,
40f,30,30,45,validation,all,top,random_row,5,2000,0.6232014298439026,0.874,0.43533942103385925,0.7657092213630676,,
40f,30,30,45,validation,all,top,random_row,10,2000,0.6750820279121399,0.918,0.6092076301574707,0.7657092213630676,,
40f,30,30,45,validation,all,least,random_row,1,2000,-0.0015879974234849215,0.033,0.1665288358926773,0.7657092213630676,,
40f,30,30,45,validation,all,least,random_row,3,2000,0.0048715886659920216,0.062,0.1665775179862976,0.7657092213630676,,
40f,30,30,45,validation,all,least,random_row,5,2000,0.015338057652115822,0.09,0.16766001284122467,0.7657092213630676,,
40f,30,30,45,validation,all,least,random_row,10,2000,0.06650812923908234,0.1675,0.16881316900253296,0.7657092213630676,,
40f,30,30,45,validation,all,random,random_row,1,2000,0.033160094171762466,0.076,0.16811144351959229,0.7657092213630676,,
40f,30,30,45,validation,all,random,random_row,3,2000,0.09576616436243057,0.1795,0.17378383874893188,0.7657092213630676,,
40f,30,30,45,validation,all,random,random_row,5,2000,0.1619519293308258,0.2785,0.18258124589920044,0.7657092213630676,,
40f,30,30,45,validation,all,random,random_row,10,2000,0.3306262791156769,0.478,0.2199278622865677,0.7657092213630676,,
40f,30,30,45,validation,all,top_minus_random,median,1,2000,0.2716938921287656,,,,0.2604189210377634,0.2833362393615767
40f,30,30,45,validation,all,top_minus_random,median,3,2000,0.49908464252203705,,,,0.4854043758735061,0.5132028668370098
40f,30,30,45,validation,all,top_minus_random,median,5,2000,0.5196792448312044,,,,0.505253184209764,0.5328175070239232
40f,30,30,45,validation,all,top_minus_random,median,10,2000,0.40194267758727076,,,,0.38684555771108714,0.4155560254380107
40f,30,30,45,validation,all,top_minus_random,random_row,1,2000,0.22785785768926142,,,,0.2165572374233976,0.24003907423391938
40f,30,30,45,validation,all,top_minus_random,random_row,3,2000,0.43394296239316466,,,,0.4197143708668649,0.4475124776745215
40f,30,30,45,validation,all,top_minus_random,random_row,5,2000,0.4612494656816125,,,,0.4469511648349464,0.47500492953881623
40f,30,30,45,validation,all,top_minus_random,random_row,10,2000,0.344455745883286,,,,0.32900552205685524,0.3587387948511168
40f,30,30,45,validation,Exploits,top,median,1,300,0.5781028270721436,0.7633333333333333,0.5815759301185608,0.8534495234489441,,
40f,30,30,45,validation,Exploits,top,median,3,300,0.7094024419784546,0.9366666666666666,0.563947856426239,0.8534495234489441,,
40f,30,30,45,validation,Exploits,top,median,5,300,0.780163049697876,0.9966666666666667,0.6602223515510559,0.8534495234489441,,
40f,30,30,45,validation,Exploits,top,median,10,300,0.8159833550453186,1.0,0.812395453453064,0.8534495234489441,,
40f,30,30,45,validation,Exploits,least,median,1,300,-0.0018565163481980562,0.0,0.06958631426095963,0.8534495234489441,,
40f,30,30,45,validation,Exploits,least,median,3,300,-0.007842855527997017,0.006666666666666667,0.06947235018014908,0.8534495234489441,,
40f,30,30,45,validation,Exploits,least,median,5,300,-0.0115335863083601,0.0033333333333333335,0.07017569243907928,0.8534495234489441,,
40f,30,30,45,validation,Exploits,least,median,10,300,-0.0031159038189798594,0.016666666666666666,0.07142013311386108,0.8534495234489441,,
40f,30,30,45,validation,Exploits,random,median,1,300,0.03501024469733238,0.05,0.09324100613594055,0.8534495234489441,,
40f,30,30,45,validation,Exploits,random,median,3,300,0.09215410053730011,0.12,0.13356994092464447,0.8534495234489441,,
40f,30,30,45,validation,Exploits,random,median,5,300,0.15206106007099152,0.16666666666666666,0.15926313400268555,0.8534495234489441,,
40f,30,30,45,validation,Exploits,random,median,10,300,0.34116262197494507,0.37333333333333335,0.25404414534568787,0.8534495234489441,,
40f,30,30,45,validation,Exploits,top,random_row,1,300,0.352304071187973,0.4666666666666667,0.1879732608795166,0.8534495234489441,,
40f,30,30,45,validation,Exploits,top,random_row,3,300,0.46870046854019165,0.5666666666666667,0.30845388770103455,0.8534495234489441,,
40f,30,30,45,validation,Exploits,top,random_row,5,300,0.556450605392456,0.67,0.43383321166038513,0.8534495234489441,,
40f,30,30,45,validation,Exploits,top,random_row,10,300,0.6547120213508606,0.7633333333333333,0.712604284286499,0.8534495234489441,,
40f,30,30,45,validation,Exploits,least,random_row,1,300,-0.00221847603097558,0.0,0.156366229057312,0.8534495234489441,,
40f,30,30,45,validation,Exploits,least,random_row,3,300,-0.007219645194709301,0.006666666666666667,0.1551426500082016,0.8534495234489441,,
40f,30,30,45,validation,Exploits,least,random_row,5,300,-0.005720085930079222,0.016666666666666666,0.15863201022148132,0.8534495234489441,,
40f,30,30,45,validation,Exploits,least,random_row,10,300,0.009973554871976376,0.03666666666666667,0.1688271462917328,0.8534495234489441,,
40f,30,30,45,validation,Exploits,random,random_row,1,300,0.025783739984035492,0.03666666666666667,0.1583174765110016,0.8534495234489441,,
40f,30,30,45,validation,Exploits,random,random_row,3,300,0.07596758753061295,0.1,0.18672603368759155,0.8534495234489441,,
40f,30,30,45,validation,Exploits,random,random_row,5,300,0.12050127983093262,0.15666666666666668,0.20594841241836548,0.8534495234489441,,
40f,30,30,45,validation,Exploits,random,random_row,10,300,0.2693723738193512,0.29333333333333333,0.2932954430580139,0.8534495234489441,,
40f,30,30,45,validation,Exploits,top_minus_random,median,1,300,0.5430925798912843,,,,0.513500110335648,0.5744700845529637
40f,30,30,45,validation,Exploits,top_minus_random,median,3,300,0.6172483150164286,,,,0.5875806526392698,0.6461692865292231
40f,30,30,45,validation,Exploits,top_minus_random,median,5,300,0.6281019665797551,,,,0.5958701601823171,0.6591857275590302
40f,30,30,45,validation,Exploits,top_minus_random,median,10,300,0.4748207437992096,,,,0.4365516171703736,0.5073946677222847
40f,30,30,45,validation,Exploits,top_minus_random,random_row,1,300,0.3265203238030275,,,,0.2882487721393506,0.36525626930221916
40f,30,30,45,validation,Exploits,top_minus_random,random_row,3,300,0.39273286938667296,,,,0.3546425940518578,0.4308037140270074
40f,30,30,45,validation,Exploits,top_minus_random,random_row,5,300,0.43594927524526916,,,,0.39824448583895966,0.47333317109694084
40f,30,30,45,validation,Exploits,top_minus_random,random_row,10,300,0.38533965349197385,,,,0.35157381036132573,0.41951335217555363
40f,30,30,45,validation,Fuzzers,top,median,1,300,0.3467470407485962,0.4633333333333333,0.0439995639026165,0.7913137078285217,,
40f,30,30,45,validation,Fuzzers,top,median,3,300,0.5341344475746155,0.7266666666666667,0.08941000699996948,0.7913137078285217,,
40f,30,30,45,validation,Fuzzers,top,median,5,300,0.6528149247169495,0.9033333333333333,0.16067659854888916,0.7913137078285217,,
40f,30,30,45,validation,Fuzzers,top,median,10,300,0.7610096335411072,1.0,0.375200480222702,0.7913137078285217,,
40f,30,30,45,validation,Fuzzers,least,median,1,300,0.01847092993557453,0.03666666666666667,0.008164494298398495,0.7913137078285217,,
40f,30,30,45,validation,Fuzzers,least,median,3,300,0.04819222167134285,0.07,0.009760545566678047,0.7913137078285217,,
40f,30,30,45,validation,Fuzzers,least,median,5,300,0.07915052771568298,0.09333333333333334,0.011299540288746357,0.7913137078285217,,
40f,30,30,45,validation,Fuzzers,least,median,10,300,0.20205798745155334,0.27666666666666667,0.01665318012237549,0.7913137078285217,,
40f,30,30,45,validation,Fuzzers,random,median,1,300,0.06293687224388123,0.09,0.012552347034215927,0.7913137078285217,,
40f,30,30,45,validation,Fuzzers,random,median,3,300,0.183558851480484,0.2733333333333333,0.020492175593972206,0.7913137078285217,,
40f,30,30,45,validation,Fuzzers,random,median,5,300,0.2829723358154297,0.4166666666666667,0.0390007421374321,0.7913137078285217,,
40f,30,30,45,validation,Fuzzers,random,median,10,300,0.48622456192970276,0.6966666666666667,0.097577765583992,0.7913137078285217,,
40f,30,30,45,validation,Fuzzers,top,random_row,1,300,0.3740186095237732,0.5,0.11791759729385376,0.7913137078285217,,
40f,30,30,45,validation,Fuzzers,top,random_row,3,300,0.5752492547035217,0.7733333333333333,0.16613882780075073,0.7913137078285217,,
40f,30,30,45,validation,Fuzzers,top,random_row,5,300,0.6603517532348633,0.8666666666666667,0.24802759289741516,0.7913137078285217,,
40f,30,30,45,validation,Fuzzers,top,random_row,10,300,0.7257539629936218,0.9433333333333334,0.4018768072128296,0.7913137078285217,,
40f,30,30,45,validation,Fuzzers,least,random_row,1,300,0.018284130841493607,0.03333333333333333,0.11123953759670258,0.7913137078285217,,
40f,30,30,45,validation,Fuzzers,least,random_row,3,300,0.05302908271551132,0.07,0.10921375453472137,0.7913137078285217,,
40f,30,30,45,validation,Fuzzers,least,random_row,5,300,0.08729789406061172,0.10333333333333333,0.10951227694749832,0.7913137078285217,,
40f,30,30,45,validation,Fuzzers,least,random_row,10,300,0.18216197192668915,0.26,0.11093592643737793,0.7913137078285217,,
40f,30,30,45,validation,Fuzzers,random,random_row,1,300,0.06578762829303741,0.09666666666666666,0.11547961086034775,0.7913137078285217,,
40f,30,30,45,validation,Fuzzers,random,random_row,3,300,0.18641351163387299,0.24333333333333335,0.11507237702608109,0.7913137078285217,,
40f,30,30,45,validation,Fuzzers,random,random_row,5,300,0.29110848903656006,0.42,0.11610164493322372,0.7913137078285217,,
40f,30,30,45,validation,Fuzzers,random,random_row,10,300,0.5003209710121155,0.6666666666666666,0.13721317052841187,0.7913137078285217,,
40f,30,30,45,validation,Fuzzers,top_minus_random,median,1,300,0.28381016343832016,,,,0.25601979190359514,0.31330818982919056
40f,30,30,45,validation,Fuzzers,top_minus_random,median,3,300,0.35057554006576536,,,,0.3195879977842172,0.3813339253788193
40f,30,30,45,validation,Fuzzers,top_minus_random,median,5,300,0.36984264488021534,,,,0.340857634074986,0.4007159751802683
40f,30,30,45,validation,Fuzzers,top_minus_random,median,10,300,0.2747850713133812,,,,0.24492368889848393,0.3049245726863543
40f,30,30,45,validation,Fuzzers,top_minus_random,random_row,1,300,0.30823097735643384,,,,0.2706181692083677,0.34580815659711756
40f,30,30,45,validation,Fuzzers,top_minus_random,random_row,3,300,0.3888356942931811,,,,0.3529397923350334,0.4246848635176817
40f,30,30,45,validation,Fuzzers,top_minus_random,random_row,5,300,0.3692432459195455,,,,0.336185698206226,0.40523070613543194
40f,30,30,45,validation,Fuzzers,top_minus_random,random_row,10,300,0.22543304453293483,,,,0.19574873300641776,0.2555584721689423
40f,30,30,45,validation,Generic,top,median,1,300,0.22132419049739838,0.18,0.08101421594619751,0.9375944137573242,,
40f,30,30,45,validation,Generic,top,median,3,300,0.8143395781517029,0.9966666666666667,0.6774863600730896,0.9375944137573242,,
40f,30,30,45,validation,Generic,top,median,5,300,0.9301563501358032,1.0,0.85396808385849,0.9375944137573242,,
40f,30,30,45,validation,Generic,top,median,10,300,0.9347054958343506,1.0,0.9109851121902466,0.9375944137573242,,
40f,30,30,45,validation,Generic,least,median,1,300,-0.0023446634877473116,0.0,0.00831113662570715,0.9375944137573242,,
40f,30,30,45,validation,Generic,least,median,3,300,-0.0016582757234573364,0.0033333333333333335,0.010911052115261555,0.9375944137573242,,
40f,30,30,45,validation,Generic,least,median,5,300,0.00136766885407269,0.013333333333333334,0.012751112692058086,0.9375944137573242,,
40f,30,30,45,validation,Generic,least,median,10,300,0.016363300383090973,0.023333333333333334,0.013173663057386875,0.9375944137573242,,
40f,30,30,45,validation,Generic,random,median,1,300,0.022806791588664055,0.03,0.014414776116609573,0.9375944137573242,,
40f,30,30,45,validation,Generic,random,median,3,300,0.06691981852054596,0.06666666666666667,0.03672798350453377,0.9375944137573242,,
40f,30,30,45,validation,Generic,random,median,5,300,0.12827758491039276,0.14,0.06765885651111603,0.9375944137573242,,
40f,30,30,45,validation,Generic,random,median,10,300,0.36157479882240295,0.3933333333333333,0.1825733780860901,0.9375944137573242,,
40f,30,30,45,validation,Generic,top,random_row,1,300,0.20169702172279358,0.17333333333333334,0.09964235126972198,0.9375944137573242,,
40f,30,30,45,validation,Generic,top,random_row,3,300,0.708921492099762,0.81,0.502321183681488,0.9375944137573242,,
40f,30,30,45,validation,Generic,top,random_row,5,300,0.8770421147346497,0.9633333333333334,0.7969642877578735,0.9375944137573242,,
40f,30,30,45,validation,Generic,top,random_row,10,300,0.8912878632545471,0.9633333333333334,0.8730192184448242,0.9375944137573242,,
40f,30,30,45,validation,Generic,least,random_row,1,300,0.001265627215616405,0.0,0.057322584092617035,0.9375944137573242,,
40f,30,30,45,validation,Generic,least,random_row,3,300,0.00455743120983243,0.0033333333333333335,0.05775952711701393,0.9375944137573242,,
40f,30,30,45,validation,Generic,least,random_row,5,300,0.012954337522387505,0.016666666666666666,0.056268736720085144,0.9375944137573242,,
40f,30,30,45,validation,Generic,least,random_row,10,300,0.035031758248806,0.06,0.06217879429459572,0.9375944137573242,,
40f,30,30,45,validation,Generic,random,random_row,1,300,0.028657302260398865,0.04,0.06107570603489876,0.9375944137573242,,
40f,30,30,45,validation,Generic,random,random_row,3,300,0.06492256373167038,0.06666666666666667,0.06830132007598877,0.9375944137573242,,
40f,30,30,45,validation,Generic,random,random_row,5,300,0.12128166109323502,0.13333333333333333,0.08302337676286697,0.9375944137573242,,
40f,30,30,45,validation,Generic,random,random_row,10,300,0.3761032223701477,0.39666666666666667,0.17410366237163544,0.9375944137573242,,
40f,30,30,45,validation,Generic,top_minus_random,median,1,300,0.1985173813501994,,,,0.17629218949377537,0.22055605908979972
40f,30,30,45,validation,Generic,top_minus_random,median,3,300,0.7474198079109192,,,,0.7228201152533292,0.7712305866628886
40f,30,30,45,validation,Generic,top_minus_random,median,5,300,0.8018787586688996,,,,0.7663138807465634,0.8350229954520861
40f,30,30,45,validation,Generic,top_minus_random,median,10,300,0.5731306890646617,,,,0.5302844518696268,0.6162891075784962
40f,30,30,45,validation,Generic,top_minus_random,random_row,1,300,0.1730397214492162,,,,0.15288381951798996,0.19400480014085766
40f,30,30,45,validation,Generic,top_minus_random,random_row,3,300,0.6439989300568899,,,,0.6140976410259804,0.6738723781059185
40f,30,30,45,validation,Generic,top_minus_random,random_row,5,300,0.7557604574163754,,,,0.7184198635220528,0.7944741158535082
40f,30,30,45,validation,Generic,top_minus_random,random_row,10,300,0.5151846047242482,,,,0.4671147595246633,0.5610542761956653
40f,30,30,45,validation,Normal,top,median,1,300,0.14679214358329773,0.26666666666666666,0.7541252374649048,0.7615861296653748,,
40f,30,30,45,validation,Normal,top,median,3,300,0.33630818128585815,0.5633333333333334,0.8016003966331482,0.7615861296653748,,
40f,30,30,45,validation,Normal,top,median,5,300,0.47023865580558777,0.7866666666666666,0.8418352007865906,0.7615861296653748,,
40f,30,30,45,validation,Normal,top,median,10,300,0.610038161277771,0.9566666666666667,0.8518407344818115,0.7615861296653748,,
40f,30,30,45,validation,Normal,least,median,1,300,-0.008121187798678875,0.016666666666666666,0.770787239074707,0.7615861296653748,,
40f,30,30,45,validation,Normal,least,median,3,300,-0.01763038896024227,0.04,0.7290465831756592,0.7615861296653748,,
40f,30,30,45,validation,Normal,least,median,5,300,-0.022496609017252922,0.04666666666666667,0.7006317377090454,0.7615861296653748,,
40f,30,30,45,validation,Normal,least,median,10,300,0.02168014459311962,0.11,0.6113863587379456,0.7615861296653748,,
40f,30,30,45,validation,Normal,random,median,1,300,0.008938957937061787,0.06333333333333334,0.7438270449638367,0.7615861296653748,,
40f,30,30,45,validation,Normal,random,median,3,300,0.021975383162498474,0.12,0.6449868679046631,0.7615861296653748,,
40f,30,30,45,validation,Normal,random,median,5,300,0.05779757723212242,0.14666666666666667,0.5785318613052368,0.7615861296653748,,
40f,30,30,45,validation,Normal,random,median,10,300,0.15912120044231415,0.25333333333333335,0.4974004030227661,0.7615861296653748,,
40f,30,30,45,validation,Normal,top,random_row,1,300,0.16839030385017395,0.33,0.5343836545944214,0.7615861296653748,,
40f,30,30,45,validation,Normal,top,random_row,3,300,0.4081566333770752,0.6366666666666667,0.5914114117622375,0.7615861296653748,,
40f,30,30,45,validation,Normal,top,random_row,5,300,0.5396360158920288,0.8233333333333334,0.6627129316329956,0.7615861296653748,,
40f,30,30,45,validation,Normal,top,random_row,10,300,0.6205370426177979,0.9066666666666666,0.7344521880149841,0.7615861296653748,,
40f,30,30,45,validation,Normal,least,random_row,1,300,0.00480087473988533,0.056666666666666664,0.5196987986564636,0.7615861296653748,,
40f,30,30,45,validation,Normal,least,random_row,3,300,0.007435558829456568,0.06,0.5208748579025269,0.7615861296653748,,
40f,30,30,45,validation,Normal,least,random_row,5,300,0.014617867767810822,0.07333333333333333,0.5228947401046753,0.7615861296653748,,
40f,30,30,45,validation,Normal,least,random_row,10,300,0.0743127390742302,0.16666666666666666,0.49924397468566895,0.7615861296653748,,
40f,30,30,45,validation,Normal,random,random_row,1,300,0.021700523793697357,0.08,0.523686408996582,0.7615861296653748,,
40f,30,30,45,validation,Normal,random,random_row,3,300,0.06353083997964859,0.17666666666666667,0.5205889940261841,0.7615861296653748,,
40f,30,30,45,validation,Normal,random,random_row,5,300,0.1203143298625946,0.24,0.5170202851295471,0.7615861296653748,,
40f,30,30,45,validation,Normal,random,random_row,10,300,0.23323020339012146,0.38333333333333336,0.47566670179367065,0.7615861296653748,,
40f,30,30,45,validation,Normal,top_minus_random,median,1,300,0.1378531961639722,,,,0.11931811533371608,0.15822365055729942
40f,30,30,45,validation,Normal,top_minus_random,median,3,300,0.3143327976763248,,,,0.2847892988373836,0.3428962159504493
40f,30,30,45,validation,Normal,top_minus_random,median,5,300,0.4124410487214724,,,,0.38599876753985884,0.43808869464198746
40f,30,30,45,validation,Normal,top_minus_random,median,10,300,0.45091697305440903,,,,0.41646743623663984,0.4825697831362486
40f,30,30,45,validation,Normal,top_minus_random,random_row,1,300,0.14668978333473207,,,,0.12533121520280838,0.16753030313799777
40f,30,30,45,validation,Normal,top_minus_random,random_row,3,300,0.3446257964769999,,,,0.3121152834619085,0.3775044498120745
40f,30,30,45,validation,Normal,top_minus_random,random_row,5,300,0.4193216203649839,,,,0.3879539462253451,0.4486525173187256
40f,30,30,45,validation,Normal,top_minus_random,random_row,10,300,0.3873068262139956,,,,0.3515344752793511,0.4233958895380298
40f,30,30,45,validation,Overlap-Group-1,top,median,1,300,0.13438954949378967,0.19,0.629569411277771,0.5864623188972473,,
40f,30,30,45,validation,Overlap-Group-1,top,median,3,300,0.4465535879135132,0.9366666666666666,0.6732197999954224,0.5864623188972473,,
40f,30,30,45,validation,Overlap-Group-1,top,median,5,300,0.47495412826538086,0.9166666666666666,0.7334533929824829,0.5864623188972473,,
40f,30,30,45,validation,Overlap-Group-1,top,median,10,300,0.44437098503112793,0.9433333333333334,0.7679205536842346,0.5864623188972473,,
40f,30,30,45,validation,Overlap-Group-1,least,median,1,300,-0.006060510408133268,0.0,0.1557365357875824,0.5864623188972473,,
40f,30,30,45,validation,Overlap-Group-1,least,median,3,300,-0.006126828491687775,0.023333333333333334,0.18854787945747375,0.5864623188972473,,
40f,30,30,45,validation,Overlap-Group-1,least,median,5,300,-0.006326775532215834,0.02666666666666667,0.23630096018314362,0.5864623188972473,,
40f,30,30,45,validation,Overlap-Group-1,least,median,10,300,-0.07923530787229538,0.05,0.25901341438293457,0.5864623188972473,,
40f,30,30,45,validation,Overlap-Group-1,random,median,1,300,0.007982667535543442,0.04666666666666667,0.15692663192749023,0.5864623188972473,,
40f,30,30,45,validation,Overlap-Group-1,random,median,3,300,0.04448741301894188,0.15666666666666668,0.23581309616565704,0.5864623188972473,,
40f,30,30,45,validation,Overlap-Group-1,random,median,5,300,0.060143306851387024,0.18666666666666668,0.3045538663864136,0.5864623188972473,,
40f,30,30,45,validation,Overlap-Group-1,random,median,10,300,0.0949624702334404,0.2633333333333333,0.3731282651424408,0.5864623188972473,,
40f,30,30,45,validation,Overlap-Group-1,top,random_row,1,300,0.14437232911586761,0.18333333333333332,0.12046799063682556,0.5864623188972473,,
40f,30,30,45,validation,Overlap-Group-1,top,random_row,3,300,0.3952116370201111,0.8533333333333334,0.1985676884651184,0.5864623188972473,,
40f,30,30,45,validation,Overlap-Group-1,top,random_row,5,300,0.4659525454044342,0.9233333333333333,0.30961689352989197,0.5864623188972473,,
40f,30,30,45,validation,Overlap-Group-1,top,random_row,10,300,0.517842710018158,0.94,0.5630914568901062,0.5864623188972473,,
40f,30,30,45,validation,Overlap-Group-1,least,random_row,1,300,-0.04234716296195984,0.0,0.0817384272813797,0.5864623188972473,,
40f,30,30,45,validation,Overlap-Group-1,least,random_row,3,300,-0.056614842265844345,0.016666666666666666,0.08197002112865448,0.5864623188972473,,
40f,30,30,45,validation,Overlap-Group-1,least,random_row,5,300,-0.06585817784070969,0.03666666666666667,0.08494315296411514,0.5864623188972473,,
40f,30,30,45,validation,Overlap-Group-1,least,random_row,10,300,-0.06026608869433403,0.05,0.09221107512712479,0.5864623188972473,,
40f,30,30,45,validation,Overlap-Group-1,random,random_row,1,300,0.014645070768892765,0.056666666666666664,0.08160081505775452,0.5864623188972473,,
40f,30,30,45,validation,Overlap-Group-1,random,random_row,3,300,0.049462370574474335,0.15,0.08709175139665604,0.5864623188972473,,
40f,30,30,45,validation,Overlap-Group-1,random,random_row,5,300,0.08103176951408386,0.24666666666666667,0.10637488216161728,0.5864623188972473,,
40f,30,30,45,validation,Overlap-Group-1,random,random_row,10,300,0.16656000912189484,0.3933333333333333,0.16063442826271057,0.5864623188972473,,
40f,30,30,45,validation,Overlap-Group-1,top_minus_random,median,1,300,0.1264068752527237,,,,0.10805472313364346,0.14627353354046743
40f,30,30,45,validation,Overlap-Group-1,top_minus_random,median,3,300,0.40206619481245676,,,,0.3813330862124761,0.42472536107897757
40f,30,30,45,validation,Overlap-Group-1,top_minus_random,median,5,300,0.4148108313481013,,,,0.3892249445642034,0.4423479315191507
40f,30,30,45,validation,Overlap-Group-1,top_minus_random,median,10,300,0.3494085039695104,,,,0.32203562168776995,0.37697107960035403
40f,30,30,45,validation,Overlap-Group-1,top_minus_random,random_row,1,300,0.12972726384798686,,,,0.11054384965946276,0.14840378960718711
40f,30,30,45,validation,Overlap-Group-1,top_minus_random,random_row,3,300,0.3457492513954639,,,,0.32266906955838204,0.3715605032878617
40f,30,30,45,validation,Overlap-Group-1,top_minus_random,random_row,5,300,0.3849208269516627,,,,0.3576158916205168,0.4116366419792175
40f,30,30,45,validation,Overlap-Group-1,top_minus_random,random_row,10,300,0.3512827285627524,,,,0.32542216665049395,0.37999158237377806
40f,30,30,45,validation,Reconnaissance,top,median,1,300,0.4786868691444397,0.42,0.052152298390865326,0.9013714790344238,,
40f,30,30,45,validation,Reconnaissance,top,median,3,300,0.8692781329154968,1.0,0.08031602203845978,0.9013714790344238,,
40f,30,30,45,validation,Reconnaissance,top,median,5,300,0.8843581080436707,1.0,0.6003144383430481,0.9013714790344238,,
40f,30,30,45,validation,Reconnaissance,top,median,10,300,0.8982957005500793,1.0,0.8522318005561829,0.9013714790344238,,
40f,30,30,45,validation,Reconnaissance,least,median,1,300,0.004554668441414833,0.01,0.002292272634804249,0.9013714790344238,,
40f,30,30,45,validation,Reconnaissance,least,median,3,300,0.013940932229161263,0.043333333333333335,0.00244697998277843,0.9013714790344238,,
40f,30,30,45,validation,Reconnaissance,least,median,5,300,0.031063782051205635,0.08,0.0026357725728303194,0.9013714790344238,,
40f,30,30,45,validation,Reconnaissance,least,median,10,300,0.05298716574907303,0.12666666666666668,0.0035970895551145077,0.9013714790344238,,
40f,30,30,45,validation,Reconnaissance,random,median,1,300,0.050519704818725586,0.056666666666666664,0.004709033761173487,0.9013714790344238,,
40f,30,30,45,validation,Reconnaissance,random,median,3,300,0.13459151983261108,0.14333333333333334,0.009101970121264458,0.9013714790344238,,
40f,30,30,45,validation,Reconnaissance,random,median,5,300,0.2177642285823822,0.19333333333333333,0.016904164105653763,0.9013714790344238,,
40f,30,30,45,validation,Reconnaissance,random,median,10,300,0.4962717592716217,0.5,0.06833504885435104,0.9013714790344238,,
40f,30,30,45,validation,Reconnaissance,top,random_row,1,300,0.4071335792541504,0.30666666666666664,0.07097341120243073,0.9013714790344238,,
40f,30,30,45,validation,Reconnaissance,top,random_row,3,300,0.7980077266693115,0.9166666666666666,0.11062993109226227,0.9013714790344238,,
40f,30,30,45,validation,Reconnaissance,top,random_row,5,300,0.8472440838813782,0.9566666666666667,0.24080513417720795,0.9013714790344238,,
40f,30,30,45,validation,Reconnaissance,top,random_row,10,300,0.8598998188972473,0.9666666666666667,0.4696372449398041,0.9013714790344238,,
40f,30,30,45,validation,Reconnaissance,least,random_row,1,300,0.005498907528817654,0.006666666666666667,0.05843963474035263,0.9013714790344238,,
40f,30,30,45,validation,Reconnaissance,least,random_row,3,300,0.02012595161795616,0.05,0.05829761549830437,0.9013714790344238,,
40f,30,30,45,validation,Reconnaissance,least,random_row,5,300,0.04225826635956764,0.08,0.05637165158987045,0.9013714790344238,,
40f,30,30,45,validation,Reconnaissance,least,random_row,10,300,0.17550930380821228,0.22,0.054990146309137344,0.9013714790344238,,
40f,30,30,45,validation,Reconnaissance,random,random_row,1,300,0.050195712596178055,0.043333333333333335,0.05701407045125961,0.9013714790344238,,
40f,30,30,45,validation,Reconnaissance,random,random_row,3,300,0.1628854125738144,0.16666666666666666,0.05590570345520973,0.9013714790344238,,
40f,30,30,45,validation,Reconnaissance,random,random_row,5,300,0.29178985953330994,0.30666666666666664,0.05616350844502449,0.9013714790344238,,
40f,30,30,45,validation,Reconnaissance,random,random_row,10,300,0.5740916728973389,0.6266666666666667,0.08239156007766724,0.9013714790344238,,
40f,30,30,45,validation,Reconnaissance,top_minus_random,median,1,300,0.4281671683986982,,,,0.4052213113084435,0.45074024028082693
40f,30,30,45,validation,Reconnaissance,top_minus_random,median,3,300,0.7346866898735365,,,,0.7043863961572449,0.7656478807429472
40f,30,30,45,validation,Reconnaissance,top_minus_random,median,5,300,0.6665938494602839,,,,0.6292784055521091,0.7029185616547863
40f,30,30,45,validation,Reconnaissance,top_minus_random,median,10,300,0.4020239520072937,,,,0.3602896087219318,0.4421740960354606
40f,30,30,45,validation,Reconnaissance,top_minus_random,random_row,1,300,0.3569378853837649,,,,0.3290685667966803,0.38345086538294954
40f,30,30,45,validation,Reconnaissance,top_minus_random,random_row,3,300,0.635122299293677,,,,0.599920433352391,0.6717200122028589
40f,30,30,45,validation,Reconnaissance,top_minus_random,random_row,5,300,0.5554542949795723,,,,0.5169748097533982,0.5982307159254948
40f,30,30,45,validation,Reconnaissance,top_minus_random,random_row,10,300,0.2858082152406375,,,,0.25065510380516454,0.32142654889822003
40f,30,30,45,validation,Unknown,top,median,1,200,0.15337100625038147,0.6,0.4089140295982361,0.40942585468292236,,
40f,30,30,45,validation,Unknown,top,median,3,200,0.2743300795555115,0.94,0.46293777227401733,0.40942585468292236,,
40f,30,30,45,validation,Unknown,top,median,5,200,0.30800125002861023,0.94,0.4997524917125702,0.40942585468292236,,
40f,30,30,45,validation,Unknown,top,median,10,200,0.33193764090538025,0.965,0.5507925152778625,0.40942585468292236,,
40f,30,30,45,validation,Unknown,least,median,1,200,0.014484371989965439,0.17,0.19190937280654907,0.40942585468292236,,
40f,30,30,45,validation,Unknown,least,median,3,200,0.023427002131938934,0.265,0.20547416806221008,0.40942585468292236,,
40f,30,30,45,validation,Unknown,least,median,5,200,0.03553329408168793,0.38,0.2146161049604416,0.40942585468292236,,
40f,30,30,45,validation,Unknown,least,median,10,200,0.027294762432575226,0.445,0.2219504565000534,0.40942585468292236,,
40f,30,30,45,validation,Unknown,random,median,1,200,0.013203117065131664,0.225,0.20321853458881378,0.40942585468292236,,
40f,30,30,45,validation,Unknown,random,median,3,200,0.032977670431137085,0.4,0.22596997022628784,0.40942585468292236,,
40f,30,30,45,validation,Unknown,random,median,5,200,0.05171242728829384,0.46,0.23685000836849213,0.40942585468292236,,
40f,30,30,45,validation,Unknown,random,median,10,200,0.10013978183269501,0.57,0.27331313490867615,0.40942585468292236,,
40f,30,30,45,validation,Unknown,top,random_row,1,200,0.13830560445785522,0.59,0.20168685913085938,0.40942585468292236,,
40f,30,30,45,validation,Unknown,top,random_row,3,200,0.2657206356525421,0.875,0.24871736764907837,0.40942585468292236,,
40f,30,30,45,validation,Unknown,top,random_row,5,200,0.31199827790260315,0.935,0.3154541850090027,0.40942585468292236,,
40f,30,30,45,validation,Unknown,top,random_row,10,200,0.345770001411438,0.955,0.46005475521087646,0.40942585468292236,,
40f,30,30,45,validation,Unknown,least,random_row,1,200,0.006194180343300104,0.185,0.18808040022850037,0.40942585468292236,,
40f,30,30,45,validation,Unknown,least,random_row,3,200,0.016745585948228836,0.31,0.19088749587535858,0.40942585468292236,,
40f,30,30,45,validation,Unknown,least,random_row,5,200,0.025055430829524994,0.41,0.19366632401943207,0.40942585468292236,,
40f,30,30,45,validation,Unknown,least,random_row,10,200,0.039996519684791565,0.485,0.2055509239435196,0.40942585468292236,,
40f,30,30,45,validation,Unknown,random,random_row,1,200,0.021445967257022858,0.23,0.18535347282886505,0.40942585468292236,,
40f,30,30,45,validation,Unknown,random,random_row,3,200,0.052888259291648865,0.44,0.18730928003787994,0.40942585468292236,,
40f,30,30,45,validation,Unknown,random,random_row,5,200,0.08047819137573242,0.53,0.19886428117752075,0.40942585468292236,,
40f,30,30,45,validation,Unknown,random,random_row,10,200,0.12674514949321747,0.64,0.2143210619688034,0.40942585468292236,,
40f,30,30,45,validation,Unknown,top_minus_random,median,1,200,0.14016787454485893,,,,0.11585296116024256,0.16498156030103564
40f,30,30,45,validation,Unknown,top_minus_random,median,3,200,0.24135240718722342,,,,0.21574700362607838,0.2660309423934668
40f,30,30,45,validation,Unknown,top_minus_random,median,5,200,0.25628879882395267,,,,0.22891780039854348,0.28453283806703983
40f,30,30,45,validation,Unknown,top_minus_random,median,10,200,0.231797876060009,,,,0.20069808246567847,0.2612392740380019
40f,30,30,45,validation,Unknown,top_minus_random,random_row,1,200,0.11685964412987232,,,,0.09446079938299953,0.14010515026003123
40f,30,30,45,validation,Unknown,top_minus_random,random_row,3,200,0.21283236257731913,,,,0.18539615273661914,0.23935129509493708
40f,30,30,45,validation,Unknown,top_minus_random,random_row,5,200,0.23152007550001144,,,,0.20349785895459355,0.2573342457469553
40f,30,30,45,validation,Unknown,top_minus_random,random_row,10,200,0.21902484968304634,,,,0.18628189718164506,0.25220119659416373
40f,15,15,45,test,all,top,median,1,2000,0.29511067271232605,0.399,0.3383781611919403,0.7726439833641052,,
40f,15,15,45,test,all,top,median,3,2000,0.5544125437736511,0.8185,0.49664658308029175,0.7726439833641052,,
40f,15,15,45,test,all,top,median,5,2000,0.6124330163002014,0.861,0.657639741897583,0.7726439833641052,,
40f,15,15,45,test,all,top,median,10,2000,0.630337655544281,0.856,0.7709403038024902,0.7726439833641052,,
40f,15,15,45,test,all,least,median,1,2000,0.005145947448909283,0.04,0.16347970068454742,0.7726439833641052,,
40f,15,15,45,test,all,least,median,3,2000,0.019550170749425888,0.102,0.16711387038230896,0.7726439833641052,,
40f,15,15,45,test,all,least,median,5,2000,0.04251982644200325,0.1375,0.17475292086601257,0.7726439833641052,,
40f,15,15,45,test,all,least,median,10,2000,0.15387408435344696,0.3125,0.18804246187210083,0.7726439833641052,,
40f,15,15,45,test,all,random,median,1,2000,0.06086346507072449,0.1305,0.17845900356769562,0.7726439833641052,,
40f,15,15,45,test,all,random,median,3,2000,0.18138563632965088,0.2945,0.21666283905506134,0.7726439833641052,,
40f,15,15,45,test,all,random,median,5,2000,0.29443028569221497,0.4475,0.27696847915649414,0.7726439833641052,,
40f,15,15,45,test,all,random,median,10,2000,0.5001773238182068,0.73,0.4825175106525421,0.7726439833641052,,
40f,15,15,45,test,all,top,random_row,1,2000,0.2710534930229187,0.373,0.2571711838245392,0.7726439833641052,,
40f,15,15,45,test,all,top,random_row,3,2000,0.5195450186729431,0.758,0.40877199172973633,0.7726439833641052,,
40f,15,15,45,test,all,top,random_row,5,2000,0.5844780802726746,0.822,0.4930046796798706,0.7726439833641052,,
40f,15,15,45,test,all,top,random_row,10,2000,0.6203839182853699,0.846,0.7173386216163635,0.7726439833641052,,
40f,15,15,45,test,all,least,random_row,1,2000,0.011545841582119465,0.057,0.17567351460456848,0.7726439833641052,,
40f,15,15,45,test,all,least,random_row,3,2000,0.04389844462275505,0.1285,0.17575117945671082,0.7726439833641052,,
40f,15,15,45,test,all,least,random_row,5,2000,0.09549317508935928,0.1965,0.1778920590877533,0.7726439833641052,,
40f,15,15,45,test,all,least,random_row,10,2000,0.3068535029888153,0.4805,0.21499276161193848,0.7726439833641052,,
40f,15,15,45,test,all,random,random_row,1,2000,0.05972304567694664,0.1345,0.18400803208351135,0.7726439833641052,,
40f,15,15,45,test,all,random,random_row,3,2000,0.18830041587352753,0.3185,0.2172444760799408,0.7726439833641052,,
40f,15,15,45,test,all,random,random_row,5,2000,0.3109937012195587,0.4815,0.2647514343261719,0.7726439833641052,,
40f,15,15,45,test,all,random,random_row,10,2000,0.5079031586647034,0.7235,0.4752567410469055,0.7726439833641052,,
40f,15,15,45,test,all,top_minus_random,median,1,2000,0.23424721898138523,,,,0.22115946659352628,0.2465500283010304
40f,15,15,45,test,all,top_minus_random,median,3,2000,0.37302693287283184,,,,0.3550695710236207,0.38866918383650484
40f,15,15,45,test,all,top_minus_random,median,5,2000,0.3180027097314596,,,,0.3029781485766172,0.33259017040189354
40f,15,15,45,test,all,top_minus_random,median,10,2000,0.1301604129821062,,,,0.11979502011463046,0.1404478203454986
40f,15,15,45,test,all,top_minus_random,random_row,1,2000,0.21133045466989278,,,,0.19973179538156838,0.22332937364783137
40f,15,15,45,test,all,top_minus_random,random_row,3,2000,0.3312445890754461,,,,0.3148125399693847,0.3469377350803465
40f,15,15,45,test,all,top_minus_random,random_row,5,2000,0.2734843553453684,,,,0.25876202656030656,0.2897371501326561
40f,15,15,45,test,all,top_minus_random,random_row,10,2000,0.11248078767955304,,,,0.10179811852481216,0.12317340129371733
40f,15,15,45,test,Exploits,top,median,1,300,0.5451335906982422,0.7433333333333333,0.31362417340278625,0.796603262424469,,
40f,15,15,45,test,Exploits,top,median,3,300,0.7177230715751648,0.9466666666666667,0.564349353313446,0.796603262424469,,
40f,15,15,45,test,Exploits,top,median,5,300,0.749148428440094,0.9766666666666667,0.6951049566268921,0.796603262424469,,
40f,15,15,45,test,Exploits,top,median,10,300,0.7628986835479736,0.9866666666666667,0.8085275292396545,0.796603262424469,,
40f,15,15,45,test,Exploits,least,median,1,300,-0.006118199788033962,0.016666666666666666,0.019689079374074936,0.796603262424469,,
40f,15,15,45,test,Exploits,least,median,3,300,-0.018992872908711433,0.023333333333333334,0.02443540282547474,0.796603262424469,,
40f,15,15,45,test,Exploits,least,median,5,300,-0.021157996729016304,0.013333333333333334,0.028492432087659836,0.796603262424469,,
40f,15,15,45,test,Exploits,least,median,10,300,0.12058378756046295,0.13333333333333333,0.041392676532268524,0.796603262424469,,
40f,15,15,45,test,Exploits,random,median,1,300,0.05594337359070778,0.08,0.049437228590250015,0.796603262424469,,
40f,15,15,45,test,Exploits,random,median,3,300,0.18987582623958588,0.24,0.12149832397699356,0.796603262424469,,
40f,15,15,45,test,Exploits,random,median,5,300,0.3253989517688751,0.38,0.20693278312683105,0.796603262424469,,
40f,15,15,45,test,Exploits,random,median,10,300,0.5979974269866943,0.77,0.45242229104042053,0.796603262424469,,
40f,15,15,45,test,Exploits,top,random_row,1,300,0.29098400473594666,0.41,0.18503224849700928,0.796603262424469,,
40f,15,15,45,test,Exploits,top,random_row,3,300,0.4494480490684509,0.5733333333333334,0.31927403807640076,0.796603262424469,,
40f,15,15,45,test,Exploits,top,random_row,5,300,0.5270987749099731,0.65,0.47044748067855835,0.796603262424469,,
40f,15,15,45,test,Exploits,top,random_row,10,300,0.6255966424942017,0.8133333333333334,0.785101592540741,0.796603262424469,,
40f,15,15,45,test,Exploits,least,random_row,1,300,-0.007216801866889,0.0033333333333333335,0.14937178790569305,0.796603262424469,,
40f,15,15,45,test,Exploits,least,random_row,3,300,0.005364581942558289,0.013333333333333334,0.1586892008781433,0.796603262424469,,
40f,15,15,45,test,Exploits,least,random_row,5,300,0.051062095910310745,0.06666666666666667,0.17827680706977844,0.796603262424469,,
40f,15,15,45,test,Exploits,least,random_row,10,300,0.3511448800563812,0.47333333333333333,0.2872259020805359,0.796603262424469,,
40f,15,15,45,test,Exploits,random,random_row,1,300,0.04883143678307533,0.07333333333333333,0.16787727177143097,0.796603262424469,,
40f,15,15,45,test,Exploits,random,random_row,3,300,0.16218139231204987,0.22333333333333333,0.22222615778446198,0.796603262424469,,
40f,15,15,45,test,Exploits,random,random_row,5,300,0.26176539063453674,0.34,0.29666876792907715,0.796603262424469,,
40f,15,15,45,test,Exploits,random,random_row,10,300,0.49785369634628296,0.6633333333333333,0.5400291681289673,0.796603262424469,,
40f,15,15,45,test,Exploits,top_minus_random,median,1,300,0.48919022699197134,,,,0.4511632829929392,0.5255482271214326
40f,15,15,45,test,Exploits,top_minus_random,median,3,300,0.5278472666939099,,,,0.4912984966163834,0.5608422894949715
40f,15,15,45,test,Exploits,top_minus_random,median,5,300,0.4237494160234928,,,,0.3862396415472031,0.4598886952375372
40f,15,15,45,test,Exploits,top_minus_random,median,10,300,0.16490123162666956,,,,0.13529324629654485,0.19053924619406462
40f,15,15,45,test,Exploits,top_minus_random,random_row,1,300,0.2421525733669599,,,,0.20458439303189518,0.2768034352734685
40f,15,15,45,test,Exploits,top_minus_random,random_row,3,300,0.2872665958603223,,,,0.25068656013906004,0.32048247702916466
40f,15,15,45,test,Exploits,top_minus_random,random_row,5,300,0.26533343384663266,,,,0.23251234419395528,0.29841443882634244
40f,15,15,45,test,Exploits,top_minus_random,random_row,10,300,0.12774290631214777,,,,0.10340706069519123,0.1537241852109631
40f,15,15,45,test,Fuzzers,top,median,1,300,0.24944427609443665,0.3333333333333333,0.00983830913901329,0.7168727517127991,,
40f,15,15,45,test,Fuzzers,top,median,3,300,0.5281034111976624,0.8066666666666666,0.05283167213201523,0.7168727517127991,,
40f,15,15,45,test,Fuzzers,top,median,5,300,0.6443125605583191,0.9466666666666667,0.22331278026103973,0.7168727517127991,,
40f,15,15,45,test,Fuzzers,top,median,10,300,0.7073537111282349,1.0,0.6088962554931641,0.7168727517127991,,
40f,15,15,45,test,Fuzzers,least,median,1,300,0.015597442165017128,0.03,0.004951082170009613,0.7168727517127991,,
40f,15,15,45,test,Fuzzers,least,median,3,300,0.09217830002307892,0.14666666666666667,0.00965438038110733,0.7168727517127991,,
40f,15,15,45,test,Fuzzers,least,median,5,300,0.18882380425930023,0.24666666666666667,0.019987286999821663,0.7168727517127991,,
40f,15,15,45,test,Fuzzers,least,median,10,300,0.5339236855506897,0.8266666666666667,0.09141138941049576,0.7168727517127991,,
40f,15,15,45,test,Fuzzers,random,median,1,300,0.12315545231103897,0.21,0.00839813519269228,0.7168727517127991,,
40f,15,15,45,test,Fuzzers,random,median,3,300,0.3203061819076538,0.45666666666666667,0.028642820194363594,0.7168727517127991,,
40f,15,15,45,test,Fuzzers,random,median,5,300,0.4606151282787323,0.6933333333333334,0.05472714826464653,0.7168727517127991,,
40f,15,15,45,test,Fuzzers,random,median,10,300,0.6457139253616333,0.9533333333333334,0.2601643204689026,0.7168727517127991,,
40f,15,15,45,test,Fuzzers,top,random_row,1,300,0.2940480411052704,0.4,0.14776915311813354,0.7168727517127991,,
40f,15,15,45,test,Fuzzers,top,random_row,3,300,0.5226145386695862,0.7933333333333333,0.17822018265724182,0.7168727517127991,,
40f,15,15,45,test,Fuzzers,top,random_row,5,300,0.5922105312347412,0.8833333333333333,0.23882782459259033,0.7168727517127991,,
40f,15,15,45,test,Fuzzers,top,random_row,10,300,0.614063024520874,0.8833333333333333,0.5774617791175842,0.7168727517127991,,
40f,15,15,45,test,Fuzzers,least,random_row,1,300,0.038027361035346985,0.07333333333333333,0.13566090166568756,0.7168727517127991,,
40f,15,15,45,test,Fuzzers,least,random_row,3,300,0.12710054218769073,0.22666666666666666,0.1254890114068985,0.7168727517127991,,
40f,15,15,45,test,Fuzzers,least,random_row,5,300,0.2364961802959442,0.38333333333333336,0.12489781528711319,0.7168727517127991,,
40f,15,15,45,test,Fuzzers,least,random_row,10,300,0.48429474234580994,0.7166666666666667,0.1353575885295868,0.7168727517127991,,
40f,15,15,45,test,Fuzzers,random,random_row,1,300,0.10139100253582001,0.17333333333333334,0.13562935590744019,0.7168727517127991,,
40f,15,15,45,test,Fuzzers,random,random_row,3,300,0.2924247682094574,0.4066666666666667,0.13565874099731445,0.7168727517127991,,
40f,15,15,45,test,Fuzzers,random,random_row,5,300,0.4458848536014557,0.6533333333333333,0.13257251679897308,0.7168727517127991,,
40f,15,15,45,test,Fuzzers,random,random_row,10,300,0.5567996501922607,0.81,0.2806360423564911,0.7168727517127991,,
40f,15,15,45,test,Fuzzers,top_minus_random,median,1,300,0.1262888144950072,,,,0.09161538313950103,0.16000083412726718
40f,15,15,45,test,Fuzzers,top_minus_random,median,3,300,0.20779719352722167,,,,0.17235039927686255,0.24099986504018306
40f,15,15,45,test,Fuzzers,top_minus_random,median,5,300,0.18369745035966237,,,,0.15343456444640957,0.21417473204433918
40f,15,15,45,test,Fuzzers,top_minus_random,median,10,300,0.0616398274898529,,,,0.05059358079483112,0.07376038326571385
40f,15,15,45,test,Fuzzers,top_minus_random,random_row,1,300,0.19265703618526459,,,,0.15658921062201264,0.22656990356743337
40f,15,15,45,test,Fuzzers,top_minus_random,random_row,3,300,0.23018980691830318,,,,0.19749059562385082,0.2620455719381571
40f,15,15,45,test,Fuzzers,top_minus_random,random_row,5,300,0.14632562696933746,,,,0.11895369188735883,0.17393187292665244
40f,15,15,45,test,Fuzzers,top_minus_random,random_row,10,300,0.05726341436306635,,,,0.03931365245083969,0.0754045581097404
40f,15,15,45,test,Generic,top,median,1,300,0.4657825827598572,0.27,0.7520816326141357,0.9681072235107422,,
40f,15,15,45,test,Generic,top,median,3,300,0.9034444093704224,1.0,0.9299208521842957,0.9681072235107422,,
40f,15,15,45,test,Generic,top,median,5,300,0.9315293431282043,1.0,0.9452570676803589,0.9681072235107422,,
40f,15,15,45,test,Generic,top,median,10,300,0.9317947626113892,1.0,0.9682081341743469,0.9681072235107422,,
40f,15,15,45,test,Generic,least,median,1,300,0.0015102525940164924,0.0033333333333333335,0.006523431744426489,0.9681072235107422,,
40f,15,15,45,test,Generic,least,median,3,300,0.006752460729330778,0.01,0.028497816994786263,0.9681072235107422,,
40f,15,15,45,test,Generic,least,median,5,300,0.010061975568532944,0.023333333333333334,0.03823504596948624,0.9681072235107422,,
40f,15,15,45,test,Generic,least,median,10,300,0.027462095022201538,0.043333333333333335,0.04370102658867836,0.9681072235107422,,
40f,15,15,45,test,Generic,random,median,1,300,0.04829815402626991,0.056666666666666664,0.0577959306538105,0.9681072235107422,,
40f,15,15,45,test,Generic,random,median,3,300,0.14606764912605286,0.14,0.18382202088832855,0.9681072235107422,,
40f,15,15,45,test,Generic,random,median,5,300,0.27750125527381897,0.29333333333333333,0.33781668543815613,0.9681072235107422,,
40f,15,15,45,test,Generic,random,median,10,300,0.6515016555786133,0.71,0.7109509706497192,0.9681072235107422,,
40f,15,15,45,test,Generic,top,random_row,1,300,0.4689962863922119,0.2966666666666667,0.3963550329208374,0.9681072235107422,,
40f,15,15,45,test,Generic,top,random_row,3,300,0.872869074344635,0.9366666666666666,0.8866516351699829,0.9681072235107422,,
40f,15,15,45,test,Generic,top,random_row,5,300,0.8833522796630859,0.9666666666666667,0.9243987798690796,0.9681072235107422,,
40f,15,15,45,test,Generic,top,random_row,10,300,0.930371880531311,0.9733333333333334,0.9569523334503174,0.9681072235107422,,
40f,15,15,45,test,Generic,least,random_row,1,300,0.0015740682138130069,0.0033333333333333335,0.031028207391500473,0.9681072235107422,,
40f,15,15,45,test,Generic,least,random_row,3,300,0.009293993934988976,0.016666666666666666,0.03407667204737663,0.9681072235107422,,
40f,15,15,45,test,Generic,least,random_row,5,300,0.01333281397819519,0.03333333333333333,0.04159276932477951,0.9681072235107422,,
40f,15,15,45,test,Generic,least,random_row,10,300,0.05465378984808922,0.08,0.09181329607963562,0.9681072235107422,,
40f,15,15,45,test,Generic,random,random_row,1,300,0.04512626305222511,0.04666666666666667,0.05127721652388573,0.9681072235107422,,
40f,15,15,45,test,Generic,random,random_row,3,300,0.14936581254005432,0.16,0.14653928577899933,0.9681072235107422,,
40f,15,15,45,test,Generic,random,random_row,5,300,0.2884673476219177,0.29333333333333333,0.2982853055000305,0.9681072235107422,,
40f,15,15,45,test,Generic,random,random_row,10,300,0.6930373907089233,0.7333333333333333,0.7051299810409546,0.9681072235107422,,
40f,15,15,45,test,Generic,top_minus_random,median,1,300,0.41748440692822136,,,,0.3934427440961202,0.4411073804050684
40f,15,15,45,test,Generic,top_minus_random,median,3,300,0.7573767464359601,,,,0.7208642319366336,0.7934862693895897
40f,15,15,45,test,Generic,top_minus_random,median,5,300,0.654028070072333,,,,0.6118816379830241,0.6981344574491183
40f,15,15,45,test,Generic,top_minus_random,median,10,300,0.28029308795928953,,,,0.23669820383191112,0.3255749403958519
40f,15,15,45,test,Generic,top_minus_random,random_row,1,300,0.423870029548804,,,,0.39596086001892883,0.4501964479958018
40f,15,15,45,test,Generic,top_minus_random,random_row,3,300,0.7235032438238462,,,,0.685272216801842,0.7592318596417705
40f,15,15,45,test,Generic,top_minus_random,random_row,5,300,0.5948849263787269,,,,0.5531551309327285,0.642444637030363
40f,15,15,45,test,Generic,top_minus_random,random_row,10,300,0.2373344337940216,,,,0.19799267173310123,0.27743314893792076
40f,15,15,45,test,Normal,top,median,1,300,0.14228838682174683,0.16666666666666666,0.9500963091850281,0.9269112348556519,,
40f,15,15,45,test,Normal,top,median,3,300,0.16183795034885406,0.19333333333333333,0.9373232126235962,0.9269112348556519,,
40f,15,15,45,test,Normal,top,median,5,300,0.2058277130126953,0.19,0.9332507252693176,0.9269112348556519,,
40f,15,15,45,test,Normal,top,median,10,300,0.1964295208454132,0.12333333333333334,0.9475493431091309,0.9269112348556519,,
40f,15,15,45,test,Normal,least,median,1,300,-0.007370911538600922,0.0,0.9277294874191284,0.9269112348556519,,
40f,15,15,45,test,Normal,least,median,3,300,-0.006112986244261265,0.013333333333333334,0.8989695310592651,0.9269112348556519,,
40f,15,15,45,test,Normal,least,median,5,300,0.004715912509709597,0.016666666666666666,0.8680038452148438,0.9269112348556519,,
40f,15,15,45,test,Normal,least,median,10,300,0.045162636786699295,0.06666666666666667,0.8263130784034729,0.9269112348556519,,
40f,15,15,45,test,Normal,random,median,1,300,0.014839604496955872,0.03333333333333333,0.9148801565170288,0.9269112348556519,,
40f,15,15,45,test,Normal,random,median,3,300,0.05201125517487526,0.08,0.8600139617919922,0.9269112348556519,,
40f,15,15,45,test,Normal,random,median,5,300,0.0765671581029892,0.09333333333333334,0.8440682888031006,0.9269112348556519,,
40f,15,15,45,test,Normal,random,median,10,300,0.09418581426143646,0.07333333333333333,0.8401030898094177,0.9269112348556519,,
40f,15,15,45,test,Normal,top,random_row,1,300,0.1260807067155838,0.16666666666666666,0.71746426820755,0.9269112348556519,,
40f,15,15,45,test,Normal,top,random_row,3,300,0.3194296658039093,0.37666666666666665,0.8517402410507202,0.9269112348556519,,
40f,15,15,45,test,Normal,top,random_row,5,300,0.43268483877182007,0.5033333333333333,0.8755334615707397,0.9269112348556519,,
40f,15,15,45,test,Normal,top,random_row,10,300,0.4113824963569641,0.48333333333333334,0.9381856322288513,0.9269112348556519,,
40f,15,15,45,test,Normal,least,random_row,1,300,-0.003695820923894644,0.006666666666666667,0.6289611458778381,0.9269112348556519,,
40f,15,15,45,test,Normal,least,random_row,3,300,0.0026987779419869184,0.03,0.619301974773407,0.9269112348556519,,
40f,15,15,45,test,Normal,least,random_row,5,300,0.018159544095396996,0.04,0.5908327102661133,0.9269112348556519,,
40f,15,15,45,test,Normal,least,random_row,10,300,0.09965696930885315,0.12,0.5608827471733093,0.9269112348556519,,
40f,15,15,45,test,Normal,random,random_row,1,300,0.014348801225423813,0.04,0.6336408257484436,0.9269112348556519,,
40f,15,15,45,test,Normal,random,random_row,3,300,0.06673833727836609,0.10666666666666667,0.6590350866317749,0.9269112348556519,,
40f,15,15,45,test,Normal,random,random_row,5,300,0.12583927810192108,0.15,0.6788762807846069,0.9269112348556519,,
40f,15,15,45,test,Normal,random,random_row,10,300,0.2425653636455536,0.3,0.7710593938827515,0.9269112348556519,,
40f,15,15,45,test,Normal,top_minus_random,median,1,300,0.12744877755641937,,,,0.10022118813544512,0.1528594953591625
40f,15,15,45,test,Normal,top_minus_random,median,3,300,0.10982669790585836,,,,0.08813805209596953,0.13480003191779055
40f,15,15,45,test,Normal,top_minus_random,median,5,300,0.12926055694619815,,,,0.1066440123282373,0.15406849397470554
40f,15,15,45,test,Normal,top_minus_random,median,10,300,0.10224370161692302,,,,0.07863151911397774,0.1281996618807316
40f,15,15,45,test,Normal,top_minus_random,random_row,1,300,0.11173189808924992,,,,0.08714509811500708,0.13651061147203047
40f,15,15,45,test,Normal,top_minus_random,random_row,3,300,0.2526913599173228,,,,0.21508506169418495,0.2905105578502019
40f,15,15,45,test,Normal,top_minus_random,random_row,5,300,0.3068455582857132,,,,0.2664786551296711,0.3456825150847435
40f,15,15,45,test,Normal,top_minus_random,random_row,10,300,0.1688171072800954,,,,0.13351761309305826,0.20701707756270962
40f,15,15,45,test,Overlap-Group-1,top,median,1,300,0.1924046128988266,0.4266666666666667,0.09014881402254105,0.5795169472694397,,
40f,15,15,45,test,Overlap-Group-1,top,median,3,300,0.3491801917552948,0.89,0.46261727809906006,0.5795169472694397,,
40f,15,15,45,test,Overlap-Group-1,top,median,5,300,0.4574887156486511,0.99,0.61777263879776,0.5795169472694397,,
40f,15,15,45,test,Overlap-Group-1,top,median,10,300,0.5019200444221497,1.0,0.5944477319717407,0.5795169472694397,,
40f,15,15,45,test,Overlap-Group-1,least,median,1,300,0.004697626922279596,0.04,0.0375947430729866,0.5795169472694397,,
40f,15,15,45,test,Overlap-Group-1,least,median,3,300,-0.02166922204196453,0.08666666666666667,0.05783635377883911,0.5795169472694397,,
40f,15,15,45,test,Overlap-Group-1,least,median,5,300,-0.025409048423171043,0.15,0.11192885041236877,0.5795169472694397,,
40f,15,15,45,test,Overlap-Group-1,least,median,10,300,-0.018272854387760162,0.38,0.13204067945480347,0.5795169472694397,,
40f,15,15,45,test,Overlap-Group-1,random,median,1,300,0.039779338985681534,0.13333333333333333,0.0579008087515831,0.5795169472694397,,
40f,15,15,45,test,Overlap-Group-1,random,median,3,300,0.10498742759227753,0.29,0.1315307915210724,0.5795169472694397,,
40f,15,15,45,test,Overlap-Group-1,random,median,5,300,0.1760784238576889,0.45666666666666667,0.2184983342885971,0.5795169472694397,,
40f,15,15,45,test,Overlap-Group-1,random,median,10,300,0.3563874065876007,0.83,0.42214736342430115,0.5795169472694397,,
40f,15,15,45,test,Overlap-Group-1,top,random_row,1,300,0.18351984024047852,0.44,0.0848376527428627,0.5795169472694397,,
40f,15,15,45,test,Overlap-Group-1,top,random_row,3,300,0.34364739060401917,0.8333333333333334,0.19437508285045624,0.5795169472694397,,
40f,15,15,45,test,Overlap-Group-1,top,random_row,5,300,0.431839257478714,0.9133333333333333,0.300772100687027,0.5795169472694397,,
40f,15,15,45,test,Overlap-Group-1,top,random_row,10,300,0.5069620013237,0.9333333333333333,0.5020368099212646,0.5795169472694397,,
40f,15,15,45,test,Overlap-Group-1,least,random_row,1,300,0.010433683171868324,0.06333333333333334,0.06894631683826447,0.5795169472694397,,
40f,15,15,45,test,Overlap-Group-1,least,random_row,3,300,0.0290694497525692,0.13,0.07455987483263016,0.5795169472694397,,
40f,15,15,45,test,Overlap-Group-1,least,random_row,5,300,0.06797689944505692,0.19666666666666666,0.09837524592876434,0.5795169472694397,,
40f,15,15,45,test,Overlap-Group-1,least,random_row,10,300,0.3089832365512848,0.65,0.17639364302158356,0.5795169472694397,,
40f,15,15,45,test,Overlap-Group-1,random,random_row,1,300,0.06439441442489624,0.17,0.07806120812892914,0.5795169472694397,,
40f,15,15,45,test,Overlap-Group-1,random,random_row,3,300,0.17172028124332428,0.43,0.10195458680391312,0.5795169472694397,,
40f,15,15,45,test,Overlap-Group-1,random,random_row,5,300,0.27022430300712585,0.61,0.1463301032781601,0.5795169472694397,,
40f,15,15,45,test,Overlap-Group-1,random,random_row,10,300,0.43632563948631287,0.87,0.33062872290611267,0.5795169472694397,,
40f,15,15,45,test,Overlap-Group-1,top_minus_random,median,1,300,0.1526252593100071,,,,0.12784021604930362,0.17977765090639394
40f,15,15,45,test,Overlap-Group-1,top_minus_random,median,3,300,0.2441927748421828,,,,0.2155421466641128,0.27293781003976864
40f,15,15,45,test,Overlap-Group-1,top_minus_random,median,5,300,0.28141031712293624,,,,0.2534983614670734,0.30961072074373563
40f,15,15,45,test,Overlap-Group-1,top_minus_random,median,10,300,0.14553264096379281,,,,0.12614644884690643,0.16623382060974837
40f,15,15,45,test,Overlap-Group-1,top_minus_random,random_row,1,300,0.11912542949120204,,,,0.09751786637554566,0.14173895851646862
40f,15,15,45,test,Overlap-Group-1,top_minus_random,random_row,3,300,0.1719271312157313,,,,0.14571118546898168,0.1960358399040997
40f,15,15,45,test,Overlap-Group-1,top_minus_random,random_row,5,300,0.16161494508385657,,,,0.13606493904814124,0.18458246439819534
40f,15,15,45,test,Overlap-Group-1,top_minus_random,random_row,10,300,0.0706363300482432,,,,0.056709064190586404,0.0854055513019363
40f,15,15,45,test,Reconnaissance,top,median,1,300,0.238575741648674,0.17666666666666667,0.006664123851805925,0.8924854397773743,,
40f,15,15,45,test,Reconnaissance,top,median,3,300,0.8409095406532288,1.0,0.1624574512243271,0.8924854397773743,,
40f,15,15,45,test,Reconnaissance,top,median,5,300,0.8809237480163574,1.0,0.6994084715843201,0.8924854397773743,,
40f,15,15,45,test,Reconnaissance,top,median,10,300,0.8907120823860168,1.0,0.8667142987251282,0.8924854397773743,,
40f,15,15,45,test,Reconnaissance,least,median,1,300,0.026015236973762512,0.05,0.0007480116910301149,0.8924854397773743,,
40f,15,15,45,test,Reconnaissance,least,median,3,300,0.0708833560347557,0.13,0.001502507133409381,0.8924854397773743,,
40f,15,15,45,test,Reconnaissance,least,median,5,300,0.11605293303728104,0.18333333333333332,0.002125013619661331,0.8924854397773743,,
40f,15,15,45,test,Reconnaissance,least,median,10,300,0.2325313240289688,0.18,0.012095168232917786,0.8924854397773743,,
40f,15,15,45,test,Reconnaissance,random,median,1,300,0.09877302497625351,0.11,0.002983714686706662,0.8924854397773743,,
40f,15,15,45,test,Reconnaissance,random,median,3,300,0.33196669816970825,0.35,0.0198464784771204,0.8924854397773743,,
40f,15,15,45,test,Reconnaissance,random,median,5,300,0.5475692749023438,0.5966666666666667,0.06892445683479309,0.8924854397773743,,
40f,15,15,45,test,Reconnaissance,random,median,10,300,0.8386554718017578,0.9766666666666667,0.36366769671440125,0.8924854397773743,,
40f,15,15,45,test,Reconnaissance,top,random_row,1,300,0.34506955742836,0.32,0.05423674359917641,0.8924854397773743,,
40f,15,15,45,test,Reconnaissance,top,random_row,3,300,0.7932798862457275,0.9466666666666667,0.13138099014759064,0.8924854397773743,,
40f,15,15,45,test,Reconnaissance,top,random_row,5,300,0.8363357782363892,0.96,0.2562938630580902,0.8924854397773743,,
40f,15,15,45,test,Reconnaissance,top,random_row,10,300,0.8551451563835144,0.97,0.7018232345581055,0.8924854397773743,,
40f,15,15,45,test,Reconnaissance,least,random_row,1,300,0.030607551336288452,0.06333333333333334,0.03766567260026932,0.8924854397773743,,
40f,15,15,45,test,Reconnaissance,least,random_row,3,300,0.09333311766386032,0.14333333333333334,0.03996702656149864,0.8924854397773743,,
40f,15,15,45,test,Reconnaissance,least,random_row,5,300,0.21569697558879852,0.26,0.03964080661535263,0.8924854397773743,,
40f,15,15,45,test,Reconnaissance,least,random_row,10,300,0.6418954730033875,0.6933333333333334,0.05974713712930679,0.8924854397773743,,
40f,15,15,45,test,Reconnaissance,random,random_row,1,300,0.09938708692789078,0.11333333333333333,0.041994985193014145,0.8924854397773743,,
40f,15,15,45,test,Reconnaissance,random,random_row,3,300,0.34401166439056396,0.38,0.058253612369298935,0.8924854397773743,,
40f,15,15,45,test,Reconnaissance,random,random_row,5,300,0.5625022053718567,0.6433333333333333,0.08233066648244858,0.8924854397773743,,
40f,15,15,45,test,Reconnaissance,random,random_row,10,300,0.8134533166885376,0.9166666666666666,0.36033347249031067,0.8924854397773743,,
40f,15,15,45,test,Reconnaissance,top_minus_random,median,1,300,0.139802702665329,,,,0.10950497237841289,0.17188492894669374
40f,15,15,45,test,Reconnaissance,top_minus_random,median,3,300,0.5089428124825159,,,,0.4702117897123098,0.545756167024374
40f,15,15,45,test,Reconnaissance,top_minus_random,median,5,300,0.3333544143040975,,,,0.29998399866124,0.3688016470173995
40f,15,15,45,test,Reconnaissance,top_minus_random,median,10,300,0.05205659459034602,,,,0.04240606197466453,0.061559358177085716
40f,15,15,45,test,Reconnaissance,top_minus_random,random_row,1,300,0.2456824690103531,,,,0.21520712121824426,0.27475784813364346
40f,15,15,45,test,Reconnaissance,top_minus_random,random_row,3,300,0.4492682095368703,,,,0.4106101709430417,0.48737888656308254
40f,15,15,45,test,Reconnaissance,top_minus_random,random_row,5,300,0.27383359769980115,,,,0.23736039301007988,0.3094869723891218
40f,15,15,45,test,Reconnaissance,top_minus_random,random_row,10,300,0.041691887875398,,,,0.027067188248038294,0.057298685764273
40f,15,15,45,test,Unknown,top,median,1,200,0.20066314935684204,0.815,0.20010173320770264,0.40569427609443665,,
40f,15,15,45,test,Unknown,top,median,3,200,0.2923279404640198,0.93,0.3022157847881317,0.40569427609443665,,
40f,15,15,45,test,Unknown,top,median,5,200,0.3204844295978546,0.955,0.40523695945739746,0.40569427609443665,,
40f,15,15,45,test,Unknown,top,median,10,200,0.316713809967041,0.895,0.5178882479667664,0.40569427609443665,,
40f,15,15,45,test,Unknown,least,median,1,200,-3.769040267798118e-05,0.19,0.1389431208372116,0.40569427609443665,,
40f,15,15,45,test,Unknown,least,median,3,200,0.010943160392343998,0.405,0.13979478180408478,0.40569427609443665,,
40f,15,15,45,test,Unknown,least,median,5,200,0.015566893853247166,0.425,0.14437028765678406,0.40569427609443665,,
40f,15,15,45,test,Unknown,least,median,10,200,0.1266547292470932,0.68,0.15999369323253632,0.40569427609443665,,
40f,15,15,45,test,Unknown,random,median,1,200,0.037451229989528656,0.37,0.14749611914157867,0.40569427609443665,,
40f,15,15,45,test,Unknown,random,median,3,200,0.09603384882211685,0.61,0.14859676361083984,0.40569427609443665,,
40f,15,15,45,test,Unknown,random,median,5,200,0.14870767295360565,0.705,0.17323333024978638,0.40569427609443665,,
40f,15,15,45,test,Unknown,random,median,10,200,0.22511030733585358,0.83,0.25099125504493713,0.40569427609443665,,
40f,15,15,45,test,Unknown,top,random_row,1,200,0.1474873572587967,0.68,0.19316905736923218,0.40569427609443665,,
40f,15,15,45,test,Unknown,top,random_row,3,200,0.243517205119133,0.89,0.24525663256645203,0.40569427609443665,,
40f,15,15,45,test,Unknown,top,random_row,5,200,0.2894986867904663,0.905,0.33063697814941406,0.40569427609443665,,
40f,15,15,45,test,Unknown,top,random_row,10,200,0.2885573208332062,0.875,0.4810436964035034,0.40569427609443665,,
40f,15,15,45,test,Unknown,least,random_row,1,200,0.01086333952844143,0.25,0.17928414046764374,0.40569427609443665,,
40f,15,15,45,test,Unknown,least,random_row,3,200,0.03869379311800003,0.445,0.17938613891601562,0.40569427609443665,,
40f,15,15,45,test,Unknown,least,random_row,5,200,0.0508449450135231,0.495,0.16849613189697266,0.40569427609443665,,
40f,15,15,45,test,Unknown,least,random_row,10,200,0.15759138762950897,0.705,0.18279722332954407,0.40569427609443665,,
40f,15,15,45,test,Unknown,random,random_row,1,200,0.03701196610927582,0.42,0.17735923826694489,0.40569427609443665,,
40f,15,15,45,test,Unknown,random,random_row,3,200,0.10334083437919617,0.625,0.18694375455379486,0.40569427609443665,,
40f,15,15,45,test,Unknown,random,random_row,5,200,0.17791223526000977,0.78,0.1949187070131302,0.40569427609443665,,
40f,15,15,45,test,Unknown,random,random_row,10,200,0.21897855401039124,0.795,0.27084240317344666,0.40569427609443665,,
40f,15,15,45,test,Unknown,top_minus_random,median,1,200,0.16321190789341927,,,,0.13509729530662298,0.1907899506278336
40f,15,15,45,test,Unknown,top_minus_random,median,3,200,0.19629409089684485,,,,0.16509940800257028,0.22352101190946996
40f,15,15,45,test,Unknown,top_minus_random,median,5,200,0.17177676007151604,,,,0.14522889937274158,0.20191028186865148
40f,15,15,45,test,Unknown,top_minus_random,median,10,200,0.0916035034507513,,,,0.06852092506550253,0.11541508623212575
40f,15,15,45,test,Unknown,top_minus_random,random_row,1,200,0.11047539316117763,,,,0.08159811366721989,0.1358238316904753
40f,15,15,45,test,Unknown,top_minus_random,random_row,3,200,0.14017636984586715,,,,0.10977696731500328,0.16964718265645204
40f,15,15,45,test,Unknown,top_minus_random,random_row,5,200,0.1115864210575819,,,,0.08186019714735449,0.13859718562848866
40f,15,15,45,test,Unknown,top_minus_random,random_row,10,200,0.06957875728607178,,,,0.043233901076018814,0.09687740182876586
40f,15,15,45,validation,all,top,median,1,2000,0.310851126909256,0.414,0.319934606552124,0.7575265169143677,,
40f,15,15,45,validation,all,top,median,3,2000,0.5967785716056824,0.877,0.49596184492111206,0.7575265169143677,,
40f,15,15,45,validation,all,top,median,5,2000,0.660705029964447,0.914,0.6551133990287781,0.7575265169143677,,
40f,15,15,45,validation,all,top,median,10,2000,0.6622110605239868,0.886,0.7557412981987,0.7575265169143677,,
40f,15,15,45,validation,all,least,median,1,2000,0.005517204292118549,0.048,0.16453368961811066,0.7575265169143677,,
40f,15,15,45,validation,all,least,median,3,2000,0.0197661854326725,0.098,0.1651742309331894,0.7575265169143677,,
40f,15,15,45,validation,all,least,median,5,2000,0.05120595544576645,0.144,0.16411526501178741,0.7575265169143677,,
40f,15,15,45,validation,all,least,median,10,2000,0.16842791438102722,0.309,0.15201160311698914,0.7575265169143677,,
40f,15,15,45,validation,all,random,median,1,2000,0.055239103734493256,0.1215,0.17446313798427582,0.7575265169143677,,
40f,15,15,45,validation,all,random,median,3,2000,0.19672350585460663,0.317,0.20329603552818298,0.7575265169143677,,
40f,15,15,45,validation,all,random,median,5,2000,0.3100515305995941,0.4595,0.24161937832832336,0.7575265169143677,,
40f,15,15,45,validation,all,random,median,10,2000,0.5031923651695251,0.729,0.44336190819740295,0.7575265169143677,,
40f,15,15,45,validation,all,top,random_row,1,2000,0.29291021823883057,0.3975,0.24352100491523743,0.7575265169143677,,
40f,15,15,45,validation,all,top,random_row,3,2000,0.5465050339698792,0.786,0.37192970514297485,0.7575265169143677,,
40f,15,15,45,validation,all,top,random_row,5,2000,0.6195545792579651,0.8795,0.4599190056324005,0.7575265169143677,,
40f,15,15,45,validation,all,top,random_row,10,2000,0.6345001459121704,0.868,0.6953672170639038,0.7575265169143677,,
40f,15,15,45,validation,all,least,random_row,1,2000,0.013967672362923622,0.068,0.17440147697925568,0.7575265169143677,,
40f,15,15,45,validation,all,least,random_row,3,2000,0.05280139297246933,0.1355,0.17259716987609863,0.7575265169143677,,
40f,15,15,45,validation,all,least,random_row,5,2000,0.1080479696393013,0.2035,0.1724301427602768,0.7575265169143677,,
40f,15,15,45,validation,all,least,random_row,10,2000,0.3336445987224579,0.52,0.1903916895389557,0.7575265169143677,,
40f,15,15,45,validation,all,random,random_row,1,2000,0.06424372643232346,0.13,0.18081720173358917,0.7575265169143677,,
40f,15,15,45,validation,all,random,random_row,3,2000,0.21446262300014496,0.338,0.20638327300548553,0.7575265169143677,,
40f,15,15,45,validation,all,random,random_row,5,2000,0.3244238793849945,0.4845,0.23809120059013367,0.7575265169143677,,
40f,15,15,45,validation,all,random,random_row,10,2000,0.5130661725997925,0.736,0.4257487654685974,0.7575265169143677,,
40f,15,15,45,validation,all,top_minus_random,median,1,2000,0.25561202672868966,,,,0.24267344174273311,0.2684834657879546
40f,15,15,45,validation,all,top_minus_random,median,3,2000,0.4000550522059202,,,,0.3851122125359252,0.4144017866048962
40f,15,15,45,validation,all,top_minus_random,median,5,2000,0.3506534278988838,,,,0.33683960970435295,0.36441520745567973
40f,15,15,45,validation,all,top_minus_random,median,10,2000,0.1590186918452382,,,,0.1477785515252501,0.17057646740376947
40f,15,15,45,validation,all,top_minus_random,random_row,1,2000,0.22866647502034904,,,,0.21641418343260885,0.24038694246653466
40f,15,15,45,validation,all,top_minus_random,random_row,3,2000,0.3320423817187548,,,,0.3180652703987435,0.34790671899467707
40f,15,15,45,validation,all,top_minus_random,random_row,5,2000,0.29513069757819177,,,,0.28014150416627526,0.3090655805874616
40f,15,15,45,validation,all,top_minus_random,random_row,10,2000,0.12143398556113243,,,,0.11022074351236225,0.13308716049212962
40f,15,15,45,validation,Exploits,top,median,1,300,0.5971705913543701,0.7366666666666667,0.3046126663684845,0.8486790657043457,,
40f,15,15,45,validation,Exploits,top,median,3,300,0.785841703414917,0.9833333333333333,0.577074408531189,0.8486790657043457,,
40f,15,15,45,validation,Exploits,top,median,5,300,0.8162035346031189,0.9966666666666667,0.7345761656761169,0.8486790657043457,,
40f,15,15,45,validation,Exploits,top,median,10,300,0.8261354565620422,0.9933333333333333,0.8617367744445801,0.8486790657043457,,
40f,15,15,45,validation,Exploits,least,median,1,300,-0.0028743052389472723,0.01,0.018683450296521187,0.8486790657043457,,
40f,15,15,45,validation,Exploits,least,median,3,300,-0.007760355249047279,0.01,0.02221192605793476,0.8486790657043457,,
40f,15,15,45,validation,Exploits,least,median,5,300,0.005461851600557566,0.013333333333333334,0.025232458487153053,0.8486790657043457,,
40f,15,15,45,validation,Exploits,least,median,10,300,0.15788045525550842,0.10666666666666667,0.03554782271385193,0.8486790657043457,,
40f,15,15,45,validation,Exploits,random,median,1,300,0.07009369879961014,0.07666666666666666,0.053138699382543564,0.8486790657043457,,
40f,15,15,45,validation,Exploits,random,median,3,300,0.2178666889667511,0.22333333333333333,0.12668880820274353,0.8486790657043457,,
40f,15,15,45,validation,Exploits,random,median,5,300,0.3452896177768707,0.37666666666666665,0.19811533391475677,0.8486790657043457,,
40f,15,15,45,validation,Exploits,random,median,10,300,0.640839159488678,0.7633333333333333,0.46757426857948303,0.8486790657043457,,
40f,15,15,45,validation,Exploits,top,random_row,1,300,0.30786123871803284,0.33666666666666667,0.20682714879512787,0.8486790657043457,,
40f,15,15,45,validation,Exploits,top,random_row,3,300,0.4872487485408783,0.52,0.3326510488986969,0.8486790657043457,,
40f,15,15,45,validation,Exploits,top,random_row,5,300,0.5749281048774719,0.6533333333333333,0.48114970326423645,0.8486790657043457,,
40f,15,15,45,validation,Exploits,top,random_row,10,300,0.6742752194404602,0.7933333333333333,0.8092068433761597,0.8486790657043457,,
40f,15,15,45,validation,Exploits,least,random_row,1,300,0.0034877380821853876,0.013333333333333334,0.16744470596313477,0.8486790657043457,,
40f,15,15,45,validation,Exploits,least,random_row,3,300,0.01668360084295273,0.02666666666666667,0.17631646990776062,0.8486790657043457,,
40f,15,15,45,validation,Exploits,least,random_row,5,300,0.06734106689691544,0.06,0.18662168085575104,0.8486790657043457,,
40f,15,15,45,validation,Exploits,least,random_row,10,300,0.4005752503871918,0.4766666666666667,0.2869820296764374,0.8486790657043457,,
40f,15,15,45,validation,Exploits,random,random_row,1,300,0.05169597640633583,0.06666666666666667,0.17751045525074005,0.8486790657043457,,
40f,15,15,45,validation,Exploits,random,random_row,3,300,0.19516897201538086,0.21666666666666667,0.2359819859266281,0.8486790657043457,,
40f,15,15,45,validation,Exploits,random,random_row,5,300,0.2960599660873413,0.3,0.3023783266544342,0.8486790657043457,,
40f,15,15,45,validation,Exploits,random,random_row,10,300,0.5560285449028015,0.6533333333333333,0.5512991547584534,0.8486790657043457,,
40f,15,15,45,validation,Exploits,top_minus_random,median,1,300,0.5270768906672796,,,,0.48965293355782824,0.5652245280419788
40f,15,15,45,validation,Exploits,top_minus_random,median,3,300,0.5679750298460324,,,,0.5322760417784254,0.6033934354210893
40f,15,15,45,validation,Exploits,top_minus_random,median,5,300,0.4709138823548953,,,,0.43145490571359796,0.5070129056001703
40f,15,15,45,validation,Exploits,top_minus_random,median,10,300,0.1852963257829348,,,,0.15886639286577703,0.2130911019941171
40f,15,15,45,validation,Exploits,top_minus_random,random_row,1,300,0.25616525143384933,,,,0.21809025632341703,0.2937536230236292
40f,15,15,45,validation,Exploits,top_minus_random,random_row,3,300,0.2920798087120056,,,,0.2516777740145723,0.3315117807686329
40f,15,15,45,validation,Exploits,top_minus_random,random_row,5,300,0.2788680941859881,,,,0.2414517275467515,0.31581638651092847
40f,15,15,45,validation,Exploits,top_minus_random,random_row,10,300,0.11824664523204167,,,,0.09039812511454026,0.14726351600388685
40f,15,15,45,validation,Fuzzers,top,median,1,300,0.27650803327560425,0.2866666666666667,0.00999678298830986,0.7584457397460938,,
40f,15,15,45,validation,Fuzzers,top,median,3,300,0.5399234294891357,0.75,0.056048158556222916,0.7584457397460938,,
40f,15,15,45,validation,Fuzzers,top,median,5,300,0.6708526611328125,0.97,0.21696248650550842,0.7584457397460938,,
40f,15,15,45,validation,Fuzzers,top,median,10,300,0.7469418048858643,1.0,0.6115308403968811,0.7584457397460938,,
40f,15,15,45,validation,Fuzzers,least,median,1,300,0.016142038628458977,0.03,0.004384390544146299,0.7584457397460938,,
40f,15,15,45,validation,Fuzzers,least,median,3,300,0.09936707466840744,0.14,0.012521316297352314,0.7584457397460938,,
40f,15,15,45,validation,Fuzzers,least,median,5,300,0.1999359428882599,0.24,0.020088104531168938,0.7584457397460938,,
40f,15,15,45,validation,Fuzzers,least,median,10,300,0.5834144949913025,0.8733333333333333,0.10041142255067825,0.7584457397460938,,
40f,15,15,45,validation,Fuzzers,random,median,1,300,0.10710611939430237,0.14,0.009202721528708935,0.7584457397460938,,
40f,15,15,45,validation,Fuzzers,random,median,3,300,0.33588048815727234,0.48,0.03548463061451912,0.7584457397460938,,
40f,15,15,45,validation,Fuzzers,random,median,5,300,0.475007563829422,0.6666666666666666,0.06133352965116501,0.7584457397460938,,
40f,15,15,45,validation,Fuzzers,random,median,10,300,0.681840717792511,0.95,0.2848842442035675,0.7584457397460938,,
40f,15,15,45,validation,Fuzzers,top,random_row,1,300,0.3693409860134125,0.47333333333333333,0.1474013328552246,0.7584457397460938,,
40f,15,15,45,validation,Fuzzers,top,random_row,3,300,0.5644705295562744,0.7666666666666667,0.1744273602962494,0.7584457397460938,,
40f,15,15,45,validation,Fuzzers,top,random_row,5,300,0.6449410319328308,0.89,0.24420888721942902,0.7584457397460938,,
40f,15,15,45,validation,Fuzzers,top,random_row,10,300,0.6652433276176453,0.8966666666666666,0.5869596600532532,0.7584457397460938,,
40f,15,15,45,validation,Fuzzers,least,random_row,1,300,0.04545895755290985,0.08,0.13085933029651642,0.7584457397460938,,
40f,15,15,45,validation,Fuzzers,least,random_row,3,300,0.14731507003307343,0.19333333333333333,0.12116673588752747,0.7584457397460938,,
40f,15,15,45,validation,Fuzzers,least,random_row,5,300,0.2634783387184143,0.33666666666666667,0.11727061122655869,0.7584457397460938,,
40f,15,15,45,validation,Fuzzers,least,random_row,10,300,0.5250370502471924,0.7433333333333333,0.13205865025520325,0.7584457397460938,,
40f,15,15,45,validation,Fuzzers,random,random_row,1,300,0.11050044000148773,0.14333333333333334,0.13567568361759186,0.7584457397460938,,
40f,15,15,45,validation,Fuzzers,random,random_row,3,300,0.33342331647872925,0.43666666666666665,0.13091784715652466,0.7584457397460938,,
40f,15,15,45,validation,Fuzzers,random,random_row,5,300,0.4674501419067383,0.6466666666666666,0.12816743552684784,0.7584457397460938,,
40f,15,15,45,validation,Fuzzers,random,random_row,10,300,0.6269667744636536,0.8566666666666667,0.27400416135787964,0.7584457397460938,,
40f,15,15,45,validation,Fuzzers,top_minus_random,median,1,300,0.1694018965959549,,,,0.14083711772660415,0.19894018673648434
40f,15,15,45,validation,Fuzzers,top_minus_random,median,3,300,0.20404284507036208,,,,0.16988842687755823,0.2358055243914326
40f,15,15,45,validation,Fuzzers,top_minus_random,median,5,300,0.19584502786397934,,,,0.16641273219883443,0.22742237538844345
40f,15,15,45,validation,Fuzzers,top_minus_random,median,10,300,0.06510116388400396,,,,0.05094391482820114,0.08074986570576827
40f,15,15,45,validation,Fuzzers,top_minus_random,random_row,1,300,0.2588405669728915,,,,0.219528210212787,0.2957282936796546
40f,15,15,45,validation,Fuzzers,top_minus_random,random_row,3,300,0.23104715943336487,,,,0.19362947194526595,0.26585304173827173
40f,15,15,45,validation,Fuzzers,top_minus_random,random_row,5,300,0.17749088297287624,,,,0.1475819088742137,0.20669656089196603
40f,15,15,45,validation,Fuzzers,top_minus_random,random_row,10,300,0.03827667444944382,,,,0.019644383750855927,0.0574569081465403
40f,15,15,45,validation,Generic,top,median,1,300,0.4581981301307678,0.38,0.686151921749115,0.9318765997886658,,
40f,15,15,45,validation,Generic,top,median,3,300,0.8671858906745911,1.0,0.8656623363494873,0.9318765997886658,,
40f,15,15,45,validation,Generic,top,median,5,300,0.8952252268791199,1.0,0.8847904205322266,0.9318765997886658,,
40f,15,15,45,validation,Generic,top,median,10,300,0.8958583474159241,1.0,0.9243457317352295,0.9318765997886658,,
40f,15,15,45,validation,Generic,least,median,1,300,0.003482787637040019,0.02,0.0063654109835624695,0.9318765997886658,,
40f,15,15,45,validation,Generic,least,median,3,300,0.016340315341949463,0.03666666666666667,0.026621054857969284,0.9318765997886658,,
40f,15,15,45,validation,Generic,least,median,5,300,0.025438159704208374,0.06333333333333334,0.03601711615920067,0.9318765997886658,,
40f,15,15,45,validation,Generic,least,median,10,300,0.048905398696660995,0.09666666666666666,0.04417077824473381,0.9318765997886658,,
40f,15,15,45,validation,Generic,random,median,1,300,0.05484934523701668,0.07666666666666666,0.06278897076845169,0.9318765997886658,,
40f,15,15,45,validation,Generic,random,median,3,300,0.1746010035276413,0.23333333333333334,0.18882538378238678,0.9318765997886658,,
40f,15,15,45,validation,Generic,random,median,5,300,0.28591039776802063,0.3333333333333333,0.3093172609806061,0.9318765997886658,,
40f,15,15,45,validation,Generic,random,median,10,300,0.5994465351104736,0.6933333333333334,0.6430917382240295,0.9318765997886658,,
40f,15,15,45,validation,Generic,top,random_row,1,300,0.4523753821849823,0.38333333333333336,0.3729279041290283,0.9318765997886658,,
40f,15,15,45,validation,Generic,top,random_row,3,300,0.8369729518890381,0.9433333333333334,0.818896472454071,0.9318765997886658,,
40f,15,15,45,validation,Generic,top,random_row,5,300,0.8553935885429382,0.98,0.8521843552589417,0.9318765997886658,,
40f,15,15,45,validation,Generic,top,random_row,10,300,0.8965545892715454,0.9766666666666667,0.9067128300666809,0.9318765997886658,,
40f,15,15,45,validation,Generic,least,random_row,1,300,0.004360451363027096,0.02,0.03818919509649277,0.9318765997886658,,
40f,15,15,45,validation,Generic,least,random_row,3,300,0.018373673781752586,0.05333333333333334,0.038513991981744766,0.9318765997886658,,
40f,15,15,45,validation,Generic,least,random_row,5,300,0.031048523262143135,0.08,0.040393125265836716,0.9318765997886658,,
40f,15,15,45,validation,Generic,least,random_row,10,300,0.087501160800457,0.15333333333333332,0.08950123935937881,0.9318765997886658,,
40f,15,15,45,validation,Generic,random,random_row,1,300,0.05573195219039917,0.08,0.06869110465049744,0.9318765997886658,,
40f,15,15,45,validation,Generic,random,random_row,3,300,0.1772439032793045,0.22,0.15708522498607635,0.9318765997886658,,
40f,15,15,45,validation,Generic,random,random_row,5,300,0.28135940432548523,0.3433333333333333,0.2672472894191742,0.9318765997886658,,
40f,15,15,45,validation,Generic,random,random_row,10,300,0.6314137578010559,0.71,0.618545413017273,0.9318765997886658,,
40f,15,15,45,validation,Generic,top_minus_random,median,1,300,0.4033488243818283,,,,0.37683277583618957,0.42875826719403265
40f,15,15,45,validation,Generic,top_minus_random,median,3,300,0.6925848183532556,,,,0.6541240441501142,0.7296929747623702
40f,15,15,45,validation,Generic,top_minus_random,median,5,300,0.6093148489793142,,,,0.5631051440263788,0.6545656158427398
40f,15,15,45,validation,Generic,top_minus_random,median,10,300,0.29641184359788897,,,,0.2497610877429446,0.34314657158652945
40f,15,15,45,validation,Generic,top_minus_random,random_row,1,300,0.39664342761039734,,,,0.36969117779533067,0.4256663839792212
40f,15,15,45,validation,Generic,top_minus_random,random_row,3,300,0.6597290166715781,,,,0.6169469961076974,0.6974858670632045
40f,15,15,45,validation,Generic,top_minus_random,random_row,5,300,0.5740342186391354,,,,0.5308093155436218,0.6203964502799014
40f,15,15,45,validation,Generic,top_minus_random,random_row,10,300,0.26514080544312796,,,,0.2207260455414653,0.3095225602289041
40f,15,15,45,validation,Normal,top,median,1,300,0.18204069137573242,0.30666666666666664,0.8759271502494812,0.7651206254959106,,
40f,15,15,45,validation,Normal,top,median,3,300,0.3649924695491791,0.5166666666666667,0.8233664631843567,0.7651206254959106,,
40f,15,15,45,validation,Normal,top,median,5,300,0.4443303942680359,0.5266666666666666,0.7753874659538269,0.7651206254959106,,
40f,15,15,45,validation,Normal,top,median,10,300,0.344355046749115,0.31333333333333335,0.7734197974205017,0.7651206254959106,,
40f,15,15,45,validation,Normal,least,median,1,300,-0.003648759564384818,0.03666666666666667,0.9216824173927307,0.7651206254959106,,
40f,15,15,45,validation,Normal,least,median,3,300,0.009545675478875637,0.05333333333333334,0.867677628993988,0.7651206254959106,,
40f,15,15,45,validation,Normal,least,median,5,300,0.056622110307216644,0.06,0.772320568561554,0.7651206254959106,,
40f,15,15,45,validation,Normal,least,median,10,300,0.18391890823841095,0.20333333333333334,0.5744822025299072,0.7651206254959106,,
40f,15,15,45,validation,Normal,random,median,1,300,0.018567003309726715,0.07666666666666666,0.8704538941383362,0.7651206254959106,,
40f,15,15,45,validation,Normal,random,median,3,300,0.11431391537189484,0.18666666666666668,0.7145238518714905,0.7651206254959106,,
40f,15,15,45,validation,Normal,random,median,5,300,0.18736210465431213,0.23333333333333334,0.6019961833953857,0.7651206254959106,,
40f,15,15,45,validation,Normal,random,median,10,300,0.14030231535434723,0.17333333333333334,0.5857449173927307,0.7651206254959106,,
40f,15,15,45,validation,Normal,top,random_row,1,300,0.23152512311935425,0.37666666666666665,0.5799818634986877,0.7651206254959106,,
40f,15,15,45,validation,Normal,top,random_row,3,300,0.4729347825050354,0.7,0.6146966218948364,0.7651206254959106,,
40f,15,15,45,validation,Normal,top,random_row,5,300,0.5935070514678955,0.8633333333333333,0.6578105092048645,0.7651206254959106,,
40f,15,15,45,validation,Normal,top,random_row,10,300,0.46386516094207764,0.6933333333333334,0.752864420413971,0.7651206254959106,,
40f,15,15,45,validation,Normal,least,random_row,1,300,0.006196531001478434,0.05,0.5452930331230164,0.7651206254959106,,
40f,15,15,45,validation,Normal,least,random_row,3,300,0.04326958209276199,0.13333333333333333,0.536212682723999,0.7651206254959106,,
40f,15,15,45,validation,Normal,least,random_row,5,300,0.08495595306158066,0.16333333333333333,0.5102424621582031,0.7651206254959106,,
40f,15,15,45,validation,Normal,least,random_row,10,300,0.2214086949825287,0.39,0.35706979036331177,0.7651206254959106,,
40f,15,15,45,validation,Normal,random,random_row,1,300,0.058538924902677536,0.11666666666666667,0.552024245262146,0.7651206254959106,,
40f,15,15,45,validation,Normal,random,random_row,3,300,0.20424868166446686,0.33,0.5444554686546326,0.7651206254959106,,
40f,15,15,45,validation,Normal,random,random_row,5,300,0.2724772095680237,0.41,0.5068020224571228,0.7651206254959106,,
40f,15,15,45,validation,Normal,random,random_row,10,300,0.2606890797615051,0.47,0.5107142329216003,0.7651206254959106,,
40f,15,15,45,validation,Normal,top_minus_random,median,1,300,0.16347370634476344,,,,0.1336940346111854,0.1957597214107712
40f,15,15,45,validation,Normal,top_minus_random,median,3,300,0.25067853937546414,,,,0.22103803988546133,0.2796412606562177
40f,15,15,45,validation,Normal,top_minus_random,median,5,300,0.25696829160054524,,,,0.23250470305979254,0.28372760554651416
40f,15,15,45,validation,Normal,top_minus_random,median,10,300,0.2040527148048083,,,,0.17341019660234452,0.23585187775144975
40f,15,15,45,validation,Normal,top_minus_random,random_row,1,300,0.17298618336518606,,,,0.14653077142685653,0.19994641211628914
40f,15,15,45,validation,Normal,top_minus_random,random_row,3,300,0.2686861043671767,,,,0.23604321451360982,0.29975688413282237
40f,15,15,45,validation,Normal,top_minus_random,random_row,5,300,0.32102991571029027,,,,0.28644670002162453,0.35521938317269086
40f,15,15,45,validation,Normal,top_minus_random,random_row,10,300,0.20317607735594115,,,,0.16675369538366797,0.2413103709866603
40f,15,15,45,validation,Overlap-Group-1,top,median,1,300,0.1995360553264618,0.4066666666666667,0.1006053015589714,0.5785777568817139,,
40f,15,15,45,validation,Overlap-Group-1,top,median,3,300,0.37017324566841125,0.9533333333333334,0.5982128977775574,0.5785777568817139,,
40f,15,15,45,validation,Overlap-Group-1,top,median,5,300,0.48259639739990234,0.9866666666666667,0.7486003041267395,0.5785777568817139,,
40f,15,15,45,validation,Overlap-Group-1,top,median,10,300,0.497903048992157,1.0,0.6339403390884399,0.5785777568817139,,
40f,15,15,45,validation,Overlap-Group-1,least,median,1,300,-0.0057227108627557755,0.006666666666666667,0.038582559674978256,0.5785777568817139,,
40f,15,15,45,validation,Overlap-Group-1,least,median,3,300,-0.05346794053912163,0.03666666666666667,0.06369157135486603,0.5785777568817139,,
40f,15,15,45,validation,Overlap-Group-1,least,median,5,300,-0.08074461668729782,0.06333333333333334,0.12846878170967102,0.5785777568817139,,
40f,15,15,45,validation,Overlap-Group-1,least,median,10,300,-0.14898724853992462,0.18666666666666668,0.12930326163768768,0.5785777568817139,,
40f,15,15,45,validation,Overlap-Group-1,random,median,1,300,0.014921127818524837,0.10666666666666667,0.060383327305316925,0.5785777568817139,,
40f,15,15,45,validation,Overlap-Group-1,random,median,3,300,0.0990704745054245,0.28,0.16038493812084198,0.5785777568817139,,
40f,15,15,45,validation,Overlap-Group-1,random,median,5,300,0.14824295043945312,0.4033333333333333,0.2565021514892578,0.5785777568817139,,
40f,15,15,45,validation,Overlap-Group-1,random,median,10,300,0.33186066150665283,0.78,0.44732168316841125,0.5785777568817139,,
40f,15,15,45,validation,Overlap-Group-1,top,random_row,1,300,0.15992870926856995,0.33666666666666667,0.07624118775129318,0.5785777568817139,,
40f,15,15,45,validation,Overlap-Group-1,top,random_row,3,300,0.33818113803863525,0.8133333333333334,0.19490663707256317,0.5785777568817139,,
40f,15,15,45,validation,Overlap-Group-1,top,random_row,5,300,0.43709269165992737,0.9266666666666666,0.29376140236854553,0.5785777568817139,,
40f,15,15,45,validation,Overlap-Group-1,top,random_row,10,300,0.5164676904678345,0.9433333333333334,0.538619875907898,0.5785777568817139,,
40f,15,15,45,validation,Overlap-Group-1,least,random_row,1,300,-0.013751709833741188,0.01,0.06789834797382355,0.5785777568817139,,
40f,15,15,45,validation,Overlap-Group-1,least,random_row,3,300,0.004719889722764492,0.06,0.06943870335817337,0.5785777568817139,,
40f,15,15,45,validation,Overlap-Group-1,least,random_row,5,300,0.018398446962237358,0.08666666666666667,0.09467927366495132,0.5785777568817139,,
40f,15,15,45,validation,Overlap-Group-1,least,random_row,10,300,0.30265283584594727,0.6166666666666667,0.19294677674770355,0.5785777568817139,,
40f,15,15,45,validation,Overlap-Group-1,random,random_row,1,300,0.04074767604470253,0.09666666666666666,0.06569123268127441,0.5785777568817139,,
40f,15,15,45,validation,Overlap-Group-1,random,random_row,3,300,0.1576499491930008,0.3566666666666667,0.09485804289579391,0.5785777568817139,,
40f,15,15,45,validation,Overlap-Group-1,random,random_row,5,300,0.24503545463085175,0.5433333333333333,0.13723015785217285,0.5785777568817139,,
40f,15,15,45,validation,Overlap-Group-1,random,random_row,10,300,0.42981675267219543,0.84,0.33914974331855774,0.5785777568817139,,
40f,15,15,45,validation,Overlap-Group-1,top_minus_random,median,1,300,0.18461492796738943,,,,0.15374606292694806,0.2148813691114386
40f,15,15,45,validation,Overlap-Group-1,top_minus_random,median,3,300,0.27110276569922764,,,,0.24361842090139788,0.30039011460294324
40f,15,15,45,validation,Overlap-Group-1,top_minus_random,median,5,300,0.334353441298008,,,,0.3071349972014626,0.3636529312307636
40f,15,15,45,validation,Overlap-Group-1,top_minus_random,median,10,300,0.16604235192139943,,,,0.14497111301869153,0.18845116235067447
40f,15,15,45,validation,Overlap-Group-1,top_minus_random,random_row,1,300,0.1191810289522012,,,,0.09540360773603121,0.14404978464667995
40f,15,15,45,validation,Overlap-Group-1,top_minus_random,random_row,3,300,0.18053117662668228,,,,0.1587514330794414,0.2026026935999592
40f,15,15,45,validation,Overlap-Group-1,top_minus_random,random_row,5,300,0.19205723986029624,,,,0.17072707665835818,0.21474164481461047
40f,15,15,45,validation,Overlap-Group-1,top_minus_random,random_row,10,300,0.08665089090665182,,,,0.06907118450353544,0.10504682219028473
40f,15,15,45,validation,Reconnaissance,top,median,1,300,0.22511784732341766,0.14666666666666667,0.006496712565422058,0.8940029144287109,,
40f,15,15,45,validation,Reconnaissance,top,median,3,300,0.8442803025245667,1.0,0.16934971511363983,0.8940029144287109,,
40f,15,15,45,validation,Reconnaissance,top,median,5,300,0.8835306763648987,1.0,0.7235677242279053,0.8940029144287109,,
40f,15,15,45,validation,Reconnaissance,top,median,10,300,0.8923846483230591,1.0,0.8736196160316467,0.8940029144287109,,
40f,15,15,45,validation,Reconnaissance,least,median,1,300,0.02722529135644436,0.06666666666666667,0.0007482061046175659,0.8940029144287109,,
40f,15,15,45,validation,Reconnaissance,least,median,3,300,0.06721866875886917,0.14,0.0014956076629459858,0.8940029144287109,,
40f,15,15,45,validation,Reconnaissance,least,median,5,300,0.11020360141992569,0.18666666666666668,0.002053390257060528,0.8940029144287109,,
40f,15,15,45,validation,Reconnaissance,least,median,10,300,0.22516845166683197,0.17,0.010889098048210144,0.8940029144287109,,
40f,15,15,45,validation,Reconnaissance,random,median,1,300,0.08758789300918579,0.11,0.002548751188442111,0.8940029144287109,,
40f,15,15,45,validation,Reconnaissance,random,median,3,300,0.3085353970527649,0.33666666666666667,0.016010571271181107,0.8940029144287109,,
40f,15,15,45,validation,Reconnaissance,random,median,5,300,0.5193599462509155,0.5733333333333334,0.05245361849665642,0.8940029144287109,,
40f,15,15,45,validation,Reconnaissance,random,median,10,300,0.8216462135314941,0.96,0.3461211323738098,0.8940029144287109,,
40f,15,15,45,validation,Reconnaissance,top,random_row,1,300,0.33110880851745605,0.30333333333333334,0.07496222853660583,0.8940029144287109,,
40f,15,15,45,validation,Reconnaissance,top,random_row,3,300,0.7730360627174377,0.9133333333333333,0.15052399039268494,0.8940029144287109,,
40f,15,15,45,validation,Reconnaissance,top,random_row,5,300,0.8327499628067017,0.9566666666666667,0.2968215346336365,0.8940029144287109,,
40f,15,15,45,validation,Reconnaissance,top,random_row,10,300,0.8406512141227722,0.9433333333333334,0.7101199626922607,0.8940029144287109,,
40f,15,15,45,validation,Reconnaissance,least,random_row,1,300,0.03412553295493126,0.09,0.05527227371931076,0.8940029144287109,,
40f,15,15,45,validation,Reconnaissance,least,random_row,3,300,0.09766937047243118,0.14666666666666667,0.05616973713040352,0.8940029144287109,,
40f,15,15,45,validation,Reconnaissance,least,random_row,5,300,0.209243044257164,0.26666666666666666,0.05762111768126488,0.8940029144287109,,
40f,15,15,45,validation,Reconnaissance,least,random_row,10,300,0.6016372442245483,0.6433333333333333,0.06993894279003143,0.8940029144287109,,
40f,15,15,45,validation,Reconnaissance,random,random_row,1,300,0.09902001917362213,0.12666666666666668,0.05875605344772339,0.8940029144287109,,
40f,15,15,45,validation,Reconnaissance,random,random_row,3,300,0.30710750818252563,0.32666666666666666,0.07488670945167542,0.8940029144287109,,
40f,15,15,45,validation,Reconnaissance,random,random_row,5,300,0.5172582268714905,0.5466666666666666,0.10259067267179489,0.8940029144287109,,
40f,15,15,45,validation,Reconnaissance,random,random_row,10,300,0.7947666645050049,0.8933333333333333,0.35211023688316345,0.8940029144287109,,
40f,15,15,45,validation,Reconnaissance,top_minus_random,median,1,300,0.13752995938062668,,,,0.10984650855014721,0.16600584655751785
40f,15,15,45,validation,Reconnaissance,top_minus_random,median,3,300,0.5357448529700438,,,,0.4966513494104147,0.5703031268132229
40f,15,15,45,validation,Reconnaissance,top_minus_random,median,5,300,0.3641706542670727,,,,0.3298446969923874,0.40437488930175697
40f,15,15,45,validation,Reconnaissance,top_minus_random,median,10,300,0.07073847810427347,,,,0.05713870708147685,0.08507388259718815
40f,15,15,45,validation,Reconnaissance,top_minus_random,random_row,1,300,0.2320888012647629,,,,0.20580432506899038,0.2606384290431937
40f,15,15,45,validation,Reconnaissance,top_minus_random,random_row,3,300,0.46592861811319985,,,,0.4281811128531893,0.5013188629895449
40f,15,15,45,validation,Reconnaissance,top_minus_random,random_row,5,300,0.315491791566213,,,,0.28085048335790636,0.3514471640437841
40f,15,15,45,validation,Reconnaissance,top_minus_random,random_row,10,300,0.045884529848893484,,,,0.03056268912305435,0.06155505092442035
40f,15,15,45,validation,Unknown,top,median,1,200,0.20065425336360931,0.745,0.22366011142730713,0.4102104902267456,,
40f,15,15,45,validation,Unknown,top,median,3,200,0.3091903328895569,0.965,0.32504773139953613,0.4102104902267456,,
40f,15,15,45,validation,Unknown,top,median,5,200,0.3179416358470917,0.92,0.4253074526786804,0.4102104902267456,,
40f,15,15,45,validation,Unknown,top,median,10,200,0.3167429268360138,0.9,0.5395235419273376,0.4102104902267456,,
40f,15,15,45,validation,Unknown,least,median,1,200,0.003265526844188571,0.225,0.15966735780239105,0.4102104902267456,,
40f,15,15,45,validation,Unknown,least,median,3,200,0.0007966908742673695,0.355,0.16041351854801178,0.4102104902267456,,
40f,15,15,45,validation,Unknown,least,median,5,200,0.03668396547436714,0.5,0.1648821085691452,0.4102104902267456,,
40f,15,15,45,validation,Unknown,least,median,10,200,0.10882856696844101,0.635,0.17790916562080383,0.4102104902267456,,
40f,15,15,45,validation,Unknown,random,median,1,200,0.02270328812301159,0.335,0.15685653686523438,0.4102104902267456,,
40f,15,15,45,validation,Unknown,random,median,3,200,0.09183308482170105,0.56,0.17008306086063385,0.4102104902267456,,
40f,15,15,45,validation,Unknown,random,median,5,200,0.1587565839290619,0.715,0.1966167837381363,0.4102104902267456,,
40f,15,15,45,validation,Unknown,random,median,10,200,0.20802032947540283,0.81,0.2715120017528534,0.4102104902267456,,
40f,15,15,45,validation,Unknown,top,random_row,1,200,0.1508917212486267,0.66,0.24769768118858337,0.4102104902267456,,
40f,15,15,45,validation,Unknown,top,random_row,3,200,0.2557837963104248,0.875,0.2901439964771271,0.4102104902267456,,
40f,15,15,45,validation,Unknown,top,random_row,5,200,0.28762683272361755,0.89,0.36028534173965454,0.4102104902267456,,
40f,15,15,45,validation,Unknown,top,random_row,10,200,0.259415864944458,0.81,0.49694716930389404,0.4102104902267456,,
40f,15,15,45,validation,Unknown,least,random_row,1,200,0.01986047811806202,0.285,0.23657940328121185,0.4102104902267456,,
40f,15,15,45,validation,Unknown,least,random_row,3,200,0.03596710041165352,0.435,0.22924411296844482,0.4102104902267456,,
40f,15,15,45,validation,Unknown,least,random_row,5,200,0.06878164410591125,0.545,0.2140590250492096,0.4102104902267456,,
40f,15,15,45,validation,Unknown,least,random_row,10,200,0.12822756171226501,0.665,0.21117067337036133,0.4102104902267456,,
40f,15,15,45,validation,Unknown,random,random_row,1,200,0.01808486133813858,0.355,0.22064891457557678,0.4102104902267456,,
40f,15,15,45,validation,Unknown,random,random_row,3,200,0.08236279338598251,0.55,0.20655466616153717,0.4102104902267456,,
40f,15,15,45,validation,Unknown,random,random_row,5,200,0.12477807700634003,0.66,0.21428817510604858,0.4102104902267456,,
40f,15,15,45,validation,Unknown,random,random_row,10,200,0.18113942444324493,0.725,0.28875353932380676,0.4102104902267456,,
40f,15,15,45,validation,Unknown,top_minus_random,median,1,200,0.17795095928013324,,,,0.14569169999845327,0.2073882585093379
40f,15,15,45,validation,Unknown,top_minus_random,median,3,200,0.2173572450876236,,,,0.18743983369320633,0.24429481972754002
40f,15,15,45,validation,Unknown,top_minus_random,median,5,200,0.1591850594431162,,,,0.13253799667581917,0.1850761078353971
40f,15,15,45,validation,Unknown,top_minus_random,median,10,200,0.10872260130941867,,,,0.08233996444195509,0.13517121331766246
40f,15,15,45,validation,Unknown,top_minus_random,random_row,1,200,0.1328068608045578,,,,0.10525158708170057,0.1592319397199899
40f,15,15,45,validation,Unknown,top_minus_random,random_row,3,200,0.17342099130153657,,,,0.14549395424313843,0.20302683834359048
40f,15,15,45,validation,Unknown,top_minus_random,random_row,5,200,0.1628487613797188,,,,0.13483828189224004,0.19205454849638043
40f,15,15,45,validation,Unknown,top_minus_random,random_row,10,200,0.07827642075717449,,,,0.04419226592034102,0.1163578729238361
40f,40,40,46,test,all,top,median,1,2000,0.2349797636270523,0.281,0.27431023120880127,0.7938380241394043,,
40f,40,40,46,test,all,top,median,3,2000,0.5484792590141296,0.7955,0.4796977937221527,0.7938380241394043,,
40f,40,40,46,test,all,top,median,5,2000,0.6302433609962463,0.8835,0.6356934905052185,0.7938380241394043,,
40f,40,40,46,test,all,top,median,10,2000,0.6806302666664124,0.9155,0.7591356635093689,0.7938380241394043,,
40f,40,40,46,test,all,least,median,1,2000,0.0,0.0,0.17333713173866272,0.7938380241394043,,
40f,40,40,46,test,all,least,median,3,2000,0.00017034838674589992,0.0005,0.17334601283073425,0.7938380241394043,,
40f,40,40,46,test,all,least,median,5,2000,0.0012914326507598162,0.008,0.17263898253440857,0.7938380241394043,,
40f,40,40,46,test,all,least,median,10,2000,0.01152603980153799,0.049,0.17123107612133026,0.7938380241394043,,
40f,40,40,46,test,all,random,median,1,2000,0.02171805128455162,0.053,0.1786191165447235,0.7938380241394043,,
40f,40,40,46,test,all,random,median,3,2000,0.06149280071258545,0.125,0.18619778752326965,0.7938380241394043,,
40f,40,40,46,test,all,random,median,5,2000,0.10770989954471588,0.1855,0.19947479665279388,0.7938380241394043,,
40f,40,40,46,test,all,random,median,10,2000,0.22527392208576202,0.3305,0.2368326485157013,0.7938380241394043,,
40f,40,40,46,test,all,top,random_row,1,2000,0.20984725654125214,0.2655,0.21669940650463104,0.7938380241394043,,
40f,40,40,46,test,all,top,random_row,3,2000,0.5099958181381226,0.715,0.356626033782959,0.7938380241394043,,
40f,40,40,46,test,all,top,random_row,5,2000,0.5952373147010803,0.803,0.45237022638320923,0.7938380241394043,,
40f,40,40,46,test,all,top,random_row,10,2000,0.6472522020339966,0.86,0.6106051206588745,0.7938380241394043,,
40f,40,40,46,test,all,least,random_row,1,2000,0.0,0.0,0.182056725025177,0.7938380241394043,,
40f,40,40,46,test,all,least,random_row,3,2000,0.0001830342080211267,0.001,0.18204842507839203,0.7938380241394043,,
40f,40,40,46,test,all,least,random_row,5,2000,0.0003728408191818744,0.011,0.18205304443836212,0.7938380241394043,,
40f,40,40,46,test,all,least,random_row,10,2000,0.019221950322389603,0.075,0.18186068534851074,0.7938380241394043,,
40f,40,40,46,test,all,random,random_row,1,2000,0.021459445357322693,0.0555,0.18361078202724457,0.7938380241394043,,
40f,40,40,46,test,all,random,random_row,3,2000,0.06353292614221573,0.1265,0.18842589855194092,0.7938380241394043,,
40f,40,40,46,test,all,random,random_row,5,2000,0.1120297983288765,0.2005,0.19629812240600586,0.7938380241394043,,
40f,40,40,46,test,all,random,random_row,10,2000,0.22961898148059845,0.3405,0.2271663099527359,0.7938380241394043,,
40f,40,40,46,test,all,top_minus_random,median,1,2000,0.21326172222197057,,,,0.20235916784126312,0.22529728465955703
40f,40,40,46,test,all,top_minus_random,median,3,2000,0.4869865065664053,,,,0.4732486165406182,0.5006600336918607
40f,40,40,46,test,all,top_minus_random,median,5,2000,0.5225334549546242,,,,0.5069135973710567,0.5363766396755353
40f,40,40,46,test,all,top_minus_random,median,10,2000,0.455356256313622,,,,0.44177950093112883,0.46994819515943526
40f,40,40,46,test,all,top_minus_random,random_row,1,2000,0.1883878034055233,,,,0.177434950831905,0.20003306570909918
40f,40,40,46,test,all,top_minus_random,random_row,3,2000,0.4464628746956587,,,,0.4318191531714052,0.461027114040032
40f,40,40,46,test,all,top_minus_random,random_row,5,2000,0.48320749967545273,,,,0.46780531098600475,0.4982656576476991
40f,40,40,46,test,all,top_minus_random,random_row,10,2000,0.4176332268193364,,,,0.40181614833138884,0.43286100553292783
40f,40,40,46,test,Exploits,top,median,1,300,0.24608983099460602,0.31,0.15092837810516357,0.830735445022583,,
40f,40,40,46,test,Exploits,top,median,3,300,0.6124374270439148,0.8466666666666667,0.5228199362754822,0.830735445022583,,
40f,40,40,46,test,Exploits,top,median,5,300,0.7169587016105652,0.98,0.687169075012207,0.830735445022583,,
40f,40,40,46,test,Exploits,top,median,10,300,0.7707049250602722,0.9933333333333333,0.8263523578643799,0.830735445022583,,
40f,40,40,46,test,Exploits,least,median,1,300,0.0,0.0,0.022827835753560066,0.830735445022583,,
40f,40,40,46,test,Exploits,least,median,3,300,-0.0001724607718642801,0.0,0.023003067821264267,0.830735445022583,,
40f,40,40,46,test,Exploits,least,median,5,300,-0.0005317822215147316,0.0,0.02359193190932274,0.830735445022583,,
40f,40,40,46,test,Exploits,least,median,10,300,0.006358999293297529,0.013333333333333334,0.030326640233397484,0.830735445022583,,
40f,40,40,46,test,Exploits,random,median,1,300,0.025162486359477043,0.03,0.041884325444698334,0.830735445022583,,
40f,40,40,46,test,Exploits,random,median,3,300,0.0600963793694973,0.07666666666666666,0.0695369690656662,0.830735445022583,,
40f,40,40,46,test,Exploits,random,median,5,300,0.11472403258085251,0.12333333333333334,0.11229413002729416,0.830735445022583,,
40f,40,40,46,test,Exploits,random,median,10,300,0.2337309718132019,0.24,0.20374420285224915,0.830735445022583,,
40f,40,40,46,test,Exploits,top,random_row,1,300,0.13957402110099792,0.17666666666666667,0.24407772719860077,0.830735445022583,,
40f,40,40,46,test,Exploits,top,random_row,3,300,0.3627323806285858,0.4633333333333333,0.3392493426799774,0.830735445022583,,
40f,40,40,46,test,Exploits,top,random_row,5,300,0.4575389623641968,0.5733333333333334,0.44590774178504944,0.830735445022583,,
40f,40,40,46,test,Exploits,top,random_row,10,300,0.5597501397132874,0.7033333333333334,0.6880396604537964,0.830735445022583,,
40f,40,40,46,test,Exploits,least,random_row,1,300,0.0,0.0,0.193472757935524,0.830735445022583,,
40f,40,40,46,test,Exploits,least,random_row,3,300,-0.001050820341333747,0.0,0.19377383589744568,0.830735445022583,,
40f,40,40,46,test,Exploits,least,random_row,5,300,-0.003953653387725353,0.0,0.19512684643268585,0.830735445022583,,
40f,40,40,46,test,Exploits,least,random_row,10,300,-0.00858258455991745,0.006666666666666667,0.19873249530792236,0.830735445022583,,
40f,40,40,46,test,Exploits,random,random_row,1,300,0.010279917158186436,0.013333333333333334,0.20162084698677063,0.830735445022583,,
40f,40,40,46,test,Exploits,random,random_row,3,300,0.027802152559161186,0.03333333333333333,0.2139306664466858,0.830735445022583,,
40f,40,40,46,test,Exploits,random,random_row,5,300,0.05348685756325722,0.06,0.23497602343559265,0.830735445022583,,
40f,40,40,46,test,Exploits,random,random_row,10,300,0.1225753054022789,0.14,0.31099578738212585,0.830735445022583,,
40f,40,40,46,test,Exploits,top_minus_random,median,1,300,0.22092734932899474,,,,0.19206572499871255,0.2530568057199319
40f,40,40,46,test,Exploits,top_minus_random,median,3,300,0.5523411190509796,,,,0.524648758560419,0.5812909873003761
40f,40,40,46,test,Exploits,top_minus_random,median,5,300,0.6022346954544385,,,,0.5711030461465318,0.6309805874427159
40f,40,40,46,test,Exploits,top_minus_random,median,10,300,0.5369738949338595,,,,0.5035120210622748,0.5682443871001402
40f,40,40,46,test,Exploits,top_minus_random,random_row,1,300,0.12929410099983216,,,,0.10371131947388251,0.15601103666921456
40f,40,40,46,test,Exploits,top_minus_random,random_row,3,300,0.334930220246315,,,,0.299227845552067,0.3677524624913931
40f,40,40,46,test,Exploits,top_minus_random,random_row,5,300,0.4040521344542503,,,,0.3686241993506749,0.439239441032211
40f,40,40,46,test,Exploits,top_minus_random,random_row,10,300,0.4371748704711596,,,,0.4046117746879657,0.4757559541588028
40f,40,40,46,test,Fuzzers,top,median,1,300,0.2079169750213623,0.27,0.019658423960208893,0.7271199226379395,,
40f,40,40,46,test,Fuzzers,top,median,3,300,0.4555971324443817,0.7166666666666667,0.05632975324988365,0.7271199226379395,,
40f,40,40,46,test,Fuzzers,top,median,5,300,0.5947227478027344,0.98,0.11605223268270493,0.7271199226379395,,
40f,40,40,46,test,Fuzzers,top,median,10,300,0.6963852643966675,1.0,0.4293104410171509,0.7271199226379395,,
40f,40,40,46,test,Fuzzers,least,median,1,300,0.0,0.0,0.005783434491604567,0.7271199226379395,,
40f,40,40,46,test,Fuzzers,least,median,3,300,0.0014524328289553523,0.0033333333333333335,0.005889690015465021,0.7271199226379395,,
40f,40,40,46,test,Fuzzers,least,median,5,300,0.013641848228871822,0.016666666666666666,0.006468047387897968,0.7271199226379395,,
40f,40,40,46,test,Fuzzers,least,median,10,300,0.051124315708875656,0.07333333333333333,0.010035868734121323,0.7271199226379395,,
40f,40,40,46,test,Fuzzers,random,median,1,300,0.02861710824072361,0.04666666666666667,0.00800736341625452,0.7271199226379395,,
40f,40,40,46,test,Fuzzers,random,median,3,300,0.09959597140550613,0.17333333333333334,0.014289352111518383,0.7271199226379395,,
40f,40,40,46,test,Fuzzers,random,median,5,300,0.16274920105934143,0.24666666666666667,0.02287927083671093,0.7271199226379395,,
40f,40,40,46,test,Fuzzers,random,median,10,300,0.30330225825309753,0.47333333333333333,0.06148061156272888,0.7271199226379395,,
40f,40,40,46,test,Fuzzers,top,random_row,1,300,0.2407679706811905,0.3433333333333333,0.17313970625400543,0.7271199226379395,,
40f,40,40,46,test,Fuzzers,top,random_row,3,300,0.464280903339386,0.6766666666666666,0.2288273125886917,0.7271199226379395,,
40f,40,40,46,test,Fuzzers,top,random_row,5,300,0.5546384453773499,0.82,0.27470123767852783,0.7271199226379395,,
40f,40,40,46,test,Fuzzers,top,random_row,10,300,0.6138198375701904,0.8833333333333333,0.3646741211414337,0.7271199226379395,,
40f,40,40,46,test,Fuzzers,least,random_row,1,300,0.0,0.0,0.1744699627161026,0.7271199226379395,,
40f,40,40,46,test,Fuzzers,least,random_row,3,300,0.0010451190173625946,0.0033333333333333335,0.1741281896829605,0.7271199226379395,,
40f,40,40,46,test,Fuzzers,least,random_row,5,300,0.011415478773415089,0.02,0.17354044318199158,0.7271199226379395,,
40f,40,40,46,test,Fuzzers,least,random_row,10,300,0.06860387325286865,0.11333333333333333,0.16911926865577698,0.7271199226379395,,
40f,40,40,46,test,Fuzzers,random,random_row,1,300,0.04104749858379364,0.06666666666666667,0.16964855790138245,0.7271199226379395,,
40f,40,40,46,test,Fuzzers,random,random_row,3,300,0.12006248533725739,0.19,0.1654096245765686,0.7271199226379395,,
40f,40,40,46,test,Fuzzers,random,random_row,5,300,0.19850456714630127,0.32666666666666666,0.16488125920295715,0.7271199226379395,,
40f,40,40,46,test,Fuzzers,random,random_row,10,300,0.325345516204834,0.5066666666666667,0.16896283626556396,0.7271199226379395,,
40f,40,40,46,test,Fuzzers,top_minus_random,median,1,300,0.17929986327886582,,,,0.1539852253124118,0.2058089870462815
40f,40,40,46,test,Fuzzers,top_minus_random,median,3,300,0.35600115021069845,,,,0.3265663345977664,0.3877899862652024
40f,40,40,46,test,Fuzzers,top_minus_random,median,5,300,0.4319735528031985,,,,0.404249191492796,0.4585183148185412
40f,40,40,46,test,Fuzzers,top_minus_random,median,10,300,0.3930830147862434,,,,0.36484791385134063,0.4206138112396002
40f,40,40,46,test,Fuzzers,top_minus_random,random_row,1,300,0.19972045570611954,,,,0.17137157538533213,0.23266681102166573
40f,40,40,46,test,Fuzzers,top_minus_random,random_row,3,300,0.34421841273705167,,,,0.3113731568257014,0.3752824735914667
40f,40,40,46,test,Fuzzers,top_minus_random,random_row,5,300,0.35613389760255815,,,,0.3246188703601559,0.38723013473302126
40f,40,40,46,test,Fuzzers,top_minus_random,random_row,10,300,0.28847433278958,,,,0.2583281691422065,0.31975730519245066
40f,40,40,46,test,Generic,top,median,1,300,0.17326012253761292,0.08,0.02092939056456089,0.9828747510910034,,
40f,40,40,46,test,Generic,top,median,3,300,0.907343864440918,1.0,0.6540040969848633,0.9828747510910034,,
40f,40,40,46,test,Generic,top,median,5,300,0.9789351224899292,1.0,0.884075939655304,0.9828747510910034,,
40f,40,40,46,test,Generic,top,median,10,300,0.9804927706718445,1.0,0.9286569356918335,0.9828747510910034,,
40f,40,40,46,test,Generic,least,median,1,300,0.0,0.0,0.002523259026929736,0.9828747510910034,,
40f,40,40,46,test,Generic,least,median,3,300,0.0,0.0,0.002523259026929736,0.9828747510910034,,
40f,40,40,46,test,Generic,least,median,5,300,0.0002627420471981168,0.0,0.0026381127536296844,0.9828747510910034,,
40f,40,40,46,test,Generic,least,median,10,300,0.004813676699995995,0.01,0.004479032941162586,0.9828747510910034,,
40f,40,40,46,test,Generic,random,median,1,300,0.011473051272332668,0.013333333333333334,0.003581747179850936,0.9828747510910034,,
40f,40,40,46,test,Generic,random,median,3,300,0.05515439808368683,0.04666666666666667,0.007422388531267643,0.9828747510910034,,
40f,40,40,46,test,Generic,random,median,5,300,0.10815870016813278,0.09666666666666666,0.012906196527183056,0.9828747510910034,,
40f,40,40,46,test,Generic,random,median,10,300,0.29326915740966797,0.25666666666666665,0.053508173674345016,0.9828747510910034,,
40f,40,40,46,test,Generic,top,random_row,1,300,0.15468332171440125,0.07666666666666666,0.1202138289809227,0.9828747510910034,,
40f,40,40,46,test,Generic,top,random_row,3,300,0.769059419631958,0.8266666666666667,0.5397316217422485,0.9828747510910034,,
40f,40,40,46,test,Generic,top,random_row,5,300,0.9153278470039368,0.95,0.7761829495429993,0.9828747510910034,,
40f,40,40,46,test,Generic,top,random_row,10,300,0.923699140548706,0.95,0.8882898688316345,0.9828747510910034,,
40f,40,40,46,test,Generic,least,random_row,1,300,0.0,0.0,0.06588620692491531,0.9828747510910034,,
40f,40,40,46,test,Generic,least,random_row,3,300,5.416075623543293e-07,0.0,0.06589099019765854,0.9828747510910034,,
40f,40,40,46,test,Generic,least,random_row,5,300,0.0006076295976527035,0.0,0.06598340719938278,0.9828747510910034,,
40f,40,40,46,test,Generic,least,random_row,10,300,0.005727594718337059,0.006666666666666667,0.0659589096903801,0.9828747510910034,,
40f,40,40,46,test,Generic,random,random_row,1,300,0.008982607163488865,0.006666666666666667,0.06659653782844543,0.9828747510910034,,
40f,40,40,46,test,Generic,random,random_row,3,300,0.03999008983373642,0.03,0.06914101541042328,0.9828747510910034,,
40f,40,40,46,test,Generic,random,random_row,5,300,0.08142641931772232,0.06666666666666667,0.07960393279790878,0.9828747510910034,,
40f,40,40,46,test,Generic,random,random_row,10,300,0.23433369398117065,0.18,0.12346825003623962,0.9828747510910034,,
40f,40,40,46,test,Generic,top_minus_random,median,1,300,0.161787056128184,,,,0.13886301775525015,0.1836625474716226
40f,40,40,46,test,Generic,top_minus_random,median,3,300,0.852189424932003,,,,0.8320952835902572,0.8719679074759284
40f,40,40,46,test,Generic,top_minus_random,median,5,300,0.8707764756679535,,,,0.8431297560234865,0.8971490643545985
40f,40,40,46,test,Generic,top_minus_random,median,10,300,0.6872236596544584,,,,0.6488647208114465,0.7277674651145936
40f,40,40,46,test,Generic,top_minus_random,random_row,1,300,0.1457007090250651,,,,0.12395939191927514,0.1669087086667617
40f,40,40,46,test,Generic,top_minus_random,random_row,3,300,0.7290693086385727,,,,0.6978301923349499,0.7619062754685679
40f,40,40,46,test,Generic,top_minus_random,random_row,5,300,0.8339015156030655,,,,0.8025341519241532,0.8648216703608632
40f,40,40,46,test,Generic,top_minus_random,random_row,10,300,0.6893653909365336,,,,0.6481233885561426,0.7313861716464162
40f,40,40,46,test,Normal,top,median,1,300,0.08375513553619385,0.09666666666666666,0.965032160282135,0.9404335618019104,,
40f,40,40,46,test,Normal,top,median,3,300,0.14662885665893555,0.15333333333333332,0.9461216330528259,0.9404335618019104,,
40f,40,40,46,test,Normal,top,median,5,300,0.23831889033317566,0.2966666666666667,0.9460532665252686,0.9404335618019104,,
40f,40,40,46,test,Normal,top,median,10,300,0.37189289927482605,0.45666666666666667,0.9522630572319031,0.9404335618019104,,
40f,40,40,46,test,Normal,least,median,1,300,0.0,0.0,0.9385564923286438,0.9404335618019104,,
40f,40,40,46,test,Normal,least,median,3,300,3.987153377238428e-06,0.0,0.9382478594779968,0.9404335618019104,,
40f,40,40,46,test,Normal,least,median,5,300,-0.0004046290123369545,0.0033333333333333335,0.9305230975151062,0.9404335618019104,,
40f,40,40,46,test,Normal,least,median,10,300,-0.0004750833904836327,0.013333333333333334,0.8795732855796814,0.9404335618019104,,
40f,40,40,46,test,Normal,random,median,1,300,0.005654551088809967,0.01,0.9223700165748596,0.9404335618019104,,
40f,40,40,46,test,Normal,random,median,3,300,0.01869305595755577,0.03333333333333333,0.9013230204582214,0.9404335618019104,,
40f,40,40,46,test,Normal,random,median,5,300,0.026875782757997513,0.056666666666666664,0.873533308506012,0.9404335618019104,,
40f,40,40,46,test,Normal,random,median,10,300,0.06511399149894714,0.08666666666666667,0.8391231298446655,0.9404335618019104,,
40f,40,40,46,test,Normal,top,random_row,1,300,0.08955895900726318,0.11666666666666667,0.5568657517433167,0.9404335618019104,,
40f,40,40,46,test,Normal,top,random_row,3,300,0.32430800795555115,0.37,0.7354815006256104,0.9404335618019104,,
40f,40,40,46,test,Normal,top,random_row,5,300,0.4278891980648041,0.49,0.7878465056419373,0.9404335618019104,,
40f,40,40,46,test,Normal,top,random_row,10,300,0.5599719285964966,0.64,0.8809599876403809,0.9404335618019104,,
40f,40,40,46,test,Normal,least,random_row,1,300,0.0,0.0,0.5060020089149475,0.9404335618019104,,
40f,40,40,46,test,Normal,least,random_row,3,300,-1.602470911166165e-05,0.0,0.5060173273086548,0.9404335618019104,,
40f,40,40,46,test,Normal,least,random_row,5,300,0.001244126819074154,0.01,0.5046353936195374,0.9404335618019104,,
40f,40,40,46,test,Normal,least,random_row,10,300,0.017030872404575348,0.04666666666666667,0.5000333786010742,0.9404335618019104,,
40f,40,40,46,test,Normal,random,random_row,1,300,0.0023906580172479153,0.01,0.5086102485656738,0.9404335618019104,,
40f,40,40,46,test,Normal,random,random_row,3,300,0.02408963069319725,0.043333333333333335,0.5251384973526001,0.9404335618019104,,
40f,40,40,46,test,Normal,random,random_row,5,300,0.04008377715945244,0.06333333333333334,0.5296415090560913,0.9404335618019104,,
40f,40,40,46,test,Normal,random,random_row,10,300,0.10766243934631348,0.11666666666666667,0.5689682364463806,0.9404335618019104,,
40f,40,40,46,test,Normal,top_minus_random,median,1,300,0.07810058424870173,,,,0.0618581612855196,0.09642440419892469
40f,40,40,46,test,Normal,top_minus_random,median,3,300,0.12793578386306761,,,,0.10635801974932353,0.15060865527391434
40f,40,40,46,test,Normal,top_minus_random,median,5,300,0.21144310921430587,,,,0.18094687522451083,0.24017208223293224
40f,40,40,46,test,Normal,top_minus_random,median,10,300,0.3067789175113042,,,,0.2762072813138366,0.3376095934137702
40f,40,40,46,test,Normal,top_minus_random,random_row,1,300,0.08716830690701803,,,,0.07018640916794538,0.10524605889370044
40f,40,40,46,test,Normal,top_minus_random,random_row,3,300,0.30021838237841925,,,,0.26394313203791775,0.3371816337133447
40f,40,40,46,test,Normal,top_minus_random,random_row,5,300,0.38780539959669114,,,,0.3466887454216679,0.42970222097883626
40f,40,40,46,test,Normal,top_minus_random,random_row,10,300,0.45230944037437437,,,,0.40809679466982685,0.49430029296875
40f,40,40,46,test,Overlap-Group-1,top,median,1,300,0.15821264684200287,0.20666666666666667,0.44917115569114685,0.6099218726158142,,
40f,40,40,46,test,Overlap-Group-1,top,median,3,300,0.4802318215370178,0.9433333333333334,0.5730645060539246,0.6099218726158142,,
40f,40,40,46,test,Overlap-Group-1,top,median,5,300,0.5377649664878845,0.9766666666666667,0.6041082739830017,0.6099218726158142,,
40f,40,40,46,test,Overlap-Group-1,top,median,10,300,0.5558221340179443,0.99,0.636430025100708,0.6099218726158142,,
40f,40,40,46,test,Overlap-Group-1,least,median,1,300,0.0,0.0,0.02797769196331501,0.6099218726158142,,
40f,40,40,46,test,Overlap-Group-1,least,median,3,300,0.0,0.0,0.02797769196331501,0.6099218726158142,,
40f,40,40,46,test,Overlap-Group-1,least,median,5,300,-0.003703567897900939,0.0,0.03142355754971504,0.6099218726158142,,
40f,40,40,46,test,Overlap-Group-1,least,median,10,300,0.0031477133743464947,0.0033333333333333335,0.06169285997748375,0.6099218726158142,,
40f,40,40,46,test,Overlap-Group-1,random,median,1,300,0.021491901949048042,0.056666666666666664,0.051007941365242004,0.6099218726158142,,
40f,40,40,46,test,Overlap-Group-1,random,median,3,300,0.05103546380996704,0.12333333333333334,0.0781349465250969,0.6099218726158142,,
40f,40,40,46,test,Overlap-Group-1,random,median,5,300,0.08761972934007645,0.18666666666666668,0.121755450963974,0.6099218726158142,,
40f,40,40,46,test,Overlap-Group-1,random,median,10,300,0.157430037856102,0.3333333333333333,0.2098204791545868,0.6099218726158142,,
40f,40,40,46,test,Overlap-Group-1,top,random_row,1,300,0.16282440721988678,0.2,0.14582335948944092,0.6099218726158142,,
40f,40,40,46,test,Overlap-Group-1,top,random_row,3,300,0.43785569071769714,0.8866666666666667,0.21302080154418945,0.6099218726158142,,
40f,40,40,46,test,Overlap-Group-1,top,random_row,5,300,0.5190150737762451,0.9433333333333334,0.2835105061531067,0.6099218726158142,,
40f,40,40,46,test,Overlap-Group-1,top,random_row,10,300,0.5504246950149536,0.9566666666666667,0.5169544219970703,0.6099218726158142,,
40f,40,40,46,test,Overlap-Group-1,least,random_row,1,300,0.0,0.0,0.09423617273569107,0.6099218726158142,,
40f,40,40,46,test,Overlap-Group-1,least,random_row,3,300,2.453386696288362e-05,0.0,0.09423622488975525,0.6099218726158142,,
40f,40,40,46,test,Overlap-Group-1,least,random_row,5,300,-0.0048023066483438015,0.0,0.09396342933177948,0.6099218726158142,,
40f,40,40,46,test,Overlap-Group-1,least,random_row,10,300,-0.027768421918153763,0.016666666666666666,0.0966755822300911,0.6099218726158142,,
40f,40,40,46,test,Overlap-Group-1,random,random_row,1,300,0.01939055509865284,0.043333333333333335,0.09571655094623566,0.6099218726158142,,
40f,40,40,46,test,Overlap-Group-1,random,random_row,3,300,0.05891651287674904,0.12666666666666668,0.10129854828119278,0.6099218726158142,,
40f,40,40,46,test,Overlap-Group-1,random,random_row,5,300,0.10524898767471313,0.24666666666666667,0.10549300163984299,0.6099218726158142,,
40f,40,40,46,test,Overlap-Group-1,random,random_row,10,300,0.19879864156246185,0.4066666666666667,0.144583597779274,0.6099218726158142,,
40f,40,40,46,test,Overlap-Group-1,top_minus_random,median,1,300,0.13672075589497884,,,,0.1170063396592935,0.1546742134615779
40f,40,40,46,test,Overlap-Group-1,top_minus_random,median,3,300,0.42919639388720193,,,,0.40875026894360783,0.4508772954195738
40f,40,40,46,test,Overlap-Group-1,top_minus_random,median,5,300,0.45014524201552075,,,,0.4276232609997193,0.47126671419292687
40f,40,40,46,test,Overlap-Group-1,top_minus_random,median,10,300,0.3983920693397522,,,,0.37284169028202696,0.4238053718532125
40f,40,40,46,test,Overlap-Group-1,top_minus_random,random_row,1,300,0.1434338558713595,,,,0.12525912616650264,0.16212322689344486
40f,40,40,46,test,Overlap-Group-1,top_minus_random,random_row,3,300,0.37893916974465053,,,,0.35702163171768186,0.40199338469405965
40f,40,40,46,test,Overlap-Group-1,top_minus_random,random_row,5,300,0.4137661408384641,,,,0.3867081255714099,0.43757917651037376
40f,40,40,46,test,Overlap-Group-1,top_minus_random,random_row,10,300,0.3516260491808256,,,,0.32431806154797477,0.37953006490816676
40f,40,40,46,test,Reconnaissance,top,median,1,300,0.597484827041626,0.4633333333333333,0.02165641076862812,0.9070770144462585,,
40f,40,40,46,test,Reconnaissance,top,median,3,300,0.8469647169113159,1.0,0.1778603196144104,0.9070770144462585,,
40f,40,40,46,test,Reconnaissance,top,median,5,300,0.8940622806549072,1.0,0.6828327178955078,0.9070770144462585,,
40f,40,40,46,test,Reconnaissance,top,median,10,300,0.9021639227867126,1.0,0.8935189843177795,0.9070770144462585,,
40f,40,40,46,test,Reconnaissance,least,median,1,300,0.0,0.0,0.0023312941193580627,0.9070770144462585,,
40f,40,40,46,test,Reconnaissance,least,median,3,300,0.0,0.0,0.0023312941193580627,0.9070770144462585,,
40f,40,40,46,test,Reconnaissance,least,median,5,300,-3.04424756905064e-05,0.0,0.002323115710169077,0.9070770144462585,,
40f,40,40,46,test,Reconnaissance,least,median,10,300,0.004889978561550379,0.01,0.0028507444076240063,0.9070770144462585,,
40f,40,40,46,test,Reconnaissance,random,median,1,300,0.0385221466422081,0.04666666666666667,0.004151682835072279,0.9070770144462585,,
40f,40,40,46,test,Reconnaissance,random,median,3,300,0.09672992676496506,0.10333333333333333,0.00808066874742508,0.9070770144462585,,
40f,40,40,46,test,Reconnaissance,random,median,5,300,0.1737993210554123,0.18,0.015512561425566673,0.9070770144462585,,
40f,40,40,46,test,Reconnaissance,random,median,10,300,0.3714313209056854,0.38,0.038225121796131134,0.9070770144462585,,
40f,40,40,46,test,Reconnaissance,top,random_row,1,300,0.4969545900821686,0.4266666666666667,0.08244764059782028,0.9070770144462585,,
40f,40,40,46,test,Reconnaissance,top,random_row,3,300,0.8371161818504333,0.95,0.1740739941596985,0.9070770144462585,,
40f,40,40,46,test,Reconnaissance,top,random_row,5,300,0.860491156578064,0.96,0.27065786719322205,0.9070770144462585,,
40f,40,40,46,test,Reconnaissance,top,random_row,10,300,0.8622615337371826,0.9633333333333334,0.4601696729660034,0.9070770144462585,,
40f,40,40,46,test,Reconnaissance,least,random_row,1,300,0.0,0.0,0.06858213990926743,0.9070770144462585,,
40f,40,40,46,test,Reconnaissance,least,random_row,3,300,0.0010482871439307928,0.0,0.06858234107494354,0.9070770144462585,,
40f,40,40,46,test,Reconnaissance,least,random_row,5,300,0.000585922272875905,0.0033333333333333335,0.06832484900951385,0.9070770144462585,,
40f,40,40,46,test,Reconnaissance,least,random_row,10,300,0.056137364357709885,0.09,0.0681111142039299,0.9070770144462585,,
40f,40,40,46,test,Reconnaissance,random,random_row,1,300,0.046149205416440964,0.06333333333333334,0.06898217648267746,0.9070770144462585,,
40f,40,40,46,test,Reconnaissance,random,random_row,3,300,0.11980149894952774,0.12666666666666668,0.06952087581157684,0.9070770144462585,,
40f,40,40,46,test,Reconnaissance,random,random_row,5,300,0.22053344547748566,0.23666666666666666,0.07396283745765686,0.9070770144462585,,
40f,40,40,46,test,Reconnaissance,random,random_row,10,300,0.4544874131679535,0.49,0.07306946814060211,0.9070770144462585,,
40f,40,40,46,test,Reconnaissance,top_minus_random,median,1,300,0.5589627033472061,,,,0.5364543344924847,0.5816622440169255
40f,40,40,46,test,Reconnaissance,top_minus_random,median,3,300,0.7502347682913144,,,,0.7231363860641916,0.778449848604699
40f,40,40,46,test,Reconnaissance,top_minus_random,median,5,300,0.7202629487713178,,,,0.6850106329595049,0.7557853498011827
40f,40,40,46,test,Reconnaissance,top_minus_random,median,10,300,0.5307326290011406,,,,0.4891694401477774,0.5708726715122661
40f,40,40,46,test,Reconnaissance,top_minus_random,random_row,1,300,0.4508053915699323,,,,0.4171734288310011,0.48379915391653777
40f,40,40,46,test,Reconnaissance,top_minus_random,random_row,3,300,0.7173146470387777,,,,0.6836763210172454,0.7517451783145467
40f,40,40,46,test,Reconnaissance,top_minus_random,random_row,5,300,0.6399576153357823,,,,0.5992230253567298,0.679245648868382
40f,40,40,46,test,Reconnaissance,top_minus_random,random_row,10,300,0.40777412364880244,,,,0.36540089816600085,0.4487727396811048
40f,40,40,46,test,Unknown,top,median,1,200,0.14971840381622314,0.67,0.3020385801792145,0.44113609194755554,,
40f,40,40,46,test,Unknown,top,median,3,200,0.3109873831272125,0.965,0.4016771614551544,0.44113609194755554,,
40f,40,40,46,test,Unknown,top,median,5,200,0.361289381980896,0.985,0.4764977693557739,0.44113609194755554,,
40f,40,40,46,test,Unknown,top,median,10,200,0.39010894298553467,0.995,0.5915592312812805,0.44113609194755554,,
40f,40,40,46,test,Unknown,least,median,1,200,0.0,0.0,0.23337116837501526,0.44113609194755554,,
40f,40,40,46,test,Unknown,least,median,3,200,-0.00022245466243475676,0.0,0.23350074887275696,0.44113609194755554,,
40f,40,40,46,test,Unknown,least,median,5,200,-0.0009369280887767673,0.05,0.2309378683567047,0.44113609194755554,,
40f,40,40,46,test,Unknown,least,median,10,200,0.010471000336110592,0.305,0.22887307405471802,0.44113609194755554,,
40f,40,40,46,test,Unknown,random,median,1,200,0.02079864591360092,0.225,0.23968642950057983,0.44113609194755554,,
40f,40,40,46,test,Unknown,random,median,3,200,0.042970266193151474,0.415,0.2437969148159027,0.44113609194755554,,
40f,40,40,46,test,Unknown,random,median,5,200,0.06620888411998749,0.52,0.256426602602005,0.44113609194755554,,
40f,40,40,46,test,Unknown,random,median,10,200,0.11632268130779266,0.65,0.2594737112522125,0.44113609194755554,,
40f,40,40,46,test,Unknown,top,random_row,1,200,0.17192760109901428,0.645,0.18314190208911896,0.44113609194755554,,
40f,40,40,46,test,Unknown,top,random_row,3,200,0.30692923069000244,0.89,0.220683753490448,0.44113609194755554,,
40f,40,40,46,test,Unknown,top,random_row,5,200,0.3500218093395233,0.925,0.26549217104911804,0.44113609194755554,,
40f,40,40,46,test,Unknown,top,random_row,10,200,0.36763137578964233,0.955,0.4074186086654663,0.44113609194755554,,
40f,40,40,46,test,Unknown,least,random_row,1,200,0.0,0.0,0.1665935516357422,0.44113609194755554,,
40f,40,40,46,test,Unknown,least,random_row,3,200,0.000252887315582484,0.005,0.16654102504253387,0.44113609194755554,,
40f,40,40,46,test,Unknown,least,random_row,5,200,-0.003917386289685965,0.06,0.16816890239715576,0.44113609194755554,,
40f,40,40,46,test,Unknown,least,random_row,10,200,0.025496449321508408,0.33,0.17066068947315216,0.44113609194755554,,
40f,40,40,46,test,Unknown,random,random_row,1,200,0.02223379537463188,0.25,0.16934539377689362,0.44113609194755554,,
40f,40,40,46,test,Unknown,random,random_row,3,200,0.04933571815490723,0.44,0.16760016977787018,0.44113609194755554,,
40f,40,40,46,test,Unknown,random,random_row,5,200,0.07137186825275421,0.505,0.1801435351371765,0.44113609194755554,,
40f,40,40,46,test,Unknown,random,random_row,10,200,0.1313854157924652,0.645,0.18659080564975739,0.44113609194755554,,
40f,40,40,46,test,Unknown,top_minus_random,median,1,200,0.1289197538793087,,,,0.10641690240241587,0.15451538776978851
40f,40,40,46,test,Unknown,top_minus_random,median,3,200,0.2680171053111553,,,,0.24306469911895692,0.29537300893664364
40f,40,40,46,test,Unknown,top_minus_random,median,5,200,0.29508051365613935,,,,0.2677259085383266,0.32283168155141173
40f,40,40,46,test,Unknown,top_minus_random,median,10,200,0.2737862852960825,,,,0.2420391933936626,0.3049594242013991
40f,40,40,46,test,Unknown,top_minus_random,random_row,1,200,0.14969380393624307,,,,0.12735755668208004,0.17781468863412736
40f,40,40,46,test,Unknown,top_minus_random,random_row,3,200,0.25759353578090666,,,,0.22933657625317574,0.2850020625833422
40f,40,40,46,test,Unknown,top_minus_random,random_row,5,200,0.27864994160830975,,,,0.2462080028243363,0.3085830578282475
40f,40,40,46,test,Unknown,top_minus_random,random_row,10,200,0.2362459570914507,,,,0.2027739761285484,0.2709277002755553
40f,40,40,46,validation,all,top,median,1,1868,0.22352494299411774,0.25321199143468953,0.31046921014785767,0.7920778393745422,,
40f,40,40,46,validation,all,top,median,3,1868,0.5220261216163635,0.7810492505353319,0.4866413474082947,0.7920778393745422,,
40f,40,40,46,validation,all,top,median,5,1868,0.6076552271842957,0.8645610278372591,0.6312574148178101,0.7920778393745422,,
40f,40,40,46,validation,all,top,median,10,1868,0.658155620098114,0.8923982869379015,0.7502354979515076,0.7920778393745422,,
40f,40,40,46,validation,all,least,median,1,1868,0.0,0.0,0.17435842752456665,0.7920778393745422,,
40f,40,40,46,validation,all,least,median,3,1868,2.0087691154913045e-05,0.0,0.17437763512134552,0.7920778393745422,,
40f,40,40,46,validation,all,least,median,5,1868,0.0006596801104024053,0.005888650963597431,0.17340092360973358,0.7920778393745422,,
40f,40,40,46,validation,all,least,median,10,1868,0.008369823917746544,0.035331905781584586,0.17338193953037262,0.7920778393745422,,
40f,40,40,46,validation,all,random,median,1,1868,0.017342163249850273,0.03747323340471092,0.1801946461200714,0.7920778393745422,,
40f,40,40,46,validation,all,random,median,3,1868,0.058724552392959595,0.10974304068522484,0.19499421119689941,0.7920778393745422,,
40f,40,40,46,validation,all,random,median,5,1868,0.10070721060037613,0.1632762312633833,0.21298503875732422,0.7920778393745422,,
40f,40,40,46,validation,all,random,median,10,1868,0.2040654569864273,0.3029978586723769,0.25261813402175903,0.7920778393745422,,
40f,40,40,46,validation,all,top,random_row,1,1868,0.20047003030776978,0.24518201284796573,0.2217414677143097,0.7920778393745422,,
40f,40,40,46,validation,all,top,random_row,3,1868,0.4953763484954834,0.7119914346895075,0.36403170228004456,0.7920778393745422,,
40f,40,40,46,validation,all,top,random_row,5,1868,0.5822386741638184,0.7960385438972163,0.4565275013446808,0.7920778393745422,,
40f,40,40,46,validation,all,top,random_row,10,1868,0.6323121786117554,0.8394004282655246,0.6166298985481262,0.7920778393745422,,
40f,40,40,46,validation,all,least,random_row,1,1868,0.0,0.0,0.18479955196380615,0.7920778393745422,,
40f,40,40,46,validation,all,least,random_row,3,1868,0.0003688982396852225,0.0016059957173447537,0.18458746373653412,0.7920778393745422,,
40f,40,40,46,validation,all,least,random_row,5,1868,0.00028689016471616924,0.008029978586723769,0.18407045304775238,0.7920778393745422,,
40f,40,40,46,validation,all,least,random_row,10,1868,0.009348191320896149,0.05513918629550321,0.18487294018268585,0.7920778393745422,,
40f,40,40,46,validation,all,random,random_row,1,1868,0.02145683951675892,0.04229122055674518,0.18768303096294403,0.7920778393745422,,
40f,40,40,46,validation,all,random,random_row,3,1868,0.06500260531902313,0.1311563169164882,0.19619256258010864,0.7920778393745422,,
40f,40,40,46,validation,all,random,random_row,5,1868,0.10862841457128525,0.18950749464668093,0.20390969514846802,0.7920778393745422,,
40f,40,40,46,validation,all,random,random_row,10,1868,0.2183552384376526,0.33244111349036404,0.2397356927394867,0.7920778393745422,,
40f,40,40,46,validation,all,top_minus_random,median,1,1868,0.2061827798200496,,,,0.19402800671740314,0.21915273334815044
40f,40,40,46,validation,all,top_minus_random,median,3,1868,0.46330155146645274,,,,0.44906580330249585,0.4767920456617289
40f,40,40,46,validation,all,top_minus_random,median,5,1868,0.5069480374519268,,,,0.49132764039768556,0.5227815991131952
40f,40,40,46,validation,all,top_minus_random,median,10,1868,0.4540901685520464,,,,0.4400878684607193,0.46766724853878106
40f,40,40,46,validation,all,top_minus_random,random_row,1,1868,0.17901320367796264,,,,0.16695218431270767,0.1908923580955387
40f,40,40,46,validation,all,top_minus_random,random_row,3,1868,0.43037374434111203,,,,0.41467816010556274,0.44595981385734335
40f,40,40,46,validation,all,top_minus_random,random_row,5,1868,0.47361024211477926,,,,0.4578271539889802,0.49020200106624423
40f,40,40,46,validation,all,top_minus_random,random_row,10,1868,0.4139569836570951,,,,0.3974825681773527,0.4287844460641036
40f,40,40,46,validation,Exploits,top,median,1,300,0.1989389955997467,0.21,0.11430427432060242,0.8651818633079529,,
40f,40,40,46,validation,Exploits,top,median,3,300,0.624312162399292,0.8333333333333334,0.5126710534095764,0.8651818633079529,,
40f,40,40,46,validation,Exploits,top,median,5,300,0.7370079159736633,0.9833333333333333,0.650905966758728,0.8651818633079529,,
40f,40,40,46,validation,Exploits,top,median,10,300,0.8095018863677979,0.9966666666666667,0.8218589425086975,0.8651818633079529,,
40f,40,40,46,validation,Exploits,least,median,1,300,0.0,0.0,0.022827835753560066,0.8651818633079529,,
40f,40,40,46,validation,Exploits,least,median,3,300,0.00025736630777828395,0.0,0.022919123992323875,0.8651818633079529,,
40f,40,40,46,validation,Exploits,least,median,5,300,0.0016315820394083858,0.0,0.02334137074649334,0.8651818633079529,,
40f,40,40,46,validation,Exploits,least,median,10,300,0.00618168106302619,0.006666666666666667,0.02841859869658947,0.8651818633079529,,
40f,40,40,46,validation,Exploits,random,median,1,300,0.01948752999305725,0.03,0.03656535595655441,0.8651818633079529,,
40f,40,40,46,validation,Exploits,random,median,3,300,0.05925432965159416,0.06333333333333334,0.0688031017780304,0.8651818633079529,,
40f,40,40,46,validation,Exploits,random,median,5,300,0.12148954719305038,0.13,0.12311935424804688,0.8651818633079529,,
40f,40,40,46,validation,Exploits,random,median,10,300,0.23248662054538727,0.24333333333333335,0.20046325027942657,0.8651818633079529,,
40f,40,40,46,validation,Exploits,top,random_row,1,300,0.110230952501297,0.11,0.29761195182800293,0.8651818633079529,,
40f,40,40,46,validation,Exploits,top,random_row,3,300,0.3495247960090637,0.43,0.405989408493042,0.8651818633079529,,
40f,40,40,46,validation,Exploits,top,random_row,5,300,0.4366007447242737,0.52,0.5011281371116638,0.8651818633079529,,
40f,40,40,46,validation,Exploits,top,random_row,10,300,0.5387440919876099,0.6133333333333333,0.7146121263504028,0.8651818633079529,,
40f,40,40,46,validation,Exploits,least,random_row,1,300,0.0,0.0,0.2383134663105011,0.8651818633079529,,
40f,40,40,46,validation,Exploits,least,random_row,3,300,-0.00040638307109475136,0.0,0.23649589717388153,0.8651818633079529,,
40f,40,40,46,validation,Exploits,least,random_row,5,300,-0.0008327076793648303,0.0,0.23781290650367737,0.8651818633079529,,
40f,40,40,46,validation,Exploits,least,random_row,10,300,0.003989004995673895,0.0033333333333333335,0.24627508223056793,0.8651818633079529,,
40f,40,40,46,validation,Exploits,random,random_row,1,300,0.004287613555788994,0.0033333333333333335,0.2436562329530716,0.8651818633079529,,
40f,40,40,46,validation,Exploits,random,random_row,3,300,0.021134741604328156,0.02,0.2658795714378357,0.8651818633079529,,
40f,40,40,46,validation,Exploits,random,random_row,5,300,0.049603208899497986,0.06333333333333334,0.2854160666465759,0.8651818633079529,,
40f,40,40,46,validation,Exploits,random,random_row,10,300,0.12182914465665817,0.12666666666666668,0.36589840054512024,0.8651818633079529,,
40f,40,40,46,validation,Exploits,top_minus_random,median,1,300,0.17945146004358928,,,,0.14662427978714307,0.2135050190438827
40f,40,40,46,validation,Exploits,top_minus_random,median,3,300,0.5650578167041143,,,,0.5352506491219005,0.5946449928109844
40f,40,40,46,validation,Exploits,top_minus_random,median,5,300,0.6155183433492979,,,,0.5832661840418975,0.6450674347331127
40f,40,40,46,validation,Exploits,top_minus_random,median,10,300,0.5770152560869852,,,,0.544479595720768,0.61163911079367
40f,40,40,46,validation,Exploits,top_minus_random,random_row,1,300,0.1059433384736379,,,,0.0828100848942995,0.13007759506752092
40f,40,40,46,validation,Exploits,top_minus_random,random_row,3,300,0.32839006930589676,,,,0.2932791163052122,0.3657783443331718
40f,40,40,46,validation,Exploits,top_minus_random,random_row,5,300,0.38699753959973654,,,,0.35024646371851365,0.422220485975345
40f,40,40,46,validation,Exploits,top_minus_random,random_row,10,300,0.4169149752457937,,,,0.38085009799897673,0.4546281947220365
40f,40,40,46,validation,Fuzzers,top,median,1,300,0.25719285011291504,0.26666666666666666,0.02416829578578472,0.7781520485877991,,
40f,40,40,46,validation,Fuzzers,top,median,3,300,0.5218157172203064,0.7433333333333333,0.07182756066322327,0.7781520485877991,,
40f,40,40,46,validation,Fuzzers,top,median,5,300,0.6488537192344666,0.9666666666666667,0.1389664262533188,0.7781520485877991,,
40f,40,40,46,validation,Fuzzers,top,median,10,300,0.7488976120948792,1.0,0.4502379298210144,0.7781520485877991,,
40f,40,40,46,validation,Fuzzers,least,median,1,300,0.0,0.0,0.005783434491604567,0.7781520485877991,,
40f,40,40,46,validation,Fuzzers,least,median,3,300,0.00012709060683846474,0.0,0.005816991440951824,0.7781520485877991,,
40f,40,40,46,validation,Fuzzers,least,median,5,300,0.00880653690546751,0.01,0.006471967790275812,0.7781520485877991,,
40f,40,40,46,validation,Fuzzers,least,median,10,300,0.040999364107847214,0.06666666666666667,0.010393375530838966,0.7781520485877991,,
40f,40,40,46,validation,Fuzzers,random,median,1,300,0.03734475001692772,0.05,0.009017394855618477,0.7781520485877991,,
40f,40,40,46,validation,Fuzzers,random,median,3,300,0.10786758363246918,0.16,0.01632356084883213,0.7781520485877991,,
40f,40,40,46,validation,Fuzzers,random,median,5,300,0.1700860559940338,0.21666666666666667,0.02788320556282997,0.7781520485877991,,
40f,40,40,46,validation,Fuzzers,random,median,10,300,0.31866368651390076,0.44,0.05855932831764221,0.7781520485877991,,
40f,40,40,46,validation,Fuzzers,top,random_row,1,300,0.3007485866546631,0.37,0.15267151594161987,0.7781520485877991,,
40f,40,40,46,validation,Fuzzers,top,random_row,3,300,0.5563062429428101,0.7666666666666667,0.20052438974380493,0.7781520485877991,,
40f,40,40,46,validation,Fuzzers,top,random_row,5,300,0.6384197473526001,0.8766666666666667,0.262248158454895,0.7781520485877991,,
40f,40,40,46,validation,Fuzzers,top,random_row,10,300,0.6951155662536621,0.9266666666666666,0.3907735347747803,0.7781520485877991,,
40f,40,40,46,validation,Fuzzers,least,random_row,1,300,0.0,0.0,0.13642224669456482,0.7781520485877991,,
40f,40,40,46,validation,Fuzzers,least,random_row,3,300,0.0019414008129388094,0.0033333333333333335,0.13650202751159668,0.7781520485877991,,
40f,40,40,46,validation,Fuzzers,least,random_row,5,300,0.010468228720128536,0.02,0.13483744859695435,0.7781520485877991,,
40f,40,40,46,validation,Fuzzers,least,random_row,10,300,0.05497262254357338,0.08,0.13658805191516876,0.7781520485877991,,
40f,40,40,46,validation,Fuzzers,random,random_row,1,300,0.05523427203297615,0.07666666666666666,0.13705097138881683,0.7781520485877991,,
40f,40,40,46,validation,Fuzzers,random,random_row,3,300,0.13099123537540436,0.22,0.1371527910232544,0.7781520485877991,,
40f,40,40,46,validation,Fuzzers,random,random_row,5,300,0.200999915599823,0.2866666666666667,0.13725316524505615,0.7781520485877991,,
40f,40,40,46,validation,Fuzzers,random,random_row,10,300,0.3549635410308838,0.4866666666666667,0.14580202102661133,0.7781520485877991,,
40f,40,40,46,validation,Fuzzers,top_minus_random,median,1,300,0.21984811007976532,,,,0.19020861877004305,0.25007528057694434
40f,40,40,46,validation,Fuzzers,top_minus_random,median,3,300,0.4139481934905052,,,,0.3837867733935515,0.4446448686321577
40f,40,40,46,validation,Fuzzers,top_minus_random,median,5,300,0.4787676241993904,,,,0.4482693210095167,0.506444440163672
40f,40,40,46,validation,Fuzzers,top_minus_random,median,10,300,0.43023393442233404,,,,0.39930049432317416,0.46036568412184714
40f,40,40,46,validation,Fuzzers,top_minus_random,random_row,1,300,0.2455143036444982,,,,0.2129920057853063,0.2821201851690809
40f,40,40,46,validation,Fuzzers,top_minus_random,random_row,3,300,0.42531501601139704,,,,0.3891783495346705,0.46031020938108363
40f,40,40,46,validation,Fuzzers,top_minus_random,random_row,5,300,0.43741984049479166,,,,0.40122253405302766,0.4721432298620542
40f,40,40,46,validation,Fuzzers,top_minus_random,random_row,10,300,0.34015200595060985,,,,0.3084397437646985,0.3721262319460511
40f,40,40,46,validation,Generic,top,median,1,168,0.06902698427438736,0.07142857142857142,0.02081584557890892,0.9692185521125793,,
40f,40,40,46,validation,Generic,top,median,3,168,0.8428613543510437,1.0,0.5642006993293762,0.9692185521125793,,
40f,40,40,46,validation,Generic,top,median,5,168,0.9667983055114746,1.0,0.8822659850120544,0.9692185521125793,,
40f,40,40,46,validation,Generic,top,median,10,168,0.9676241278648376,1.0,0.9175491333007812,0.9692185521125793,,
40f,40,40,46,validation,Generic,least,median,1,168,0.0,0.0,0.0025232587940990925,0.9692185521125793,,
40f,40,40,46,validation,Generic,least,median,3,168,0.0,0.0,0.0025232587940990925,0.9692185521125793,,
40f,40,40,46,validation,Generic,least,median,5,168,0.0010112477466464043,0.0,0.002607212634757161,0.9692185521125793,,
40f,40,40,46,validation,Generic,least,median,10,168,0.004062260501086712,0.0,0.004475253168493509,0.9692185521125793,,
40f,40,40,46,validation,Generic,random,median,1,168,0.0035116050858050585,0.0,0.004135517403483391,0.9692185521125793,,
40f,40,40,46,validation,Generic,random,median,3,168,0.025438014417886734,0.017857142857142856,0.008967069908976555,0.9692185521125793,,
40f,40,40,46,validation,Generic,random,median,5,168,0.07151754945516586,0.05952380952380952,0.015782980248332024,0.9692185521125793,,
40f,40,40,46,validation,Generic,random,median,10,168,0.22317197918891907,0.23214285714285715,0.06524194777011871,0.9692185521125793,,
40f,40,40,46,validation,Generic,top,random_row,1,168,0.06403511762619019,0.07142857142857142,0.13113746047019958,0.9692185521125793,,
40f,40,40,46,validation,Generic,top,random_row,3,168,0.6998969316482544,0.7678571428571429,0.546829342842102,0.9692185521125793,,
40f,40,40,46,validation,Generic,top,random_row,5,168,0.8988692164421082,0.9464285714285714,0.8143828511238098,0.9692185521125793,,
40f,40,40,46,validation,Generic,top,random_row,10,168,0.9071894884109497,0.9464285714285714,0.9026066064834595,0.9692185521125793,,
40f,40,40,46,validation,Generic,least,random_row,1,168,0.0,0.0,0.07565373182296753,0.9692185521125793,,
40f,40,40,46,validation,Generic,least,random_row,3,168,2.9305616067176743e-07,0.0,0.07565376907587051,0.9692185521125793,,
40f,40,40,46,validation,Generic,least,random_row,5,168,0.0006884407484903932,0.0,0.07560957968235016,0.9692185521125793,,
40f,40,40,46,validation,Generic,least,random_row,10,168,0.004514032043516636,0.005952380952380952,0.0756879672408104,0.9692185521125793,,
40f,40,40,46,validation,Generic,random,random_row,1,168,0.0008496610098518431,0.0,0.07914051413536072,0.9692185521125793,,
40f,40,40,46,validation,Generic,random,random_row,3,168,0.01861671544611454,0.011904761904761904,0.08426924794912338,0.9692185521125793,,
40f,40,40,46,validation,Generic,random,random_row,5,168,0.06775063276290894,0.07738095238095238,0.09617085754871368,0.9692185521125793,,
40f,40,40,46,validation,Generic,random,random_row,10,168,0.18150711059570312,0.17261904761904762,0.15470030903816223,0.9692185521125793,,
40f,40,40,46,validation,Generic,top_minus_random,median,1,168,0.06551537875618253,,,,0.04377795278671242,0.09005125608472596
40f,40,40,46,validation,Generic,top_minus_random,median,3,168,0.8174233624622935,,,,0.7929318400188571,0.8364961987228265
40f,40,40,46,validation,Generic,top_minus_random,median,5,168,0.8952808823613894,,,,0.8568823214132516,0.9278308874040487
40f,40,40,46,validation,Generic,top_minus_random,median,10,168,0.7444521584326312,,,,0.6901114057926905,0.7957198035149347
40f,40,40,46,validation,Generic,top_minus_random,random_row,1,168,0.06318546210726102,,,,0.04283619273808741,0.08654875927826478
40f,40,40,46,validation,Generic,top_minus_random,random_row,3,168,0.6812801848919618,,,,0.637238474026145,0.7218307032959447
40f,40,40,46,validation,Generic,top_minus_random,random_row,5,168,0.8311185256711074,,,,0.7803589024447969,0.8768556377495683
40f,40,40,46,validation,Generic,top_minus_random,random_row,10,168,0.7256824581750801,,,,0.6688924384436437,0.778606870916805
40f,40,40,46,validation,Normal,top,median,1,300,0.0741160586476326,0.05333333333333334,0.9745528101921082,0.974133312702179,,
40f,40,40,46,validation,Normal,top,median,3,300,0.1101439818739891,0.08666666666666667,0.9705346822738647,0.974133312702179,,
40f,40,40,46,validation,Normal,top,median,5,300,0.19582094252109528,0.22666666666666666,0.9759311676025391,0.974133312702179,,
40f,40,40,46,validation,Normal,top,median,10,300,0.3323896825313568,0.34,0.9813818335533142,0.974133312702179,,
40f,40,40,46,validation,Normal,least,median,1,300,0.0,0.0,0.9385564923286438,0.974133312702179,,
40f,40,40,46,validation,Normal,least,median,3,300,2.437830062262947e-07,0.0,0.9385459423065186,0.974133312702179,,
40f,40,40,46,validation,Normal,least,median,5,300,-0.0005668914527632296,0.0,0.9266882538795471,0.974133312702179,,
40f,40,40,46,validation,Normal,least,median,10,300,-0.0028769264463335276,0.0,0.8827745318412781,0.974133312702179,,
40f,40,40,46,validation,Normal,random,median,1,300,0.004526070784777403,0.0,0.9266841411590576,0.974133312702179,,
40f,40,40,46,validation,Normal,random,median,3,300,0.016510644927620888,0.01,0.9077714085578918,0.974133312702179,,
40f,40,40,46,validation,Normal,random,median,5,300,0.023502711206674576,0.023333333333333334,0.8915861248970032,0.974133312702179,,
40f,40,40,46,validation,Normal,random,median,10,300,0.057617124170064926,0.05333333333333334,0.8630861639976501,0.974133312702179,,
40f,40,40,46,validation,Normal,top,random_row,1,300,0.08086051046848297,0.06333333333333334,0.5057690143585205,0.974133312702179,,
40f,40,40,46,validation,Normal,top,random_row,3,300,0.3739914000034332,0.41333333333333333,0.7684862017631531,0.974133312702179,,
40f,40,40,46,validation,Normal,top,random_row,5,300,0.47509461641311646,0.5066666666666667,0.8156765699386597,0.974133312702179,,
40f,40,40,46,validation,Normal,top,random_row,10,300,0.5896093249320984,0.6233333333333333,0.9116243720054626,0.974133312702179,,
40f,40,40,46,validation,Normal,least,random_row,1,300,0.0,0.0,0.4754944443702698,0.974133312702179,,
40f,40,40,46,validation,Normal,least,random_row,3,300,2.686778771021636e-06,0.0,0.47591257095336914,0.974133312702179,,
40f,40,40,46,validation,Normal,least,random_row,5,300,-0.0003620847128331661,0.0,0.4740482568740845,0.974133312702179,,
40f,40,40,46,validation,Normal,least,random_row,10,300,0.00458502909168601,0.013333333333333334,0.4686744213104248,0.974133312702179,,
40f,40,40,46,validation,Normal,random,random_row,1,300,0.006917624268680811,0.01,0.48157837986946106,0.974133312702179,,
40f,40,40,46,validation,Normal,random,random_row,3,300,0.027904383838176727,0.03333333333333333,0.4966273009777069,0.974133312702179,,
40f,40,40,46,validation,Normal,random,random_row,5,300,0.04733922332525253,0.06333333333333334,0.508148193359375,0.974133312702179,,
40f,40,40,46,validation,Normal,random,random_row,10,300,0.11824536323547363,0.12333333333333334,0.5453494787216187,0.974133312702179,,
40f,40,40,46,validation,Normal,top_minus_random,median,1,300,0.06958998302618663,,,,0.05371092473963897,0.08528453604876995
40f,40,40,46,validation,Normal,top_minus_random,median,3,300,0.09363332639137904,,,,0.07439097825189432,0.11377712688346704
40f,40,40,46,validation,Normal,top_minus_random,median,5,300,0.1723182260990143,,,,0.14238813494394223,0.20405529722819724
40f,40,40,46,validation,Normal,top_minus_random,median,10,300,0.2747725572188695,,,,0.24244511835525434,0.3046159461016456
40f,40,40,46,validation,Normal,top_minus_random,random_row,1,300,0.07394289374351501,,,,0.054702945537865165,0.0933561587954561
40f,40,40,46,validation,Normal,top_minus_random,random_row,3,300,0.346087000866731,,,,0.30244453690697753,0.3891422084718943
40f,40,40,46,validation,Normal,top_minus_random,random_row,5,300,0.4277554048101107,,,,0.38282827554146454,0.4719619835267464
40f,40,40,46,validation,Normal,top_minus_random,random_row,10,300,0.4713639476895332,,,,0.42267608956744274,0.5145051870221893
40f,40,40,46,validation,Overlap-Group-1,top,median,1,300,0.11606335639953613,0.13666666666666666,0.5627992153167725,0.5725991129875183,,
40f,40,40,46,validation,Overlap-Group-1,top,median,3,300,0.4635840952396393,0.98,0.6777355670928955,0.5725991129875183,,
40f,40,40,46,validation,Overlap-Group-1,top,median,5,300,0.5245538353919983,0.99,0.6739476919174194,0.5725991129875183,,
40f,40,40,46,validation,Overlap-Group-1,top,median,10,300,0.5118891000747681,1.0,0.6337150931358337,0.5725991129875183,,
40f,40,40,46,validation,Overlap-Group-1,least,median,1,300,0.0,0.0,0.02797769196331501,0.5725991129875183,,
40f,40,40,46,validation,Overlap-Group-1,least,median,3,300,0.0,0.0,0.02797769196331501,0.5725991129875183,,
40f,40,40,46,validation,Overlap-Group-1,least,median,5,300,-0.005470284726470709,0.0,0.03245144709944725,0.5725991129875183,,
40f,40,40,46,validation,Overlap-Group-1,least,median,10,300,0.002629237249493599,0.006666666666666667,0.06309264898300171,0.5725991129875183,,
40f,40,40,46,validation,Overlap-Group-1,random,median,1,300,0.011250198818743229,0.02666666666666667,0.05038004368543625,0.5725991129875183,,
40f,40,40,46,validation,Overlap-Group-1,random,median,3,300,0.037882838398218155,0.10666666666666667,0.10277693718671799,0.5725991129875183,,
40f,40,40,46,validation,Overlap-Group-1,random,median,5,300,0.05120395869016647,0.16,0.13593383133411407,0.5725991129875183,,
40f,40,40,46,validation,Overlap-Group-1,random,median,10,300,0.09896243363618851,0.2633333333333333,0.23177765309810638,0.5725991129875183,,
40f,40,40,46,validation,Overlap-Group-1,top,random_row,1,300,0.12034787237644196,0.14,0.13241948187351227,0.5725991129875183,,
40f,40,40,46,validation,Overlap-Group-1,top,random_row,3,300,0.40153059363365173,0.87,0.2389729768037796,0.5725991129875183,,
40f,40,40,46,validation,Overlap-Group-1,top,random_row,5,300,0.48957157135009766,0.9366666666666666,0.3133658468723297,0.5725991129875183,,
40f,40,40,46,validation,Overlap-Group-1,top,random_row,10,300,0.5090832114219666,0.9466666666666667,0.54256671667099,0.5725991129875183,,
40f,40,40,46,validation,Overlap-Group-1,least,random_row,1,300,0.0,0.0,0.07444915920495987,0.5725991129875183,,
40f,40,40,46,validation,Overlap-Group-1,least,random_row,3,300,2.4325847334694117e-05,0.0,0.07444921880960464,0.5725991129875183,,
40f,40,40,46,validation,Overlap-Group-1,least,random_row,5,300,-0.005374526605010033,0.0,0.07395434379577637,0.5725991129875183,,
40f,40,40,46,validation,Overlap-Group-1,least,random_row,10,300,-0.03967226296663284,0.016666666666666666,0.07610015571117401,0.5725991129875183,,
40f,40,40,46,validation,Overlap-Group-1,random,random_row,1,300,0.016754133626818657,0.03333333333333333,0.07779975980520248,0.5725991129875183,,
40f,40,40,46,validation,Overlap-Group-1,random,random_row,3,300,0.0483974851667881,0.12,0.08723575621843338,0.5725991129875183,,
40f,40,40,46,validation,Overlap-Group-1,random,random_row,5,300,0.0749603882431984,0.18666666666666668,0.09932342171669006,0.5725991129875183,,
40f,40,40,46,validation,Overlap-Group-1,random,random_row,10,300,0.15611989796161652,0.37666666666666665,0.1344902217388153,0.5725991129875183,,
40f,40,40,46,validation,Overlap-Group-1,top_minus_random,median,1,300,0.10481316506862641,,,,0.0891295249859492,0.12158469465126594
40f,40,40,46,validation,Overlap-Group-1,top_minus_random,median,3,300,0.4257012340426445,,,,0.409557411544025,0.44012342663109305
40f,40,40,46,validation,Overlap-Group-1,top_minus_random,median,5,300,0.4733498642841975,,,,0.45701491929093996,0.48990729176004727
40f,40,40,46,validation,Overlap-Group-1,top_minus_random,median,10,300,0.4129266615708669,,,,0.3912002915317814,0.4342067549328009
40f,40,40,46,validation,Overlap-Group-1,top_minus_random,random_row,1,300,0.10359373788038889,,,,0.08683967990924915,0.12107147518048683
40f,40,40,46,validation,Overlap-Group-1,top_minus_random,random_row,3,300,0.3531331064303716,,,,0.3313531678865353,0.3732018093342582
40f,40,40,46,validation,Overlap-Group-1,top_minus_random,random_row,5,300,0.4146112052599589,,,,0.39267514348278443,0.43512335411210856
40f,40,40,46,validation,Overlap-Group-1,top_minus_random,random_row,10,300,0.35296334346135455,,,,0.32882067326953013,0.3759945772190889
40f,40,40,46,validation,Reconnaissance,top,median,1,300,0.6292223334312439,0.5133333333333333,0.022721340879797935,0.9046701788902283,,
40f,40,40,46,validation,Reconnaissance,top,median,3,300,0.8425216674804688,1.0,0.17687754333019257,0.9046701788902283,,
40f,40,40,46,validation,Reconnaissance,top,median,5,300,0.8927796483039856,1.0,0.6597832441329956,0.9046701788902283,,
40f,40,40,46,validation,Reconnaissance,top,median,10,300,0.9002561569213867,1.0,0.8932472467422485,0.9046701788902283,,
40f,40,40,46,validation,Reconnaissance,least,median,1,300,0.0,0.0,0.0023312941193580627,0.9046701788902283,,
40f,40,40,46,validation,Reconnaissance,least,median,3,300,0.0,0.0,0.0023312941193580627,0.9046701788902283,,
40f,40,40,46,validation,Reconnaissance,least,median,5,300,0.00018751760944724083,0.0,0.0023332529235631227,0.9046701788902283,,
40f,40,40,46,validation,Reconnaissance,least,median,10,300,0.001340854330919683,0.0,0.002850888529792428,0.9046701788902283,,
40f,40,40,46,validation,Reconnaissance,random,median,1,300,0.031301092356443405,0.043333333333333335,0.003872606670483947,0.9046701788902283,,
40f,40,40,46,validation,Reconnaissance,random,median,3,300,0.10115303099155426,0.10333333333333333,0.007954420521855354,0.9046701788902283,,
40f,40,40,46,validation,Reconnaissance,random,median,5,300,0.17974655330181122,0.19,0.016809817403554916,0.9046701788902283,,
40f,40,40,46,validation,Reconnaissance,random,median,10,300,0.37915393710136414,0.41333333333333333,0.0448857918381691,0.9046701788902283,,
40f,40,40,46,validation,Reconnaissance,top,random_row,1,300,0.5162792801856995,0.4633333333333333,0.0905950590968132,0.9046701788902283,,
40f,40,40,46,validation,Reconnaissance,top,random_row,3,300,0.8243367075920105,0.9366666666666666,0.17598408460617065,0.9046701788902283,,
40f,40,40,46,validation,Reconnaissance,top,random_row,5,300,0.8604455590248108,0.9666666666666667,0.2791912257671356,0.9046701788902283,,
40f,40,40,46,validation,Reconnaissance,top,random_row,10,300,0.8561181426048279,0.9566666666666667,0.4796532690525055,0.9046701788902283,,
40f,40,40,46,validation,Reconnaissance,least,random_row,1,300,0.0,0.0,0.07399917393922806,0.9046701788902283,,
40f,40,40,46,validation,Reconnaissance,least,random_row,3,300,0.0004443683137651533,0.0,0.07399935275316238,0.9046701788902283,,
40f,40,40,46,validation,Reconnaissance,least,random_row,5,300,-0.0003713808546308428,0.0,0.0739070400595665,0.9046701788902283,,
40f,40,40,46,validation,Reconnaissance,least,random_row,10,300,0.02901325933635235,0.05,0.07365495711565018,0.9046701788902283,,
40f,40,40,46,validation,Reconnaissance,random,random_row,1,300,0.04051338508725166,0.04,0.07381265610456467,0.9046701788902283,,
40f,40,40,46,validation,Reconnaissance,random,random_row,3,300,0.12489662319421768,0.14,0.07285507768392563,0.9046701788902283,,
40f,40,40,46,validation,Reconnaissance,random,random_row,5,300,0.21329815685749054,0.23666666666666666,0.07044391334056854,0.9046701788902283,,
40f,40,40,46,validation,Reconnaissance,random,random_row,10,300,0.4381192922592163,0.4866666666666667,0.08629820495843887,0.9046701788902283,,
40f,40,40,46,validation,Reconnaissance,top_minus_random,median,1,300,0.5979212207595507,,,,0.5771132248515884,0.6164255888884266
40f,40,40,46,validation,Reconnaissance,top_minus_random,median,3,300,0.7413685967524847,,,,0.7137050394639373,0.7682718709583084
40f,40,40,46,validation,Reconnaissance,top_minus_random,median,5,300,0.7130330942074458,,,,0.6771838023836414,0.7473960381175081
40f,40,40,46,validation,Reconnaissance,top_minus_random,median,10,300,0.5211021942893664,,,,0.4801126981948813,0.5644908480917414
40f,40,40,46,validation,Reconnaissance,top_minus_random,random_row,1,300,0.47576592087745667,,,,0.4422213492766023,0.5079759692127506
40f,40,40,46,validation,Reconnaissance,top_minus_random,random_row,3,300,0.6994400970141093,,,,0.665709159048895,0.7339775621667504
40f,40,40,46,validation,Reconnaissance,top_minus_random,random_row,5,300,0.6471474344531695,,,,0.606057678885758,0.684518491692841
40f,40,40,46,validation,Reconnaissance,top_minus_random,random_row,10,300,0.4179989439249039,,,,0.3759734905958176,0.4594250911946098
40f,40,40,46,validation,Unknown,top,median,1,200,0.11643992364406586,0.535,0.3344779312610626,0.4417584240436554,,
40f,40,40,46,validation,Unknown,top,median,3,200,0.324153870344162,0.99,0.4568319618701935,0.4417584240436554,,
40f,40,40,46,validation,Unknown,top,median,5,200,0.36486539244651794,0.985,0.5055388808250427,0.4417584240436554,,
40f,40,40,46,validation,Unknown,top,median,10,200,0.37996771931648254,0.99,0.5657964944839478,0.4417584240436554,,
40f,40,40,46,validation,Unknown,least,median,1,200,0.0,0.0,0.13017290830612183,0.4417584240436554,,
40f,40,40,46,validation,Unknown,least,median,3,200,-0.0003894320107065141,0.0,0.13018105924129486,0.4417584240436554,,
40f,40,40,46,validation,Unknown,least,median,5,200,-0.0015707275597378612,0.04,0.13044539093971252,0.4417584240436554,,
40f,40,40,46,validation,Unknown,least,median,10,200,0.002350538270547986,0.21,0.13433313369750977,0.4417584240436554,,
40f,40,40,46,validation,Unknown,random,median,1,200,0.0031615840271115303,0.125,0.13976484537124634,0.4417584240436554,,
40f,40,40,46,validation,Unknown,random,median,3,200,0.0431167408823967,0.345,0.15826930105686188,0.4417584240436554,,
40f,40,40,46,validation,Unknown,random,median,5,200,0.061487384140491486,0.395,0.18302425742149353,0.4417584240436554,,
40f,40,40,46,validation,Unknown,random,median,10,200,0.0881812572479248,0.515,0.2064921259880066,0.4417584240436554,,
40f,40,40,46,validation,Unknown,top,random_row,1,200,0.12589983642101288,0.51,0.19230923056602478,0.4417584240436554,,
40f,40,40,46,validation,Unknown,top,random_row,3,200,0.28036704659461975,0.88,0.25578418374061584,0.4417584240436554,,
40f,40,40,46,validation,Unknown,top,random_row,5,200,0.3328605592250824,0.93,0.32247069478034973,0.4417584240436554,,
40f,40,40,46,validation,Unknown,top,random_row,10,200,0.3607512414455414,0.945,0.44228851795196533,0.4417584240436554,,
40f,40,40,46,validation,Unknown,least,random_row,1,200,0.0,0.0,0.1644609421491623,0.4417584240436554,,
40f,40,40,46,validation,Unknown,least,random_row,3,200,0.0004356652498245239,0.01,0.16445915400981903,0.4417584240436554,,
40f,40,40,46,validation,Unknown,least,random_row,5,200,-0.003190029179677367,0.045,0.16386599838733673,0.4417584240436554,,
40f,40,40,46,validation,Unknown,least,random_row,10,200,0.00418883515521884,0.265,0.16119636595249176,0.4417584240436554,,
40f,40,40,46,validation,Unknown,random,random_row,1,200,0.01413259468972683,0.15,0.16563434898853302,0.4417584240436554,,
40f,40,40,46,validation,Unknown,random,random_row,3,200,0.06149958446621895,0.415,0.1720266342163086,0.4417584240436554,,
40f,40,40,46,validation,Unknown,random,random_row,5,200,0.0783776119351387,0.45,0.17285610735416412,0.4417584240436554,,
40f,40,40,46,validation,Unknown,random,random_row,10,200,0.10305608808994293,0.56,0.19242559373378754,0.4417584240436554,,
40f,40,40,46,validation,Unknown,top_minus_random,median,1,200,0.11327833689749241,,,,0.08994540216960013,0.13661149741895495
40f,40,40,46,validation,Unknown,top_minus_random,median,3,200,0.28103711515665053,,,,0.25873689906299113,0.30270490426570174
40f,40,40,46,validation,Unknown,top_minus_random,median,5,200,0.303378000408411,,,,0.28009032484143975,0.32928076743148266
40f,40,40,46,validation,Unknown,top_minus_random,median,10,200,0.29178645581007,,,,0.26168349397927526,0.32129725494235756
40f,40,40,46,validation,Unknown,top_minus_random,random_row,1,200,0.11176724225282669,,,,0.08634027824550869,0.14044166083447632
40f,40,40,46,validation,Unknown,top_minus_random,random_row,3,200,0.21886748239398002,,,,0.19238948438502848,0.2461662118695676
40f,40,40,46,validation,Unknown,top_minus_random,random_row,5,200,0.25448296286165717,,,,0.22518497592955827,0.2835159294754267
40f,40,40,46,validation,Unknown,top_minus_random,random_row,10,200,0.25769513808190825,,,,0.2260043343603611,0.28736242007650437
40f,30,30,46,test,all,top,median,1,2000,0.23837320506572723,0.251,0.28317442536354065,0.7937444448471069,,
40f,30,30,46,test,all,top,median,3,2000,0.5400716662406921,0.79,0.46735790371894836,0.7937444448471069,,
40f,30,30,46,test,all,top,median,5,2000,0.6219752430915833,0.8635,0.635214626789093,0.7937444448471069,,
40f,30,30,46,test,all,top,median,10,2000,0.6804922819137573,0.906,0.7621877193450928,0.7937444448471069,,
40f,30,30,46,test,all,least,median,1,2000,0.004339687060564756,0.02,0.1748509258031845,0.7937444448471069,,
40f,30,30,46,test,all,least,median,3,2000,0.010125936940312386,0.0435,0.1728263795375824,0.7937444448471069,,
40f,30,30,46,test,all,least,median,5,2000,0.012396504171192646,0.068,0.17360205948352814,0.7937444448471069,,
40f,30,30,46,test,all,least,median,10,2000,0.029624370858073235,0.121,0.18059851229190826,0.7937444448471069,,
40f,30,30,46,test,all,random,median,1,2000,0.023659851402044296,0.052,0.18036246299743652,0.7937444448471069,,
40f,30,30,46,test,all,random,median,3,2000,0.0847780779004097,0.1565,0.19572027027606964,0.7937444448471069,,
40f,30,30,46,test,all,random,median,5,2000,0.1490902155637741,0.241,0.2143586426973343,0.7937444448471069,,
40f,30,30,46,test,all,random,median,10,2000,0.3003371059894562,0.426,0.26984190940856934,0.7937444448471069,,
40f,30,30,46,test,all,top,random_row,1,2000,0.21249794960021973,0.2415,0.20657052099704742,0.7937444448471069,,
40f,30,30,46,test,all,top,random_row,3,2000,0.51979660987854,0.721,0.34467077255249023,0.7937444448471069,,
40f,30,30,46,test,all,top,random_row,5,2000,0.6127315759658813,0.8225,0.4584120810031891,0.7937444448471069,,
40f,30,30,46,test,all,top,random_row,10,2000,0.6707116961479187,0.8805,0.6263823509216309,0.7937444448471069,,
40f,30,30,46,test,all,least,random_row,1,2000,0.0037340244743973017,0.0245,0.16698531806468964,0.7937444448471069,,
40f,30,30,46,test,all,least,random_row,3,2000,0.012634368613362312,0.0525,0.16738952696323395,0.7937444448471069,,
40f,30,30,46,test,all,least,random_row,5,2000,0.020619649440050125,0.074,0.16729536652565002,0.7937444448471069,,
40f,30,30,46,test,all,least,random_row,10,2000,0.060562316328287125,0.15,0.1652044653892517,0.7937444448471069,,
40f,30,30,46,test,all,random,random_row,1,2000,0.027674613520503044,0.066,0.16968923807144165,0.7937444448471069,,
40f,30,30,46,test,all,random,random_row,3,2000,0.0919826477766037,0.1745,0.1768854558467865,0.7937444448471069,,
40f,30,30,46,test,all,random,random_row,5,2000,0.15782074630260468,0.256,0.18933801352977753,0.7937444448471069,,
40f,30,30,46,test,all,random,random_row,10,2000,0.32353487610816956,0.463,0.24896182119846344,0.7937444448471069,,
40f,30,30,46,test,all,top_minus_random,median,1,2000,0.21471335015445947,,,,0.2037739788994193,0.22599609730876982
40f,30,30,46,test,all,top_minus_random,median,3,2000,0.4552935468256474,,,,0.439672947672382,0.47002914143279195
40f,30,30,46,test,all,top_minus_random,median,5,2000,0.4728850253224373,,,,0.4575408957790583,0.4872705757889897
40f,30,30,46,test,all,top_minus_random,median,10,2000,0.3801552266180515,,,,0.36657899860087784,0.39304476692155005
40f,30,30,46,test,all,top_minus_random,random_row,1,2000,0.184823346324265,,,,0.17396149514559658,0.1948540999662131
40f,30,30,46,test,all,top_minus_random,random_row,3,2000,0.4278139761313796,,,,0.41325918297823516,0.4424523968074471
40f,30,30,46,test,all,top_minus_random,random_row,5,2000,0.4549108023941517,,,,0.4394522723203525,0.46959378981962796
40f,30,30,46,test,all,top_minus_random,random_row,10,2000,0.3471767386496067,,,,0.3328675329865888,0.36052169884536417
40f,30,30,46,test,Exploits,top,median,1,300,0.19929665327072144,0.23666666666666666,0.08714644610881805,0.8483323454856873,,
40f,30,30,46,test,Exploits,top,median,3,300,0.6003095507621765,0.7833333333333333,0.41303467750549316,0.8483323454856873,,
40f,30,30,46,test,Exploits,top,median,5,300,0.7228773832321167,0.9766666666666667,0.5848084688186646,0.8483323454856873,,
40f,30,30,46,test,Exploits,top,median,10,300,0.7929470539093018,0.9966666666666667,0.8002400994300842,0.8483323454856873,,
40f,30,30,46,test,Exploits,least,median,1,300,-0.00019087980035692453,0.0,0.016624663025140762,0.8483323454856873,,
40f,30,30,46,test,Exploits,least,median,3,300,-0.00202444801107049,0.0033333333333333335,0.02111765369772911,0.8483323454856873,,
40f,30,30,46,test,Exploits,least,median,5,300,-0.0031041959300637245,0.006666666666666667,0.025079995393753052,0.8483323454856873,,
40f,30,30,46,test,Exploits,least,median,10,300,-0.001499747857451439,0.006666666666666667,0.03868913650512695,0.8483323454856873,,
40f,30,30,46,test,Exploits,random,median,1,300,0.03243818134069443,0.043333333333333335,0.04335532337427139,0.8483323454856873,,
40f,30,30,46,test,Exploits,random,median,3,300,0.10206771641969681,0.12333333333333334,0.09487497061491013,0.8483323454856873,,
40f,30,30,46,test,Exploits,random,median,5,300,0.184895321726799,0.21333333333333335,0.15144497156143188,0.8483323454856873,,
40f,30,30,46,test,Exploits,random,median,10,300,0.349055677652359,0.39666666666666667,0.26889094710350037,0.8483323454856873,,
40f,30,30,46,test,Exploits,top,random_row,1,300,0.13209393620491028,0.13666666666666666,0.1963004320859909,0.8483323454856873,,
40f,30,30,46,test,Exploits,top,random_row,3,300,0.41162043809890747,0.49333333333333335,0.2896176278591156,0.8483323454856873,,
40f,30,30,46,test,Exploits,top,random_row,5,300,0.5189072489738464,0.65,0.4139305055141449,0.8483323454856873,,
40f,30,30,46,test,Exploits,top,random_row,10,300,0.6316463351249695,0.7533333333333333,0.6764236688613892,0.8483323454856873,,
40f,30,30,46,test,Exploits,least,random_row,1,300,-0.0024129769299179316,0.0,0.138847216963768,0.8483323454856873,,
40f,30,30,46,test,Exploits,least,random_row,3,300,0.0028615181799978018,0.006666666666666667,0.14107634127140045,0.8483323454856873,,
40f,30,30,46,test,Exploits,least,random_row,5,300,0.004856922663748264,0.006666666666666667,0.1465393751859665,0.8483323454856873,,
40f,30,30,46,test,Exploits,least,random_row,10,300,0.01555247325450182,0.016666666666666666,0.15551210939884186,0.8483323454856873,,
40f,30,30,46,test,Exploits,random,random_row,1,300,0.02694656327366829,0.03666666666666667,0.1498599797487259,0.8483323454856873,,
40f,30,30,46,test,Exploits,random,random_row,3,300,0.08067496120929718,0.10666666666666667,0.18238401412963867,0.8483323454856873,,
40f,30,30,46,test,Exploits,random,random_row,5,300,0.13179069757461548,0.13333333333333333,0.2147514820098877,0.8483323454856873,,
40f,30,30,46,test,Exploits,random,random_row,10,300,0.25402969121932983,0.2733333333333333,0.33462637662887573,0.8483323454856873,,
40f,30,30,46,test,Exploits,top_minus_random,median,1,300,0.16685845702886581,,,,0.1365934988905986,0.200226318269968
40f,30,30,46,test,Exploits,top_minus_random,median,3,300,0.4982417991757393,,,,0.4652265954713027,0.5308891830220819
40f,30,30,46,test,Exploits,top_minus_random,median,5,300,0.5379820708433787,,,,0.5026411180098851,0.5724543621639411
40f,30,30,46,test,Exploits,top_minus_random,median,10,300,0.44389139622449875,,,,0.40952487768232826,0.4766461506485939
40f,30,30,46,test,Exploits,top_minus_random,random_row,1,300,0.10514738063017527,,,,0.07803845496972402,0.13373525484651327
40f,30,30,46,test,Exploits,top_minus_random,random_row,3,300,0.3309454373518626,,,,0.2939738716284434,0.3706246891915798
40f,30,30,46,test,Exploits,top_minus_random,random_row,5,300,0.3871165399750074,,,,0.35158013711621366,0.42130686876177786
40f,30,30,46,test,Exploits,top_minus_random,random_row,10,300,0.37761662195126217,,,,0.34031426183134317,0.4129205224017302
40f,30,30,46,test,Fuzzers,top,median,1,300,0.21423286199569702,0.29333333333333333,0.013092909008264542,0.7302513718605042,,
40f,30,30,46,test,Fuzzers,top,median,3,300,0.4410209059715271,0.75,0.03775423765182495,0.7302513718605042,,
40f,30,30,46,test,Fuzzers,top,median,5,300,0.5720146894454956,0.9066666666666666,0.09435214102268219,0.7302513718605042,,
40f,30,30,46,test,Fuzzers,top,median,10,300,0.6987812519073486,1.0,0.43302249908447266,0.7302513718605042,,
40f,30,30,46,test,Fuzzers,least,median,1,300,0.015282781794667244,0.023333333333333334,0.006203406024724245,0.7302513718605042,,
40f,30,30,46,test,Fuzzers,least,median,3,300,0.042056743055582047,0.08,0.009592422284185886,0.7302513718605042,,
40f,30,30,46,test,Fuzzers,least,median,5,300,0.07611697167158127,0.12333333333333334,0.01279007364064455,0.7302513718605042,,
40f,30,30,46,test,Fuzzers,least,median,10,300,0.15943926572799683,0.2866666666666667,0.0215925145894289,0.7302513718605042,,
40f,30,30,46,test,Fuzzers,random,median,1,300,0.04052804782986641,0.07666666666666666,0.007996775209903717,0.7302513718605042,,
40f,30,30,46,test,Fuzzers,random,median,3,300,0.1285858005285263,0.21666666666666667,0.017348919063806534,0.7302513718605042,,
40f,30,30,46,test,Fuzzers,random,median,5,300,0.21604232490062714,0.34,0.03419538587331772,0.7302513718605042,,
40f,30,30,46,test,Fuzzers,random,median,10,300,0.40428638458251953,0.6633333333333333,0.09298031032085419,0.7302513718605042,,
40f,30,30,46,test,Fuzzers,top,random_row,1,300,0.2399975061416626,0.36333333333333334,0.15380509197711945,0.7302513718605042,,
40f,30,30,46,test,Fuzzers,top,random_row,3,300,0.4728928506374359,0.6833333333333333,0.1924431324005127,0.7302513718605042,,
40f,30,30,46,test,Fuzzers,top,random_row,5,300,0.5678261518478394,0.8133333333333334,0.23832418024539948,0.7302513718605042,,
40f,30,30,46,test,Fuzzers,top,random_row,10,300,0.6513527631759644,0.9166666666666666,0.36954593658447266,0.7302513718605042,,
40f,30,30,46,test,Fuzzers,least,random_row,1,300,0.01789761148393154,0.023333333333333334,0.14278627932071686,0.7302513718605042,,
40f,30,30,46,test,Fuzzers,least,random_row,3,300,0.05242643505334854,0.09333333333333334,0.1430974006652832,0.7302513718605042,,
40f,30,30,46,test,Fuzzers,least,random_row,5,300,0.09489940851926804,0.17,0.14013992249965668,0.7302513718605042,,
40f,30,30,46,test,Fuzzers,least,random_row,10,300,0.18072862923145294,0.32666666666666666,0.13959115743637085,0.7302513718605042,,
40f,30,30,46,test,Fuzzers,random,random_row,1,300,0.051931239664554596,0.09,0.1402728259563446,0.7302513718605042,,
40f,30,30,46,test,Fuzzers,random,random_row,3,300,0.14788520336151123,0.23333333333333334,0.13620883226394653,0.7302513718605042,,
40f,30,30,46,test,Fuzzers,random,random_row,5,300,0.2550469934940338,0.4066666666666667,0.13263845443725586,0.7302513718605042,,
40f,30,30,46,test,Fuzzers,random,random_row,10,300,0.4263664484024048,0.6533333333333333,0.1472722440958023,0.7302513718605042,,
40f,30,30,46,test,Fuzzers,top_minus_random,median,1,300,0.1737048226594925,,,,0.14573284998039407,0.20251441959291697
40f,30,30,46,test,Fuzzers,top_minus_random,median,3,300,0.31243509978055956,,,,0.28220964776476226,0.342953307946523
40f,30,30,46,test,Fuzzers,top_minus_random,median,5,300,0.35597238918145496,,,,0.32719715862472853,0.38534898773084086
40f,30,30,46,test,Fuzzers,top_minus_random,median,10,300,0.29449481576681136,,,,0.2699532114267349,0.32158587879439193
40f,30,30,46,test,Fuzzers,top_minus_random,random_row,1,300,0.18806626280148825,,,,0.15913975099474192,0.2187074996829033
40f,30,30,46,test,Fuzzers,top_minus_random,random_row,3,300,0.3250076922774315,,,,0.28965563724438353,0.3601448432058096
40f,30,30,46,test,Fuzzers,top_minus_random,random_row,5,300,0.3127791561683019,,,,0.2775383372281988,0.3441766444494327
40f,30,30,46,test,Fuzzers,top_minus_random,random_row,10,300,0.22498634924491245,,,,0.19567440979679426,0.2543104320392013
40f,30,30,46,test,Generic,top,median,1,300,0.2795432507991791,0.1,0.014052553102374077,0.9764866232872009,,
40f,30,30,46,test,Generic,top,median,3,300,0.8906137347221375,1.0,0.6379995942115784,0.9764866232872009,,
40f,30,30,46,test,Generic,top,median,5,300,0.9703932404518127,1.0,0.8974176049232483,0.9764866232872009,,
40f,30,30,46,test,Generic,top,median,10,300,0.9732897877693176,1.0,0.933132529258728,0.9764866232872009,,
40f,30,30,46,test,Generic,least,median,1,300,0.0020128022879362106,0.0,0.0023470649030059576,0.9764866232872009,,
40f,30,30,46,test,Generic,least,median,3,300,0.004879307933151722,0.0033333333333333335,0.002926540095359087,0.9764866232872009,,
40f,30,30,46,test,Generic,least,median,5,300,0.00911763310432434,0.01,0.00308917835354805,0.9764866232872009,,
40f,30,30,46,test,Generic,least,median,10,300,0.020818637683987617,0.02666666666666667,0.005092857871204615,0.9764866232872009,,
40f,30,30,46,test,Generic,random,median,1,300,0.01974872313439846,0.016666666666666666,0.0033713181037455797,0.9764866232872009,,
40f,30,30,46,test,Generic,random,median,3,300,0.09731507301330566,0.08666666666666667,0.0157454963773489,0.9764866232872009,,
40f,30,30,46,test,Generic,random,median,5,300,0.1636911779642105,0.14666666666666667,0.024939632043242455,0.9764866232872009,,
40f,30,30,46,test,Generic,random,median,10,300,0.4311349391937256,0.43,0.1229182705283165,0.9764866232872009,,
40f,30,30,46,test,Generic,top,random_row,1,300,0.24141621589660645,0.08333333333333333,0.1295449286699295,0.9764866232872009,,
40f,30,30,46,test,Generic,top,random_row,3,300,0.7650430202484131,0.7966666666666666,0.512559711933136,0.9764866232872009,,
40f,30,30,46,test,Generic,top,random_row,5,300,0.9203279614448547,0.97,0.8026537895202637,0.9764866232872009,,
40f,30,30,46,test,Generic,top,random_row,10,300,0.938234269618988,0.97,0.9061187505722046,0.9764866232872009,,
40f,30,30,46,test,Generic,least,random_row,1,300,0.0022757388651371002,0.0033333333333333335,0.04595084860920906,0.9764866232872009,,
40f,30,30,46,test,Generic,least,random_row,3,300,0.005201403982937336,0.013333333333333334,0.046807240694761276,0.9764866232872009,,
40f,30,30,46,test,Generic,least,random_row,5,300,0.009728661738336086,0.016666666666666666,0.04761480167508125,0.9764866232872009,,
40f,30,30,46,test,Generic,least,random_row,10,300,0.02472146414220333,0.03333333333333333,0.04746236652135849,0.9764866232872009,,
40f,30,30,46,test,Generic,random,random_row,1,300,0.015336812473833561,0.023333333333333334,0.048360008746385574,0.9764866232872009,,
40f,30,30,46,test,Generic,random,random_row,3,300,0.0829264223575592,0.08333333333333333,0.06637327373027802,0.9764866232872009,,
40f,30,30,46,test,Generic,random,random_row,5,300,0.13697665929794312,0.11666666666666667,0.07815402746200562,0.9764866232872009,,
40f,30,30,46,test,Generic,random,random_row,10,300,0.3789198696613312,0.37666666666666665,0.1851218342781067,0.9764866232872009,,
40f,30,30,46,test,Generic,top_minus_random,median,1,300,0.259794506529967,,,,0.2382840747286876,0.28273300952961045
40f,30,30,46,test,Generic,top_minus_random,median,3,300,0.7932986543575923,,,,0.7626768288041155,0.821796283595264
40f,30,30,46,test,Generic,top_minus_random,median,5,300,0.806702094177405,,,,0.7721994106496374,0.8389932720164458
40f,30,30,46,test,Generic,top_minus_random,median,10,300,0.5421549358963966,,,,0.49931994669387736,0.5876537280107538
40f,30,30,46,test,Generic,top_minus_random,random_row,1,300,0.2260793956120809,,,,0.2052453337435921,0.2475677337870002
40f,30,30,46,test,Generic,top_minus_random,random_row,3,300,0.6821166184544564,,,,0.6448005898098151,0.7144759809573492
40f,30,30,46,test,Generic,top_minus_random,random_row,5,300,0.7833513063192368,,,,0.7471835031683246,0.8189051912650466
40f,30,30,46,test,Generic,top_minus_random,random_row,10,300,0.5593144421776136,,,,0.5151890009418131,0.6031038003340363
40f,30,30,46,test,Normal,top,median,1,300,0.0642416775226593,0.06333333333333334,0.9606343507766724,0.9413224458694458,,
40f,30,30,46,test,Normal,top,median,3,300,0.12377265840768814,0.12666666666666668,0.9372032880783081,0.9413224458694458,,
40f,30,30,46,test,Normal,top,median,5,300,0.2250986248254776,0.23333333333333334,0.9495031833648682,0.9413224458694458,,
40f,30,30,46,test,Normal,top,median,10,300,0.3681812286376953,0.38333333333333336,0.9598947167396545,0.9413224458694458,,
40f,30,30,46,test,Normal,least,median,1,300,0.0004546467389445752,0.01,0.9267359375953674,0.9413224458694458,,
40f,30,30,46,test,Normal,least,median,3,300,0.0022833566181361675,0.013333333333333334,0.8963172435760498,0.9413224458694458,,
40f,30,30,46,test,Normal,least,median,5,300,0.00809398852288723,0.02666666666666667,0.862566351890564,0.9413224458694458,,
40f,30,30,46,test,Normal,least,median,10,300,0.0276022981852293,0.04666666666666667,0.7655242681503296,0.9413224458694458,,
40f,30,30,46,test,Normal,random,median,1,300,0.004978822078555822,0.02,0.9120216965675354,0.9413224458694458,,
40f,30,30,46,test,Normal,random,median,3,300,0.023697497323155403,0.04,0.8748791217803955,0.9413224458694458,,
40f,30,30,46,test,Normal,random,median,5,300,0.0392344631254673,0.056666666666666664,0.8324839472770691,0.9413224458694458,,
40f,30,30,46,test,Normal,random,median,10,300,0.08214601874351501,0.08,0.8007119297981262,0.9413224458694458,,
40f,30,30,46,test,Normal,top,random_row,1,300,0.09505244344472885,0.1,0.4723663926124573,0.9413224458694458,,
40f,30,30,46,test,Normal,top,random_row,3,300,0.3899554908275604,0.4633333333333333,0.6679023504257202,0.9413224458694458,,
40f,30,30,46,test,Normal,top,random_row,5,300,0.5016471147537231,0.55,0.7449310421943665,0.9413224458694458,,
40f,30,30,46,test,Normal,top,random_row,10,300,0.6218985915184021,0.6933333333333334,0.8553685545921326,0.9413224458694458,,
40f,30,30,46,test,Normal,least,random_row,1,300,0.001965625211596489,0.01,0.41755080223083496,0.9413224458694458,,
40f,30,30,46,test,Normal,least,random_row,3,300,0.003885679179802537,0.013333333333333334,0.41639384627342224,0.9413224458694458,,
40f,30,30,46,test,Normal,least,random_row,5,300,0.011936058290302753,0.02,0.4123389422893524,0.9413224458694458,,
40f,30,30,46,test,Normal,least,random_row,10,300,0.03810366988182068,0.05333333333333334,0.3984959125518799,0.9413224458694458,,
40f,30,30,46,test,Normal,random,random_row,1,300,0.01283776480704546,0.03333333333333333,0.4277968406677246,0.9413224458694458,,
40f,30,30,46,test,Normal,random,random_row,3,300,0.044170066714286804,0.07333333333333333,0.431178480386734,0.9413224458694458,,
40f,30,30,46,test,Normal,random,random_row,5,300,0.085406593978405,0.11,0.4527243971824646,0.9413224458694458,,
40f,30,30,46,test,Normal,random,random_row,10,300,0.19503428041934967,0.19333333333333333,0.5175172090530396,0.9413224458694458,,
40f,30,30,46,test,Normal,top_minus_random,median,1,300,0.0592628538608551,,,,0.04635818516463042,0.0727379495203495
40f,30,30,46,test,Normal,top_minus_random,median,3,300,0.10007515788078308,,,,0.08083160180350145,0.11935487352063259
40f,30,30,46,test,Normal,top_minus_random,median,5,300,0.18586414943138757,,,,0.16127617949495715,0.21209435160954793
40f,30,30,46,test,Normal,top_minus_random,median,10,300,0.2860352040330569,,,,0.25797956681996587,0.3156857761591673
40f,30,30,46,test,Normal,top_minus_random,random_row,1,300,0.08221468309561411,,,,0.06324043447275957,0.10290743000805377
40f,30,30,46,test,Normal,top_minus_random,random_row,3,300,0.34578543762365976,,,,0.3019196654309829,0.38477159269650774
40f,30,30,46,test,Normal,top_minus_random,random_row,5,300,0.4162405177950859,,,,0.3742986196652055,0.4583070727363229
40f,30,30,46,test,Normal,top_minus_random,random_row,10,300,0.4268643511335055,,,,0.3822722701430321,0.46919988152136405
40f,30,30,46,test,Overlap-Group-1,top,median,1,300,0.16356877982616425,0.24666666666666667,0.5773302316665649,0.5963137149810791,,
40f,30,30,46,test,Overlap-Group-1,top,median,3,300,0.47051647305488586,0.97,0.656356930732727,0.5963137149810791,,
40f,30,30,46,test,Overlap-Group-1,top,median,5,300,0.5323739647865295,0.9833333333333333,0.6836888194084167,0.5963137149810791,,
40f,30,30,46,test,Overlap-Group-1,top,median,10,300,0.5518457293510437,1.0,0.6737327575683594,0.5963137149810791,,
40f,30,30,46,test,Overlap-Group-1,least,median,1,300,0.0063116103410720825,0.01,0.040253445506095886,0.5963137149810791,,
40f,30,30,46,test,Overlap-Group-1,least,median,3,300,0.001032313914038241,0.02,0.04902946949005127,0.5963137149810791,,
40f,30,30,46,test,Overlap-Group-1,least,median,5,300,-0.03529438376426697,0.04,0.08299262821674347,0.5963137149810791,,
40f,30,30,46,test,Overlap-Group-1,least,median,10,300,-0.06298124045133591,0.06333333333333334,0.1909359246492386,0.5963137149810791,,
40f,30,30,46,test,Overlap-Group-1,random,median,1,300,0.017958350479602814,0.05,0.06235235929489136,0.5963137149810791,,
40f,30,30,46,test,Overlap-Group-1,random,median,3,300,0.05076714977622032,0.15333333333333332,0.12140772491693497,0.5963137149810791,,
40f,30,30,46,test,Overlap-Group-1,random,median,5,300,0.09903255105018616,0.27666666666666667,0.19069230556488037,0.5963137149810791,,
40f,30,30,46,test,Overlap-Group-1,random,median,10,300,0.1495094746351242,0.37,0.2849176526069641,0.5963137149810791,,
40f,30,30,46,test,Overlap-Group-1,top,random_row,1,300,0.16119913756847382,0.25,0.14821124076843262,0.5963137149810791,,
40f,30,30,46,test,Overlap-Group-1,top,random_row,3,300,0.4327932596206665,0.8866666666666667,0.24256587028503418,0.5963137149810791,,
40f,30,30,46,test,Overlap-Group-1,top,random_row,5,300,0.5161604285240173,0.95,0.3197617530822754,0.5963137149810791,,
40f,30,30,46,test,Overlap-Group-1,top,random_row,10,300,0.540605902671814,0.9533333333333334,0.47675567865371704,0.5963137149810791,,
40f,30,30,46,test,Overlap-Group-1,least,random_row,1,300,0.0004669874906539917,0.016666666666666666,0.10740242153406143,0.5963137149810791,,
40f,30,30,46,test,Overlap-Group-1,least,random_row,3,300,0.0030168453231453896,0.02,0.10831359773874283,0.5963137149810791,,
40f,30,30,46,test,Overlap-Group-1,least,random_row,5,300,-0.0075804805383086205,0.03666666666666667,0.10826607048511505,0.5963137149810791,,
40f,30,30,46,test,Overlap-Group-1,least,random_row,10,300,0.036077603697776794,0.13666666666666666,0.10871074348688126,0.5963137149810791,,
40f,30,30,46,test,Overlap-Group-1,random,random_row,1,300,0.024056287482380867,0.06666666666666667,0.10957857966423035,0.5963137149810791,,
40f,30,30,46,test,Overlap-Group-1,random,random_row,3,300,0.06560276448726654,0.20333333333333334,0.11222592741250992,0.5963137149810791,,
40f,30,30,46,test,Overlap-Group-1,random,random_row,5,300,0.11430717259645462,0.31333333333333335,0.12692418694496155,0.5963137149810791,,
40f,30,30,46,test,Overlap-Group-1,random,random_row,10,300,0.2383762151002884,0.5233333333333333,0.18058322370052338,0.5963137149810791,,
40f,30,30,46,test,Overlap-Group-1,top_minus_random,median,1,300,0.14561042149861653,,,,0.12794704853494962,0.16376891355961562
40f,30,30,46,test,Overlap-Group-1,top_minus_random,median,3,300,0.41974929213523865,,,,0.40031059162318705,0.43926809568951525
40f,30,30,46,test,Overlap-Group-1,top_minus_random,median,5,300,0.43334145963191983,,,,0.4092495798369249,0.45515433771908287
40f,30,30,46,test,Overlap-Group-1,top_minus_random,median,10,300,0.4023362702131271,,,,0.3765898675844074,0.42670461906989415
40f,30,30,46,test,Overlap-Group-1,top_minus_random,random_row,1,300,0.13714284867048263,,,,0.12004400915404162,0.1552429915294051
40f,30,30,46,test,Overlap-Group-1,top_minus_random,random_row,3,300,0.36719052255153656,,,,0.34142260655015705,0.3924562423179547
40f,30,30,46,test,Overlap-Group-1,top_minus_random,random_row,5,300,0.40185322880744934,,,,0.37704158429553114,0.4265894945363204
40f,30,30,46,test,Overlap-Group-1,top_minus_random,random_row,10,300,0.30222963243722917,,,,0.2734548522209128,0.32590439392874637
40f,30,30,46,test,Reconnaissance,top,median,1,300,0.5938938856124878,0.38,0.01153015810996294,0.904542863368988,,
40f,30,30,46,test,Reconnaissance,top,median,3,300,0.8772525787353516,1.0,0.1462033987045288,0.904542863368988,,
40f,30,30,46,test,Reconnaissance,top,median,5,300,0.8918304443359375,1.0,0.6853109002113342,0.904542863368988,,
40f,30,30,46,test,Reconnaissance,top,median,10,300,0.8988698124885559,1.0,0.882555365562439,0.904542863368988,,
40f,30,30,46,test,Reconnaissance,least,median,1,300,0.0014452695613726974,0.0033333333333333335,0.0014577738475054502,0.904542863368988,,
40f,30,30,46,test,Reconnaissance,least,median,3,300,0.0028737029060721397,0.0,0.001643790048547089,0.904542863368988,,
40f,30,30,46,test,Reconnaissance,least,median,5,300,0.006683714222162962,0.006666666666666667,0.0020843741949647665,0.904542863368988,,
40f,30,30,46,test,Reconnaissance,least,median,10,300,0.018371956422924995,0.03666666666666667,0.0044987560249865055,0.904542863368988,,
40f,30,30,46,test,Reconnaissance,random,median,1,300,0.0349709689617157,0.03333333333333333,0.002504871692508459,0.904542863368988,,
40f,30,30,46,test,Reconnaissance,random,median,3,300,0.12582014501094818,0.12,0.007504167500883341,0.904542863368988,,
40f,30,30,46,test,Reconnaissance,random,median,5,300,0.23376546800136566,0.22666666666666666,0.014064343646168709,0.904542863368988,,
40f,30,30,46,test,Reconnaissance,random,median,10,300,0.49191030859947205,0.4766666666666667,0.04562482237815857,0.904542863368988,,
40f,30,30,46,test,Reconnaissance,top,random_row,1,300,0.45431527495384216,0.3,0.09089066833257675,0.904542863368988,,
40f,30,30,46,test,Reconnaissance,top,random_row,3,300,0.8092126250267029,0.9166666666666666,0.17922383546829224,0.904542863368988,,
40f,30,30,46,test,Reconnaissance,top,random_row,5,300,0.8412334322929382,0.9466666666666667,0.2822004556655884,0.904542863368988,,
40f,30,30,46,test,Reconnaissance,top,random_row,10,300,0.8469889163970947,0.9433333333333334,0.5481842756271362,0.904542863368988,,
40f,30,30,46,test,Reconnaissance,least,random_row,1,300,0.0020524070132523775,0.0,0.0811876580119133,0.904542863368988,,
40f,30,30,46,test,Reconnaissance,least,random_row,3,300,0.0039229616522789,0.0,0.08091183751821518,0.904542863368988,,
40f,30,30,46,test,Reconnaissance,least,random_row,5,300,0.006617680657655001,0.01,0.08134942501783371,0.904542863368988,,
40f,30,30,46,test,Reconnaissance,least,random_row,10,300,0.0814829021692276,0.13,0.07819066196680069,0.904542863368988,,
40f,30,30,46,test,Reconnaissance,random,random_row,1,300,0.036687564104795456,0.03666666666666667,0.08108476549386978,0.904542863368988,,
40f,30,30,46,test,Reconnaissance,random,random_row,3,300,0.14919480681419373,0.18,0.07830686122179031,0.904542863368988,,
40f,30,30,46,test,Reconnaissance,random,random_row,5,300,0.2665303945541382,0.29,0.08154658228158951,0.904542863368988,,
40f,30,30,46,test,Reconnaissance,random,random_row,10,300,0.564648449420929,0.6266666666666667,0.11106057465076447,0.904542863368988,,
40f,30,30,46,test,Reconnaissance,top_minus_random,median,1,300,0.5589229486385981,,,,0.5415337123200297,0.5784352399408816
40f,30,30,46,test,Reconnaissance,top_minus_random,median,3,300,0.7514324532945951,,,,0.7198880606964231,0.7814140113045772
40f,30,30,46,test,Reconnaissance,top_minus_random,median,5,300,0.6580650033553441,,,,0.6187979170009493,0.692618127224346
40f,30,30,46,test,Reconnaissance,top_minus_random,median,10,300,0.4069595116376877,,,,0.3686717273071409,0.4456953727180759
40f,30,30,46,test,Reconnaissance,top_minus_random,random_row,1,300,0.41762769828240076,,,,0.39031493026018144,0.44808546799172955
40f,30,30,46,test,Reconnaissance,top_minus_random,random_row,3,300,0.6600177976489067,,,,0.6241547874857981,0.6970043941065669
40f,30,30,46,test,Reconnaissance,top_minus_random,random_row,5,300,0.5747030691305797,,,,0.5310565999646982,0.6152489021867513
40f,30,30,46,test,Reconnaissance,top_minus_random,random_row,10,300,0.28234045962492627,,,,0.24272599594295027,0.3183428107971946
40f,30,30,46,test,Unknown,top,median,1,200,0.11156634986400604,0.53,0.3360644578933716,0.4415709674358368,,
40f,30,30,46,test,Unknown,top,median,3,200,0.2954874038696289,0.955,0.4307509660720825,0.4415709674358368,,
40f,30,30,46,test,Unknown,top,median,5,200,0.34786972403526306,0.985,0.5095244646072388,0.4415709674358368,,
40f,30,30,46,test,Unknown,top,median,10,200,0.37905076146125793,0.99,0.5980105400085449,0.4415709674358368,,
40f,30,30,46,test,Unknown,least,median,1,200,0.005422521848231554,0.13,0.2580757439136505,0.4415709674358368,,
40f,30,30,46,test,Unknown,least,median,3,200,0.02460789680480957,0.255,0.25732335448265076,0.4415709674358368,,
40f,30,30,46,test,Unknown,least,median,5,200,0.03154446557164192,0.36,0.2531168460845947,0.4415709674358368,,
40f,30,30,46,test,Unknown,least,median,10,200,0.0536169670522213,0.51,0.266484797000885,0.4415709674358368,,
40f,30,30,46,test,Unknown,random,median,1,200,0.010663870722055435,0.16,0.25622108578681946,0.4415709674358368,,
40f,30,30,46,test,Unknown,random,median,3,200,0.05540063977241516,0.455,0.2595619559288025,0.4415709674358368,,
40f,30,30,46,test,Unknown,random,median,5,200,0.08591020852327347,0.52,0.27185580134391785,0.4415709674358368,,
40f,30,30,46,test,Unknown,random,median,10,200,0.14130665361881256,0.635,0.27435335516929626,0.4415709674358368,,
40f,30,30,46,test,Unknown,top,random_row,1,200,0.1388678401708603,0.565,0.27902695536613464,0.4415709674358368,,
40f,30,30,46,test,Unknown,top,random_row,3,200,0.2756896913051605,0.85,0.32023918628692627,0.4415709674358368,,
40f,30,30,46,test,Unknown,top,random_row,5,200,0.32816195487976074,0.905,0.3814181387424469,0.4415709674358368,,
40f,30,30,46,test,Unknown,top,random_row,10,200,0.36102616786956787,0.96,0.5152283310890198,0.4415709674358368,,
40f,30,30,46,test,Unknown,least,random_row,1,200,0.00397215411067009,0.165,0.2692652940750122,0.4415709674358368,,
40f,30,30,46,test,Unknown,least,random_row,3,200,0.019371431320905685,0.305,0.26899483799934387,0.4415709674358368,,
40f,30,30,46,test,Unknown,least,random_row,5,200,0.02550913393497467,0.35,0.2685808837413788,0.4415709674358368,,
40f,30,30,46,test,Unknown,least,random_row,10,200,0.0406230203807354,0.455,0.26010021567344666,0.4415709674358368,,
40f,30,30,46,test,Unknown,random,random_row,1,200,0.0250517800450325,0.23,0.26146307587623596,0.4415709674358368,,
40f,30,30,46,test,Unknown,random,random_row,3,200,0.06414519995450974,0.425,0.258838415145874,0.4415709674358368,,
40f,30,30,46,test,Unknown,random,random_row,5,200,0.09311964362859726,0.505,0.2632715702056885,0.4415709674358368,,
40f,30,30,46,test,Unknown,random,random_row,10,200,0.14928656816482544,0.66,0.275346040725708,0.4415709674358368,,
40f,30,30,46,test,Unknown,top_minus_random,median,1,200,0.10090248622000217,,,,0.07626687779463828,0.12677458836510777
40f,30,30,46,test,Unknown,top_minus_random,median,3,200,0.24008678331971167,,,,0.21542867135070265,0.26648286093585194
40f,30,30,46,test,Unknown,top_minus_random,median,5,200,0.2619595032930374,,,,0.23540552684478463,0.28701751838251943
40f,30,30,46,test,Unknown,top_minus_random,median,10,200,0.23774406552314759,,,,0.20760340625420215,0.26752355492115015
40f,30,30,46,test,Unknown,top_minus_random,random_row,1,200,0.11381605960428715,,,,0.08680517046153546,0.14167119788751006
40f,30,30,46,test,Unknown,top_minus_random,random_row,3,200,0.21154450245201586,,,,0.18267672728933393,0.24195602008514105
40f,30,30,46,test,Unknown,top_minus_random,random_row,5,200,0.2350422966480255,,,,0.20753990198113023,0.26397225995361806
40f,30,30,46,test,Unknown,top_minus_random,random_row,10,200,0.2117396016418934,,,,0.18343544148653745,0.24072624561935663
40f,30,30,46,validation,all,top,median,1,1867,0.23037271201610565,0.23192287091590788,0.32136568427085876,0.791323184967041,,
40f,30,30,46,validation,all,top,median,3,1867,0.5115097165107727,0.7493304767005892,0.4725589156150818,0.791323184967041,,
40f,30,30,46,validation,all,top,median,5,1867,0.6008858680725098,0.839850026780932,0.6289405226707458,0.791323184967041,,
40f,30,30,46,validation,all,top,median,10,1867,0.6589878797531128,0.8901981788966256,0.7614357471466064,0.791323184967041,,
40f,30,30,46,validation,all,least,median,1,1867,0.0031047952361404896,0.012319228709159078,0.17269521951675415,0.791323184967041,,
40f,30,30,46,validation,all,least,median,3,1867,0.00822608545422554,0.03481521156936261,0.1712018847465515,0.791323184967041,,
40f,30,30,46,validation,all,least,median,5,1867,0.010279080830514431,0.05356186395286556,0.1756354421377182,0.791323184967041,,
40f,30,30,46,validation,all,least,median,10,1867,0.014723362401127815,0.09105516871987145,0.18944522738456726,0.791323184967041,,
40f,30,30,46,validation,all,random,median,1,1867,0.025692595168948174,0.05088377075522228,0.18192556500434875,0.791323184967041,,
40f,30,30,46,validation,all,random,median,3,1867,0.08294586092233658,0.1397964649169791,0.19955766201019287,0.791323184967041,,
40f,30,30,46,validation,all,random,median,5,1867,0.1438417136669159,0.21746116764863418,0.22736701369285583,0.791323184967041,,
40f,30,30,46,validation,all,random,median,10,1867,0.29177185893058777,0.4054633101231923,0.2988384962081909,0.791323184967041,,
40f,30,30,46,validation,all,top,random_row,1,1867,0.21025460958480835,0.2340653454740225,0.2206190675497055,0.791323184967041,,
40f,30,30,46,validation,all,top,random_row,3,1867,0.49235284328460693,0.6957686127477236,0.3528340458869934,0.791323184967041,,
40f,30,30,46,validation,all,top,random_row,5,1867,0.5862947702407837,0.7970005356186395,0.4525846838951111,0.791323184967041,,
40f,30,30,46,validation,all,top,random_row,10,1867,0.6466143727302551,0.8585966791644349,0.6230323314666748,0.791323184967041,,
40f,30,30,46,validation,all,least,random_row,1,1867,0.0036170787643641233,0.01981788966256026,0.18163712322711945,0.791323184967041,,
40f,30,30,46,validation,all,least,random_row,3,1867,0.011073404923081398,0.04552758435993572,0.18049420416355133,0.791323184967041,,
40f,30,30,46,validation,all,least,random_row,5,1867,0.017303723841905594,0.06427423674343867,0.18117192387580872,0.791323184967041,,
40f,30,30,46,validation,all,least,random_row,10,1867,0.04534177482128143,0.1156936261381896,0.17830677330493927,0.791323184967041,,
40f,30,30,46,validation,all,random,random_row,1,1867,0.027051083743572235,0.06320299946438136,0.18477299809455872,0.791323184967041,,
40f,30,30,46,validation,all,random,random_row,3,1867,0.08766008913516998,0.16336368505623997,0.19203004240989685,0.791323184967041,,
40f,30,30,46,validation,all,random,random_row,5,1867,0.1542857587337494,0.2340653454740225,0.20617632567882538,0.791323184967041,,
40f,30,30,46,validation,all,random,random_row,10,1867,0.3087085485458374,0.43867166577396893,0.2645511031150818,0.791323184967041,,
40f,30,30,46,validation,all,top_minus_random,median,1,1867,0.20468011745872763,,,,0.19316536397795403,0.21682554438957632
40f,30,30,46,validation,all,top_minus_random,median,3,1867,0.4285638380414608,,,,0.4140204852827025,0.44274558253071494
40f,30,30,46,validation,all,top_minus_random,median,5,1867,0.4570441178829835,,,,0.44158317039361056,0.4715873584015585
40f,30,30,46,validation,all,top_minus_random,median,10,1867,0.3672160271756714,,,,0.35296906496896485,0.3815985321733217
40f,30,30,46,validation,all,top_minus_random,random_row,1,1867,0.1832035276410282,,,,0.1711337308748064,0.19429328566408116
40f,30,30,46,validation,all,top_minus_random,random_row,3,1867,0.40469274687045514,,,,0.38916114828123816,0.4209808277150783
40f,30,30,46,validation,all,top_minus_random,random_row,5,1867,0.43200900463510084,,,,0.4158602703650031,0.446726692733507
40f,30,30,46,validation,all,top_minus_random,random_row,10,1867,0.33790580544423215,,,,0.323535383994934,0.3526179959234319
40f,30,30,46,validation,Exploits,top,median,1,300,0.1807236671447754,0.20666666666666667,0.07238152623176575,0.8529660105705261,,
40f,30,30,46,validation,Exploits,top,median,3,300,0.5928775072097778,0.7533333333333333,0.3901979327201843,0.8529660105705261,,
40f,30,30,46,validation,Exploits,top,median,5,300,0.7169897556304932,0.9566666666666667,0.546867847442627,0.8529660105705261,,
40f,30,30,46,validation,Exploits,top,median,10,300,0.7951160073280334,1.0,0.7749513983726501,0.8529660105705261,,
40f,30,30,46,validation,Exploits,least,median,1,300,-0.0005988746997900307,0.0,0.01643197610974312,0.8529660105705261,,
40f,30,30,46,validation,Exploits,least,median,3,300,-0.0011009647278115153,0.006666666666666667,0.020648550242185593,0.8529660105705261,,
40f,30,30,46,validation,Exploits,least,median,5,300,-0.0023510113824158907,0.013333333333333334,0.025451702997088432,0.8529660105705261,,
40f,30,30,46,validation,Exploits,least,median,10,300,-0.007223107852041721,0.006666666666666667,0.03826838359236717,0.8529660105705261,,
40f,30,30,46,validation,Exploits,random,median,1,300,0.030438149347901344,0.03,0.03978686407208443,0.8529660105705261,,
40f,30,30,46,validation,Exploits,random,median,3,300,0.11116723716259003,0.12666666666666668,0.08096140623092651,0.8529660105705261,,
40f,30,30,46,validation,Exploits,random,median,5,300,0.17516687512397766,0.17,0.12895157933235168,0.8529660105705261,,
40f,30,30,46,validation,Exploits,random,median,10,300,0.3154694437980652,0.33,0.24960719048976898,0.8529660105705261,,
40f,30,30,46,validation,Exploits,top,random_row,1,300,0.10976949334144592,0.12333333333333334,0.27705880999565125,0.8529660105705261,,
40f,30,30,46,validation,Exploits,top,random_row,3,300,0.34912165999412537,0.42333333333333334,0.37764692306518555,0.8529660105705261,,
40f,30,30,46,validation,Exploits,top,random_row,5,300,0.45195361971855164,0.5366666666666666,0.4747246205806732,0.8529660105705261,,
40f,30,30,46,validation,Exploits,top,random_row,10,300,0.5800958871841431,0.6866666666666666,0.7036773562431335,0.8529660105705261,,
40f,30,30,46,validation,Exploits,least,random_row,1,300,-0.001323612523265183,0.0,0.20328350365161896,0.8529660105705261,,
40f,30,30,46,validation,Exploits,least,random_row,3,300,-0.003862787038087845,0.013333333333333334,0.20700065791606903,0.8529660105705261,,
40f,30,30,46,validation,Exploits,least,random_row,5,300,-0.004001518711447716,0.023333333333333334,0.2114558219909668,0.8529660105705261,,
40f,30,30,46,validation,Exploits,least,random_row,10,300,-0.0018775413045659661,0.02,0.2208390235900879,0.8529660105705261,,
40f,30,30,46,validation,Exploits,random,random_row,1,300,0.013293086551129818,0.023333333333333334,0.21064190566539764,0.8529660105705261,,
40f,30,30,46,validation,Exploits,random,random_row,3,300,0.05789679288864136,0.07666666666666666,0.23144228756427765,0.8529660105705261,,
40f,30,30,46,validation,Exploits,random,random_row,5,300,0.09385859221220016,0.06666666666666667,0.26485520601272583,0.8529660105705261,,
40f,30,30,46,validation,Exploits,random,random_row,10,300,0.2032041996717453,0.19333333333333333,0.3829936683177948,0.8529660105705261,,
40f,30,30,46,validation,Exploits,top_minus_random,median,1,300,0.1502855211496353,,,,0.11802471541613341,0.1845613090271751
40f,30,30,46,validation,Exploits,top_minus_random,median,3,300,0.48171027640501657,,,,0.44836524778107806,0.5130595793326697
40f,30,30,46,validation,Exploits,top_minus_random,median,5,300,0.5418228849768638,,,,0.5091435112009446,0.5716042085861166
40f,30,30,46,validation,Exploits,top_minus_random,median,10,300,0.4796465954184532,,,,0.4450542031725248,0.5149103128910065
40f,30,30,46,validation,Exploits,top_minus_random,random_row,1,300,0.09647639642159143,,,,0.07125696266939242,0.12221344997733831
40f,30,30,46,validation,Exploits,top_minus_random,random_row,3,300,0.2912248651186625,,,,0.2531682095179955,0.3274605118855834
40f,30,30,46,validation,Exploits,top_minus_random,random_row,5,300,0.35809507648150124,,,,0.3259170986016592,0.3946298942044377
40f,30,30,46,validation,Exploits,top_minus_random,random_row,10,300,0.3768916553258896,,,,0.3423088266377648,0.41259646109243237
40f,30,30,46,validation,Fuzzers,top,median,1,300,0.26096856594085693,0.3233333333333333,0.016323702409863472,0.7670440673828125,,
40f,30,30,46,validation,Fuzzers,top,median,3,300,0.47087666392326355,0.6866666666666666,0.051146622747182846,0.7670440673828125,,
40f,30,30,46,validation,Fuzzers,top,median,5,300,0.6196101903915405,0.9033333333333333,0.12315768003463745,0.7670440673828125,,
40f,30,30,46,validation,Fuzzers,top,median,10,300,0.7358028292655945,1.0,0.4731144309043884,0.7670440673828125,,
40f,30,30,46,validation,Fuzzers,least,median,1,300,0.016280241310596466,0.02666666666666667,0.005782510619610548,0.7670440673828125,,
40f,30,30,46,validation,Fuzzers,least,median,3,300,0.04430898651480675,0.07666666666666666,0.009079605340957642,0.7670440673828125,,
40f,30,30,46,validation,Fuzzers,least,median,5,300,0.07965404540300369,0.12666666666666668,0.011798838153481483,0.7670440673828125,,
40f,30,30,46,validation,Fuzzers,least,median,10,300,0.1563483029603958,0.22,0.022063888609409332,0.7670440673828125,,
40f,30,30,46,validation,Fuzzers,random,median,1,300,0.0582355372607708,0.06333333333333334,0.009028741158545017,0.7670440673828125,,
40f,30,30,46,validation,Fuzzers,random,median,3,300,0.13924118876457214,0.19666666666666666,0.020817209035158157,0.7670440673828125,,
40f,30,30,46,validation,Fuzzers,random,median,5,300,0.2402246594429016,0.35,0.03737122192978859,0.7670440673828125,,
40f,30,30,46,validation,Fuzzers,random,median,10,300,0.43458953499794006,0.63,0.1009548082947731,0.7670440673828125,,
40f,30,30,46,validation,Fuzzers,top,random_row,1,300,0.3024759292602539,0.43,0.19180315732955933,0.7670440673828125,,
40f,30,30,46,validation,Fuzzers,top,random_row,3,300,0.5232352614402771,0.74,0.24111241102218628,0.7670440673828125,,
40f,30,30,46,validation,Fuzzers,top,random_row,5,300,0.6133223176002502,0.8466666666666667,0.2824300527572632,0.7670440673828125,,
40f,30,30,46,validation,Fuzzers,top,random_row,10,300,0.6672137379646301,0.9066666666666666,0.4033021330833435,0.7670440673828125,,
40f,30,30,46,validation,Fuzzers,least,random_row,1,300,0.01986568048596382,0.03666666666666667,0.192621648311615,0.7670440673828125,,
40f,30,30,46,validation,Fuzzers,least,random_row,3,300,0.0570082850754261,0.09666666666666666,0.1900233030319214,0.7670440673828125,,
40f,30,30,46,validation,Fuzzers,least,random_row,5,300,0.09788766503334045,0.13333333333333333,0.18913717567920685,0.7670440673828125,,
40f,30,30,46,validation,Fuzzers,least,random_row,10,300,0.16418685019016266,0.25,0.17021803557872772,0.7670440673828125,,
40f,30,30,46,validation,Fuzzers,random,random_row,1,300,0.06684063374996185,0.09,0.18867172300815582,0.7670440673828125,,
40f,30,30,46,validation,Fuzzers,random,random_row,3,300,0.16503332555294037,0.22,0.18369513750076294,0.7670440673828125,,
40f,30,30,46,validation,Fuzzers,random,random_row,5,300,0.271393746137619,0.3566666666666667,0.18526548147201538,0.7670440673828125,,
40f,30,30,46,validation,Fuzzers,random,random_row,10,300,0.44494810700416565,0.63,0.19785526394844055,0.7670440673828125,,
40f,30,30,46,validation,Fuzzers,top_minus_random,median,1,300,0.20273301939169566,,,,0.17388350619624057,0.23445864022523163
40f,30,30,46,validation,Fuzzers,top_minus_random,median,3,300,0.33163547029097873,,,,0.29776532730460165,0.36453622922301293
40f,30,30,46,validation,Fuzzers,top_minus_random,median,5,300,0.3793854996562004,,,,0.349670303247869,0.40682748243709405
40f,30,30,46,validation,Fuzzers,top_minus_random,median,10,300,0.3012133441368739,,,,0.27423309618979697,0.33257878960420684
40f,30,30,46,validation,Fuzzers,top_minus_random,random_row,1,300,0.23563528885444004,,,,0.19996007165312768,0.27257995231201254
40f,30,30,46,validation,Fuzzers,top_minus_random,random_row,3,300,0.3582019144296646,,,,0.3202796491185824,0.39740282312035563
40f,30,30,46,validation,Fuzzers,top_minus_random,random_row,5,300,0.34192857881387073,,,,0.31038484816998246,0.3729066478883227
40f,30,30,46,validation,Fuzzers,top_minus_random,random_row,10,300,0.2222656551003456,,,,0.1931596708148718,0.2516356380482514
40f,30,30,46,validation,Generic,top,median,1,167,0.21473081409931183,0.0718562874251497,0.014478315599262714,0.9730203747749329,,
40f,30,30,46,validation,Generic,top,median,3,167,0.823465883731842,1.0,0.6102213859558105,0.9730203747749329,,
40f,30,30,46,validation,Generic,top,median,5,167,0.968203067779541,1.0,0.9064087867736816,0.9730203747749329,,
40f,30,30,46,validation,Generic,top,median,10,167,0.9709154963493347,1.0,0.9340927004814148,0.9730203747749329,,
40f,30,30,46,validation,Generic,least,median,1,167,0.0004815698484890163,0.0,0.002293639350682497,0.9730203747749329,,
40f,30,30,46,validation,Generic,least,median,3,167,0.006289802026003599,0.005988023952095809,0.002875338774174452,0.9730203747749329,,
40f,30,30,46,validation,Generic,least,median,5,167,0.006834950763732195,0.0,0.00303375581279397,0.9730203747749329,,
40f,30,30,46,validation,Generic,least,median,10,167,0.01752721518278122,0.017964071856287425,0.0038924566470086575,0.9730203747749329,,
40f,30,30,46,validation,Generic,random,median,1,167,0.009509298950433731,0.005988023952095809,0.003748598974198103,0.9730203747749329,,
40f,30,30,46,validation,Generic,random,median,3,167,0.08253732323646545,0.0718562874251497,0.0197334922850132,0.9730203747749329,,
40f,30,30,46,validation,Generic,random,median,5,167,0.1813563108444214,0.17964071856287425,0.0415022112429142,0.9730203747749329,,
40f,30,30,46,validation,Generic,random,median,10,167,0.42646336555480957,0.41317365269461076,0.14596913754940033,0.9730203747749329,,
40f,30,30,46,validation,Generic,top,random_row,1,167,0.19912946224212646,0.0718562874251497,0.10935013741254807,0.9730203747749329,,
40f,30,30,46,validation,Generic,top,random_row,3,167,0.7113335728645325,0.7005988023952096,0.4799356162548065,0.9730203747749329,,
40f,30,30,46,validation,Generic,top,random_row,5,167,0.9241670966148376,0.9760479041916168,0.8463345766067505,0.9730203747749329,,
40f,30,30,46,validation,Generic,top,random_row,10,167,0.9468314051628113,0.9820359281437125,0.912473738193512,0.9730203747749329,,
40f,30,30,46,validation,Generic,least,random_row,1,167,0.0013290861388668418,0.0,0.03059432841837406,0.9730203747749329,,
40f,30,30,46,validation,Generic,least,random_row,3,167,0.005166835617274046,0.011976047904191617,0.03041379339993,0.9730203747749329,,
40f,30,30,46,validation,Generic,least,random_row,5,167,0.0072837877087295055,0.011976047904191617,0.029497874900698662,0.9730203747749329,,
40f,30,30,46,validation,Generic,least,random_row,10,167,0.02334819920361042,0.029940119760479042,0.02990702912211418,0.9730203747749329,,
40f,30,30,46,validation,Generic,random,random_row,1,167,0.008219482377171516,0.005988023952095809,0.03732164949178696,0.9730203747749329,,
40f,30,30,46,validation,Generic,random,random_row,3,167,0.0684194266796112,0.0658682634730539,0.049640022218227386,0.9730203747749329,,
40f,30,30,46,validation,Generic,random,random_row,5,167,0.16145242750644684,0.16167664670658682,0.08568789809942245,0.9730203747749329,,
40f,30,30,46,validation,Generic,random,random_row,10,167,0.40903595089912415,0.40119760479041916,0.19301632046699524,0.9730203747749329,,
40f,30,30,46,validation,Generic,top_minus_random,median,1,167,0.2052214950501562,,,,0.18538921259477467,0.226832389380939
40f,30,30,46,validation,Generic,top_minus_random,median,3,167,0.740928599399007,,,,0.6995173385623329,0.7756114592719935
40f,30,30,46,validation,Generic,top_minus_random,median,5,167,0.7868468013709177,,,,0.7368685567316539,0.8322156971889342
40f,30,30,46,validation,Generic,top_minus_random,median,10,167,0.5444520752943919,,,,0.4843041229480041,0.6041838472251764
40f,30,30,46,validation,Generic,top_minus_random,random_row,1,167,0.19090997994302988,,,,0.17029697265989052,0.213593205220685
40f,30,30,46,validation,Generic,top_minus_random,random_row,3,167,0.6429141110288883,,,,0.5957771922656877,0.686605892433021
40f,30,30,46,validation,Generic,top_minus_random,random_row,5,167,0.7627147098858199,,,,0.7067922514668126,0.8151546031727406
40f,30,30,46,validation,Generic,top_minus_random,random_row,10,167,0.5377953009691067,,,,0.47908029644164496,0.5956846221210713
40f,30,30,46,validation,Normal,top,median,1,300,0.06584321707487106,0.023333333333333334,0.976467490196228,0.9753707051277161,,
40f,30,30,46,validation,Normal,top,median,3,300,0.10186557471752167,0.08333333333333333,0.971527636051178,0.9753707051277161,,
40f,30,30,46,validation,Normal,top,median,5,300,0.20810328423976898,0.18,0.9763113260269165,0.9753707051277161,,
40f,30,30,46,validation,Normal,top,median,10,300,0.3557445704936981,0.31666666666666665,0.9833694696426392,0.9753707051277161,,
40f,30,30,46,validation,Normal,least,median,1,300,-0.001055519562214613,0.0,0.9310335516929626,0.9753707051277161,,
40f,30,30,46,validation,Normal,least,median,3,300,-0.0012976813595741987,0.0,0.9067179560661316,0.9753707051277161,,
40f,30,30,46,validation,Normal,least,median,5,300,0.0003289296291768551,0.0,0.8771046996116638,0.9753707051277161,,
40f,30,30,46,validation,Normal,least,median,10,300,0.008416324853897095,0.01,0.7797484397888184,0.9753707051277161,,
40f,30,30,46,validation,Normal,random,median,1,300,-5.769034396507777e-05,0.0033333333333333335,0.9256368279457092,0.9753707051277161,,
40f,30,30,46,validation,Normal,random,median,3,300,0.015435988083481789,0.013333333333333334,0.8925825953483582,0.9753707051277161,,
40f,30,30,46,validation,Normal,random,median,5,300,0.025931017473340034,0.02,0.8684971332550049,0.9753707051277161,,
40f,30,30,46,validation,Normal,random,median,10,300,0.06903043389320374,0.043333333333333335,0.8410779237747192,0.9753707051277161,,
40f,30,30,46,validation,Normal,top,random_row,1,300,0.07820991426706314,0.05,0.49109557271003723,0.9753707051277161,,
40f,30,30,46,validation,Normal,top,random_row,3,300,0.39735618233680725,0.44333333333333336,0.7441539764404297,0.9753707051277161,,
40f,30,30,46,validation,Normal,top,random_row,5,300,0.5066074132919312,0.5333333333333333,0.8039172887802124,0.9753707051277161,,
40f,30,30,46,validation,Normal,top,random_row,10,300,0.6237897276878357,0.6733333333333333,0.8869349956512451,0.9753707051277161,,
40f,30,30,46,validation,Normal,least,random_row,1,300,0.0014484395505860448,0.0033333333333333335,0.4521787464618683,0.9753707051277161,,
40f,30,30,46,validation,Normal,least,random_row,3,300,0.003983828239142895,0.0033333333333333335,0.44618844985961914,0.9753707051277161,,
40f,30,30,46,validation,Normal,least,random_row,5,300,0.0058379690162837505,0.0033333333333333335,0.4439240097999573,0.9753707051277161,,
40f,30,30,46,validation,Normal,least,random_row,10,300,0.02350986935198307,0.02,0.4318508505821228,0.9753707051277161,,
40f,30,30,46,validation,Normal,random,random_row,1,300,0.002643416402861476,0.006666666666666667,0.4601617455482483,0.9753707051277161,,
40f,30,30,46,validation,Normal,random,random_row,3,300,0.02013729140162468,0.02666666666666667,0.4745122194290161,0.9753707051277161,,
40f,30,30,46,validation,Normal,random,random_row,5,300,0.04783308133482933,0.03666666666666667,0.4905049204826355,0.9753707051277161,,
40f,30,30,46,validation,Normal,random,random_row,10,300,0.16994713246822357,0.16,0.5470322966575623,0.9753707051277161,,
40f,30,30,46,validation,Normal,top_minus_random,median,1,300,0.06590090403954188,,,,0.051962571233510974,0.07939683135598898
40f,30,30,46,validation,Normal,top_minus_random,median,3,300,0.08642960250377656,,,,0.06854420250157515,0.10529688672969738
40f,30,30,46,validation,Normal,top_minus_random,median,5,300,0.18217227429151536,,,,0.1548467854112387,0.21166778396815059
40f,30,30,46,validation,Normal,top_minus_random,median,10,300,0.2867141631245613,,,,0.2563722203026215,0.31630876237899064
40f,30,30,46,validation,Normal,top_minus_random,random_row,1,300,0.0755665048956871,,,,0.05872151258587838,0.0924807213495175
40f,30,30,46,validation,Normal,top_minus_random,random_row,3,300,0.3772189157207807,,,,0.334314305305481,0.41704989411930243
40f,30,30,46,validation,Normal,top_minus_random,random_row,5,300,0.4587743271390597,,,,0.41612653762102125,0.5027740741794309
40f,30,30,46,validation,Normal,top_minus_random,random_row,10,300,0.4538426023721695,,,,0.41041853046913945,0.500001143651704
40f,30,30,46,validation,Overlap-Group-1,top,median,1,300,0.1375959813594818,0.17666666666666667,0.6628211736679077,0.5815147757530212,,
40f,30,30,46,validation,Overlap-Group-1,top,median,3,300,0.4578131139278412,0.95,0.7178770303726196,0.5815147757530212,,
40f,30,30,46,validation,Overlap-Group-1,top,median,5,300,0.5155314207077026,0.9766666666666667,0.7104398608207703,0.5815147757530212,,
40f,30,30,46,validation,Overlap-Group-1,top,median,10,300,0.512560248374939,1.0,0.6900147199630737,0.5815147757530212,,
40f,30,30,46,validation,Overlap-Group-1,least,median,1,300,0.004393911920487881,0.0,0.041277941316366196,0.5815147757530212,,
40f,30,30,46,validation,Overlap-Group-1,least,median,3,300,-8.524736040271819e-05,0.0033333333333333335,0.04777435585856438,0.5815147757530212,,
40f,30,30,46,validation,Overlap-Group-1,least,median,5,300,-0.02451433800160885,0.016666666666666666,0.09184824675321579,0.5815147757530212,,
40f,30,30,46,validation,Overlap-Group-1,least,median,10,300,-0.08142001181840897,0.05,0.21302075684070587,0.5815147757530212,,
40f,30,30,46,validation,Overlap-Group-1,random,median,1,300,0.018309850245714188,0.06,0.0741797387599945,0.5815147757530212,,
40f,30,30,46,validation,Overlap-Group-1,random,median,3,300,0.03876795992255211,0.12,0.13207417726516724,0.5815147757530212,,
40f,30,30,46,validation,Overlap-Group-1,random,median,5,300,0.05962561443448067,0.15666666666666668,0.20861682295799255,0.5815147757530212,,
40f,30,30,46,validation,Overlap-Group-1,random,median,10,300,0.13377363979816437,0.33666666666666667,0.340341717004776,0.5815147757530212,,
40f,30,30,46,validation,Overlap-Group-1,top,random_row,1,300,0.13135592639446259,0.16,0.12967446446418762,0.5815147757530212,,
40f,30,30,46,validation,Overlap-Group-1,top,random_row,3,300,0.3913332521915436,0.8233333333333334,0.2230333685874939,0.5815147757530212,,
40f,30,30,46,validation,Overlap-Group-1,top,random_row,5,300,0.4850086569786072,0.93,0.2967557907104492,0.5815147757530212,,
40f,30,30,46,validation,Overlap-Group-1,top,random_row,10,300,0.5255569219589233,0.9566666666666667,0.500446617603302,0.5815147757530212,,
40f,30,30,46,validation,Overlap-Group-1,least,random_row,1,300,-0.0019626140128821135,0.0033333333333333335,0.07282839715480804,0.5815147757530212,,
40f,30,30,46,validation,Overlap-Group-1,least,random_row,3,300,-0.0015322351828217506,0.006666666666666667,0.07234185189008713,0.5815147757530212,,
40f,30,30,46,validation,Overlap-Group-1,least,random_row,5,300,-0.021462198346853256,0.013333333333333334,0.07166741788387299,0.5815147757530212,,
40f,30,30,46,validation,Overlap-Group-1,least,random_row,10,300,0.005438752006739378,0.07333333333333333,0.07813562452793121,0.5815147757530212,,
40f,30,30,46,validation,Overlap-Group-1,random,random_row,1,300,0.016545817255973816,0.05,0.0755033865571022,0.5815147757530212,,
40f,30,30,46,validation,Overlap-Group-1,random,random_row,3,300,0.05514863505959511,0.16666666666666666,0.08267383277416229,0.5815147757530212,,
40f,30,30,46,validation,Overlap-Group-1,random,random_row,5,300,0.09743019938468933,0.24333333333333335,0.0967625305056572,0.5815147757530212,,
40f,30,30,46,validation,Overlap-Group-1,random,random_row,10,300,0.20535464584827423,0.48,0.16247719526290894,0.5815147757530212,,
40f,30,30,46,validation,Overlap-Group-1,top_minus_random,median,1,300,0.11928613056739171,,,,0.10067523077875376,0.13975776490817468
40f,30,30,46,validation,Overlap-Group-1,top_minus_random,median,3,300,0.41904508451620737,,,,0.400443576519688,0.43611448918282986
40f,30,30,46,validation,Overlap-Group-1,top_minus_random,median,5,300,0.4559057832757632,,,,0.43400832676887513,0.4764339564094941
40f,30,30,46,validation,Overlap-Group-1,top_minus_random,median,10,300,0.37878664284944535,,,,0.3557467275038361,0.4045401535605391
40f,30,30,46,validation,Overlap-Group-1,top_minus_random,random_row,1,300,0.11481011003255844,,,,0.09598879529535771,0.13428431682288647
40f,30,30,46,validation,Overlap-Group-1,top_minus_random,random_row,3,300,0.3361846363544464,,,,0.31240683800975483,0.36057229940344887
40f,30,30,46,validation,Overlap-Group-1,top_minus_random,random_row,5,300,0.3875784181555112,,,,0.36223260167986154,0.4106298478419582
40f,30,30,46,validation,Overlap-Group-1,top_minus_random,random_row,10,300,0.32020229905843733,,,,0.2957880971282721,0.34719273691872754
40f,30,30,46,validation,Reconnaissance,top,median,1,300,0.5945106148719788,0.3466666666666667,0.012749993242323399,0.9114250540733337,,
40f,30,30,46,validation,Reconnaissance,top,median,3,300,0.8861079812049866,1.0,0.15067674219608307,0.9114250540733337,,
40f,30,30,46,validation,Reconnaissance,top,median,5,300,0.8980953693389893,1.0,0.6892268657684326,0.9114250540733337,,
40f,30,30,46,validation,Reconnaissance,top,median,10,300,0.905242383480072,1.0,0.8939744234085083,0.9114250540733337,,
40f,30,30,46,validation,Reconnaissance,least,median,1,300,-0.0004986635758541524,0.0,0.0014426440466195345,0.9114250540733337,,
40f,30,30,46,validation,Reconnaissance,least,median,3,300,0.0002995008253492415,0.0033333333333333335,0.001664431649260223,0.9114250540733337,,
40f,30,30,46,validation,Reconnaissance,least,median,5,300,0.0036095583345741034,0.013333333333333334,0.0020042217802256346,0.9114250540733337,,
40f,30,30,46,validation,Reconnaissance,least,median,10,300,0.01333498302847147,0.03333333333333333,0.0050565279088914394,0.9114250540733337,,
40f,30,30,46,validation,Reconnaissance,random,median,1,300,0.04699724540114403,0.05,0.002273587044328451,0.9114250540733337,,
40f,30,30,46,validation,Reconnaissance,random,median,3,300,0.14624804258346558,0.16333333333333333,0.00849381648004055,0.9114250540733337,,
40f,30,30,46,validation,Reconnaissance,random,median,5,300,0.24605052173137665,0.24666666666666667,0.016308020800352097,0.9114250540733337,,
40f,30,30,46,validation,Reconnaissance,random,median,10,300,0.5412946939468384,0.5566666666666666,0.06596779078245163,0.9114250540733337,,
40f,30,30,46,validation,Reconnaissance,top,random_row,1,300,0.4972470700740814,0.34,0.09185148775577545,0.9114250540733337,,
40f,30,30,46,validation,Reconnaissance,top,random_row,3,300,0.8310937285423279,0.95,0.16914206743240356,0.9114250540733337,,
40f,30,30,46,validation,Reconnaissance,top,random_row,5,300,0.8614690899848938,0.96,0.2745774984359741,0.9114250540733337,,
40f,30,30,46,validation,Reconnaissance,top,random_row,10,300,0.8654102683067322,0.9533333333333334,0.5641973614692688,0.9114250540733337,,
40f,30,30,46,validation,Reconnaissance,least,random_row,1,300,0.0011787419207394123,0.0,0.08063466101884842,0.9114250540733337,,
40f,30,30,46,validation,Reconnaissance,least,random_row,3,300,0.003669553203508258,0.0033333333333333335,0.07997485250234604,0.9114250540733337,,
40f,30,30,46,validation,Reconnaissance,least,random_row,5,300,0.016437990590929985,0.02666666666666667,0.07968030124902725,0.9114250540733337,,
40f,30,30,46,validation,Reconnaissance,least,random_row,10,300,0.06516578793525696,0.10333333333333333,0.07720557600259781,0.9114250540733337,,
40f,30,30,46,validation,Reconnaissance,random,random_row,1,300,0.05446105822920799,0.07,0.08092392235994339,0.9114250540733337,,
40f,30,30,46,validation,Reconnaissance,random,random_row,3,300,0.17696240544319153,0.21666666666666667,0.07832750678062439,0.9114250540733337,,
40f,30,30,46,validation,Reconnaissance,random,random_row,5,300,0.30644530057907104,0.3433333333333333,0.07753577083349228,0.9114250540733337,,
40f,30,30,46,validation,Reconnaissance,random,random_row,10,300,0.5880964994430542,0.66,0.09089060127735138,0.9114250540733337,,
40f,30,30,46,validation,Reconnaissance,top_minus_random,median,1,300,0.5475132878621419,,,,0.5289101834371687,0.5672404919713735
40f,30,30,46,validation,Reconnaissance,top_minus_random,median,3,300,0.7398599529266358,,,,0.7067846202999354,0.773124284359316
40f,30,30,46,validation,Reconnaissance,top_minus_random,median,5,300,0.6520448779066403,,,,0.6125414817829927,0.6894683499932289
40f,30,30,46,validation,Reconnaissance,top_minus_random,median,10,300,0.363947683374087,,,,0.3269757179245353,0.4032648793657621
40f,30,30,46,validation,Reconnaissance,top_minus_random,random_row,1,300,0.44278598060210544,,,,0.41577267997463546,0.47288085079441466
40f,30,30,46,validation,Reconnaissance,top_minus_random,random_row,3,300,0.6541312913099925,,,,0.6160452932020029,0.6899090443576374
40f,30,30,46,validation,Reconnaissance,top_minus_random,random_row,5,300,0.5550238359967867,,,,0.5147420312836767,0.5937127136439084
40f,30,30,46,validation,Reconnaissance,top_minus_random,random_row,10,300,0.27731369793415067,,,,0.24170865958432358,0.31841659697393576
40f,30,30,46,validation,Unknown,top,median,1,200,0.11176612973213196,0.49,0.3767434358596802,0.44204917550086975,,
40f,30,30,46,validation,Unknown,top,median,3,200,0.3230378329753876,0.95,0.4796637296676636,0.44204917550086975,,
40f,30,30,46,validation,Unknown,top,median,5,200,0.36332467198371887,0.98,0.5453025698661804,0.44204917550086975,,
40f,30,30,46,validation,Unknown,top,median,10,200,0.38423827290534973,1.0,0.604899525642395,0.44204917550086975,,
40f,30,30,46,validation,Unknown,least,median,1,200,0.000799508998170495,0.075,0.11624176055192947,0.44204917550086975,,
40f,30,30,46,validation,Unknown,least,median,3,200,0.00835163053125143,0.185,0.11694128066301346,0.44204917550086975,,
40f,30,30,46,validation,Unknown,least,median,5,200,0.00515725975856185,0.245,0.12471212446689606,0.44204917550086975,,
40f,30,30,46,validation,Unknown,least,median,10,200,-0.011377382092177868,0.355,0.17798404395580292,0.44204917550086975,,
40f,30,30,46,validation,Unknown,random,median,1,200,0.0010154801420867443,0.16,0.11878658086061478,0.44204917550086975,,
40f,30,30,46,validation,Unknown,random,median,3,200,0.02909034676849842,0.315,0.14399954676628113,0.44204917550086975,,
40f,30,30,46,validation,Unknown,random,median,5,200,0.07083185017108917,0.465,0.19819961488246918,0.44204917550086975,,
40f,30,30,46,validation,Unknown,random,median,10,200,0.12635678052902222,0.595,0.2708488702774048,0.44204917550086975,,
40f,30,30,46,validation,Unknown,top,random_row,1,200,0.11786624789237976,0.47,0.19594642519950867,0.44204917550086975,,
40f,30,30,46,validation,Unknown,top,random_row,3,200,0.26394015550613403,0.84,0.26032623648643494,0.44204917550086975,,
40f,30,30,46,validation,Unknown,top,random_row,5,200,0.3238404095172882,0.915,0.31958073377609253,0.44204917550086975,,
40f,30,30,46,validation,Unknown,top,random_row,10,200,0.3524410128593445,0.93,0.46625345945358276,0.44204917550086975,,
40f,30,30,46,validation,Unknown,least,random_row,1,200,0.003845690283924341,0.12,0.16771598160266876,0.44204917550086975,,
40f,30,30,46,validation,Unknown,least,random_row,3,200,0.010155961848795414,0.23,0.16622407734394073,0.44204917550086975,,
40f,30,30,46,validation,Unknown,least,random_row,5,200,0.013398448005318642,0.29,0.17281219363212585,0.44204917550086975,,
40f,30,30,46,validation,Unknown,least,random_row,10,200,0.0191341582685709,0.355,0.1721477061510086,0.44204917550086975,,
40f,30,30,46,validation,Unknown,random,random_row,1,200,0.014982580207288265,0.225,0.1698383092880249,0.44204917550086975,,
40f,30,30,46,validation,Unknown,random,random_row,3,200,0.04840906709432602,0.41,0.17517462372779846,0.44204917550086975,,
40f,30,30,46,validation,Unknown,random,random_row,5,200,0.08000349253416061,0.48,0.1807207465171814,0.44204917550086975,,
40f,30,30,46,validation,Unknown,random,random_row,10,200,0.12292329967021942,0.575,0.23654235899448395,0.44204917550086975,,
40f,30,30,46,validation,Unknown,top_minus_random,median,1,200,0.11075065359473228,,,,0.08684421321190895,0.1389250357747078
40f,30,30,46,validation,Unknown,top_minus_random,median,3,200,0.29394746765494345,,,,0.2676649997066706,0.3182490320857614
40f,30,30,46,validation,Unknown,top_minus_random,median,5,200,0.29249278113245963,,,,0.26316363926790654,0.3226755996551365
40f,30,30,46,validation,Unknown,top_minus_random,median,10,200,0.25788148745894435,,,,0.22530751024372875,0.2899702585656196
40f,30,30,46,validation,Unknown,top_minus_random,random_row,1,200,0.10288367606699467,,,,0.07763034952059389,0.12916641772724688
40f,30,30,46,validation,Unknown,top_minus_random,random_row,3,200,0.21553107492625714,,,,0.18666567709110676,0.24667163994163274
40f,30,30,46,validation,Unknown,top_minus_random,random_row,5,200,0.24383692063391207,,,,0.21261730826087294,0.27576315716654065
40f,30,30,46,validation,Unknown,top_minus_random,random_row,10,200,0.22951775282621384,,,,0.1965129041876644,0.26542733049765227
40f,15,15,46,test,all,top,median,1,2000,0.3146035671234131,0.413,0.3906523883342743,0.7847108244895935,,
40f,15,15,46,test,all,top,median,3,2000,0.571693480014801,0.8275,0.5410133600234985,0.7847108244895935,,
40f,15,15,46,test,all,top,median,5,2000,0.6362658739089966,0.8815,0.635139524936676,0.7847108244895935,,
40f,15,15,46,test,all,top,median,10,2000,0.679775595664978,0.904,0.7547284960746765,0.7847108244895935,,
40f,15,15,46,test,all,least,median,1,2000,0.007878915406763554,0.035,0.1781081259250641,0.7847108244895935,,
40f,15,15,46,test,all,least,median,3,2000,0.03508049622178078,0.096,0.19105258584022522,0.7847108244895935,,
40f,15,15,46,test,all,least,median,5,2000,0.06124601513147354,0.1385,0.17300006747245789,0.7847108244895935,,
40f,15,15,46,test,all,least,median,10,2000,0.19193726778030396,0.304,0.20100955665111542,0.7847108244895935,,
40f,15,15,46,test,all,random,median,1,2000,0.05777892470359802,0.1145,0.1898076981306076,0.7847108244895935,,
40f,15,15,46,test,all,random,median,3,2000,0.17735007405281067,0.275,0.233183354139328,0.7847108244895935,,
40f,15,15,46,test,all,random,median,5,2000,0.28922149538993835,0.42,0.2915920317173004,0.7847108244895935,,
40f,15,15,46,test,all,random,median,10,2000,0.4951266646385193,0.6965,0.49144476652145386,0.7847108244895935,,
40f,15,15,46,test,all,top,random_row,1,2000,0.2792561948299408,0.394,0.27172961831092834,0.7847108244895935,,
40f,15,15,46,test,all,top,random_row,3,2000,0.5396943688392639,0.7605,0.4388744831085205,0.7847108244895935,,
40f,15,15,46,test,all,top,random_row,5,2000,0.6121545433998108,0.835,0.5203203558921814,0.7847108244895935,,
40f,15,15,46,test,all,top,random_row,10,2000,0.6471009850502014,0.866,0.7174127101898193,0.7847108244895935,,
40f,15,15,46,test,all,least,random_row,1,2000,0.008680582977831364,0.0355,0.17170573770999908,0.7847108244895935,,
40f,15,15,46,test,all,least,random_row,3,2000,0.04897547885775566,0.1085,0.1690378487110138,0.7847108244895935,,
40f,15,15,46,test,all,least,random_row,5,2000,0.10350500047206879,0.1945,0.1716109663248062,0.7847108244895935,,
40f,15,15,46,test,all,least,random_row,10,2000,0.2895395755767822,0.4465,0.20990830659866333,0.7847108244895935,,
40f,15,15,46,test,all,random,random_row,1,2000,0.06227227300405502,0.1265,0.18223795294761658,0.7847108244895935,,
40f,15,15,46,test,all,random,random_row,3,2000,0.18599539995193481,0.2905,0.2159329652786255,0.7847108244895935,,
40f,15,15,46,test,all,random,random_row,5,2000,0.30034056305885315,0.428,0.2677527368068695,0.7847108244895935,,
40f,15,15,46,test,all,random,random_row,10,2000,0.508747398853302,0.707,0.4843278229236603,0.7847108244895935,,
40f,15,15,46,test,all,top_minus_random,median,1,2000,0.25682467768341305,,,,0.2447036678288132,0.2705260014304891
40f,15,15,46,test,all,top_minus_random,median,3,2000,0.39434345851838587,,,,0.37800957594998186,0.4099204462051391
40f,15,15,46,test,all,top_minus_random,median,5,2000,0.34704436830431223,,,,0.3321190415227786,0.3611386775780469
40f,15,15,46,test,all,top_minus_random,median,10,2000,0.18464890377968549,,,,0.17287676513474434,0.1976168833248317
40f,15,15,46,test,all,top_minus_random,random_row,1,2000,0.21698392430692912,,,,0.20458559465296566,0.22868244206197558
40f,15,15,46,test,all,top_minus_random,random_row,3,2000,0.35369899962097406,,,,0.3372870113797486,0.36910571942031384
40f,15,15,46,test,all,top_minus_random,random_row,5,2000,0.31181391402333974,,,,0.29635885756351055,0.3255389756396413
40f,15,15,46,test,all,top_minus_random,random_row,10,2000,0.13835364937037228,,,,0.12682658789958803,0.14959014903977513
40f,15,15,46,test,Exploits,top,median,1,300,0.4601193368434906,0.5533333333333333,0.34140607714653015,0.8386422395706177,,
40f,15,15,46,test,Exploits,top,median,3,300,0.7165266871452332,0.9133333333333333,0.6273077130317688,0.8386422395706177,,
40f,15,15,46,test,Exploits,top,median,5,300,0.7923151254653931,0.99,0.7899830341339111,0.8386422395706177,,
40f,15,15,46,test,Exploits,top,median,10,300,0.8131985068321228,0.99,0.866544783115387,0.8386422395706177,,
40f,15,15,46,test,Exploits,least,median,1,300,-0.007608493324369192,0.0,0.01540282741189003,0.8386422395706177,,
40f,15,15,46,test,Exploits,least,median,3,300,-0.017351487651467323,0.016666666666666666,0.022775009274482727,0.8386422395706177,,
40f,15,15,46,test,Exploits,least,median,5,300,-0.015312151983380318,0.02,0.028728624805808067,0.8386422395706177,,
40f,15,15,46,test,Exploits,least,median,10,300,0.0765584334731102,0.06333333333333334,0.05946296080946922,0.8386422395706177,,
40f,15,15,46,test,Exploits,random,median,1,300,0.08639547973871231,0.12333333333333334,0.07187770307064056,0.8386422395706177,,
40f,15,15,46,test,Exploits,random,median,3,300,0.24164742231369019,0.2733333333333333,0.1711459904909134,0.8386422395706177,,
40f,15,15,46,test,Exploits,random,median,5,300,0.3756917715072632,0.43666666666666665,0.2732603847980499,0.8386422395706177,,
40f,15,15,46,test,Exploits,random,median,10,300,0.6149942278862,0.7033333333333334,0.5236720442771912,0.8386422395706177,,
40f,15,15,46,test,Exploits,top,random_row,1,300,0.2134568840265274,0.24,0.23573410511016846,0.8386422395706177,,
40f,15,15,46,test,Exploits,top,random_row,3,300,0.39772897958755493,0.4533333333333333,0.39720404148101807,0.8386422395706177,,
40f,15,15,46,test,Exploits,top,random_row,5,300,0.5202391743659973,0.59,0.5129638910293579,0.8386422395706177,,
40f,15,15,46,test,Exploits,top,random_row,10,300,0.6378917694091797,0.7566666666666667,0.7907795310020447,0.8386422395706177,,
40f,15,15,46,test,Exploits,least,random_row,1,300,0.0005307467072270811,0.0,0.1818053424358368,0.8386422395706177,,
40f,15,15,46,test,Exploits,least,random_row,3,300,0.02175552025437355,0.03666666666666667,0.19732460379600525,0.8386422395706177,,
40f,15,15,46,test,Exploits,least,random_row,5,300,0.06207621097564697,0.07333333333333333,0.2212403118610382,0.8386422395706177,,
40f,15,15,46,test,Exploits,least,random_row,10,300,0.34718531370162964,0.3933333333333333,0.35057592391967773,0.8386422395706177,,
40f,15,15,46,test,Exploits,random,random_row,1,300,0.05929414927959442,0.07333333333333333,0.20286953449249268,0.8386422395706177,,
40f,15,15,46,test,Exploits,random,random_row,3,300,0.17695124447345734,0.17333333333333334,0.27531197667121887,0.8386422395706177,,
40f,15,15,46,test,Exploits,random,random_row,5,300,0.28139403462409973,0.2733333333333333,0.34647396206855774,0.8386422395706177,,
40f,15,15,46,test,Exploits,random,random_row,10,300,0.4845156967639923,0.5766666666666667,0.5899205803871155,0.8386422395706177,,
40f,15,15,46,test,Exploits,top_minus_random,median,1,300,0.37372384548187254,,,,0.33058050128072497,0.4187435053413113
40f,15,15,46,test,Exploits,top_minus_random,median,3,300,0.4748792934417725,,,,0.4396083505625526,0.5116989760125678
40f,15,15,46,test,Exploits,top_minus_random,median,5,300,0.41662333498398463,,,,0.3764576997136076,0.45390514422208067
40f,15,15,46,test,Exploits,top_minus_random,median,10,300,0.19820419540007908,,,,0.1668516450027625,0.23230686877916254
40f,15,15,46,test,Exploits,top_minus_random,random_row,1,300,0.15416273673375447,,,,0.1216628898382187,0.18904492422689995
40f,15,15,46,test,Exploits,top_minus_random,random_row,3,300,0.22077773412068685,,,,0.18436625998218859,0.2554265183160703
40f,15,15,46,test,Exploits,top_minus_random,random_row,5,300,0.238845101694266,,,,0.20526572755475841,0.2758574917788307
40f,15,15,46,test,Exploits,top_minus_random,random_row,10,300,0.15337601919968924,,,,0.1267224318658312,0.18114161647856236
40f,15,15,46,test,Fuzzers,top,median,1,300,0.3354821801185608,0.54,0.0059782410971820354,0.7255677580833435,,
40f,15,15,46,test,Fuzzers,top,median,3,300,0.5748760104179382,0.9166666666666666,0.039402347058057785,0.7255677580833435,,
40f,15,15,46,test,Fuzzers,top,median,5,300,0.6732022166252136,0.9933333333333333,0.21682970225811005,0.7255677580833435,,
40f,15,15,46,test,Fuzzers,top,median,10,300,0.7151983380317688,1.0,0.5918174982070923,0.7255677580833435,,
40f,15,15,46,test,Fuzzers,least,median,1,300,0.02541694976389408,0.04,0.004802963696420193,0.7255677580833435,,
40f,15,15,46,test,Fuzzers,least,median,3,300,0.10460115969181061,0.15333333333333332,0.011995576322078705,0.7255677580833435,,
40f,15,15,46,test,Fuzzers,least,median,5,300,0.19611753523349762,0.23333333333333334,0.017444424331188202,0.7255677580833435,,
40f,15,15,46,test,Fuzzers,least,median,10,300,0.5842341780662537,0.8266666666666667,0.0967506468296051,0.7255677580833435,,
40f,15,15,46,test,Fuzzers,random,median,1,300,0.10755227506160736,0.16666666666666666,0.00679706409573555,0.7255677580833435,,
40f,15,15,46,test,Fuzzers,random,median,3,300,0.3112587034702301,0.4766666666666667,0.02385508455336094,0.7255677580833435,,
40f,15,15,46,test,Fuzzers,random,median,5,300,0.46384602785110474,0.6866666666666666,0.054830893874168396,0.7255677580833435,,
40f,15,15,46,test,Fuzzers,random,median,10,300,0.6719925999641418,0.98,0.24803763628005981,0.7255677580833435,,
40f,15,15,46,test,Fuzzers,top,random_row,1,300,0.3372868597507477,0.5066666666666667,0.17736344039440155,0.7255677580833435,,
40f,15,15,46,test,Fuzzers,top,random_row,3,300,0.5457855463027954,0.8166666666666667,0.23527739942073822,0.7255677580833435,,
40f,15,15,46,test,Fuzzers,top,random_row,5,300,0.602300763130188,0.8633333333333333,0.30161941051483154,0.7255677580833435,,
40f,15,15,46,test,Fuzzers,top,random_row,10,300,0.6285372972488403,0.9066666666666666,0.547213077545166,0.7255677580833435,,
40f,15,15,46,test,Fuzzers,least,random_row,1,300,0.020926380529999733,0.03333333333333333,0.17255781590938568,0.7255677580833435,,
40f,15,15,46,test,Fuzzers,least,random_row,3,300,0.10565275698900223,0.13,0.15619094669818878,0.7255677580833435,,
40f,15,15,46,test,Fuzzers,least,random_row,5,300,0.2057645320892334,0.3,0.14920368790626526,0.7255677580833435,,
40f,15,15,46,test,Fuzzers,least,random_row,10,300,0.4437224268913269,0.6433333333333333,0.151967853307724,0.7255677580833435,,
40f,15,15,46,test,Fuzzers,random,random_row,1,300,0.09608268737792969,0.12666666666666668,0.17100703716278076,0.7255677580833435,,
40f,15,15,46,test,Fuzzers,random,random_row,3,300,0.26877549290657043,0.39,0.15536656975746155,0.7255677580833435,,
40f,15,15,46,test,Fuzzers,random,random_row,5,300,0.4142060875892639,0.6066666666666667,0.16395500302314758,0.7255677580833435,,
40f,15,15,46,test,Fuzzers,random,random_row,10,300,0.5507816672325134,0.7933333333333333,0.30308228731155396,0.7255677580833435,,
40f,15,15,46,test,Fuzzers,top_minus_random,median,1,300,0.22792989293734234,,,,0.1946359781771898,0.26199990788350497
40f,15,15,46,test,Fuzzers,top_minus_random,median,3,300,0.26361729760964714,,,,0.23181766787171362,0.2943950839787721
40f,15,15,46,test,Fuzzers,top_minus_random,median,5,300,0.2093561710913976,,,,0.1841249895170331,0.23691243410358825
40f,15,15,46,test,Fuzzers,top_minus_random,median,10,300,0.04320576479037603,,,,0.03517003351698319,0.0521041349992156
40f,15,15,46,test,Fuzzers,top_minus_random,random_row,1,300,0.24120418339967728,,,,0.20538411260644596,0.275233433102568
40f,15,15,46,test,Fuzzers,top_minus_random,random_row,3,300,0.27701002687215803,,,,0.24350323131432136,0.30816542472938696
40f,15,15,46,test,Fuzzers,top_minus_random,random_row,5,300,0.18809469491243364,,,,0.15988479827592772,0.21569105479866266
40f,15,15,46,test,Fuzzers,top_minus_random,random_row,10,300,0.07775559902191162,,,,0.05871727604170641,0.09807761299113434
40f,15,15,46,test,Generic,top,median,1,300,0.4564775228500366,0.21,0.7328128814697266,0.9626332521438599,,
40f,15,15,46,test,Generic,top,median,3,300,0.9093247652053833,1.0,0.9036672115325928,0.9626332521438599,,
40f,15,15,46,test,Generic,top,median,5,300,0.9008118510246277,1.0,0.9329450726509094,0.9626332521438599,,
40f,15,15,46,test,Generic,top,median,10,300,0.9212601780891418,1.0,0.9577125310897827,0.9626332521438599,,
40f,15,15,46,test,Generic,least,median,1,300,0.004992257338017225,0.02,0.013145151548087597,0.9626332521438599,,
40f,15,15,46,test,Generic,least,median,3,300,0.006852774415165186,0.02,0.04372086748480797,0.9626332521438599,,
40f,15,15,46,test,Generic,least,median,5,300,0.011016187258064747,0.016666666666666666,0.04961138218641281,0.9626332521438599,,
40f,15,15,46,test,Generic,least,median,10,300,0.030396843329072,0.05333333333333334,0.061626091599464417,0.9626332521438599,,
40f,15,15,46,test,Generic,random,median,1,300,0.03803336247801781,0.03666666666666667,0.05809649080038071,0.9626332521438599,,
40f,15,15,46,test,Generic,random,median,3,300,0.14020027220249176,0.13,0.18709872663021088,0.9626332521438599,,
40f,15,15,46,test,Generic,random,median,5,300,0.2676554322242737,0.2733333333333333,0.3264080584049225,0.9626332521438599,,
40f,15,15,46,test,Generic,random,median,10,300,0.6311567425727844,0.7,0.6839227676391602,0.9626332521438599,,
40f,15,15,46,test,Generic,top,random_row,1,300,0.42295730113983154,0.26,0.46539559960365295,0.9626332521438599,,
40f,15,15,46,test,Generic,top,random_row,3,300,0.8797637820243835,0.96,0.8809820413589478,0.9626332521438599,,
40f,15,15,46,test,Generic,top,random_row,5,300,0.8821255564689636,0.9633333333333334,0.9086751341819763,0.9626332521438599,,
40f,15,15,46,test,Generic,top,random_row,10,300,0.9137852787971497,0.9633333333333334,0.9527360200881958,0.9626332521438599,,
40f,15,15,46,test,Generic,least,random_row,1,300,0.0033484555315226316,0.013333333333333334,0.05373682081699371,0.9626332521438599,,
40f,15,15,46,test,Generic,least,random_row,3,300,0.0080513721331954,0.02,0.05410823971033096,0.9626332521438599,,
40f,15,15,46,test,Generic,least,random_row,5,300,0.014763218350708485,0.023333333333333334,0.05825814604759216,0.9626332521438599,,
40f,15,15,46,test,Generic,least,random_row,10,300,0.06288816779851913,0.09,0.08807778358459473,0.9626332521438599,,
40f,15,15,46,test,Generic,random,random_row,1,300,0.03408356383442879,0.023333333333333334,0.08000972867012024,0.9626332521438599,,
40f,15,15,46,test,Generic,random,random_row,3,300,0.13688714802265167,0.12666666666666668,0.17194098234176636,0.9626332521438599,,
40f,15,15,46,test,Generic,random,random_row,5,300,0.2592950761318207,0.25,0.2960599362850189,0.9626332521438599,,
40f,15,15,46,test,Generic,random,random_row,10,300,0.6464158296585083,0.7,0.6822952032089233,0.9626332521438599,,
40f,15,15,46,test,Generic,top_minus_random,median,1,300,0.41844416310389837,,,,0.3974754686032732,0.4387467622458935
40f,15,15,46,test,Generic,top_minus_random,median,3,300,0.769124482969443,,,,0.7353889569093783,0.8009427453478177
40f,15,15,46,test,Generic,top_minus_random,median,5,300,0.6331565195322036,,,,0.5930136464089155,0.6737122649624944
40f,15,15,46,test,Generic,top_minus_random,median,10,300,0.2901033769051234,,,,0.24579762058208388,0.3375551541422804
40f,15,15,46,test,Generic,top_minus_random,random_row,1,300,0.38887374023596444,,,,0.36400886402279137,0.4132451936528087
40f,15,15,46,test,Generic,top_minus_random,random_row,3,300,0.7428767095009486,,,,0.7063002778788408,0.7762897183770935
40f,15,15,46,test,Generic,top_minus_random,random_row,5,300,0.6228305128216743,,,,0.582059782328705,0.6642542790845036
40f,15,15,46,test,Generic,top_minus_random,random_row,10,300,0.2673694703976313,,,,0.22852556077639263,0.3121861265823245
40f,15,15,46,test,Normal,top,median,1,300,0.16090169548988342,0.14333333333333334,0.9089343547821045,0.9560345411300659,,
40f,15,15,46,test,Normal,top,median,3,300,0.2242555469274521,0.18333333333333332,0.9077661037445068,0.9560345411300659,,
40f,15,15,46,test,Normal,top,median,5,300,0.3343619406223297,0.29333333333333333,0.9351090788841248,0.9560345411300659,,
40f,15,15,46,test,Normal,top,median,10,300,0.4911663830280304,0.4,0.9425212740898132,0.9560345411300659,,
40f,15,15,46,test,Normal,least,median,1,300,0.007250521797686815,0.013333333333333334,0.846546471118927,0.9560345411300659,,
40f,15,15,46,test,Normal,least,median,3,300,0.014589889906346798,0.016666666666666666,0.753406286239624,0.9560345411300659,,
40f,15,15,46,test,Normal,least,median,5,300,0.02311009354889393,0.03,0.6678206324577332,0.9560345411300659,,
40f,15,15,46,test,Normal,least,median,10,300,0.075171560049057,0.08,0.6725910305976868,0.9560345411300659,,
40f,15,15,46,test,Normal,random,median,1,300,0.022753233090043068,0.03,0.8625565767288208,0.9560345411300659,,
40f,15,15,46,test,Normal,random,median,3,300,0.08019907772541046,0.09,0.784187376499176,0.9560345411300659,,
40f,15,15,46,test,Normal,random,median,5,300,0.131961852312088,0.14,0.7541730999946594,0.9560345411300659,,
40f,15,15,46,test,Normal,random,median,10,300,0.19225870072841644,0.15,0.8140884041786194,0.9560345411300659,,
40f,15,15,46,test,Normal,top,random_row,1,300,0.16595913469791412,0.14666666666666667,0.5934292674064636,0.9560345411300659,,
40f,15,15,46,test,Normal,top,random_row,3,300,0.4455192983150482,0.4866666666666667,0.8194097876548767,0.9560345411300659,,
40f,15,15,46,test,Normal,top,random_row,5,300,0.5980157256126404,0.67,0.8630055785179138,0.9560345411300659,,
40f,15,15,46,test,Normal,top,random_row,10,300,0.5829424262046814,0.6433333333333333,0.9379312992095947,0.9560345411300659,,
40f,15,15,46,test,Normal,least,random_row,1,300,0.012947472743690014,0.02666666666666667,0.4529878795146942,0.9560345411300659,,
40f,15,15,46,test,Normal,least,random_row,3,300,0.021579541265964508,0.03666666666666667,0.4289875328540802,0.9560345411300659,,
40f,15,15,46,test,Normal,least,random_row,5,300,0.03720170632004738,0.05,0.4048415720462799,0.9560345411300659,,
40f,15,15,46,test,Normal,least,random_row,10,300,0.11800272762775421,0.12,0.4029165506362915,0.9560345411300659,,
40f,15,15,46,test,Normal,random,random_row,1,300,0.02636737748980522,0.03666666666666667,0.46612823009490967,0.9560345411300659,,
40f,15,15,46,test,Normal,random,random_row,3,300,0.0894637331366539,0.08666666666666667,0.49431630969047546,0.9560345411300659,,
40f,15,15,46,test,Normal,random,random_row,5,300,0.18524299561977386,0.17333333333333334,0.5605844855308533,0.9560345411300659,,
40f,15,15,46,test,Normal,random,random_row,10,300,0.4023316502571106,0.4066666666666667,0.7921602129936218,0.9560345411300659,,
40f,15,15,46,test,Normal,top_minus_random,median,1,300,0.13814844697713852,,,,0.11271336564670006,0.16620046064505975
40f,15,15,46,test,Normal,top_minus_random,median,3,300,0.14405646940072378,,,,0.11803534264862538,0.1711306913321217
40f,15,15,46,test,Normal,top_minus_random,median,5,300,0.20240010678768158,,,,0.1771862019499143,0.22883916059633094
40f,15,15,46,test,Normal,top_minus_random,median,10,300,0.2989076403776805,,,,0.26507036574929954,0.3365281556372841
40f,15,15,46,test,Normal,top_minus_random,random_row,1,300,0.13959176301956178,,,,0.11546966091046731,0.16895380544910826
40f,15,15,46,test,Normal,top_minus_random,random_row,3,300,0.3560555452108383,,,,0.31568523789445563,0.39331704107423626
40f,15,15,46,test,Normal,top_minus_random,random_row,5,300,0.4127727516492208,,,,0.37099353073289,0.4556230444187919
40f,15,15,46,test,Normal,top_minus_random,random_row,10,300,0.18061080237229665,,,,0.14611282704522213,0.21873476891716323
40f,15,15,46,test,Overlap-Group-1,top,median,1,300,0.32723963260650635,0.66,0.4360555112361908,0.5639287233352661,,
40f,15,15,46,test,Overlap-Group-1,top,median,3,300,0.36430883407592773,0.8966666666666666,0.5263271927833557,0.5639287233352661,,
40f,15,15,46,test,Overlap-Group-1,top,median,5,300,0.44677814841270447,0.9533333333333334,0.5094439387321472,0.5639287233352661,,
40f,15,15,46,test,Overlap-Group-1,top,median,10,300,0.4554806649684906,0.9733333333333334,0.49509114027023315,0.5639287233352661,,
40f,15,15,46,test,Overlap-Group-1,least,median,1,300,0.011025557294487953,0.03,0.1765100061893463,0.5639287233352661,,
40f,15,15,46,test,Overlap-Group-1,least,median,3,300,0.05546290799975395,0.08,0.29340457916259766,0.5639287233352661,,
40f,15,15,46,test,Overlap-Group-1,least,median,5,300,0.05527229979634285,0.14333333333333334,0.24212294816970825,0.5639287233352661,,
40f,15,15,46,test,Overlap-Group-1,least,median,10,300,0.045178137719631195,0.29,0.26071640849113464,0.5639287233352661,,
40f,15,15,46,test,Overlap-Group-1,random,median,1,300,0.03622853010892868,0.10333333333333333,0.12823906540870667,0.5639287233352661,,
40f,15,15,46,test,Overlap-Group-1,random,median,3,300,0.0845319926738739,0.23333333333333334,0.2146829217672348,0.5639287233352661,,
40f,15,15,46,test,Overlap-Group-1,random,median,5,300,0.14854443073272705,0.39666666666666667,0.2839125692844391,0.5639287233352661,,
40f,15,15,46,test,Overlap-Group-1,random,median,10,300,0.2620866000652313,0.6566666666666666,0.3926224410533905,0.5639287233352661,,
40f,15,15,46,test,Overlap-Group-1,top,random_row,1,300,0.2844497263431549,0.71,0.1029743030667305,0.5639287233352661,,
40f,15,15,46,test,Overlap-Group-1,top,random_row,3,300,0.36118531227111816,0.8433333333333334,0.20630957186222076,0.5639287233352661,,
40f,15,15,46,test,Overlap-Group-1,top,random_row,5,300,0.46140792965888977,0.9433333333333334,0.29977673292160034,0.5639287233352661,,
40f,15,15,46,test,Overlap-Group-1,top,random_row,10,300,0.5111714601516724,0.96,0.5080757141113281,0.5639287233352661,,
40f,15,15,46,test,Overlap-Group-1,least,random_row,1,300,0.001385493902489543,0.02,0.06655211001634598,0.5639287233352661,,
40f,15,15,46,test,Overlap-Group-1,least,random_row,3,300,0.060374483466148376,0.08666666666666667,0.0747707262635231,0.5639287233352661,,
40f,15,15,46,test,Overlap-Group-1,least,random_row,5,300,0.08152613043785095,0.17666666666666667,0.0944996178150177,0.5639287233352661,,
40f,15,15,46,test,Overlap-Group-1,least,random_row,10,300,0.2942814528942108,0.6366666666666667,0.1816365122795105,0.5639287233352661,,
40f,15,15,46,test,Overlap-Group-1,random,random_row,1,300,0.07329443097114563,0.20666666666666667,0.07573559880256653,0.5639287233352661,,
40f,15,15,46,test,Overlap-Group-1,random,random_row,3,300,0.17852427065372467,0.4633333333333333,0.10691788047552109,0.5639287233352661,,
40f,15,15,46,test,Overlap-Group-1,random,random_row,5,300,0.2467688024044037,0.5733333333333334,0.15013855695724487,0.5639287233352661,,
40f,15,15,46,test,Overlap-Group-1,random,random_row,10,300,0.4093925356864929,0.8666666666666667,0.30754220485687256,0.5639287233352661,,
40f,15,15,46,test,Overlap-Group-1,top_minus_random,median,1,300,0.29101111441850663,,,,0.26476305388162535,0.31901961857328814
40f,15,15,46,test,Overlap-Group-1,top_minus_random,median,3,300,0.2797768263022105,,,,0.25558902163803576,0.3048130629410346
40f,15,15,46,test,Overlap-Group-1,top_minus_random,median,5,300,0.2982337050636609,,,,0.2694596826533477,0.3249476940706372
40f,15,15,46,test,Overlap-Group-1,top_minus_random,median,10,300,0.1933940678834915,,,,0.16708392735819022,0.21808380596339702
40f,15,15,46,test,Overlap-Group-1,top_minus_random,random_row,1,300,0.21115529527266821,,,,0.18621322929114104,0.23647300764173268
40f,15,15,46,test,Overlap-Group-1,top_minus_random,random_row,3,300,0.18266103267669678,,,,0.15955927931517364,0.2085337840517362
40f,15,15,46,test,Overlap-Group-1,top_minus_random,random_row,5,300,0.21463910053173701,,,,0.18977998467783133,0.2419687425891558
40f,15,15,46,test,Overlap-Group-1,top_minus_random,random_row,10,300,0.10177896211544672,,,,0.0829336799234152,0.12008101041118303
40f,15,15,46,test,Reconnaissance,top,median,1,300,0.24326588213443756,0.17666666666666667,0.027407389134168625,0.8939321041107178,,
40f,15,15,46,test,Reconnaissance,top,median,3,300,0.8231209516525269,0.9933333333333333,0.3969753384590149,0.8939321041107178,,
40f,15,15,46,test,Reconnaissance,top,median,5,300,0.8589778542518616,1.0,0.5673192739486694,0.8939321041107178,,
40f,15,15,46,test,Reconnaissance,top,median,10,300,0.8790297508239746,1.0,0.8183808922767639,0.8939321041107178,,
40f,15,15,46,test,Reconnaissance,least,median,1,300,0.015766791999340057,0.023333333333333334,0.009046479128301144,0.8939321041107178,,
40f,15,15,46,test,Reconnaissance,least,median,3,300,0.06418494880199432,0.11333333333333333,0.01834924705326557,0.8939321041107178,,
40f,15,15,46,test,Reconnaissance,least,median,5,300,0.11856289952993393,0.18666666666666668,0.019368665292859077,0.8939321041107178,,
40f,15,15,46,test,Reconnaissance,least,median,10,300,0.33717718720436096,0.24666666666666667,0.03704404830932617,0.8939321041107178,,
40f,15,15,46,test,Reconnaissance,random,median,1,300,0.0776587426662445,0.1,0.013659670017659664,0.8939321041107178,,
40f,15,15,46,test,Reconnaissance,random,median,3,300,0.25182420015335083,0.25333333333333335,0.04817932844161987,0.8939321041107178,,
40f,15,15,46,test,Reconnaissance,random,median,5,300,0.4391184449195862,0.43333333333333335,0.110809326171875,0.8939321041107178,,
40f,15,15,46,test,Reconnaissance,random,median,10,300,0.7748394012451172,0.92,0.43797576427459717,0.8939321041107178,,
40f,15,15,46,test,Reconnaissance,top,random_row,1,300,0.3113749623298645,0.2833333333333333,0.0922638401389122,0.8939321041107178,,
40f,15,15,46,test,Reconnaissance,top,random_row,3,300,0.7715718746185303,0.9133333333333333,0.2053454965353012,0.8939321041107178,,
40f,15,15,46,test,Reconnaissance,top,random_row,5,300,0.8036559224128723,0.9366666666666666,0.3629969656467438,0.8939321041107178,,
40f,15,15,46,test,Reconnaissance,top,random_row,10,300,0.819110095500946,0.94,0.727226197719574,0.8939321041107178,,
40f,15,15,46,test,Reconnaissance,least,random_row,1,300,0.017159385606646538,0.02666666666666667,0.0851152166724205,0.8939321041107178,,
40f,15,15,46,test,Reconnaissance,least,random_row,3,300,0.0910366103053093,0.14666666666666667,0.07990028709173203,0.8939321041107178,,
40f,15,15,46,test,Reconnaissance,least,random_row,5,300,0.24289990961551666,0.33666666666666667,0.07937178015708923,0.8939321041107178,,
40f,15,15,46,test,Reconnaissance,least,random_row,10,300,0.5450049638748169,0.6233333333333333,0.09503704309463501,0.8939321041107178,,
40f,15,15,46,test,Reconnaissance,random,random_row,1,300,0.10344278812408447,0.12666666666666668,0.08708194643259048,0.8939321041107178,,
40f,15,15,46,test,Reconnaissance,random,random_row,3,300,0.31718021631240845,0.3333333333333333,0.10546626895666122,0.8939321041107178,,
40f,15,15,46,test,Reconnaissance,random,random_row,5,300,0.5147168040275574,0.55,0.13209165632724762,0.8939321041107178,,
40f,15,15,46,test,Reconnaissance,random,random_row,10,300,0.7610318660736084,0.8566666666666667,0.3893180787563324,0.8939321041107178,,
40f,15,15,46,test,Reconnaissance,top_minus_random,median,1,300,0.16560715238253276,,,,0.13762486835320792,0.19094293685505787
40f,15,15,46,test,Reconnaissance,top_minus_random,median,3,300,0.5712968002756437,,,,0.5337905655403932,0.6070102563401063
40f,15,15,46,test,Reconnaissance,top_minus_random,median,5,300,0.4198594250281652,,,,0.38662614473700524,0.4561865465119481
40f,15,15,46,test,Reconnaissance,top_minus_random,median,10,300,0.10419044653574626,,,,0.08593762493381897,0.12297169886777798
40f,15,15,46,test,Reconnaissance,top_minus_random,random_row,1,300,0.20793216427167258,,,,0.17865938556939365,0.2379906506737073
40f,15,15,46,test,Reconnaissance,top_minus_random,random_row,3,300,0.4543916768829028,,,,0.4147716838866472,0.4932862385039528
40f,15,15,46,test,Reconnaissance,top_minus_random,random_row,5,300,0.288939089179039,,,,0.2531575000782808,0.3258879397138953
40f,15,15,46,test,Reconnaissance,top_minus_random,random_row,10,300,0.05807825068632762,,,,0.04214656750361125,0.07569706610093513
40f,15,15,46,test,Unknown,top,median,1,200,0.1708066612482071,0.705,0.2276320606470108,0.4360010027885437,,
40f,15,15,46,test,Unknown,top,median,3,200,0.298316091299057,0.92,0.30796489119529724,0.4360010027885437,,
40f,15,15,46,test,Unknown,top,median,5,200,0.3529878854751587,0.97,0.42395076155662537,0.4360010027885437,,
40f,15,15,46,test,Unknown,top,median,10,200,0.38475513458251953,0.995,0.5391830205917358,0.4360010027885437,,
40f,15,15,46,test,Unknown,least,median,1,200,-0.006476220674812794,0.16,0.1829003095626831,0.4360010027885437,,
40f,15,15,46,test,Unknown,least,median,3,200,0.008294672705233097,0.36,0.19504837691783905,0.4360010027885437,,
40f,15,15,46,test,Unknown,least,median,5,200,0.029309863224625587,0.44,0.19235561788082123,0.4360010027885437,,
40f,15,15,46,test,Unknown,least,median,10,200,0.19629834592342377,0.7,0.2278086096048355,0.4360010027885437,,
40f,15,15,46,test,Unknown,random,median,1,200,0.024856800213456154,0.305,0.18623706698417664,0.4360010027885437,,
40f,15,15,46,test,Unknown,random,median,3,200,0.10900823771953583,0.565,0.1881091296672821,0.4360010027885437,,
40f,15,15,46,test,Unknown,random,median,5,200,0.15198811888694763,0.65,0.21082906424999237,0.4360010027885437,,
40f,15,15,46,test,Unknown,random,median,10,200,0.23027433454990387,0.8,0.2639690637588501,0.4360010027885437,,
40f,15,15,46,test,Unknown,top,random_row,1,200,0.18933461606502533,0.72,0.21655553579330444,0.4360010027885437,,
40f,15,15,46,test,Unknown,top,random_row,3,200,0.2946118414402008,0.895,0.27195224165916443,0.4360010027885437,,
40f,15,15,46,test,Unknown,top,random_row,5,200,0.3199273645877838,0.9,0.3296470642089844,0.4360010027885437,,
40f,15,15,46,test,Unknown,top,random_row,10,200,0.330852746963501,0.905,0.4781842827796936,0.4360010027885437,,
40f,15,15,46,test,Unknown,least,random_row,1,200,0.002358929021283984,0.175,0.19792453944683075,0.4360010027885437,,
40f,15,15,46,test,Unknown,least,random_row,3,200,0.02707933820784092,0.4,0.20345477759838104,0.4360010027885437,,
40f,15,15,46,test,Unknown,least,random_row,5,200,0.06870243698358536,0.505,0.2049868404865265,0.4360010027885437,,
40f,15,15,46,test,Unknown,least,random_row,10,200,0.17876850068569183,0.705,0.19376564025878906,0.4360010027885437,,
40f,15,15,46,test,Unknown,random,random_row,1,200,0.033875204622745514,0.375,0.19813144207000732,0.4360010027885437,,
40f,15,15,46,test,Unknown,random,random_row,3,200,0.10828093439340591,0.545,0.19534969329833984,0.4360010027885437,,
40f,15,15,46,test,Unknown,random,random_row,5,200,0.15097011625766754,0.64,0.20357204973697662,0.4360010027885437,,
40f,15,15,46,test,Unknown,random,random_row,10,200,0.205769881606102,0.77,0.24680016934871674,0.4360010027885437,,
40f,15,15,46,test,Unknown,top_minus_random,median,1,200,0.14594985388219356,,,,0.11688189265690746,0.17790433633141217
40f,15,15,46,test,Unknown,top_minus_random,median,3,200,0.1893078301846981,,,,0.15300713430717588,0.22353034998103974
40f,15,15,46,test,Unknown,top_minus_random,median,5,200,0.20099978931248189,,,,0.16796334178932013,0.2334563845731318
40f,15,15,46,test,Unknown,top_minus_random,median,10,200,0.15448079995810984,,,,0.12010386290401223,0.19031883354112505
40f,15,15,46,test,Unknown,top_minus_random,random_row,1,200,0.15545941866934299,,,,0.12820817062072457,0.18555810485966504
40f,15,15,46,test,Unknown,top_minus_random,random_row,3,200,0.1863309083133936,,,,0.15512966838479042,0.2192795806676149
40f,15,15,46,test,Unknown,top_minus_random,random_row,5,200,0.16895726405084133,,,,0.13596034569479526,0.2018149439562112
40f,15,15,46,test,Unknown,top_minus_random,random_row,10,200,0.12508283801376818,,,,0.08967525913566352,0.15882767883501947
40f,15,15,46,validation,all,top,median,1,1870,0.3245953321456909,0.45240641711229945,0.3947852849960327,0.7842610478401184,,
40f,15,15,46,validation,all,top,median,3,1870,0.5551118850708008,0.8080213903743315,0.5412657856941223,0.7842610478401184,,
40f,15,15,46,validation,all,top,median,5,1870,0.6216882467269897,0.848663101604278,0.635760486125946,0.7842610478401184,,
40f,15,15,46,validation,all,top,median,10,1870,0.6702191233634949,0.8893048128342246,0.7553158402442932,0.7842610478401184,,
40f,15,15,46,validation,all,least,median,1,1870,0.009311794303357601,0.03796791443850268,0.18717840313911438,0.7842610478401184,,
40f,15,15,46,validation,all,least,median,3,1870,0.029130931943655014,0.07807486631016043,0.2040412425994873,0.7842610478401184,,
40f,15,15,46,validation,all,least,median,5,1870,0.055030956864356995,0.1160427807486631,0.17912514507770538,0.7842610478401184,,
40f,15,15,46,validation,all,least,median,10,1870,0.18174363672733307,0.272192513368984,0.21547020971775055,0.7842610478401184,,
40f,15,15,46,validation,all,random,median,1,1870,0.06092316657304764,0.11390374331550802,0.19685009121894836,0.7842610478401184,,
40f,15,15,46,validation,all,random,median,3,1870,0.17658613622188568,0.2631016042780749,0.24251416325569153,0.7842610478401184,,
40f,15,15,46,validation,all,random,median,5,1870,0.287086546421051,0.4122994652406417,0.2974074184894562,0.7842610478401184,,
40f,15,15,46,validation,all,random,median,10,1870,0.4844142198562622,0.6844919786096256,0.49220043420791626,0.7842610478401184,,
40f,15,15,46,validation,all,top,random_row,1,1870,0.26951518654823303,0.3877005347593583,0.2570438086986542,0.7842610478401184,,
40f,15,15,46,validation,all,top,random_row,3,1870,0.5212005972862244,0.7299465240641712,0.4081001877784729,0.7842610478401184,,
40f,15,15,46,validation,all,top,random_row,5,1870,0.5969792008399963,0.8165775401069518,0.4944114685058594,0.7842610478401184,,
40f,15,15,46,validation,all,top,random_row,10,1870,0.6348788142204285,0.8475935828877005,0.7134255766868591,0.7842610478401184,,
40f,15,15,46,validation,all,least,random_row,1,1870,0.010376159101724625,0.041176470588235294,0.1809159517288208,0.7842610478401184,,
40f,15,15,46,validation,all,least,random_row,3,1870,0.04969361796975136,0.10374331550802139,0.18102172017097473,0.7842610478401184,,
40f,15,15,46,validation,all,least,random_row,5,1870,0.10001693665981293,0.17700534759358288,0.1817471981048584,0.7842610478401184,,
40f,15,15,46,validation,all,least,random_row,10,1870,0.3139672577381134,0.46844919786096256,0.2236567735671997,0.7842610478401184,,
40f,15,15,46,validation,all,random,random_row,1,1870,0.06599479913711548,0.12513368983957218,0.19153563678264618,0.7842610478401184,,
40f,15,15,46,validation,all,random,random_row,3,1870,0.1907266080379486,0.2946524064171123,0.22365279495716095,0.7842610478401184,,
40f,15,15,46,validation,all,random,random_row,5,1870,0.3069460391998291,0.4459893048128342,0.2712424695491791,0.7842610478401184,,
40f,15,15,46,validation,all,random,random_row,10,1870,0.5154722332954407,0.7128342245989305,0.4717045724391937,0.7842610478401184,,
40f,15,15,46,validation,all,top_minus_random,median,1,1870,0.26367218099175926,,,,0.2511813441255593,0.27685907384988295
40f,15,15,46,validation,all,top_minus_random,median,3,1870,0.3785257276207368,,,,0.3630921355523368,0.3943498574193308
40f,15,15,46,validation,all,top_minus_random,median,5,1870,0.3346016666707508,,,,0.319808279663165,0.3484650290613984
40f,15,15,46,validation,all,top_minus_random,median,10,1870,0.18580500948078493,,,,0.1737177526871151,0.1973429913858679
40f,15,15,46,validation,all,top_minus_random,random_row,1,1870,0.20352037095609196,,,,0.1916045108539137,0.21582847562683297
40f,15,15,46,validation,all,top_minus_random,random_row,3,1870,0.3304739532544014,,,,0.3144495862620798,0.34584990369126123
40f,15,15,46,validation,all,top_minus_random,random_row,5,1870,0.29003313052303653,,,,0.2749723867508259,0.3056343435107626
40f,15,15,46,validation,all,top_minus_random,random_row,10,1870,0.11940653274722278,,,,0.10855718892665311,0.1302754814675785
40f,15,15,46,validation,Exploits,top,median,1,300,0.4641478359699249,0.5533333333333333,0.33679017424583435,0.848929762840271,,
40f,15,15,46,validation,Exploits,top,median,3,300,0.7476291060447693,0.9366666666666666,0.6311547756195068,0.848929762840271,,
40f,15,15,46,validation,Exploits,top,median,5,300,0.8013695478439331,0.9833333333333333,0.7904027104377747,0.848929762840271,,
40f,15,15,46,validation,Exploits,top,median,10,300,0.8224475383758545,0.9966666666666667,0.8763601779937744,0.848929762840271,,
40f,15,15,46,validation,Exploits,least,median,1,300,-0.007054172921925783,0.0,0.015635864809155464,0.848929762840271,,
40f,15,15,46,validation,Exploits,least,median,3,300,-0.020582707598805428,0.0033333333333333335,0.021687394008040428,0.848929762840271,,
40f,15,15,46,validation,Exploits,least,median,5,300,-0.006602424196898937,0.023333333333333334,0.027613837271928787,0.848929762840271,,
40f,15,15,46,validation,Exploits,least,median,10,300,0.07872647792100906,0.06666666666666667,0.056629765778779984,0.848929762840271,,
40f,15,15,46,validation,Exploits,random,median,1,300,0.08275154232978821,0.09333333333333334,0.07013344764709473,0.848929762840271,,
40f,15,15,46,validation,Exploits,random,median,3,300,0.20522327721118927,0.21333333333333335,0.15617655217647552,0.848929762840271,,
40f,15,15,46,validation,Exploits,random,median,5,300,0.3472541868686676,0.38333333333333336,0.2572394609451294,0.848929762840271,,
40f,15,15,46,validation,Exploits,random,median,10,300,0.6012969017028809,0.6866666666666666,0.5256456732749939,0.848929762840271,,
40f,15,15,46,validation,Exploits,top,random_row,1,300,0.20552648603916168,0.21,0.24941760301589966,0.848929762840271,,
40f,15,15,46,validation,Exploits,top,random_row,3,300,0.4251314401626587,0.44666666666666666,0.41775476932525635,0.848929762840271,,
40f,15,15,46,validation,Exploits,top,random_row,5,300,0.5328187346458435,0.59,0.5316542983055115,0.848929762840271,,
40f,15,15,46,validation,Exploits,top,random_row,10,300,0.6446676850318909,0.75,0.8086965680122375,0.848929762840271,,
40f,15,15,46,validation,Exploits,least,random_row,1,300,0.0008103892323561013,0.006666666666666667,0.18909095227718353,0.848929762840271,,
40f,15,15,46,validation,Exploits,least,random_row,3,300,0.022252345457673073,0.03,0.21158592402935028,0.848929762840271,,
40f,15,15,46,validation,Exploits,least,random_row,5,300,0.06618110835552216,0.08333333333333333,0.22918705642223358,0.848929762840271,,
40f,15,15,46,validation,Exploits,least,random_row,10,300,0.3261832296848297,0.37,0.3346205949783325,0.848929762840271,,
40f,15,15,46,validation,Exploits,random,random_row,1,300,0.05110124498605728,0.043333333333333335,0.20781059563159943,0.848929762840271,,
40f,15,15,46,validation,Exploits,random,random_row,3,300,0.13947118818759918,0.13666666666666666,0.28555411100387573,0.848929762840271,,
40f,15,15,46,validation,Exploits,random,random_row,5,300,0.2509421706199646,0.27666666666666667,0.339725136756897,0.848929762840271,,
40f,15,15,46,validation,Exploits,random,random_row,10,300,0.5079243183135986,0.5833333333333334,0.5806198120117188,0.848929762840271,,
40f,15,15,46,validation,Exploits,top_minus_random,median,1,300,0.3813963327805201,,,,0.34219744195540747,0.42305248130361234
40f,15,15,46,validation,Exploits,top_minus_random,median,3,300,0.5424058191974958,,,,0.503397461257875,0.5834699451625347
40f,15,15,46,validation,Exploits,top_minus_random,median,5,300,0.4541153300801913,,,,0.4143313406233986,0.4926036743198832
40f,15,15,46,validation,Exploits,top_minus_random,median,10,300,0.22115068783362707,,,,0.1871727463155985,0.2562290792266528
40f,15,15,46,validation,Exploits,top_minus_random,random_row,1,300,0.15442525724569955,,,,0.12426628070821365,0.18537819396704433
40f,15,15,46,validation,Exploits,top_minus_random,random_row,3,300,0.2856602559487025,,,,0.24538934545467297,0.32351690553128715
40f,15,15,46,validation,Exploits,top_minus_random,random_row,5,300,0.2818765260775884,,,,0.24406420042862495,0.3188817100375891
40f,15,15,46,validation,Exploits,top_minus_random,random_row,10,300,0.13674337804317474,,,,0.10940418491760891,0.16666295107950768
40f,15,15,46,validation,Fuzzers,top,median,1,300,0.3698270916938782,0.49333333333333335,0.005689333193004131,0.762700080871582,,
40f,15,15,46,validation,Fuzzers,top,median,3,300,0.6014517545700073,0.87,0.0318644754588604,0.762700080871582,,
40f,15,15,46,validation,Fuzzers,top,median,5,300,0.7076126933097839,0.9933333333333333,0.19718486070632935,0.762700080871582,,
40f,15,15,46,validation,Fuzzers,top,median,10,300,0.7548403143882751,1.0,0.6303462982177734,0.762700080871582,,
40f,15,15,46,validation,Fuzzers,least,median,1,300,0.046882957220077515,0.06666666666666667,0.005106072407215834,0.762700080871582,,
40f,15,15,46,validation,Fuzzers,least,median,3,300,0.11075548827648163,0.13333333333333333,0.01120348647236824,0.762700080871582,,
40f,15,15,46,validation,Fuzzers,least,median,5,300,0.21700581908226013,0.22333333333333333,0.017948556691408157,0.762700080871582,,
40f,15,15,46,validation,Fuzzers,least,median,10,300,0.6198222637176514,0.8233333333333334,0.09390238672494888,0.762700080871582,,
40f,15,15,46,validation,Fuzzers,random,median,1,300,0.10894465446472168,0.13333333333333333,0.006203603930771351,0.762700080871582,,
40f,15,15,46,validation,Fuzzers,random,median,3,300,0.3153076171875,0.39,0.023637907579541206,0.762700080871582,,
40f,15,15,46,validation,Fuzzers,random,median,5,300,0.48489806056022644,0.66,0.05173996463418007,0.762700080871582,,
40f,15,15,46,validation,Fuzzers,random,median,10,300,0.6984925270080566,0.9666666666666667,0.23833134770393372,0.762700080871582,,
40f,15,15,46,validation,Fuzzers,top,random_row,1,300,0.3733963966369629,0.49333333333333335,0.1862432360649109,0.762700080871582,,
40f,15,15,46,validation,Fuzzers,top,random_row,3,300,0.5810796022415161,0.79,0.22810429334640503,0.762700080871582,,
40f,15,15,46,validation,Fuzzers,top,random_row,5,300,0.6392303705215454,0.8766666666666667,0.2928740084171295,0.762700080871582,,
40f,15,15,46,validation,Fuzzers,top,random_row,10,300,0.6510424017906189,0.8833333333333333,0.5943541526794434,0.762700080871582,,
40f,15,15,46,validation,Fuzzers,least,random_row,1,300,0.0369781069457531,0.04,0.18500906229019165,0.762700080871582,,
40f,15,15,46,validation,Fuzzers,least,random_row,3,300,0.11524748802185059,0.12,0.171178936958313,0.762700080871582,,
40f,15,15,46,validation,Fuzzers,least,random_row,5,300,0.21733194589614868,0.24333333333333335,0.15714383125305176,0.762700080871582,,
40f,15,15,46,validation,Fuzzers,least,random_row,10,300,0.5064294934272766,0.6933333333333334,0.153010293841362,0.762700080871582,,
40f,15,15,46,validation,Fuzzers,random,random_row,1,300,0.11370473355054855,0.13333333333333333,0.17906998097896576,0.762700080871582,,
40f,15,15,46,validation,Fuzzers,random,random_row,3,300,0.32301774621009827,0.41,0.1588868498802185,0.762700080871582,,
40f,15,15,46,validation,Fuzzers,random,random_row,5,300,0.4595176577568054,0.6,0.17158837616443634,0.762700080871582,,
40f,15,15,46,validation,Fuzzers,random,random_row,10,300,0.594659686088562,0.82,0.28552156686782837,0.762700080871582,,
40f,15,15,46,validation,Fuzzers,top_minus_random,median,1,300,0.2608824395140012,,,,0.22349437181651594,0.2975092008262873
40f,15,15,46,validation,Fuzzers,top_minus_random,median,3,300,0.28614415009816485,,,,0.25348692190398775,0.3175177673846483
40f,15,15,46,validation,Fuzzers,top_minus_random,median,5,300,0.22271469940741856,,,,0.19375873525192341,0.2513794889450073
40f,15,15,46,validation,Fuzzers,top_minus_random,median,10,300,0.0563476949930191,,,,0.045499062046408655,0.06843982011824847
40f,15,15,46,validation,Fuzzers,top_minus_random,random_row,1,300,0.2596916720271111,,,,0.22327991558363042,0.2989110601271192
40f,15,15,46,validation,Fuzzers,top_minus_random,random_row,3,300,0.25806183874607086,,,,0.2257542677720388,0.2901303139378627
40f,15,15,46,validation,Fuzzers,top_minus_random,random_row,5,300,0.17971264819304147,,,,0.1525560867736737,0.20796276163558164
40f,15,15,46,validation,Fuzzers,top_minus_random,random_row,10,300,0.05638268937667211,,,,0.03590900871902704,0.07724594495693843
40f,15,15,46,validation,Generic,top,median,1,170,0.43898341059684753,0.20588235294117646,0.7478044629096985,0.9663915038108826,,
40f,15,15,46,validation,Generic,top,median,3,170,0.9065482020378113,1.0,0.8996741771697998,0.9663915038108826,,
40f,15,15,46,validation,Generic,top,median,5,170,0.8946080207824707,1.0,0.9152349829673767,0.9663915038108826,,
40f,15,15,46,validation,Generic,top,median,10,170,0.9233144521713257,1.0,0.9424042701721191,0.9663915038108826,,
40f,15,15,46,validation,Generic,least,median,1,170,0.007520132698118687,0.023529411764705882,0.013305041007697582,0.9663915038108826,,
40f,15,15,46,validation,Generic,least,median,3,170,0.01335730031132698,0.029411764705882353,0.047668881714344025,0.9663915038108826,,
40f,15,15,46,validation,Generic,least,median,5,170,0.0131450230255723,0.011764705882352941,0.051829393953084946,0.9663915038108826,,
40f,15,15,46,validation,Generic,least,median,10,170,0.05248851329088211,0.1,0.07655301690101624,0.9663915038108826,,
40f,15,15,46,validation,Generic,random,median,1,170,0.027530742809176445,0.011764705882352941,0.04545152932405472,0.9663915038108826,,
40f,15,15,46,validation,Generic,random,median,3,170,0.1281193345785141,0.12352941176470589,0.17844702303409576,0.9663915038108826,,
40f,15,15,46,validation,Generic,random,median,5,170,0.2427658587694168,0.2411764705882353,0.3170804977416992,0.9663915038108826,,
40f,15,15,46,validation,Generic,random,median,10,170,0.6092912554740906,0.6588235294117647,0.6761097311973572,0.9663915038108826,,
40f,15,15,46,validation,Generic,top,random_row,1,170,0.3987327218055725,0.2411764705882353,0.43250441551208496,0.9663915038108826,,
40f,15,15,46,validation,Generic,top,random_row,3,170,0.8871266841888428,0.9705882352941176,0.8794770240783691,0.9663915038108826,,
40f,15,15,46,validation,Generic,top,random_row,5,170,0.8877791166305542,0.9588235294117647,0.9096319079399109,0.9663915038108826,,
40f,15,15,46,validation,Generic,top,random_row,10,170,0.9162086248397827,0.9588235294117647,0.9433184266090393,0.9663915038108826,,
40f,15,15,46,validation,Generic,least,random_row,1,170,0.007683791685849428,0.023529411764705882,0.05080060288310051,0.9663915038108826,,
40f,15,15,46,validation,Generic,least,random_row,3,170,0.011316722258925438,0.023529411764705882,0.05382649973034859,0.9663915038108826,,
40f,15,15,46,validation,Generic,least,random_row,5,170,0.022395748645067215,0.029411764705882353,0.056714124977588654,0.9663915038108826,,
40f,15,15,46,validation,Generic,least,random_row,10,170,0.05736435577273369,0.08235294117647059,0.0850973129272461,0.9663915038108826,,
40f,15,15,46,validation,Generic,random,random_row,1,170,0.02506653591990471,0.011764705882352941,0.08605130016803741,0.9663915038108826,,
40f,15,15,46,validation,Generic,random,random_row,3,170,0.12306714802980423,0.11176470588235295,0.17625053226947784,0.9663915038108826,,
40f,15,15,46,validation,Generic,random,random_row,5,170,0.23507465422153473,0.21176470588235294,0.28879448771476746,0.9663915038108826,,
40f,15,15,46,validation,Generic,random,random_row,10,170,0.6228992342948914,0.6647058823529411,0.6844639778137207,0.9663915038108826,,
40f,15,15,46,validation,Generic,top_minus_random,median,1,170,0.4114527002853506,,,,0.3853310262630968,0.4366116586765822
40f,15,15,46,validation,Generic,top_minus_random,median,3,170,0.7784288728938383,,,,0.7326205611053634,0.819194425532923
40f,15,15,46,validation,Generic,top_minus_random,median,5,170,0.6518421094207203,,,,0.5932695906916086,0.7086097629631267
40f,15,15,46,validation,Generic,top_minus_random,median,10,170,0.31402320616385515,,,,0.24584904131643917,0.3756128339294125
40f,15,15,46,validation,Generic,top_minus_random,random_row,1,170,0.37366619723684646,,,,0.3414224426579826,0.4059836691661793
40f,15,15,46,validation,Generic,top_minus_random,random_row,3,170,0.7640594436841852,,,,0.7102417412750861,0.8119550691150568
40f,15,15,46,validation,Generic,top_minus_random,random_row,5,170,0.6527044951915741,,,,0.5875752064191243,0.710755471889587
40f,15,15,46,validation,Generic,top_minus_random,random_row,10,170,0.293309421749676,,,,0.2314517047606847,0.35138404967592046
40f,15,15,46,validation,Normal,top,median,1,300,0.1220066100358963,0.11,0.9504013061523438,0.9726871848106384,,
40f,15,15,46,validation,Normal,top,median,3,300,0.17561578750610352,0.12666666666666668,0.9412179589271545,0.9726871848106384,,
40f,15,15,46,validation,Normal,top,median,5,300,0.27792713046073914,0.19333333333333333,0.9447643756866455,0.9726871848106384,,
40f,15,15,46,validation,Normal,top,median,10,300,0.46772706508636475,0.32666666666666666,0.9480594992637634,0.9726871848106384,,
40f,15,15,46,validation,Normal,least,median,1,300,0.003405052935704589,0.006666666666666667,0.8532536029815674,0.9726871848106384,,
40f,15,15,46,validation,Normal,least,median,3,300,0.015813512727618217,0.02666666666666667,0.7651210427284241,0.9726871848106384,,
40f,15,15,46,validation,Normal,least,median,5,300,0.023624369874596596,0.03,0.6689493656158447,0.9726871848106384,,
40f,15,15,46,validation,Normal,least,median,10,300,0.045536160469055176,0.03,0.7230257391929626,0.9726871848106384,,
40f,15,15,46,validation,Normal,random,median,1,300,0.01972319930791855,0.023333333333333334,0.8757523894309998,0.9726871848106384,,
40f,15,15,46,validation,Normal,random,median,3,300,0.06126195937395096,0.06666666666666667,0.8181838393211365,0.9726871848106384,,
40f,15,15,46,validation,Normal,random,median,5,300,0.09723608940839767,0.09,0.8089406490325928,0.9726871848106384,,
40f,15,15,46,validation,Normal,random,median,10,300,0.1780575066804886,0.14,0.8772669434547424,0.9726871848106384,,
40f,15,15,46,validation,Normal,top,random_row,1,300,0.12438714504241943,0.11666666666666667,0.5895482301712036,0.9726871848106384,,
40f,15,15,46,validation,Normal,top,random_row,3,300,0.41937530040740967,0.47,0.8061072826385498,0.9726871848106384,,
40f,15,15,46,validation,Normal,top,random_row,5,300,0.5558450818061829,0.6133333333333333,0.8607106804847717,0.9726871848106384,,
40f,15,15,46,validation,Normal,top,random_row,10,300,0.5790577530860901,0.6133333333333333,0.9498092532157898,0.9726871848106384,,
40f,15,15,46,validation,Normal,least,random_row,1,300,0.002190047176554799,0.0033333333333333335,0.4517892003059387,0.9726871848106384,,
40f,15,15,46,validation,Normal,least,random_row,3,300,0.012488427571952343,0.02,0.44066956639289856,0.9726871848106384,,
40f,15,15,46,validation,Normal,least,random_row,5,300,0.02875874750316143,0.03666666666666667,0.41597747802734375,0.9726871848106384,,
40f,15,15,46,validation,Normal,least,random_row,10,300,0.11798527836799622,0.09666666666666666,0.4345528185367584,0.9726871848106384,,
40f,15,15,46,validation,Normal,random,random_row,1,300,0.01987459883093834,0.02,0.4736526906490326,0.9726871848106384,,
40f,15,15,46,validation,Normal,random,random_row,3,300,0.08447449654340744,0.07666666666666666,0.5173507332801819,0.9726871848106384,,
40f,15,15,46,validation,Normal,random,random_row,5,300,0.17045623064041138,0.15666666666666668,0.5938246846199036,0.9726871848106384,,
40f,15,15,46,validation,Normal,random,random_row,10,300,0.40241268277168274,0.4066666666666667,0.8105178475379944,0.9726871848106384,,
40f,15,15,46,validation,Normal,top_minus_random,median,1,300,0.10228340198596318,,,,0.07906426407148441,0.1231664051413536
40f,15,15,46,validation,Normal,top_minus_random,median,3,300,0.11435382088025411,,,,0.08997199037919441,0.1399310447300474
40f,15,15,46,validation,Normal,top_minus_random,median,5,300,0.1806910205880801,,,,0.1561538544272383,0.2060128670061628
40f,15,15,46,validation,Normal,top_minus_random,median,10,300,0.2896695044636726,,,,0.25670938171694674,0.32161105186243855
40f,15,15,46,validation,Normal,top_minus_random,random_row,1,300,0.1045125514268875,,,,0.07986096449444692,0.13032820433129866
40f,15,15,46,validation,Normal,top_minus_random,random_row,3,300,0.33490079512198767,,,,0.2948329552436868,0.3758132722899318
40f,15,15,46,validation,Normal,top_minus_random,random_row,5,300,0.3853888698418935,,,,0.3421453830401103,0.42887949773420886
40f,15,15,46,validation,Normal,top_minus_random,random_row,10,300,0.1766450814406077,,,,0.14136450424045324,0.21208674399803082
40f,15,15,46,validation,Overlap-Group-1,top,median,1,300,0.42852723598480225,0.87,0.5893155336380005,0.5595123171806335,,
40f,15,15,46,validation,Overlap-Group-1,top,median,3,300,0.3689875304698944,0.92,0.6175203919410706,0.5595123171806335,,
40f,15,15,46,validation,Overlap-Group-1,top,median,5,300,0.4689798057079315,0.94,0.5973352789878845,0.5595123171806335,,
40f,15,15,46,validation,Overlap-Group-1,top,median,10,300,0.45758774876594543,1.0,0.5114810466766357,0.5595123171806335,,
40f,15,15,46,validation,Overlap-Group-1,least,median,1,300,0.0015610328409820795,0.0,0.19059143960475922,0.5595123171806335,,
40f,15,15,46,validation,Overlap-Group-1,least,median,3,300,0.04432960972189903,0.03,0.3359854221343994,0.5595123171806335,,
40f,15,15,46,validation,Overlap-Group-1,least,median,5,300,0.01663748174905777,0.03666666666666667,0.26473501324653625,0.5595123171806335,,
40f,15,15,46,validation,Overlap-Group-1,least,median,10,300,-0.04158962517976761,0.15333333333333332,0.27466797828674316,0.5595123171806335,,
40f,15,15,46,validation,Overlap-Group-1,random,median,1,300,0.04344841092824936,0.1,0.14057667553424835,0.5595123171806335,,
40f,15,15,46,validation,Overlap-Group-1,random,median,3,300,0.08683175593614578,0.23666666666666666,0.24585744738578796,0.5595123171806335,,
40f,15,15,46,validation,Overlap-Group-1,random,median,5,300,0.14873813092708588,0.37666666666666665,0.30867040157318115,0.5595123171806335,,
40f,15,15,46,validation,Overlap-Group-1,random,median,10,300,0.23355089128017426,0.6366666666666667,0.3958563208580017,0.5595123171806335,,
40f,15,15,46,validation,Overlap-Group-1,top,random_row,1,300,0.30452874302864075,0.73,0.11172030121088028,0.5595123171806335,,
40f,15,15,46,validation,Overlap-Group-1,top,random_row,3,300,0.33267584443092346,0.8,0.2223924696445465,0.5595123171806335,,
40f,15,15,46,validation,Overlap-Group-1,top,random_row,5,300,0.451233834028244,0.9233333333333333,0.3141224980354309,0.5595123171806335,,
40f,15,15,46,validation,Overlap-Group-1,top,random_row,10,300,0.5015518069267273,0.9366666666666666,0.5175526738166809,0.5595123171806335,,
40f,15,15,46,validation,Overlap-Group-1,least,random_row,1,300,-0.0011870641028508544,0.013333333333333334,0.07726141810417175,0.5595123171806335,,
40f,15,15,46,validation,Overlap-Group-1,least,random_row,3,300,0.059086333960294724,0.08,0.0808074027299881,0.5595123171806335,,
40f,15,15,46,validation,Overlap-Group-1,least,random_row,5,300,0.06015697494149208,0.12333333333333334,0.10959164798259735,0.5595123171806335,,
40f,15,15,46,validation,Overlap-Group-1,least,random_row,10,300,0.2782596945762634,0.6,0.20764465630054474,0.5595123171806335,,
40f,15,15,46,validation,Overlap-Group-1,random,random_row,1,300,0.07035484910011292,0.19333333333333333,0.08409793674945831,0.5595123171806335,,
40f,15,15,46,validation,Overlap-Group-1,random,random_row,3,300,0.15970554947853088,0.4266666666666667,0.11277247220277786,0.5595123171806335,,
40f,15,15,46,validation,Overlap-Group-1,random,random_row,5,300,0.2438904345035553,0.5766666666666667,0.15823285281658173,0.5595123171806335,,
40f,15,15,46,validation,Overlap-Group-1,random,random_row,10,300,0.3994618356227875,0.8333333333333334,0.313668429851532,0.5595123171806335,,
40f,15,15,46,validation,Overlap-Group-1,top_minus_random,median,1,300,0.38507883389790853,,,,0.36058857244004805,0.4075205473974347
40f,15,15,46,validation,Overlap-Group-1,top_minus_random,median,3,300,0.2821557439366976,,,,0.2570031074583531,0.3079992244392633
40f,15,15,46,validation,Overlap-Group-1,top_minus_random,median,5,300,0.3202416390180588,,,,0.2941992474471529,0.3477503898963332
40f,15,15,46,validation,Overlap-Group-1,top_minus_random,median,10,300,0.22403683145840964,,,,0.19869284061094125,0.24783122574537994
40f,15,15,46,validation,Overlap-Group-1,top_minus_random,random_row,1,300,0.23417394111553827,,,,0.20524172724286716,0.25958816103140514
40f,15,15,46,validation,Overlap-Group-1,top_minus_random,random_row,3,300,0.17297029664119085,,,,0.14974151794860763,0.19793296398967503
40f,15,15,46,validation,Overlap-Group-1,top_minus_random,random_row,5,300,0.20734342952569326,,,,0.18451387185355028,0.23295582880328097
40f,15,15,46,validation,Overlap-Group-1,top_minus_random,random_row,10,300,0.10208999107281368,,,,0.0849845398540298,0.12014031833410263
40f,15,15,46,validation,Reconnaissance,top,median,1,300,0.26703736186027527,0.15333333333333332,0.028759250417351723,0.9130482077598572,,
40f,15,15,46,validation,Reconnaissance,top,median,3,300,0.8509456515312195,1.0,0.4345368444919586,0.9130482077598572,,
40f,15,15,46,validation,Reconnaissance,top,median,5,300,0.8811193704605103,1.0,0.6196463108062744,0.9130482077598572,,
40f,15,15,46,validation,Reconnaissance,top,median,10,300,0.9004505276679993,1.0,0.8551473021507263,0.9130482077598572,,
40f,15,15,46,validation,Reconnaissance,least,median,1,300,0.013101400807499886,0.02,0.009068605490028858,0.9130482077598572,,
40f,15,15,46,validation,Reconnaissance,least,median,3,300,0.047986291348934174,0.09,0.016495339572429657,0.9130482077598572,,
40f,15,15,46,validation,Reconnaissance,least,median,5,300,0.09412252902984619,0.15333333333333332,0.017217835411429405,0.9130482077598572,,
40f,15,15,46,validation,Reconnaissance,least,median,10,300,0.30906128883361816,0.15333333333333332,0.034938596189022064,0.9130482077598572,,
40f,15,15,46,validation,Reconnaissance,random,median,1,300,0.07556994259357452,0.07666666666666666,0.016390632838010788,0.9130482077598572,,
40f,15,15,46,validation,Reconnaissance,random,median,3,300,0.276383638381958,0.2633333333333333,0.05078774690628052,0.9130482077598572,,
40f,15,15,46,validation,Reconnaissance,random,median,5,300,0.4730227589607239,0.4766666666666667,0.1157449334859848,0.9130482077598572,,
40f,15,15,46,validation,Reconnaissance,random,median,10,300,0.7931340336799622,0.9166666666666666,0.4581505358219147,0.9130482077598572,,
40f,15,15,46,validation,Reconnaissance,top,random_row,1,300,0.33969277143478394,0.26666666666666666,0.078704334795475,0.9130482077598572,,
40f,15,15,46,validation,Reconnaissance,top,random_row,3,300,0.8123844861984253,0.92,0.20276354253292084,0.9130482077598572,,
40f,15,15,46,validation,Reconnaissance,top,random_row,5,300,0.8384895920753479,0.95,0.34614554047584534,0.9130482077598572,,
40f,15,15,46,validation,Reconnaissance,top,random_row,10,300,0.8543075323104858,0.9566666666666667,0.7349762320518494,0.9130482077598572,,
40f,15,15,46,validation,Reconnaissance,least,random_row,1,300,0.020508689805865288,0.043333333333333335,0.06630677729845047,0.9130482077598572,,
40f,15,15,46,validation,Reconnaissance,least,random_row,3,300,0.08436983078718185,0.13333333333333333,0.0632467269897461,0.9130482077598572,,
40f,15,15,46,validation,Reconnaissance,least,random_row,5,300,0.20959579944610596,0.2833333333333333,0.06031603366136551,0.9130482077598572,,
40f,15,15,46,validation,Reconnaissance,least,random_row,10,300,0.5760242938995361,0.6333333333333333,0.0784662514925003,0.9130482077598572,,
40f,15,15,46,validation,Reconnaissance,random,random_row,1,300,0.09833506494760513,0.11,0.06830527633428574,0.9130482077598572,,
40f,15,15,46,validation,Reconnaissance,random,random_row,3,300,0.33174750208854675,0.3233333333333333,0.08321839570999146,0.9130482077598572,,
40f,15,15,46,validation,Reconnaissance,random,random_row,5,300,0.548919141292572,0.5833333333333334,0.1276356279850006,0.9130482077598572,,
40f,15,15,46,validation,Reconnaissance,random,random_row,10,300,0.8059977889060974,0.8866666666666667,0.38510751724243164,0.9130482077598572,,
40f,15,15,46,validation,Reconnaissance,top_minus_random,median,1,300,0.19146743208169936,,,,0.16290726564327876,0.22008600342522067
40f,15,15,46,validation,Reconnaissance,top_minus_random,median,3,300,0.5745619336764017,,,,0.5395443519726395,0.6157292951171597
40f,15,15,46,validation,Reconnaissance,top_minus_random,median,5,300,0.4080966172615687,,,,0.3715373887444536,0.44523329636206227
40f,15,15,46,validation,Reconnaissance,top_minus_random,median,10,300,0.1073164431254069,,,,0.08998882587005695,0.1259227174197634
40f,15,15,46,validation,Reconnaissance,top_minus_random,random_row,1,300,0.24135769387086234,,,,0.21390984105567137,0.26858808981378873
40f,15,15,46,validation,Reconnaissance,top_minus_random,random_row,3,300,0.4806369572877884,,,,0.44368440574407575,0.5209473688974977
40f,15,15,46,validation,Reconnaissance,top_minus_random,random_row,5,300,0.2895704146226247,,,,0.2540386739174525,0.3274298570752144
40f,15,15,46,validation,Reconnaissance,top_minus_random,random_row,10,300,0.048309772113958996,,,,0.03462732672939698,0.06251985317965349
40f,15,15,46,validation,Unknown,top,median,1,200,0.18451136350631714,0.785,0.18917517364025116,0.4260921776294708,,
40f,15,15,46,validation,Unknown,top,median,3,200,0.3027852773666382,0.925,0.3116697371006012,0.4260921776294708,,
40f,15,15,46,validation,Unknown,top,median,5,200,0.3468552529811859,0.92,0.4424104392528534,0.4260921776294708,,
40f,15,15,46,validation,Unknown,top,median,10,200,0.3771527111530304,0.98,0.5290681719779968,0.4260921776294708,,
40f,15,15,46,validation,Unknown,least,median,1,200,-0.006171241868287325,0.195,0.12832555174827576,0.4260921776294708,,
40f,15,15,46,validation,Unknown,least,median,3,200,-0.03643278405070305,0.28,0.14152811467647552,0.4260921776294708,,
40f,15,15,46,validation,Unknown,least,median,5,200,-0.013815484009683132,0.375,0.13606803119182587,0.4260921776294708,,
40f,15,15,46,validation,Unknown,least,median,10,200,0.1373528391122818,0.62,0.17482955753803253,0.4260921776294708,,
40f,15,15,46,validation,Unknown,random,median,1,200,0.050573915243148804,0.415,0.1383296400308609,0.4260921776294708,,
40f,15,15,46,validation,Unknown,random,median,3,200,0.1246664747595787,0.6,0.17386223375797272,0.4260921776294708,,
40f,15,15,46,validation,Unknown,random,median,5,200,0.15118443965911865,0.67,0.19773782789707184,0.4260921776294708,,
40f,15,15,46,validation,Unknown,random,median,10,200,0.2545773386955261,0.82,0.2845044434070587,0.4260921776294708,,
40f,15,15,46,validation,Unknown,top,random_row,1,200,0.15974660217761993,0.695,0.2122802734375,0.4260921776294708,,
40f,15,15,46,validation,Unknown,top,random_row,3,200,0.2631976902484894,0.86,0.25249770283699036,0.4260921776294708,,
40f,15,15,46,validation,Unknown,top,random_row,5,200,0.3007165193557739,0.89,0.331299364566803,0.4260921776294708,,
40f,15,15,46,validation,Unknown,top,random_row,10,200,0.31139853596687317,0.9,0.46062523126602173,0.4260921776294708,,
40f,15,15,46,validation,Unknown,least,random_row,1,200,0.0015356147196143866,0.205,0.19419746100902557,0.4260921776294708,,
40f,15,15,46,validation,Unknown,least,random_row,3,200,0.014849474653601646,0.375,0.19556781649589539,0.4260921776294708,,
40f,15,15,46,validation,Unknown,least,random_row,5,200,0.04308504983782768,0.475,0.19280503690242767,0.4260921776294708,,
40f,15,15,46,validation,Unknown,least,random_row,10,200,0.17951129376888275,0.72,0.20641620457172394,0.4260921776294708,,
40f,15,15,46,validation,Unknown,random,random_row,1,200,0.0656890794634819,0.41,0.19830989837646484,0.4260921776294708,,
40f,15,15,46,validation,Unknown,random,random_row,3,200,0.12106197327375412,0.6,0.20466704666614532,0.4260921776294708,,
40f,15,15,46,validation,Unknown,random,random_row,5,200,0.15954340994358063,0.7,0.20413193106651306,0.4260921776294708,,
40f,15,15,46,validation,Unknown,random,random_row,10,200,0.2245168536901474,0.805,0.26549023389816284,0.4260921776294708,,
40f,15,15,46,validation,Unknown,top_minus_random,median,1,200,0.1339374366402626,,,,0.106310925019905,0.1597876718826592
40f,15,15,46,validation,Unknown,top_minus_random,median,3,200,0.17811880961060525,,,,0.14894207055680453,0.20841349195688963
40f,15,15,46,validation,Unknown,top_minus_random,median,5,200,0.19567083083093167,,,,0.16260768987983465,0.2300274956226349
40f,15,15,46,validation,Unknown,top_minus_random,median,10,200,0.12257537059485912,,,,0.09284576045162976,0.15694974922761318
40f,15,15,46,validation,Unknown,top_minus_random,random_row,1,200,0.09405752725899219,,,,0.06577466760016978,0.12228682464174927
40f,15,15,46,validation,Unknown,top_minus_random,random_row,3,200,0.14213572017848491,,,,0.11241907274909319,0.1676855347175151
40f,15,15,46,validation,Unknown,top_minus_random,random_row,5,200,0.14117311708629132,,,,0.11145990172028543,0.17157526629790662
40f,15,15,46,validation,Unknown,top_minus_random,random_row,10,200,0.08688170462846756,,,,0.05898571447469294,0.11766806880570947
